learner_pseudonym,attempt_id,action_event_id,action_turn_index,skill,problem,history_before_action,formatted_history,historical_raw_md7_move,baseline_p_generic,baseline_p_probing,baseline_p_focus,baseline_p_telling,baseline_top1,candidate_p_generic,candidate_p_probing,candidate_p_focus,candidate_p_telling,candidate_top1,delta_p_generic,delta_p_probing,delta_p_focus,delta_p_telling,top1_changed,changed_to_telling,changed_away_from_telling,top1_transition,evaluator_category_observational,mastery_before_observational,immediate_delta_mastery_observational
psn_f78c0817d43053e5bd31da20,5413cab2-22c8-4536-a66b-66619d887e84:1,5413cab2-22c8-4536-a66b-66619d887e84:1:action:1,1,Equation Solving Two or Fewer Steps,A rectangle has a length that is 4 cm more than its width. The area of the rectangle is 96 cm². Find the length and width of the rectangle.,[],[No previous conversation],generic,0.8909776210784912,0.06675581634044647,0.030821459367871284,0.01144502218812704,generic,0.7769103050231934,0.13813520967960358,0.06270454078912735,0.022249970585107803,generic,-0.11406731605529785,0.0713793933391571,0.031883081421256065,0.010804948396980762,False,False,False,generic -> generic,correct,0.6416626571109912,0.07868423614657372
psn_f78c0817d43053e5bd31da20,5413cab2-22c8-4536-a66b-66619d887e84:1,5413cab2-22c8-4536-a66b-66619d887e84:1:action:2,2,Equation Solving Two or Fewer Steps,A rectangle has a length that is 4 cm more than its width. The area of the rectangle is 96 cm². Find the length and width of the rectangle.,"[{""text"":""How would you start solving this problem?"",""user"":""teacher""},{""text"":""I would start by letting the width be \\(x\\) cm. Then the length would be \\(x + 4\\) cm. Since the area is 96 cm², I can use the formula length × width = area to form an equation."",""user"":""student""}]","teacher: How would you start solving this problem?
student: I would start by letting the width be \(x\) cm. Then the length would be \(x + 4\) cm. Since the area is 96 cm², I can use the formula length × width = area to form an equation.",probing,0.005811878014355898,0.9807745814323425,0.009098847396671772,0.004314720630645752,probing,0.0001504016836406663,0.9970207810401917,0.0018720837542787194,0.0009567382512614131,probing,-0.005661476330715232,0.01624619960784912,-0.007226763642393053,-0.003357982379384339,False,False,False,probing -> probing,incorrect,0.720346893257565,-0.12250213021842593
psn_f78c0817d43053e5bd31da20,5413cab2-22c8-4536-a66b-66619d887e84:1,5413cab2-22c8-4536-a66b-66619d887e84:1:action:3,3,Equation Solving Two or Fewer Steps,A rectangle has a length that is 4 cm more than its width. The area of the rectangle is 96 cm². Find the length and width of the rectangle.,"[{""text"":""How would you start solving this problem?"",""user"":""teacher""},{""text"":""I would start by letting the width be \\(x\\) cm. Then the length would be \\(x + 4\\) cm. Since the area is 96 cm², I can use the formula length × width = area to form an equation."",""user"":""student""},{""text"":""That's a great start! What equation would you form using those expressions for length and width?"",""user"":""teacher""},{""text"":""I think the equation would be \\(x + 4x = 96\\), because the width is \\(x\\) and the length is \\(x+4\\)."",""user"":""student""}]","teacher: How would you start solving this problem?
student: I would start by letting the width be \(x\) cm. Then the length would be \(x + 4\) cm. Since the area is 96 cm², I can use the formula length × width = area to form an equation.
teacher: That's a great start! What equation would you form using those expressions for length and width?
student: I think the equation would be \(x + 4x = 96\), because the width is \(x\) and the length is \(x+4\).",focus,0.04292262718081474,0.32328200340270996,0.6246809363365173,0.009114398621022701,focus,0.006534061394631863,0.19725094735622406,0.783287763595581,0.012927218340337276,focus,-0.03638856578618288,-0.1260310560464859,0.15860682725906372,0.003812819719314575,False,False,False,focus -> focus,correct,0.597844763039139,0.08985114611370748
psn_f78c0817d43053e5bd31da20,5413cab2-22c8-4536-a66b-66619d887e84:1,5413cab2-22c8-4536-a66b-66619d887e84:1:action:4,4,Equation Solving Two or Fewer Steps,A rectangle has a length that is 4 cm more than its width. The area of the rectangle is 96 cm². Find the length and width of the rectangle.,"[{""text"":""How would you start solving this problem?"",""user"":""teacher""},{""text"":""I would start by letting the width be \\(x\\) cm. Then the length would be \\(x + 4\\) cm. Since the area is 96 cm², I can use the formula length × width = area to form an equation."",""user"":""student""},{""text"":""That's a great start! What equation would you form using those expressions for length and width?"",""user"":""teacher""},{""text"":""I think the equation would be \\(x + 4x = 96\\), because the width is \\(x\\) and the length is \\(x+4\\)."",""user"":""student""},{""text"":""You've correctly defined the width as \\(x\\) and the length as \\(x+4\\). Remember that the area of a rectangle is found by multiplying the length and the width. How would you write that multiplication using your expressions for length and width?"",""user"":""teacher""},{""text"":""I would write it as \\(x(x+4)=96\\), because the width is \\(x\\) and the length is \\(x+4\\)."",""user"":""student""}]","teacher: How would you start solving this problem?
student: I would start by letting the width be \(x\) cm. Then the length would be \(x + 4\) cm. Since the area is 96 cm², I can use the formula length × width = area to form an equation.
teacher: That's a great start! What equation would you form using those expressions for length and width?
student: I think the equation would be \(x + 4x = 96\), because the width is \(x\) and the length is \(x+4\).
teacher: You've correctly defined the width as \(x\) and the length as \(x+4\). Remember that the area of a rectangle is found by multiplying the length and the width. How would you write that multiplication using your expressions for length and width?
student: I would write it as \(x(x+4)=96\), because the width is \(x\) and the length is \(x+4\).",focus,0.14922988414764404,0.21275900304317474,0.6106135845184326,0.02739761210978031,focus,0.17093339562416077,0.09554032236337662,0.6198028326034546,0.11372344195842743,focus,0.021703511476516724,-0.11721868067979813,0.009189248085021973,0.08632582984864712,False,False,False,focus -> focus,unknown,0.6876959091528465,-0.047624630861649364
psn_f78c0817d43053e5bd31da20,5413cab2-22c8-4536-a66b-66619d887e84:1,5413cab2-22c8-4536-a66b-66619d887e84:1:action:5,5,Equation Solving Two or Fewer Steps,A rectangle has a length that is 4 cm more than its width. The area of the rectangle is 96 cm². Find the length and width of the rectangle.,"[{""text"":""How would you start solving this problem?"",""user"":""teacher""},{""text"":""I would start by letting the width be \\(x\\) cm. Then the length would be \\(x + 4\\) cm. Since the area is 96 cm², I can use the formula length × width = area to form an equation."",""user"":""student""},{""text"":""That's a great start! What equation would you form using those expressions for length and width?"",""user"":""teacher""},{""text"":""I think the equation would be \\(x + 4x = 96\\), because the width is \\(x\\) and the length is \\(x+4\\)."",""user"":""student""},{""text"":""You've correctly defined the width as \\(x\\) and the length as \\(x+4\\). Remember that the area of a rectangle is found by multiplying the length and the width. How would you write that multiplication using your expressions for length and width?"",""user"":""teacher""},{""text"":""I would write it as \\(x(x+4)=96\\), because the width is \\(x\\) and the length is \\(x+4\\)."",""user"":""student""},{""text"":""Excellent! Now that you have the equation \\(x(x+4)=96\\), what's the first step to simplify the left side of this equation?"",""user"":""teacher""},{""text"":""i dont know"",""user"":""student""}]","teacher: How would you start solving this problem?
student: I would start by letting the width be \(x\) cm. Then the length would be \(x + 4\) cm. Since the area is 96 cm², I can use the formula length × width = area to form an equation.
teacher: That's a great start! What equation would you form using those expressions for length and width?
student: I think the equation would be \(x + 4x = 96\), because the width is \(x\) and the length is \(x+4\).
teacher: You've correctly defined the width as \(x\) and the length as \(x+4\). Remember that the area of a rectangle is found by multiplying the length and the width. How would you write that multiplication using your expressions for length and width?
student: I would write it as \(x(x+4)=96\), because the width is \(x\) and the length is \(x+4\).
teacher: Excellent! Now that you have the equation \(x(x+4)=96\), what's the first step to simplify the left side of this equation?
student: i dont know",focus,0.25203171372413635,0.27005356550216675,0.44853296875953674,0.029381779953837395,focus,0.15785731375217438,0.13866396248340607,0.6291660666465759,0.07431266456842422,focus,-0.09417439997196198,-0.13138960301876068,0.18063309788703918,0.04493088461458683,False,False,False,focus -> focus,unknown,0.6400712782911971,-0.02644543348638606
psn_f78c0817d43053e5bd31da20,5413cab2-22c8-4536-a66b-66619d887e84:1,5413cab2-22c8-4536-a66b-66619d887e84:1:action:6,6,Equation Solving Two or Fewer Steps,A rectangle has a length that is 4 cm more than its width. The area of the rectangle is 96 cm². Find the length and width of the rectangle.,"[{""text"":""How would you start solving this problem?"",""user"":""teacher""},{""text"":""I would start by letting the width be \\(x\\) cm. Then the length would be \\(x + 4\\) cm. Since the area is 96 cm², I can use the formula length × width = area to form an equation."",""user"":""student""},{""text"":""That's a great start! What equation would you form using those expressions for length and width?"",""user"":""teacher""},{""text"":""I think the equation would be \\(x + 4x = 96\\), because the width is \\(x\\) and the length is \\(x+4\\)."",""user"":""student""},{""text"":""You've correctly defined the width as \\(x\\) and the length as \\(x+4\\). Remember that the area of a rectangle is found by multiplying the length and the width. How would you write that multiplication using your expressions for length and width?"",""user"":""teacher""},{""text"":""I would write it as \\(x(x+4)=96\\), because the width is \\(x\\) and the length is \\(x+4\\)."",""user"":""student""},{""text"":""Excellent! Now that you have the equation \\(x(x+4)=96\\), what's the first step to simplify the left side of this equation?"",""user"":""teacher""},{""text"":""i dont know"",""user"":""student""},{""text"":""To simplify \\(x(x+4)\\), you need to multiply \\(x\\) by each term inside the parentheses. What do you get when you do that?"",""user"":""teacher""},{""text"":""i cannot understand clearly"",""user"":""student""}]","teacher: How would you start solving this problem?
student: I would start by letting the width be \(x\) cm. Then the length would be \(x + 4\) cm. Since the area is 96 cm², I can use the formula length × width = area to form an equation.
teacher: That's a great start! What equation would you form using those expressions for length and width?
student: I think the equation would be \(x + 4x = 96\), because the width is \(x\) and the length is \(x+4\).
teacher: You've correctly defined the width as \(x\) and the length as \(x+4\). Remember that the area of a rectangle is found by multiplying the length and the width. How would you write that multiplication using your expressions for length and width?
student: I would write it as \(x(x+4)=96\), because the width is \(x\) and the length is \(x+4\).
teacher: Excellent! Now that you have the equation \(x(x+4)=96\), what's the first step to simplify the left side of this equation?
student: i dont know
teacher: To simplify \(x(x+4)\), you need to multiply \(x\) by each term inside the parentheses. What do you get when you do that?
student: i cannot understand clearly",focus,0.1934514194726944,0.2741049826145172,0.4933553636074066,0.03908824175596237,focus,0.0876549780368805,0.12487957626581192,0.6905593872070312,0.09690608829259872,focus,-0.1057964414358139,-0.1492254063487053,0.19720402359962463,0.05781784653663635,False,False,False,focus -> focus,incorrect,0.6136258448048111,-0.13840553953494755
psn_f78c0817d43053e5bd31da20,5413cab2-22c8-4536-a66b-66619d887e84:1,5413cab2-22c8-4536-a66b-66619d887e84:1:action:7,7,Equation Solving Two or Fewer Steps,A rectangle has a length that is 4 cm more than its width. The area of the rectangle is 96 cm². Find the length and width of the rectangle.,"[{""text"":""How would you start solving this problem?"",""user"":""teacher""},{""text"":""I would start by letting the width be \\(x\\) cm. Then the length would be \\(x + 4\\) cm. Since the area is 96 cm², I can use the formula length × width = area to form an equation."",""user"":""student""},{""text"":""That's a great start! What equation would you form using those expressions for length and width?"",""user"":""teacher""},{""text"":""I think the equation would be \\(x + 4x = 96\\), because the width is \\(x\\) and the length is \\(x+4\\)."",""user"":""student""},{""text"":""You've correctly defined the width as \\(x\\) and the length as \\(x+4\\). Remember that the area of a rectangle is found by multiplying the length and the width. How would you write that multiplication using your expressions for length and width?"",""user"":""teacher""},{""text"":""I would write it as \\(x(x+4)=96\\), because the width is \\(x\\) and the length is \\(x+4\\)."",""user"":""student""},{""text"":""Excellent! Now that you have the equation \\(x(x+4)=96\\), what's the first step to simplify the left side of this equation?"",""user"":""teacher""},{""text"":""i dont know"",""user"":""student""},{""text"":""To simplify \\(x(x+4)\\), you need to multiply \\(x\\) by each term inside the parentheses. What do you get when you do that?"",""user"":""teacher""},{""text"":""i cannot understand clearly"",""user"":""student""},{""text"":""No problem. Let's break it down. To simplify \\(x(x+4)\\), you need to multiply \\(x\\) by each term inside the parentheses. What do you get when you multiply \\(x\\) by the first term, which is \\(x\\)?"",""user"":""teacher""},{""text"":""2x"",""user"":""student""}]","teacher: How would you start solving this problem?
student: I would start by letting the width be \(x\) cm. Then the length would be \(x + 4\) cm. Since the area is 96 cm², I can use the formula length × width = area to form an equation.
teacher: That's a great start! What equation would you form using those expressions for length and width?
student: I think the equation would be \(x + 4x = 96\), because the width is \(x\) and the length is \(x+4\).
teacher: You've correctly defined the width as \(x\) and the length as \(x+4\). Remember that the area of a rectangle is found by multiplying the length and the width. How would you write that multiplication using your expressions for length and width?
student: I would write it as \(x(x+4)=96\), because the width is \(x\) and the length is \(x+4\).
teacher: Excellent! Now that you have the equation \(x(x+4)=96\), what's the first step to simplify the left side of this equation?
student: i dont know
teacher: To simplify \(x(x+4)\), you need to multiply \(x\) by each term inside the parentheses. What do you get when you do that?
student: i cannot understand clearly
teacher: No problem. Let's break it down. To simplify \(x(x+4)\), you need to multiply \(x\) by each term inside the parentheses. What do you get when you multiply \(x\) by the first term, which is \(x\)?
student: 2x",focus,0.13401998579502106,0.21850146353244781,0.6115864515304565,0.0358920656144619,focus,0.07806653529405594,0.11177830398082733,0.7334436774253845,0.07671156525611877,focus,-0.05595345050096512,-0.10672315955162048,0.12185722589492798,0.040819499641656876,False,False,False,focus -> focus,unknown,0.47522030526986353,-0.042964368035165734
psn_f78c0817d43053e5bd31da20,5413cab2-22c8-4536-a66b-66619d887e84:1,5413cab2-22c8-4536-a66b-66619d887e84:1:action:8,8,Equation Solving Two or Fewer Steps,A rectangle has a length that is 4 cm more than its width. The area of the rectangle is 96 cm². Find the length and width of the rectangle.,"[{""text"":""How would you start solving this problem?"",""user"":""teacher""},{""text"":""I would start by letting the width be \\(x\\) cm. Then the length would be \\(x + 4\\) cm. Since the area is 96 cm², I can use the formula length × width = area to form an equation."",""user"":""student""},{""text"":""That's a great start! What equation would you form using those expressions for length and width?"",""user"":""teacher""},{""text"":""I think the equation would be \\(x + 4x = 96\\), because the width is \\(x\\) and the length is \\(x+4\\)."",""user"":""student""},{""text"":""You've correctly defined the width as \\(x\\) and the length as \\(x+4\\). Remember that the area of a rectangle is found by multiplying the length and the width. How would you write that multiplication using your expressions for length and width?"",""user"":""teacher""},{""text"":""I would write it as \\(x(x+4)=96\\), because the width is \\(x\\) and the length is \\(x+4\\)."",""user"":""student""},{""text"":""Excellent! Now that you have the equation \\(x(x+4)=96\\), what's the first step to simplify the left side of this equation?"",""user"":""teacher""},{""text"":""i dont know"",""user"":""student""},{""text"":""To simplify \\(x(x+4)\\), you need to multiply \\(x\\) by each term inside the parentheses. What do you get when you do that?"",""user"":""teacher""},{""text"":""i cannot understand clearly"",""user"":""student""},{""text"":""No problem. Let's break it down. To simplify \\(x(x+4)\\), you need to multiply \\(x\\) by each term inside the parentheses. What do you get when you multiply \\(x\\) by the first term, which is \\(x\\)?"",""user"":""teacher""},{""text"":""2x"",""user"":""student""},{""text"":""Not quite. When you multiply \\(x\\) by \\(x\\), you are multiplying a variable by itself. What is \\(x \\cdot x\\) usually written as?"",""user"":""teacher""},{""text"":""i really dont know"",""user"":""student""}]","teacher: How would you start solving this problem?
student: I would start by letting the width be \(x\) cm. Then the length would be \(x + 4\) cm. Since the area is 96 cm², I can use the formula length × width = area to form an equation.
teacher: That's a great start! What equation would you form using those expressions for length and width?
student: I think the equation would be \(x + 4x = 96\), because the width is \(x\) and the length is \(x+4\).
teacher: You've correctly defined the width as \(x\) and the length as \(x+4\). Remember that the area of a rectangle is found by multiplying the length and the width. How would you write that multiplication using your expressions for length and width?
student: I would write it as \(x(x+4)=96\), because the width is \(x\) and the length is \(x+4\).
teacher: Excellent! Now that you have the equation \(x(x+4)=96\), what's the first step to simplify the left side of this equation?
student: i dont know
teacher: To simplify \(x(x+4)\), you need to multiply \(x\) by each term inside the parentheses. What do you get when you do that?
student: i cannot understand clearly
teacher: No problem. Let's break it down. To simplify \(x(x+4)\), you need to multiply \(x\) by each term inside the parentheses. What do you get when you multiply \(x\) by the first term, which is \(x\)?
student: 2x
teacher: Not quite. When you multiply \(x\) by \(x\), you are multiplying a variable by itself. What is \(x \cdot x\) usually written as?
student: i really dont know",focus,0.16785591840744019,0.19797390699386597,0.5910537838935852,0.04311641678214073,focus,0.09710809588432312,0.10006000846624374,0.7142614722251892,0.08857043832540512,focus,-0.07074782252311707,-0.09791389852762222,0.123207688331604,0.04545402154326439,False,False,False,focus -> focus,correct,0.4322559372346978,0.09588176360133072
psn_f78c0817d43053e5bd31da20,5413cab2-22c8-4536-a66b-66619d887e84:1,5413cab2-22c8-4536-a66b-66619d887e84:1:action:9,9,Equation Solving Two or Fewer Steps,A rectangle has a length that is 4 cm more than its width. The area of the rectangle is 96 cm². Find the length and width of the rectangle.,"[{""text"":""How would you start solving this problem?"",""user"":""teacher""},{""text"":""I would start by letting the width be \\(x\\) cm. Then the length would be \\(x + 4\\) cm. Since the area is 96 cm², I can use the formula length × width = area to form an equation."",""user"":""student""},{""text"":""That's a great start! What equation would you form using those expressions for length and width?"",""user"":""teacher""},{""text"":""I think the equation would be \\(x + 4x = 96\\), because the width is \\(x\\) and the length is \\(x+4\\)."",""user"":""student""},{""text"":""You've correctly defined the width as \\(x\\) and the length as \\(x+4\\). Remember that the area of a rectangle is found by multiplying the length and the width. How would you write that multiplication using your expressions for length and width?"",""user"":""teacher""},{""text"":""I would write it as \\(x(x+4)=96\\), because the width is \\(x\\) and the length is \\(x+4\\)."",""user"":""student""},{""text"":""Excellent! Now that you have the equation \\(x(x+4)=96\\), what's the first step to simplify the left side of this equation?"",""user"":""teacher""},{""text"":""i dont know"",""user"":""student""},{""text"":""To simplify \\(x(x+4)\\), you need to multiply \\(x\\) by each term inside the parentheses. What do you get when you do that?"",""user"":""teacher""},{""text"":""i cannot understand clearly"",""user"":""student""},{""text"":""No problem. Let's break it down. To simplify \\(x(x+4)\\), you need to multiply \\(x\\) by each term inside the parentheses. What do you get when you multiply \\(x\\) by the first term, which is \\(x\\)?"",""user"":""teacher""},{""text"":""2x"",""user"":""student""},{""text"":""Not quite. When you multiply \\(x\\) by \\(x\\), you are multiplying a variable by itself. What is \\(x \\cdot x\\) usually written as?"",""user"":""teacher""},{""text"":""i really dont know"",""user"":""student""},{""text"":""No problem. When you multiply a variable by itself, like \\(x \\cdot x\\), we write it using an exponent. For example, \\(2 \\cdot 2\\) is \\(2^2\\). How would you write \\(x \\cdot x\\) using an exponent?"",""user"":""teacher""},{""text"":""I think it would be \\(x^2\\)."",""user"":""student""}]","teacher: How would you start solving this problem?
student: I would start by letting the width be \(x\) cm. Then the length would be \(x + 4\) cm. Since the area is 96 cm², I can use the formula length × width = area to form an equation.
teacher: That's a great start! What equation would you form using those expressions for length and width?
student: I think the equation would be \(x + 4x = 96\), because the width is \(x\) and the length is \(x+4\).
teacher: You've correctly defined the width as \(x\) and the length as \(x+4\). Remember that the area of a rectangle is found by multiplying the length and the width. How would you write that multiplication using your expressions for length and width?
student: I would write it as \(x(x+4)=96\), because the width is \(x\) and the length is \(x+4\).
teacher: Excellent! Now that you have the equation \(x(x+4)=96\), what's the first step to simplify the left side of this equation?
student: i dont know
teacher: To simplify \(x(x+4)\), you need to multiply \(x\) by each term inside the parentheses. What do you get when you do that?
student: i cannot understand clearly
teacher: No problem. Let's break it down. To simplify \(x(x+4)\), you need to multiply \(x\) by each term inside the parentheses. What do you get when you multiply \(x\) by the first term, which is \(x\)?
student: 2x
teacher: Not quite. When you multiply \(x\) by \(x\), you are multiplying a variable by itself. What is \(x \cdot x\) usually written as?
student: i really dont know
teacher: No problem. When you multiply a variable by itself, like \(x \cdot x\), we write it using an exponent. For example, \(2 \cdot 2\) is \(2^2\). How would you write \(x \cdot x\) using an exponent?
student: I think it would be \(x^2\).",focus,0.16053849458694458,0.20988085865974426,0.5769899487495422,0.05259069800376892,focus,0.06710345298051834,0.12314017117023468,0.729087769985199,0.0806686282157898,focus,-0.09343504160642624,-0.08674068748950958,0.15209782123565674,0.028077930212020874,False,False,False,focus -> focus,correct,0.5281377008360285,0.09935852058825301
psn_f78c0817d43053e5bd31da20,5413cab2-22c8-4536-a66b-66619d887e84:1,5413cab2-22c8-4536-a66b-66619d887e84:1:action:10,10,Equation Solving Two or Fewer Steps,A rectangle has a length that is 4 cm more than its width. The area of the rectangle is 96 cm². Find the length and width of the rectangle.,"[{""text"":""How would you start solving this problem?"",""user"":""teacher""},{""text"":""I would start by letting the width be \\(x\\) cm. Then the length would be \\(x + 4\\) cm. Since the area is 96 cm², I can use the formula length × width = area to form an equation."",""user"":""student""},{""text"":""That's a great start! What equation would you form using those expressions for length and width?"",""user"":""teacher""},{""text"":""I think the equation would be \\(x + 4x = 96\\), because the width is \\(x\\) and the length is \\(x+4\\)."",""user"":""student""},{""text"":""You've correctly defined the width as \\(x\\) and the length as \\(x+4\\). Remember that the area of a rectangle is found by multiplying the length and the width. How would you write that multiplication using your expressions for length and width?"",""user"":""teacher""},{""text"":""I would write it as \\(x(x+4)=96\\), because the width is \\(x\\) and the length is \\(x+4\\)."",""user"":""student""},{""text"":""Excellent! Now that you have the equation \\(x(x+4)=96\\), what's the first step to simplify the left side of this equation?"",""user"":""teacher""},{""text"":""i dont know"",""user"":""student""},{""text"":""To simplify \\(x(x+4)\\), you need to multiply \\(x\\) by each term inside the parentheses. What do you get when you do that?"",""user"":""teacher""},{""text"":""i cannot understand clearly"",""user"":""student""},{""text"":""No problem. Let's break it down. To simplify \\(x(x+4)\\), you need to multiply \\(x\\) by each term inside the parentheses. What do you get when you multiply \\(x\\) by the first term, which is \\(x\\)?"",""user"":""teacher""},{""text"":""2x"",""user"":""student""},{""text"":""Not quite. When you multiply \\(x\\) by \\(x\\), you are multiplying a variable by itself. What is \\(x \\cdot x\\) usually written as?"",""user"":""teacher""},{""text"":""i really dont know"",""user"":""student""},{""text"":""No problem. When you multiply a variable by itself, like \\(x \\cdot x\\), we write it using an exponent. For example, \\(2 \\cdot 2\\) is \\(2^2\\). How would you write \\(x \\cdot x\\) using an exponent?"",""user"":""teacher""},{""text"":""I think it would be \\(x^2\\)."",""user"":""student""},{""text"":""Exactly! So, you've multiplied \\(x\\) by the first term, \\(x\\), to get \\(x^2\\). Now, what do you get when you multiply \\(x\\) by the second term inside the parentheses, which is \\(4\\)?"",""user"":""teacher""},{""text"":""I get \\(4x\\), because \\(x \\times 4 = 4x\\)."",""user"":""student""}]","teacher: How would you start solving this problem?
student: I would start by letting the width be \(x\) cm. Then the length would be \(x + 4\) cm. Since the area is 96 cm², I can use the formula length × width = area to form an equation.
teacher: That's a great start! What equation would you form using those expressions for length and width?
student: I think the equation would be \(x + 4x = 96\), because the width is \(x\) and the length is \(x+4\).
teacher: You've correctly defined the width as \(x\) and the length as \(x+4\). Remember that the area of a rectangle is found by multiplying the length and the width. How would you write that multiplication using your expressions for length and width?
student: I would write it as \(x(x+4)=96\), because the width is \(x\) and the length is \(x+4\).
teacher: Excellent! Now that you have the equation \(x(x+4)=96\), what's the first step to simplify the left side of this equation?
student: i dont know
teacher: To simplify \(x(x+4)\), you need to multiply \(x\) by each term inside the parentheses. What do you get when you do that?
student: i cannot understand clearly
teacher: No problem. Let's break it down. To simplify \(x(x+4)\), you need to multiply \(x\) by each term inside the parentheses. What do you get when you multiply \(x\) by the first term, which is \(x\)?
student: 2x
teacher: Not quite. When you multiply \(x\) by \(x\), you are multiplying a variable by itself. What is \(x \cdot x\) usually written as?
student: i really dont know
teacher: No problem. When you multiply a variable by itself, like \(x \cdot x\), we write it using an exponent. For example, \(2 \cdot 2\) is \(2^2\). How would you write \(x \cdot x\) using an exponent?
student: I think it would be \(x^2\).
teacher: Exactly! So, you've multiplied \(x\) by the first term, \(x\), to get \(x^2\). Now, what do you get when you multiply \(x\) by the second term inside the parentheses, which is \(4\)?
student: I get \(4x\), because \(x \times 4 = 4x\).",focus,0.2673194408416748,0.09824184328317642,0.43515050411224365,0.19928817451000214,focus,0.15839356184005737,0.12010950595140457,0.39051300287246704,0.3309839069843292,focus,-0.10892587900161743,0.02186766266822815,-0.04463750123977661,0.1316957324743271,False,False,False,focus -> focus,correct,0.6274962214242815,0.07679833901241251
psn_f78c0817d43053e5bd31da20,5413cab2-22c8-4536-a66b-66619d887e84:1,5413cab2-22c8-4536-a66b-66619d887e84:1:action:11,11,Equation Solving Two or Fewer Steps,A rectangle has a length that is 4 cm more than its width. The area of the rectangle is 96 cm². Find the length and width of the rectangle.,"[{""text"":""How would you start solving this problem?"",""user"":""teacher""},{""text"":""I would start by letting the width be \\(x\\) cm. Then the length would be \\(x + 4\\) cm. Since the area is 96 cm², I can use the formula length × width = area to form an equation."",""user"":""student""},{""text"":""That's a great start! What equation would you form using those expressions for length and width?"",""user"":""teacher""},{""text"":""I think the equation would be \\(x + 4x = 96\\), because the width is \\(x\\) and the length is \\(x+4\\)."",""user"":""student""},{""text"":""You've correctly defined the width as \\(x\\) and the length as \\(x+4\\). Remember that the area of a rectangle is found by multiplying the length and the width. How would you write that multiplication using your expressions for length and width?"",""user"":""teacher""},{""text"":""I would write it as \\(x(x+4)=96\\), because the width is \\(x\\) and the length is \\(x+4\\)."",""user"":""student""},{""text"":""Excellent! Now that you have the equation \\(x(x+4)=96\\), what's the first step to simplify the left side of this equation?"",""user"":""teacher""},{""text"":""i dont know"",""user"":""student""},{""text"":""To simplify \\(x(x+4)\\), you need to multiply \\(x\\) by each term inside the parentheses. What do you get when you do that?"",""user"":""teacher""},{""text"":""i cannot understand clearly"",""user"":""student""},{""text"":""No problem. Let's break it down. To simplify \\(x(x+4)\\), you need to multiply \\(x\\) by each term inside the parentheses. What do you get when you multiply \\(x\\) by the first term, which is \\(x\\)?"",""user"":""teacher""},{""text"":""2x"",""user"":""student""},{""text"":""Not quite. When you multiply \\(x\\) by \\(x\\), you are multiplying a variable by itself. What is \\(x \\cdot x\\) usually written as?"",""user"":""teacher""},{""text"":""i really dont know"",""user"":""student""},{""text"":""No problem. When you multiply a variable by itself, like \\(x \\cdot x\\), we write it using an exponent. For example, \\(2 \\cdot 2\\) is \\(2^2\\). How would you write \\(x \\cdot x\\) using an exponent?"",""user"":""teacher""},{""text"":""I think it would be \\(x^2\\)."",""user"":""student""},{""text"":""Exactly! So, you've multiplied \\(x\\) by the first term, \\(x\\), to get \\(x^2\\). Now, what do you get when you multiply \\(x\\) by the second term inside the parentheses, which is \\(4\\)?"",""user"":""teacher""},{""text"":""I get \\(4x\\), because \\(x \\times 4 = 4x\\)."",""user"":""student""},{""text"":""Great! You've found that \\(x \\cdot x = x^2\\) and \\(x \\cdot 4 = 4x\\). Now, how do you combine these two results to show the simplified form of \\(x(x+4)\\)?"",""user"":""teacher""},{""text"":""The simplified form is \\(x^2 + 4x\\)."",""user"":""student""}]","teacher: How would you start solving this problem?
student: I would start by letting the width be \(x\) cm. Then the length would be \(x + 4\) cm. Since the area is 96 cm², I can use the formula length × width = area to form an equation.
teacher: That's a great start! What equation would you form using those expressions for length and width?
student: I think the equation would be \(x + 4x = 96\), because the width is \(x\) and the length is \(x+4\).
teacher: You've correctly defined the width as \(x\) and the length as \(x+4\). Remember that the area of a rectangle is found by multiplying the length and the width. How would you write that multiplication using your expressions for length and width?
student: I would write it as \(x(x+4)=96\), because the width is \(x\) and the length is \(x+4\).
teacher: Excellent! Now that you have the equation \(x(x+4)=96\), what's the first step to simplify the left side of this equation?
student: i dont know
teacher: To simplify \(x(x+4)\), you need to multiply \(x\) by each term inside the parentheses. What do you get when you do that?
student: i cannot understand clearly
teacher: No problem. Let's break it down. To simplify \(x(x+4)\), you need to multiply \(x\) by each term inside the parentheses. What do you get when you multiply \(x\) by the first term, which is \(x\)?
student: 2x
teacher: Not quite. When you multiply \(x\) by \(x\), you are multiplying a variable by itself. What is \(x \cdot x\) usually written as?
student: i really dont know
teacher: No problem. When you multiply a variable by itself, like \(x \cdot x\), we write it using an exponent. For example, \(2 \cdot 2\) is \(2^2\). How would you write \(x \cdot x\) using an exponent?
student: I think it would be \(x^2\).
teacher: Exactly! So, you've multiplied \(x\) by the first term, \(x\), to get \(x^2\). Now, what do you get when you multiply \(x\) by the second term inside the parentheses, which is \(4\)?
student: I get \(4x\), because \(x \times 4 = 4x\).
teacher: Great! You've found that \(x \cdot x = x^2\) and \(x \cdot 4 = 4x\). Now, how do you combine these two results to show the simplified form of \(x(x+4)\)?
student: The simplified form is \(x^2 + 4x\).",focus,0.3491843342781067,0.13934233784675598,0.4017629623413086,0.10971029102802277,focus,0.12273663282394409,0.3364424407482147,0.26838910579681396,0.272431880235672,probing,-0.2264477014541626,0.19710010290145874,-0.13337385654449463,0.16272158920764923,True,False,False,focus -> probing,correct,0.704294560436694,0.06469504064096476
psn_f78c0817d43053e5bd31da20,5413cab2-22c8-4536-a66b-66619d887e84:1,5413cab2-22c8-4536-a66b-66619d887e84:1:action:12,12,Equation Solving Two or Fewer Steps,A rectangle has a length that is 4 cm more than its width. The area of the rectangle is 96 cm². Find the length and width of the rectangle.,"[{""text"":""How would you start solving this problem?"",""user"":""teacher""},{""text"":""I would start by letting the width be \\(x\\) cm. Then the length would be \\(x + 4\\) cm. Since the area is 96 cm², I can use the formula length × width = area to form an equation."",""user"":""student""},{""text"":""That's a great start! What equation would you form using those expressions for length and width?"",""user"":""teacher""},{""text"":""I think the equation would be \\(x + 4x = 96\\), because the width is \\(x\\) and the length is \\(x+4\\)."",""user"":""student""},{""text"":""You've correctly defined the width as \\(x\\) and the length as \\(x+4\\). Remember that the area of a rectangle is found by multiplying the length and the width. How would you write that multiplication using your expressions for length and width?"",""user"":""teacher""},{""text"":""I would write it as \\(x(x+4)=96\\), because the width is \\(x\\) and the length is \\(x+4\\)."",""user"":""student""},{""text"":""Excellent! Now that you have the equation \\(x(x+4)=96\\), what's the first step to simplify the left side of this equation?"",""user"":""teacher""},{""text"":""i dont know"",""user"":""student""},{""text"":""To simplify \\(x(x+4)\\), you need to multiply \\(x\\) by each term inside the parentheses. What do you get when you do that?"",""user"":""teacher""},{""text"":""i cannot understand clearly"",""user"":""student""},{""text"":""No problem. Let's break it down. To simplify \\(x(x+4)\\), you need to multiply \\(x\\) by each term inside the parentheses. What do you get when you multiply \\(x\\) by the first term, which is \\(x\\)?"",""user"":""teacher""},{""text"":""2x"",""user"":""student""},{""text"":""Not quite. When you multiply \\(x\\) by \\(x\\), you are multiplying a variable by itself. What is \\(x \\cdot x\\) usually written as?"",""user"":""teacher""},{""text"":""i really dont know"",""user"":""student""},{""text"":""No problem. When you multiply a variable by itself, like \\(x \\cdot x\\), we write it using an exponent. For example, \\(2 \\cdot 2\\) is \\(2^2\\). How would you write \\(x \\cdot x\\) using an exponent?"",""user"":""teacher""},{""text"":""I think it would be \\(x^2\\)."",""user"":""student""},{""text"":""Exactly! So, you've multiplied \\(x\\) by the first term, \\(x\\), to get \\(x^2\\). Now, what do you get when you multiply \\(x\\) by the second term inside the parentheses, which is \\(4\\)?"",""user"":""teacher""},{""text"":""I get \\(4x\\), because \\(x \\times 4 = 4x\\)."",""user"":""student""},{""text"":""Great! You've found that \\(x \\cdot x = x^2\\) and \\(x \\cdot 4 = 4x\\). Now, how do you combine these two results to show the simplified form of \\(x(x+4)\\)?"",""user"":""teacher""},{""text"":""The simplified form is \\(x^2 + 4x\\)."",""user"":""student""},{""text"":""You've correctly simplified \\(x(x+4)\\) to \\(x^2 + 4x\\). Now, what is the complete equation when you substitute this simplified expression back into \\(x(x+4)=96\\)?"",""user"":""teacher""},{""text"":""The complete equation is \\(x^2 + 4x = 96\\)."",""user"":""student""}]","teacher: How would you start solving this problem?
student: I would start by letting the width be \(x\) cm. Then the length would be \(x + 4\) cm. Since the area is 96 cm², I can use the formula length × width = area to form an equation.
teacher: That's a great start! What equation would you form using those expressions for length and width?
student: I think the equation would be \(x + 4x = 96\), because the width is \(x\) and the length is \(x+4\).
teacher: You've correctly defined the width as \(x\) and the length as \(x+4\). Remember that the area of a rectangle is found by multiplying the length and the width. How would you write that multiplication using your expressions for length and width?
student: I would write it as \(x(x+4)=96\), because the width is \(x\) and the length is \(x+4\).
teacher: Excellent! Now that you have the equation \(x(x+4)=96\), what's the first step to simplify the left side of this equation?
student: i dont know
teacher: To simplify \(x(x+4)\), you need to multiply \(x\) by each term inside the parentheses. What do you get when you do that?
student: i cannot understand clearly
teacher: No problem. Let's break it down. To simplify \(x(x+4)\), you need to multiply \(x\) by each term inside the parentheses. What do you get when you multiply \(x\) by the first term, which is \(x\)?
student: 2x
teacher: Not quite. When you multiply \(x\) by \(x\), you are multiplying a variable by itself. What is \(x \cdot x\) usually written as?
student: i really dont know
teacher: No problem. When you multiply a variable by itself, like \(x \cdot x\), we write it using an exponent. For example, \(2 \cdot 2\) is \(2^2\). How would you write \(x \cdot x\) using an exponent?
student: I think it would be \(x^2\).
teacher: Exactly! So, you've multiplied \(x\) by the first term, \(x\), to get \(x^2\). Now, what do you get when you multiply \(x\) by the second term inside the parentheses, which is \(4\)?
student: I get \(4x\), because \(x \times 4 = 4x\).
teacher: Great! You've found that \(x \cdot x = x^2\) and \(x \cdot 4 = 4x\). Now, how do you combine these two results to show the simplified form of \(x(x+4)\)?
student: The simplified form is \(x^2 + 4x\).
teacher: You've correctly simplified \(x(x+4)\) to \(x^2 + 4x\). Now, what is the complete equation when you substitute this simplified expression back into \(x(x+4)=96\)?
student: The complete equation is \(x^2 + 4x = 96\).",focus,0.22279566526412964,0.11684565246105194,0.5391048192977905,0.12125387042760849,focus,0.18866899609565735,0.18444932997226715,0.3583920896053314,0.2684895098209381,focus,-0.03412666916847229,0.06760367751121521,-0.1807127296924591,0.14723563939332962,False,False,False,focus -> focus,correct,0.7689896010776588,0.05445503652772832
psn_f78c0817d43053e5bd31da20,5413cab2-22c8-4536-a66b-66619d887e84:1,5413cab2-22c8-4536-a66b-66619d887e84:1:action:13,13,Equation Solving Two or Fewer Steps,A rectangle has a length that is 4 cm more than its width. The area of the rectangle is 96 cm². Find the length and width of the rectangle.,"[{""text"":""How would you start solving this problem?"",""user"":""teacher""},{""text"":""I would start by letting the width be \\(x\\) cm. Then the length would be \\(x + 4\\) cm. Since the area is 96 cm², I can use the formula length × width = area to form an equation."",""user"":""student""},{""text"":""That's a great start! What equation would you form using those expressions for length and width?"",""user"":""teacher""},{""text"":""I think the equation would be \\(x + 4x = 96\\), because the width is \\(x\\) and the length is \\(x+4\\)."",""user"":""student""},{""text"":""You've correctly defined the width as \\(x\\) and the length as \\(x+4\\). Remember that the area of a rectangle is found by multiplying the length and the width. How would you write that multiplication using your expressions for length and width?"",""user"":""teacher""},{""text"":""I would write it as \\(x(x+4)=96\\), because the width is \\(x\\) and the length is \\(x+4\\)."",""user"":""student""},{""text"":""Excellent! Now that you have the equation \\(x(x+4)=96\\), what's the first step to simplify the left side of this equation?"",""user"":""teacher""},{""text"":""i dont know"",""user"":""student""},{""text"":""To simplify \\(x(x+4)\\), you need to multiply \\(x\\) by each term inside the parentheses. What do you get when you do that?"",""user"":""teacher""},{""text"":""i cannot understand clearly"",""user"":""student""},{""text"":""No problem. Let's break it down. To simplify \\(x(x+4)\\), you need to multiply \\(x\\) by each term inside the parentheses. What do you get when you multiply \\(x\\) by the first term, which is \\(x\\)?"",""user"":""teacher""},{""text"":""2x"",""user"":""student""},{""text"":""Not quite. When you multiply \\(x\\) by \\(x\\), you are multiplying a variable by itself. What is \\(x \\cdot x\\) usually written as?"",""user"":""teacher""},{""text"":""i really dont know"",""user"":""student""},{""text"":""No problem. When you multiply a variable by itself, like \\(x \\cdot x\\), we write it using an exponent. For example, \\(2 \\cdot 2\\) is \\(2^2\\). How would you write \\(x \\cdot x\\) using an exponent?"",""user"":""teacher""},{""text"":""I think it would be \\(x^2\\)."",""user"":""student""},{""text"":""Exactly! So, you've multiplied \\(x\\) by the first term, \\(x\\), to get \\(x^2\\). Now, what do you get when you multiply \\(x\\) by the second term inside the parentheses, which is \\(4\\)?"",""user"":""teacher""},{""text"":""I get \\(4x\\), because \\(x \\times 4 = 4x\\)."",""user"":""student""},{""text"":""Great! You've found that \\(x \\cdot x = x^2\\) and \\(x \\cdot 4 = 4x\\). Now, how do you combine these two results to show the simplified form of \\(x(x+4)\\)?"",""user"":""teacher""},{""text"":""The simplified form is \\(x^2 + 4x\\)."",""user"":""student""},{""text"":""You've correctly simplified \\(x(x+4)\\) to \\(x^2 + 4x\\). Now, what is the complete equation when you substitute this simplified expression back into \\(x(x+4)=96\\)?"",""user"":""teacher""},{""text"":""The complete equation is \\(x^2 + 4x = 96\\)."",""user"":""student""},{""text"":""You've got the equation \\(x^2 + 4x = 96\\). To solve a quadratic equation, it's usually helpful to set one side of the equation to zero. What would the equation look like if you moved the 96 to the left side?"",""user"":""teacher""},{""text"":""It would be:\n\n$$\nx^2 + 4x - 96 = 0\n$$"",""user"":""student""}]","teacher: How would you start solving this problem?
student: I would start by letting the width be \(x\) cm. Then the length would be \(x + 4\) cm. Since the area is 96 cm², I can use the formula length × width = area to form an equation.
teacher: That's a great start! What equation would you form using those expressions for length and width?
student: I think the equation would be \(x + 4x = 96\), because the width is \(x\) and the length is \(x+4\).
teacher: You've correctly defined the width as \(x\) and the length as \(x+4\). Remember that the area of a rectangle is found by multiplying the length and the width. How would you write that multiplication using your expressions for length and width?
student: I would write it as \(x(x+4)=96\), because the width is \(x\) and the length is \(x+4\).
teacher: Excellent! Now that you have the equation \(x(x+4)=96\), what's the first step to simplify the left side of this equation?
student: i dont know
teacher: To simplify \(x(x+4)\), you need to multiply \(x\) by each term inside the parentheses. What do you get when you do that?
student: i cannot understand clearly
teacher: No problem. Let's break it down. To simplify \(x(x+4)\), you need to multiply \(x\) by each term inside the parentheses. What do you get when you multiply \(x\) by the first term, which is \(x\)?
student: 2x
teacher: Not quite. When you multiply \(x\) by \(x\), you are multiplying a variable by itself. What is \(x \cdot x\) usually written as?
student: i really dont know
teacher: No problem. When you multiply a variable by itself, like \(x \cdot x\), we write it using an exponent. For example, \(2 \cdot 2\) is \(2^2\). How would you write \(x \cdot x\) using an exponent?
student: I think it would be \(x^2\).
teacher: Exactly! So, you've multiplied \(x\) by the first term, \(x\), to get \(x^2\). Now, what do you get when you multiply \(x\) by the second term inside the parentheses, which is \(4\)?
student: I get \(4x\), because \(x \times 4 = 4x\).
teacher: Great! You've found that \(x \cdot x = x^2\) and \(x \cdot 4 = 4x\). Now, how do you combine these two results to show the simplified form of \(x(x+4)\)?
student: The simplified form is \(x^2 + 4x\).
teacher: You've correctly simplified \(x(x+4)\) to \(x^2 + 4x\). Now, what is the complete equation when you substitute this simplified expression back into \(x(x+4)=96\)?
student: The complete equation is \(x^2 + 4x = 96\).
teacher: You've got the equation \(x^2 + 4x = 96\). To solve a quadratic equation, it's usually helpful to set one side of the equation to zero. What would the equation look like if you moved the 96 to the left side?
student: It would be:

$$
x^2 + 4x - 96 = 0
$$",generic,0.5200952291488647,0.08440104871988297,0.2722986340522766,0.12320510298013687,generic,0.5671868920326233,0.046028245240449905,0.2019072324037552,0.18487760424613953,generic,0.047091662883758545,-0.03837280347943306,-0.07039140164852142,0.061672501266002655,False,False,False,generic -> generic,unknown,0.8234446376053871,-0.03877959002929399
psn_f78c0817d43053e5bd31da20,5413cab2-22c8-4536-a66b-66619d887e84:1,5413cab2-22c8-4536-a66b-66619d887e84:1:action:14,14,Equation Solving Two or Fewer Steps,A rectangle has a length that is 4 cm more than its width. The area of the rectangle is 96 cm². Find the length and width of the rectangle.,"[{""text"":""How would you start solving this problem?"",""user"":""teacher""},{""text"":""I would start by letting the width be \\(x\\) cm. Then the length would be \\(x + 4\\) cm. Since the area is 96 cm², I can use the formula length × width = area to form an equation."",""user"":""student""},{""text"":""That's a great start! What equation would you form using those expressions for length and width?"",""user"":""teacher""},{""text"":""I think the equation would be \\(x + 4x = 96\\), because the width is \\(x\\) and the length is \\(x+4\\)."",""user"":""student""},{""text"":""You've correctly defined the width as \\(x\\) and the length as \\(x+4\\). Remember that the area of a rectangle is found by multiplying the length and the width. How would you write that multiplication using your expressions for length and width?"",""user"":""teacher""},{""text"":""I would write it as \\(x(x+4)=96\\), because the width is \\(x\\) and the length is \\(x+4\\)."",""user"":""student""},{""text"":""Excellent! Now that you have the equation \\(x(x+4)=96\\), what's the first step to simplify the left side of this equation?"",""user"":""teacher""},{""text"":""i dont know"",""user"":""student""},{""text"":""To simplify \\(x(x+4)\\), you need to multiply \\(x\\) by each term inside the parentheses. What do you get when you do that?"",""user"":""teacher""},{""text"":""i cannot understand clearly"",""user"":""student""},{""text"":""No problem. Let's break it down. To simplify \\(x(x+4)\\), you need to multiply \\(x\\) by each term inside the parentheses. What do you get when you multiply \\(x\\) by the first term, which is \\(x\\)?"",""user"":""teacher""},{""text"":""2x"",""user"":""student""},{""text"":""Not quite. When you multiply \\(x\\) by \\(x\\), you are multiplying a variable by itself. What is \\(x \\cdot x\\) usually written as?"",""user"":""teacher""},{""text"":""i really dont know"",""user"":""student""},{""text"":""No problem. When you multiply a variable by itself, like \\(x \\cdot x\\), we write it using an exponent. For example, \\(2 \\cdot 2\\) is \\(2^2\\). How would you write \\(x \\cdot x\\) using an exponent?"",""user"":""teacher""},{""text"":""I think it would be \\(x^2\\)."",""user"":""student""},{""text"":""Exactly! So, you've multiplied \\(x\\) by the first term, \\(x\\), to get \\(x^2\\). Now, what do you get when you multiply \\(x\\) by the second term inside the parentheses, which is \\(4\\)?"",""user"":""teacher""},{""text"":""I get \\(4x\\), because \\(x \\times 4 = 4x\\)."",""user"":""student""},{""text"":""Great! You've found that \\(x \\cdot x = x^2\\) and \\(x \\cdot 4 = 4x\\). Now, how do you combine these two results to show the simplified form of \\(x(x+4)\\)?"",""user"":""teacher""},{""text"":""The simplified form is \\(x^2 + 4x\\)."",""user"":""student""},{""text"":""You've correctly simplified \\(x(x+4)\\) to \\(x^2 + 4x\\). Now, what is the complete equation when you substitute this simplified expression back into \\(x(x+4)=96\\)?"",""user"":""teacher""},{""text"":""The complete equation is \\(x^2 + 4x = 96\\)."",""user"":""student""},{""text"":""You've got the equation \\(x^2 + 4x = 96\\). To solve a quadratic equation, it's usually helpful to set one side of the equation to zero. What would the equation look like if you moved the 96 to the left side?"",""user"":""teacher""},{""text"":""It would be:\n\n$$\nx^2 + 4x - 96 = 0\n$$"",""user"":""student""},{""text"":""Now that you have the equation \\(x^2 + 4x - 96 = 0\\), what would be your next step to solve for \\(x\\)?"",""user"":""teacher""},{""text"":""i dont know"",""user"":""student""}]","teacher: How would you start solving this problem?
student: I would start by letting the width be \(x\) cm. Then the length would be \(x + 4\) cm. Since the area is 96 cm², I can use the formula length × width = area to form an equation.
teacher: That's a great start! What equation would you form using those expressions for length and width?
student: I think the equation would be \(x + 4x = 96\), because the width is \(x\) and the length is \(x+4\).
teacher: You've correctly defined the width as \(x\) and the length as \(x+4\). Remember that the area of a rectangle is found by multiplying the length and the width. How would you write that multiplication using your expressions for length and width?
student: I would write it as \(x(x+4)=96\), because the width is \(x\) and the length is \(x+4\).
teacher: Excellent! Now that you have the equation \(x(x+4)=96\), what's the first step to simplify the left side of this equation?
student: i dont know
teacher: To simplify \(x(x+4)\), you need to multiply \(x\) by each term inside the parentheses. What do you get when you do that?
student: i cannot understand clearly
teacher: No problem. Let's break it down. To simplify \(x(x+4)\), you need to multiply \(x\) by each term inside the parentheses. What do you get when you multiply \(x\) by the first term, which is \(x\)?
student: 2x
teacher: Not quite. When you multiply \(x\) by \(x\), you are multiplying a variable by itself. What is \(x \cdot x\) usually written as?
student: i really dont know
teacher: No problem. When you multiply a variable by itself, like \(x \cdot x\), we write it using an exponent. For example, \(2 \cdot 2\) is \(2^2\). How would you write \(x \cdot x\) using an exponent?
student: I think it would be \(x^2\).
teacher: Exactly! So, you've multiplied \(x\) by the first term, \(x\), to get \(x^2\). Now, what do you get when you multiply \(x\) by the second term inside the parentheses, which is \(4\)?
student: I get \(4x\), because \(x \times 4 = 4x\).
teacher: Great! You've found that \(x \cdot x = x^2\) and \(x \cdot 4 = 4x\). Now, how do you combine these two results to show the simplified form of \(x(x+4)\)?
student: The simplified form is \(x^2 + 4x\).
teacher: You've correctly simplified \(x(x+4)\) to \(x^2 + 4x\). Now, what is the complete equation when you substitute this simplified expression back into \(x(x+4)=96\)?
student: The complete equation is \(x^2 + 4x = 96\).
teacher: You've got the equation \(x^2 + 4x = 96\). To solve a quadratic equation, it's usually helpful to set one side of the equation to zero. What would the equation look like if you moved the 96 to the left side?
student: It would be:

$$
x^2 + 4x - 96 = 0
$$
teacher: Now that you have the equation \(x^2 + 4x - 96 = 0\), what would be your next step to solve for \(x\)?
student: i dont know",generic,0.5011601448059082,0.07967556267976761,0.28244251012802124,0.13672174513339996,generic,0.45446473360061646,0.036008164286613464,0.22131632268428802,0.28821083903312683,generic,-0.04669541120529175,-0.043667398393154144,-0.061126187443733215,0.15148909389972687,False,False,False,generic -> generic,unknown,0.7846650475760931,-0.04041929710863523
psn_f78c0817d43053e5bd31da20,5413cab2-22c8-4536-a66b-66619d887e84:1,5413cab2-22c8-4536-a66b-66619d887e84:1:action:15,15,Equation Solving Two or Fewer Steps,A rectangle has a length that is 4 cm more than its width. The area of the rectangle is 96 cm². Find the length and width of the rectangle.,"[{""text"":""How would you start solving this problem?"",""user"":""teacher""},{""text"":""I would start by letting the width be \\(x\\) cm. Then the length would be \\(x + 4\\) cm. Since the area is 96 cm², I can use the formula length × width = area to form an equation."",""user"":""student""},{""text"":""That's a great start! What equation would you form using those expressions for length and width?"",""user"":""teacher""},{""text"":""I think the equation would be \\(x + 4x = 96\\), because the width is \\(x\\) and the length is \\(x+4\\)."",""user"":""student""},{""text"":""You've correctly defined the width as \\(x\\) and the length as \\(x+4\\). Remember that the area of a rectangle is found by multiplying the length and the width. How would you write that multiplication using your expressions for length and width?"",""user"":""teacher""},{""text"":""I would write it as \\(x(x+4)=96\\), because the width is \\(x\\) and the length is \\(x+4\\)."",""user"":""student""},{""text"":""Excellent! Now that you have the equation \\(x(x+4)=96\\), what's the first step to simplify the left side of this equation?"",""user"":""teacher""},{""text"":""i dont know"",""user"":""student""},{""text"":""To simplify \\(x(x+4)\\), you need to multiply \\(x\\) by each term inside the parentheses. What do you get when you do that?"",""user"":""teacher""},{""text"":""i cannot understand clearly"",""user"":""student""},{""text"":""No problem. Let's break it down. To simplify \\(x(x+4)\\), you need to multiply \\(x\\) by each term inside the parentheses. What do you get when you multiply \\(x\\) by the first term, which is \\(x\\)?"",""user"":""teacher""},{""text"":""2x"",""user"":""student""},{""text"":""Not quite. When you multiply \\(x\\) by \\(x\\), you are multiplying a variable by itself. What is \\(x \\cdot x\\) usually written as?"",""user"":""teacher""},{""text"":""i really dont know"",""user"":""student""},{""text"":""No problem. When you multiply a variable by itself, like \\(x \\cdot x\\), we write it using an exponent. For example, \\(2 \\cdot 2\\) is \\(2^2\\). How would you write \\(x \\cdot x\\) using an exponent?"",""user"":""teacher""},{""text"":""I think it would be \\(x^2\\)."",""user"":""student""},{""text"":""Exactly! So, you've multiplied \\(x\\) by the first term, \\(x\\), to get \\(x^2\\). Now, what do you get when you multiply \\(x\\) by the second term inside the parentheses, which is \\(4\\)?"",""user"":""teacher""},{""text"":""I get \\(4x\\), because \\(x \\times 4 = 4x\\)."",""user"":""student""},{""text"":""Great! You've found that \\(x \\cdot x = x^2\\) and \\(x \\cdot 4 = 4x\\). Now, how do you combine these two results to show the simplified form of \\(x(x+4)\\)?"",""user"":""teacher""},{""text"":""The simplified form is \\(x^2 + 4x\\)."",""user"":""student""},{""text"":""You've correctly simplified \\(x(x+4)\\) to \\(x^2 + 4x\\). Now, what is the complete equation when you substitute this simplified expression back into \\(x(x+4)=96\\)?"",""user"":""teacher""},{""text"":""The complete equation is \\(x^2 + 4x = 96\\)."",""user"":""student""},{""text"":""You've got the equation \\(x^2 + 4x = 96\\). To solve a quadratic equation, it's usually helpful to set one side of the equation to zero. What would the equation look like if you moved the 96 to the left side?"",""user"":""teacher""},{""text"":""It would be:\n\n$$\nx^2 + 4x - 96 = 0\n$$"",""user"":""student""},{""text"":""Now that you have the equation \\(x^2 + 4x - 96 = 0\\), what would be your next step to solve for \\(x\\)?"",""user"":""teacher""},{""text"":""i dont know"",""user"":""student""},{""text"":""You have a quadratic equation. What methods do you know for solving equations like this?"",""user"":""teacher""},{""text"":""i dont know about that"",""user"":""student""}]","teacher: How would you start solving this problem?
student: I would start by letting the width be \(x\) cm. Then the length would be \(x + 4\) cm. Since the area is 96 cm², I can use the formula length × width = area to form an equation.
teacher: That's a great start! What equation would you form using those expressions for length and width?
student: I think the equation would be \(x + 4x = 96\), because the width is \(x\) and the length is \(x+4\).
teacher: You've correctly defined the width as \(x\) and the length as \(x+4\). Remember that the area of a rectangle is found by multiplying the length and the width. How would you write that multiplication using your expressions for length and width?
student: I would write it as \(x(x+4)=96\), because the width is \(x\) and the length is \(x+4\).
teacher: Excellent! Now that you have the equation \(x(x+4)=96\), what's the first step to simplify the left side of this equation?
student: i dont know
teacher: To simplify \(x(x+4)\), you need to multiply \(x\) by each term inside the parentheses. What do you get when you do that?
student: i cannot understand clearly
teacher: No problem. Let's break it down. To simplify \(x(x+4)\), you need to multiply \(x\) by each term inside the parentheses. What do you get when you multiply \(x\) by the first term, which is \(x\)?
student: 2x
teacher: Not quite. When you multiply \(x\) by \(x\), you are multiplying a variable by itself. What is \(x \cdot x\) usually written as?
student: i really dont know
teacher: No problem. When you multiply a variable by itself, like \(x \cdot x\), we write it using an exponent. For example, \(2 \cdot 2\) is \(2^2\). How would you write \(x \cdot x\) using an exponent?
student: I think it would be \(x^2\).
teacher: Exactly! So, you've multiplied \(x\) by the first term, \(x\), to get \(x^2\). Now, what do you get when you multiply \(x\) by the second term inside the parentheses, which is \(4\)?
student: I get \(4x\), because \(x \times 4 = 4x\).
teacher: Great! You've found that \(x \cdot x = x^2\) and \(x \cdot 4 = 4x\). Now, how do you combine these two results to show the simplified form of \(x(x+4)\)?
student: The simplified form is \(x^2 + 4x\).
teacher: You've correctly simplified \(x(x+4)\) to \(x^2 + 4x\). Now, what is the complete equation when you substitute this simplified expression back into \(x(x+4)=96\)?
student: The complete equation is \(x^2 + 4x = 96\).
teacher: You've got the equation \(x^2 + 4x = 96\). To solve a quadratic equation, it's usually helpful to set one side of the equation to zero. What would the equation look like if you moved the 96 to the left side?
student: It would be:

$$
x^2 + 4x - 96 = 0
$$
teacher: Now that you have the equation \(x^2 + 4x - 96 = 0\), what would be your next step to solve for \(x\)?
student: i dont know
teacher: You have a quadratic equation. What methods do you know for solving equations like this?
student: i dont know about that",generic,0.5191155076026917,0.06907767802476883,0.2730099558830261,0.13879680633544922,generic,0.40130338072776794,0.036302629858255386,0.22358271479606628,0.3388112187385559,generic,-0.1178121268749237,-0.03277504816651344,-0.04942724108695984,0.2000144124031067,False,False,False,generic -> generic,correct,0.7442457504674579,0.06112563424122075
psn_f78c0817d43053e5bd31da20,8a72eaca-f99f-4226-92d4-f73cc0492a2e:1,8a72eaca-f99f-4226-92d4-f73cc0492a2e:1:action:1,1,Equation Solving Two or Fewer Steps,"A rectangular garden has a length that is 6 meters more than its width. The area of the garden is 72 m².

Find the width and length of the garden.",[],[No previous conversation],generic,0.8857775330543518,0.0690644159913063,0.03329549357295036,0.011862590909004211,generic,0.7202684879302979,0.17005608975887299,0.08154477179050446,0.02813067100942135,generic,-0.16550904512405396,0.10099167376756668,0.04824927821755409,0.016268080100417137,False,False,False,generic -> generic,correct,0.9740457914204136,0.007024604359649134
psn_f78c0817d43053e5bd31da20,8a72eaca-f99f-4226-92d4-f73cc0492a2e:1,8a72eaca-f99f-4226-92d4-f73cc0492a2e:1:action:2,2,Equation Solving Two or Fewer Steps,"A rectangular garden has a length that is 6 meters more than its width. The area of the garden is 72 m².

Find the width and length of the garden.","[{""text"":""How would you start solving this problem?"",""user"":""teacher""},{""text"":""I would let the width be \\(x\\) meters. Then the length would be \\(x+6\\) meters. Since the area is 72 m², I would use the formula length × width = area to make an equation."",""user"":""student""}]","teacher: How would you start solving this problem?
student: I would let the width be \(x\) meters. Then the length would be \(x+6\) meters. Since the area is 72 m², I would use the formula length × width = area to make an equation.",probing,0.0009126695222221315,0.9881311655044556,0.007828125730156898,0.003127973061054945,probing,0.00017747234960552305,0.9843097925186157,0.013238894753158092,0.0022739535197615623,probing,-0.0007351971726166084,-0.0038213729858398438,0.005410769023001194,-0.0008540195412933826,False,False,False,probing -> probing,incorrect,0.9810703957800627,-0.017475511774733055
psn_f78c0817d43053e5bd31da20,8a72eaca-f99f-4226-92d4-f73cc0492a2e:1,8a72eaca-f99f-4226-92d4-f73cc0492a2e:1:action:3,3,Equation Solving Two or Fewer Steps,"A rectangular garden has a length that is 6 meters more than its width. The area of the garden is 72 m².

Find the width and length of the garden.","[{""text"":""How would you start solving this problem?"",""user"":""teacher""},{""text"":""I would let the width be \\(x\\) meters. Then the length would be \\(x+6\\) meters. Since the area is 72 m², I would use the formula length × width = area to make an equation."",""user"":""student""},{""text"":""That's a great plan! What equation would you get when you put your expressions for length and width into the area formula?"",""user"":""teacher""},{""text"":""i dont know"",""user"":""student""}]","teacher: How would you start solving this problem?
student: I would let the width be \(x\) meters. Then the length would be \(x+6\) meters. Since the area is 72 m², I would use the formula length × width = area to make an equation.
teacher: That's a great plan! What equation would you get when you put your expressions for length and width into the area formula?
student: i dont know",probing,0.07284554094076157,0.5400439500808716,0.3822580575942993,0.004852431360632181,probing,0.029651865363121033,0.3324058949947357,0.6329551339149475,0.0049871644005179405,focus,-0.04319367557764053,-0.20763805508613586,0.2506970763206482,0.00013473303988575935,True,False,False,probing -> focus,correct,0.9635948840053297,0.010496846066103127
psn_f78c0817d43053e5bd31da20,8a72eaca-f99f-4226-92d4-f73cc0492a2e:1,8a72eaca-f99f-4226-92d4-f73cc0492a2e:1:action:4,4,Equation Solving Two or Fewer Steps,"A rectangular garden has a length that is 6 meters more than its width. The area of the garden is 72 m².

Find the width and length of the garden.","[{""text"":""How would you start solving this problem?"",""user"":""teacher""},{""text"":""I would let the width be \\(x\\) meters. Then the length would be \\(x+6\\) meters. Since the area is 72 m², I would use the formula length × width = area to make an equation."",""user"":""student""},{""text"":""That's a great plan! What equation would you get when you put your expressions for length and width into the area formula?"",""user"":""teacher""},{""text"":""i dont know"",""user"":""student""},{""text"":""You've correctly identified that length × width = area. Can you try writing out what that looks like when you substitute your expressions for length and width into the formula?"",""user"":""teacher""},{""text"":""The equation would be:\n\n$$\nx(x+6)=72\n$$\n\nbecause the width is \\(x\\) and the length is \\(x+6\\)."",""user"":""student""}]","teacher: How would you start solving this problem?
student: I would let the width be \(x\) meters. Then the length would be \(x+6\) meters. Since the area is 72 m², I would use the formula length × width = area to make an equation.
teacher: That's a great plan! What equation would you get when you put your expressions for length and width into the area formula?
student: i dont know
teacher: You've correctly identified that length × width = area. Can you try writing out what that looks like when you substitute your expressions for length and width into the formula?
student: The equation would be:

$$
x(x+6)=72
$$

because the width is \(x\) and the length is \(x+6\).",focus,0.1109367236495018,0.38944265246391296,0.49048125743865967,0.009139260277152061,focus,0.03061796724796295,0.20893143117427826,0.7498091459274292,0.010641585104167461,focus,-0.08031875640153885,-0.1805112212896347,0.25932788848876953,0.0015023248270154,False,False,False,focus -> focus,correct,0.9740917300714328,0.0060176392857084204
psn_f78c0817d43053e5bd31da20,8a72eaca-f99f-4226-92d4-f73cc0492a2e:1,8a72eaca-f99f-4226-92d4-f73cc0492a2e:1:action:5,5,Equation Solving Two or Fewer Steps,"A rectangular garden has a length that is 6 meters more than its width. The area of the garden is 72 m².

Find the width and length of the garden.","[{""text"":""How would you start solving this problem?"",""user"":""teacher""},{""text"":""I would let the width be \\(x\\) meters. Then the length would be \\(x+6\\) meters. Since the area is 72 m², I would use the formula length × width = area to make an equation."",""user"":""student""},{""text"":""That's a great plan! What equation would you get when you put your expressions for length and width into the area formula?"",""user"":""teacher""},{""text"":""i dont know"",""user"":""student""},{""text"":""You've correctly identified that length × width = area. Can you try writing out what that looks like when you substitute your expressions for length and width into the formula?"",""user"":""teacher""},{""text"":""The equation would be:\n\n$$\nx(x+6)=72\n$$\n\nbecause the width is \\(x\\) and the length is \\(x+6\\)."",""user"":""student""},{""text"":""That's the correct equation! Now, what would be your next step to solve for \\(x\\)? How can you simplify and rearrange this equation?"",""user"":""teacher""},{""text"":""I would expand the left side first:\n\n$$\nx(x+6)=x^2+6x\n$$\n\nSo the equation becomes:\n\n$$\nx^2+6x=72\n$$\n\nThen move 72 to the left side:\n\n$$\nx^2+6x-72=0\n$$\n\nNow I can factor the quadratic to solve for \\(x\\)."",""user"":""student""}]","teacher: How would you start solving this problem?
student: I would let the width be \(x\) meters. Then the length would be \(x+6\) meters. Since the area is 72 m², I would use the formula length × width = area to make an equation.
teacher: That's a great plan! What equation would you get when you put your expressions for length and width into the area formula?
student: i dont know
teacher: You've correctly identified that length × width = area. Can you try writing out what that looks like when you substitute your expressions for length and width into the formula?
student: The equation would be:

$$
x(x+6)=72
$$

because the width is \(x\) and the length is \(x+6\).
teacher: That's the correct equation! Now, what would be your next step to solve for \(x\)? How can you simplify and rearrange this equation?
student: I would expand the left side first:

$$
x(x+6)=x^2+6x
$$

So the equation becomes:

$$
x^2+6x=72
$$

Then move 72 to the left side:

$$
x^2+6x-72=0
$$

Now I can factor the quadratic to solve for \(x\).",generic,0.8358862996101379,0.04025311395525932,0.09445048868656158,0.029409997165203094,generic,0.9340258836746216,0.008434510789811611,0.020008092746138573,0.037531618028879166,generic,0.09813958406448364,-0.03181860316544771,-0.07444239594042301,0.008121620863676071,False,False,False,generic -> generic,unknown,0.9801093693571412,-0.008144814390873889
psn_f78c0817d43053e5bd31da20,8a72eaca-f99f-4226-92d4-f73cc0492a2e:1,8a72eaca-f99f-4226-92d4-f73cc0492a2e:1:action:6,6,Equation Solving Two or Fewer Steps,"A rectangular garden has a length that is 6 meters more than its width. The area of the garden is 72 m².

Find the width and length of the garden.","[{""text"":""How would you start solving this problem?"",""user"":""teacher""},{""text"":""I would let the width be \\(x\\) meters. Then the length would be \\(x+6\\) meters. Since the area is 72 m², I would use the formula length × width = area to make an equation."",""user"":""student""},{""text"":""That's a great plan! What equation would you get when you put your expressions for length and width into the area formula?"",""user"":""teacher""},{""text"":""i dont know"",""user"":""student""},{""text"":""You've correctly identified that length × width = area. Can you try writing out what that looks like when you substitute your expressions for length and width into the formula?"",""user"":""teacher""},{""text"":""The equation would be:\n\n$$\nx(x+6)=72\n$$\n\nbecause the width is \\(x\\) and the length is \\(x+6\\)."",""user"":""student""},{""text"":""That's the correct equation! Now, what would be your next step to solve for \\(x\\)? How can you simplify and rearrange this equation?"",""user"":""teacher""},{""text"":""I would expand the left side first:\n\n$$\nx(x+6)=x^2+6x\n$$\n\nSo the equation becomes:\n\n$$\nx^2+6x=72\n$$\n\nThen move 72 to the left side:\n\n$$\nx^2+6x-72=0\n$$\n\nNow I can factor the quadratic to solve for \\(x\\)."",""user"":""student""},{""text"":""You're ready to factor that quadratic. What's your approach for finding the factors of \\(x^2+6x-72=0\\)?"",""user"":""teacher""},{""text"":""what?"",""user"":""student""}]","teacher: How would you start solving this problem?
student: I would let the width be \(x\) meters. Then the length would be \(x+6\) meters. Since the area is 72 m², I would use the formula length × width = area to make an equation.
teacher: That's a great plan! What equation would you get when you put your expressions for length and width into the area formula?
student: i dont know
teacher: You've correctly identified that length × width = area. Can you try writing out what that looks like when you substitute your expressions for length and width into the formula?
student: The equation would be:

$$
x(x+6)=72
$$

because the width is \(x\) and the length is \(x+6\).
teacher: That's the correct equation! Now, what would be your next step to solve for \(x\)? How can you simplify and rearrange this equation?
student: I would expand the left side first:

$$
x(x+6)=x^2+6x
$$

So the equation becomes:

$$
x^2+6x=72
$$

Then move 72 to the left side:

$$
x^2+6x-72=0
$$

Now I can factor the quadratic to solve for \(x\).
teacher: You're ready to factor that quadratic. What's your approach for finding the factors of \(x^2+6x-72=0\)?
student: what?",generic,0.7558170557022095,0.053647831082344055,0.15618163347244263,0.03435346856713295,generic,0.8989706635475159,0.012346078641712666,0.04050610587000847,0.048177044838666916,generic,0.1431536078453064,-0.04130175244063139,-0.11567552760243416,0.013823576271533966,False,False,False,generic -> generic,unknown,0.9719645549662673,-0.008554521605941057
psn_f78c0817d43053e5bd31da20,8a72eaca-f99f-4226-92d4-f73cc0492a2e:1,8a72eaca-f99f-4226-92d4-f73cc0492a2e:1:action:7,7,Equation Solving Two or Fewer Steps,"A rectangular garden has a length that is 6 meters more than its width. The area of the garden is 72 m².

Find the width and length of the garden.","[{""text"":""How would you start solving this problem?"",""user"":""teacher""},{""text"":""I would let the width be \\(x\\) meters. Then the length would be \\(x+6\\) meters. Since the area is 72 m², I would use the formula length × width = area to make an equation."",""user"":""student""},{""text"":""That's a great plan! What equation would you get when you put your expressions for length and width into the area formula?"",""user"":""teacher""},{""text"":""i dont know"",""user"":""student""},{""text"":""You've correctly identified that length × width = area. Can you try writing out what that looks like when you substitute your expressions for length and width into the formula?"",""user"":""teacher""},{""text"":""The equation would be:\n\n$$\nx(x+6)=72\n$$\n\nbecause the width is \\(x\\) and the length is \\(x+6\\)."",""user"":""student""},{""text"":""That's the correct equation! Now, what would be your next step to solve for \\(x\\)? How can you simplify and rearrange this equation?"",""user"":""teacher""},{""text"":""I would expand the left side first:\n\n$$\nx(x+6)=x^2+6x\n$$\n\nSo the equation becomes:\n\n$$\nx^2+6x=72\n$$\n\nThen move 72 to the left side:\n\n$$\nx^2+6x-72=0\n$$\n\nNow I can factor the quadratic to solve for \\(x\\)."",""user"":""student""},{""text"":""You're ready to factor that quadratic. What's your approach for finding the factors of \\(x^2+6x-72=0\\)?"",""user"":""teacher""},{""text"":""what?"",""user"":""student""},{""text"":""What comes to mind when you think about factoring a quadratic equation like this one?"",""user"":""teacher""},{""text"":""no idea"",""user"":""student""}]","teacher: How would you start solving this problem?
student: I would let the width be \(x\) meters. Then the length would be \(x+6\) meters. Since the area is 72 m², I would use the formula length × width = area to make an equation.
teacher: That's a great plan! What equation would you get when you put your expressions for length and width into the area formula?
student: i dont know
teacher: You've correctly identified that length × width = area. Can you try writing out what that looks like when you substitute your expressions for length and width into the formula?
student: The equation would be:

$$
x(x+6)=72
$$

because the width is \(x\) and the length is \(x+6\).
teacher: That's the correct equation! Now, what would be your next step to solve for \(x\)? How can you simplify and rearrange this equation?
student: I would expand the left side first:

$$
x(x+6)=x^2+6x
$$

So the equation becomes:

$$
x^2+6x=72
$$

Then move 72 to the left side:

$$
x^2+6x-72=0
$$

Now I can factor the quadratic to solve for \(x\).
teacher: You're ready to factor that quadratic. What's your approach for finding the factors of \(x^2+6x-72=0\)?
student: what?
teacher: What comes to mind when you think about factoring a quadratic equation like this one?
student: no idea",generic,0.6910079121589661,0.06680439412593842,0.19871948659420013,0.04346819221973419,generic,0.8720690011978149,0.015269720926880836,0.044840194284915924,0.0678209587931633,generic,0.18106108903884888,-0.05153467319905758,-0.1538792923092842,0.024352766573429108,False,False,False,generic -> generic,unknown,0.9634100333603263,-0.010492437480852046
psn_f78c0817d43053e5bd31da20,8a72eaca-f99f-4226-92d4-f73cc0492a2e:1,8a72eaca-f99f-4226-92d4-f73cc0492a2e:1:action:8,8,Equation Solving Two or Fewer Steps,"A rectangular garden has a length that is 6 meters more than its width. The area of the garden is 72 m².

Find the width and length of the garden.","[{""text"":""How would you start solving this problem?"",""user"":""teacher""},{""text"":""I would let the width be \\(x\\) meters. Then the length would be \\(x+6\\) meters. Since the area is 72 m², I would use the formula length × width = area to make an equation."",""user"":""student""},{""text"":""That's a great plan! What equation would you get when you put your expressions for length and width into the area formula?"",""user"":""teacher""},{""text"":""i dont know"",""user"":""student""},{""text"":""You've correctly identified that length × width = area. Can you try writing out what that looks like when you substitute your expressions for length and width into the formula?"",""user"":""teacher""},{""text"":""The equation would be:\n\n$$\nx(x+6)=72\n$$\n\nbecause the width is \\(x\\) and the length is \\(x+6\\)."",""user"":""student""},{""text"":""That's the correct equation! Now, what would be your next step to solve for \\(x\\)? How can you simplify and rearrange this equation?"",""user"":""teacher""},{""text"":""I would expand the left side first:\n\n$$\nx(x+6)=x^2+6x\n$$\n\nSo the equation becomes:\n\n$$\nx^2+6x=72\n$$\n\nThen move 72 to the left side:\n\n$$\nx^2+6x-72=0\n$$\n\nNow I can factor the quadratic to solve for \\(x\\)."",""user"":""student""},{""text"":""You're ready to factor that quadratic. What's your approach for finding the factors of \\(x^2+6x-72=0\\)?"",""user"":""teacher""},{""text"":""what?"",""user"":""student""},{""text"":""What comes to mind when you think about factoring a quadratic equation like this one?"",""user"":""teacher""},{""text"":""no idea"",""user"":""student""},{""text"":""There are a few ways to factor quadratic equations. Do you recall any of them?"",""user"":""teacher""},{""text"":""no"",""user"":""student""}]","teacher: How would you start solving this problem?
student: I would let the width be \(x\) meters. Then the length would be \(x+6\) meters. Since the area is 72 m², I would use the formula length × width = area to make an equation.
teacher: That's a great plan! What equation would you get when you put your expressions for length and width into the area formula?
student: i dont know
teacher: You've correctly identified that length × width = area. Can you try writing out what that looks like when you substitute your expressions for length and width into the formula?
student: The equation would be:

$$
x(x+6)=72
$$

because the width is \(x\) and the length is \(x+6\).
teacher: That's the correct equation! Now, what would be your next step to solve for \(x\)? How can you simplify and rearrange this equation?
student: I would expand the left side first:

$$
x(x+6)=x^2+6x
$$

So the equation becomes:

$$
x^2+6x=72
$$

Then move 72 to the left side:

$$
x^2+6x-72=0
$$

Now I can factor the quadratic to solve for \(x\).
teacher: You're ready to factor that quadratic. What's your approach for finding the factors of \(x^2+6x-72=0\)?
student: what?
teacher: What comes to mind when you think about factoring a quadratic equation like this one?
student: no idea
teacher: There are a few ways to factor quadratic equations. Do you recall any of them?
student: no",generic,0.6798089742660522,0.06872143596410751,0.20237977802753448,0.04908980429172516,generic,0.8375838994979858,0.017067791894078255,0.06150798872113228,0.08384028822183609,generic,0.1577749252319336,-0.05165364407002926,-0.1408717893064022,0.03475048393011093,False,False,False,generic -> generic,correct,0.9529175958794742,0.012954817150850007
psn_f78c0817d43053e5bd31da20,ecaa67e8-e212-4866-877f-9e2dd4cced40:1,ecaa67e8-e212-4866-877f-9e2dd4cced40:1:action:1,1,Complementary and Supplementary Angles,"Two angles are supplementary. One angle is 18° more than twice the other angle.

Find the measure of both angles.",[],[No previous conversation],generic,0.9758464097976685,0.012219002470374107,0.008107420988380909,0.003827239153906703,generic,0.9696239829063416,0.016158826649188995,0.01024994719773531,0.003967248369008303,generic,-0.006222426891326904,0.003939824178814888,0.0021425262093544006,0.0001400092151015997,False,False,False,generic -> generic,unknown,0.8436223211978062,-0.04790032279014167
psn_f78c0817d43053e5bd31da20,ecaa67e8-e212-4866-877f-9e2dd4cced40:1,ecaa67e8-e212-4866-877f-9e2dd4cced40:1:action:2,2,Complementary and Supplementary Angles,"Two angles are supplementary. One angle is 18° more than twice the other angle.

Find the measure of both angles.","[{""text"":""How would you start solving this problem?"",""user"":""teacher""},{""text"":""i have no idea"",""user"":""student""}]","teacher: How would you start solving this problem?
student: i have no idea",probing,0.0004184059507679194,0.9983406066894531,0.00042328896233811975,0.0008176279370673001,probing,0.00015151077241171151,0.9981510043144226,0.00034351565409451723,0.001353949075564742,probing,-0.0002668951783562079,-0.00018960237503051758,-7.977330824360251e-05,0.000536321138497442,False,False,False,probing -> probing,unknown,0.7957219984076646,-0.05594138530742976
psn_f78c0817d43053e5bd31da20,ecaa67e8-e212-4866-877f-9e2dd4cced40:1,ecaa67e8-e212-4866-877f-9e2dd4cced40:1:action:3,3,Complementary and Supplementary Angles,"Two angles are supplementary. One angle is 18° more than twice the other angle.

Find the measure of both angles.","[{""text"":""How would you start solving this problem?"",""user"":""teacher""},{""text"":""i have no idea"",""user"":""student""},{""text"":""You mentioned you have no idea how to start. Does the term 'supplementary angles' sound familiar to you?"",""user"":""teacher""},{""text"":""no"",""user"":""student""}]","teacher: How would you start solving this problem?
student: i have no idea
teacher: You mentioned you have no idea how to start. Does the term 'supplementary angles' sound familiar to you?
student: no",probing,0.0006578844622708857,0.985862135887146,0.012019087560474873,0.001460957690142095,probing,0.004024630878120661,0.4709407389163971,0.5045996904373169,0.020434968173503876,focus,0.003366746415849775,-0.5149213969707489,0.492580602876842,0.01897401048336178,True,False,False,probing -> focus,partial,0.7397806131002348,0.03998716139038372
psn_f78c0817d43053e5bd31da20,ecaa67e8-e212-4866-877f-9e2dd4cced40:1,ecaa67e8-e212-4866-877f-9e2dd4cced40:1:action:4,4,Complementary and Supplementary Angles,"Two angles are supplementary. One angle is 18° more than twice the other angle.

Find the measure of both angles.","[{""text"":""How would you start solving this problem?"",""user"":""teacher""},{""text"":""i have no idea"",""user"":""student""},{""text"":""You mentioned you have no idea how to start. Does the term 'supplementary angles' sound familiar to you?"",""user"":""teacher""},{""text"":""no"",""user"":""student""},{""text"":""No problem at all. What do you remember about angles in general?"",""user"":""teacher""},{""text"":""I know angles are measured in degrees, and I think a straight line is \\(180^\\circ\\), but I’m not sure how that relates to supplementary angles."",""user"":""student""}]","teacher: How would you start solving this problem?
student: i have no idea
teacher: You mentioned you have no idea how to start. Does the term 'supplementary angles' sound familiar to you?
student: no
teacher: No problem at all. What do you remember about angles in general?
student: I know angles are measured in degrees, and I think a straight line is \(180^\circ\), but I’m not sure how that relates to supplementary angles.",probing,0.004993163514882326,0.7645746469497681,0.2172098159790039,0.013222374022006989,probing,0.0022161193192005157,0.5920034050941467,0.37440037727355957,0.03138020634651184,probing,-0.0027770441956818104,-0.17257124185562134,0.15719056129455566,0.018157832324504852,False,False,False,probing -> probing,correct,0.7797677744906185,0.08902783473080111
psn_f78c0817d43053e5bd31da20,ecaa67e8-e212-4866-877f-9e2dd4cced40:1,ecaa67e8-e212-4866-877f-9e2dd4cced40:1:action:5,5,Complementary and Supplementary Angles,"Two angles are supplementary. One angle is 18° more than twice the other angle.

Find the measure of both angles.","[{""text"":""How would you start solving this problem?"",""user"":""teacher""},{""text"":""i have no idea"",""user"":""student""},{""text"":""You mentioned you have no idea how to start. Does the term 'supplementary angles' sound familiar to you?"",""user"":""teacher""},{""text"":""no"",""user"":""student""},{""text"":""No problem at all. What do you remember about angles in general?"",""user"":""teacher""},{""text"":""I know angles are measured in degrees, and I think a straight line is \\(180^\\circ\\), but I’m not sure how that relates to supplementary angles."",""user"":""student""},{""text"":""You're right that a straight line is 180 degrees. How might two angles relate to that 180 degrees?"",""user"":""teacher""},{""text"":""Maybe the two angles add up to \\(180^\\circ\\), like they could form a straight line together."",""user"":""student""}]","teacher: How would you start solving this problem?
student: i have no idea
teacher: You mentioned you have no idea how to start. Does the term 'supplementary angles' sound familiar to you?
student: no
teacher: No problem at all. What do you remember about angles in general?
student: I know angles are measured in degrees, and I think a straight line is \(180^\circ\), but I’m not sure how that relates to supplementary angles.
teacher: You're right that a straight line is 180 degrees. How might two angles relate to that 180 degrees?
student: Maybe the two angles add up to \(180^\circ\), like they could form a straight line together.",probing,0.011946828104555607,0.6231085062026978,0.3327072858810425,0.03223738446831703,probing,0.0047117359936237335,0.5857920050621033,0.3398211896419525,0.06967505067586899,probing,-0.007235092110931873,-0.03731650114059448,0.007113903760910034,0.037437666207551956,False,False,False,probing -> probing,incorrect,0.8687956092214196,-0.13976188360302422
psn_f78c0817d43053e5bd31da20,ecaa67e8-e212-4866-877f-9e2dd4cced40:1,ecaa67e8-e212-4866-877f-9e2dd4cced40:1:action:6,6,Complementary and Supplementary Angles,"Two angles are supplementary. One angle is 18° more than twice the other angle.

Find the measure of both angles.","[{""text"":""How would you start solving this problem?"",""user"":""teacher""},{""text"":""i have no idea"",""user"":""student""},{""text"":""You mentioned you have no idea how to start. Does the term 'supplementary angles' sound familiar to you?"",""user"":""teacher""},{""text"":""no"",""user"":""student""},{""text"":""No problem at all. What do you remember about angles in general?"",""user"":""teacher""},{""text"":""I know angles are measured in degrees, and I think a straight line is \\(180^\\circ\\), but I’m not sure how that relates to supplementary angles."",""user"":""student""},{""text"":""You're right that a straight line is 180 degrees. How might two angles relate to that 180 degrees?"",""user"":""teacher""},{""text"":""Maybe the two angles add up to \\(180^\\circ\\), like they could form a straight line together."",""user"":""student""},{""text"":""That's a great observation! Based on what you just said, how would you define 'supplementary angles'?"",""user"":""teacher""},{""text"":""i dont konw what supplementary angles means"",""user"":""student""}]","teacher: How would you start solving this problem?
student: i have no idea
teacher: You mentioned you have no idea how to start. Does the term 'supplementary angles' sound familiar to you?
student: no
teacher: No problem at all. What do you remember about angles in general?
student: I know angles are measured in degrees, and I think a straight line is \(180^\circ\), but I’m not sure how that relates to supplementary angles.
teacher: You're right that a straight line is 180 degrees. How might two angles relate to that 180 degrees?
student: Maybe the two angles add up to \(180^\circ\), like they could form a straight line together.
teacher: That's a great observation! Based on what you just said, how would you define 'supplementary angles'?
student: i dont konw what supplementary angles means",probing,0.00849946029484272,0.8651168346405029,0.11824420094490051,0.008139523677527905,probing,0.005437916610389948,0.8423976898193359,0.13992509245872498,0.01223929226398468,probing,-0.003061543684452772,-0.022719144821166992,0.021680891513824463,0.004099768586456776,False,False,False,probing -> probing,unknown,0.7290337256183954,-0.05028393295507971
psn_f78c0817d43053e5bd31da20,ecaa67e8-e212-4866-877f-9e2dd4cced40:1,ecaa67e8-e212-4866-877f-9e2dd4cced40:1:action:7,7,Complementary and Supplementary Angles,"Two angles are supplementary. One angle is 18° more than twice the other angle.

Find the measure of both angles.","[{""text"":""How would you start solving this problem?"",""user"":""teacher""},{""text"":""i have no idea"",""user"":""student""},{""text"":""You mentioned you have no idea how to start. Does the term 'supplementary angles' sound familiar to you?"",""user"":""teacher""},{""text"":""no"",""user"":""student""},{""text"":""No problem at all. What do you remember about angles in general?"",""user"":""teacher""},{""text"":""I know angles are measured in degrees, and I think a straight line is \\(180^\\circ\\), but I’m not sure how that relates to supplementary angles."",""user"":""student""},{""text"":""You're right that a straight line is 180 degrees. How might two angles relate to that 180 degrees?"",""user"":""teacher""},{""text"":""Maybe the two angles add up to \\(180^\\circ\\), like they could form a straight line together."",""user"":""student""},{""text"":""That's a great observation! Based on what you just said, how would you define 'supplementary angles'?"",""user"":""teacher""},{""text"":""i dont konw what supplementary angles means"",""user"":""student""},{""text"":""You just said that two angles might add up to 180 degrees. How does that idea relate to the term 'supplementary angles'?"",""user"":""teacher""},{""text"":""i dont know,just tell me"",""user"":""student""}]","teacher: How would you start solving this problem?
student: i have no idea
teacher: You mentioned you have no idea how to start. Does the term 'supplementary angles' sound familiar to you?
student: no
teacher: No problem at all. What do you remember about angles in general?
student: I know angles are measured in degrees, and I think a straight line is \(180^\circ\), but I’m not sure how that relates to supplementary angles.
teacher: You're right that a straight line is 180 degrees. How might two angles relate to that 180 degrees?
student: Maybe the two angles add up to \(180^\circ\), like they could form a straight line together.
teacher: That's a great observation! Based on what you just said, how would you define 'supplementary angles'?
student: i dont konw what supplementary angles means
teacher: You just said that two angles might add up to 180 degrees. How does that idea relate to the term 'supplementary angles'?
student: i dont know,just tell me",probing,0.04503527656197548,0.5769051313400269,0.313043475151062,0.06501607596874237,probing,0.04177780821919441,0.34575286507606506,0.5394704937934875,0.0729987695813179,focus,-0.003257468342781067,-0.2311522662639618,0.22642701864242554,0.007982693612575531,True,False,False,probing -> focus,unknown,0.6787497926633157,-0.03588190336849484
psn_f78c0817d43053e5bd31da20,ecaa67e8-e212-4866-877f-9e2dd4cced40:1,ecaa67e8-e212-4866-877f-9e2dd4cced40:1:action:8,8,Complementary and Supplementary Angles,"Two angles are supplementary. One angle is 18° more than twice the other angle.

Find the measure of both angles.","[{""text"":""How would you start solving this problem?"",""user"":""teacher""},{""text"":""i have no idea"",""user"":""student""},{""text"":""You mentioned you have no idea how to start. Does the term 'supplementary angles' sound familiar to you?"",""user"":""teacher""},{""text"":""no"",""user"":""student""},{""text"":""No problem at all. What do you remember about angles in general?"",""user"":""teacher""},{""text"":""I know angles are measured in degrees, and I think a straight line is \\(180^\\circ\\), but I’m not sure how that relates to supplementary angles."",""user"":""student""},{""text"":""You're right that a straight line is 180 degrees. How might two angles relate to that 180 degrees?"",""user"":""teacher""},{""text"":""Maybe the two angles add up to \\(180^\\circ\\), like they could form a straight line together."",""user"":""student""},{""text"":""That's a great observation! Based on what you just said, how would you define 'supplementary angles'?"",""user"":""teacher""},{""text"":""i dont konw what supplementary angles means"",""user"":""student""},{""text"":""You just said that two angles might add up to 180 degrees. How does that idea relate to the term 'supplementary angles'?"",""user"":""teacher""},{""text"":""i dont know,just tell me"",""user"":""student""},{""text"":""You've correctly identified that two angles adding up to 180 degrees is a key idea. What makes it difficult to connect that idea to the term 'supplementary angles'?"",""user"":""teacher""},{""text"":""i dont undersand"",""user"":""student""}]","teacher: How would you start solving this problem?
student: i have no idea
teacher: You mentioned you have no idea how to start. Does the term 'supplementary angles' sound familiar to you?
student: no
teacher: No problem at all. What do you remember about angles in general?
student: I know angles are measured in degrees, and I think a straight line is \(180^\circ\), but I’m not sure how that relates to supplementary angles.
teacher: You're right that a straight line is 180 degrees. How might two angles relate to that 180 degrees?
student: Maybe the two angles add up to \(180^\circ\), like they could form a straight line together.
teacher: That's a great observation! Based on what you just said, how would you define 'supplementary angles'?
student: i dont konw what supplementary angles means
teacher: You just said that two angles might add up to 180 degrees. How does that idea relate to the term 'supplementary angles'?
student: i dont know,just tell me
teacher: You've correctly identified that two angles adding up to 180 degrees is a key idea. What makes it difficult to connect that idea to the term 'supplementary angles'?
student: i dont undersand",focus,0.2241417020559311,0.31149792671203613,0.32329756021499634,0.14106282591819763,focus,0.41865789890289307,0.12036211043596268,0.30807074904441833,0.15290923416614532,generic,0.19451619684696198,-0.19113581627607346,-0.015226811170578003,0.011846408247947693,True,False,False,focus -> generic,unknown,0.6428678892948209,-0.07363193478262864
psn_f78c0817d43053e5bd31da20,ecaa67e8-e212-4866-877f-9e2dd4cced40:1,ecaa67e8-e212-4866-877f-9e2dd4cced40:1:action:9,9,Complementary and Supplementary Angles,"Two angles are supplementary. One angle is 18° more than twice the other angle.

Find the measure of both angles.","[{""text"":""How would you start solving this problem?"",""user"":""teacher""},{""text"":""i have no idea"",""user"":""student""},{""text"":""You mentioned you have no idea how to start. Does the term 'supplementary angles' sound familiar to you?"",""user"":""teacher""},{""text"":""no"",""user"":""student""},{""text"":""No problem at all. What do you remember about angles in general?"",""user"":""teacher""},{""text"":""I know angles are measured in degrees, and I think a straight line is \\(180^\\circ\\), but I’m not sure how that relates to supplementary angles."",""user"":""student""},{""text"":""You're right that a straight line is 180 degrees. How might two angles relate to that 180 degrees?"",""user"":""teacher""},{""text"":""Maybe the two angles add up to \\(180^\\circ\\), like they could form a straight line together."",""user"":""student""},{""text"":""That's a great observation! Based on what you just said, how would you define 'supplementary angles'?"",""user"":""teacher""},{""text"":""i dont konw what supplementary angles means"",""user"":""student""},{""text"":""You just said that two angles might add up to 180 degrees. How does that idea relate to the term 'supplementary angles'?"",""user"":""teacher""},{""text"":""i dont know,just tell me"",""user"":""student""},{""text"":""You've correctly identified that two angles adding up to 180 degrees is a key idea. What makes it difficult to connect that idea to the term 'supplementary angles'?"",""user"":""teacher""},{""text"":""i dont undersand"",""user"":""student""},{""text"":""You've made a great connection that the two angles add up to 180 degrees. How can you use that idea to start setting up the problem?"",""user"":""teacher""},{""text"":""You've made a great connection that the two angles add up to 180 degrees. How can you use that idea to start setting up the problem?"",""user"":""student""}]","teacher: How would you start solving this problem?
student: i have no idea
teacher: You mentioned you have no idea how to start. Does the term 'supplementary angles' sound familiar to you?
student: no
teacher: No problem at all. What do you remember about angles in general?
student: I know angles are measured in degrees, and I think a straight line is \(180^\circ\), but I’m not sure how that relates to supplementary angles.
teacher: You're right that a straight line is 180 degrees. How might two angles relate to that 180 degrees?
student: Maybe the two angles add up to \(180^\circ\), like they could form a straight line together.
teacher: That's a great observation! Based on what you just said, how would you define 'supplementary angles'?
student: i dont konw what supplementary angles means
teacher: You just said that two angles might add up to 180 degrees. How does that idea relate to the term 'supplementary angles'?
student: i dont know,just tell me
teacher: You've correctly identified that two angles adding up to 180 degrees is a key idea. What makes it difficult to connect that idea to the term 'supplementary angles'?
student: i dont undersand
teacher: You've made a great connection that the two angles add up to 180 degrees. How can you use that idea to start setting up the problem?
student: You've made a great connection that the two angles add up to 180 degrees. How can you use that idea to start setting up the problem?",focus,0.24687010049819946,0.20665909349918365,0.3716110587120056,0.17485980689525604,focus,0.42053157091140747,0.07802461832761765,0.2889794707298279,0.2124643623828888,generic,0.173661470413208,-0.128634475171566,-0.08263158798217773,0.03760455548763275,True,False,False,focus -> generic,correct,0.5692359545121922,0.17710046200543128
psn_f78c0817d43053e5bd31da20,f3133173-8f14-44d9-b485-97a42dc45030:1,f3133173-8f14-44d9-b485-97a42dc45030:1:action:1,1,Conversion of Fraction Decimals Percents,"A school survey shows that \(\frac{3}{5}\) of the students prefer studying with digital tools.

Convert \(\frac{3}{5}\) into:

A decimal
A percent

Then, if there are 200 students in total, how many students prefer digital tools?",[],[No previous conversation],generic,0.9238771796226501,0.03804639354348183,0.027562299743294716,0.0105140944942832,generic,0.7940466403961182,0.0992216169834137,0.07934737950563431,0.027384290471673012,generic,-0.12983053922653198,0.06117522343993187,0.05178507976233959,0.016870195977389812,False,False,False,generic -> generic,correct,0.6167572017388457,0.06529782482722746
psn_f78c0817d43053e5bd31da20,f3133173-8f14-44d9-b485-97a42dc45030:1,f3133173-8f14-44d9-b485-97a42dc45030:1:action:2,2,Conversion of Fraction Decimals Percents,"A school survey shows that \(\frac{3}{5}\) of the students prefer studying with digital tools.

Convert \(\frac{3}{5}\) into:

A decimal
A percent

Then, if there are 200 students in total, how many students prefer digital tools?","[{""text"":""How would you start solving this problem?"",""user"":""teacher""},{""text"":""I would start by converting \\(\\frac{3}{5}\\) to a decimal by dividing 3 by 5. Then I can turn that decimal into a percent by multiplying by 100."",""user"":""student""}]","teacher: How would you start solving this problem?
student: I would start by converting \(\frac{3}{5}\) to a decimal by dividing 3 by 5. Then I can turn that decimal into a percent by multiplying by 100.",probing,0.0004500216746237129,0.9897688627243042,0.007734118029475212,0.0020470558665692806,probing,0.0001595724606886506,0.9757763743400574,0.02137433923780918,0.0026897313073277473,probing,-0.0002904492139350623,-0.013992488384246826,0.013640221208333969,0.0006426754407584667,False,False,False,probing -> probing,partial,0.6820550265660732,0.023630824304038178
psn_f78c0817d43053e5bd31da20,f3133173-8f14-44d9-b485-97a42dc45030:1,f3133173-8f14-44d9-b485-97a42dc45030:1:action:3,3,Conversion of Fraction Decimals Percents,"A school survey shows that \(\frac{3}{5}\) of the students prefer studying with digital tools.

Convert \(\frac{3}{5}\) into:

A decimal
A percent

Then, if there are 200 students in total, how many students prefer digital tools?","[{""text"":""How would you start solving this problem?"",""user"":""teacher""},{""text"":""I would start by converting \\(\\frac{3}{5}\\) to a decimal by dividing 3 by 5. Then I can turn that decimal into a percent by multiplying by 100."",""user"":""student""},{""text"":""That's a great plan! Can you explain why dividing the numerator by the denominator converts a fraction to a decimal?"",""user"":""teacher""},{""text"":""I think dividing the numerator by the denominator works because the fraction bar means division. So \\(\\frac{3}{5}\\) means \\(3 \\div 5\\). I’m not totally sure though—I sometimes get confused about whether it should be \\(3 \\div 5\\) or \\(5 \\div 3\\)."",""user"":""student""}]","teacher: How would you start solving this problem?
student: I would start by converting \(\frac{3}{5}\) to a decimal by dividing 3 by 5. Then I can turn that decimal into a percent by multiplying by 100.
teacher: That's a great plan! Can you explain why dividing the numerator by the denominator converts a fraction to a decimal?
student: I think dividing the numerator by the denominator works because the fraction bar means division. So \(\frac{3}{5}\) means \(3 \div 5\). I’m not totally sure though—I sometimes get confused about whether it should be \(3 \div 5\) or \(5 \div 3\).",probing,0.0727066621184349,0.6897081136703491,0.2329680621623993,0.004617234691977501,probing,0.04619189724326134,0.8027624487876892,0.14418476819992065,0.006860934663563967,probing,-0.02651476487517357,0.11305433511734009,-0.08878329396247864,0.002243699971586466,False,False,False,probing -> probing,correct,0.7056858508701114,0.05553350861322515
psn_f78c0817d43053e5bd31da20,f3133173-8f14-44d9-b485-97a42dc45030:1,f3133173-8f14-44d9-b485-97a42dc45030:1:action:4,4,Conversion of Fraction Decimals Percents,"A school survey shows that \(\frac{3}{5}\) of the students prefer studying with digital tools.

Convert \(\frac{3}{5}\) into:

A decimal
A percent

Then, if there are 200 students in total, how many students prefer digital tools?","[{""text"":""How would you start solving this problem?"",""user"":""teacher""},{""text"":""I would start by converting \\(\\frac{3}{5}\\) to a decimal by dividing 3 by 5. Then I can turn that decimal into a percent by multiplying by 100."",""user"":""student""},{""text"":""That's a great plan! Can you explain why dividing the numerator by the denominator converts a fraction to a decimal?"",""user"":""teacher""},{""text"":""I think dividing the numerator by the denominator works because the fraction bar means division. So \\(\\frac{3}{5}\\) means \\(3 \\div 5\\). I’m not totally sure though—I sometimes get confused about whether it should be \\(3 \\div 5\\) or \\(5 \\div 3\\)."",""user"":""student""},{""text"":""You're right that the fraction bar means division. To help clarify, what do the numerator (the top number) and the denominator (the bottom number) represent in a fraction like \\(\\frac{3}{5}\\) when you think about sharing or dividing?"",""user"":""teacher""},{""text"":""The numerator is how many parts you have, and the denominator is how many equal parts the whole is divided into."",""user"":""student""}]","teacher: How would you start solving this problem?
student: I would start by converting \(\frac{3}{5}\) to a decimal by dividing 3 by 5. Then I can turn that decimal into a percent by multiplying by 100.
teacher: That's a great plan! Can you explain why dividing the numerator by the denominator converts a fraction to a decimal?
student: I think dividing the numerator by the denominator works because the fraction bar means division. So \(\frac{3}{5}\) means \(3 \div 5\). I’m not totally sure though—I sometimes get confused about whether it should be \(3 \div 5\) or \(5 \div 3\).
teacher: You're right that the fraction bar means division. To help clarify, what do the numerator (the top number) and the denominator (the bottom number) represent in a fraction like \(\frac{3}{5}\) when you think about sharing or dividing?
student: The numerator is how many parts you have, and the denominator is how many equal parts the whole is divided into.",probing,0.026564810425043106,0.617461621761322,0.3493953049182892,0.006578162312507629,probing,0.009726816788315773,0.5967129468917847,0.38630959391593933,0.007250594440847635,probing,-0.016837993636727333,-0.020748674869537354,0.036914288997650146,0.0006724321283400059,False,False,False,probing -> probing,incorrect,0.7612193594833365,-0.13315942608723352
psn_f78c0817d43053e5bd31da20,f3133173-8f14-44d9-b485-97a42dc45030:1,f3133173-8f14-44d9-b485-97a42dc45030:1:action:5,5,Conversion of Fraction Decimals Percents,"A school survey shows that \(\frac{3}{5}\) of the students prefer studying with digital tools.

Convert \(\frac{3}{5}\) into:

A decimal
A percent

Then, if there are 200 students in total, how many students prefer digital tools?","[{""text"":""How would you start solving this problem?"",""user"":""teacher""},{""text"":""I would start by converting \\(\\frac{3}{5}\\) to a decimal by dividing 3 by 5. Then I can turn that decimal into a percent by multiplying by 100."",""user"":""student""},{""text"":""That's a great plan! Can you explain why dividing the numerator by the denominator converts a fraction to a decimal?"",""user"":""teacher""},{""text"":""I think dividing the numerator by the denominator works because the fraction bar means division. So \\(\\frac{3}{5}\\) means \\(3 \\div 5\\). I’m not totally sure though—I sometimes get confused about whether it should be \\(3 \\div 5\\) or \\(5 \\div 3\\)."",""user"":""student""},{""text"":""You're right that the fraction bar means division. To help clarify, what do the numerator (the top number) and the denominator (the bottom number) represent in a fraction like \\(\\frac{3}{5}\\) when you think about sharing or dividing?"",""user"":""teacher""},{""text"":""The numerator is how many parts you have, and the denominator is how many equal parts the whole is divided into."",""user"":""student""},{""text"":""Excellent! So, if you have 3 parts and you're dividing them into 5 equal sections, which number is being divided by which?"",""user"":""teacher""},{""text"":""idk"",""user"":""student""}]","teacher: How would you start solving this problem?
student: I would start by converting \(\frac{3}{5}\) to a decimal by dividing 3 by 5. Then I can turn that decimal into a percent by multiplying by 100.
teacher: That's a great plan! Can you explain why dividing the numerator by the denominator converts a fraction to a decimal?
student: I think dividing the numerator by the denominator works because the fraction bar means division. So \(\frac{3}{5}\) means \(3 \div 5\). I’m not totally sure though—I sometimes get confused about whether it should be \(3 \div 5\) or \(5 \div 3\).
teacher: You're right that the fraction bar means division. To help clarify, what do the numerator (the top number) and the denominator (the bottom number) represent in a fraction like \(\frac{3}{5}\) when you think about sharing or dividing?
student: The numerator is how many parts you have, and the denominator is how many equal parts the whole is divided into.
teacher: Excellent! So, if you have 3 parts and you're dividing them into 5 equal sections, which number is being divided by which?
student: idk",probing,0.049296122044324875,0.5627783536911011,0.3784482479095459,0.009477210231125355,probing,0.023857271298766136,0.3428744971752167,0.6223630309104919,0.010905188508331776,focus,-0.02543885074555874,-0.2199038565158844,0.24391478300094604,0.001427978277206421,True,False,False,probing -> focus,unknown,0.628059933396103,-0.03714518575832093
psn_f78c0817d43053e5bd31da20,f3133173-8f14-44d9-b485-97a42dc45030:1,f3133173-8f14-44d9-b485-97a42dc45030:1:action:6,6,Conversion of Fraction Decimals Percents,"A school survey shows that \(\frac{3}{5}\) of the students prefer studying with digital tools.

Convert \(\frac{3}{5}\) into:

A decimal
A percent

Then, if there are 200 students in total, how many students prefer digital tools?","[{""text"":""How would you start solving this problem?"",""user"":""teacher""},{""text"":""I would start by converting \\(\\frac{3}{5}\\) to a decimal by dividing 3 by 5. Then I can turn that decimal into a percent by multiplying by 100."",""user"":""student""},{""text"":""That's a great plan! Can you explain why dividing the numerator by the denominator converts a fraction to a decimal?"",""user"":""teacher""},{""text"":""I think dividing the numerator by the denominator works because the fraction bar means division. So \\(\\frac{3}{5}\\) means \\(3 \\div 5\\). I’m not totally sure though—I sometimes get confused about whether it should be \\(3 \\div 5\\) or \\(5 \\div 3\\)."",""user"":""student""},{""text"":""You're right that the fraction bar means division. To help clarify, what do the numerator (the top number) and the denominator (the bottom number) represent in a fraction like \\(\\frac{3}{5}\\) when you think about sharing or dividing?"",""user"":""teacher""},{""text"":""The numerator is how many parts you have, and the denominator is how many equal parts the whole is divided into."",""user"":""student""},{""text"":""Excellent! So, if you have 3 parts and you're dividing them into 5 equal sections, which number is being divided by which?"",""user"":""teacher""},{""text"":""idk"",""user"":""student""},{""text"":""You mentioned the numerator is 'how many parts you have'. When you perform division, which number represents the total amount that is being divided or shared?"",""user"":""teacher""},{""text"":""i  dnt understand it"",""user"":""student""}]","teacher: How would you start solving this problem?
student: I would start by converting \(\frac{3}{5}\) to a decimal by dividing 3 by 5. Then I can turn that decimal into a percent by multiplying by 100.
teacher: That's a great plan! Can you explain why dividing the numerator by the denominator converts a fraction to a decimal?
student: I think dividing the numerator by the denominator works because the fraction bar means division. So \(\frac{3}{5}\) means \(3 \div 5\). I’m not totally sure though—I sometimes get confused about whether it should be \(3 \div 5\) or \(5 \div 3\).
teacher: You're right that the fraction bar means division. To help clarify, what do the numerator (the top number) and the denominator (the bottom number) represent in a fraction like \(\frac{3}{5}\) when you think about sharing or dividing?
student: The numerator is how many parts you have, and the denominator is how many equal parts the whole is divided into.
teacher: Excellent! So, if you have 3 parts and you're dividing them into 5 equal sections, which number is being divided by which?
student: idk
teacher: You mentioned the numerator is 'how many parts you have'. When you perform division, which number represents the total amount that is being divided or shared?
student: i  dnt understand it",focus,0.04764031246304512,0.45825156569480896,0.47708284854888916,0.01702525094151497,focus,0.02506689354777336,0.2629599869251251,0.6898798942565918,0.02209325134754181,focus,-0.02257341891527176,-0.19529157876968384,0.21279704570770264,0.00506800040602684,False,False,False,focus -> focus,incorrect,0.5909147476377821,-0.1549093972095324
psn_f78c0817d43053e5bd31da20,f3133173-8f14-44d9-b485-97a42dc45030:1,f3133173-8f14-44d9-b485-97a42dc45030:1:action:7,7,Conversion of Fraction Decimals Percents,"A school survey shows that \(\frac{3}{5}\) of the students prefer studying with digital tools.

Convert \(\frac{3}{5}\) into:

A decimal
A percent

Then, if there are 200 students in total, how many students prefer digital tools?","[{""text"":""How would you start solving this problem?"",""user"":""teacher""},{""text"":""I would start by converting \\(\\frac{3}{5}\\) to a decimal by dividing 3 by 5. Then I can turn that decimal into a percent by multiplying by 100."",""user"":""student""},{""text"":""That's a great plan! Can you explain why dividing the numerator by the denominator converts a fraction to a decimal?"",""user"":""teacher""},{""text"":""I think dividing the numerator by the denominator works because the fraction bar means division. So \\(\\frac{3}{5}\\) means \\(3 \\div 5\\). I’m not totally sure though—I sometimes get confused about whether it should be \\(3 \\div 5\\) or \\(5 \\div 3\\)."",""user"":""student""},{""text"":""You're right that the fraction bar means division. To help clarify, what do the numerator (the top number) and the denominator (the bottom number) represent in a fraction like \\(\\frac{3}{5}\\) when you think about sharing or dividing?"",""user"":""teacher""},{""text"":""The numerator is how many parts you have, and the denominator is how many equal parts the whole is divided into."",""user"":""student""},{""text"":""Excellent! So, if you have 3 parts and you're dividing them into 5 equal sections, which number is being divided by which?"",""user"":""teacher""},{""text"":""idk"",""user"":""student""},{""text"":""You mentioned the numerator is 'how many parts you have'. When you perform division, which number represents the total amount that is being divided or shared?"",""user"":""teacher""},{""text"":""i  dnt understand it"",""user"":""student""},{""text"":""In a division problem, the number that is being divided is called the dividend. Based on what you said about the numerator, which number in \\(\\frac{3}{5}\\) is the dividend?"",""user"":""teacher""},{""text"":""5"",""user"":""student""}]","teacher: How would you start solving this problem?
student: I would start by converting \(\frac{3}{5}\) to a decimal by dividing 3 by 5. Then I can turn that decimal into a percent by multiplying by 100.
teacher: That's a great plan! Can you explain why dividing the numerator by the denominator converts a fraction to a decimal?
student: I think dividing the numerator by the denominator works because the fraction bar means division. So \(\frac{3}{5}\) means \(3 \div 5\). I’m not totally sure though—I sometimes get confused about whether it should be \(3 \div 5\) or \(5 \div 3\).
teacher: You're right that the fraction bar means division. To help clarify, what do the numerator (the top number) and the denominator (the bottom number) represent in a fraction like \(\frac{3}{5}\) when you think about sharing or dividing?
student: The numerator is how many parts you have, and the denominator is how many equal parts the whole is divided into.
teacher: Excellent! So, if you have 3 parts and you're dividing them into 5 equal sections, which number is being divided by which?
student: idk
teacher: You mentioned the numerator is 'how many parts you have'. When you perform division, which number represents the total amount that is being divided or shared?
student: i  dnt understand it
teacher: In a division problem, the number that is being divided is called the dividend. Based on what you said about the numerator, which number in \(\frac{3}{5}\) is the dividend?
student: 5",focus,0.06258019804954529,0.3947281241416931,0.5230088233947754,0.01968286745250225,focus,0.027351396158337593,0.17707473039627075,0.7700607180595398,0.0255131796002388,focus,-0.035228801891207695,-0.21765339374542236,0.2470518946647644,0.005830312147736549,False,False,False,focus -> focus,correct,0.43600535042824967,0.08096977427432944
psn_f78c0817d43053e5bd31da20,f3133173-8f14-44d9-b485-97a42dc45030:1,f3133173-8f14-44d9-b485-97a42dc45030:1:action:8,8,Conversion of Fraction Decimals Percents,"A school survey shows that \(\frac{3}{5}\) of the students prefer studying with digital tools.

Convert \(\frac{3}{5}\) into:

A decimal
A percent

Then, if there are 200 students in total, how many students prefer digital tools?","[{""text"":""How would you start solving this problem?"",""user"":""teacher""},{""text"":""I would start by converting \\(\\frac{3}{5}\\) to a decimal by dividing 3 by 5. Then I can turn that decimal into a percent by multiplying by 100."",""user"":""student""},{""text"":""That's a great plan! Can you explain why dividing the numerator by the denominator converts a fraction to a decimal?"",""user"":""teacher""},{""text"":""I think dividing the numerator by the denominator works because the fraction bar means division. So \\(\\frac{3}{5}\\) means \\(3 \\div 5\\). I’m not totally sure though—I sometimes get confused about whether it should be \\(3 \\div 5\\) or \\(5 \\div 3\\)."",""user"":""student""},{""text"":""You're right that the fraction bar means division. To help clarify, what do the numerator (the top number) and the denominator (the bottom number) represent in a fraction like \\(\\frac{3}{5}\\) when you think about sharing or dividing?"",""user"":""teacher""},{""text"":""The numerator is how many parts you have, and the denominator is how many equal parts the whole is divided into."",""user"":""student""},{""text"":""Excellent! So, if you have 3 parts and you're dividing them into 5 equal sections, which number is being divided by which?"",""user"":""teacher""},{""text"":""idk"",""user"":""student""},{""text"":""You mentioned the numerator is 'how many parts you have'. When you perform division, which number represents the total amount that is being divided or shared?"",""user"":""teacher""},{""text"":""i  dnt understand it"",""user"":""student""},{""text"":""In a division problem, the number that is being divided is called the dividend. Based on what you said about the numerator, which number in \\(\\frac{3}{5}\\) is the dividend?"",""user"":""teacher""},{""text"":""5"",""user"":""student""},{""text"":""You previously said the numerator is 'how many parts you have'. If you have 3 parts, and you're dividing them, which number is the one being divided?"",""user"":""teacher""},{""text"":""3"",""user"":""student""}]","teacher: How would you start solving this problem?
student: I would start by converting \(\frac{3}{5}\) to a decimal by dividing 3 by 5. Then I can turn that decimal into a percent by multiplying by 100.
teacher: That's a great plan! Can you explain why dividing the numerator by the denominator converts a fraction to a decimal?
student: I think dividing the numerator by the denominator works because the fraction bar means division. So \(\frac{3}{5}\) means \(3 \div 5\). I’m not totally sure though—I sometimes get confused about whether it should be \(3 \div 5\) or \(5 \div 3\).
teacher: You're right that the fraction bar means division. To help clarify, what do the numerator (the top number) and the denominator (the bottom number) represent in a fraction like \(\frac{3}{5}\) when you think about sharing or dividing?
student: The numerator is how many parts you have, and the denominator is how many equal parts the whole is divided into.
teacher: Excellent! So, if you have 3 parts and you're dividing them into 5 equal sections, which number is being divided by which?
student: idk
teacher: You mentioned the numerator is 'how many parts you have'. When you perform division, which number represents the total amount that is being divided or shared?
student: i  dnt understand it
teacher: In a division problem, the number that is being divided is called the dividend. Based on what you said about the numerator, which number in \(\frac{3}{5}\) is the dividend?
student: 5
teacher: You previously said the numerator is 'how many parts you have'. If you have 3 parts, and you're dividing them, which number is the one being divided?
student: 3",focus,0.08068153262138367,0.3427108824253082,0.5477203130722046,0.0288873128592968,focus,0.03744254633784294,0.13298016786575317,0.7919737100601196,0.037603557109832764,focus,-0.043238986283540726,-0.20973071455955505,0.24425339698791504,0.008716244250535965,False,False,False,focus -> focus,correct,0.5169751247025791,0.07569781220279781
psn_f78c0817d43053e5bd31da20,f3133173-8f14-44d9-b485-97a42dc45030:1,f3133173-8f14-44d9-b485-97a42dc45030:1:action:9,9,Conversion of Fraction Decimals Percents,"A school survey shows that \(\frac{3}{5}\) of the students prefer studying with digital tools.

Convert \(\frac{3}{5}\) into:

A decimal
A percent

Then, if there are 200 students in total, how many students prefer digital tools?","[{""text"":""How would you start solving this problem?"",""user"":""teacher""},{""text"":""I would start by converting \\(\\frac{3}{5}\\) to a decimal by dividing 3 by 5. Then I can turn that decimal into a percent by multiplying by 100."",""user"":""student""},{""text"":""That's a great plan! Can you explain why dividing the numerator by the denominator converts a fraction to a decimal?"",""user"":""teacher""},{""text"":""I think dividing the numerator by the denominator works because the fraction bar means division. So \\(\\frac{3}{5}\\) means \\(3 \\div 5\\). I’m not totally sure though—I sometimes get confused about whether it should be \\(3 \\div 5\\) or \\(5 \\div 3\\)."",""user"":""student""},{""text"":""You're right that the fraction bar means division. To help clarify, what do the numerator (the top number) and the denominator (the bottom number) represent in a fraction like \\(\\frac{3}{5}\\) when you think about sharing or dividing?"",""user"":""teacher""},{""text"":""The numerator is how many parts you have, and the denominator is how many equal parts the whole is divided into."",""user"":""student""},{""text"":""Excellent! So, if you have 3 parts and you're dividing them into 5 equal sections, which number is being divided by which?"",""user"":""teacher""},{""text"":""idk"",""user"":""student""},{""text"":""You mentioned the numerator is 'how many parts you have'. When you perform division, which number represents the total amount that is being divided or shared?"",""user"":""teacher""},{""text"":""i  dnt understand it"",""user"":""student""},{""text"":""In a division problem, the number that is being divided is called the dividend. Based on what you said about the numerator, which number in \\(\\frac{3}{5}\\) is the dividend?"",""user"":""teacher""},{""text"":""5"",""user"":""student""},{""text"":""You previously said the numerator is 'how many parts you have'. If you have 3 parts, and you're dividing them, which number is the one being divided?"",""user"":""teacher""},{""text"":""3"",""user"":""student""},{""text"":""Exactly! So if 3 is the dividend, which number in \\(\\frac{3}{5}\\) is the divisor, the number that divides the dividend?"",""user"":""teacher""},{""text"":""The divisor is 5."",""user"":""student""}]","teacher: How would you start solving this problem?
student: I would start by converting \(\frac{3}{5}\) to a decimal by dividing 3 by 5. Then I can turn that decimal into a percent by multiplying by 100.
teacher: That's a great plan! Can you explain why dividing the numerator by the denominator converts a fraction to a decimal?
student: I think dividing the numerator by the denominator works because the fraction bar means division. So \(\frac{3}{5}\) means \(3 \div 5\). I’m not totally sure though—I sometimes get confused about whether it should be \(3 \div 5\) or \(5 \div 3\).
teacher: You're right that the fraction bar means division. To help clarify, what do the numerator (the top number) and the denominator (the bottom number) represent in a fraction like \(\frac{3}{5}\) when you think about sharing or dividing?
student: The numerator is how many parts you have, and the denominator is how many equal parts the whole is divided into.
teacher: Excellent! So, if you have 3 parts and you're dividing them into 5 equal sections, which number is being divided by which?
student: idk
teacher: You mentioned the numerator is 'how many parts you have'. When you perform division, which number represents the total amount that is being divided or shared?
student: i  dnt understand it
teacher: In a division problem, the number that is being divided is called the dividend. Based on what you said about the numerator, which number in \(\frac{3}{5}\) is the dividend?
student: 5
teacher: You previously said the numerator is 'how many parts you have'. If you have 3 parts, and you're dividing them, which number is the one being divided?
student: 3
teacher: Exactly! So if 3 is the dividend, which number in \(\frac{3}{5}\) is the divisor, the number that divides the dividend?
student: The divisor is 5.",focus,0.13385914266109467,0.2517213523387909,0.5571491718292236,0.057270314544439316,focus,0.09007315337657928,0.1203296110033989,0.6778842806816101,0.11171295493841171,focus,-0.04378598928451538,-0.131391741335392,0.12073510885238647,0.0544426403939724,False,False,False,focus -> focus,correct,0.5926729369053769,0.07116099405207954
psn_f78c0817d43053e5bd31da20,f3133173-8f14-44d9-b485-97a42dc45030:1,f3133173-8f14-44d9-b485-97a42dc45030:1:action:10,10,Conversion of Fraction Decimals Percents,"A school survey shows that \(\frac{3}{5}\) of the students prefer studying with digital tools.

Convert \(\frac{3}{5}\) into:

A decimal
A percent

Then, if there are 200 students in total, how many students prefer digital tools?","[{""text"":""How would you start solving this problem?"",""user"":""teacher""},{""text"":""I would start by converting \\(\\frac{3}{5}\\) to a decimal by dividing 3 by 5. Then I can turn that decimal into a percent by multiplying by 100."",""user"":""student""},{""text"":""That's a great plan! Can you explain why dividing the numerator by the denominator converts a fraction to a decimal?"",""user"":""teacher""},{""text"":""I think dividing the numerator by the denominator works because the fraction bar means division. So \\(\\frac{3}{5}\\) means \\(3 \\div 5\\). I’m not totally sure though—I sometimes get confused about whether it should be \\(3 \\div 5\\) or \\(5 \\div 3\\)."",""user"":""student""},{""text"":""You're right that the fraction bar means division. To help clarify, what do the numerator (the top number) and the denominator (the bottom number) represent in a fraction like \\(\\frac{3}{5}\\) when you think about sharing or dividing?"",""user"":""teacher""},{""text"":""The numerator is how many parts you have, and the denominator is how many equal parts the whole is divided into."",""user"":""student""},{""text"":""Excellent! So, if you have 3 parts and you're dividing them into 5 equal sections, which number is being divided by which?"",""user"":""teacher""},{""text"":""idk"",""user"":""student""},{""text"":""You mentioned the numerator is 'how many parts you have'. When you perform division, which number represents the total amount that is being divided or shared?"",""user"":""teacher""},{""text"":""i  dnt understand it"",""user"":""student""},{""text"":""In a division problem, the number that is being divided is called the dividend. Based on what you said about the numerator, which number in \\(\\frac{3}{5}\\) is the dividend?"",""user"":""teacher""},{""text"":""5"",""user"":""student""},{""text"":""You previously said the numerator is 'how many parts you have'. If you have 3 parts, and you're dividing them, which number is the one being divided?"",""user"":""teacher""},{""text"":""3"",""user"":""student""},{""text"":""Exactly! So if 3 is the dividend, which number in \\(\\frac{3}{5}\\) is the divisor, the number that divides the dividend?"",""user"":""teacher""},{""text"":""The divisor is 5."",""user"":""student""},{""text"":""Great! Now that you know 3 is the dividend and 5 is the divisor, what is the result when you perform that division?"",""user"":""teacher""},{""text"":""\\(3 \\div 5 = 0.6\\)"",""user"":""student""}]","teacher: How would you start solving this problem?
student: I would start by converting \(\frac{3}{5}\) to a decimal by dividing 3 by 5. Then I can turn that decimal into a percent by multiplying by 100.
teacher: That's a great plan! Can you explain why dividing the numerator by the denominator converts a fraction to a decimal?
student: I think dividing the numerator by the denominator works because the fraction bar means division. So \(\frac{3}{5}\) means \(3 \div 5\). I’m not totally sure though—I sometimes get confused about whether it should be \(3 \div 5\) or \(5 \div 3\).
teacher: You're right that the fraction bar means division. To help clarify, what do the numerator (the top number) and the denominator (the bottom number) represent in a fraction like \(\frac{3}{5}\) when you think about sharing or dividing?
student: The numerator is how many parts you have, and the denominator is how many equal parts the whole is divided into.
teacher: Excellent! So, if you have 3 parts and you're dividing them into 5 equal sections, which number is being divided by which?
student: idk
teacher: You mentioned the numerator is 'how many parts you have'. When you perform division, which number represents the total amount that is being divided or shared?
student: i  dnt understand it
teacher: In a division problem, the number that is being divided is called the dividend. Based on what you said about the numerator, which number in \(\frac{3}{5}\) is the dividend?
student: 5
teacher: You previously said the numerator is 'how many parts you have'. If you have 3 parts, and you're dividing them, which number is the one being divided?
student: 3
teacher: Exactly! So if 3 is the dividend, which number in \(\frac{3}{5}\) is the divisor, the number that divides the dividend?
student: The divisor is 5.
teacher: Great! Now that you know 3 is the dividend and 5 is the divisor, what is the result when you perform that division?
student: \(3 \div 5 = 0.6\)",focus,0.24455676972866058,0.11900459229946136,0.5548700094223022,0.081568643450737,focus,0.07832388579845428,0.132062628865242,0.5687106847763062,0.2209026962518692,focus,-0.1662328839302063,0.01305803656578064,0.013840675354003906,0.1393340528011322,False,False,False,focus -> focus,correct,0.6638339309574565,0.05997218360955492
psn_f78c0817d43053e5bd31da20,a6d964ef-ca38-47e1-a1f5-6009be1aa0b5:1,a6d964ef-ca38-47e1-a1f5-6009be1aa0b5:1:action:1,1,Multiplication Whole Numbers,"A warehouse packs 48 boxes of notebooks. Each box contains 125 notebooks.

How many notebooks are there altogether?",[],[No previous conversation],generic,0.9669169783592224,0.016782894730567932,0.01251219678670168,0.003788016038015485,generic,0.936560869216919,0.035455942153930664,0.021681087091565132,0.006302020512521267,generic,-0.030356109142303467,0.018673047423362732,0.009168890304863453,0.002514004474505782,False,False,False,generic -> generic,unknown,0.6606278883543171,-0.029859393497005726
psn_f78c0817d43053e5bd31da20,a6d964ef-ca38-47e1-a1f5-6009be1aa0b5:1,a6d964ef-ca38-47e1-a1f5-6009be1aa0b5:1:action:2,2,Multiplication Whole Numbers,"A warehouse packs 48 boxes of notebooks. Each box contains 125 notebooks.

How many notebooks are there altogether?","[{""text"":""How would you start solving this problem?"",""user"":""teacher""},{""text"":""i have no idea"",""user"":""student""}]","teacher: How would you start solving this problem?
student: i have no idea",probing,0.0005327240214683115,0.9985114932060242,0.0004044405068270862,0.0005513984942808747,probing,0.0001510899601271376,0.9989086389541626,0.00021060412109363824,0.0007296554977074265,probing,-0.00038163406134117395,0.00039714574813842773,-0.00019383638573344797,0.00017825700342655182,False,False,False,probing -> probing,incorrect,0.6307684948573113,-0.10647752449450332
psn_f78c0817d43053e5bd31da20,a6d964ef-ca38-47e1-a1f5-6009be1aa0b5:1,a6d964ef-ca38-47e1-a1f5-6009be1aa0b5:1:action:3,3,Multiplication Whole Numbers,"A warehouse packs 48 boxes of notebooks. Each box contains 125 notebooks.

How many notebooks are there altogether?","[{""text"":""How would you start solving this problem?"",""user"":""teacher""},{""text"":""i have no idea"",""user"":""student""},{""text"":""What about the problem makes you feel stuck?"",""user"":""teacher""},{""text"":""do i need to devide 125 by 48?"",""user"":""student""}]","teacher: How would you start solving this problem?
student: i have no idea
teacher: What about the problem makes you feel stuck?
student: do i need to devide 125 by 48?",probing,0.00022053832071833313,0.9983774423599243,0.0006300522363744676,0.0007718928391113877,probing,9.990137186832726e-05,0.9962395429611206,0.0015572619158774614,0.002103244187310338,probing,-0.00012063694885000587,-0.002137899398803711,0.0009272096795029938,0.0013313513481989503,False,False,False,probing -> probing,unknown,0.524290970362808,-0.02710504074275727
psn_f78c0817d43053e5bd31da20,a6d964ef-ca38-47e1-a1f5-6009be1aa0b5:1,a6d964ef-ca38-47e1-a1f5-6009be1aa0b5:1:action:4,4,Multiplication Whole Numbers,"A warehouse packs 48 boxes of notebooks. Each box contains 125 notebooks.

How many notebooks are there altogether?","[{""text"":""How would you start solving this problem?"",""user"":""teacher""},{""text"":""i have no idea"",""user"":""student""},{""text"":""What about the problem makes you feel stuck?"",""user"":""teacher""},{""text"":""do i need to devide 125 by 48?"",""user"":""student""},{""text"":""Why do you think division would be the right operation to find the total number of notebooks?"",""user"":""teacher""},{""text"":""i just thought like that"",""user"":""student""}]","teacher: How would you start solving this problem?
student: i have no idea
teacher: What about the problem makes you feel stuck?
student: do i need to devide 125 by 48?
teacher: Why do you think division would be the right operation to find the total number of notebooks?
student: i just thought like that",probing,0.0001805115898605436,0.9962249994277954,0.0014643830945715308,0.0021301142405718565,probing,0.00020586464961525053,0.9799076318740845,0.0015867259353399277,0.018299857154488564,probing,2.535305975470692e-05,-0.016317367553710938,0.00012234284076839685,0.016169742913916707,False,False,False,probing -> probing,incorrect,0.49718592962005076,-0.09502752255463648
psn_f78c0817d43053e5bd31da20,a6d964ef-ca38-47e1-a1f5-6009be1aa0b5:1,a6d964ef-ca38-47e1-a1f5-6009be1aa0b5:1:action:5,5,Multiplication Whole Numbers,"A warehouse packs 48 boxes of notebooks. Each box contains 125 notebooks.

How many notebooks are there altogether?","[{""text"":""How would you start solving this problem?"",""user"":""teacher""},{""text"":""i have no idea"",""user"":""student""},{""text"":""What about the problem makes you feel stuck?"",""user"":""teacher""},{""text"":""do i need to devide 125 by 48?"",""user"":""student""},{""text"":""Why do you think division would be the right operation to find the total number of notebooks?"",""user"":""teacher""},{""text"":""i just thought like that"",""user"":""student""},{""text"":""What would dividing 125 by 48 tell you about the notebooks in the warehouse?"",""user"":""teacher""},{""text"":""number of all notebooks"",""user"":""student""}]","teacher: How would you start solving this problem?
student: i have no idea
teacher: What about the problem makes you feel stuck?
student: do i need to devide 125 by 48?
teacher: Why do you think division would be the right operation to find the total number of notebooks?
student: i just thought like that
teacher: What would dividing 125 by 48 tell you about the notebooks in the warehouse?
student: number of all notebooks",probing,0.00038398781907744706,0.9844949841499329,0.00570891797542572,0.009412091225385666,probing,0.0011612880043685436,0.41285163164138794,0.007234254386276007,0.5787528157234192,telling,0.0007773001852910966,-0.5716433525085449,0.0015253364108502865,0.5693407244980335,True,True,False,probing -> telling,incorrect,0.4021584070654143,-0.08146860088791191
psn_f78c0817d43053e5bd31da20,a6d964ef-ca38-47e1-a1f5-6009be1aa0b5:1,a6d964ef-ca38-47e1-a1f5-6009be1aa0b5:1:action:6,6,Multiplication Whole Numbers,"A warehouse packs 48 boxes of notebooks. Each box contains 125 notebooks.

How many notebooks are there altogether?","[{""text"":""How would you start solving this problem?"",""user"":""teacher""},{""text"":""i have no idea"",""user"":""student""},{""text"":""What about the problem makes you feel stuck?"",""user"":""teacher""},{""text"":""do i need to devide 125 by 48?"",""user"":""student""},{""text"":""Why do you think division would be the right operation to find the total number of notebooks?"",""user"":""teacher""},{""text"":""i just thought like that"",""user"":""student""},{""text"":""What would dividing 125 by 48 tell you about the notebooks in the warehouse?"",""user"":""teacher""},{""text"":""number of all notebooks"",""user"":""student""},{""text"":""If you divide 125 notebooks by 48 boxes, what would the resulting number tell you?"",""user"":""teacher""},{""text"":""number of all notebooks in the warehouse"",""user"":""student""}]","teacher: How would you start solving this problem?
student: i have no idea
teacher: What about the problem makes you feel stuck?
student: do i need to devide 125 by 48?
teacher: Why do you think division would be the right operation to find the total number of notebooks?
student: i just thought like that
teacher: What would dividing 125 by 48 tell you about the notebooks in the warehouse?
student: number of all notebooks
teacher: If you divide 125 notebooks by 48 boxes, what would the resulting number tell you?
student: number of all notebooks in the warehouse",probing,0.0007721405127085745,0.9468826651573181,0.022690139710903168,0.029654959216713905,probing,0.0019802956376224756,0.1693737953901291,0.009446345269680023,0.8191996216773987,telling,0.001208155124913901,-0.777508869767189,-0.013243794441223145,0.7895446624606848,True,True,False,probing -> telling,correct,0.32068980617750237,0.18042513587715142
psn_f78c0817d43053e5bd31da20,a6d964ef-ca38-47e1-a1f5-6009be1aa0b5:1,a6d964ef-ca38-47e1-a1f5-6009be1aa0b5:1:action:7,7,Multiplication Whole Numbers,"A warehouse packs 48 boxes of notebooks. Each box contains 125 notebooks.

How many notebooks are there altogether?","[{""text"":""How would you start solving this problem?"",""user"":""teacher""},{""text"":""i have no idea"",""user"":""student""},{""text"":""What about the problem makes you feel stuck?"",""user"":""teacher""},{""text"":""do i need to devide 125 by 48?"",""user"":""student""},{""text"":""Why do you think division would be the right operation to find the total number of notebooks?"",""user"":""teacher""},{""text"":""i just thought like that"",""user"":""student""},{""text"":""What would dividing 125 by 48 tell you about the notebooks in the warehouse?"",""user"":""teacher""},{""text"":""number of all notebooks"",""user"":""student""},{""text"":""If you divide 125 notebooks by 48 boxes, what would the resulting number tell you?"",""user"":""teacher""},{""text"":""number of all notebooks in the warehouse"",""user"":""student""},{""text"":""If you divide 125 notebooks by 48 boxes, what would the resulting number tell you about the notebooks *per box*?"",""user"":""teacher""},{""text"":""It would tell me how many notebooks there are per box, not the total number of notebooks."",""user"":""student""}]","teacher: How would you start solving this problem?
student: i have no idea
teacher: What about the problem makes you feel stuck?
student: do i need to devide 125 by 48?
teacher: Why do you think division would be the right operation to find the total number of notebooks?
student: i just thought like that
teacher: What would dividing 125 by 48 tell you about the notebooks in the warehouse?
student: number of all notebooks
teacher: If you divide 125 notebooks by 48 boxes, what would the resulting number tell you?
student: number of all notebooks in the warehouse
teacher: If you divide 125 notebooks by 48 boxes, what would the resulting number tell you about the notebooks *per box*?
student: It would tell me how many notebooks there are per box, not the total number of notebooks.",probing,0.0015034624375402927,0.9002169966697693,0.037600405514240265,0.0606791153550148,probing,0.004116217605769634,0.16274863481521606,0.016082676127552986,0.81705242395401,telling,0.0026127551682293415,-0.7374683618545532,-0.02151772938668728,0.7563733085989952,True,True,False,probing -> telling,correct,0.5011149420546538,0.1706694610645264
psn_f78c0817d43053e5bd31da20,dffa3aac-68c5-4b98-b5cc-3bddd6e5f956:1,dffa3aac-68c5-4b98-b5cc-3bddd6e5f956:1:action:1,1,Simplifying Expressions positive exponents,"Simplify:

$$ 3x^2 \cdot 4x^3 $$

Write your final answer using a single exponent for \(x\).",[],[No previous conversation],generic,0.9850139021873474,0.007712970487773418,0.004774861037731171,0.0024983100593090057,generic,0.9870851635932922,0.0067376745864748955,0.0042246002703905106,0.0019526038086041808,generic,0.0020712614059448242,-0.000975295901298523,-0.0005502607673406601,-0.0005457062507048249,False,False,False,generic -> generic,correct,0.011041522580481314,0.5565306848534494
psn_f78c0817d43053e5bd31da20,dffa3aac-68c5-4b98-b5cc-3bddd6e5f956:1,dffa3aac-68c5-4b98-b5cc-3bddd6e5f956:1:action:2,2,Simplifying Expressions positive exponents,"Simplify:

$$ 3x^2 \cdot 4x^3 $$

Write your final answer using a single exponent for \(x\).","[{""text"":""How would you start simplifying this expression?"",""user"":""teacher""},{""text"":""I would start by multiplying the coefficients, \\(3 \\times 4\\), and then combine \\(x^2\\) and \\(x^3\\) using the exponent rule for multiplying powers with the same base."",""user"":""student""}]","teacher: How would you start simplifying this expression?
student: I would start by multiplying the coefficients, \(3 \times 4\), and then combine \(x^2\) and \(x^3\) using the exponent rule for multiplying powers with the same base.",probing,0.12145823985338211,0.8706097602844238,0.006557145155966282,0.001374848186969757,probing,0.0008806780679151416,0.3956577479839325,0.6021948456764221,0.0012667658738791943,focus,-0.12057756178546697,-0.47495201230049133,0.5956377005204558,-0.00010808231309056282,True,False,False,probing -> focus,incorrect,0.5675722074339307,0.12787876533336617
psn_f78c0817d43053e5bd31da20,dffa3aac-68c5-4b98-b5cc-3bddd6e5f956:1,dffa3aac-68c5-4b98-b5cc-3bddd6e5f956:1:action:3,3,Simplifying Expressions positive exponents,"Simplify:

$$ 3x^2 \cdot 4x^3 $$

Write your final answer using a single exponent for \(x\).","[{""text"":""How would you start simplifying this expression?"",""user"":""teacher""},{""text"":""I would start by multiplying the coefficients, \\(3 \\times 4\\), and then combine \\(x^2\\) and \\(x^3\\) using the exponent rule for multiplying powers with the same base."",""user"":""student""},{""text"":""That's a great plan! Can you remind me what that exponent rule is?"",""user"":""teacher""},{""text"":""I think when multiplying powers with the same base, you multiply the exponents, so maybe \\(x^2 \\cdot x^3 = x^6\\). I’m not completely sure though—I sometimes mix up when to add and when to multiply the exponents."",""user"":""student""}]","teacher: How would you start simplifying this expression?
student: I would start by multiplying the coefficients, \(3 \times 4\), and then combine \(x^2\) and \(x^3\) using the exponent rule for multiplying powers with the same base.
teacher: That's a great plan! Can you remind me what that exponent rule is?
student: I think when multiplying powers with the same base, you multiply the exponents, so maybe \(x^2 \cdot x^3 = x^6\). I’m not completely sure though—I sometimes mix up when to add and when to multiply the exponents.",focus,0.06888564676046371,0.31721168756484985,0.6054686307907104,0.008434095419943333,focus,0.08859816193580627,0.14646795392036438,0.7437644600868225,0.021169396117329597,focus,0.01971251517534256,-0.17074373364448547,0.13829582929611206,0.012735300697386265,False,False,False,focus -> focus,correct,0.6954509727672968,0.21034632888316085
psn_f78c0817d43053e5bd31da20,dffa3aac-68c5-4b98-b5cc-3bddd6e5f956:1,dffa3aac-68c5-4b98-b5cc-3bddd6e5f956:1:action:4,4,Simplifying Expressions positive exponents,"Simplify:

$$ 3x^2 \cdot 4x^3 $$

Write your final answer using a single exponent for \(x\).","[{""text"":""How would you start simplifying this expression?"",""user"":""teacher""},{""text"":""I would start by multiplying the coefficients, \\(3 \\times 4\\), and then combine \\(x^2\\) and \\(x^3\\) using the exponent rule for multiplying powers with the same base."",""user"":""student""},{""text"":""That's a great plan! Can you remind me what that exponent rule is?"",""user"":""teacher""},{""text"":""I think when multiplying powers with the same base, you multiply the exponents, so maybe \\(x^2 \\cdot x^3 = x^6\\). I’m not completely sure though—I sometimes mix up when to add and when to multiply the exponents."",""user"":""student""},{""text"":""You're right that it's easy to mix them up! Let's think about what \\(x^2\\) and \\(x^3\\) actually represent. What does \\(x^2\\) mean in expanded form?"",""user"":""teacher""},{""text"":""\\(x^2\\) means \\(x \\times x\\)."",""user"":""student""}]","teacher: How would you start simplifying this expression?
student: I would start by multiplying the coefficients, \(3 \times 4\), and then combine \(x^2\) and \(x^3\) using the exponent rule for multiplying powers with the same base.
teacher: That's a great plan! Can you remind me what that exponent rule is?
student: I think when multiplying powers with the same base, you multiply the exponents, so maybe \(x^2 \cdot x^3 = x^6\). I’m not completely sure though—I sometimes mix up when to add and when to multiply the exponents.
teacher: You're right that it's easy to mix them up! Let's think about what \(x^2\) and \(x^3\) actually represent. What does \(x^2\) mean in expanded form?
student: \(x^2\) means \(x \times x\).",focus,0.03666362166404724,0.2934876084327698,0.6526207327842712,0.017228035256266594,focus,0.019111979752779007,0.2753097712993622,0.6843692064285278,0.02120909094810486,focus,-0.017551641911268234,-0.018177837133407593,0.03174847364425659,0.0039810556918382645,False,False,False,focus -> focus,correct,0.9057973016504577,0.06599124873048245
psn_f78c0817d43053e5bd31da20,dffa3aac-68c5-4b98-b5cc-3bddd6e5f956:1,dffa3aac-68c5-4b98-b5cc-3bddd6e5f956:1:action:5,5,Simplifying Expressions positive exponents,"Simplify:

$$ 3x^2 \cdot 4x^3 $$

Write your final answer using a single exponent for \(x\).","[{""text"":""How would you start simplifying this expression?"",""user"":""teacher""},{""text"":""I would start by multiplying the coefficients, \\(3 \\times 4\\), and then combine \\(x^2\\) and \\(x^3\\) using the exponent rule for multiplying powers with the same base."",""user"":""student""},{""text"":""That's a great plan! Can you remind me what that exponent rule is?"",""user"":""teacher""},{""text"":""I think when multiplying powers with the same base, you multiply the exponents, so maybe \\(x^2 \\cdot x^3 = x^6\\). I’m not completely sure though—I sometimes mix up when to add and when to multiply the exponents."",""user"":""student""},{""text"":""You're right that it's easy to mix them up! Let's think about what \\(x^2\\) and \\(x^3\\) actually represent. What does \\(x^2\\) mean in expanded form?"",""user"":""teacher""},{""text"":""\\(x^2\\) means \\(x \\times x\\)."",""user"":""student""},{""text"":""Exactly! So, following that same idea, what would \\(x^3\\) mean in expanded form?"",""user"":""teacher""},{""text"":""\\(x^3\\) means \\(x \\times x \\times x\\)."",""user"":""student""}]","teacher: How would you start simplifying this expression?
student: I would start by multiplying the coefficients, \(3 \times 4\), and then combine \(x^2\) and \(x^3\) using the exponent rule for multiplying powers with the same base.
teacher: That's a great plan! Can you remind me what that exponent rule is?
student: I think when multiplying powers with the same base, you multiply the exponents, so maybe \(x^2 \cdot x^3 = x^6\). I’m not completely sure though—I sometimes mix up when to add and when to multiply the exponents.
teacher: You're right that it's easy to mix them up! Let's think about what \(x^2\) and \(x^3\) actually represent. What does \(x^2\) mean in expanded form?
student: \(x^2\) means \(x \times x\).
teacher: Exactly! So, following that same idea, what would \(x^3\) mean in expanded form?
student: \(x^3\) means \(x \times x \times x\).",focus,0.08313481509685516,0.2625386118888855,0.6316969394683838,0.02262965589761734,focus,0.05575111135840416,0.17480123043060303,0.7412654757499695,0.028182104229927063,focus,-0.027383703738451004,-0.08773738145828247,0.1095685362815857,0.005552448332309723,False,False,False,focus -> focus,unknown,0.9717885503809401,-0.0041448032690865055
psn_f78c0817d43053e5bd31da20,dffa3aac-68c5-4b98-b5cc-3bddd6e5f956:1,dffa3aac-68c5-4b98-b5cc-3bddd6e5f956:1:action:6,6,Simplifying Expressions positive exponents,"Simplify:

$$ 3x^2 \cdot 4x^3 $$

Write your final answer using a single exponent for \(x\).","[{""text"":""How would you start simplifying this expression?"",""user"":""teacher""},{""text"":""I would start by multiplying the coefficients, \\(3 \\times 4\\), and then combine \\(x^2\\) and \\(x^3\\) using the exponent rule for multiplying powers with the same base."",""user"":""student""},{""text"":""That's a great plan! Can you remind me what that exponent rule is?"",""user"":""teacher""},{""text"":""I think when multiplying powers with the same base, you multiply the exponents, so maybe \\(x^2 \\cdot x^3 = x^6\\). I’m not completely sure though—I sometimes mix up when to add and when to multiply the exponents."",""user"":""student""},{""text"":""You're right that it's easy to mix them up! Let's think about what \\(x^2\\) and \\(x^3\\) actually represent. What does \\(x^2\\) mean in expanded form?"",""user"":""teacher""},{""text"":""\\(x^2\\) means \\(x \\times x\\)."",""user"":""student""},{""text"":""Exactly! So, following that same idea, what would \\(x^3\\) mean in expanded form?"",""user"":""teacher""},{""text"":""\\(x^3\\) means \\(x \\times x \\times x\\)."",""user"":""student""},{""text"":""Great! Now, if you put those two expanded forms together, what would \\(x^2 \\cdot x^3\\) look like?"",""user"":""teacher""},{""text"":""i dont know that"",""user"":""student""}]","teacher: How would you start simplifying this expression?
student: I would start by multiplying the coefficients, \(3 \times 4\), and then combine \(x^2\) and \(x^3\) using the exponent rule for multiplying powers with the same base.
teacher: That's a great plan! Can you remind me what that exponent rule is?
student: I think when multiplying powers with the same base, you multiply the exponents, so maybe \(x^2 \cdot x^3 = x^6\). I’m not completely sure though—I sometimes mix up when to add and when to multiply the exponents.
teacher: You're right that it's easy to mix them up! Let's think about what \(x^2\) and \(x^3\) actually represent. What does \(x^2\) mean in expanded form?
student: \(x^2\) means \(x \times x\).
teacher: Exactly! So, following that same idea, what would \(x^3\) mean in expanded form?
student: \(x^3\) means \(x \times x \times x\).
teacher: Great! Now, if you put those two expanded forms together, what would \(x^2 \cdot x^3\) look like?
student: i dont know that",focus,0.11664646863937378,0.24635598063468933,0.6067125797271729,0.03028486855328083,focus,0.07043726742267609,0.18724077939987183,0.7068315148353577,0.035490430891513824,focus,-0.04620920121669769,-0.059115201234817505,0.10011893510818481,0.005205562338232994,False,False,False,focus -> focus,correct,0.9676437471118536,0.02177036934898069
psn_f78c0817d43053e5bd31da20,dffa3aac-68c5-4b98-b5cc-3bddd6e5f956:1,dffa3aac-68c5-4b98-b5cc-3bddd6e5f956:1:action:7,7,Simplifying Expressions positive exponents,"Simplify:

$$ 3x^2 \cdot 4x^3 $$

Write your final answer using a single exponent for \(x\).","[{""text"":""How would you start simplifying this expression?"",""user"":""teacher""},{""text"":""I would start by multiplying the coefficients, \\(3 \\times 4\\), and then combine \\(x^2\\) and \\(x^3\\) using the exponent rule for multiplying powers with the same base."",""user"":""student""},{""text"":""That's a great plan! Can you remind me what that exponent rule is?"",""user"":""teacher""},{""text"":""I think when multiplying powers with the same base, you multiply the exponents, so maybe \\(x^2 \\cdot x^3 = x^6\\). I’m not completely sure though—I sometimes mix up when to add and when to multiply the exponents."",""user"":""student""},{""text"":""You're right that it's easy to mix them up! Let's think about what \\(x^2\\) and \\(x^3\\) actually represent. What does \\(x^2\\) mean in expanded form?"",""user"":""teacher""},{""text"":""\\(x^2\\) means \\(x \\times x\\)."",""user"":""student""},{""text"":""Exactly! So, following that same idea, what would \\(x^3\\) mean in expanded form?"",""user"":""teacher""},{""text"":""\\(x^3\\) means \\(x \\times x \\times x\\)."",""user"":""student""},{""text"":""Great! Now, if you put those two expanded forms together, what would \\(x^2 \\cdot x^3\\) look like?"",""user"":""teacher""},{""text"":""i dont know that"",""user"":""student""},{""text"":""You know that \\(x^2 = x \\times x\\) and \\(x^3 = x \\times x \\times x\\). So, if we multiply them, we have \\((x \\times x) \\cdot (x \\times x \\times x)\\). How many \\(x\\)'s are being multiplied together in total?"",""user"":""teacher""},{""text"":""There are 5 \\(x\\)'s being multiplied together."",""user"":""student""}]","teacher: How would you start simplifying this expression?
student: I would start by multiplying the coefficients, \(3 \times 4\), and then combine \(x^2\) and \(x^3\) using the exponent rule for multiplying powers with the same base.
teacher: That's a great plan! Can you remind me what that exponent rule is?
student: I think when multiplying powers with the same base, you multiply the exponents, so maybe \(x^2 \cdot x^3 = x^6\). I’m not completely sure though—I sometimes mix up when to add and when to multiply the exponents.
teacher: You're right that it's easy to mix them up! Let's think about what \(x^2\) and \(x^3\) actually represent. What does \(x^2\) mean in expanded form?
student: \(x^2\) means \(x \times x\).
teacher: Exactly! So, following that same idea, what would \(x^3\) mean in expanded form?
student: \(x^3\) means \(x \times x \times x\).
teacher: Great! Now, if you put those two expanded forms together, what would \(x^2 \cdot x^3\) look like?
student: i dont know that
teacher: You know that \(x^2 = x \times x\) and \(x^3 = x \times x \times x\). So, if we multiply them, we have \((x \times x) \cdot (x \times x \times x)\). How many \(x\)'s are being multiplied together in total?
student: There are 5 \(x\)'s being multiplied together.",focus,0.12518581748008728,0.20814968645572662,0.6243898272514343,0.042274605482816696,focus,0.0750078409910202,0.1517723649740219,0.7135278582572937,0.05969196930527687,focus,-0.05017797648906708,-0.05637732148170471,0.08913803100585938,0.017417363822460175,False,False,False,focus -> focus,incorrect,0.9894141164608343,-0.0013711078406207777
psn_f78c0817d43053e5bd31da20,dffa3aac-68c5-4b98-b5cc-3bddd6e5f956:1,dffa3aac-68c5-4b98-b5cc-3bddd6e5f956:1:action:8,8,Simplifying Expressions positive exponents,"Simplify:

$$ 3x^2 \cdot 4x^3 $$

Write your final answer using a single exponent for \(x\).","[{""text"":""How would you start simplifying this expression?"",""user"":""teacher""},{""text"":""I would start by multiplying the coefficients, \\(3 \\times 4\\), and then combine \\(x^2\\) and \\(x^3\\) using the exponent rule for multiplying powers with the same base."",""user"":""student""},{""text"":""That's a great plan! Can you remind me what that exponent rule is?"",""user"":""teacher""},{""text"":""I think when multiplying powers with the same base, you multiply the exponents, so maybe \\(x^2 \\cdot x^3 = x^6\\). I’m not completely sure though—I sometimes mix up when to add and when to multiply the exponents."",""user"":""student""},{""text"":""You're right that it's easy to mix them up! Let's think about what \\(x^2\\) and \\(x^3\\) actually represent. What does \\(x^2\\) mean in expanded form?"",""user"":""teacher""},{""text"":""\\(x^2\\) means \\(x \\times x\\)."",""user"":""student""},{""text"":""Exactly! So, following that same idea, what would \\(x^3\\) mean in expanded form?"",""user"":""teacher""},{""text"":""\\(x^3\\) means \\(x \\times x \\times x\\)."",""user"":""student""},{""text"":""Great! Now, if you put those two expanded forms together, what would \\(x^2 \\cdot x^3\\) look like?"",""user"":""teacher""},{""text"":""i dont know that"",""user"":""student""},{""text"":""You know that \\(x^2 = x \\times x\\) and \\(x^3 = x \\times x \\times x\\). So, if we multiply them, we have \\((x \\times x) \\cdot (x \\times x \\times x)\\). How many \\(x\\)'s are being multiplied together in total?"",""user"":""teacher""},{""text"":""There are 5 \\(x\\)'s being multiplied together."",""user"":""student""},{""text"":""Exactly! So, how would you write '5 \\(x\\)'s being multiplied together' using a single exponent?"",""user"":""teacher""},{""text"":""I think it would be \\(x^4\\), because there are five \\(x\\)'s but I’m a little confused about whether the exponent counts the number of multiplications or the number of \\(x\\)'s."",""user"":""student""}]","teacher: How would you start simplifying this expression?
student: I would start by multiplying the coefficients, \(3 \times 4\), and then combine \(x^2\) and \(x^3\) using the exponent rule for multiplying powers with the same base.
teacher: That's a great plan! Can you remind me what that exponent rule is?
student: I think when multiplying powers with the same base, you multiply the exponents, so maybe \(x^2 \cdot x^3 = x^6\). I’m not completely sure though—I sometimes mix up when to add and when to multiply the exponents.
teacher: You're right that it's easy to mix them up! Let's think about what \(x^2\) and \(x^3\) actually represent. What does \(x^2\) mean in expanded form?
student: \(x^2\) means \(x \times x\).
teacher: Exactly! So, following that same idea, what would \(x^3\) mean in expanded form?
student: \(x^3\) means \(x \times x \times x\).
teacher: Great! Now, if you put those two expanded forms together, what would \(x^2 \cdot x^3\) look like?
student: i dont know that
teacher: You know that \(x^2 = x \times x\) and \(x^3 = x \times x \times x\). So, if we multiply them, we have \((x \times x) \cdot (x \times x \times x)\). How many \(x\)'s are being multiplied together in total?
student: There are 5 \(x\)'s being multiplied together.
teacher: Exactly! So, how would you write '5 \(x\)'s being multiplied together' using a single exponent?
student: I think it would be \(x^4\), because there are five \(x\)'s but I’m a little confused about whether the exponent counts the number of multiplications or the number of \(x\)'s.",focus,0.14210312068462372,0.18334844708442688,0.6060235500335693,0.06852487474679947,focus,0.10159480571746826,0.12263115495443344,0.683665931224823,0.09210800379514694,focus,-0.04050831496715546,-0.06071729212999344,0.07764238119125366,0.023583129048347473,False,False,False,focus -> focus,correct,0.9880430086202135,0.00790240854353319
psn_9a081eb5df240169b9f3c83b,b9a3b98d-ab91-4e24-b3f7-39a0623831b9:1,b9a3b98d-ab91-4e24-b3f7-39a0623831b9:1:action:1,1,Polynomial Factors,"Factor completely:

$$ x^2 + 9x + 20 $$

Then use your factors to find the values of \(x\) that make the expression equal to zero.",[],[No previous conversation],generic,0.9515932202339172,0.027388103306293488,0.014449386857450008,0.006569309160113335,generic,0.867335855960846,0.08231868594884872,0.03572322428226471,0.014622291550040245,generic,-0.08425736427307129,0.05493058264255524,0.0212738374248147,0.00805298238992691,False,False,False,generic -> generic,correct,0.20917734369717744,0.10619456954326456
psn_9a081eb5df240169b9f3c83b,b9a3b98d-ab91-4e24-b3f7-39a0623831b9:1,b9a3b98d-ab91-4e24-b3f7-39a0623831b9:1:action:2,2,Polynomial Factors,"Factor completely:

$$ x^2 + 9x + 20 $$

Then use your factors to find the values of \(x\) that make the expression equal to zero.","[{""text"":""How would you start solving this problem?"",""user"":""teacher""},{""text"":""I think I need to find two numbers that multiply to 20 and add to 9, but I’m not fully sure how to pick them."",""user"":""student""}]","teacher: How would you start solving this problem?
student: I think I need to find two numbers that multiply to 20 and add to 9, but I’m not fully sure how to pick them.",probing,0.000471172301331535,0.9982826709747314,0.0007499281782656908,0.0004962582606822252,probing,8.49879506858997e-05,0.9987924098968506,0.0007364773191511631,0.0003861090517602861,probing,-0.0003861843506456353,0.0005097389221191406,-1.3450859114527702e-05,-0.00011014920892193913,False,False,False,probing -> probing,correct,0.315371913240442,0.12790690822739315
psn_9a081eb5df240169b9f3c83b,b9a3b98d-ab91-4e24-b3f7-39a0623831b9:1,b9a3b98d-ab91-4e24-b3f7-39a0623831b9:1:action:3,3,Polynomial Factors,"Factor completely:

$$ x^2 + 9x + 20 $$

Then use your factors to find the values of \(x\) that make the expression equal to zero.","[{""text"":""How would you start solving this problem?"",""user"":""teacher""},{""text"":""I think I need to find two numbers that multiply to 20 and add to 9, but I’m not fully sure how to pick them."",""user"":""student""},{""text"":""That's a great start! To help you pick them, what are some pairs of numbers that multiply to 20?"",""user"":""teacher""},{""text"":""Maybe \\(1\\) and \\(20\\), \\(2\\) and \\(10\\), and \\(4\\) and \\(5\\)."",""user"":""student""}]","teacher: How would you start solving this problem?
student: I think I need to find two numbers that multiply to 20 and add to 9, but I’m not fully sure how to pick them.
teacher: That's a great start! To help you pick them, what are some pairs of numbers that multiply to 20?
student: Maybe \(1\) and \(20\), \(2\) and \(10\), and \(4\) and \(5\).",probing,0.022883564233779907,0.6028819680213928,0.37056249380111694,0.003672039834782481,probing,0.003916830290108919,0.6178409457206726,0.373555988073349,0.0046862270683050156,probing,-0.018966733943670988,0.014958977699279785,0.0029934942722320557,0.0010141872335225344,False,False,False,probing -> probing,correct,0.44327882146783515,0.12140540106171338
psn_9a081eb5df240169b9f3c83b,b9a3b98d-ab91-4e24-b3f7-39a0623831b9:1,b9a3b98d-ab91-4e24-b3f7-39a0623831b9:1:action:4,4,Polynomial Factors,"Factor completely:

$$ x^2 + 9x + 20 $$

Then use your factors to find the values of \(x\) that make the expression equal to zero.","[{""text"":""How would you start solving this problem?"",""user"":""teacher""},{""text"":""I think I need to find two numbers that multiply to 20 and add to 9, but I’m not fully sure how to pick them."",""user"":""student""},{""text"":""That's a great start! To help you pick them, what are some pairs of numbers that multiply to 20?"",""user"":""teacher""},{""text"":""Maybe \\(1\\) and \\(20\\), \\(2\\) and \\(10\\), and \\(4\\) and \\(5\\)."",""user"":""student""},{""text"":""Excellent! Now, for each of those pairs, what do they add up to?"",""user"":""teacher""},{""text"":""\\(1+20=21\\), \\(2+10=12\\), and \\(4+5=9\\). So I think \\(4\\) and \\(5\\) are the pair we need."",""user"":""student""}]","teacher: How would you start solving this problem?
student: I think I need to find two numbers that multiply to 20 and add to 9, but I’m not fully sure how to pick them.
teacher: That's a great start! To help you pick them, what are some pairs of numbers that multiply to 20?
student: Maybe \(1\) and \(20\), \(2\) and \(10\), and \(4\) and \(5\).
teacher: Excellent! Now, for each of those pairs, what do they add up to?
student: \(1+20=21\), \(2+10=12\), and \(4+5=9\). So I think \(4\) and \(5\) are the pair we need.",probing,0.16863642632961273,0.5731544494628906,0.24770382046699524,0.010505331680178642,probing,0.015516995452344418,0.4807252287864685,0.490934282541275,0.01282354723662138,focus,-0.15311943087726831,-0.09242922067642212,0.24323046207427979,0.0023182155564427376,True,False,False,probing -> focus,correct,0.5646842225295485,0.110144616456612
psn_9a081eb5df240169b9f3c83b,b9a3b98d-ab91-4e24-b3f7-39a0623831b9:1,b9a3b98d-ab91-4e24-b3f7-39a0623831b9:1:action:5,5,Polynomial Factors,"Factor completely:

$$ x^2 + 9x + 20 $$

Then use your factors to find the values of \(x\) that make the expression equal to zero.","[{""text"":""How would you start solving this problem?"",""user"":""teacher""},{""text"":""I think I need to find two numbers that multiply to 20 and add to 9, but I’m not fully sure how to pick them."",""user"":""student""},{""text"":""That's a great start! To help you pick them, what are some pairs of numbers that multiply to 20?"",""user"":""teacher""},{""text"":""Maybe \\(1\\) and \\(20\\), \\(2\\) and \\(10\\), and \\(4\\) and \\(5\\)."",""user"":""student""},{""text"":""Excellent! Now, for each of those pairs, what do they add up to?"",""user"":""teacher""},{""text"":""\\(1+20=21\\), \\(2+10=12\\), and \\(4+5=9\\). So I think \\(4\\) and \\(5\\) are the pair we need."",""user"":""student""},{""text"":""You're absolutely right! The numbers 4 and 5 are the pair we need. Now, how do you use these numbers to write the factored form of \\(x^2 + 9x + 20\\)?"",""user"":""teacher""},{""text"":""I think the factored form is \\((x+4)(x+5)\\), because 4 and 5 multiply to 20 and add to 9."",""user"":""student""}]","teacher: How would you start solving this problem?
student: I think I need to find two numbers that multiply to 20 and add to 9, but I’m not fully sure how to pick them.
teacher: That's a great start! To help you pick them, what are some pairs of numbers that multiply to 20?
student: Maybe \(1\) and \(20\), \(2\) and \(10\), and \(4\) and \(5\).
teacher: Excellent! Now, for each of those pairs, what do they add up to?
student: \(1+20=21\), \(2+10=12\), and \(4+5=9\). So I think \(4\) and \(5\) are the pair we need.
teacher: You're absolutely right! The numbers 4 and 5 are the pair we need. Now, how do you use these numbers to write the factored form of \(x^2 + 9x + 20\)?
student: I think the factored form is \((x+4)(x+5)\), because 4 and 5 multiply to 20 and add to 9.",focus,0.24298861622810364,0.23242305219173431,0.49170953035354614,0.03287878632545471,focus,0.058509569615125656,0.15763209760189056,0.7387638688087463,0.045094527304172516,focus,-0.18447904661297798,-0.07479095458984375,0.2470543384552002,0.012215740978717804,False,False,False,focus -> focus,correct,0.6748288389861605,0.07980927927325687
psn_9a081eb5df240169b9f3c83b,0adabdf3-b861-4b0f-b802-451cc208dd0b:1,0adabdf3-b861-4b0f-b802-451cc208dd0b:1:action:1,1,Pythagorean Theorem,"A right triangle has a hypotenuse of 13 cm and one shorter side of 5 cm.

Find the length of the other shorter side.",[],[No previous conversation],generic,0.9652584791183472,0.01899520494043827,0.01086112018674612,0.004885253496468067,generic,0.9596245884895325,0.022997254505753517,0.012271911837160587,0.005106138065457344,generic,-0.005633890628814697,0.004002049565315247,0.0014107916504144669,0.00022088456898927689,False,False,False,generic -> generic,partial,0.7322287873726493,0.015999710158805303
psn_9a081eb5df240169b9f3c83b,0adabdf3-b861-4b0f-b802-451cc208dd0b:1,0adabdf3-b861-4b0f-b802-451cc208dd0b:1:action:2,2,Pythagorean Theorem,"A right triangle has a hypotenuse of 13 cm and one shorter side of 5 cm.

Find the length of the other shorter side.","[{""text"":""How would you start solving this problem?"",""user"":""teacher""},{""text"":""I think I use the Pythagorean theorem, but I’m not sure how to set it up since 13 is already the hypotenuse."",""user"":""student""}]","teacher: How would you start solving this problem?
student: I think I use the Pythagorean theorem, but I’m not sure how to set it up since 13 is already the hypotenuse.",probing,0.0003595851012505591,0.9977189898490906,0.0014215080300346017,0.0004999153316020966,probing,9.435166430193931e-05,0.9992254972457886,0.00036335259210318327,0.0003168567782267928,probing,-0.0002652334369486198,0.001506507396697998,-0.0010581554379314184,-0.00018305855337530375,False,False,False,probing -> probing,correct,0.7482284975314546,0.04175755938341297
psn_9a081eb5df240169b9f3c83b,0adabdf3-b861-4b0f-b802-451cc208dd0b:1,0adabdf3-b861-4b0f-b802-451cc208dd0b:1:action:3,3,Pythagorean Theorem,"A right triangle has a hypotenuse of 13 cm and one shorter side of 5 cm.

Find the length of the other shorter side.","[{""text"":""How would you start solving this problem?"",""user"":""teacher""},{""text"":""I think I use the Pythagorean theorem, but I’m not sure how to set it up since 13 is already the hypotenuse."",""user"":""student""},{""text"":""You're right that the Pythagorean theorem is the way to go! How does the hypotenuse relate to the other two sides in the formula?"",""user"":""teacher""},{""text"":""I think the hypotenuse is \\(c\\), so \\(13^2\\) should go on the \\(c^2\\) side. The other two sides go on the other side."",""user"":""student""}]","teacher: How would you start solving this problem?
student: I think I use the Pythagorean theorem, but I’m not sure how to set it up since 13 is already the hypotenuse.
teacher: You're right that the Pythagorean theorem is the way to go! How does the hypotenuse relate to the other two sides in the formula?
student: I think the hypotenuse is \(c\), so \(13^2\) should go on the \(c^2\) side. The other two sides go on the other side.",focus,0.1649572104215622,0.25307559967041016,0.5586196184158325,0.02334754168987274,focus,0.09973076730966568,0.5578734278678894,0.3087044954299927,0.033691294491291046,probing,-0.06522644311189651,0.30479782819747925,-0.24991512298583984,0.010343752801418304,True,False,False,focus -> probing,correct,0.7899860569148676,0.03739970769462708
psn_9a081eb5df240169b9f3c83b,978c3e3b-ab82-4c73-9791-5dc47de68792:1,978c3e3b-ab82-4c73-9791-5dc47de68792:1:action:1,1,Perimeter of a Polygon,"A pentagon has side lengths of 6 cm, 8 cm, 5 cm, 7 cm, and 9 cm.

What is the perimeter of the pentagon?",[],[No previous conversation],generic,0.9089400768280029,0.05303793027997017,0.02799009531736374,0.01003189291805029,generic,0.7606895565986633,0.15237076580524445,0.06447441875934601,0.022465277463197708,generic,-0.1482505202293396,0.09933283552527428,0.03648432344198227,0.012433384545147419,False,False,False,generic -> generic,correct,0.9009116153875528,0.03350661651400533
psn_9a081eb5df240169b9f3c83b,978c3e3b-ab82-4c73-9791-5dc47de68792:1,978c3e3b-ab82-4c73-9791-5dc47de68792:1:action:2,2,Perimeter of a Polygon,"A pentagon has side lengths of 6 cm, 8 cm, 5 cm, 7 cm, and 9 cm.

What is the perimeter of the pentagon?","[{""text"":""How would you start solving this problem?"",""user"":""teacher""},{""text"":""I think I need to add the side lengths together, but I’m not completely sure if perimeter means adding all of them."",""user"":""student""}]","teacher: How would you start solving this problem?
student: I think I need to add the side lengths together, but I’m not completely sure if perimeter means adding all of them.",probing,0.0003152705612592399,0.9957595467567444,0.003219434292986989,0.0007056434988044202,probing,8.664061169838533e-05,0.9979504942893982,0.001478182035498321,0.0004847833188250661,probing,-0.00022862994956085458,0.0021909475326538086,-0.001741252257488668,-0.00022086017997935414,False,False,False,probing -> probing,correct,0.9344182319015581,0.02478328045601441
psn_b94f4a505b4ee07be23867fc,bf4054b0-35ba-46ac-8cef-3d83a59f61c0:1,bf4054b0-35ba-46ac-8cef-3d83a59f61c0:1:action:1,1,Multiplication and Division Integers,"A diver is at −18 meters below sea level. They descend at −7 meters per minute for 6 minutes, then rise 36 meters at a rate of +9 meters per minute.

What is the diver’s depth after the descent?
How many minutes does the rise take?
What is the diver’s final depth after the rise?",[],[No previous conversation],generic,0.8146116137504578,0.09474059194326401,0.06573136150836945,0.02491648867726326,generic,0.7371806502342224,0.1259792596101761,0.10283483564853668,0.034005243331193924,generic,-0.07743096351623535,0.03123866766691208,0.037103474140167236,0.009088754653930664,False,False,False,generic -> generic,partial,0.7807387535603924,0.013918459761173674
psn_b94f4a505b4ee07be23867fc,bf4054b0-35ba-46ac-8cef-3d83a59f61c0:1,bf4054b0-35ba-46ac-8cef-3d83a59f61c0:1:action:2,2,Multiplication and Division Integers,"A diver is at −18 meters below sea level. They descend at −7 meters per minute for 6 minutes, then rise 36 meters at a rate of +9 meters per minute.

What is the diver’s depth after the descent?
How many minutes does the rise take?
What is the diver’s final depth after the rise?","[{""text"":""How would you start solving this problem?"",""user"":""teacher""},{""text"":""I’d probably start with the descent part first. Since it says \\(-7\\) meters per minute for 6 minutes, I think I need to multiply those somehow, but I’m not fully sure what to do with the starting \\(-18\\)."",""user"":""student""}]","teacher: How would you start solving this problem?
student: I’d probably start with the descent part first. Since it says \(-7\) meters per minute for 6 minutes, I think I need to multiply those somehow, but I’m not fully sure what to do with the starting \(-18\).",probing,0.0038674436509609222,0.5212698578834534,0.4543384611606598,0.020524214953184128,probing,0.000712313165422529,0.22743313014507294,0.7670916318893433,0.004762861877679825,focus,-0.0031551304855383933,-0.29383672773838043,0.31275317072868347,-0.015761353075504303,True,False,False,probing -> focus,correct,0.794657213321566,0.036351916190221156
psn_b94f4a505b4ee07be23867fc,bf4054b0-35ba-46ac-8cef-3d83a59f61c0:1,bf4054b0-35ba-46ac-8cef-3d83a59f61c0:1:action:3,3,Multiplication and Division Integers,"A diver is at −18 meters below sea level. They descend at −7 meters per minute for 6 minutes, then rise 36 meters at a rate of +9 meters per minute.

What is the diver’s depth after the descent?
How many minutes does the rise take?
What is the diver’s final depth after the rise?","[{""text"":""How would you start solving this problem?"",""user"":""teacher""},{""text"":""I’d probably start with the descent part first. Since it says \\(-7\\) meters per minute for 6 minutes, I think I need to multiply those somehow, but I’m not fully sure what to do with the starting \\(-18\\)."",""user"":""student""},{""text"":""You're on the right track with multiplying -7 and 6. What would that product represent in terms of the diver's movement?"",""user"":""teacher""},{""text"":""I think it represents how far the diver moved downward during those 6 minutes."",""user"":""student""}]","teacher: How would you start solving this problem?
student: I’d probably start with the descent part first. Since it says \(-7\) meters per minute for 6 minutes, I think I need to multiply those somehow, but I’m not fully sure what to do with the starting \(-18\).
teacher: You're on the right track with multiplying -7 and 6. What would that product represent in terms of the diver's movement?
student: I think it represents how far the diver moved downward during those 6 minutes.",focus,0.022682424634695053,0.3819602131843567,0.5605115294456482,0.03484590724110603,focus,0.010489299893379211,0.17978638410568237,0.7750964760780334,0.0346277579665184,focus,-0.012193124741315842,-0.20217382907867432,0.21458494663238525,-0.00021814927458763123,False,False,False,focus -> focus,correct,0.8310091295117872,0.032355347925816735
psn_b94f4a505b4ee07be23867fc,bf4054b0-35ba-46ac-8cef-3d83a59f61c0:1,bf4054b0-35ba-46ac-8cef-3d83a59f61c0:1:action:4,4,Multiplication and Division Integers,"A diver is at −18 meters below sea level. They descend at −7 meters per minute for 6 minutes, then rise 36 meters at a rate of +9 meters per minute.

What is the diver’s depth after the descent?
How many minutes does the rise take?
What is the diver’s final depth after the rise?","[{""text"":""How would you start solving this problem?"",""user"":""teacher""},{""text"":""I’d probably start with the descent part first. Since it says \\(-7\\) meters per minute for 6 minutes, I think I need to multiply those somehow, but I’m not fully sure what to do with the starting \\(-18\\)."",""user"":""student""},{""text"":""You're on the right track with multiplying -7 and 6. What would that product represent in terms of the diver's movement?"",""user"":""teacher""},{""text"":""I think it represents how far the diver moved downward during those 6 minutes."",""user"":""student""},{""text"":""You've correctly identified that the product of -7 and 6 represents the total change in depth during the descent. How would you combine that change with the diver's initial depth of -18 meters to find their depth after the descent?"",""user"":""teacher""},{""text"":""I think I add the change to the starting depth, so it would be \\(-18 + (-42)\\). I’m a little unsure with the two negative signs though."",""user"":""student""}]","teacher: How would you start solving this problem?
student: I’d probably start with the descent part first. Since it says \(-7\) meters per minute for 6 minutes, I think I need to multiply those somehow, but I’m not fully sure what to do with the starting \(-18\).
teacher: You're on the right track with multiplying -7 and 6. What would that product represent in terms of the diver's movement?
student: I think it represents how far the diver moved downward during those 6 minutes.
teacher: You've correctly identified that the product of -7 and 6 represents the total change in depth during the descent. How would you combine that change with the diver's initial depth of -18 meters to find their depth after the descent?
student: I think I add the change to the starting depth, so it would be \(-18 + (-42)\). I’m a little unsure with the two negative signs though.",focus,0.12437573820352554,0.21082372963428497,0.5573387742042542,0.10746180266141891,focus,0.181356281042099,0.16943754255771637,0.43060874938964844,0.21859751641750336,focus,0.056980542838573456,-0.041386187076568604,-0.1267300248146057,0.11113571375608444,False,False,False,focus -> focus,partial,0.8633644774376039,0.00996837764287617
psn_b94f4a505b4ee07be23867fc,bf4054b0-35ba-46ac-8cef-3d83a59f61c0:1,bf4054b0-35ba-46ac-8cef-3d83a59f61c0:1:action:5,5,Multiplication and Division Integers,"A diver is at −18 meters below sea level. They descend at −7 meters per minute for 6 minutes, then rise 36 meters at a rate of +9 meters per minute.

What is the diver’s depth after the descent?
How many minutes does the rise take?
What is the diver’s final depth after the rise?","[{""text"":""How would you start solving this problem?"",""user"":""teacher""},{""text"":""I’d probably start with the descent part first. Since it says \\(-7\\) meters per minute for 6 minutes, I think I need to multiply those somehow, but I’m not fully sure what to do with the starting \\(-18\\)."",""user"":""student""},{""text"":""You're on the right track with multiplying -7 and 6. What would that product represent in terms of the diver's movement?"",""user"":""teacher""},{""text"":""I think it represents how far the diver moved downward during those 6 minutes."",""user"":""student""},{""text"":""You've correctly identified that the product of -7 and 6 represents the total change in depth during the descent. How would you combine that change with the diver's initial depth of -18 meters to find their depth after the descent?"",""user"":""teacher""},{""text"":""I think I add the change to the starting depth, so it would be \\(-18 + (-42)\\). I’m a little unsure with the two negative signs though."",""user"":""student""},{""text"":""You're starting at -18 meters and then adding a change of -42 meters. What does adding a negative number mean for the diver's depth?"",""user"":""teacher""},{""text"":""It means the diver goes even deeper, so the depth becomes more negative. I think I need to combine \\(-18\\) and \\(-42\\), but I’m not sure of the final number yet."",""user"":""student""}]","teacher: How would you start solving this problem?
student: I’d probably start with the descent part first. Since it says \(-7\) meters per minute for 6 minutes, I think I need to multiply those somehow, but I’m not fully sure what to do with the starting \(-18\).
teacher: You're on the right track with multiplying -7 and 6. What would that product represent in terms of the diver's movement?
student: I think it represents how far the diver moved downward during those 6 minutes.
teacher: You've correctly identified that the product of -7 and 6 represents the total change in depth during the descent. How would you combine that change with the diver's initial depth of -18 meters to find their depth after the descent?
student: I think I add the change to the starting depth, so it would be \(-18 + (-42)\). I’m a little unsure with the two negative signs though.
teacher: You're starting at -18 meters and then adding a change of -42 meters. What does adding a negative number mean for the diver's depth?
student: It means the diver goes even deeper, so the depth becomes more negative. I think I need to combine \(-18\) and \(-42\), but I’m not sure of the final number yet.",focus,0.16860421001911163,0.13040877878665924,0.383115291595459,0.31787168979644775,focus,0.19259227812290192,0.09848538041114807,0.2581709921360016,0.4507513642311096,telling,0.023988068103790283,-0.03192339837551117,-0.1249442994594574,0.13287967443466187,True,True,False,focus -> telling,correct,0.8733328550804801,0.023544549322920605
psn_b94f4a505b4ee07be23867fc,bf4054b0-35ba-46ac-8cef-3d83a59f61c0:1,bf4054b0-35ba-46ac-8cef-3d83a59f61c0:1:action:6,6,Multiplication and Division Integers,"A diver is at −18 meters below sea level. They descend at −7 meters per minute for 6 minutes, then rise 36 meters at a rate of +9 meters per minute.

What is the diver’s depth after the descent?
How many minutes does the rise take?
What is the diver’s final depth after the rise?","[{""text"":""How would you start solving this problem?"",""user"":""teacher""},{""text"":""I’d probably start with the descent part first. Since it says \\(-7\\) meters per minute for 6 minutes, I think I need to multiply those somehow, but I’m not fully sure what to do with the starting \\(-18\\)."",""user"":""student""},{""text"":""You're on the right track with multiplying -7 and 6. What would that product represent in terms of the diver's movement?"",""user"":""teacher""},{""text"":""I think it represents how far the diver moved downward during those 6 minutes."",""user"":""student""},{""text"":""You've correctly identified that the product of -7 and 6 represents the total change in depth during the descent. How would you combine that change with the diver's initial depth of -18 meters to find their depth after the descent?"",""user"":""teacher""},{""text"":""I think I add the change to the starting depth, so it would be \\(-18 + (-42)\\). I’m a little unsure with the two negative signs though."",""user"":""student""},{""text"":""You're starting at -18 meters and then adding a change of -42 meters. What does adding a negative number mean for the diver's depth?"",""user"":""teacher""},{""text"":""It means the diver goes even deeper, so the depth becomes more negative. I think I need to combine \\(-18\\) and \\(-42\\), but I’m not sure of the final number yet."",""user"":""student""},{""text"":""You're right, the depth becomes more negative. What is the result when you combine -18 and -42?"",""user"":""teacher""},{""text"":""\\(-18 + (-42) = -60\\), so the diver is at \\(-60\\) meters after the descent."",""user"":""student""}]","teacher: How would you start solving this problem?
student: I’d probably start with the descent part first. Since it says \(-7\) meters per minute for 6 minutes, I think I need to multiply those somehow, but I’m not fully sure what to do with the starting \(-18\).
teacher: You're on the right track with multiplying -7 and 6. What would that product represent in terms of the diver's movement?
student: I think it represents how far the diver moved downward during those 6 minutes.
teacher: You've correctly identified that the product of -7 and 6 represents the total change in depth during the descent. How would you combine that change with the diver's initial depth of -18 meters to find their depth after the descent?
student: I think I add the change to the starting depth, so it would be \(-18 + (-42)\). I’m a little unsure with the two negative signs though.
teacher: You're starting at -18 meters and then adding a change of -42 meters. What does adding a negative number mean for the diver's depth?
student: It means the diver goes even deeper, so the depth becomes more negative. I think I need to combine \(-18\) and \(-42\), but I’m not sure of the final number yet.
teacher: You're right, the depth becomes more negative. What is the result when you combine -18 and -42?
student: \(-18 + (-42) = -60\), so the diver is at \(-60\) meters after the descent.",focus,0.20083551108837128,0.11975336819887161,0.3714592158794403,0.3079518675804138,focus,0.21650414168834686,0.08462434262037277,0.22807703912258148,0.4707944393157959,telling,0.015668630599975586,-0.03512902557849884,-0.14338217675685883,0.16284257173538208,True,True,False,focus -> telling,correct,0.8968774044034007,0.018871587353022856
psn_b94f4a505b4ee07be23867fc,bf4054b0-35ba-46ac-8cef-3d83a59f61c0:1,bf4054b0-35ba-46ac-8cef-3d83a59f61c0:1:action:7,7,Multiplication and Division Integers,"A diver is at −18 meters below sea level. They descend at −7 meters per minute for 6 minutes, then rise 36 meters at a rate of +9 meters per minute.

What is the diver’s depth after the descent?
How many minutes does the rise take?
What is the diver’s final depth after the rise?","[{""text"":""How would you start solving this problem?"",""user"":""teacher""},{""text"":""I’d probably start with the descent part first. Since it says \\(-7\\) meters per minute for 6 minutes, I think I need to multiply those somehow, but I’m not fully sure what to do with the starting \\(-18\\)."",""user"":""student""},{""text"":""You're on the right track with multiplying -7 and 6. What would that product represent in terms of the diver's movement?"",""user"":""teacher""},{""text"":""I think it represents how far the diver moved downward during those 6 minutes."",""user"":""student""},{""text"":""You've correctly identified that the product of -7 and 6 represents the total change in depth during the descent. How would you combine that change with the diver's initial depth of -18 meters to find their depth after the descent?"",""user"":""teacher""},{""text"":""I think I add the change to the starting depth, so it would be \\(-18 + (-42)\\). I’m a little unsure with the two negative signs though."",""user"":""student""},{""text"":""You're starting at -18 meters and then adding a change of -42 meters. What does adding a negative number mean for the diver's depth?"",""user"":""teacher""},{""text"":""It means the diver goes even deeper, so the depth becomes more negative. I think I need to combine \\(-18\\) and \\(-42\\), but I’m not sure of the final number yet."",""user"":""student""},{""text"":""You're right, the depth becomes more negative. What is the result when you combine -18 and -42?"",""user"":""teacher""},{""text"":""\\(-18 + (-42) = -60\\), so the diver is at \\(-60\\) meters after the descent."",""user"":""student""},{""text"":""Great job finding the depth after the descent! Now, let's move on to the next part of the problem. The diver rises 36 meters at a rate of +9 meters per minute. What is the next question you need to answer based on this information?"",""user"":""teacher""},{""text"":""I need to figure out how many minutes it takes to rise 36 meters at 9 meters per minute."",""user"":""student""}]","teacher: How would you start solving this problem?
student: I’d probably start with the descent part first. Since it says \(-7\) meters per minute for 6 minutes, I think I need to multiply those somehow, but I’m not fully sure what to do with the starting \(-18\).
teacher: You're on the right track with multiplying -7 and 6. What would that product represent in terms of the diver's movement?
student: I think it represents how far the diver moved downward during those 6 minutes.
teacher: You've correctly identified that the product of -7 and 6 represents the total change in depth during the descent. How would you combine that change with the diver's initial depth of -18 meters to find their depth after the descent?
student: I think I add the change to the starting depth, so it would be \(-18 + (-42)\). I’m a little unsure with the two negative signs though.
teacher: You're starting at -18 meters and then adding a change of -42 meters. What does adding a negative number mean for the diver's depth?
student: It means the diver goes even deeper, so the depth becomes more negative. I think I need to combine \(-18\) and \(-42\), but I’m not sure of the final number yet.
teacher: You're right, the depth becomes more negative. What is the result when you combine -18 and -42?
student: \(-18 + (-42) = -60\), so the diver is at \(-60\) meters after the descent.
teacher: Great job finding the depth after the descent! Now, let's move on to the next part of the problem. The diver rises 36 meters at a rate of +9 meters per minute. What is the next question you need to answer based on this information?
student: I need to figure out how many minutes it takes to rise 36 meters at 9 meters per minute.",focus,0.16222919523715973,0.07735554128885269,0.5647389888763428,0.1956762969493866,focus,0.18541376292705536,0.06109541282057762,0.5226740837097168,0.23081666231155396,focus,0.02318456768989563,-0.01626012846827507,-0.04206490516662598,0.03514036536216736,False,False,False,focus -> focus,correct,0.9157489917564235,0.0154998074563506
psn_b94f4a505b4ee07be23867fc,bf4054b0-35ba-46ac-8cef-3d83a59f61c0:1,bf4054b0-35ba-46ac-8cef-3d83a59f61c0:1:action:8,8,Multiplication and Division Integers,"A diver is at −18 meters below sea level. They descend at −7 meters per minute for 6 minutes, then rise 36 meters at a rate of +9 meters per minute.

What is the diver’s depth after the descent?
How many minutes does the rise take?
What is the diver’s final depth after the rise?","[{""text"":""How would you start solving this problem?"",""user"":""teacher""},{""text"":""I’d probably start with the descent part first. Since it says \\(-7\\) meters per minute for 6 minutes, I think I need to multiply those somehow, but I’m not fully sure what to do with the starting \\(-18\\)."",""user"":""student""},{""text"":""You're on the right track with multiplying -7 and 6. What would that product represent in terms of the diver's movement?"",""user"":""teacher""},{""text"":""I think it represents how far the diver moved downward during those 6 minutes."",""user"":""student""},{""text"":""You've correctly identified that the product of -7 and 6 represents the total change in depth during the descent. How would you combine that change with the diver's initial depth of -18 meters to find their depth after the descent?"",""user"":""teacher""},{""text"":""I think I add the change to the starting depth, so it would be \\(-18 + (-42)\\). I’m a little unsure with the two negative signs though."",""user"":""student""},{""text"":""You're starting at -18 meters and then adding a change of -42 meters. What does adding a negative number mean for the diver's depth?"",""user"":""teacher""},{""text"":""It means the diver goes even deeper, so the depth becomes more negative. I think I need to combine \\(-18\\) and \\(-42\\), but I’m not sure of the final number yet."",""user"":""student""},{""text"":""You're right, the depth becomes more negative. What is the result when you combine -18 and -42?"",""user"":""teacher""},{""text"":""\\(-18 + (-42) = -60\\), so the diver is at \\(-60\\) meters after the descent."",""user"":""student""},{""text"":""Great job finding the depth after the descent! Now, let's move on to the next part of the problem. The diver rises 36 meters at a rate of +9 meters per minute. What is the next question you need to answer based on this information?"",""user"":""teacher""},{""text"":""I need to figure out how many minutes it takes to rise 36 meters at 9 meters per minute."",""user"":""student""},{""text"":""You're right, you need to find the time. What operation would you use with 36 meters and +9 meters per minute to calculate how many minutes the rise takes?"",""user"":""teacher""},{""text"":""I think I should divide \\(36\\) by \\(9\\) to find the number of minutes."",""user"":""student""}]","teacher: How would you start solving this problem?
student: I’d probably start with the descent part first. Since it says \(-7\) meters per minute for 6 minutes, I think I need to multiply those somehow, but I’m not fully sure what to do with the starting \(-18\).
teacher: You're on the right track with multiplying -7 and 6. What would that product represent in terms of the diver's movement?
student: I think it represents how far the diver moved downward during those 6 minutes.
teacher: You've correctly identified that the product of -7 and 6 represents the total change in depth during the descent. How would you combine that change with the diver's initial depth of -18 meters to find their depth after the descent?
student: I think I add the change to the starting depth, so it would be \(-18 + (-42)\). I’m a little unsure with the two negative signs though.
teacher: You're starting at -18 meters and then adding a change of -42 meters. What does adding a negative number mean for the diver's depth?
student: It means the diver goes even deeper, so the depth becomes more negative. I think I need to combine \(-18\) and \(-42\), but I’m not sure of the final number yet.
teacher: You're right, the depth becomes more negative. What is the result when you combine -18 and -42?
student: \(-18 + (-42) = -60\), so the diver is at \(-60\) meters after the descent.
teacher: Great job finding the depth after the descent! Now, let's move on to the next part of the problem. The diver rises 36 meters at a rate of +9 meters per minute. What is the next question you need to answer based on this information?
student: I need to figure out how many minutes it takes to rise 36 meters at 9 meters per minute.
teacher: You're right, you need to find the time. What operation would you use with 36 meters and +9 meters per minute to calculate how many minutes the rise takes?
student: I think I should divide \(36\) by \(9\) to find the number of minutes.",focus,0.16732855141162872,0.06005408987402916,0.6794049739837646,0.09321234375238419,focus,0.19102780520915985,0.058509476482868195,0.5443704724311829,0.2060922533273697,focus,0.023699253797531128,-0.001544613391160965,-0.1350345015525818,0.1128799095749855,False,False,False,focus -> focus,correct,0.9312487992127741,0.012941259402848737
psn_b94f4a505b4ee07be23867fc,bf4054b0-35ba-46ac-8cef-3d83a59f61c0:1,bf4054b0-35ba-46ac-8cef-3d83a59f61c0:1:action:9,9,Multiplication and Division Integers,"A diver is at −18 meters below sea level. They descend at −7 meters per minute for 6 minutes, then rise 36 meters at a rate of +9 meters per minute.

What is the diver’s depth after the descent?
How many minutes does the rise take?
What is the diver’s final depth after the rise?","[{""text"":""How would you start solving this problem?"",""user"":""teacher""},{""text"":""I’d probably start with the descent part first. Since it says \\(-7\\) meters per minute for 6 minutes, I think I need to multiply those somehow, but I’m not fully sure what to do with the starting \\(-18\\)."",""user"":""student""},{""text"":""You're on the right track with multiplying -7 and 6. What would that product represent in terms of the diver's movement?"",""user"":""teacher""},{""text"":""I think it represents how far the diver moved downward during those 6 minutes."",""user"":""student""},{""text"":""You've correctly identified that the product of -7 and 6 represents the total change in depth during the descent. How would you combine that change with the diver's initial depth of -18 meters to find their depth after the descent?"",""user"":""teacher""},{""text"":""I think I add the change to the starting depth, so it would be \\(-18 + (-42)\\). I’m a little unsure with the two negative signs though."",""user"":""student""},{""text"":""You're starting at -18 meters and then adding a change of -42 meters. What does adding a negative number mean for the diver's depth?"",""user"":""teacher""},{""text"":""It means the diver goes even deeper, so the depth becomes more negative. I think I need to combine \\(-18\\) and \\(-42\\), but I’m not sure of the final number yet."",""user"":""student""},{""text"":""You're right, the depth becomes more negative. What is the result when you combine -18 and -42?"",""user"":""teacher""},{""text"":""\\(-18 + (-42) = -60\\), so the diver is at \\(-60\\) meters after the descent."",""user"":""student""},{""text"":""Great job finding the depth after the descent! Now, let's move on to the next part of the problem. The diver rises 36 meters at a rate of +9 meters per minute. What is the next question you need to answer based on this information?"",""user"":""teacher""},{""text"":""I need to figure out how many minutes it takes to rise 36 meters at 9 meters per minute."",""user"":""student""},{""text"":""You're right, you need to find the time. What operation would you use with 36 meters and +9 meters per minute to calculate how many minutes the rise takes?"",""user"":""teacher""},{""text"":""I think I should divide \\(36\\) by \\(9\\) to find the number of minutes."",""user"":""student""},{""text"":""What result do you get when you divide 36 by 9?"",""user"":""teacher""},{""text"":""\\(36 \\div 9 = 4\\), so the rise takes **4 minutes**."",""user"":""student""}]","teacher: How would you start solving this problem?
student: I’d probably start with the descent part first. Since it says \(-7\) meters per minute for 6 minutes, I think I need to multiply those somehow, but I’m not fully sure what to do with the starting \(-18\).
teacher: You're on the right track with multiplying -7 and 6. What would that product represent in terms of the diver's movement?
student: I think it represents how far the diver moved downward during those 6 minutes.
teacher: You've correctly identified that the product of -7 and 6 represents the total change in depth during the descent. How would you combine that change with the diver's initial depth of -18 meters to find their depth after the descent?
student: I think I add the change to the starting depth, so it would be \(-18 + (-42)\). I’m a little unsure with the two negative signs though.
teacher: You're starting at -18 meters and then adding a change of -42 meters. What does adding a negative number mean for the diver's depth?
student: It means the diver goes even deeper, so the depth becomes more negative. I think I need to combine \(-18\) and \(-42\), but I’m not sure of the final number yet.
teacher: You're right, the depth becomes more negative. What is the result when you combine -18 and -42?
student: \(-18 + (-42) = -60\), so the diver is at \(-60\) meters after the descent.
teacher: Great job finding the depth after the descent! Now, let's move on to the next part of the problem. The diver rises 36 meters at a rate of +9 meters per minute. What is the next question you need to answer based on this information?
student: I need to figure out how many minutes it takes to rise 36 meters at 9 meters per minute.
teacher: You're right, you need to find the time. What operation would you use with 36 meters and +9 meters per minute to calculate how many minutes the rise takes?
student: I think I should divide \(36\) by \(9\) to find the number of minutes.
teacher: What result do you get when you divide 36 by 9?
student: \(36 \div 9 = 4\), so the rise takes **4 minutes**.",focus,0.11296918243169785,0.07909640669822693,0.738102376461029,0.06983206421136856,focus,0.12722043693065643,0.04882430657744408,0.7345704436302185,0.08938480913639069,focus,0.014251254498958588,-0.030272100120782852,-0.003531932830810547,0.019552744925022125,False,False,False,focus -> focus,correct,0.9441900586156229,0.010504240864149028
psn_b94f4a505b4ee07be23867fc,9bba79bb-b00a-40ca-a121-24da1db2e319:1,9bba79bb-b00a-40ca-a121-24da1db2e319:1:action:1,1,Interior Angles Triangle,"In a triangle, one angle is 20° more than the smallest angle, and the third angle is twice the smallest angle.

Find the measure of all three angles.",[],[No previous conversation],generic,0.9086674451828003,0.05334139242768288,0.027171360328793526,0.010819782502949238,generic,0.7943053245544434,0.12291877716779709,0.060546305030584335,0.02222955785691738,generic,-0.11436212062835693,0.06957738474011421,0.03337494470179081,0.011409775353968143,False,False,False,generic -> generic,correct,0.8135524878930875,0.06572723311364259
psn_b94f4a505b4ee07be23867fc,9bba79bb-b00a-40ca-a121-24da1db2e319:1,9bba79bb-b00a-40ca-a121-24da1db2e319:1:action:2,2,Interior Angles Triangle,"In a triangle, one angle is 20° more than the smallest angle, and the third angle is twice the smallest angle.

Find the measure of all three angles.","[{""text"":""How would you start solving this problem?"",""user"":""teacher""},{""text"":""I think I should let the smallest angle be \\(x\\), but I’m not sure what to do after that."",""user"":""student""}]","teacher: How would you start solving this problem?
student: I think I should let the smallest angle be \(x\), but I’m not sure what to do after that.",probing,0.00032437476329505444,0.9983870983123779,0.0008660584571771324,0.0004225471639074385,probing,9.087324724532664e-05,0.9991540908813477,0.0003604285593610257,0.0003946017532143742,probing,-0.0002335015160497278,0.0007669925689697266,-0.0005056298978161067,-2.7945410693064332e-05,False,False,False,probing -> probing,correct,0.8792797210067301,0.04841810116145173
psn_b94f4a505b4ee07be23867fc,9bba79bb-b00a-40ca-a121-24da1db2e319:1,9bba79bb-b00a-40ca-a121-24da1db2e319:1:action:3,3,Interior Angles Triangle,"In a triangle, one angle is 20° more than the smallest angle, and the third angle is twice the smallest angle.

Find the measure of all three angles.","[{""text"":""How would you start solving this problem?"",""user"":""teacher""},{""text"":""I think I should let the smallest angle be \\(x\\), but I’m not sure what to do after that."",""user"":""student""},{""text"":""That's a great start! If the smallest angle is \\(x\\), how would you express the other two angles using \\(x\\) and the information given in the problem?"",""user"":""teacher""},{""text"":""Maybe the second angle is \\(x+20\\), and the third angle is \\(2x\\)."",""user"":""student""}]","teacher: How would you start solving this problem?
student: I think I should let the smallest angle be \(x\), but I’m not sure what to do after that.
teacher: That's a great start! If the smallest angle is \(x\), how would you express the other two angles using \(x\) and the information given in the problem?
student: Maybe the second angle is \(x+20\), and the third angle is \(2x\).",focus,0.10191197693347931,0.3779005706310272,0.514503002166748,0.005684374365955591,focus,0.01479102298617363,0.30700579285621643,0.670729398727417,0.007473854348063469,focus,-0.08712095394730568,-0.07089477777481079,0.15622639656066895,0.0017894799821078777,False,False,False,focus -> focus,correct,0.9276978221681819,0.026530053163642098
psn_b94f4a505b4ee07be23867fc,9bba79bb-b00a-40ca-a121-24da1db2e319:1,9bba79bb-b00a-40ca-a121-24da1db2e319:1:action:4,4,Interior Angles Triangle,"In a triangle, one angle is 20° more than the smallest angle, and the third angle is twice the smallest angle.

Find the measure of all three angles.","[{""text"":""How would you start solving this problem?"",""user"":""teacher""},{""text"":""I think I should let the smallest angle be \\(x\\), but I’m not sure what to do after that."",""user"":""student""},{""text"":""That's a great start! If the smallest angle is \\(x\\), how would you express the other two angles using \\(x\\) and the information given in the problem?"",""user"":""teacher""},{""text"":""Maybe the second angle is \\(x+20\\), and the third angle is \\(2x\\)."",""user"":""student""},{""text"":""That's exactly right! You have expressions for all three angles. Now, what do you know about the sum of the angles inside any triangle?"",""user"":""teacher""},{""text"":""I think the angles in a triangle add up to \\(180^\\circ\\)."",""user"":""student""}]","teacher: How would you start solving this problem?
student: I think I should let the smallest angle be \(x\), but I’m not sure what to do after that.
teacher: That's a great start! If the smallest angle is \(x\), how would you express the other two angles using \(x\) and the information given in the problem?
student: Maybe the second angle is \(x+20\), and the third angle is \(2x\).
teacher: That's exactly right! You have expressions for all three angles. Now, what do you know about the sum of the angles inside any triangle?
student: I think the angles in a triangle add up to \(180^\circ\).",generic,0.6610990166664124,0.11608350276947021,0.21436859667301178,0.008448869921267033,generic,0.2821349501609802,0.18461543321609497,0.5122091770172119,0.021040426567196846,focus,-0.37896406650543213,0.06853193044662476,0.29784058034420013,0.012591556645929813,True,False,False,generic -> focus,incorrect,0.954227875331824,-0.04945243061107418
psn_b94f4a505b4ee07be23867fc,9bba79bb-b00a-40ca-a121-24da1db2e319:1,9bba79bb-b00a-40ca-a121-24da1db2e319:1:action:5,5,Interior Angles Triangle,"In a triangle, one angle is 20° more than the smallest angle, and the third angle is twice the smallest angle.

Find the measure of all three angles.","[{""text"":""How would you start solving this problem?"",""user"":""teacher""},{""text"":""I think I should let the smallest angle be \\(x\\), but I’m not sure what to do after that."",""user"":""student""},{""text"":""That's a great start! If the smallest angle is \\(x\\), how would you express the other two angles using \\(x\\) and the information given in the problem?"",""user"":""teacher""},{""text"":""Maybe the second angle is \\(x+20\\), and the third angle is \\(2x\\)."",""user"":""student""},{""text"":""That's exactly right! You have expressions for all three angles. Now, what do you know about the sum of the angles inside any triangle?"",""user"":""teacher""},{""text"":""I think the angles in a triangle add up to \\(180^\\circ\\)."",""user"":""student""},{""text"":""That's right! So, how can you use that information, along with your expressions for the three angles, to set up an equation?"",""user"":""teacher""},{""text"":""Maybe it would be \\(x+(x+20)+2x=360\\) because there are three angles, but I’m not sure if I’m mixing it up with something else."",""user"":""student""}]","teacher: How would you start solving this problem?
student: I think I should let the smallest angle be \(x\), but I’m not sure what to do after that.
teacher: That's a great start! If the smallest angle is \(x\), how would you express the other two angles using \(x\) and the information given in the problem?
student: Maybe the second angle is \(x+20\), and the third angle is \(2x\).
teacher: That's exactly right! You have expressions for all three angles. Now, what do you know about the sum of the angles inside any triangle?
student: I think the angles in a triangle add up to \(180^\circ\).
teacher: That's right! So, how can you use that information, along with your expressions for the three angles, to set up an equation?
student: Maybe it would be \(x+(x+20)+2x=360\) because there are three angles, but I’m not sure if I’m mixing it up with something else.",generic,0.42381173372268677,0.12495334446430206,0.421835720539093,0.02939925529062748,generic,0.3535124361515045,0.09677162021398544,0.4828101396560669,0.06690581142902374,focus,-0.07029929757118225,-0.02818172425031662,0.06097441911697388,0.03750655613839626,True,False,False,generic -> focus,correct,0.9047754447207498,0.03756898682546994
psn_b94f4a505b4ee07be23867fc,eef1d04e-fe55-4457-9edf-f1c05786fd69:1,eef1d04e-fe55-4457-9edf-f1c05786fd69:1:action:1,1,Multiplication and Division Positive Decimals,"A shop sells juice bottles for $2.75 each. A customer buys 6 bottles and pays with $20. How much do the 6 bottles cost altogether? How much change should the customer receive? If the total cost were shared equally among 3 people, how much would each person pay?",[],[No previous conversation],generic,0.784541666507721,0.10945530235767365,0.0760936290025711,0.029909459874033928,generic,0.719468891620636,0.13344131410121918,0.11079712957143784,0.03629262000322342,generic,-0.06507277488708496,0.023986011743545532,0.03470350056886673,0.006383160129189491,False,False,False,generic -> generic,partial,0.85,0.017205843368118368
psn_b94f4a505b4ee07be23867fc,eef1d04e-fe55-4457-9edf-f1c05786fd69:1,eef1d04e-fe55-4457-9edf-f1c05786fd69:1:action:2,2,Multiplication and Division Positive Decimals,"A shop sells juice bottles for $2.75 each. A customer buys 6 bottles and pays with $20. How much do the 6 bottles cost altogether? How much change should the customer receive? If the total cost were shared equally among 3 people, how much would each person pay?","[{""text"":""This problem asks a few things. What's the first part you'd like to tackle?"",""user"":""teacher""},{""text"":""I’d start with finding the total cost for the 6 bottles, but I’m not completely sure if I should multiply or add."",""user"":""student""}]","teacher: This problem asks a few things. What's the first part you'd like to tackle?
student: I’d start with finding the total cost for the 6 bottles, but I’m not completely sure if I should multiply or add.",probing,0.0019030030816793442,0.9202567934989929,0.07614963501691818,0.0016905792290344834,probing,0.0016061520436778665,0.5830407738685608,0.4129088521003723,0.0024441531859338284,probing,-0.0002968510380014777,-0.33721601963043213,0.33675921708345413,0.0007535739568993449,False,False,False,probing -> probing,correct,0.8672058433681183,0.03861021700884815
psn_b94f4a505b4ee07be23867fc,eef1d04e-fe55-4457-9edf-f1c05786fd69:1,eef1d04e-fe55-4457-9edf-f1c05786fd69:1:action:3,3,Multiplication and Division Positive Decimals,"A shop sells juice bottles for $2.75 each. A customer buys 6 bottles and pays with $20. How much do the 6 bottles cost altogether? How much change should the customer receive? If the total cost were shared equally among 3 people, how much would each person pay?","[{""text"":""This problem asks a few things. What's the first part you'd like to tackle?"",""user"":""teacher""},{""text"":""I’d start with finding the total cost for the 6 bottles, but I’m not completely sure if I should multiply or add."",""user"":""student""},{""text"":""You're thinking about multiplication or addition. What does each of those operations mean in the context of finding the total cost of several items?"",""user"":""teacher""},{""text"":""Addition would mean adding the price over and over, and multiplication is kind of a faster way to do that for all 6 bottles."",""user"":""student""}]","teacher: This problem asks a few things. What's the first part you'd like to tackle?
student: I’d start with finding the total cost for the 6 bottles, but I’m not completely sure if I should multiply or add.
teacher: You're thinking about multiplication or addition. What does each of those operations mean in the context of finding the total cost of several items?
student: Addition would mean adding the price over and over, and multiplication is kind of a faster way to do that for all 6 bottles.",probing,0.0016837856965139508,0.7063732743263245,0.2873462736606598,0.004596668761223555,probing,0.0008624165784567595,0.23891609907150269,0.7577098608016968,0.0025117015466094017,focus,-0.0008213691180571914,-0.4674571752548218,0.470363587141037,-0.002084967214614153,True,False,False,probing -> focus,incorrect,0.9058160603769665,-0.1710836699786672
psn_b94f4a505b4ee07be23867fc,eef1d04e-fe55-4457-9edf-f1c05786fd69:1,eef1d04e-fe55-4457-9edf-f1c05786fd69:1:action:4,4,Multiplication and Division Positive Decimals,"A shop sells juice bottles for $2.75 each. A customer buys 6 bottles and pays with $20. How much do the 6 bottles cost altogether? How much change should the customer receive? If the total cost were shared equally among 3 people, how much would each person pay?","[{""text"":""This problem asks a few things. What's the first part you'd like to tackle?"",""user"":""teacher""},{""text"":""I’d start with finding the total cost for the 6 bottles, but I’m not completely sure if I should multiply or add."",""user"":""student""},{""text"":""You're thinking about multiplication or addition. What does each of those operations mean in the context of finding the total cost of several items?"",""user"":""teacher""},{""text"":""Addition would mean adding the price over and over, and multiplication is kind of a faster way to do that for all 6 bottles."",""user"":""student""},{""text"":""That's a great way to put it. So, based on that, which operation do you think is best for finding the total cost of the 6 bottles?"",""user"":""teacher""},{""text"":""Maybe division? Like \\(2.75 \\div 6\\)? I’m getting mixed up about whether I’m finding the price for all 6 or the price for one bottle."",""user"":""student""}]","teacher: This problem asks a few things. What's the first part you'd like to tackle?
student: I’d start with finding the total cost for the 6 bottles, but I’m not completely sure if I should multiply or add.
teacher: You're thinking about multiplication or addition. What does each of those operations mean in the context of finding the total cost of several items?
student: Addition would mean adding the price over and over, and multiplication is kind of a faster way to do that for all 6 bottles.
teacher: That's a great way to put it. So, based on that, which operation do you think is best for finding the total cost of the 6 bottles?
student: Maybe division? Like \(2.75 \div 6\)? I’m getting mixed up about whether I’m finding the price for all 6 or the price for one bottle.",probing,0.1431531459093094,0.4281608462333679,0.4215649664402008,0.007121002767235041,probing,0.052825700491666794,0.27842265367507935,0.6580391526222229,0.01071250531822443,focus,-0.0903274454176426,-0.14973819255828857,0.2364741861820221,0.0035915025509893894,True,False,False,probing -> focus,unknown,0.7347323903982993,-0.09515838274512489
psn_b94f4a505b4ee07be23867fc,eef1d04e-fe55-4457-9edf-f1c05786fd69:1,eef1d04e-fe55-4457-9edf-f1c05786fd69:1:action:5,5,Multiplication and Division Positive Decimals,"A shop sells juice bottles for $2.75 each. A customer buys 6 bottles and pays with $20. How much do the 6 bottles cost altogether? How much change should the customer receive? If the total cost were shared equally among 3 people, how much would each person pay?","[{""text"":""This problem asks a few things. What's the first part you'd like to tackle?"",""user"":""teacher""},{""text"":""I’d start with finding the total cost for the 6 bottles, but I’m not completely sure if I should multiply or add."",""user"":""student""},{""text"":""You're thinking about multiplication or addition. What does each of those operations mean in the context of finding the total cost of several items?"",""user"":""teacher""},{""text"":""Addition would mean adding the price over and over, and multiplication is kind of a faster way to do that for all 6 bottles."",""user"":""student""},{""text"":""That's a great way to put it. So, based on that, which operation do you think is best for finding the total cost of the 6 bottles?"",""user"":""teacher""},{""text"":""Maybe division? Like \\(2.75 \\div 6\\)? I’m getting mixed up about whether I’m finding the price for all 6 or the price for one bottle."",""user"":""student""},{""text"":""You're right to think about what each operation means. If you were to divide $2.75 by 6, what would that result tell you in the context of this problem?"",""user"":""teacher""},{""text"":""You're right to think about what each operation means. If you were to divide $2.75 by 6, what would that result tell you in the context of this problem?"",""user"":""student""}]","teacher: This problem asks a few things. What's the first part you'd like to tackle?
student: I’d start with finding the total cost for the 6 bottles, but I’m not completely sure if I should multiply or add.
teacher: You're thinking about multiplication or addition. What does each of those operations mean in the context of finding the total cost of several items?
student: Addition would mean adding the price over and over, and multiplication is kind of a faster way to do that for all 6 bottles.
teacher: That's a great way to put it. So, based on that, which operation do you think is best for finding the total cost of the 6 bottles?
student: Maybe division? Like \(2.75 \div 6\)? I’m getting mixed up about whether I’m finding the price for all 6 or the price for one bottle.
teacher: You're right to think about what each operation means. If you were to divide $2.75 by 6, what would that result tell you in the context of this problem?
student: You're right to think about what each operation means. If you were to divide $2.75 by 6, what would that result tell you in the context of this problem?",focus,0.06980051845312119,0.35710111260414124,0.5620867013931274,0.011011641472578049,focus,0.01382459793239832,0.1515735536813736,0.820584237575531,0.014017556793987751,focus,-0.055975920520722866,-0.20552755892276764,0.25849753618240356,0.0030059153214097023,False,False,False,focus -> focus,correct,0.6395740076531744,0.09392519136062616
psn_b94f4a505b4ee07be23867fc,eef1d04e-fe55-4457-9edf-f1c05786fd69:1,eef1d04e-fe55-4457-9edf-f1c05786fd69:1:action:6,6,Multiplication and Division Positive Decimals,"A shop sells juice bottles for $2.75 each. A customer buys 6 bottles and pays with $20. How much do the 6 bottles cost altogether? How much change should the customer receive? If the total cost were shared equally among 3 people, how much would each person pay?","[{""text"":""This problem asks a few things. What's the first part you'd like to tackle?"",""user"":""teacher""},{""text"":""I’d start with finding the total cost for the 6 bottles, but I’m not completely sure if I should multiply or add."",""user"":""student""},{""text"":""You're thinking about multiplication or addition. What does each of those operations mean in the context of finding the total cost of several items?"",""user"":""teacher""},{""text"":""Addition would mean adding the price over and over, and multiplication is kind of a faster way to do that for all 6 bottles."",""user"":""student""},{""text"":""That's a great way to put it. So, based on that, which operation do you think is best for finding the total cost of the 6 bottles?"",""user"":""teacher""},{""text"":""Maybe division? Like \\(2.75 \\div 6\\)? I’m getting mixed up about whether I’m finding the price for all 6 or the price for one bottle."",""user"":""student""},{""text"":""You're right to think about what each operation means. If you were to divide $2.75 by 6, what would that result tell you in the context of this problem?"",""user"":""teacher""},{""text"":""You're right to think about what each operation means. If you were to divide $2.75 by 6, what would that result tell you in the context of this problem?"",""user"":""student""},{""text"":""You're trying to find the total cost of 6 bottles. What kind of situation usually calls for division?"",""user"":""teacher""},{""text"":""Division is usually for splitting something into equal groups. Here I need the total for 6 bottles, so I should multiply:"",""user"":""student""}]","teacher: This problem asks a few things. What's the first part you'd like to tackle?
student: I’d start with finding the total cost for the 6 bottles, but I’m not completely sure if I should multiply or add.
teacher: You're thinking about multiplication or addition. What does each of those operations mean in the context of finding the total cost of several items?
student: Addition would mean adding the price over and over, and multiplication is kind of a faster way to do that for all 6 bottles.
teacher: That's a great way to put it. So, based on that, which operation do you think is best for finding the total cost of the 6 bottles?
student: Maybe division? Like \(2.75 \div 6\)? I’m getting mixed up about whether I’m finding the price for all 6 or the price for one bottle.
teacher: You're right to think about what each operation means. If you were to divide $2.75 by 6, what would that result tell you in the context of this problem?
student: You're right to think about what each operation means. If you were to divide $2.75 by 6, what would that result tell you in the context of this problem?
teacher: You're trying to find the total cost of 6 bottles. What kind of situation usually calls for division?
student: Division is usually for splitting something into equal groups. Here I need the total for 6 bottles, so I should multiply:",focus,0.0690707191824913,0.3269835114479065,0.5884802341461182,0.015465556643903255,focus,0.011592558585107327,0.14380161464214325,0.8238728046417236,0.0207330621778965,focus,-0.057478160597383976,-0.18318189680576324,0.23539257049560547,0.005267505533993244,False,False,False,focus -> focus,correct,0.7334991990138006,0.08067437702145175
