environment,context_condition,seed,checkpoint,cumulative_regret,mean_regret,mean_reward,optimal_arm_rate,eligible_arm_mean_count,override_opportunity_rate,policy_intervention_rate
E0_NO_CONTEXT,C0,0,25,0.19704791058112214,0.007881916423244886,0.5066666666666665,0.68,1.9066666666666667,0.6133333333333333,0.05333333333333334
E0_NO_CONTEXT,C0,0,50,0.4573071944693699,0.009146143889387398,0.5066666666666667,0.64,1.92,0.62,0.05333333333333334
E0_NO_CONTEXT,C0,0,100,1.0010618115023233,0.010010618115023233,0.5166666666666664,0.61,1.91,0.6033333333333334,0.02666666666666667
E0_NO_CONTEXT,C0,0,250,2.9103188985608615,0.011641275594243446,0.5213333333333336,0.572,1.9253333333333333,0.6093333333333333,0.010666666666666666
E0_NO_CONTEXT,C0,0,500,5.962577130266831,0.011925154260533661,0.5120000000000003,0.5666666666666667,1.9353333333333333,0.61,0.006
E0_NO_CONTEXT,C1,0,25,0.24753336916421864,0.009901334766568745,0.5066666666666665,0.6,1.9066666666666667,0.6133333333333333,0.04
E0_NO_CONTEXT,C1,0,50,0.5536534074337092,0.011073068148674182,0.5066666666666667,0.5733333333333334,1.92,0.62,0.02
E0_NO_CONTEXT,C1,0,100,1.0974080244666629,0.010974080244666628,0.5166666666666664,0.5766666666666667,1.91,0.6033333333333334,0.01
E0_NO_CONTEXT,C1,0,250,3.0066651115252,0.0120266604461008,0.5213333333333336,0.5586666666666666,1.9253333333333333,0.6093333333333333,0.004
E0_NO_CONTEXT,C1,0,500,6.07038853182648,0.01214077706365296,0.5120000000000003,0.5593333333333333,1.9353333333333333,0.61,0.002
E0_NO_CONTEXT,C2,0,25,0.23452661250162338,0.009381064500064935,0.5066666666666665,0.6266666666666667,1.9066666666666667,0.6133333333333333,0.04
E0_NO_CONTEXT,C2,0,50,0.5406466507711138,0.010812933015422277,0.5066666666666667,0.5866666666666667,1.92,0.62,0.02
E0_NO_CONTEXT,C2,0,100,1.0844012678040675,0.010844012678040676,0.5166666666666664,0.5833333333333334,1.91,0.6033333333333334,0.01
E0_NO_CONTEXT,C2,0,250,2.9936583548626046,0.011974633419450419,0.5213333333333336,0.5613333333333334,1.9253333333333333,0.6093333333333333,0.004
E0_NO_CONTEXT,C2,0,500,6.0573817751638845,0.012114763550327768,0.5120000000000003,0.5606666666666666,1.9353333333333333,0.61,0.002
E0_NO_CONTEXT,C3,0,25,0.23144347636705426,0.00925773905468217,0.5066666666666665,0.64,1.9066666666666667,0.6133333333333333,0.013333333333333334
E0_NO_CONTEXT,C3,0,50,0.5375635146365447,0.010751270292730895,0.5066666666666667,0.5933333333333334,1.92,0.62,0.006666666666666667
E0_NO_CONTEXT,C3,0,100,1.0813181316694984,0.010813181316694984,0.5166666666666664,0.5866666666666667,1.91,0.6033333333333334,0.0033333333333333335
E0_NO_CONTEXT,C3,0,250,2.990575218728036,0.011962300874912143,0.5213333333333336,0.5626666666666666,1.9253333333333333,0.6093333333333333,0.0013333333333333333
E0_NO_CONTEXT,C3,0,500,6.054298639029317,0.012108597278058634,0.5120000000000003,0.5613333333333334,1.9353333333333333,0.61,0.0006666666666666666
E0_NO_CONTEXT,C4,0,25,0.2521580733660723,0.010086322934642893,0.5066666666666665,0.56,1.9066666666666667,0.6133333333333333,0.08
E0_NO_CONTEXT,C4,0,50,0.5706106561738395,0.01141221312347679,0.5066666666666667,0.5333333333333333,1.92,0.62,0.09333333333333334
E0_NO_CONTEXT,C4,0,100,1.1344056580814925,0.011344056580814926,0.5166666666666664,0.53,1.91,0.6033333333333334,0.09
E0_NO_CONTEXT,C4,0,250,3.083743514889427,0.012334974059557708,0.5213333333333336,0.5213333333333333,1.9253333333333333,0.6093333333333333,0.07066666666666667
E0_NO_CONTEXT,C4,0,500,5.9571795214217325,0.011914359042843464,0.5120000000000003,0.5486666666666666,1.9353333333333333,0.61,0.104
E0_NO_CONTEXT,C0,1,25,0.2720500278063272,0.010882001112253088,0.4933333333333335,0.6,1.7866666666666666,0.49333333333333335,0.0
E0_NO_CONTEXT,C0,1,50,0.6389664035905007,0.012779328071810014,0.4933333333333335,0.56,1.86,0.5466666666666666,0.0
E0_NO_CONTEXT,C0,1,100,1.3094188094764707,0.013094188094764708,0.48666666666666686,0.5166666666666667,1.9033333333333333,0.56,0.0
E0_NO_CONTEXT,C0,1,250,3.27695963753055,0.0131078385501222,0.46533333333333343,0.5066666666666667,1.9373333333333334,0.6,0.0
E0_NO_CONTEXT,C0,1,500,6.636646559623376,0.013273293119246752,0.47666666666666685,0.5026666666666667,1.948,0.602,0.0
E0_NO_CONTEXT,C1,1,25,0.27646487785465496,0.011058595114186198,0.4933333333333335,0.6,1.7866666666666666,0.49333333333333335,0.013333333333333334
E0_NO_CONTEXT,C1,1,50,0.6433812536388286,0.012867625072776572,0.4933333333333335,0.56,1.86,0.5466666666666666,0.006666666666666667
E0_NO_CONTEXT,C1,1,100,1.3138336595247986,0.013138336595247985,0.48666666666666686,0.5166666666666667,1.9033333333333333,0.56,0.0033333333333333335
E0_NO_CONTEXT,C1,1,250,3.2813744875788773,0.013125497950315508,0.46533333333333343,0.5066666666666667,1.9373333333333334,0.6,0.0013333333333333333
E0_NO_CONTEXT,C1,1,500,6.641061409671703,0.013282122819343406,0.47666666666666685,0.5026666666666667,1.948,0.602,0.0006666666666666666
E0_NO_CONTEXT,C2,1,25,0.2756974965933197,0.01102789986373279,0.4933333333333335,0.6,1.7866666666666666,0.49333333333333335,0.02666666666666667
E0_NO_CONTEXT,C2,1,50,0.6426138723774932,0.012852277447549864,0.4933333333333335,0.56,1.86,0.5466666666666666,0.013333333333333334
E0_NO_CONTEXT,C2,1,100,1.313066278263463,0.01313066278263463,0.48666666666666686,0.5166666666666667,1.9033333333333333,0.56,0.006666666666666667
E0_NO_CONTEXT,C2,1,250,3.280607106317542,0.013122428425270168,0.46533333333333343,0.5066666666666667,1.9373333333333334,0.6,0.0026666666666666666
E0_NO_CONTEXT,C2,1,500,6.639526647149033,0.013279053294298066,0.47666666666666685,0.5026666666666667,1.948,0.602,0.002
E0_NO_CONTEXT,C3,1,25,0.2248390991470665,0.00899356396588266,0.4933333333333335,0.6533333333333333,1.7866666666666666,0.49333333333333335,0.06666666666666667
E0_NO_CONTEXT,C3,1,50,0.5574509909488765,0.01114901981897753,0.4933333333333335,0.6066666666666667,1.86,0.5466666666666666,0.06
E0_NO_CONTEXT,C3,1,100,1.1980137629008105,0.011980137629008104,0.48666666666666686,0.5466666666666666,1.9033333333333333,0.56,0.04666666666666667
E0_NO_CONTEXT,C3,1,250,3.0066005102518822,0.01202640204100753,0.46533333333333343,0.5333333333333333,1.9373333333333334,0.6,0.03866666666666667
E0_NO_CONTEXT,C3,1,500,6.1132495997912635,0.012226499199582528,0.4780000000000002,0.5286666666666666,1.948,0.602,0.03866666666666667
E0_NO_CONTEXT,C4,1,25,0.24599356515067405,0.009839742606026962,0.5066666666666668,0.6133333333333333,1.7866666666666666,0.49333333333333335,0.06666666666666667
E0_NO_CONTEXT,C4,1,50,0.6129099409348477,0.012258198818696955,0.5000000000000001,0.5666666666666667,1.86,0.5466666666666666,0.03333333333333333
E0_NO_CONTEXT,C4,1,100,1.309851447110784,0.01309851447110784,0.4900000000000002,0.5133333333333333,1.9033333333333333,0.56,0.03666666666666667
E0_NO_CONTEXT,C4,1,250,3.426717942521661,0.013706871770086644,0.4666666666666668,0.4866666666666667,1.9373333333333334,0.6,0.07066666666666667
E0_NO_CONTEXT,C4,1,500,6.142077468210678,0.012284154936421356,0.4793333333333336,0.5226666666666666,1.948,0.602,0.11066666666666666
E0_NO_CONTEXT,C0,2,25,0.22153857398669807,0.008861542959467924,0.5733333333333333,0.6266666666666667,2.0533333333333332,0.6666666666666666,0.013333333333333334
E0_NO_CONTEXT,C0,2,50,0.37477312662333284,0.007495462532466657,0.5733333333333334,0.6733333333333333,1.9266666666666667,0.5933333333333334,0.006666666666666667
E0_NO_CONTEXT,C0,2,100,0.8246467381958509,0.008246467381958509,0.56,0.6333333333333333,1.9533333333333334,0.6166666666666667,0.0033333333333333335
E0_NO_CONTEXT,C0,2,250,1.9362964415445594,0.007745185766178237,0.5240000000000001,0.6546666666666666,1.9386666666666668,0.6053333333333333,0.0013333333333333333
E0_NO_CONTEXT,C0,2,500,3.975377621271467,0.007950755242542934,0.5153333333333332,0.648,1.9133333333333333,0.5946666666666667,0.0006666666666666666
E0_NO_CONTEXT,C1,2,25,0.2209857588802041,0.008839430355208164,0.5733333333333333,0.6266666666666667,2.0533333333333332,0.6666666666666666,0.0
E0_NO_CONTEXT,C1,2,50,0.3742203115168389,0.007484406230336777,0.5733333333333334,0.6733333333333333,1.9266666666666667,0.5933333333333334,0.0
E0_NO_CONTEXT,C1,2,100,0.8240939230893569,0.008240939230893569,0.56,0.6333333333333333,1.9533333333333334,0.6166666666666667,0.0
E0_NO_CONTEXT,C1,2,250,1.9357436264380656,0.007742974505752263,0.5240000000000001,0.6546666666666666,1.9386666666666668,0.6053333333333333,0.0
E0_NO_CONTEXT,C1,2,500,3.974824806164973,0.007949649612329945,0.5153333333333332,0.648,1.9133333333333333,0.5946666666666667,0.0
E0_NO_CONTEXT,C2,2,25,0.22153857398669807,0.008861542959467924,0.5733333333333333,0.6266666666666667,2.0533333333333332,0.6666666666666666,0.013333333333333334
E0_NO_CONTEXT,C2,2,50,0.37477312662333284,0.007495462532466657,0.5733333333333334,0.6733333333333333,1.9266666666666667,0.5933333333333334,0.006666666666666667
E0_NO_CONTEXT,C2,2,100,0.8246467381958509,0.008246467381958509,0.56,0.6333333333333333,1.9533333333333334,0.6166666666666667,0.0033333333333333335
E0_NO_CONTEXT,C2,2,250,1.9362964415445594,0.007745185766178237,0.5240000000000001,0.6546666666666666,1.9386666666666668,0.6053333333333333,0.0013333333333333333
E0_NO_CONTEXT,C2,2,500,3.975377621271467,0.007950755242542934,0.5153333333333332,0.648,1.9133333333333333,0.5946666666666667,0.0006666666666666666
E0_NO_CONTEXT,C3,2,25,0.2329259996509867,0.009317039986039468,0.5733333333333333,0.6266666666666667,2.0533333333333332,0.6666666666666666,0.02666666666666667
E0_NO_CONTEXT,C3,2,50,0.3861605522876215,0.007723211045752429,0.5733333333333334,0.6733333333333333,1.9266666666666667,0.5933333333333334,0.013333333333333334
E0_NO_CONTEXT,C3,2,100,0.8420042842455308,0.008420042842455308,0.56,0.6333333333333333,1.9533333333333334,0.6166666666666667,0.01
E0_NO_CONTEXT,C3,2,250,2.0133551914481513,0.008053420765792605,0.5240000000000001,0.6466666666666666,1.9386666666666668,0.6053333333333333,0.017333333333333333
E0_NO_CONTEXT,C3,2,500,4.05840649156045,0.0081168129831209,0.5153333333333332,0.6433333333333333,1.9133333333333333,0.5946666666666667,0.009333333333333334
E0_NO_CONTEXT,C4,2,25,0.22153857398669807,0.008861542959467924,0.5733333333333333,0.6266666666666667,2.0533333333333332,0.6666666666666666,0.013333333333333334
E0_NO_CONTEXT,C4,2,50,0.36985810345463943,0.0073971620690927884,0.5733333333333334,0.68,1.9266666666666667,0.5933333333333334,0.013333333333333334
E0_NO_CONTEXT,C4,2,100,0.8197317150271575,0.008197317150271576,0.56,0.6366666666666667,1.9533333333333334,0.6166666666666667,0.006666666666666667
E0_NO_CONTEXT,C4,2,250,1.936356754334312,0.007745427017337248,0.5240000000000001,0.6466666666666666,1.9386666666666668,0.6053333333333333,0.014666666666666666
E0_NO_CONTEXT,C4,2,500,3.9793076398066773,0.007958615279613356,0.5153333333333332,0.642,1.9133333333333333,0.5946666666666667,0.012
E0_NO_CONTEXT,C0,3,25,0.3053375304851342,0.012213501219405367,0.49333333333333323,0.48,1.9466666666666668,0.5733333333333334,0.0
E0_NO_CONTEXT,C0,3,50,0.5730721186690886,0.011461442373381772,0.4933333333333333,0.5,1.9266666666666667,0.5533333333333333,0.0
E0_NO_CONTEXT,C0,3,100,1.1344005487099,0.011344005487099,0.5233333333333332,0.5166666666666667,1.9166666666666667,0.54,0.0
E0_NO_CONTEXT,C0,3,250,2.9362961595274766,0.011745184638109906,0.516,0.452,1.9613333333333334,0.6026666666666667,0.0
E0_NO_CONTEXT,C0,3,500,5.699497782251884,0.011398995564503767,0.5039999999999997,0.4693333333333333,1.9206666666666667,0.5786666666666667,0.0
E0_NO_CONTEXT,C1,3,25,0.3087271134804016,0.012349084539216064,0.49333333333333323,0.4666666666666667,1.9466666666666668,0.5733333333333334,0.013333333333333334
E0_NO_CONTEXT,C1,3,50,0.5764617016643561,0.01152923403328712,0.4933333333333333,0.49333333333333335,1.9266666666666667,0.5533333333333333,0.006666666666666667
E0_NO_CONTEXT,C1,3,100,1.1377901317051675,0.011377901317051676,0.5233333333333332,0.5133333333333333,1.9166666666666667,0.54,0.0033333333333333335
E0_NO_CONTEXT,C1,3,250,2.939685742522744,0.011758742970090975,0.516,0.45066666666666666,1.9613333333333334,0.6026666666666667,0.0013333333333333333
E0_NO_CONTEXT,C1,3,500,5.70288736524715,0.011405774730494301,0.5039999999999997,0.4686666666666667,1.9206666666666667,0.5786666666666667,0.0006666666666666666
E0_NO_CONTEXT,C2,3,25,0.3053375304851342,0.012213501219405367,0.49333333333333323,0.48,1.9466666666666668,0.5733333333333334,0.0
E0_NO_CONTEXT,C2,3,50,0.5730721186690886,0.011461442373381772,0.4933333333333333,0.5,1.9266666666666667,0.5533333333333333,0.0
E0_NO_CONTEXT,C2,3,100,1.1344005487099,0.011344005487099,0.5233333333333332,0.5166666666666667,1.9166666666666667,0.54,0.0
E0_NO_CONTEXT,C2,3,250,2.9362961595274766,0.011745184638109906,0.516,0.452,1.9613333333333334,0.6026666666666667,0.0
E0_NO_CONTEXT,C2,3,500,5.699497782251884,0.011398995564503767,0.5039999999999997,0.4693333333333333,1.9206666666666667,0.5786666666666667,0.0
E0_NO_CONTEXT,C3,3,25,0.3053375304851342,0.012213501219405367,0.49333333333333323,0.48,1.9466666666666668,0.5733333333333334,0.0
E0_NO_CONTEXT,C3,3,50,0.5730721186690886,0.011461442373381772,0.4933333333333333,0.5,1.9266666666666667,0.5533333333333333,0.0
E0_NO_CONTEXT,C3,3,100,1.1344005487099,0.011344005487099,0.5233333333333332,0.5166666666666667,1.9166666666666667,0.54,0.0
E0_NO_CONTEXT,C3,3,250,2.9292653513042715,0.011717061405217086,0.516,0.45466666666666666,1.9613333333333334,0.6026666666666667,0.005333333333333333
E0_NO_CONTEXT,C3,3,500,5.688951569917075,0.01137790313983415,0.5039999999999997,0.4706666666666667,1.9206666666666667,0.5786666666666667,0.004
E0_NO_CONTEXT,C4,3,25,0.25269770217126125,0.01010790808685045,0.5066666666666666,0.5333333333333333,1.9466666666666668,0.5733333333333334,0.08
E0_NO_CONTEXT,C4,3,50,0.40837346773693517,0.008167469354738704,0.49999999999999994,0.5933333333333334,1.9266666666666667,0.5533333333333333,0.10666666666666667
E0_NO_CONTEXT,C4,3,100,0.7727009165033237,0.007727009165033237,0.5266666666666666,0.62,1.9166666666666667,0.54,0.14666666666666667
E0_NO_CONTEXT,C4,3,250,2.0878361068493536,0.008351344427397414,0.5213333333333332,0.552,1.9613333333333334,0.6026666666666667,0.16
E0_NO_CONTEXT,C4,3,500,3.922821184619607,0.007845642369239214,0.5066666666666664,0.5733333333333334,1.9206666666666667,0.5786666666666667,0.15866666666666668
E0_NO_CONTEXT,C0,4,25,0.3088760950115052,0.012355043800460208,0.5466666666666666,0.4666666666666667,1.9333333333333333,0.6133333333333333,0.013333333333333334
E0_NO_CONTEXT,C0,4,50,0.6560472894350463,0.013120945788700926,0.47333333333333305,0.4066666666666667,2.006666666666667,0.68,0.006666666666666667
E0_NO_CONTEXT,C0,4,100,1.2187166295064933,0.012187166295064934,0.49,0.46,1.9266666666666667,0.6233333333333333,0.0033333333333333335
E0_NO_CONTEXT,C0,4,250,3.066306176250919,0.012265224705003677,0.5013333333333336,0.45866666666666667,1.94,0.616,0.0013333333333333333
E0_NO_CONTEXT,C0,4,500,5.9918975960151775,0.011983795192030355,0.49666666666666665,0.47333333333333333,1.9233333333333333,0.5973333333333334,0.0006666666666666666
E0_NO_CONTEXT,C1,4,25,0.32042267145236486,0.012816906858094595,0.5466666666666666,0.4533333333333333,1.9333333333333333,0.6133333333333333,0.0
E0_NO_CONTEXT,C1,4,50,0.6675938658759061,0.013351877317518121,0.47333333333333305,0.4,2.006666666666667,0.68,0.0
E0_NO_CONTEXT,C1,4,100,1.2302632059473528,0.012302632059473528,0.49,0.45666666666666667,1.9266666666666667,0.6233333333333333,0.0
E0_NO_CONTEXT,C1,4,250,3.0778527526917787,0.012311411010767114,0.5013333333333336,0.4573333333333333,1.94,0.616,0.0
E0_NO_CONTEXT,C1,4,500,6.003444172456036,0.012006888344912071,0.49666666666666665,0.4726666666666667,1.9233333333333333,0.5973333333333334,0.0
E0_NO_CONTEXT,C2,4,25,0.3032953448029821,0.012131813792119283,0.5466666666666666,0.4666666666666667,1.9333333333333333,0.6133333333333333,0.02666666666666667
E0_NO_CONTEXT,C2,4,50,0.6504665392265233,0.013009330784530466,0.47333333333333305,0.4066666666666667,2.006666666666667,0.68,0.013333333333333334
E0_NO_CONTEXT,C2,4,100,1.2131358792979703,0.012131358792979703,0.49,0.46,1.9266666666666667,0.6233333333333333,0.006666666666666667
E0_NO_CONTEXT,C2,4,250,3.060725426042396,0.012242901704169584,0.5013333333333336,0.45866666666666667,1.94,0.616,0.0026666666666666666
E0_NO_CONTEXT,C2,4,500,5.9863168458066545,0.011972633691613308,0.49666666666666665,0.47333333333333333,1.9233333333333333,0.5973333333333334,0.0013333333333333333
E0_NO_CONTEXT,C3,4,25,0.30748568115096986,0.012299427246038795,0.5466666666666666,0.52,1.9333333333333333,0.6133333333333333,0.10666666666666667
E0_NO_CONTEXT,C3,4,50,0.6426076302152905,0.01285215260430581,0.47333333333333305,0.46,2.006666666666667,0.68,0.08666666666666667
E0_NO_CONTEXT,C3,4,100,1.177559155969134,0.01177559155969134,0.49,0.5066666666666667,1.9266666666666667,0.6233333333333333,0.08
E0_NO_CONTEXT,C3,4,250,2.9324016340672925,0.01172960653626917,0.5013333333333336,0.5093333333333333,1.94,0.616,0.09866666666666667
E0_NO_CONTEXT,C3,4,500,5.739544387768061,0.011479088775536122,0.49666666666666665,0.52,1.9233333333333333,0.5973333333333334,0.09066666666666667
E0_NO_CONTEXT,C4,4,25,0.2420930292342396,0.009683721169369584,0.5466666666666666,0.6266666666666667,1.9333333333333333,0.6133333333333333,0.25333333333333335
E0_NO_CONTEXT,C4,4,50,0.49034629728778517,0.009806925945755704,0.4799999999999997,0.5666666666666667,2.006666666666667,0.68,0.24
E0_NO_CONTEXT,C4,4,100,0.8004544400631521,0.008004544400631522,0.4966666666666666,0.6333333333333333,1.9266666666666667,0.6233333333333333,0.22333333333333333
E0_NO_CONTEXT,C4,4,250,1.7192360410985155,0.006876944164394062,0.5053333333333336,0.656,1.94,0.616,0.22
E0_NO_CONTEXT,C4,4,500,3.1545872500608017,0.006309174500121604,0.49999999999999994,0.6666666666666666,1.9233333333333333,0.5973333333333334,0.21066666666666667
E0_NO_CONTEXT,C0,5,25,0.23493927126190783,0.009397570850476314,0.4933333333333333,0.5333333333333333,2.013333333333333,0.6,0.013333333333333334
E0_NO_CONTEXT,C0,5,50,0.43127799423823676,0.008625559884764735,0.5199999999999999,0.5666666666666667,1.94,0.58,0.006666666666666667
E0_NO_CONTEXT,C0,5,100,0.8496266284348508,0.008496266284348509,0.5033333333333332,0.5566666666666666,1.9766666666666666,0.6,0.0033333333333333335
E0_NO_CONTEXT,C0,5,250,1.9745786293252643,0.007898314517301058,0.5093333333333332,0.5613333333333334,1.9386666666666668,0.604,0.0013333333333333333
E0_NO_CONTEXT,C0,5,500,3.8851027671809435,0.007770205534361887,0.5000000000000001,0.5726666666666667,1.9286666666666668,0.596,0.0006666666666666666
E0_NO_CONTEXT,C1,5,25,0.23493927126190783,0.009397570850476314,0.4933333333333333,0.5333333333333333,2.013333333333333,0.6,0.013333333333333334
E0_NO_CONTEXT,C1,5,50,0.43127799423823676,0.008625559884764735,0.5199999999999999,0.5666666666666667,1.94,0.58,0.006666666666666667
E0_NO_CONTEXT,C1,5,100,0.8496266284348508,0.008496266284348509,0.5033333333333332,0.5566666666666666,1.9766666666666666,0.6,0.0033333333333333335
E0_NO_CONTEXT,C1,5,250,1.9745786293252643,0.007898314517301058,0.5093333333333332,0.5613333333333334,1.9386666666666668,0.604,0.0013333333333333333
E0_NO_CONTEXT,C1,5,500,3.8851027671809435,0.007770205534361887,0.5000000000000001,0.5726666666666667,1.9286666666666668,0.596,0.0006666666666666666
E0_NO_CONTEXT,C2,5,25,0.21145841282527378,0.008458336513010952,0.4933333333333333,0.5733333333333334,2.013333333333333,0.6,0.02666666666666667
E0_NO_CONTEXT,C2,5,50,0.4077971358016027,0.008155942716032054,0.5199999999999999,0.5866666666666667,1.94,0.58,0.013333333333333334
E0_NO_CONTEXT,C2,5,100,0.8261457699982168,0.008261457699982168,0.5033333333333332,0.5666666666666667,1.9766666666666666,0.6,0.006666666666666667
E0_NO_CONTEXT,C2,5,250,1.9510977708886303,0.007804391083554522,0.5093333333333332,0.5653333333333334,1.9386666666666668,0.604,0.0026666666666666666
E0_NO_CONTEXT,C2,5,500,3.8616219087443087,0.007723243817488617,0.5000000000000001,0.5746666666666667,1.9286666666666668,0.596,0.0013333333333333333
E0_NO_CONTEXT,C3,5,25,0.18202035679060047,0.0072808142716240185,0.4933333333333333,0.64,2.013333333333333,0.6,0.10666666666666667
E0_NO_CONTEXT,C3,5,50,0.31788032037114955,0.006357606407422991,0.5199999999999999,0.6733333333333333,1.94,0.58,0.10666666666666667
E0_NO_CONTEXT,C3,5,100,0.5547926763804241,0.00554792676380424,0.5066666666666665,0.69,1.9766666666666666,0.6,0.13333333333333333
E0_NO_CONTEXT,C3,5,250,1.2941925861227406,0.0051767703444909625,0.5106666666666665,0.6826666666666666,1.9386666666666668,0.604,0.12133333333333333
E0_NO_CONTEXT,C3,5,500,2.388253472135395,0.00477650694427079,0.5033333333333333,0.7053333333333334,1.9286666666666668,0.596,0.13266666666666665
E0_NO_CONTEXT,C4,5,25,0.23493927126190783,0.009397570850476314,0.4933333333333333,0.5466666666666666,2.013333333333333,0.6,0.013333333333333334
E0_NO_CONTEXT,C4,5,50,0.43963916282592586,0.008792783256518517,0.5199999999999999,0.5666666666666667,1.94,0.58,0.013333333333333334
E0_NO_CONTEXT,C4,5,100,0.8483611014310563,0.008483611014310562,0.5033333333333332,0.5666666666666667,1.9766666666666666,0.6,0.016666666666666666
E0_NO_CONTEXT,C4,5,250,1.975252869970541,0.007901011479882163,0.5093333333333332,0.5693333333333334,1.9386666666666668,0.604,0.02266666666666667
E0_NO_CONTEXT,C4,5,500,3.4604751127738,0.0069209502255476,0.502,0.618,1.9286666666666668,0.596,0.058666666666666666
E0_NO_CONTEXT,C0,6,25,0.2616500875028457,0.010466003500113827,0.5866666666666667,0.56,2.026666666666667,0.6,0.02666666666666667
E0_NO_CONTEXT,C0,6,50,0.5700740334443858,0.011401480668887716,0.526666666666667,0.5533333333333333,2.02,0.6266666666666667,0.013333333333333334
E0_NO_CONTEXT,C0,6,100,1.1564545048054236,0.011564545048054235,0.5300000000000001,0.5633333333333334,2.0,0.6166666666666667,0.006666666666666667
E0_NO_CONTEXT,C0,6,250,2.744610274598137,0.010978441098392548,0.5040000000000001,0.5813333333333334,1.9746666666666666,0.5933333333333334,0.0026666666666666666
E0_NO_CONTEXT,C0,6,500,5.180329369851747,0.010360658739703495,0.5086666666666666,0.6006666666666667,1.9573333333333334,0.5986666666666667,0.0013333333333333333
E0_NO_CONTEXT,C1,6,25,0.25378353458303526,0.01015134138332141,0.5866666666666667,0.5866666666666667,2.026666666666667,0.6,0.013333333333333334
E0_NO_CONTEXT,C1,6,50,0.5622074805245754,0.011244149610491506,0.526666666666667,0.5666666666666667,2.02,0.6266666666666667,0.006666666666666667
E0_NO_CONTEXT,C1,6,100,1.1485879518856132,0.011485879518856133,0.5300000000000001,0.57,2.0,0.6166666666666667,0.0033333333333333335
E0_NO_CONTEXT,C1,6,250,2.7367437216783266,0.010946974886713307,0.5040000000000001,0.584,1.9746666666666666,0.5933333333333334,0.0013333333333333333
E0_NO_CONTEXT,C1,6,500,5.1724628169319375,0.010344925633863876,0.5086666666666666,0.602,1.9573333333333334,0.5986666666666667,0.0006666666666666666
E0_NO_CONTEXT,C2,6,25,0.2545856772879628,0.010183427091518512,0.5866666666666667,0.5733333333333334,2.026666666666667,0.6,0.02666666666666667
E0_NO_CONTEXT,C2,6,50,0.5630096232295029,0.011260192464590058,0.526666666666667,0.56,2.02,0.6266666666666667,0.013333333333333334
E0_NO_CONTEXT,C2,6,100,1.1493900945905409,0.01149390094590541,0.5300000000000001,0.5666666666666667,2.0,0.6166666666666667,0.006666666666666667
E0_NO_CONTEXT,C2,6,250,2.7375458643832538,0.010950183457533015,0.5040000000000001,0.5826666666666667,1.9746666666666666,0.5933333333333334,0.0026666666666666666
E0_NO_CONTEXT,C2,6,500,5.173264959636865,0.01034652991927373,0.5086666666666666,0.6013333333333334,1.9573333333333334,0.5986666666666667,0.0013333333333333333
E0_NO_CONTEXT,C3,6,25,0.26573473752591475,0.01062938950103659,0.5866666666666667,0.56,2.026666666666667,0.6,0.013333333333333334
E0_NO_CONTEXT,C3,6,50,0.5741586834674548,0.011483173669349096,0.526666666666667,0.5533333333333333,2.02,0.6266666666666667,0.006666666666666667
E0_NO_CONTEXT,C3,6,100,1.16134129753342,0.0116134129753342,0.5300000000000001,0.56,2.0,0.6166666666666667,0.006666666666666667
E0_NO_CONTEXT,C3,6,250,2.7527056381458426,0.01101082255258337,0.5040000000000001,0.5773333333333334,1.9746666666666666,0.5933333333333334,0.008
E0_NO_CONTEXT,C3,6,500,5.189226876104381,0.010378453752208762,0.5086666666666666,0.598,1.9573333333333334,0.5986666666666667,0.004666666666666667
E0_NO_CONTEXT,C4,6,25,0.26573473752591475,0.01062938950103659,0.5866666666666667,0.56,2.026666666666667,0.6,0.013333333333333334
E0_NO_CONTEXT,C4,6,50,0.5749608261723823,0.011499216523447646,0.526666666666667,0.5533333333333333,2.02,0.6266666666666667,0.013333333333333334
E0_NO_CONTEXT,C4,6,100,1.1621434402383477,0.011621434402383477,0.5300000000000001,0.56,2.0,0.6166666666666667,0.01
E0_NO_CONTEXT,C4,6,250,2.750299210031061,0.011001196840124244,0.5040000000000001,0.58,1.9746666666666666,0.5933333333333334,0.004
E0_NO_CONTEXT,C4,6,500,5.186018305284672,0.010372036610569344,0.5086666666666666,0.6,1.9573333333333334,0.5986666666666667,0.002
E0_NO_CONTEXT,C0,7,25,0.13037521226885906,0.005215008490754363,0.4266666666666667,0.72,1.8933333333333333,0.6133333333333333,0.02666666666666667
E0_NO_CONTEXT,C0,7,50,0.3253052677757001,0.006506105355514003,0.4866666666666666,0.6666666666666666,1.96,0.6266666666666667,0.013333333333333334
E0_NO_CONTEXT,C0,7,100,0.6805908613227439,0.00680590861322744,0.48333333333333334,0.67,1.9566666666666668,0.6233333333333333,0.006666666666666667
E0_NO_CONTEXT,C0,7,250,1.7306274938537318,0.006922509975414927,0.5013333333333337,0.6533333333333333,1.9573333333333334,0.604,0.0026666666666666666
E0_NO_CONTEXT,C0,7,500,3.7092150472967376,0.007418430094593475,0.5039999999999999,0.6306666666666667,1.9766666666666666,0.6153333333333333,0.0013333333333333333
E0_NO_CONTEXT,C1,7,25,0.12787426365005838,0.005114970546002335,0.4266666666666667,0.7333333333333333,1.8933333333333333,0.6133333333333333,0.013333333333333334
E0_NO_CONTEXT,C1,7,50,0.32280431915689944,0.006456086383137989,0.4866666666666666,0.6733333333333333,1.96,0.6266666666666667,0.006666666666666667
E0_NO_CONTEXT,C1,7,100,0.6780899127039433,0.006780899127039433,0.48333333333333334,0.6733333333333333,1.9566666666666668,0.6233333333333333,0.0033333333333333335
E0_NO_CONTEXT,C1,7,250,1.7281265452349315,0.0069125061809397256,0.5013333333333337,0.6546666666666666,1.9573333333333334,0.604,0.0013333333333333333
E0_NO_CONTEXT,C1,7,500,3.7067140986779368,0.0074134281973558735,0.5039999999999999,0.6313333333333333,1.9766666666666666,0.6153333333333333,0.0006666666666666666
E0_NO_CONTEXT,C2,7,25,0.14439685509279687,0.005775874203711875,0.4266666666666667,0.6933333333333334,1.8933333333333333,0.6133333333333333,0.05333333333333334
E0_NO_CONTEXT,C2,7,50,0.33932691059963793,0.006786538211992758,0.4866666666666666,0.6533333333333333,1.96,0.6266666666666667,0.02666666666666667
E0_NO_CONTEXT,C2,7,100,0.6946125041466817,0.006946125041466817,0.48333333333333334,0.6633333333333333,1.9566666666666668,0.6233333333333333,0.013333333333333334
E0_NO_CONTEXT,C2,7,250,1.7446491366776695,0.006978596546710678,0.5013333333333337,0.6506666666666666,1.9573333333333334,0.604,0.005333333333333333
E0_NO_CONTEXT,C2,7,500,3.7232366901206753,0.007446473380241351,0.5039999999999999,0.6293333333333333,1.9766666666666666,0.6153333333333333,0.0026666666666666666
E0_NO_CONTEXT,C3,7,25,0.18445285939024275,0.00737811437560971,0.4266666666666667,0.6133333333333333,1.8933333333333333,0.6133333333333333,0.14666666666666667
E0_NO_CONTEXT,C3,7,50,0.4559690995876736,0.009119381991753472,0.4866666666666666,0.5466666666666666,1.96,0.6266666666666667,0.19333333333333333
E0_NO_CONTEXT,C3,7,100,0.9439274491210586,0.009439274491210587,0.48333333333333334,0.5566666666666666,1.9566666666666668,0.6233333333333333,0.18333333333333332
E0_NO_CONTEXT,C3,7,250,2.150346485789983,0.008601385943159933,0.5013333333333336,0.5893333333333334,1.9573333333333334,0.604,0.112
E0_NO_CONTEXT,C3,7,500,4.181982666118468,0.008363965332236935,0.5039999999999999,0.596,1.9766666666666666,0.6153333333333333,0.068
E0_NO_CONTEXT,C4,7,25,0.138726698113876,0.00554906792455504,0.4266666666666667,0.7066666666666667,1.8933333333333333,0.6133333333333333,0.013333333333333334
E0_NO_CONTEXT,C4,7,50,0.32517495851313344,0.006503499170262669,0.4866666666666666,0.6666666666666666,1.96,0.6266666666666667,0.013333333333333334
E0_NO_CONTEXT,C4,7,100,0.6719787569525937,0.0067197875695259365,0.48333333333333334,0.6733333333333333,1.9566666666666668,0.6233333333333333,0.01
E0_NO_CONTEXT,C4,7,250,1.5947884628698286,0.006379153851479314,0.5013333333333337,0.6746666666666666,1.9573333333333334,0.604,0.024
E0_NO_CONTEXT,C4,7,500,3.437667294591498,0.006875334589182996,0.5039999999999999,0.652,1.9766666666666666,0.6153333333333333,0.02266666666666667
E0_NO_CONTEXT,C0,8,25,0.33790181516926115,0.013516072606770447,0.5333333333333333,0.44,1.9866666666666666,0.6,0.0
E0_NO_CONTEXT,C0,8,50,0.6523088881805377,0.013046177763610754,0.5066666666666667,0.4666666666666667,1.9666666666666666,0.5933333333333334,0.0
E0_NO_CONTEXT,C0,8,100,1.3276042785933886,0.013276042785933886,0.5366666666666667,0.44666666666666666,1.9966666666666666,0.6033333333333334,0.0
E0_NO_CONTEXT,C0,8,250,3.335288925882351,0.013341155703529404,0.5146666666666669,0.444,1.9773333333333334,0.6093333333333333,0.0
E0_NO_CONTEXT,C0,8,500,6.539531746906518,0.013079063493813036,0.5006666666666674,0.44333333333333336,1.9733333333333334,0.6113333333333333,0.0
E0_NO_CONTEXT,C1,8,25,0.32545466947576185,0.013018186779030473,0.5333333333333333,0.4533333333333333,1.9866666666666666,0.6,0.013333333333333334
E0_NO_CONTEXT,C1,8,50,0.6398617424870383,0.012797234849740767,0.5066666666666667,0.47333333333333333,1.9666666666666666,0.5933333333333334,0.006666666666666667
E0_NO_CONTEXT,C1,8,100,1.3151571328998892,0.013151571328998891,0.5366666666666667,0.45,1.9966666666666666,0.6033333333333334,0.0033333333333333335
E0_NO_CONTEXT,C1,8,250,3.3228417801888512,0.013291367120755406,0.5146666666666669,0.44533333333333336,1.9773333333333334,0.6093333333333333,0.0013333333333333333
E0_NO_CONTEXT,C1,8,500,6.527084601213018,0.013054169202426037,0.5006666666666674,0.444,1.9733333333333334,0.6113333333333333,0.0006666666666666666
E0_NO_CONTEXT,C2,8,25,0.34137502914284296,0.013655001165713719,0.5333333333333333,0.44,1.9866666666666666,0.6,0.013333333333333334
E0_NO_CONTEXT,C2,8,50,0.6557821021541195,0.013115642043082389,0.5066666666666667,0.4666666666666667,1.9666666666666666,0.5933333333333334,0.006666666666666667
E0_NO_CONTEXT,C2,8,100,1.3310774925669702,0.013310774925669702,0.5366666666666667,0.44666666666666666,1.9966666666666666,0.6033333333333334,0.0033333333333333335
E0_NO_CONTEXT,C2,8,250,3.3387621398559326,0.013355048559423731,0.5146666666666669,0.444,1.9773333333333334,0.6093333333333333,0.0013333333333333333
E0_NO_CONTEXT,C2,8,500,6.5430049608801,0.0130860099217602,0.5006666666666674,0.44333333333333336,1.9733333333333334,0.6113333333333333,0.0006666666666666666
E0_NO_CONTEXT,C3,8,25,0.32545466947576185,0.013018186779030473,0.5333333333333333,0.4533333333333333,1.9866666666666666,0.6,0.013333333333333334
E0_NO_CONTEXT,C3,8,50,0.6433349564606201,0.012866699129212402,0.5066666666666667,0.47333333333333333,1.9666666666666666,0.5933333333333334,0.013333333333333334
E0_NO_CONTEXT,C3,8,100,1.3186303468734708,0.013186303468734707,0.5366666666666667,0.45,1.9966666666666666,0.6033333333333334,0.006666666666666667
E0_NO_CONTEXT,C3,8,250,3.326314994162433,0.013305259976649731,0.5146666666666669,0.44533333333333336,1.9773333333333334,0.6093333333333333,0.0026666666666666666
E0_NO_CONTEXT,C3,8,500,6.537504243133764,0.013075008486267529,0.5006666666666674,0.44333333333333336,1.9733333333333334,0.6113333333333333,0.0026666666666666666
E0_NO_CONTEXT,C4,8,25,0.32545466947576185,0.013018186779030473,0.5333333333333333,0.4533333333333333,1.9866666666666666,0.6,0.013333333333333334
E0_NO_CONTEXT,C4,8,50,0.6398617424870383,0.012797234849740767,0.5066666666666667,0.47333333333333333,1.9666666666666666,0.5933333333333334,0.006666666666666667
E0_NO_CONTEXT,C4,8,100,1.3151571328998892,0.013151571328998891,0.5366666666666667,0.45,1.9966666666666666,0.6033333333333334,0.0033333333333333335
E0_NO_CONTEXT,C4,8,250,3.3228417801888512,0.013291367120755406,0.5146666666666669,0.44533333333333336,1.9773333333333334,0.6093333333333333,0.0013333333333333333
E0_NO_CONTEXT,C4,8,500,6.527084601213018,0.013054169202426037,0.5006666666666674,0.444,1.9733333333333334,0.6113333333333333,0.0006666666666666666
E0_NO_CONTEXT,C0,9,25,0.17814932794985905,0.0071259731179943615,0.49333333333333335,0.5733333333333334,1.9066666666666667,0.6,0.013333333333333334
E0_NO_CONTEXT,C0,9,50,0.3987856364523644,0.007975712729047289,0.5266666666666666,0.5666666666666667,1.88,0.6,0.006666666666666667
E0_NO_CONTEXT,C0,9,100,0.7222633739050748,0.007222633739050748,0.48666666666666664,0.6066666666666667,1.91,0.6,0.0033333333333333335
E0_NO_CONTEXT,C0,9,250,1.7725300207488686,0.007090120082995474,0.48666666666666675,0.6213333333333333,1.9066666666666667,0.5813333333333334,0.0013333333333333333
E0_NO_CONTEXT,C0,9,500,3.483328139485404,0.006966656278970808,0.49400000000000044,0.6166666666666667,1.9033333333333333,0.5773333333333334,0.0006666666666666666
E0_NO_CONTEXT,C1,9,25,0.18377657261549624,0.00735106290461985,0.49333333333333335,0.5733333333333334,1.9066666666666667,0.6,0.013333333333333334
E0_NO_CONTEXT,C1,9,50,0.4044128811180016,0.008088257622360033,0.5266666666666666,0.5666666666666667,1.88,0.6,0.006666666666666667
E0_NO_CONTEXT,C1,9,100,0.727890618570712,0.007278906185707121,0.48666666666666664,0.6066666666666667,1.91,0.6,0.0033333333333333335
E0_NO_CONTEXT,C1,9,250,1.7781572654145057,0.007112629061658023,0.48666666666666675,0.6213333333333333,1.9066666666666667,0.5813333333333334,0.0013333333333333333
E0_NO_CONTEXT,C1,9,500,3.4889553841510415,0.006977910768302083,0.49400000000000044,0.6166666666666667,1.9033333333333333,0.5773333333333334,0.0006666666666666666
E0_NO_CONTEXT,C2,9,25,0.17638686511770674,0.0070554746047082695,0.49333333333333335,0.5866666666666667,1.9066666666666667,0.6,0.0
E0_NO_CONTEXT,C2,9,50,0.3970231736202121,0.007940463472404242,0.5266666666666666,0.5733333333333334,1.88,0.6,0.0
E0_NO_CONTEXT,C2,9,100,0.7205009110729225,0.0072050091107292245,0.48666666666666664,0.61,1.91,0.6,0.0
E0_NO_CONTEXT,C2,9,250,1.7707675579167161,0.007083070231666865,0.48666666666666675,0.6226666666666667,1.9066666666666667,0.5813333333333334,0.0
E0_NO_CONTEXT,C2,9,500,3.4815656766532515,0.006963131353306503,0.49400000000000044,0.6173333333333333,1.9033333333333333,0.5773333333333334,0.0
E0_NO_CONTEXT,C3,9,25,0.18167425361416367,0.007266970144566547,0.49333333333333335,0.56,1.9066666666666667,0.6,0.04
E0_NO_CONTEXT,C3,9,50,0.40407302494882136,0.008081460498976427,0.5266666666666666,0.56,1.88,0.6,0.02666666666666667
E0_NO_CONTEXT,C3,9,100,0.729313225233684,0.007293132252336841,0.48666666666666664,0.6,1.91,0.6,0.016666666666666666
E0_NO_CONTEXT,C3,9,250,1.8017489945708456,0.007206995978283382,0.48533333333333345,0.616,1.9066666666666667,0.5813333333333334,0.010666666666666666
E0_NO_CONTEXT,C3,9,500,3.5170501672465297,0.00703410033449306,0.49333333333333385,0.614,1.9033333333333333,0.5773333333333334,0.007333333333333333
E0_NO_CONTEXT,C4,9,25,0.1999785942740473,0.007999143770961892,0.49333333333333335,0.52,1.9066666666666667,0.6,0.09333333333333334
E0_NO_CONTEXT,C4,9,50,0.4259022912730096,0.008518045825460192,0.5266666666666666,0.5333333333333333,1.88,0.6,0.06666666666666667
E0_NO_CONTEXT,C4,9,100,0.7529049543900246,0.0075290495439002455,0.48666666666666664,0.5866666666666667,1.91,0.6,0.04
E0_NO_CONTEXT,C4,9,250,1.8352357883817403,0.007340943153526961,0.48533333333333345,0.5986666666666667,1.9066666666666667,0.5813333333333334,0.036
E0_NO_CONTEXT,C4,9,500,3.5989077920828474,0.007197815584165695,0.4926666666666672,0.5946666666666667,1.9033333333333333,0.5773333333333334,0.038
E0_NO_CONTEXT,C0,10,25,0.0699741137620864,0.002798964550483456,0.43999999999999995,0.76,2.28,0.8133333333333334,0.38666666666666666
E0_NO_CONTEXT,C0,10,50,0.08536369082675443,0.0017072738165350887,0.46666666666666673,0.7933333333333333,2.1266666666666665,0.72,0.31333333333333335
E0_NO_CONTEXT,C0,10,100,0.1740369555726352,0.0017403695557263522,0.49999999999999994,0.77,2.1,0.68,0.25666666666666665
E0_NO_CONTEXT,C0,10,250,0.8455597862914772,0.003382239145165909,0.5146666666666668,0.7093333333333334,2.005333333333333,0.64,0.156
E0_NO_CONTEXT,C0,10,500,2.0972075367961223,0.004194415073592244,0.5080000000000001,0.6746666666666666,1.9726666666666666,0.6186666666666667,0.09866666666666667
E0_NO_CONTEXT,C1,10,25,0.2442648412330174,0.009770593649320695,0.43999999999999995,0.44,2.28,0.8133333333333334,0.06666666666666667
E0_NO_CONTEXT,C1,10,50,0.4120281049808563,0.008240562099617125,0.46666666666666673,0.5133333333333333,2.1266666666666665,0.72,0.03333333333333333
E0_NO_CONTEXT,C1,10,100,0.7546575141986884,0.007546575141986884,0.4933333333333333,0.53,2.1,0.68,0.016666666666666666
E0_NO_CONTEXT,C1,10,250,1.7647885375467975,0.007059154150187191,0.5093333333333335,0.56,2.005333333333333,0.64,0.006666666666666667
E0_NO_CONTEXT,C1,10,500,3.278857637339117,0.006557715274678234,0.5053333333333335,0.5793333333333334,1.9726666666666666,0.6186666666666667,0.0033333333333333335
E0_NO_CONTEXT,C2,10,25,0.20696470623633767,0.008278588249453506,0.43999999999999995,0.48,2.28,0.8133333333333334,0.06666666666666667
E0_NO_CONTEXT,C2,10,50,0.37472796998417657,0.0074945593996835315,0.46666666666666673,0.5333333333333333,2.1266666666666665,0.72,0.03333333333333333
E0_NO_CONTEXT,C2,10,100,0.7173573792020087,0.0071735737920200875,0.4933333333333333,0.54,2.1,0.68,0.016666666666666666
E0_NO_CONTEXT,C2,10,250,1.7274884025501178,0.006909953610200472,0.5093333333333335,0.564,2.005333333333333,0.64,0.006666666666666667
E0_NO_CONTEXT,C2,10,500,3.2415575023424372,0.006483115004684874,0.5053333333333335,0.5813333333333334,1.9726666666666666,0.6186666666666667,0.0033333333333333335
E0_NO_CONTEXT,C3,10,25,0.2596598839373123,0.010386395357492494,0.43999999999999995,0.41333333333333333,2.28,0.8133333333333334,0.13333333333333333
E0_NO_CONTEXT,C3,10,50,0.45463486836475236,0.009092697367295047,0.46666666666666673,0.48,2.1266666666666665,0.72,0.10666666666666667
E0_NO_CONTEXT,C3,10,100,0.878899439621388,0.008788994396213879,0.48999999999999994,0.49666666666666665,2.1,0.68,0.11333333333333333
E0_NO_CONTEXT,C3,10,250,2.0114832060277013,0.008045932824110804,0.5080000000000001,0.5266666666666666,2.005333333333333,0.64,0.08133333333333333
E0_NO_CONTEXT,C3,10,500,3.7976695126160394,0.007595339025232079,0.5046666666666668,0.5413333333333333,1.9726666666666666,0.6186666666666667,0.08066666666666666
E0_NO_CONTEXT,C4,10,25,0.2120784378924948,0.008483137515699792,0.43999999999999995,0.4666666666666667,2.28,0.8133333333333334,0.02666666666666667
E0_NO_CONTEXT,C4,10,50,0.3798417016403337,0.007596834032806674,0.46666666666666673,0.5266666666666666,2.1266666666666665,0.72,0.013333333333333334
E0_NO_CONTEXT,C4,10,100,0.7224711108581658,0.007224711108581658,0.4933333333333333,0.5366666666666666,2.1,0.68,0.006666666666666667
E0_NO_CONTEXT,C4,10,250,1.732602134206275,0.0069304085368251,0.5093333333333335,0.5626666666666666,2.005333333333333,0.64,0.0026666666666666666
E0_NO_CONTEXT,C4,10,500,3.2312816569339295,0.006462563313867859,0.5053333333333335,0.5866666666666667,1.9726666666666666,0.6186666666666667,0.01
E0_NO_CONTEXT,C0,11,25,0.26067928758329706,0.010427171503331882,0.5333333333333333,0.5066666666666667,1.88,0.6,0.0
E0_NO_CONTEXT,C0,11,50,0.45651351477257174,0.009130270295451435,0.5333333333333333,0.5533333333333333,1.7733333333333334,0.54,0.0
E0_NO_CONTEXT,C0,11,100,0.9885315909518528,0.009885315909518529,0.5366666666666666,0.55,1.8233333333333333,0.5633333333333334,0.0
E0_NO_CONTEXT,C0,11,250,2.599561227740041,0.010398244910960164,0.5173333333333334,0.5333333333333333,1.848,0.572,0.0
E0_NO_CONTEXT,C0,11,500,5.490859763772839,0.010981719527545678,0.48866666666666697,0.5226666666666666,1.906,0.5886666666666667,0.0
E0_NO_CONTEXT,C1,11,25,0.2534865252693722,0.010139461010774889,0.5333333333333333,0.5066666666666667,1.88,0.6,0.013333333333333334
E0_NO_CONTEXT,C1,11,50,0.4493207524586469,0.008986415049172938,0.5333333333333333,0.5533333333333333,1.7733333333333334,0.54,0.006666666666666667
E0_NO_CONTEXT,C1,11,100,0.981338828637928,0.00981338828637928,0.5366666666666666,0.55,1.8233333333333333,0.5633333333333334,0.0033333333333333335
E0_NO_CONTEXT,C1,11,250,2.5923684654261154,0.010369473861704462,0.5173333333333334,0.5333333333333333,1.848,0.572,0.0013333333333333333
E0_NO_CONTEXT,C1,11,500,5.4836670014589135,0.010967334002917826,0.48866666666666697,0.5226666666666666,1.906,0.5886666666666667,0.0006666666666666666
E0_NO_CONTEXT,C2,11,25,0.23662994682441496,0.009465197872976599,0.5333333333333333,0.5333333333333333,1.88,0.6,0.02666666666666667
E0_NO_CONTEXT,C2,11,50,0.43246417401368964,0.008649283480273794,0.5333333333333333,0.5666666666666667,1.7733333333333334,0.54,0.013333333333333334
E0_NO_CONTEXT,C2,11,100,0.9644822501929707,0.009644822501929707,0.5366666666666666,0.5566666666666666,1.8233333333333333,0.5633333333333334,0.006666666666666667
E0_NO_CONTEXT,C2,11,250,2.575511886981159,0.010302047547924636,0.5173333333333334,0.536,1.848,0.572,0.0026666666666666666
E0_NO_CONTEXT,C2,11,500,5.466810423013957,0.010933620846027914,0.48866666666666697,0.524,1.906,0.5886666666666667,0.0013333333333333333
E0_NO_CONTEXT,C3,11,25,0.2702703012944754,0.010810812051779015,0.5333333333333333,0.49333333333333335,1.88,0.6,0.02666666666666667
E0_NO_CONTEXT,C3,11,50,0.46610452848375006,0.009322090569675002,0.5333333333333333,0.5466666666666666,1.7733333333333334,0.54,0.013333333333333334
E0_NO_CONTEXT,C3,11,100,0.9981226046630312,0.009981226046630312,0.5366666666666666,0.5466666666666666,1.8233333333333333,0.5633333333333334,0.006666666666666667
E0_NO_CONTEXT,C3,11,250,2.6091522414512194,0.010436608965804877,0.5173333333333334,0.532,1.848,0.572,0.0026666666666666666
E0_NO_CONTEXT,C3,11,500,5.5004507774840175,0.011000901554968035,0.48866666666666697,0.522,1.906,0.5886666666666667,0.0013333333333333333
E0_NO_CONTEXT,C4,11,25,0.17650659492720977,0.007060263797088391,0.5466666666666667,0.6,1.88,0.6,0.09333333333333334
E0_NO_CONTEXT,C4,11,50,0.27614345908095606,0.005522869181619121,0.5466666666666667,0.6533333333333333,1.7733333333333334,0.54,0.1
E0_NO_CONTEXT,C4,11,100,0.5436187869125341,0.005436187869125341,0.5533333333333332,0.6733333333333333,1.8233333333333333,0.5633333333333334,0.12333333333333334
E0_NO_CONTEXT,C4,11,250,1.6375875973847587,0.006550350389539035,0.5240000000000001,0.64,1.848,0.572,0.10666666666666667
E0_NO_CONTEXT,C4,11,500,3.9276526144455057,0.007855305228891012,0.49466666666666687,0.6093333333333333,1.906,0.5886666666666667,0.08666666666666667
E0_NO_CONTEXT,C0,12,25,0.2756158384230091,0.011024633536920363,0.5866666666666667,0.4533333333333333,1.9466666666666668,0.6,0.02666666666666667
E0_NO_CONTEXT,C0,12,50,0.5950293072125397,0.011900586144250793,0.5866666666666667,0.4866666666666667,1.92,0.5533333333333333,0.013333333333333334
E0_NO_CONTEXT,C0,12,100,1.1964103893444817,0.011964103893444817,0.5033333333333334,0.48,1.88,0.5633333333333334,0.006666666666666667
E0_NO_CONTEXT,C0,12,250,2.9272481428984345,0.011708992571593737,0.4933333333333335,0.4826666666666667,1.8893333333333333,0.5786666666666667,0.0026666666666666666
E0_NO_CONTEXT,C0,12,500,6.028784088540983,0.012057568177081967,0.4940000000000001,0.4866666666666667,1.9193333333333333,0.592,0.0013333333333333333
E0_NO_CONTEXT,C1,12,25,0.2756158384230091,0.011024633536920363,0.5866666666666667,0.4666666666666667,1.9466666666666668,0.6,0.02666666666666667
E0_NO_CONTEXT,C1,12,50,0.5950293072125397,0.011900586144250793,0.5866666666666667,0.49333333333333335,1.92,0.5533333333333333,0.013333333333333334
E0_NO_CONTEXT,C1,12,100,1.1964103893444817,0.011964103893444817,0.5033333333333334,0.48333333333333334,1.88,0.5633333333333334,0.006666666666666667
E0_NO_CONTEXT,C1,12,250,2.9272481428984345,0.011708992571593737,0.4933333333333335,0.484,1.8893333333333333,0.5786666666666667,0.0026666666666666666
E0_NO_CONTEXT,C1,12,500,6.028784088540983,0.012057568177081967,0.4940000000000001,0.48733333333333334,1.9193333333333333,0.592,0.0013333333333333333
E0_NO_CONTEXT,C2,12,25,0.2756158384230091,0.011024633536920363,0.5866666666666667,0.4666666666666667,1.9466666666666668,0.6,0.02666666666666667
E0_NO_CONTEXT,C2,12,50,0.5950293072125397,0.011900586144250793,0.5866666666666667,0.49333333333333335,1.92,0.5533333333333333,0.013333333333333334
E0_NO_CONTEXT,C2,12,100,1.1964103893444817,0.011964103893444817,0.5033333333333334,0.48333333333333334,1.88,0.5633333333333334,0.006666666666666667
E0_NO_CONTEXT,C2,12,250,2.9272481428984345,0.011708992571593737,0.4933333333333335,0.484,1.8893333333333333,0.5786666666666667,0.0026666666666666666
E0_NO_CONTEXT,C2,12,500,6.028784088540983,0.012057568177081967,0.4940000000000001,0.48733333333333334,1.9193333333333333,0.592,0.0013333333333333333
E0_NO_CONTEXT,C3,12,25,0.16734933008756214,0.0066939732035024855,0.6,0.6266666666666667,1.9466666666666668,0.6,0.2
E0_NO_CONTEXT,C3,12,50,0.45726015040690904,0.00914520300813818,0.5933333333333334,0.5866666666666667,1.92,0.5533333333333333,0.12
E0_NO_CONTEXT,C3,12,100,0.8484625234371139,0.00848462523437114,0.5133333333333334,0.5933333333333334,1.88,0.5633333333333334,0.12333333333333334
E0_NO_CONTEXT,C3,12,250,2.19210567706823,0.008768422708272921,0.49866666666666687,0.5773333333333334,1.8893333333333333,0.5786666666666667,0.09866666666666667
E0_NO_CONTEXT,C3,12,500,4.715883819168977,0.009431767638337954,0.49800000000000005,0.5726666666666667,1.9193333333333333,0.592,0.09666666666666666
E0_NO_CONTEXT,C4,12,25,0.23546724212390774,0.00941868968495631,0.5866666666666667,0.5066666666666667,1.9466666666666668,0.6,0.05333333333333334
E0_NO_CONTEXT,C4,12,50,0.5548807109134382,0.011097614218268763,0.5866666666666667,0.5133333333333333,1.92,0.5533333333333333,0.02666666666666667
E0_NO_CONTEXT,C4,12,100,1.1097468969957278,0.011097468969957279,0.5033333333333334,0.5066666666666667,1.88,0.5633333333333334,0.02666666666666667
E0_NO_CONTEXT,C4,12,250,2.7475548584503757,0.010990219433801502,0.4933333333333335,0.504,1.8893333333333333,0.5786666666666667,0.021333333333333333
E0_NO_CONTEXT,C4,12,500,5.354318095821014,0.01070863619164203,0.4940000000000001,0.5253333333333333,1.9193333333333333,0.592,0.04
E0_NO_CONTEXT,C0,13,25,0.2639898040824279,0.010559592163297115,0.5733333333333334,0.5333333333333333,1.92,0.56,0.013333333333333334
E0_NO_CONTEXT,C0,13,50,0.5202833059478539,0.010405666118957078,0.54,0.56,1.8533333333333333,0.5333333333333333,0.006666666666666667
E0_NO_CONTEXT,C0,13,100,1.1679504126487403,0.011679504126487404,0.5166666666666666,0.49666666666666665,1.9466666666666668,0.58,0.0033333333333333335
E0_NO_CONTEXT,C0,13,250,3.0082564657502737,0.012033025863001095,0.493333333333333,0.4826666666666667,1.9426666666666668,0.592,0.0013333333333333333
E0_NO_CONTEXT,C0,13,500,6.06577122469372,0.01213154244938744,0.49133333333333307,0.466,1.9626666666666666,0.6073333333333333,0.0006666666666666666
E0_NO_CONTEXT,C1,13,25,0.27495119332374324,0.010998047732949729,0.56,0.52,1.92,0.56,0.0
E0_NO_CONTEXT,C1,13,50,0.5312446951891693,0.010624893903783385,0.5333333333333333,0.5533333333333333,1.8533333333333333,0.5333333333333333,0.0
E0_NO_CONTEXT,C1,13,100,1.1789118018900555,0.011789118018900556,0.5133333333333333,0.49333333333333335,1.9466666666666668,0.58,0.0
E0_NO_CONTEXT,C1,13,250,3.019217854991589,0.012076871419966356,0.4919999999999997,0.48133333333333334,1.9426666666666668,0.592,0.0
E0_NO_CONTEXT,C1,13,500,6.076732613935036,0.012153465227870072,0.4906666666666665,0.4653333333333333,1.9626666666666666,0.6073333333333333,0.0
E0_NO_CONTEXT,C2,13,25,0.27495119332374324,0.010998047732949729,0.56,0.52,1.92,0.56,0.0
E0_NO_CONTEXT,C2,13,50,0.5312446951891693,0.010624893903783385,0.5333333333333333,0.5533333333333333,1.8533333333333333,0.5333333333333333,0.0
E0_NO_CONTEXT,C2,13,100,1.1789118018900555,0.011789118018900556,0.5133333333333333,0.49333333333333335,1.9466666666666668,0.58,0.0
E0_NO_CONTEXT,C2,13,250,3.019217854991589,0.012076871419966356,0.4919999999999997,0.48133333333333334,1.9426666666666668,0.592,0.0
E0_NO_CONTEXT,C2,13,500,6.076732613935036,0.012153465227870072,0.4906666666666665,0.4653333333333333,1.9626666666666666,0.6073333333333333,0.0
E0_NO_CONTEXT,C3,13,25,0.27495119332374324,0.010998047732949729,0.56,0.52,1.92,0.56,0.0
E0_NO_CONTEXT,C3,13,50,0.5312446951891693,0.010624893903783385,0.5333333333333333,0.5533333333333333,1.8533333333333333,0.5333333333333333,0.0
E0_NO_CONTEXT,C3,13,100,1.1789118018900555,0.011789118018900556,0.5133333333333333,0.49333333333333335,1.9466666666666668,0.58,0.0
E0_NO_CONTEXT,C3,13,250,3.019217854991589,0.012076871419966356,0.4919999999999997,0.48133333333333334,1.9426666666666668,0.592,0.0
E0_NO_CONTEXT,C3,13,500,6.076732613935036,0.012153465227870072,0.4906666666666665,0.4653333333333333,1.9626666666666666,0.6073333333333333,0.0
E0_NO_CONTEXT,C4,13,25,0.23937973679683927,0.009575189471873571,0.5733333333333334,0.56,1.92,0.56,0.06666666666666667
E0_NO_CONTEXT,C4,13,50,0.4956732386622652,0.009913464773245305,0.54,0.5733333333333334,1.8533333333333333,0.5333333333333333,0.03333333333333333
E0_NO_CONTEXT,C4,13,100,1.115289251917278,0.011152892519172779,0.5166666666666666,0.5133333333333333,1.9466666666666668,0.58,0.03
E0_NO_CONTEXT,C4,13,250,2.9227111372948658,0.011690844549179463,0.493333333333333,0.49333333333333335,1.9426666666666668,0.592,0.016
E0_NO_CONTEXT,C4,13,500,5.955518549802613,0.011911037099605226,0.49133333333333307,0.4726666666666667,1.9626666666666666,0.6073333333333333,0.012
E0_NO_CONTEXT,C0,14,25,0.2187747119792388,0.008750988479169552,0.41333333333333333,0.6666666666666666,2.0,0.6,0.0
E0_NO_CONTEXT,C0,14,50,0.4266602744710223,0.008533205489420445,0.44,0.6666666666666666,1.9133333333333333,0.5733333333333334,0.0
E0_NO_CONTEXT,C0,14,100,0.8532808800528401,0.008532808800528402,0.48333333333333317,0.67,1.8966666666666667,0.58,0.0
E0_NO_CONTEXT,C0,14,250,2.385060883910359,0.009540243535641436,0.4813333333333333,0.6226666666666667,1.964,0.6026666666666667,0.0
E0_NO_CONTEXT,C0,14,500,4.731573386833359,0.009463146773666718,0.4973333333333332,0.63,1.9546666666666668,0.602,0.0
E0_NO_CONTEXT,C1,14,25,0.2187747119792388,0.008750988479169552,0.41333333333333333,0.6666666666666666,2.0,0.6,0.0
E0_NO_CONTEXT,C1,14,50,0.4266602744710223,0.008533205489420445,0.44,0.6666666666666666,1.9133333333333333,0.5733333333333334,0.0
E0_NO_CONTEXT,C1,14,100,0.8532808800528401,0.008532808800528402,0.48333333333333317,0.67,1.8966666666666667,0.58,0.0
E0_NO_CONTEXT,C1,14,250,2.385060883910359,0.009540243535641436,0.4813333333333333,0.6226666666666667,1.964,0.6026666666666667,0.0
E0_NO_CONTEXT,C1,14,500,4.731573386833359,0.009463146773666718,0.4973333333333332,0.63,1.9546666666666668,0.602,0.0
E0_NO_CONTEXT,C2,14,25,0.2187747119792388,0.008750988479169552,0.41333333333333333,0.6666666666666666,2.0,0.6,0.0
E0_NO_CONTEXT,C2,14,50,0.4266602744710223,0.008533205489420445,0.44,0.6666666666666666,1.9133333333333333,0.5733333333333334,0.0
E0_NO_CONTEXT,C2,14,100,0.8532808800528401,0.008532808800528402,0.48333333333333317,0.67,1.8966666666666667,0.58,0.0
E0_NO_CONTEXT,C2,14,250,2.385060883910359,0.009540243535641436,0.4813333333333333,0.6226666666666667,1.964,0.6026666666666667,0.0
E0_NO_CONTEXT,C2,14,500,4.731573386833359,0.009463146773666718,0.4973333333333332,0.63,1.9546666666666668,0.602,0.0
E0_NO_CONTEXT,C3,14,25,0.26099452362623093,0.010439780945049238,0.41333333333333333,0.6,2.0,0.6,0.09333333333333334
E0_NO_CONTEXT,C3,14,50,0.49903709443729444,0.009980741888745889,0.44,0.6266666666666667,1.9133333333333333,0.5733333333333334,0.08
E0_NO_CONTEXT,C3,14,100,0.9437519050106803,0.009437519050106803,0.48333333333333317,0.6466666666666666,1.8966666666666667,0.58,0.05
E0_NO_CONTEXT,C3,14,250,2.5237831221790468,0.010095132488716187,0.4813333333333333,0.6066666666666667,1.964,0.6026666666666667,0.030666666666666665
E0_NO_CONTEXT,C3,14,500,4.90377525049607,0.00980755050099214,0.49666666666666653,0.6193333333333333,1.9546666666666668,0.602,0.026
E0_NO_CONTEXT,C4,14,25,0.21329046834630594,0.008531618733852237,0.41333333333333333,0.6666666666666666,2.0,0.6,0.013333333333333334
E0_NO_CONTEXT,C4,14,50,0.4211760308380894,0.008423520616761788,0.44,0.6666666666666666,1.9133333333333333,0.5733333333333334,0.006666666666666667
E0_NO_CONTEXT,C4,14,100,0.8477966364199072,0.008477966364199072,0.48333333333333317,0.67,1.8966666666666667,0.58,0.0033333333333333335
E0_NO_CONTEXT,C4,14,250,2.379576640277426,0.009518306561109703,0.4813333333333333,0.6226666666666667,1.964,0.6026666666666667,0.0013333333333333333
E0_NO_CONTEXT,C4,14,500,4.732120544864282,0.009464241089728563,0.4973333333333332,0.6293333333333333,1.9546666666666668,0.602,0.0013333333333333333
E0_NO_CONTEXT,C0,15,25,0.24720595270607265,0.009888238108242907,0.4933333333333333,0.6133333333333333,1.88,0.6,0.013333333333333334
E0_NO_CONTEXT,C0,15,50,0.5206869433995389,0.010413738867990779,0.5333333333333334,0.5933333333333334,2.013333333333333,0.6666666666666666,0.006666666666666667
E0_NO_CONTEXT,C0,15,100,1.0258294596312152,0.010258294596312152,0.5233333333333332,0.5966666666666667,2.02,0.6666666666666666,0.0033333333333333335
E0_NO_CONTEXT,C0,15,250,2.526390229545958,0.010105560918183832,0.48266666666666674,0.6213333333333333,1.976,0.6266666666666667,0.0013333333333333333
E0_NO_CONTEXT,C0,15,500,5.04563452717171,0.010091269054343419,0.49266666666666653,0.614,1.9626666666666666,0.61,0.0006666666666666666
E0_NO_CONTEXT,C1,15,25,0.24184064729630717,0.009673625891852286,0.4933333333333333,0.6266666666666667,1.88,0.6,0.02666666666666667
E0_NO_CONTEXT,C1,15,50,0.5153216379897736,0.010306432759795472,0.5333333333333334,0.6,2.013333333333333,0.6666666666666666,0.013333333333333334
E0_NO_CONTEXT,C1,15,100,1.0204641542214499,0.0102046415422145,0.5233333333333332,0.6,2.02,0.6666666666666666,0.006666666666666667
E0_NO_CONTEXT,C1,15,250,2.5210249241361926,0.01008409969654477,0.48266666666666674,0.6226666666666667,1.976,0.6266666666666667,0.0026666666666666666
E0_NO_CONTEXT,C1,15,500,5.040269221761944,0.010080538443523888,0.49266666666666653,0.6146666666666667,1.9626666666666666,0.61,0.0013333333333333333
E0_NO_CONTEXT,C2,15,25,0.2576608189948867,0.010306432759795467,0.4933333333333333,0.6,1.88,0.6,0.0
E0_NO_CONTEXT,C2,15,50,0.5311418096883529,0.010622836193767058,0.5333333333333334,0.5866666666666667,2.013333333333333,0.6666666666666666,0.0
E0_NO_CONTEXT,C2,15,100,1.0362843259200292,0.010362843259200291,0.5233333333333332,0.5933333333333334,2.02,0.6666666666666666,0.0
E0_NO_CONTEXT,C2,15,250,2.536845095834772,0.010147380383339089,0.48266666666666674,0.62,1.976,0.6266666666666667,0.0
E0_NO_CONTEXT,C2,15,500,5.056089393460524,0.010112178786921047,0.49266666666666653,0.6133333333333333,1.9626666666666666,0.61,0.0
E0_NO_CONTEXT,C3,15,25,0.23138578100749313,0.009255431240299726,0.4933333333333333,0.64,1.88,0.6,0.04
E0_NO_CONTEXT,C3,15,50,0.5048667717009595,0.01009733543401919,0.5333333333333334,0.6066666666666667,2.013333333333333,0.6666666666666666,0.02
E0_NO_CONTEXT,C3,15,100,0.9995544216438217,0.009995544216438217,0.5233333333333332,0.6066666666666667,2.02,0.6666666666666666,0.013333333333333334
E0_NO_CONTEXT,C3,15,250,2.500115191558564,0.010000460766234258,0.48266666666666674,0.6253333333333333,1.976,0.6266666666666667,0.005333333333333333
E0_NO_CONTEXT,C3,15,500,5.09179903832229,0.01018359807664458,0.49266666666666653,0.614,1.9626666666666666,0.61,0.010666666666666666
E0_NO_CONTEXT,C4,15,25,0.20523057764373154,0.008209223105749262,0.5066666666666666,0.6933333333333334,1.88,0.6,0.13333333333333333
E0_NO_CONTEXT,C4,15,50,0.45188504128837065,0.009037700825767414,0.5400000000000001,0.6533333333333333,2.013333333333333,0.6666666666666666,0.1
E0_NO_CONTEXT,C4,15,100,0.9516622521102812,0.009516622521102813,0.5266666666666666,0.63,2.02,0.6666666666666666,0.05333333333333334
E0_NO_CONTEXT,C4,15,250,2.2846694168732835,0.009138677667493133,0.48533333333333345,0.656,1.976,0.6266666666666667,0.044
E0_NO_CONTEXT,C4,15,500,3.9877267450030156,0.007975453490006031,0.49666666666666653,0.686,1.9626666666666666,0.61,0.07866666666666666
E0_NO_CONTEXT,C0,16,25,0.19166674307189718,0.007666669722875888,0.3866666666666667,0.44,1.9733333333333334,0.6133333333333333,0.0
E0_NO_CONTEXT,C0,16,50,0.4506600111179805,0.009013200222359609,0.46666666666666673,0.4266666666666667,2.02,0.6266666666666667,0.0
E0_NO_CONTEXT,C0,16,100,0.8943831203923533,0.008943831203923534,0.4533333333333335,0.47,1.94,0.5866666666666667,0.0
E0_NO_CONTEXT,C0,16,250,2.091944043926457,0.008367776175705827,0.48266666666666674,0.5146666666666667,1.8893333333333333,0.5813333333333334,0.0
E0_NO_CONTEXT,C0,16,500,4.424046788929118,0.008848093577858237,0.49133333333333357,0.502,1.92,0.5853333333333334,0.0
E0_NO_CONTEXT,C1,16,25,0.1861100756881625,0.007444403027526501,0.3866666666666667,0.4533333333333333,1.9733333333333334,0.6133333333333333,0.02666666666666667
E0_NO_CONTEXT,C1,16,50,0.4451033437342458,0.008902066874684917,0.46666666666666673,0.43333333333333335,2.02,0.6266666666666667,0.013333333333333334
E0_NO_CONTEXT,C1,16,100,0.8888264530086185,0.008888264530086185,0.4533333333333335,0.47333333333333333,1.94,0.5866666666666667,0.006666666666666667
E0_NO_CONTEXT,C1,16,250,2.0863873765427225,0.00834554950617089,0.48266666666666674,0.516,1.8893333333333333,0.5813333333333334,0.0026666666666666666
E0_NO_CONTEXT,C1,16,500,4.418490121545384,0.008836980243090767,0.49133333333333357,0.5026666666666667,1.92,0.5853333333333334,0.0013333333333333333
E0_NO_CONTEXT,C2,16,25,0.1886565972388458,0.007546263889553833,0.3866666666666667,0.4666666666666667,1.9733333333333334,0.6133333333333333,0.04
E0_NO_CONTEXT,C2,16,50,0.4476498652849291,0.008952997305698582,0.46666666666666673,0.44,2.02,0.6266666666666667,0.02
E0_NO_CONTEXT,C2,16,100,0.891372974559302,0.00891372974559302,0.4533333333333335,0.4766666666666667,1.94,0.5866666666666667,0.01
E0_NO_CONTEXT,C2,16,250,2.088933898093406,0.008355735592373624,0.48266666666666674,0.5173333333333333,1.8893333333333333,0.5813333333333334,0.004
E0_NO_CONTEXT,C2,16,500,4.421036643096067,0.008842073286192135,0.49133333333333357,0.5033333333333333,1.92,0.5853333333333334,0.002
E0_NO_CONTEXT,C3,16,25,0.12691736497616785,0.005076694599046714,0.3866666666666667,0.5733333333333334,1.9733333333333334,0.6133333333333333,0.2
E0_NO_CONTEXT,C3,16,50,0.31305806599210384,0.006261161319842077,0.46666666666666673,0.58,2.02,0.6266666666666667,0.20666666666666667
E0_NO_CONTEXT,C3,16,100,0.6338424684031043,0.006338424684031043,0.4533333333333335,0.6233333333333333,1.94,0.5866666666666667,0.19333333333333333
E0_NO_CONTEXT,C3,16,250,1.594953255165679,0.006379813020662716,0.4840000000000001,0.62,1.8893333333333333,0.5813333333333334,0.14133333333333334
E0_NO_CONTEXT,C3,16,500,3.302870801932292,0.006605741603864584,0.4920000000000002,0.6093333333333333,1.92,0.5853333333333334,0.13733333333333334
E0_NO_CONTEXT,C4,16,25,0.1203150653382325,0.0048126026135292994,0.3866666666666667,0.64,1.9733333333333334,0.6133333333333333,0.28
E0_NO_CONTEXT,C4,16,50,0.31008180322881634,0.006201636064576327,0.46666666666666673,0.62,2.02,0.6266666666666667,0.29333333333333333
E0_NO_CONTEXT,C4,16,100,0.6354956244588152,0.006354956244588153,0.4533333333333335,0.6466666666666666,1.94,0.5866666666666667,0.25666666666666665
E0_NO_CONTEXT,C4,16,250,1.609170579657587,0.006436682318630348,0.4840000000000001,0.6453333333333333,1.8893333333333333,0.5813333333333334,0.19733333333333333
E0_NO_CONTEXT,C4,16,500,3.5891203822166435,0.007178240764433287,0.4926666666666669,0.6186666666666667,1.92,0.5853333333333334,0.17933333333333334
E0_NO_CONTEXT,C0,17,25,0.15604603327904354,0.006241841331161742,0.4533333333333333,0.6533333333333333,2.066666666666667,0.6266666666666667,0.02666666666666667
E0_NO_CONTEXT,C0,17,50,0.33491325467972977,0.006698265093594596,0.48,0.58,2.0,0.6266666666666667,0.013333333333333334
E0_NO_CONTEXT,C0,17,100,0.5958414470297824,0.005958414470297824,0.5066666666666666,0.6133333333333333,1.9333333333333333,0.5866666666666667,0.006666666666666667
E0_NO_CONTEXT,C0,17,250,1.4604882003208073,0.005841952801283229,0.5266666666666668,0.6213333333333333,1.9106666666666667,0.5893333333333334,0.0026666666666666666
E0_NO_CONTEXT,C0,17,500,3.0018060931311563,0.006003612186262313,0.5153333333333335,0.6033333333333334,1.934,0.6053333333333333,0.0013333333333333333
E0_NO_CONTEXT,C1,17,25,0.16205914992440817,0.006482365996976327,0.4533333333333333,0.64,2.066666666666667,0.6266666666666667,0.02666666666666667
E0_NO_CONTEXT,C1,17,50,0.3409263713250944,0.006818527426501888,0.48,0.5733333333333334,2.0,0.6266666666666667,0.013333333333333334
E0_NO_CONTEXT,C1,17,100,0.601854563675147,0.00601854563675147,0.5066666666666666,0.61,1.9333333333333333,0.5866666666666667,0.006666666666666667
E0_NO_CONTEXT,C1,17,250,1.466501316966172,0.005866005267864688,0.5266666666666668,0.62,1.9106666666666667,0.5893333333333334,0.0026666666666666666
E0_NO_CONTEXT,C1,17,500,3.007819209776521,0.006015638419553042,0.5153333333333335,0.6026666666666667,1.934,0.6053333333333333,0.0013333333333333333
E0_NO_CONTEXT,C2,17,25,0.1644831075063528,0.0065793243002541125,0.4533333333333333,0.6533333333333333,2.066666666666667,0.6266666666666667,0.04
E0_NO_CONTEXT,C2,17,50,0.34335032890703904,0.006867006578140781,0.48,0.58,2.0,0.6266666666666667,0.02
E0_NO_CONTEXT,C2,17,100,0.6042785212570917,0.006042785212570917,0.5066666666666666,0.6133333333333333,1.9333333333333333,0.5866666666666667,0.01
E0_NO_CONTEXT,C2,17,250,1.4689252745481167,0.005875701098192467,0.5266666666666668,0.6213333333333333,1.9106666666666667,0.5893333333333334,0.004
E0_NO_CONTEXT,C2,17,500,3.0102431673584658,0.0060204863347169315,0.5153333333333335,0.6033333333333334,1.934,0.6053333333333333,0.002
E0_NO_CONTEXT,C3,17,25,0.16983996991481792,0.006793598796592717,0.4533333333333333,0.64,2.066666666666667,0.6266666666666667,0.013333333333333334
E0_NO_CONTEXT,C3,17,50,0.34870719131550415,0.006974143826310083,0.48,0.5733333333333334,2.0,0.6266666666666667,0.006666666666666667
E0_NO_CONTEXT,C3,17,100,0.6096353836655568,0.006096353836655568,0.5066666666666666,0.61,1.9333333333333333,0.5866666666666667,0.0033333333333333335
E0_NO_CONTEXT,C3,17,250,1.5079197522716252,0.0060316790090865005,0.5266666666666668,0.6093333333333333,1.9106666666666667,0.5893333333333334,0.02
E0_NO_CONTEXT,C3,17,500,3.0490796195701364,0.006098159239140272,0.5153333333333335,0.5926666666666667,1.934,0.6053333333333333,0.035333333333333335
E0_NO_CONTEXT,C4,17,25,0.2482257494165903,0.009929029976663612,0.4533333333333333,0.48,2.066666666666667,0.6266666666666667,0.29333333333333333
E0_NO_CONTEXT,C4,17,50,0.4475434790856724,0.008950869581713448,0.48,0.48,2.0,0.6266666666666667,0.18666666666666668
E0_NO_CONTEXT,C4,17,100,0.742109286750767,0.0074210928675076705,0.5066666666666666,0.5366666666666666,1.9333333333333333,0.5866666666666667,0.14
E0_NO_CONTEXT,C4,17,250,1.6230233589072816,0.0064920934356291265,0.5266666666666668,0.5826666666666667,1.9106666666666667,0.5893333333333334,0.07066666666666667
E0_NO_CONTEXT,C4,17,500,3.2737465126871674,0.006547493025374335,0.5153333333333335,0.5666666666666667,1.934,0.6053333333333333,0.06066666666666667
E0_NO_CONTEXT,C0,18,25,0.23122045203992958,0.009248818081597183,0.5466666666666666,0.6666666666666666,1.8533333333333333,0.5066666666666667,0.05333333333333334
E0_NO_CONTEXT,C0,18,50,0.4599661713967,0.009199323427934,0.5333333333333333,0.66,1.86,0.5533333333333333,0.02666666666666667
E0_NO_CONTEXT,C0,18,100,1.0643219764928498,0.010643219764928498,0.5100000000000002,0.5966666666666667,1.9733333333333334,0.6166666666666667,0.013333333333333334
E0_NO_CONTEXT,C0,18,250,2.634178377788683,0.010536713511154731,0.5186666666666667,0.5933333333333334,1.9346666666666668,0.604,0.005333333333333333
E0_NO_CONTEXT,C0,18,500,5.333342406213665,0.010666684812427331,0.5146666666666668,0.59,1.9326666666666668,0.594,0.0033333333333333335
E0_NO_CONTEXT,C1,18,25,0.22998440431227785,0.009199376172491114,0.5466666666666666,0.68,1.8533333333333333,0.5066666666666667,0.04
E0_NO_CONTEXT,C1,18,50,0.45873012366904825,0.009174602473380965,0.5333333333333333,0.6666666666666666,1.86,0.5533333333333333,0.02
E0_NO_CONTEXT,C1,18,100,1.0630859287651981,0.010630859287651982,0.5100000000000002,0.6,1.9733333333333334,0.6166666666666667,0.01
E0_NO_CONTEXT,C1,18,250,2.6329423300610313,0.010531769320244124,0.5186666666666667,0.5946666666666667,1.9346666666666668,0.604,0.004
E0_NO_CONTEXT,C1,18,500,5.342944248217611,0.010685888496435222,0.5146666666666668,0.59,1.9326666666666668,0.594,0.002
E0_NO_CONTEXT,C2,18,25,0.23646290976329126,0.00945851639053165,0.5466666666666666,0.6666666666666666,1.8533333333333333,0.5066666666666667,0.04
E0_NO_CONTEXT,C2,18,50,0.46520862912006167,0.009304172582401233,0.5333333333333333,0.66,1.86,0.5533333333333333,0.02
E0_NO_CONTEXT,C2,18,100,1.0695644342162116,0.010695644342162115,0.5100000000000002,0.5966666666666667,1.9733333333333334,0.6166666666666667,0.01
E0_NO_CONTEXT,C2,18,250,2.6394208355120443,0.010557683342048178,0.5186666666666667,0.5933333333333334,1.9346666666666668,0.604,0.004
E0_NO_CONTEXT,C2,18,500,5.349422753668624,0.010698845507337249,0.5146666666666668,0.5893333333333334,1.9326666666666668,0.594,0.002
E0_NO_CONTEXT,C3,18,25,0.24849515946925743,0.009939806378770297,0.5466666666666666,0.64,1.8533333333333333,0.5066666666666667,0.013333333333333334
E0_NO_CONTEXT,C3,18,50,0.47724087882602784,0.009544817576520558,0.5333333333333333,0.6466666666666666,1.86,0.5533333333333333,0.006666666666666667
E0_NO_CONTEXT,C3,18,100,1.0815966839221778,0.010815966839221779,0.5100000000000002,0.59,1.9733333333333334,0.6166666666666667,0.0033333333333333335
E0_NO_CONTEXT,C3,18,250,2.6514530852180105,0.010605812340872042,0.5186666666666667,0.5906666666666667,1.9346666666666668,0.604,0.0013333333333333333
E0_NO_CONTEXT,C3,18,500,5.361917383972621,0.010723834767945242,0.5146666666666668,0.5873333333333334,1.9326666666666668,0.594,0.0013333333333333333
E0_NO_CONTEXT,C4,18,25,0.24988230126334893,0.009995292050533957,0.5466666666666666,0.6266666666666667,1.8533333333333333,0.5066666666666667,0.05333333333333334
E0_NO_CONTEXT,C4,18,50,0.47862802062011933,0.009572560412402387,0.5333333333333333,0.64,1.86,0.5533333333333333,0.02666666666666667
E0_NO_CONTEXT,C4,18,100,1.0834462063142996,0.010834462063142996,0.5100000000000002,0.5833333333333334,1.9733333333333334,0.6166666666666667,0.016666666666666666
E0_NO_CONTEXT,C4,18,250,2.6551521300022536,0.010620608520009015,0.5186666666666667,0.584,1.9346666666666668,0.604,0.012
E0_NO_CONTEXT,C4,18,500,5.401287385625826,0.010802574771251653,0.5146666666666668,0.582,1.9326666666666668,0.594,0.012666666666666666
E0_NO_CONTEXT,C0,19,25,0.277674469337294,0.01110697877349176,0.5199999999999999,0.52,1.9333333333333333,0.6,0.0
E0_NO_CONTEXT,C0,19,50,0.5862527535768824,0.011725055071537649,0.4333333333333334,0.5066666666666667,1.94,0.5866666666666667,0.0
E0_NO_CONTEXT,C0,19,100,1.209079900281113,0.01209079900281113,0.47,0.49333333333333335,1.92,0.5766666666666667,0.0
E0_NO_CONTEXT,C0,19,250,3.1914122048193576,0.01276564881927743,0.4693333333333333,0.4666666666666667,1.9386666666666668,0.5946666666666667,0.0
E0_NO_CONTEXT,C0,19,500,6.308932025316846,0.012617864050633691,0.5033333333333333,0.47933333333333333,1.9233333333333333,0.5906666666666667,0.0
E0_NO_CONTEXT,C1,19,25,0.277674469337294,0.01110697877349176,0.5199999999999999,0.52,1.9333333333333333,0.6,0.0
E0_NO_CONTEXT,C1,19,50,0.5862527535768824,0.011725055071537649,0.4333333333333334,0.5066666666666667,1.94,0.5866666666666667,0.0
E0_NO_CONTEXT,C1,19,100,1.209079900281113,0.01209079900281113,0.47,0.49333333333333335,1.92,0.5766666666666667,0.0
E0_NO_CONTEXT,C1,19,250,3.1914122048193576,0.01276564881927743,0.4693333333333333,0.4666666666666667,1.9386666666666668,0.5946666666666667,0.0
E0_NO_CONTEXT,C1,19,500,6.308932025316846,0.012617864050633691,0.5033333333333333,0.47933333333333333,1.9233333333333333,0.5906666666666667,0.0
E0_NO_CONTEXT,C2,19,25,0.277674469337294,0.01110697877349176,0.5199999999999999,0.52,1.9333333333333333,0.6,0.0
E0_NO_CONTEXT,C2,19,50,0.5862527535768824,0.011725055071537649,0.4333333333333334,0.5066666666666667,1.94,0.5866666666666667,0.0
E0_NO_CONTEXT,C2,19,100,1.209079900281113,0.01209079900281113,0.47,0.49333333333333335,1.92,0.5766666666666667,0.0
E0_NO_CONTEXT,C2,19,250,3.1914122048193576,0.01276564881927743,0.4693333333333333,0.4666666666666667,1.9386666666666668,0.5946666666666667,0.0
E0_NO_CONTEXT,C2,19,500,6.308932025316846,0.012617864050633691,0.5033333333333333,0.47933333333333333,1.9233333333333333,0.5906666666666667,0.0
E0_NO_CONTEXT,C3,19,25,0.277674469337294,0.01110697877349176,0.5199999999999999,0.52,1.9333333333333333,0.6,0.0
E0_NO_CONTEXT,C3,19,50,0.5862527535768824,0.011725055071537649,0.4333333333333334,0.5066666666666667,1.94,0.5866666666666667,0.0
E0_NO_CONTEXT,C3,19,100,1.209079900281113,0.01209079900281113,0.47,0.49333333333333335,1.92,0.5766666666666667,0.0
E0_NO_CONTEXT,C3,19,250,3.1914122048193576,0.01276564881927743,0.4693333333333333,0.4666666666666667,1.9386666666666668,0.5946666666666667,0.0
E0_NO_CONTEXT,C3,19,500,6.302942581619663,0.012605885163239327,0.5033333333333333,0.48,1.9233333333333333,0.5906666666666667,0.0006666666666666666
E0_NO_CONTEXT,C4,19,25,0.277674469337294,0.01110697877349176,0.5199999999999999,0.52,1.9333333333333333,0.6,0.0
E0_NO_CONTEXT,C4,19,50,0.5817342040232656,0.011634684080465313,0.4333333333333334,0.5133333333333333,1.94,0.5866666666666667,0.02666666666666667
E0_NO_CONTEXT,C4,19,100,1.196653889008667,0.011966538890086672,0.47,0.51,1.92,0.5766666666666667,0.03666666666666667
E0_NO_CONTEXT,C4,19,250,3.172208369216487,0.012688833476865948,0.4693333333333333,0.476,1.9386666666666668,0.5946666666666667,0.02266666666666667
E0_NO_CONTEXT,C4,19,500,6.280691090606741,0.012561382181213481,0.5033333333333333,0.488,1.9233333333333333,0.5906666666666667,0.016666666666666666
E0_NO_CONTEXT,C0,20,25,0.17035354706672612,0.006814141882669045,0.4799999999999999,0.68,2.026666666666667,0.64,0.013333333333333334
E0_NO_CONTEXT,C0,20,50,0.3497028787367944,0.006994057574735888,0.49333333333333335,0.6733333333333333,1.9466666666666668,0.5933333333333334,0.006666666666666667
E0_NO_CONTEXT,C0,20,100,0.6971549784964968,0.006971549784964968,0.5033333333333335,0.6666666666666666,1.93,0.5766666666666667,0.0033333333333333335
E0_NO_CONTEXT,C0,20,250,1.8109111942055587,0.007243644776822235,0.5093333333333332,0.6453333333333333,1.9146666666666667,0.5746666666666667,0.0013333333333333333
E0_NO_CONTEXT,C0,20,500,3.6257502546634908,0.007251500509326982,0.5133333333333334,0.6386666666666667,1.9233333333333333,0.582,0.0006666666666666666
E0_NO_CONTEXT,C1,20,25,0.17105797959431746,0.006842319183772698,0.4799999999999999,0.68,2.026666666666667,0.64,0.05333333333333334
E0_NO_CONTEXT,C1,20,50,0.35040731126438573,0.0070081462252877145,0.49333333333333335,0.6733333333333333,1.9466666666666668,0.5933333333333334,0.02666666666666667
E0_NO_CONTEXT,C1,20,100,0.6978594110240881,0.006978594110240881,0.5033333333333335,0.6666666666666666,1.93,0.5766666666666667,0.013333333333333334
E0_NO_CONTEXT,C1,20,250,1.81161562673315,0.0072464625069326005,0.5093333333333332,0.6453333333333333,1.9146666666666667,0.5746666666666667,0.005333333333333333
E0_NO_CONTEXT,C1,20,500,3.626454687191082,0.007252909374382164,0.5133333333333334,0.6386666666666667,1.9233333333333333,0.582,0.0026666666666666666
E0_NO_CONTEXT,C2,20,25,0.17799095753869865,0.007119638301547946,0.4799999999999999,0.6666666666666666,2.026666666666667,0.64,0.013333333333333334
E0_NO_CONTEXT,C2,20,50,0.3573402892087669,0.007146805784175338,0.49333333333333335,0.6666666666666666,1.9466666666666668,0.5933333333333334,0.006666666666666667
E0_NO_CONTEXT,C2,20,100,0.7047923889684693,0.007047923889684693,0.5033333333333335,0.6633333333333333,1.93,0.5766666666666667,0.0033333333333333335
E0_NO_CONTEXT,C2,20,250,1.818548604677531,0.007274194418710124,0.5093333333333332,0.644,1.9146666666666667,0.5746666666666667,0.0013333333333333333
E0_NO_CONTEXT,C2,20,500,3.633387665135463,0.0072667753302709266,0.5133333333333334,0.638,1.9233333333333333,0.582,0.0006666666666666666
E0_NO_CONTEXT,C3,20,25,0.18286357226651268,0.007314542890660507,0.4799999999999999,0.6533333333333333,2.026666666666667,0.64,0.013333333333333334
E0_NO_CONTEXT,C3,20,50,0.36221290393658095,0.007244258078731619,0.49333333333333335,0.66,1.9466666666666668,0.5933333333333334,0.006666666666666667
E0_NO_CONTEXT,C3,20,100,0.7096650036962833,0.0070966500369628325,0.5033333333333335,0.66,1.93,0.5766666666666667,0.0033333333333333335
E0_NO_CONTEXT,C3,20,250,1.819486021847947,0.007277944087391788,0.5093333333333332,0.6426666666666667,1.9146666666666667,0.5746666666666667,0.0026666666666666666
E0_NO_CONTEXT,C3,20,500,3.634325082305879,0.007268650164611758,0.5133333333333334,0.6373333333333333,1.9233333333333333,0.582,0.0013333333333333333
E0_NO_CONTEXT,C4,20,25,0.20371544046586326,0.008148617618634531,0.4799999999999999,0.6533333333333333,2.026666666666667,0.64,0.05333333333333334
E0_NO_CONTEXT,C4,20,50,0.38306477213593154,0.007661295442718631,0.49333333333333335,0.66,1.9466666666666668,0.5933333333333334,0.02666666666666667
E0_NO_CONTEXT,C4,20,100,0.7305168718956339,0.007305168718956339,0.5033333333333335,0.66,1.93,0.5766666666666667,0.013333333333333334
E0_NO_CONTEXT,C4,20,250,2.053350206975632,0.008213400827902529,0.5079999999999998,0.6253333333333333,1.9146666666666667,0.5746666666666667,0.04133333333333333
E0_NO_CONTEXT,C4,20,500,4.445563018466244,0.008891126036932488,0.5120000000000001,0.6086666666666667,1.9233333333333333,0.582,0.06866666666666667
E0_NO_CONTEXT,C0,21,25,0.2563991743478442,0.010255966973913767,0.38666666666666666,0.64,1.96,0.5733333333333334,0.02666666666666667
E0_NO_CONTEXT,C0,21,50,0.6249454116777442,0.012498908233554883,0.4266666666666668,0.5666666666666667,2.0866666666666664,0.66,0.013333333333333334
E0_NO_CONTEXT,C0,21,100,1.2342513126687655,0.012342513126687655,0.4500000000000001,0.5833333333333334,2.013333333333333,0.6133333333333333,0.006666666666666667
E0_NO_CONTEXT,C0,21,250,3.0581536509862133,0.012232614603944853,0.484,0.5813333333333334,1.9826666666666666,0.608,0.0026666666666666666
E0_NO_CONTEXT,C0,21,500,6.012742793682874,0.012025485587365749,0.49133333333333334,0.584,1.9613333333333334,0.6106666666666667,0.0013333333333333333
E0_NO_CONTEXT,C1,21,25,0.26151063624119536,0.010460425449647814,0.38666666666666666,0.64,1.96,0.5733333333333334,0.0
E0_NO_CONTEXT,C1,21,50,0.6300568735710954,0.012601137471421909,0.4266666666666668,0.5666666666666667,2.0866666666666664,0.66,0.0
E0_NO_CONTEXT,C1,21,100,1.2393627745621167,0.012393627745621168,0.4500000000000001,0.5833333333333334,2.013333333333333,0.6133333333333333,0.0
E0_NO_CONTEXT,C1,21,250,3.0632651128795643,0.012253060451518256,0.484,0.5813333333333334,1.9826666666666666,0.608,0.0
E0_NO_CONTEXT,C1,21,500,6.017854255576225,0.01203570851115245,0.49133333333333334,0.584,1.9613333333333334,0.6106666666666667,0.0
E0_NO_CONTEXT,C2,21,25,0.27098676690098394,0.010839470676039359,0.38666666666666666,0.6266666666666667,1.96,0.5733333333333334,0.02666666666666667
E0_NO_CONTEXT,C2,21,50,0.639533004230884,0.01279066008461768,0.4266666666666668,0.56,2.0866666666666664,0.66,0.013333333333333334
E0_NO_CONTEXT,C2,21,100,1.2488389052219053,0.012488389052219053,0.4500000000000001,0.58,2.013333333333333,0.6133333333333333,0.006666666666666667
E0_NO_CONTEXT,C2,21,250,3.072741243539353,0.01229096497415741,0.484,0.58,1.9826666666666666,0.608,0.0026666666666666666
E0_NO_CONTEXT,C2,21,500,6.027330386236014,0.012054660772472027,0.49133333333333334,0.5833333333333334,1.9613333333333334,0.6106666666666667,0.0013333333333333333
E0_NO_CONTEXT,C3,21,25,0.26475559705047674,0.01059022388201907,0.38666666666666666,0.64,1.96,0.5733333333333334,0.06666666666666667
E0_NO_CONTEXT,C3,21,50,0.6333018343803769,0.012666036687607539,0.4266666666666668,0.5666666666666667,2.0866666666666664,0.66,0.03333333333333333
E0_NO_CONTEXT,C3,21,100,1.2426077353713982,0.012426077353713982,0.4500000000000001,0.5833333333333334,2.013333333333333,0.6133333333333333,0.016666666666666666
E0_NO_CONTEXT,C3,21,250,3.0712481390187403,0.012284992556074962,0.484,0.58,1.9826666666666666,0.608,0.008
E0_NO_CONTEXT,C3,21,500,6.025837281715401,0.012051674563430802,0.49133333333333334,0.5833333333333334,1.9613333333333334,0.6106666666666667,0.004
E0_NO_CONTEXT,C4,21,25,0.2446833869071363,0.009787335476285453,0.38666666666666666,0.6533333333333333,1.96,0.5733333333333334,0.08
E0_NO_CONTEXT,C4,21,50,0.6077450066468355,0.01215490013293671,0.4266666666666668,0.58,2.0866666666666664,0.66,0.04666666666666667
E0_NO_CONTEXT,C4,21,100,1.2060816724574552,0.012060816724574552,0.4500000000000001,0.59,2.013333333333333,0.6133333333333333,0.03
E0_NO_CONTEXT,C4,21,250,3.034722076104797,0.012138888304419188,0.484,0.5826666666666667,1.9826666666666666,0.608,0.013333333333333334
E0_NO_CONTEXT,C4,21,500,5.988564666541151,0.011977129333082303,0.49200000000000005,0.5846666666666667,1.9613333333333334,0.6106666666666667,0.008
E0_NO_CONTEXT,C0,22,25,0.26069883525983534,0.010427953410393414,0.4799999999999999,0.5733333333333334,1.88,0.52,0.0
E0_NO_CONTEXT,C0,22,50,0.5173716120152019,0.010347432240304037,0.4399999999999998,0.6,1.9,0.56,0.0
E0_NO_CONTEXT,C0,22,100,1.0515812707228278,0.010515812707228279,0.4233333333333331,0.5766666666666667,1.8933333333333333,0.5833333333333334,0.0
E0_NO_CONTEXT,C0,22,250,2.6177873115340757,0.010471149246136303,0.43733333333333296,0.572,1.9053333333333333,0.576,0.0
E0_NO_CONTEXT,C0,22,500,5.161750335545484,0.010323500671090969,0.4673333333333331,0.5733333333333334,1.9113333333333333,0.5846666666666667,0.0
E0_NO_CONTEXT,C1,22,25,0.26069883525983534,0.010427953410393414,0.4799999999999999,0.5733333333333334,1.88,0.52,0.0
E0_NO_CONTEXT,C1,22,50,0.5173716120152019,0.010347432240304037,0.4399999999999998,0.6,1.9,0.56,0.0
E0_NO_CONTEXT,C1,22,100,1.0515812707228278,0.010515812707228279,0.4233333333333331,0.5766666666666667,1.8933333333333333,0.5833333333333334,0.0
E0_NO_CONTEXT,C1,22,250,2.6177873115340757,0.010471149246136303,0.43733333333333296,0.572,1.9053333333333333,0.576,0.0
E0_NO_CONTEXT,C1,22,500,5.161750335545484,0.010323500671090969,0.4673333333333331,0.5733333333333334,1.9113333333333333,0.5846666666666667,0.0
E0_NO_CONTEXT,C2,22,25,0.26069883525983534,0.010427953410393414,0.4799999999999999,0.5733333333333334,1.88,0.52,0.0
E0_NO_CONTEXT,C2,22,50,0.5173716120152019,0.010347432240304037,0.4399999999999998,0.6,1.9,0.56,0.0
E0_NO_CONTEXT,C2,22,100,1.0515812707228278,0.010515812707228279,0.4233333333333331,0.5766666666666667,1.8933333333333333,0.5833333333333334,0.0
E0_NO_CONTEXT,C2,22,250,2.6177873115340757,0.010471149246136303,0.43733333333333296,0.572,1.9053333333333333,0.576,0.0
E0_NO_CONTEXT,C2,22,500,5.161750335545484,0.010323500671090969,0.4673333333333331,0.5733333333333334,1.9113333333333333,0.5846666666666667,0.0
E0_NO_CONTEXT,C3,22,25,0.26069883525983534,0.010427953410393414,0.4799999999999999,0.5733333333333334,1.88,0.52,0.0
E0_NO_CONTEXT,C3,22,50,0.5173716120152019,0.010347432240304037,0.4399999999999998,0.6,1.9,0.56,0.0
E0_NO_CONTEXT,C3,22,100,1.0515812707228278,0.010515812707228279,0.4233333333333331,0.5766666666666667,1.8933333333333333,0.5833333333333334,0.0
E0_NO_CONTEXT,C3,22,250,2.6177873115340757,0.010471149246136303,0.43733333333333296,0.572,1.9053333333333333,0.576,0.0
E0_NO_CONTEXT,C3,22,500,5.3308532650044285,0.010661706530008856,0.4673333333333331,0.568,1.9113333333333333,0.5846666666666667,0.020666666666666667
E0_NO_CONTEXT,C4,22,25,0.26069883525983534,0.010427953410393414,0.4799999999999999,0.5733333333333334,1.88,0.52,0.0
E0_NO_CONTEXT,C4,22,50,0.4957736941437602,0.009915473882875205,0.4399999999999998,0.6133333333333333,1.9,0.56,0.013333333333333334
E0_NO_CONTEXT,C4,22,100,1.019184393915665,0.01019184393915665,0.4233333333333331,0.5866666666666667,1.8933333333333333,0.5833333333333334,0.01
E0_NO_CONTEXT,C4,22,250,2.585390434726913,0.010341561738907651,0.43733333333333296,0.576,1.9053333333333333,0.576,0.004
E0_NO_CONTEXT,C4,22,500,5.042961787252558,0.010085923574505117,0.4673333333333331,0.5806666666666667,1.9113333333333333,0.5846666666666667,0.007333333333333333
E0_NO_CONTEXT,C0,23,25,0.2757989185611541,0.011031956742446164,0.3600000000000001,0.5066666666666667,2.0933333333333333,0.6666666666666666,0.10666666666666667
E0_NO_CONTEXT,C0,23,50,0.5806937081716372,0.011613874163432744,0.45333333333333337,0.5066666666666667,2.14,0.6666666666666666,0.05333333333333334
E0_NO_CONTEXT,C0,23,100,1.02241633655398,0.0102241633655398,0.4500000000000003,0.55,2.04,0.6466666666666666,0.02666666666666667
E0_NO_CONTEXT,C0,23,250,2.169271750137,0.008677087000548,0.47866666666666663,0.5986666666666667,1.9573333333333334,0.616,0.010666666666666666
E0_NO_CONTEXT,C0,23,500,3.9896143694090815,0.007979228738818163,0.496666666666667,0.622,1.9326666666666668,0.598,0.005333333333333333
E0_NO_CONTEXT,C1,23,25,0.23700914448319088,0.009480365779327635,0.3600000000000001,0.5466666666666666,2.0933333333333333,0.6666666666666666,0.013333333333333334
E0_NO_CONTEXT,C1,23,50,0.541903934093674,0.01083807868187348,0.45333333333333337,0.5266666666666666,2.14,0.6666666666666666,0.006666666666666667
E0_NO_CONTEXT,C1,23,100,0.9836265624760168,0.009836265624760167,0.4500000000000003,0.56,2.04,0.6466666666666666,0.0033333333333333335
E0_NO_CONTEXT,C1,23,250,2.1304819760590368,0.008521927904236146,0.47866666666666663,0.6026666666666667,1.9573333333333334,0.616,0.0013333333333333333
E0_NO_CONTEXT,C1,23,500,3.9508245953311185,0.007901649190662236,0.496666666666667,0.624,1.9326666666666668,0.598,0.0006666666666666666
E0_NO_CONTEXT,C2,23,25,0.2481791709898154,0.009927166839592615,0.3600000000000001,0.5333333333333333,2.0933333333333333,0.6666666666666666,0.04
E0_NO_CONTEXT,C2,23,50,0.5530739606002986,0.011061479212005971,0.45333333333333337,0.52,2.14,0.6666666666666666,0.02
E0_NO_CONTEXT,C2,23,100,0.9947965889826413,0.009947965889826414,0.4500000000000003,0.5566666666666666,2.04,0.6466666666666666,0.01
E0_NO_CONTEXT,C2,23,250,2.141652002565661,0.008566608010262645,0.47866666666666663,0.6013333333333334,1.9573333333333334,0.616,0.004
E0_NO_CONTEXT,C2,23,500,3.961994621837743,0.007923989243675485,0.496666666666667,0.6233333333333333,1.9326666666666668,0.598,0.002
E0_NO_CONTEXT,C3,23,25,0.22359497692493913,0.008943799076997565,0.3600000000000001,0.5866666666666667,2.0933333333333333,0.6666666666666666,0.06666666666666667
E0_NO_CONTEXT,C3,23,50,0.5363973307544567,0.010727946615089134,0.45333333333333337,0.5466666666666666,2.14,0.6666666666666666,0.04
E0_NO_CONTEXT,C3,23,100,0.9781199591367995,0.009781199591367995,0.4500000000000003,0.57,2.04,0.6466666666666666,0.02
E0_NO_CONTEXT,C3,23,250,2.1249753727198195,0.008499901490879279,0.47866666666666663,0.6066666666666667,1.9573333333333334,0.616,0.008
E0_NO_CONTEXT,C3,23,500,3.9355109661932905,0.007871021932386582,0.496666666666667,0.6266666666666667,1.9326666666666668,0.598,0.004666666666666667
E0_NO_CONTEXT,C4,23,25,0.2093740742763711,0.008374962971054844,0.3600000000000001,0.5866666666666667,2.0933333333333333,0.6666666666666666,0.06666666666666667
E0_NO_CONTEXT,C4,23,50,0.5300839923249232,0.010601679846498464,0.45333333333333337,0.54,2.14,0.6666666666666666,0.04666666666666667
E0_NO_CONTEXT,C4,23,100,0.9797141849263005,0.009797141849263004,0.4500000000000003,0.5666666666666667,2.04,0.6466666666666666,0.02666666666666667
E0_NO_CONTEXT,C4,23,250,2.1819225480425626,0.00872769019217025,0.47866666666666663,0.5986666666666667,1.9573333333333334,0.616,0.02
E0_NO_CONTEXT,C4,23,500,4.002265167314644,0.008004530334629289,0.496666666666667,0.622,1.9326666666666668,0.598,0.01
E0_NO_CONTEXT,C0,24,25,0.22183459851781417,0.008873383940712567,0.4933333333333333,0.6133333333333333,1.9466666666666668,0.64,0.02666666666666667
E0_NO_CONTEXT,C0,24,50,0.4804153456895045,0.00960830691379009,0.5066666666666666,0.5666666666666667,1.98,0.6333333333333333,0.013333333333333334
E0_NO_CONTEXT,C0,24,100,1.0195985960885787,0.010195985960885787,0.5299999999999998,0.5533333333333333,1.9766666666666666,0.6366666666666667,0.006666666666666667
E0_NO_CONTEXT,C0,24,250,2.4442598915989038,0.009777039566395616,0.5093333333333334,0.5626666666666666,1.9453333333333334,0.6213333333333333,0.0026666666666666666
E0_NO_CONTEXT,C0,24,500,4.899823129208665,0.00979964625841733,0.49799999999999983,0.568,1.9553333333333334,0.616,0.0013333333333333333
E0_NO_CONTEXT,C1,24,25,0.22491489071664683,0.008996595628665872,0.4933333333333333,0.6,1.9466666666666668,0.64,0.05333333333333334
E0_NO_CONTEXT,C1,24,50,0.48349563788833716,0.009669912757766743,0.5066666666666666,0.56,1.98,0.6333333333333333,0.02666666666666667
E0_NO_CONTEXT,C1,24,100,1.0226788882874112,0.010226788882874111,0.5299999999999998,0.55,1.9766666666666666,0.6366666666666667,0.013333333333333334
E0_NO_CONTEXT,C1,24,250,2.447340183797736,0.009789360735190945,0.5093333333333334,0.5613333333333334,1.9453333333333334,0.6213333333333333,0.005333333333333333
E0_NO_CONTEXT,C1,24,500,4.902903421407498,0.009805806842814995,0.49799999999999983,0.5673333333333334,1.9553333333333334,0.616,0.0026666666666666666
E0_NO_CONTEXT,C2,24,25,0.22491489071664683,0.008996595628665872,0.4933333333333333,0.5866666666666667,1.9466666666666668,0.64,0.05333333333333334
E0_NO_CONTEXT,C2,24,50,0.48349563788833716,0.009669912757766743,0.5066666666666666,0.5533333333333333,1.98,0.6333333333333333,0.02666666666666667
E0_NO_CONTEXT,C2,24,100,1.0226788882874112,0.010226788882874111,0.5299999999999998,0.5466666666666666,1.9766666666666666,0.6366666666666667,0.013333333333333334
E0_NO_CONTEXT,C2,24,250,2.447340183797736,0.009789360735190945,0.5093333333333334,0.56,1.9453333333333334,0.6213333333333333,0.005333333333333333
E0_NO_CONTEXT,C2,24,500,4.902903421407498,0.009805806842814995,0.49799999999999983,0.5666666666666667,1.9553333333333334,0.616,0.0026666666666666666
E0_NO_CONTEXT,C3,24,25,0.09011997056752707,0.003604798822701083,0.5066666666666666,0.7733333333333333,1.9466666666666668,0.64,0.22666666666666666
E0_NO_CONTEXT,C3,24,50,0.22036063487207302,0.00440721269744146,0.5133333333333333,0.7333333333333333,1.98,0.6333333333333333,0.2
E0_NO_CONTEXT,C3,24,100,0.6410761164707062,0.006410761164707061,0.5333333333333331,0.6766666666666666,1.9766666666666666,0.6366666666666667,0.14
E0_NO_CONTEXT,C3,24,250,1.4536539398454194,0.005814615759381678,0.5133333333333335,0.6946666666666667,1.9453333333333334,0.6213333333333333,0.13866666666666666
E0_NO_CONTEXT,C3,24,500,3.2181551927859444,0.006436310385571888,0.5006666666666666,0.6806666666666666,1.9553333333333334,0.616,0.116
E0_NO_CONTEXT,C4,24,25,0.25185931978891907,0.010074372791556763,0.4933333333333333,0.5733333333333334,1.9466666666666668,0.64,0.3466666666666667
E0_NO_CONTEXT,C4,24,50,0.5484151271042871,0.010968302542085742,0.5066666666666666,0.5533333333333333,1.98,0.6333333333333333,0.2733333333333333
E0_NO_CONTEXT,C4,24,100,1.1431426649813061,0.01143142664981306,0.5266666666666664,0.5566666666666666,1.9766666666666666,0.6366666666666667,0.22333333333333333
E0_NO_CONTEXT,C4,24,250,2.7670191657054737,0.011068076662821894,0.5066666666666667,0.5613333333333334,1.9453333333333334,0.6213333333333333,0.184
E0_NO_CONTEXT,C4,24,500,5.510697635857774,0.011021395271715547,0.4959999999999998,0.5566666666666666,1.9553333333333334,0.616,0.14133333333333334
E0_NO_CONTEXT,C0,25,25,0.27289242375315054,0.010915696950126022,0.33333333333333337,0.5733333333333334,1.9733333333333334,0.64,0.02666666666666667
E0_NO_CONTEXT,C0,25,50,0.5695711604898661,0.011391423209797323,0.3933333333333333,0.58,1.96,0.6266666666666667,0.013333333333333334
E0_NO_CONTEXT,C0,25,100,1.064716118521883,0.01064716118521883,0.44000000000000006,0.6266666666666667,1.8833333333333333,0.5733333333333334,0.006666666666666667
E0_NO_CONTEXT,C0,25,250,3.0208678123373662,0.012083471249349465,0.4653333333333335,0.5893333333333334,1.948,0.604,0.0026666666666666666
E0_NO_CONTEXT,C0,25,500,5.942881283904301,0.011885762567808602,0.47400000000000025,0.5986666666666667,1.9293333333333333,0.6006666666666667,0.0013333333333333333
E0_NO_CONTEXT,C1,25,25,0.28395824487267335,0.011358329794906934,0.33333333333333337,0.5333333333333333,1.9733333333333334,0.64,0.04
E0_NO_CONTEXT,C1,25,50,0.5806369816093888,0.011612739632187776,0.3933333333333333,0.56,1.96,0.6266666666666667,0.02
E0_NO_CONTEXT,C1,25,100,1.0757819396414057,0.010757819396414056,0.44000000000000006,0.6166666666666667,1.8833333333333333,0.5733333333333334,0.01
E0_NO_CONTEXT,C1,25,250,3.0319336334568887,0.012127734533827554,0.4653333333333335,0.5853333333333334,1.948,0.604,0.004
E0_NO_CONTEXT,C1,25,500,5.953947105023823,0.011907894210047646,0.47400000000000025,0.5966666666666667,1.9293333333333333,0.6006666666666667,0.002
E0_NO_CONTEXT,C2,25,25,0.2783585369087562,0.01113434147635025,0.33333333333333337,0.56,1.9733333333333334,0.64,0.02666666666666667
E0_NO_CONTEXT,C2,25,50,0.5750372736454716,0.011500745472909434,0.3933333333333333,0.5733333333333334,1.96,0.6266666666666667,0.013333333333333334
E0_NO_CONTEXT,C2,25,100,1.0701822316774885,0.010701822316774886,0.44000000000000006,0.6233333333333333,1.8833333333333333,0.5733333333333334,0.006666666666666667
E0_NO_CONTEXT,C2,25,250,3.0263339254929718,0.012105335701971887,0.4653333333333335,0.588,1.948,0.604,0.0026666666666666666
E0_NO_CONTEXT,C2,25,500,5.948347397059906,0.011896694794119813,0.47400000000000025,0.598,1.9293333333333333,0.6006666666666667,0.0013333333333333333
E0_NO_CONTEXT,C3,25,25,0.3192275668886508,0.012769102675546031,0.33333333333333337,0.5333333333333333,1.9733333333333334,0.64,0.25333333333333335
E0_NO_CONTEXT,C3,25,50,0.6159063036253662,0.012318126072507325,0.3933333333333333,0.56,1.96,0.6266666666666667,0.12666666666666668
E0_NO_CONTEXT,C3,25,100,1.150249217404803,0.011502492174048029,0.44000000000000006,0.61,1.8833333333333333,0.5733333333333334,0.08666666666666667
E0_NO_CONTEXT,C3,25,250,3.1959962386429592,0.012783984954571836,0.4653333333333335,0.568,1.948,0.604,0.056
E0_NO_CONTEXT,C3,25,500,6.162807373921231,0.012325614747842462,0.47400000000000025,0.584,1.9293333333333333,0.6006666666666667,0.03333333333333333
E0_NO_CONTEXT,C4,25,25,0.25952829874712807,0.010381131949885124,0.33333333333333337,0.6,1.9733333333333334,0.64,0.04
E0_NO_CONTEXT,C4,25,50,0.5497253651932996,0.010994507303865992,0.3933333333333333,0.5933333333333334,1.96,0.6266666666666667,0.03333333333333333
E0_NO_CONTEXT,C4,25,100,1.038255058126461,0.010382550581264608,0.44000000000000006,0.6366666666666667,1.8833333333333333,0.5733333333333334,0.02
E0_NO_CONTEXT,C4,25,250,2.9811762217442324,0.011924704886976929,0.4653333333333335,0.5946666666666667,1.948,0.604,0.010666666666666666
E0_NO_CONTEXT,C4,25,500,5.903189693311166,0.011806379386622332,0.47400000000000025,0.6013333333333334,1.9293333333333333,0.6006666666666667,0.005333333333333333
E0_NO_CONTEXT,C0,26,25,0.23917743315479845,0.009567097326191938,0.5599999999999999,0.6,1.9466666666666668,0.6,0.02666666666666667
E0_NO_CONTEXT,C0,26,50,0.49406596549702936,0.009881319309940587,0.52,0.58,1.9666666666666666,0.6333333333333333,0.02
E0_NO_CONTEXT,C0,26,100,0.9095764350568991,0.009095764350568991,0.4866666666666668,0.63,1.88,0.5766666666666667,0.013333333333333334
E0_NO_CONTEXT,C0,26,250,2.271861973523247,0.009087447894092987,0.48666666666666647,0.624,1.9426666666666668,0.596,0.034666666666666665
E0_NO_CONTEXT,C0,26,500,4.782254097306573,0.009564508194613144,0.48799999999999955,0.608,1.926,0.5986666666666667,0.018666666666666668
E0_NO_CONTEXT,C1,26,25,0.2546727713773353,0.010186910855093411,0.5599999999999999,0.5866666666666667,1.9466666666666668,0.6,0.013333333333333334
E0_NO_CONTEXT,C1,26,50,0.5199274893620733,0.010398549787241466,0.52,0.5666666666666667,1.9666666666666666,0.6333333333333333,0.006666666666666667
E0_NO_CONTEXT,C1,26,100,0.9458041445644505,0.009458041445644504,0.4866666666666668,0.62,1.88,0.5766666666666667,0.0033333333333333335
E0_NO_CONTEXT,C1,26,250,2.536145767165952,0.010144583068663808,0.4853333333333331,0.5906666666666667,1.9426666666666668,0.596,0.0013333333333333333
E0_NO_CONTEXT,C1,26,500,5.067270262234291,0.010134540524468582,0.48733333333333284,0.59,1.926,0.5986666666666667,0.0006666666666666666
E0_NO_CONTEXT,C2,26,25,0.23124252346924817,0.009249700938769928,0.5599999999999999,0.5866666666666667,1.9466666666666668,0.6,0.10666666666666667
E0_NO_CONTEXT,C2,26,50,0.49649724145398627,0.009929944829079725,0.52,0.5666666666666667,1.9666666666666666,0.6333333333333333,0.05333333333333334
E0_NO_CONTEXT,C2,26,100,0.9223738966563633,0.009223738966563633,0.4866666666666668,0.62,1.88,0.5766666666666667,0.02666666666666667
E0_NO_CONTEXT,C2,26,250,2.4919831479728507,0.009967932591891403,0.4853333333333331,0.5933333333333334,1.9426666666666668,0.596,0.013333333333333334
E0_NO_CONTEXT,C2,26,500,5.02310764304119,0.010046215286082379,0.48733333333333284,0.5913333333333334,1.926,0.5986666666666667,0.006666666666666667
E0_NO_CONTEXT,C3,26,25,0.22684966360169223,0.00907398654406769,0.5599999999999999,0.5866666666666667,1.9466666666666668,0.6,0.13333333333333333
E0_NO_CONTEXT,C3,26,50,0.49210438158643033,0.009842087631728606,0.52,0.5666666666666667,1.9666666666666666,0.6333333333333333,0.06666666666666667
E0_NO_CONTEXT,C3,26,100,0.9204883754540272,0.009204883754540271,0.4866666666666668,0.6066666666666667,1.88,0.5766666666666667,0.05
E0_NO_CONTEXT,C3,26,250,2.525874030046849,0.010103496120187396,0.4853333333333331,0.5706666666666667,1.9426666666666668,0.596,0.06
E0_NO_CONTEXT,C3,26,500,4.979223141150191,0.009958446282300382,0.48599999999999954,0.5713333333333334,1.926,0.5986666666666667,0.10866666666666666
E0_NO_CONTEXT,C4,26,25,0.13006278270235383,0.005202511308094153,0.5599999999999999,0.7333333333333333,1.9466666666666668,0.6,0.2
E0_NO_CONTEXT,C4,26,50,0.28128945861951304,0.005625789172390261,0.52,0.7133333333333334,1.9666666666666666,0.6333333333333333,0.17333333333333334
E0_NO_CONTEXT,C4,26,100,0.5204668917743115,0.005204668917743115,0.4866666666666668,0.7566666666666667,1.88,0.5766666666666667,0.15
E0_NO_CONTEXT,C4,26,250,1.3843124755407332,0.005537249902162933,0.48799999999999977,0.7493333333333333,1.9426666666666668,0.596,0.164
E0_NO_CONTEXT,C4,26,500,3.0282111140739234,0.006056422228147847,0.48933333333333284,0.732,1.926,0.5986666666666667,0.14466666666666667
E0_NO_CONTEXT,C0,27,25,0.2053181474064003,0.008212725896256013,0.52,0.6266666666666667,1.88,0.5466666666666666,0.0
E0_NO_CONTEXT,C0,27,50,0.37024239645730217,0.007404847929146043,0.5466666666666669,0.6533333333333333,1.8533333333333333,0.56,0.0
E0_NO_CONTEXT,C0,27,100,0.8064002708822573,0.008064002708822572,0.4966666666666667,0.6,1.9366666666666668,0.5933333333333334,0.0
E0_NO_CONTEXT,C0,27,250,2.130500330378058,0.008522001321512231,0.5186666666666667,0.5853333333333334,1.992,0.62,0.0
E0_NO_CONTEXT,C0,27,500,4.051730563738726,0.008103461127477452,0.5133333333333333,0.6066666666666667,1.9833333333333334,0.6173333333333333,0.0
E0_NO_CONTEXT,C1,27,25,0.2053181474064003,0.008212725896256013,0.52,0.6266666666666667,1.88,0.5466666666666666,0.0
E0_NO_CONTEXT,C1,27,50,0.37024239645730217,0.007404847929146043,0.5466666666666669,0.6533333333333333,1.8533333333333333,0.56,0.0
E0_NO_CONTEXT,C1,27,100,0.8064002708822573,0.008064002708822572,0.4966666666666667,0.6,1.9366666666666668,0.5933333333333334,0.0
E0_NO_CONTEXT,C1,27,250,2.130500330378058,0.008522001321512231,0.5186666666666667,0.5853333333333334,1.992,0.62,0.0
E0_NO_CONTEXT,C1,27,500,4.051730563738726,0.008103461127477452,0.5133333333333333,0.6066666666666667,1.9833333333333334,0.6173333333333333,0.0
E0_NO_CONTEXT,C2,27,25,0.2054156071236749,0.008216624284946995,0.52,0.6266666666666667,1.88,0.5466666666666666,0.013333333333333334
E0_NO_CONTEXT,C2,27,50,0.37033985617457676,0.007406797123491535,0.5466666666666669,0.6533333333333333,1.8533333333333333,0.56,0.006666666666666667
E0_NO_CONTEXT,C2,27,100,0.8064977305995319,0.008064977305995319,0.4966666666666667,0.6,1.9366666666666668,0.5933333333333334,0.0033333333333333335
E0_NO_CONTEXT,C2,27,250,2.130597790095332,0.008522391160381329,0.5186666666666667,0.5853333333333334,1.992,0.62,0.0013333333333333333
E0_NO_CONTEXT,C2,27,500,4.051828023456,0.008103656046912001,0.5133333333333333,0.6066666666666667,1.9833333333333334,0.6173333333333333,0.0006666666666666666
E0_NO_CONTEXT,C3,27,25,0.19660676692858547,0.007864270677143419,0.52,0.6266666666666667,1.88,0.5466666666666666,0.04
E0_NO_CONTEXT,C3,27,50,0.36153101597948734,0.007230620319589747,0.5466666666666669,0.6533333333333333,1.8533333333333333,0.56,0.02
E0_NO_CONTEXT,C3,27,100,0.7800712100142635,0.007800712100142635,0.4966666666666667,0.61,1.9366666666666668,0.5933333333333334,0.023333333333333334
E0_NO_CONTEXT,C3,27,250,1.8446376910065625,0.00737855076402625,0.5200000000000001,0.6386666666666667,1.992,0.62,0.09466666666666666
E0_NO_CONTEXT,C3,27,500,3.53925583940658,0.00707851167881316,0.5153333333333333,0.626,1.9833333333333334,0.6173333333333333,0.12933333333333333
E0_NO_CONTEXT,C4,27,25,0.20091372730885548,0.008036549092354218,0.52,0.64,1.88,0.5466666666666666,0.013333333333333334
E0_NO_CONTEXT,C4,27,50,0.36583797635975734,0.007316759527195147,0.5466666666666669,0.66,1.8533333333333333,0.56,0.006666666666666667
E0_NO_CONTEXT,C4,27,100,0.8019958507847125,0.008019958507847124,0.4966666666666667,0.6033333333333334,1.9366666666666668,0.5933333333333334,0.0033333333333333335
E0_NO_CONTEXT,C4,27,250,2.1084782298903333,0.008433912919561333,0.5186666666666667,0.5906666666666667,1.992,0.62,0.006666666666666667
E0_NO_CONTEXT,C4,27,500,4.016495202958367,0.008032990405916735,0.5133333333333333,0.6113333333333333,1.9833333333333334,0.6173333333333333,0.005333333333333333
E0_NO_CONTEXT,C0,28,25,0.27996636390253116,0.011198654556101246,0.46666666666666656,0.5066666666666667,2.066666666666667,0.6533333333333333,0.04
E0_NO_CONTEXT,C0,28,50,0.5057784486328095,0.01011556897265619,0.47999999999999987,0.5533333333333333,1.96,0.6066666666666667,0.02
E0_NO_CONTEXT,C0,28,100,0.9833927232896559,0.009833927232896559,0.4633333333333334,0.56,1.9566666666666668,0.6,0.01
E0_NO_CONTEXT,C0,28,250,2.352529702611359,0.009410118810445435,0.4933333333333333,0.5866666666666667,1.9106666666666667,0.5826666666666667,0.004
E0_NO_CONTEXT,C0,28,500,4.556131502837802,0.009112263005675605,0.5059999999999993,0.594,1.894,0.58,0.0026666666666666666
E0_NO_CONTEXT,C1,28,25,0.26546023632092475,0.01061840945283699,0.46666666666666656,0.5333333333333333,2.066666666666667,0.6533333333333333,0.06666666666666667
E0_NO_CONTEXT,C1,28,50,0.4912723210512031,0.009825446421024063,0.47999999999999987,0.5666666666666667,1.96,0.6066666666666667,0.03333333333333333
E0_NO_CONTEXT,C1,28,100,0.9688865957080495,0.009688865957080494,0.4633333333333334,0.5666666666666667,1.9566666666666668,0.6,0.016666666666666666
E0_NO_CONTEXT,C1,28,250,2.3380235750297524,0.00935209430011901,0.4933333333333333,0.5893333333333334,1.9106666666666667,0.5826666666666667,0.006666666666666667
E0_NO_CONTEXT,C1,28,500,4.550933481798545,0.00910186696359709,0.5059999999999993,0.5946666666666667,1.894,0.58,0.0033333333333333335
E0_NO_CONTEXT,C2,28,25,0.2985825769872282,0.011943303079489128,0.46666666666666656,0.48,2.066666666666667,0.6533333333333333,0.013333333333333334
E0_NO_CONTEXT,C2,28,50,0.5243946617175066,0.010487893234350131,0.47999999999999987,0.54,1.96,0.6066666666666667,0.006666666666666667
E0_NO_CONTEXT,C2,28,100,1.002008936374353,0.01002008936374353,0.4633333333333334,0.5533333333333333,1.9566666666666668,0.6,0.0033333333333333335
E0_NO_CONTEXT,C2,28,250,2.3711459156960557,0.009484583662784223,0.4933333333333333,0.584,1.9106666666666667,0.5826666666666667,0.0013333333333333333
E0_NO_CONTEXT,C2,28,500,4.5840558224648476,0.009168111644929694,0.5059999999999993,0.592,1.894,0.58,0.0006666666666666666
E0_NO_CONTEXT,C3,28,25,0.2539762587062415,0.010159050348249661,0.46666666666666656,0.56,2.066666666666667,0.6533333333333333,0.10666666666666667
E0_NO_CONTEXT,C3,28,50,0.4797883434365199,0.009595766868730397,0.47999999999999987,0.58,1.96,0.6066666666666667,0.05333333333333334
E0_NO_CONTEXT,C3,28,100,0.9325004484332439,0.009325004484332438,0.4633333333333334,0.58,1.9566666666666668,0.6,0.04
E0_NO_CONTEXT,C3,28,250,2.046934396831308,0.008187737587325232,0.4933333333333333,0.64,1.9106666666666667,0.5826666666666667,0.08133333333333333
E0_NO_CONTEXT,C3,28,500,3.6612256051908516,0.007322451210381703,0.5059999999999993,0.6826666666666666,1.894,0.58,0.11533333333333333
E0_NO_CONTEXT,C4,28,25,0.26204903703951943,0.010481961481580777,0.46666666666666656,0.5333333333333333,2.066666666666667,0.6533333333333333,0.16
E0_NO_CONTEXT,C4,28,50,0.48454878503454846,0.00969097570069097,0.47999999999999987,0.5666666666666667,1.96,0.6066666666666667,0.09333333333333334
E0_NO_CONTEXT,C4,28,100,0.9298384677929324,0.009298384677929324,0.4633333333333334,0.5833333333333334,1.9566666666666668,0.6,0.06666666666666667
E0_NO_CONTEXT,C4,28,250,2.2844693195330286,0.009137877278132114,0.4933333333333333,0.5973333333333334,1.9106666666666667,0.5826666666666667,0.029333333333333333
E0_NO_CONTEXT,C4,28,500,4.476587142144789,0.008953174284289577,0.5059999999999993,0.6006666666666667,1.894,0.58,0.017333333333333333
E0_NO_CONTEXT,C0,29,25,0.18940120830730545,0.007576048332292218,0.5066666666666667,0.64,1.88,0.5733333333333334,0.013333333333333334
E0_NO_CONTEXT,C0,29,50,0.37800058450350904,0.007560011690070181,0.5399999999999998,0.6466666666666666,1.9733333333333334,0.62,0.006666666666666667
E0_NO_CONTEXT,C0,29,100,0.8094375053421072,0.008094375053421072,0.5399999999999998,0.6366666666666667,1.9433333333333334,0.5833333333333334,0.0033333333333333335
E0_NO_CONTEXT,C0,29,250,2.248736967480399,0.008994947869921596,0.5346666666666666,0.6186666666666667,1.9586666666666666,0.6093333333333333,0.0013333333333333333
E0_NO_CONTEXT,C0,29,500,4.370643422308746,0.008741286844617491,0.5286666666666664,0.6313333333333333,1.9593333333333334,0.6066666666666667,0.0006666666666666666
E0_NO_CONTEXT,C1,29,25,0.1902030404184072,0.007608121616736288,0.5066666666666667,0.6266666666666667,1.88,0.5733333333333334,0.02666666666666667
E0_NO_CONTEXT,C1,29,50,0.3788024166146108,0.007576048332292216,0.5399999999999998,0.64,1.9733333333333334,0.62,0.013333333333333334
E0_NO_CONTEXT,C1,29,100,0.810239337453209,0.00810239337453209,0.5399999999999998,0.6333333333333333,1.9433333333333334,0.5833333333333334,0.006666666666666667
E0_NO_CONTEXT,C1,29,250,2.2495387995915,0.008998155198366,0.5346666666666666,0.6173333333333333,1.9586666666666666,0.6093333333333333,0.0026666666666666666
E0_NO_CONTEXT,C1,29,500,4.371445254419846,0.00874289050883969,0.5286666666666664,0.6306666666666667,1.9593333333333334,0.6066666666666667,0.0013333333333333333
E0_NO_CONTEXT,C2,29,25,0.18567858931799996,0.007427143572719999,0.5066666666666667,0.6533333333333333,1.88,0.5733333333333334,0.02666666666666667
E0_NO_CONTEXT,C2,29,50,0.37427796551420356,0.007485559310284071,0.5399999999999998,0.6533333333333333,1.9733333333333334,0.62,0.013333333333333334
E0_NO_CONTEXT,C2,29,100,0.8057148863528018,0.008057148863528018,0.5399999999999998,0.64,1.9433333333333334,0.5833333333333334,0.006666666666666667
E0_NO_CONTEXT,C2,29,250,2.245014348491093,0.008980057393964373,0.5346666666666666,0.62,1.9586666666666666,0.6093333333333333,0.0026666666666666666
E0_NO_CONTEXT,C2,29,500,4.36692080331944,0.008733841606638879,0.5286666666666664,0.632,1.9593333333333334,0.6066666666666667,0.0013333333333333333
E0_NO_CONTEXT,C3,29,25,0.18487675720689822,0.007395070288275929,0.5066666666666667,0.6666666666666666,1.88,0.5733333333333334,0.013333333333333334
E0_NO_CONTEXT,C3,29,50,0.3734761334031018,0.007469522668062036,0.5399999999999998,0.66,1.9733333333333334,0.62,0.006666666666666667
E0_NO_CONTEXT,C3,29,100,0.8195777493898588,0.008195777493898588,0.5399999999999998,0.64,1.9433333333333334,0.5833333333333334,0.01
E0_NO_CONTEXT,C3,29,250,2.5155093766209298,0.010062037506483719,0.5333333333333332,0.596,1.9586666666666666,0.6093333333333333,0.050666666666666665
E0_NO_CONTEXT,C3,29,500,4.835389215949417,0.009670778431898834,0.5279999999999998,0.6093333333333333,1.9593333333333334,0.6066666666666667,0.043333333333333335
E0_NO_CONTEXT,C4,29,25,0.1966206654768533,0.007864826619074132,0.5066666666666667,0.6533333333333333,1.88,0.5733333333333334,0.06666666666666667
E0_NO_CONTEXT,C4,29,50,0.3925523892471363,0.007851047784942727,0.5399999999999998,0.6533333333333333,1.9733333333333334,0.62,0.04
E0_NO_CONTEXT,C4,29,100,0.8025408853803511,0.00802540885380351,0.5399999999999998,0.65,1.9433333333333334,0.5833333333333334,0.03333333333333333
E0_NO_CONTEXT,C4,29,250,2.083683431658268,0.008334733726633072,0.5346666666666666,0.6466666666666666,1.9586666666666666,0.6093333333333333,0.042666666666666665
E0_NO_CONTEXT,C4,29,500,3.3851228673199825,0.006770245734639965,0.529333333333333,0.698,1.9593333333333334,0.6066666666666667,0.088
E0_NO_CONTEXT,C0,30,25,0.23274001440174996,0.009309600576069998,0.5333333333333333,0.6,1.96,0.5866666666666667,0.013333333333333334
E0_NO_CONTEXT,C0,30,50,0.448286904517062,0.00896573809034124,0.48,0.6,1.9066666666666667,0.6,0.006666666666666667
E0_NO_CONTEXT,C0,30,100,0.9091611366353892,0.009091611366353893,0.5033333333333332,0.5833333333333334,1.9266666666666667,0.6,0.0033333333333333335
E0_NO_CONTEXT,C0,30,250,2.3461115305130833,0.009384446122052333,0.4879999999999998,0.5786666666666667,1.9626666666666666,0.6213333333333333,0.0013333333333333333
E0_NO_CONTEXT,C0,30,500,4.432131333098271,0.008864262666196542,0.5053333333333329,0.608,1.92,0.5926666666666667,0.0006666666666666666
E0_NO_CONTEXT,C1,30,25,0.23819922496949802,0.009527968998779921,0.5333333333333333,0.6,1.96,0.5866666666666667,0.013333333333333334
E0_NO_CONTEXT,C1,30,50,0.45374611508481005,0.009074922301696202,0.48,0.6,1.9066666666666667,0.6,0.006666666666666667
E0_NO_CONTEXT,C1,30,100,0.9146203472031373,0.009146203472031373,0.5033333333333332,0.5833333333333334,1.9266666666666667,0.6,0.0033333333333333335
E0_NO_CONTEXT,C1,30,250,2.3515707410808315,0.009406282964323326,0.4879999999999998,0.5786666666666667,1.9626666666666666,0.6213333333333333,0.0013333333333333333
E0_NO_CONTEXT,C1,30,500,4.437590543666019,0.008875181087332039,0.5053333333333329,0.608,1.92,0.5926666666666667,0.0006666666666666666
E0_NO_CONTEXT,C2,30,25,0.19668005764057073,0.00786720230562283,0.5333333333333333,0.6533333333333333,1.96,0.5866666666666667,0.06666666666666667
E0_NO_CONTEXT,C2,30,50,0.41222694775588276,0.008244538955117654,0.48,0.6266666666666667,1.9066666666666667,0.6,0.03333333333333333
E0_NO_CONTEXT,C2,30,100,0.87310117987421,0.0087310117987421,0.5033333333333332,0.5966666666666667,1.9266666666666667,0.6,0.016666666666666666
E0_NO_CONTEXT,C2,30,250,2.2996717819196726,0.009198687127678691,0.4879999999999998,0.5853333333333334,1.9626666666666666,0.6213333333333333,0.008
E0_NO_CONTEXT,C2,30,500,4.385691584504861,0.008771383169009722,0.5053333333333329,0.6113333333333333,1.92,0.5926666666666667,0.004
E0_NO_CONTEXT,C3,30,25,0.18954713888451874,0.007581885555380749,0.5333333333333333,0.68,1.96,0.5866666666666667,0.14666666666666667
E0_NO_CONTEXT,C3,30,50,0.32695059988357705,0.006539011997671541,0.48,0.68,1.9066666666666667,0.6,0.14
E0_NO_CONTEXT,C3,30,100,0.7177317491671786,0.0071773174916717865,0.5033333333333332,0.6366666666666667,1.9266666666666667,0.6,0.15666666666666668
E0_NO_CONTEXT,C3,30,250,2.079956743992585,0.00831982697597034,0.4879999999999998,0.576,1.9626666666666666,0.6213333333333333,0.17866666666666667
E0_NO_CONTEXT,C3,30,500,3.720231631330714,0.007440463262661428,0.5066666666666663,0.6133333333333333,1.92,0.5926666666666667,0.198
E0_NO_CONTEXT,C4,30,25,0.23819922496949802,0.009527968998779921,0.5333333333333333,0.6,1.96,0.5866666666666667,0.013333333333333334
E0_NO_CONTEXT,C4,30,50,0.45374611508481005,0.009074922301696202,0.48,0.6,1.9066666666666667,0.6,0.006666666666666667
E0_NO_CONTEXT,C4,30,100,0.9225270105416858,0.009225270105416858,0.5033333333333332,0.5833333333333334,1.9266666666666667,0.6,0.006666666666666667
E0_NO_CONTEXT,C4,30,250,2.4148240477892196,0.009659296191156878,0.4879999999999998,0.5733333333333334,1.9626666666666666,0.6213333333333333,0.012
E0_NO_CONTEXT,C4,30,500,4.798823928745569,0.009597647857491138,0.5039999999999996,0.5913333333333334,1.92,0.5926666666666667,0.03266666666666666
E0_NO_CONTEXT,C0,31,25,0.1724612880978661,0.006898451523914644,0.4533333333333335,0.6,1.92,0.5866666666666667,0.02666666666666667
E0_NO_CONTEXT,C0,31,50,0.3311064630858688,0.006622129261717375,0.49999999999999994,0.6066666666666667,1.8666666666666667,0.58,0.013333333333333334
E0_NO_CONTEXT,C0,31,100,0.6166088741755422,0.006166088741755422,0.5466666666666665,0.6,1.8766666666666667,0.6,0.006666666666666667
E0_NO_CONTEXT,C0,31,250,1.4547241896463032,0.005818896758585213,0.5346666666666664,0.596,1.9146666666666667,0.584,0.0026666666666666666
E0_NO_CONTEXT,C0,31,500,2.7888322467827242,0.0055776644935654485,0.5259999999999999,0.6173333333333333,1.9046666666666667,0.58,0.0013333333333333333
E0_NO_CONTEXT,C1,31,25,0.1569798760846075,0.0062791950433843,0.4533333333333335,0.6266666666666667,1.92,0.5866666666666667,0.0
E0_NO_CONTEXT,C1,31,50,0.3156250510726102,0.006312501021452204,0.49999999999999994,0.62,1.8666666666666667,0.58,0.0
E0_NO_CONTEXT,C1,31,100,0.6011274621622836,0.006011274621622836,0.5466666666666665,0.6066666666666667,1.8766666666666667,0.6,0.0
E0_NO_CONTEXT,C1,31,250,1.4392427776330448,0.005756971110532179,0.5346666666666664,0.5986666666666667,1.9146666666666667,0.584,0.0
E0_NO_CONTEXT,C1,31,500,2.7733508347694658,0.0055467016695389315,0.5259999999999999,0.6186666666666667,1.9046666666666667,0.58,0.0
E0_NO_CONTEXT,C2,31,25,0.1569798760846075,0.0062791950433843,0.4533333333333335,0.6266666666666667,1.92,0.5866666666666667,0.0
E0_NO_CONTEXT,C2,31,50,0.3156250510726102,0.006312501021452204,0.49999999999999994,0.62,1.8666666666666667,0.58,0.0
E0_NO_CONTEXT,C2,31,100,0.6011274621622836,0.006011274621622836,0.5466666666666665,0.6066666666666667,1.8766666666666667,0.6,0.0
E0_NO_CONTEXT,C2,31,250,1.4392427776330448,0.005756971110532179,0.5346666666666664,0.5986666666666667,1.9146666666666667,0.584,0.0
E0_NO_CONTEXT,C2,31,500,2.7733508347694658,0.0055467016695389315,0.5259999999999999,0.6186666666666667,1.9046666666666667,0.58,0.0
E0_NO_CONTEXT,C3,31,25,0.1569798760846075,0.0062791950433843,0.4533333333333335,0.6266666666666667,1.92,0.5866666666666667,0.0
E0_NO_CONTEXT,C3,31,50,0.3078291129031291,0.006156582258062582,0.49999999999999994,0.6266666666666667,1.8666666666666667,0.58,0.006666666666666667
E0_NO_CONTEXT,C3,31,100,0.5231680804674732,0.005231680804674732,0.5466666666666665,0.64,1.8766666666666667,0.6,0.03333333333333333
E0_NO_CONTEXT,C3,31,250,1.0260580546505493,0.004104232218602197,0.5359999999999998,0.6693333333333333,1.9146666666666667,0.584,0.07066666666666667
E0_NO_CONTEXT,C3,31,500,1.8269935822964078,0.0036539871645928155,0.5286666666666667,0.6993333333333334,1.9046666666666667,0.58,0.08266666666666667
E0_NO_CONTEXT,C4,31,25,0.15364927827781782,0.006145971131112713,0.4533333333333335,0.6266666666666667,1.92,0.5866666666666667,0.02666666666666667
E0_NO_CONTEXT,C4,31,50,0.3122944532658205,0.00624588906531641,0.49999999999999994,0.62,1.8666666666666667,0.58,0.013333333333333334
E0_NO_CONTEXT,C4,31,100,0.5828091742249399,0.0058280917422494,0.5466666666666665,0.6266666666666667,1.8766666666666667,0.6,0.03666666666666667
E0_NO_CONTEXT,C4,31,250,1.3559778324633007,0.005423911329853203,0.5346666666666664,0.6453333333333333,1.9146666666666667,0.584,0.06666666666666667
E0_NO_CONTEXT,C4,31,500,2.6284698301741094,0.005256939660348219,0.5259999999999999,0.662,1.9046666666666667,0.58,0.058
E0_NO_CONTEXT,C0,32,25,0.1661772884249424,0.006647091536997695,0.5866666666666666,0.6266666666666667,1.88,0.5333333333333333,0.013333333333333334
E0_NO_CONTEXT,C0,32,50,0.3312972508418466,0.006625945016836931,0.5133333333333333,0.6066666666666667,1.8466666666666667,0.5533333333333333,0.006666666666666667
E0_NO_CONTEXT,C0,32,100,0.6747906710233256,0.006747906710233256,0.48333333333333345,0.6066666666666667,1.9133333333333333,0.5766666666666667,0.0033333333333333335
E0_NO_CONTEXT,C0,32,250,1.784036364828736,0.007136145459314945,0.5053333333333336,0.604,1.9213333333333333,0.5853333333333334,0.0013333333333333333
E0_NO_CONTEXT,C0,32,500,3.409862306540004,0.006819724613080008,0.5120000000000003,0.6113333333333333,1.9073333333333333,0.5853333333333334,0.0006666666666666666
E0_NO_CONTEXT,C1,32,25,0.1661772884249424,0.006647091536997695,0.5866666666666666,0.6266666666666667,1.88,0.5333333333333333,0.013333333333333334
E0_NO_CONTEXT,C1,32,50,0.3312972508418466,0.006625945016836931,0.5133333333333333,0.6066666666666667,1.8466666666666667,0.5533333333333333,0.006666666666666667
E0_NO_CONTEXT,C1,32,100,0.6747906710233256,0.006747906710233256,0.48333333333333345,0.6066666666666667,1.9133333333333333,0.5766666666666667,0.0033333333333333335
E0_NO_CONTEXT,C1,32,250,1.784036364828736,0.007136145459314945,0.5053333333333336,0.604,1.9213333333333333,0.5853333333333334,0.0013333333333333333
E0_NO_CONTEXT,C1,32,500,3.409862306540004,0.006819724613080008,0.5120000000000003,0.6113333333333333,1.9073333333333333,0.5853333333333334,0.0006666666666666666
E0_NO_CONTEXT,C2,32,25,0.17476728442718986,0.006990691377087594,0.5866666666666666,0.6266666666666667,1.88,0.5333333333333333,0.02666666666666667
E0_NO_CONTEXT,C2,32,50,0.33988724684409405,0.006797744936881881,0.5133333333333333,0.6066666666666667,1.8466666666666667,0.5533333333333333,0.013333333333333334
E0_NO_CONTEXT,C2,32,100,0.683380667025573,0.00683380667025573,0.48333333333333345,0.6066666666666667,1.9133333333333333,0.5766666666666667,0.006666666666666667
E0_NO_CONTEXT,C2,32,250,1.7926263608309831,0.007170505443323933,0.5053333333333336,0.604,1.9213333333333333,0.5853333333333334,0.0026666666666666666
E0_NO_CONTEXT,C2,32,500,3.4184523025422506,0.006836904605084501,0.5120000000000003,0.6113333333333333,1.9073333333333333,0.5853333333333334,0.0013333333333333333
E0_NO_CONTEXT,C3,32,25,0.1463160409608203,0.005852641638432811,0.5866666666666666,0.6666666666666666,1.88,0.5333333333333333,0.04
E0_NO_CONTEXT,C3,32,50,0.3037709252532347,0.006075418505064694,0.5133333333333333,0.6333333333333333,1.8466666666666667,0.5533333333333333,0.02666666666666667
E0_NO_CONTEXT,C3,32,100,0.6472643454347137,0.0064726434543471364,0.48333333333333345,0.62,1.9133333333333333,0.5766666666666667,0.013333333333333334
E0_NO_CONTEXT,C3,32,250,1.4738270665117592,0.005895308266047037,0.5066666666666669,0.6586666666666666,1.9213333333333333,0.5853333333333334,0.05733333333333333
E0_NO_CONTEXT,C3,32,500,2.363805508272006,0.004727611016544012,0.5146666666666668,0.7026666666666667,1.9073333333333333,0.5853333333333334,0.09266666666666666
E0_NO_CONTEXT,C4,32,25,0.1386509628363305,0.00554603851345322,0.5866666666666666,0.68,1.88,0.5333333333333333,0.05333333333333334
E0_NO_CONTEXT,C4,32,50,0.2961058471287449,0.005922116942574897,0.5133333333333333,0.64,1.8466666666666667,0.5533333333333333,0.03333333333333333
E0_NO_CONTEXT,C4,32,100,0.6422348584069464,0.006422348584069464,0.48333333333333345,0.6166666666666667,1.9133333333333333,0.5766666666666667,0.03333333333333333
E0_NO_CONTEXT,C4,32,250,1.412125337760858,0.005648501351043432,0.5066666666666669,0.6573333333333333,1.9213333333333333,0.5853333333333334,0.11333333333333333
E0_NO_CONTEXT,C4,32,500,2.4992063930172943,0.004998412786034589,0.5146666666666668,0.6906666666666667,1.9073333333333333,0.5853333333333334,0.16866666666666666
E0_NO_CONTEXT,C0,33,25,0.3348203737214175,0.0133928149488567,0.5866666666666667,0.4666666666666667,2.08,0.68,0.0
E0_NO_CONTEXT,C0,33,50,0.5915780627699045,0.01183156125539809,0.5266666666666664,0.54,2.04,0.64,0.0
E0_NO_CONTEXT,C0,33,100,1.122149356588916,0.011221493565889161,0.49666666666666665,0.57,1.9766666666666666,0.6233333333333333,0.0
E0_NO_CONTEXT,C0,33,250,2.7361634094630523,0.010944653637852209,0.48266666666666663,0.5746666666666667,1.9893333333333334,0.6266666666666667,0.0
E0_NO_CONTEXT,C0,33,500,5.181592030239825,0.01036318406047965,0.48866666666666686,0.6013333333333334,1.944,0.6,0.0
E0_NO_CONTEXT,C1,33,25,0.3348203737214175,0.0133928149488567,0.5866666666666667,0.4666666666666667,2.08,0.68,0.0
E0_NO_CONTEXT,C1,33,50,0.5915780627699045,0.01183156125539809,0.5266666666666664,0.54,2.04,0.64,0.0
E0_NO_CONTEXT,C1,33,100,1.122149356588916,0.011221493565889161,0.49666666666666665,0.57,1.9766666666666666,0.6233333333333333,0.0
E0_NO_CONTEXT,C1,33,250,2.7361634094630523,0.010944653637852209,0.48266666666666663,0.5746666666666667,1.9893333333333334,0.6266666666666667,0.0
E0_NO_CONTEXT,C1,33,500,5.181592030239825,0.01036318406047965,0.48866666666666686,0.6013333333333334,1.944,0.6,0.0
E0_NO_CONTEXT,C2,33,25,0.3364621283548408,0.013458485134193631,0.5866666666666667,0.4666666666666667,2.08,0.68,0.04
E0_NO_CONTEXT,C2,33,50,0.5932198174033279,0.011864396348066557,0.5266666666666664,0.54,2.04,0.64,0.02
E0_NO_CONTEXT,C2,33,100,1.1237911112223393,0.011237911112223394,0.49666666666666665,0.57,1.9766666666666666,0.6233333333333333,0.01
E0_NO_CONTEXT,C2,33,250,2.7378051640964753,0.010951220656385902,0.48266666666666663,0.5746666666666667,1.9893333333333334,0.6266666666666667,0.004
E0_NO_CONTEXT,C2,33,500,5.183233784873249,0.010366467569746497,0.48866666666666686,0.6013333333333334,1.944,0.6,0.002
E0_NO_CONTEXT,C3,33,25,0.29978958905940195,0.011991583562376078,0.5866666666666667,0.5066666666666667,2.08,0.68,0.04
E0_NO_CONTEXT,C3,33,50,0.5331934216665453,0.010663868433330906,0.5266666666666664,0.5733333333333334,2.04,0.64,0.03333333333333333
E0_NO_CONTEXT,C3,33,100,1.0404108590442132,0.010404108590442131,0.49999999999999994,0.5933333333333334,1.9766666666666666,0.6233333333333333,0.023333333333333334
E0_NO_CONTEXT,C3,33,250,2.5843633425943184,0.010337453370377274,0.48399999999999993,0.592,1.9893333333333334,0.6266666666666667,0.017333333333333333
E0_NO_CONTEXT,C3,33,500,5.006438106929748,0.010012876213859496,0.4893333333333335,0.6113333333333333,1.944,0.6,0.01
E0_NO_CONTEXT,C4,33,25,0.24140494795604273,0.009656197918241708,0.5866666666666667,0.5733333333333334,2.08,0.68,0.10666666666666667
E0_NO_CONTEXT,C4,33,50,0.451454924121842,0.00902909848243684,0.5266666666666664,0.62,2.04,0.64,0.08
E0_NO_CONTEXT,C4,33,100,0.8769338639548063,0.008769338639548064,0.49999999999999994,0.64,1.9766666666666666,0.6233333333333333,0.07
E0_NO_CONTEXT,C4,33,250,2.1908579165419093,0.008763431666167637,0.4866666666666667,0.6333333333333333,1.9893333333333334,0.6266666666666667,0.07066666666666667
E0_NO_CONTEXT,C4,33,500,4.052561986460917,0.008105123972921834,0.49066666666666686,0.662,1.944,0.6,0.07866666666666666
E0_NO_CONTEXT,C0,34,25,0.33331775970817934,0.013332710388327174,0.5333333333333333,0.44,2.04,0.6666666666666666,0.0
E0_NO_CONTEXT,C0,34,50,0.6334306989728704,0.012668613979457408,0.52,0.4266666666666667,2.1066666666666665,0.6733333333333333,0.0
E0_NO_CONTEXT,C0,34,100,1.2007457496091805,0.012007457496091804,0.4966666666666667,0.45,2.033333333333333,0.6433333333333333,0.0
E0_NO_CONTEXT,C0,34,250,2.8548233558552827,0.01141929342342113,0.4960000000000001,0.468,1.9893333333333334,0.6186666666666667,0.0
E0_NO_CONTEXT,C0,34,500,5.742269545974154,0.011484539091948309,0.4933333333333338,0.47,1.9813333333333334,0.6153333333333333,0.0
E0_NO_CONTEXT,C1,34,25,0.30688718051840597,0.012275487220736238,0.5333333333333333,0.49333333333333335,2.04,0.6666666666666666,0.05333333333333334
E0_NO_CONTEXT,C1,34,50,0.6070001197830972,0.012140002395661945,0.52,0.4533333333333333,2.1066666666666665,0.6733333333333333,0.02666666666666667
E0_NO_CONTEXT,C1,34,100,1.1743151704194073,0.011743151704194073,0.4966666666666667,0.4633333333333333,2.033333333333333,0.6433333333333333,0.013333333333333334
E0_NO_CONTEXT,C1,34,250,2.8283927766655093,0.011313571106662037,0.4960000000000001,0.47333333333333333,1.9893333333333334,0.6186666666666667,0.005333333333333333
E0_NO_CONTEXT,C1,34,500,5.715838966784381,0.011431677933568762,0.4933333333333338,0.4726666666666667,1.9813333333333334,0.6153333333333333,0.0026666666666666666
E0_NO_CONTEXT,C2,34,25,0.2960390360052989,0.011841561440211956,0.5333333333333333,0.5066666666666667,2.04,0.6666666666666666,0.06666666666666667
E0_NO_CONTEXT,C2,34,50,0.59615197526999,0.0119230395053998,0.52,0.46,2.1066666666666665,0.6733333333333333,0.03333333333333333
E0_NO_CONTEXT,C2,34,100,1.1634670259063,0.011634670259063,0.4966666666666667,0.4666666666666667,2.033333333333333,0.6433333333333333,0.016666666666666666
E0_NO_CONTEXT,C2,34,250,2.8175446321524023,0.01127017852860961,0.4960000000000001,0.4746666666666667,1.9893333333333334,0.6186666666666667,0.006666666666666667
E0_NO_CONTEXT,C2,34,500,5.704990822271274,0.011409981644542547,0.4933333333333338,0.47333333333333333,1.9813333333333334,0.6153333333333333,0.0033333333333333335
E0_NO_CONTEXT,C3,34,25,0.312541180139291,0.01250164720557164,0.5333333333333333,0.49333333333333335,2.04,0.6666666666666666,0.05333333333333334
E0_NO_CONTEXT,C3,34,50,0.5762951051584277,0.011525902103168555,0.52,0.49333333333333335,2.1066666666666665,0.6733333333333333,0.07333333333333333
E0_NO_CONTEXT,C3,34,100,1.1332218660102937,0.011332218660102937,0.4966666666666667,0.49,2.033333333333333,0.6433333333333333,0.043333333333333335
E0_NO_CONTEXT,C3,34,250,2.765940906507594,0.011063763626030376,0.4960000000000001,0.48533333333333334,1.9893333333333334,0.6186666666666667,0.024
E0_NO_CONTEXT,C3,34,500,5.627416372165354,0.011254832744330708,0.4933333333333338,0.4806666666666667,1.9813333333333334,0.6153333333333333,0.015333333333333332
E0_NO_CONTEXT,C4,34,25,0.32812361481595725,0.01312494459263829,0.5333333333333333,0.4533333333333333,2.04,0.6666666666666666,0.013333333333333334
E0_NO_CONTEXT,C4,34,50,0.6282365540806485,0.012564731081612969,0.52,0.43333333333333335,2.1066666666666665,0.6733333333333333,0.006666666666666667
E0_NO_CONTEXT,C4,34,100,1.1955516047169585,0.011955516047169585,0.4966666666666667,0.4533333333333333,2.033333333333333,0.6433333333333333,0.0033333333333333335
E0_NO_CONTEXT,C4,34,250,2.8444350660708384,0.011377740264283353,0.4960000000000001,0.4706666666666667,1.9893333333333334,0.6186666666666667,0.0026666666666666666
E0_NO_CONTEXT,C4,34,500,5.7177625876699745,0.01143552517533995,0.4933333333333338,0.47333333333333333,1.9813333333333334,0.6153333333333333,0.004666666666666667
E0_NO_CONTEXT,C0,35,25,0.19672015703413614,0.007868806281365446,0.48,0.6933333333333334,1.9066666666666667,0.5466666666666666,0.013333333333333334
E0_NO_CONTEXT,C0,35,50,0.5341085582536176,0.010682171165072352,0.4866666666666667,0.5733333333333334,2.02,0.62,0.006666666666666667
E0_NO_CONTEXT,C0,35,100,0.9817470527024201,0.009817470527024202,0.523333333333333,0.61,1.9933333333333334,0.62,0.0033333333333333335
E0_NO_CONTEXT,C0,35,250,2.115422960223205,0.008461691840892821,0.5226666666666665,0.6666666666666666,1.904,0.5893333333333334,0.0013333333333333333
E0_NO_CONTEXT,C0,35,500,4.475041041161843,0.008950082082323686,0.525333333333333,0.6426666666666667,1.9173333333333333,0.594,0.0006666666666666666
E0_NO_CONTEXT,C1,35,25,0.208878147145233,0.00835512588580932,0.48,0.6533333333333333,1.9066666666666667,0.5466666666666666,0.04
E0_NO_CONTEXT,C1,35,50,0.5462665483647144,0.010925330967294289,0.4866666666666667,0.5533333333333333,2.02,0.62,0.02
E0_NO_CONTEXT,C1,35,100,0.993905042813517,0.00993905042813517,0.523333333333333,0.6,1.9933333333333334,0.62,0.01
E0_NO_CONTEXT,C1,35,250,2.127580950334302,0.008510323801337209,0.5226666666666665,0.6626666666666666,1.904,0.5893333333333334,0.004
E0_NO_CONTEXT,C1,35,500,4.48719903127294,0.00897439806254588,0.525333333333333,0.6406666666666667,1.9173333333333333,0.594,0.002
E0_NO_CONTEXT,C2,35,25,0.2210361372563298,0.008841445490253192,0.48,0.6533333333333333,1.9066666666666667,0.5466666666666666,0.06666666666666667
E0_NO_CONTEXT,C2,35,50,0.5584245384758113,0.011168490769516226,0.4866666666666667,0.5533333333333333,2.02,0.62,0.03333333333333333
E0_NO_CONTEXT,C2,35,100,1.0060630329246139,0.010060630329246138,0.523333333333333,0.6,1.9933333333333334,0.62,0.016666666666666666
E0_NO_CONTEXT,C2,35,250,2.139738940445399,0.008558955761781594,0.5226666666666665,0.6626666666666666,1.904,0.5893333333333334,0.006666666666666667
E0_NO_CONTEXT,C2,35,500,4.4993570213840375,0.008998714042768075,0.525333333333333,0.6406666666666667,1.9173333333333333,0.594,0.0033333333333333335
E0_NO_CONTEXT,C3,35,25,0.208878147145233,0.00835512588580932,0.48,0.6533333333333333,1.9066666666666667,0.5466666666666666,0.04
E0_NO_CONTEXT,C3,35,50,0.5462665483647144,0.010925330967294289,0.4866666666666667,0.5533333333333333,2.02,0.62,0.02
E0_NO_CONTEXT,C3,35,100,0.993905042813517,0.00993905042813517,0.523333333333333,0.6,1.9933333333333334,0.62,0.01
E0_NO_CONTEXT,C3,35,250,2.127580950334302,0.008510323801337209,0.5226666666666665,0.6626666666666666,1.904,0.5893333333333334,0.004
E0_NO_CONTEXT,C3,35,500,4.48719903127294,0.00897439806254588,0.525333333333333,0.6406666666666667,1.9173333333333333,0.594,0.002
E0_NO_CONTEXT,C4,35,25,0.25902390450554813,0.010360956180221925,0.48,0.6133333333333333,1.9066666666666667,0.5466666666666666,0.16
E0_NO_CONTEXT,C4,35,50,0.6085702958361263,0.012171405916722526,0.4866666666666667,0.5266666666666666,2.02,0.62,0.09333333333333334
E0_NO_CONTEXT,C4,35,100,1.1656307012848006,0.011656307012848007,0.523333333333333,0.5433333333333333,1.9933333333333334,0.62,0.10666666666666667
E0_NO_CONTEXT,C4,35,250,2.556950630737755,0.01022780252295102,0.5213333333333331,0.604,1.904,0.5893333333333334,0.10266666666666667
E0_NO_CONTEXT,C4,35,500,5.378572335898085,0.010757144671796169,0.5239999999999998,0.5826666666666667,1.9173333333333333,0.594,0.102
E0_NO_CONTEXT,C0,36,25,0.20752090305265852,0.008300836122106341,0.38666666666666666,0.68,1.92,0.6133333333333333,0.30666666666666664
E0_NO_CONTEXT,C0,36,50,0.528701971996913,0.010574039439938262,0.3999999999999999,0.62,1.92,0.62,0.26
E0_NO_CONTEXT,C0,36,100,1.1543599579044348,0.011543599579044349,0.46333333333333326,0.56,1.97,0.64,0.2
E0_NO_CONTEXT,C0,36,250,2.6931559139169488,0.010772623655667795,0.4733333333333335,0.5893333333333334,1.9386666666666668,0.6013333333333334,0.18533333333333332
E0_NO_CONTEXT,C0,36,500,5.554865819706678,0.011109731639413357,0.49266666666666675,0.566,1.976,0.6133333333333333,0.15933333333333333
E0_NO_CONTEXT,C1,36,25,0.23297163864765674,0.009318865545906269,0.38666666666666666,0.5333333333333333,1.92,0.6133333333333333,0.02666666666666667
E0_NO_CONTEXT,C1,36,50,0.563743126948753,0.011274862538975059,0.3999999999999999,0.49333333333333335,1.92,0.62,0.013333333333333334
E0_NO_CONTEXT,C1,36,100,1.2019885382621285,0.012019885382621285,0.46333333333333326,0.4633333333333333,1.97,0.64,0.006666666666666667
E0_NO_CONTEXT,C1,36,250,2.788137189849049,0.011152548759396195,0.4733333333333335,0.492,1.9386666666666668,0.6013333333333334,0.0026666666666666666
E0_NO_CONTEXT,C1,36,500,5.709787216619045,0.01141957443323809,0.49266666666666675,0.47933333333333333,1.976,0.6133333333333333,0.0013333333333333333
E0_NO_CONTEXT,C2,36,25,0.2237743812962173,0.008950975251848691,0.38666666666666666,0.64,1.92,0.6133333333333333,0.24
E0_NO_CONTEXT,C2,36,50,0.5503500611286951,0.011007001222573903,0.3999999999999999,0.5733333333333334,1.92,0.62,0.16666666666666666
E0_NO_CONTEXT,C2,36,100,1.1867972688126627,0.011867972688126626,0.46333333333333326,0.51,1.97,0.64,0.09333333333333334
E0_NO_CONTEXT,C2,36,250,2.7705483155603714,0.011082193262241486,0.4733333333333335,0.512,1.9386666666666668,0.6013333333333334,0.042666666666666665
E0_NO_CONTEXT,C2,36,500,5.676014509665699,0.011352029019331399,0.49266666666666675,0.49866666666666665,1.976,0.6133333333333333,0.03933333333333333
E0_NO_CONTEXT,C3,36,25,0.21914092983105327,0.00876563719324213,0.38666666666666666,0.6133333333333333,1.92,0.6133333333333333,0.2
E0_NO_CONTEXT,C3,36,50,0.5451172084537286,0.010902344169074572,0.3999999999999999,0.5666666666666667,1.92,0.62,0.15333333333333332
E0_NO_CONTEXT,C3,36,100,1.2015187700084042,0.012015187700084043,0.46333333333333326,0.52,1.97,0.64,0.16
E0_NO_CONTEXT,C3,36,250,2.761363413942898,0.011045453655771592,0.4733333333333335,0.5626666666666666,1.9386666666666668,0.6013333333333334,0.152
E0_NO_CONTEXT,C3,36,500,5.837713770842349,0.011675427541684697,0.4926666666666667,0.5346666666666666,1.976,0.6133333333333333,0.16933333333333334
E0_NO_CONTEXT,C4,36,25,0.21811354382640447,0.008724541753056179,0.38666666666666666,0.5733333333333334,1.92,0.6133333333333333,0.06666666666666667
E0_NO_CONTEXT,C4,36,50,0.5488850321275007,0.010977700642550015,0.3999999999999999,0.5133333333333333,1.92,0.62,0.03333333333333333
E0_NO_CONTEXT,C4,36,100,1.1871304434408765,0.011871304434408765,0.46333333333333326,0.47333333333333333,1.97,0.64,0.016666666666666666
E0_NO_CONTEXT,C4,36,250,2.773279095027797,0.011093116380111187,0.4733333333333335,0.496,1.9386666666666668,0.6013333333333334,0.006666666666666667
E0_NO_CONTEXT,C4,36,500,5.706387390362931,0.011412774780725861,0.49266666666666675,0.482,1.976,0.6133333333333333,0.005333333333333333
E0_NO_CONTEXT,C0,37,25,0.30979779867901924,0.01239191194716077,0.4800000000000001,0.52,1.9866666666666666,0.6,0.0
E0_NO_CONTEXT,C0,37,50,0.604149464499841,0.012082989289996819,0.4733333333333334,0.5266666666666666,1.96,0.6066666666666667,0.0
E0_NO_CONTEXT,C0,37,100,1.0961096136170345,0.010961096136170346,0.49666666666666665,0.5333333333333333,1.8933333333333333,0.5833333333333334,0.0
E0_NO_CONTEXT,C0,37,250,2.842202390208386,0.011368809560833543,0.4933333333333334,0.5186666666666667,1.912,0.5906666666666667,0.0
E0_NO_CONTEXT,C0,37,500,5.902303895284815,0.01180460779056963,0.49399999999999994,0.504,1.9426666666666668,0.598,0.0
E0_NO_CONTEXT,C1,37,25,0.30979779867901924,0.01239191194716077,0.4800000000000001,0.52,1.9866666666666666,0.6,0.0
E0_NO_CONTEXT,C1,37,50,0.604149464499841,0.012082989289996819,0.4733333333333334,0.5266666666666666,1.96,0.6066666666666667,0.0
E0_NO_CONTEXT,C1,37,100,1.0961096136170345,0.010961096136170346,0.49666666666666665,0.5333333333333333,1.8933333333333333,0.5833333333333334,0.0
E0_NO_CONTEXT,C1,37,250,2.842202390208386,0.011368809560833543,0.4933333333333334,0.5186666666666667,1.912,0.5906666666666667,0.0
E0_NO_CONTEXT,C1,37,500,5.902303895284815,0.01180460779056963,0.49399999999999994,0.504,1.9426666666666668,0.598,0.0
E0_NO_CONTEXT,C2,37,25,0.30979779867901924,0.01239191194716077,0.4800000000000001,0.52,1.9866666666666666,0.6,0.0
E0_NO_CONTEXT,C2,37,50,0.604149464499841,0.012082989289996819,0.4733333333333334,0.5266666666666666,1.96,0.6066666666666667,0.0
E0_NO_CONTEXT,C2,37,100,1.0961096136170345,0.010961096136170346,0.49666666666666665,0.5333333333333333,1.8933333333333333,0.5833333333333334,0.0
E0_NO_CONTEXT,C2,37,250,2.842202390208386,0.011368809560833543,0.4933333333333334,0.5186666666666667,1.912,0.5906666666666667,0.0
E0_NO_CONTEXT,C2,37,500,5.902303895284815,0.01180460779056963,0.49399999999999994,0.504,1.9426666666666668,0.598,0.0
E0_NO_CONTEXT,C3,37,25,0.30979779867901924,0.01239191194716077,0.4800000000000001,0.52,1.9866666666666666,0.6,0.0
E0_NO_CONTEXT,C3,37,50,0.604149464499841,0.012082989289996819,0.4733333333333334,0.5266666666666666,1.96,0.6066666666666667,0.0
E0_NO_CONTEXT,C3,37,100,1.1004136447171493,0.011004136447171494,0.49666666666666665,0.5333333333333333,1.8933333333333333,0.5833333333333334,0.0033333333333333335
E0_NO_CONTEXT,C3,37,250,2.8508104524086155,0.011403241809634462,0.4933333333333334,0.5173333333333333,1.912,0.5906666666666667,0.0026666666666666666
E0_NO_CONTEXT,C3,37,500,5.910911957485045,0.01182182391497009,0.49399999999999994,0.5033333333333333,1.9426666666666668,0.598,0.0013333333333333333
E0_NO_CONTEXT,C4,37,25,0.30979779867901924,0.01239191194716077,0.4800000000000001,0.52,1.9866666666666666,0.6,0.0
E0_NO_CONTEXT,C4,37,50,0.6127575267000709,0.012255150534001417,0.4733333333333334,0.52,1.96,0.6066666666666667,0.013333333333333334
E0_NO_CONTEXT,C4,37,100,1.1047176758172645,0.011047176758172645,0.49666666666666665,0.53,1.8933333333333333,0.5833333333333334,0.006666666666666667
E0_NO_CONTEXT,C4,37,250,2.9089456625347854,0.011635782650139141,0.49200000000000005,0.512,1.912,0.5906666666666667,0.024
E0_NO_CONTEXT,C4,37,500,6.28067066868381,0.01256134133736762,0.4919999999999999,0.482,1.9426666666666668,0.598,0.06266666666666666
E0_NO_CONTEXT,C0,38,25,0.2374555456052932,0.009498221824211728,0.5333333333333332,0.6533333333333333,1.9466666666666668,0.5733333333333334,0.0
E0_NO_CONTEXT,C0,38,50,0.5162316644178622,0.010324633288357244,0.5466666666666666,0.64,2.04,0.6266666666666667,0.0
E0_NO_CONTEXT,C0,38,100,1.0996081580572634,0.010996081580572635,0.5033333333333335,0.6,2.006666666666667,0.6266666666666667,0.0
E0_NO_CONTEXT,C0,38,250,2.379854971319536,0.009519419885278144,0.5040000000000002,0.6373333333333333,1.948,0.608,0.0
E0_NO_CONTEXT,C0,38,500,4.866273294123053,0.009732546588246105,0.4880000000000003,0.6326666666666667,1.944,0.5966666666666667,0.0
E0_NO_CONTEXT,C1,38,25,0.2374555456052932,0.009498221824211728,0.5333333333333332,0.6533333333333333,1.9466666666666668,0.5733333333333334,0.0
E0_NO_CONTEXT,C1,38,50,0.5162316644178622,0.010324633288357244,0.5466666666666666,0.64,2.04,0.6266666666666667,0.0
E0_NO_CONTEXT,C1,38,100,1.0996081580572634,0.010996081580572635,0.5033333333333335,0.6,2.006666666666667,0.6266666666666667,0.0
E0_NO_CONTEXT,C1,38,250,2.379854971319536,0.009519419885278144,0.5040000000000002,0.6373333333333333,1.948,0.608,0.0
E0_NO_CONTEXT,C1,38,500,4.866273294123053,0.009732546588246105,0.4880000000000003,0.6326666666666667,1.944,0.5966666666666667,0.0
E0_NO_CONTEXT,C2,38,25,0.23106725452971677,0.009242690181188671,0.5333333333333332,0.6666666666666666,1.9466666666666668,0.5733333333333334,0.013333333333333334
E0_NO_CONTEXT,C2,38,50,0.5098433733422858,0.010196867466845717,0.5466666666666666,0.6466666666666666,2.04,0.6266666666666667,0.006666666666666667
E0_NO_CONTEXT,C2,38,100,1.093219866981687,0.010932198669816871,0.5033333333333335,0.6033333333333334,2.006666666666667,0.6266666666666667,0.0033333333333333335
E0_NO_CONTEXT,C2,38,250,2.3734666802439595,0.009493866720975838,0.5040000000000002,0.6386666666666667,1.948,0.608,0.0013333333333333333
E0_NO_CONTEXT,C2,38,500,4.859885003047476,0.009719770006094952,0.4880000000000003,0.6333333333333333,1.944,0.5966666666666667,0.0006666666666666666
E0_NO_CONTEXT,C3,38,25,0.23106725452971677,0.009242690181188671,0.5333333333333332,0.6666666666666666,1.9466666666666668,0.5733333333333334,0.013333333333333334
E0_NO_CONTEXT,C3,38,50,0.5098433733422858,0.010196867466845717,0.5466666666666666,0.6466666666666666,2.04,0.6266666666666667,0.006666666666666667
E0_NO_CONTEXT,C3,38,100,1.093219866981687,0.010932198669816871,0.5033333333333335,0.6033333333333334,2.006666666666667,0.6266666666666667,0.0033333333333333335
E0_NO_CONTEXT,C3,38,250,2.3734666802439595,0.009493866720975838,0.5040000000000002,0.6386666666666667,1.948,0.608,0.0013333333333333333
E0_NO_CONTEXT,C3,38,500,4.829574506902484,0.009659149013804966,0.4880000000000003,0.636,1.944,0.5966666666666667,0.0033333333333333335
E0_NO_CONTEXT,C4,38,25,0.2351971490716791,0.009407885962867164,0.5333333333333332,0.6666666666666666,1.9466666666666668,0.5733333333333334,0.02666666666666667
E0_NO_CONTEXT,C4,38,50,0.5139732678842481,0.010279465357684963,0.5466666666666666,0.6466666666666666,2.04,0.6266666666666667,0.013333333333333334
E0_NO_CONTEXT,C4,38,100,1.1014796560656117,0.011014796560656117,0.5033333333333335,0.6033333333333334,2.006666666666667,0.6266666666666667,0.01
E0_NO_CONTEXT,C4,38,250,2.228407483514051,0.008913629934056203,0.5040000000000002,0.6653333333333333,1.948,0.608,0.036
E0_NO_CONTEXT,C4,38,500,4.44651758114336,0.008893035162286721,0.4880000000000003,0.6666666666666666,1.944,0.5966666666666667,0.046
E0_NO_CONTEXT,C0,39,25,0.2848517961373842,0.011394071845495369,0.44,0.5466666666666666,1.9466666666666668,0.5866666666666667,0.02666666666666667
E0_NO_CONTEXT,C0,39,50,0.5327399950865852,0.010654799901731704,0.49333333333333323,0.56,1.9,0.5866666666666667,0.013333333333333334
E0_NO_CONTEXT,C0,39,100,0.982392012968491,0.00982392012968491,0.5066666666666667,0.5733333333333334,1.8966666666666667,0.59,0.006666666666666667
E0_NO_CONTEXT,C0,39,250,2.171929400971174,0.008687717603884697,0.5280000000000002,0.612,1.8573333333333333,0.556,0.0026666666666666666
E0_NO_CONTEXT,C0,39,500,4.443732379201354,0.008887464758402708,0.5266666666666665,0.5966666666666667,1.8746666666666667,0.5686666666666667,0.0013333333333333333
E0_NO_CONTEXT,C1,39,25,0.2848517961373842,0.011394071845495369,0.44,0.5466666666666666,1.9466666666666668,0.5866666666666667,0.02666666666666667
E0_NO_CONTEXT,C1,39,50,0.5327399950865852,0.010654799901731704,0.49333333333333323,0.56,1.9,0.5866666666666667,0.013333333333333334
E0_NO_CONTEXT,C1,39,100,0.982392012968491,0.00982392012968491,0.5066666666666667,0.5733333333333334,1.8966666666666667,0.59,0.006666666666666667
E0_NO_CONTEXT,C1,39,250,2.171929400971174,0.008687717603884697,0.5280000000000002,0.612,1.8573333333333333,0.556,0.0026666666666666666
E0_NO_CONTEXT,C1,39,500,4.443732379201354,0.008887464758402708,0.5266666666666665,0.5966666666666667,1.8746666666666667,0.5686666666666667,0.0013333333333333333
E0_NO_CONTEXT,C2,39,25,0.2895924204890066,0.011583696819560263,0.44,0.5333333333333333,1.9466666666666668,0.5866666666666667,0.013333333333333334
E0_NO_CONTEXT,C2,39,50,0.5374806194382076,0.010749612388764151,0.49333333333333323,0.5533333333333333,1.9,0.5866666666666667,0.006666666666666667
E0_NO_CONTEXT,C2,39,100,0.9871326373201134,0.009871326373201133,0.5066666666666667,0.57,1.8966666666666667,0.59,0.0033333333333333335
E0_NO_CONTEXT,C2,39,250,2.1766700253227964,0.008706680101291185,0.5280000000000002,0.6106666666666667,1.8573333333333333,0.556,0.0013333333333333333
E0_NO_CONTEXT,C2,39,500,4.4484730035529765,0.008896946007105952,0.5266666666666665,0.596,1.8746666666666667,0.5686666666666667,0.0006666666666666666
E0_NO_CONTEXT,C3,39,25,0.2895924204890066,0.011583696819560263,0.44,0.5333333333333333,1.9466666666666668,0.5866666666666667,0.013333333333333334
E0_NO_CONTEXT,C3,39,50,0.5374806194382076,0.010749612388764151,0.49333333333333323,0.5533333333333333,1.9,0.5866666666666667,0.006666666666666667
E0_NO_CONTEXT,C3,39,100,0.9871326373201134,0.009871326373201133,0.5066666666666667,0.57,1.8966666666666667,0.59,0.0033333333333333335
E0_NO_CONTEXT,C3,39,250,2.1766700253227964,0.008706680101291185,0.5280000000000002,0.6106666666666667,1.8573333333333333,0.556,0.0013333333333333333
E0_NO_CONTEXT,C3,39,500,4.439151987787197,0.008878303975574393,0.5266666666666665,0.5966666666666667,1.8746666666666667,0.5686666666666667,0.0013333333333333333
E0_NO_CONTEXT,C4,39,25,0.294172811903163,0.011766912476126521,0.44,0.5333333333333333,1.9466666666666668,0.5866666666666667,0.013333333333333334
E0_NO_CONTEXT,C4,39,50,0.542061010852364,0.01084122021704728,0.49333333333333323,0.5533333333333333,1.9,0.5866666666666667,0.006666666666666667
E0_NO_CONTEXT,C4,39,100,0.9917130287342698,0.009917130287342698,0.5066666666666667,0.57,1.8966666666666667,0.59,0.0033333333333333335
E0_NO_CONTEXT,C4,39,250,2.1877033775238712,0.008750813510095485,0.5280000000000002,0.6106666666666667,1.8573333333333333,0.556,0.0026666666666666666
E0_NO_CONTEXT,C4,39,500,4.459506355754051,0.008919012711508103,0.5266666666666665,0.596,1.8746666666666667,0.5686666666666667,0.0013333333333333333
E0_NO_CONTEXT,C0,40,25,0.19982179355372942,0.007992871742149178,0.5199999999999999,0.5733333333333334,2.026666666666667,0.56,0.0
E0_NO_CONTEXT,C0,40,50,0.33579208798870497,0.0067158417597741,0.5266666666666666,0.6266666666666667,1.92,0.5333333333333333,0.0
E0_NO_CONTEXT,C0,40,100,0.7391427959058234,0.007391427959058235,0.5066666666666667,0.5566666666666666,2.0166666666666666,0.5966666666666667,0.0
E0_NO_CONTEXT,C0,40,250,1.6162523760552632,0.006465009504221053,0.4893333333333336,0.6,1.964,0.6026666666666667,0.0
E0_NO_CONTEXT,C0,40,500,3.2772579732551796,0.006554515946510359,0.5086666666666663,0.5953333333333334,1.944,0.5966666666666667,0.0
E0_NO_CONTEXT,C1,40,25,0.20134314806986475,0.00805372592279459,0.5199999999999999,0.56,2.026666666666667,0.56,0.013333333333333334
E0_NO_CONTEXT,C1,40,50,0.3373134425048403,0.006746268850096806,0.5266666666666666,0.62,1.92,0.5333333333333333,0.006666666666666667
E0_NO_CONTEXT,C1,40,100,0.7406641504219588,0.007406641504219587,0.5066666666666667,0.5533333333333333,2.0166666666666666,0.5966666666666667,0.0033333333333333335
E0_NO_CONTEXT,C1,40,250,1.6177737305713986,0.006471094922285594,0.4893333333333336,0.5986666666666667,1.964,0.6026666666666667,0.0013333333333333333
E0_NO_CONTEXT,C1,40,500,3.2787793277713155,0.006557558655542631,0.5086666666666663,0.5946666666666667,1.944,0.5966666666666667,0.0006666666666666666
E0_NO_CONTEXT,C2,40,25,0.20134314806986475,0.00805372592279459,0.5199999999999999,0.56,2.026666666666667,0.56,0.013333333333333334
E0_NO_CONTEXT,C2,40,50,0.3373134425048403,0.006746268850096806,0.5266666666666666,0.62,1.92,0.5333333333333333,0.006666666666666667
E0_NO_CONTEXT,C2,40,100,0.7406641504219588,0.007406641504219587,0.5066666666666667,0.5533333333333333,2.0166666666666666,0.5966666666666667,0.0033333333333333335
E0_NO_CONTEXT,C2,40,250,1.6177737305713986,0.006471094922285594,0.4893333333333336,0.5986666666666667,1.964,0.6026666666666667,0.0013333333333333333
E0_NO_CONTEXT,C2,40,500,3.2787793277713155,0.006557558655542631,0.5086666666666663,0.5946666666666667,1.944,0.5966666666666667,0.0006666666666666666
E0_NO_CONTEXT,C3,40,25,0.19982179355372942,0.007992871742149178,0.5199999999999999,0.5733333333333334,2.026666666666667,0.56,0.0
E0_NO_CONTEXT,C3,40,50,0.33579208798870497,0.0067158417597741,0.5266666666666666,0.6266666666666667,1.92,0.5333333333333333,0.0
E0_NO_CONTEXT,C3,40,100,0.7391427959058234,0.007391427959058235,0.5066666666666667,0.5566666666666666,2.0166666666666666,0.5966666666666667,0.0
E0_NO_CONTEXT,C3,40,250,1.6138293589575476,0.006455317435830191,0.4893333333333336,0.6013333333333334,1.964,0.6026666666666667,0.0013333333333333333
E0_NO_CONTEXT,C3,40,500,3.2404861895003703,0.00648097237900074,0.5086666666666663,0.5993333333333334,1.944,0.5966666666666667,0.004
E0_NO_CONTEXT,C4,40,25,0.19982179355372942,0.007992871742149178,0.5199999999999999,0.5733333333333334,2.026666666666667,0.56,0.0
E0_NO_CONTEXT,C4,40,50,0.33579208798870497,0.0067158417597741,0.5266666666666666,0.6266666666666667,1.92,0.5333333333333333,0.0
E0_NO_CONTEXT,C4,40,100,0.7391427959058234,0.007391427959058235,0.5066666666666667,0.5566666666666666,2.0166666666666666,0.5966666666666667,0.0
E0_NO_CONTEXT,C4,40,250,1.6253251405649078,0.006501300562259631,0.4893333333333336,0.5986666666666667,1.964,0.6026666666666667,0.0013333333333333333
E0_NO_CONTEXT,C4,40,500,3.2863307377648243,0.006572661475529648,0.5086666666666663,0.5946666666666667,1.944,0.5966666666666667,0.0006666666666666666
E0_NO_CONTEXT,C0,41,25,0.3263842987518199,0.013055371950072796,0.5066666666666666,0.49333333333333335,1.96,0.6133333333333333,0.08
E0_NO_CONTEXT,C0,41,50,0.7186786320714912,0.014373572641429824,0.49333333333333323,0.4533333333333333,1.9733333333333334,0.6133333333333333,0.04
E0_NO_CONTEXT,C0,41,100,1.398562793779071,0.01398562793779071,0.4800000000000001,0.47333333333333333,1.96,0.6033333333333334,0.02
E0_NO_CONTEXT,C0,41,250,3.224373785183489,0.012897495140733956,0.49333333333333323,0.492,1.9266666666666667,0.5853333333333334,0.017333333333333333
E0_NO_CONTEXT,C0,41,500,6.731103441083177,0.013462206882166355,0.47400000000000014,0.4786666666666667,1.9593333333333334,0.608,0.024
E0_NO_CONTEXT,C1,41,25,0.3175639995214392,0.01270255998085757,0.5066666666666666,0.48,1.96,0.6133333333333333,0.06666666666666667
E0_NO_CONTEXT,C1,41,50,0.7098583328411104,0.014197166656822208,0.49333333333333323,0.44666666666666666,1.9733333333333334,0.6133333333333333,0.03333333333333333
E0_NO_CONTEXT,C1,41,100,1.3897424945486905,0.013897424945486904,0.4800000000000001,0.47,1.96,0.6033333333333334,0.016666666666666666
E0_NO_CONTEXT,C1,41,250,3.2274717308546577,0.01290988692341863,0.49333333333333323,0.4866666666666667,1.9266666666666667,0.5853333333333334,0.006666666666666667
E0_NO_CONTEXT,C1,41,500,6.77336133428802,0.01354672266857604,0.47400000000000014,0.4673333333333333,1.9593333333333334,0.608,0.0033333333333333335
E0_NO_CONTEXT,C2,41,25,0.33175871719174327,0.013270348687669731,0.5066666666666666,0.44,1.96,0.6133333333333333,0.04
E0_NO_CONTEXT,C2,41,50,0.7240530505114146,0.01448106101022829,0.49333333333333323,0.4266666666666667,1.9733333333333334,0.6133333333333333,0.02
E0_NO_CONTEXT,C2,41,100,1.4039372122189944,0.014039372122189944,0.4800000000000001,0.46,1.96,0.6033333333333334,0.01
E0_NO_CONTEXT,C2,41,250,3.241666448524962,0.012966665794099847,0.49333333333333323,0.4826666666666667,1.9266666666666667,0.5853333333333334,0.004
E0_NO_CONTEXT,C2,41,500,6.787556051958323,0.013575112103916646,0.47400000000000014,0.4653333333333333,1.9593333333333334,0.608,0.002
E0_NO_CONTEXT,C3,41,25,0.3399438796029947,0.013597755184119788,0.5066666666666666,0.44,1.96,0.6133333333333333,0.02666666666666667
E0_NO_CONTEXT,C3,41,50,0.7322382129226658,0.014644764258453315,0.49333333333333323,0.4266666666666667,1.9733333333333334,0.6133333333333333,0.013333333333333334
E0_NO_CONTEXT,C3,41,100,1.4121223746302456,0.014121223746302456,0.4800000000000001,0.46,1.96,0.6033333333333334,0.006666666666666667
E0_NO_CONTEXT,C3,41,250,3.2498516109362128,0.012999406443744851,0.49333333333333323,0.4826666666666667,1.9266666666666667,0.5853333333333334,0.0026666666666666666
E0_NO_CONTEXT,C3,41,500,6.787556051958323,0.013575112103916646,0.47400000000000014,0.466,1.9593333333333334,0.608,0.002
E0_NO_CONTEXT,C4,41,25,0.337501673254394,0.013500066930175761,0.5066666666666666,0.44,1.96,0.6133333333333333,0.02666666666666667
E0_NO_CONTEXT,C4,41,50,0.7297960065740651,0.014595920131481302,0.49333333333333323,0.4266666666666667,1.9733333333333334,0.6133333333333333,0.013333333333333334
E0_NO_CONTEXT,C4,41,100,1.4096801682816449,0.014096801682816448,0.4800000000000001,0.46,1.96,0.6033333333333334,0.006666666666666667
E0_NO_CONTEXT,C4,41,250,3.247409404587612,0.012989637618350449,0.49333333333333323,0.4826666666666667,1.9266666666666667,0.5853333333333334,0.0026666666666666666
E0_NO_CONTEXT,C4,41,500,6.745626028414768,0.013491252056829536,0.47400000000000014,0.4746666666666667,1.9593333333333334,0.608,0.02
E0_NO_CONTEXT,C0,42,25,0.14977320425177776,0.00599092817007111,0.5066666666666666,0.7066666666666667,2.16,0.68,0.25333333333333335
E0_NO_CONTEXT,C0,42,50,0.38178204655026793,0.007635640931005359,0.56,0.5933333333333334,2.08,0.68,0.13333333333333333
E0_NO_CONTEXT,C0,42,100,0.8048983024567635,0.008048983024567635,0.5266666666666665,0.56,2.046666666666667,0.64,0.06666666666666667
E0_NO_CONTEXT,C0,42,250,1.9529472624192556,0.0078117890496770225,0.5440000000000003,0.5733333333333334,1.9893333333333334,0.608,0.02666666666666667
E0_NO_CONTEXT,C0,42,500,4.000125414415176,0.008000250828830352,0.5400000000000003,0.5553333333333333,2.024,0.6273333333333333,0.016
E0_NO_CONTEXT,C1,42,25,0.20037691338254437,0.008015076535301775,0.5066666666666666,0.52,2.16,0.68,0.04
E0_NO_CONTEXT,C1,42,50,0.4349252538184718,0.008698505076369436,0.56,0.49333333333333335,2.08,0.68,0.02
E0_NO_CONTEXT,C1,42,100,0.8580415097249674,0.008580415097249675,0.5266666666666665,0.51,2.046666666666667,0.64,0.01
E0_NO_CONTEXT,C1,42,250,2.006090469687459,0.008024361878749836,0.5440000000000003,0.5533333333333333,1.9893333333333334,0.608,0.004
E0_NO_CONTEXT,C1,42,500,4.063426614233128,0.008126853228466256,0.5400000000000003,0.5446666666666666,2.024,0.6273333333333333,0.002
E0_NO_CONTEXT,C2,42,25,0.19557670557546647,0.007823068223018658,0.5066666666666666,0.5333333333333333,2.16,0.68,0.04
E0_NO_CONTEXT,C2,42,50,0.4301250460113939,0.008602500920227877,0.56,0.5,2.08,0.68,0.02
E0_NO_CONTEXT,C2,42,100,0.8532413019178895,0.008532413019178895,0.5266666666666665,0.5133333333333333,2.046666666666667,0.64,0.01
E0_NO_CONTEXT,C2,42,250,2.0012902618803814,0.008005161047521525,0.5440000000000003,0.5546666666666666,1.9893333333333334,0.608,0.004
E0_NO_CONTEXT,C2,42,500,4.05862640642605,0.0081172528128521,0.5400000000000003,0.5453333333333333,2.024,0.6273333333333333,0.002
E0_NO_CONTEXT,C3,42,25,0.1273505016805857,0.0050940200672234285,0.5066666666666666,0.7333333333333333,2.16,0.68,0.28
E0_NO_CONTEXT,C3,42,50,0.35428034770420136,0.007085606954084027,0.56,0.6133333333333333,2.08,0.68,0.16
E0_NO_CONTEXT,C3,42,100,0.7621596147860734,0.0076215961478607345,0.5266666666666665,0.5866666666666667,2.046666666666667,0.64,0.1
E0_NO_CONTEXT,C3,42,250,1.8993483430415852,0.00759739337216634,0.5440000000000003,0.5866666666666667,1.9893333333333334,0.608,0.042666666666666665
E0_NO_CONTEXT,C3,42,500,3.8975737912689663,0.0077951475825379325,0.540666666666667,0.572,2.024,0.6273333333333333,0.035333333333333335
E0_NO_CONTEXT,C4,42,25,0.1937017518466032,0.0077480700738641285,0.5066666666666666,0.52,2.16,0.68,0.16
E0_NO_CONTEXT,C4,42,50,0.39992017409103797,0.00799840348182076,0.5533333333333333,0.5,2.08,0.68,0.12666666666666668
E0_NO_CONTEXT,C4,42,100,0.6831035511607066,0.006831035511607067,0.5199999999999999,0.5533333333333333,2.046666666666667,0.64,0.16333333333333333
E0_NO_CONTEXT,C4,42,250,1.3999282505939519,0.005599713002375807,0.5426666666666669,0.632,1.9893333333333334,0.608,0.16
E0_NO_CONTEXT,C4,42,500,2.9224293737425353,0.005844858747485071,0.5400000000000003,0.6186666666666667,2.024,0.6273333333333333,0.162
E0_NO_CONTEXT,C0,43,25,0.21228777702850932,0.008491511081140372,0.49333333333333323,0.6,1.8933333333333333,0.5866666666666667,0.013333333333333334
E0_NO_CONTEXT,C0,43,50,0.4202484392005097,0.008404968784010194,0.5199999999999999,0.5933333333333334,1.9133333333333333,0.58,0.006666666666666667
E0_NO_CONTEXT,C0,43,100,0.8327114279978721,0.00832711427997872,0.4866666666666667,0.5666666666666667,1.93,0.6033333333333334,0.0033333333333333335
E0_NO_CONTEXT,C0,43,250,1.9954282951527074,0.00798171318061083,0.4986666666666667,0.6,1.9013333333333333,0.5746666666666667,0.0013333333333333333
E0_NO_CONTEXT,C0,43,500,3.935038486825733,0.007870076973651467,0.4979999999999998,0.5893333333333334,1.902,0.5826666666666667,0.0013333333333333333
E0_NO_CONTEXT,C1,43,25,0.22203991298322823,0.008881596519329129,0.49333333333333323,0.5733333333333334,1.8933333333333333,0.5866666666666667,0.04
E0_NO_CONTEXT,C1,43,50,0.4300005751552286,0.008600011503104571,0.5199999999999999,0.58,1.9133333333333333,0.58,0.02
E0_NO_CONTEXT,C1,43,100,0.842463563952591,0.008424635639525911,0.4866666666666667,0.56,1.93,0.6033333333333334,0.01
E0_NO_CONTEXT,C1,43,250,2.0051804311074264,0.008020721724429705,0.4986666666666667,0.5973333333333334,1.9013333333333333,0.5746666666666667,0.004
E0_NO_CONTEXT,C1,43,500,3.9471713750361737,0.007894342750072347,0.4979999999999998,0.5873333333333334,1.902,0.5826666666666667,0.002
E0_NO_CONTEXT,C2,43,25,0.2265659082861579,0.009062636331446317,0.49333333333333323,0.5733333333333334,1.8933333333333333,0.5866666666666667,0.04
E0_NO_CONTEXT,C2,43,50,0.4345265704581583,0.008690531409163166,0.5199999999999999,0.58,1.9133333333333333,0.58,0.02
E0_NO_CONTEXT,C2,43,100,0.8469895592555207,0.008469895592555206,0.4866666666666667,0.56,1.93,0.6033333333333334,0.01
E0_NO_CONTEXT,C2,43,250,2.0097064264103555,0.008038825705641421,0.4986666666666667,0.5973333333333334,1.9013333333333333,0.5746666666666667,0.004
E0_NO_CONTEXT,C2,43,500,3.9516973703391027,0.007903394740678206,0.4979999999999998,0.5873333333333334,1.902,0.5826666666666667,0.002
E0_NO_CONTEXT,C3,43,25,0.19086100672701045,0.007634440269080418,0.49333333333333323,0.6933333333333334,1.8933333333333333,0.5866666666666667,0.13333333333333333
E0_NO_CONTEXT,C3,43,50,0.38453715536467825,0.007690743107293565,0.5199999999999999,0.66,1.9133333333333333,0.58,0.10666666666666667
E0_NO_CONTEXT,C3,43,100,0.7612888603262092,0.007612888603262092,0.4866666666666667,0.6333333333333333,1.93,0.6033333333333334,0.10333333333333333
E0_NO_CONTEXT,C3,43,250,1.8549639120651022,0.007419855648260409,0.4986666666666667,0.6493333333333333,1.9013333333333333,0.5746666666666667,0.08
E0_NO_CONTEXT,C3,43,500,3.689821004486353,0.007379642008972706,0.4979999999999998,0.6373333333333333,1.902,0.5826666666666667,0.07
E0_NO_CONTEXT,C4,43,25,0.2879177301338555,0.011516709205354221,0.49333333333333323,0.5066666666666667,1.8933333333333333,0.5866666666666667,0.3466666666666667
E0_NO_CONTEXT,C4,43,50,0.5165410634278149,0.0103308212685563,0.5133333333333332,0.54,1.9133333333333333,0.58,0.29333333333333333
E0_NO_CONTEXT,C4,43,100,0.9727101467248176,0.009727101467248176,0.4799999999999999,0.5166666666666667,1.93,0.6033333333333334,0.2633333333333333
E0_NO_CONTEXT,C4,43,250,2.3997087639383863,0.009598835055753546,0.49599999999999994,0.5466666666666666,1.9013333333333333,0.5746666666666667,0.18133333333333335
E0_NO_CONTEXT,C4,43,500,4.716536257719108,0.009433072515438215,0.4959999999999997,0.5526666666666666,1.902,0.5826666666666667,0.172
E0_NO_CONTEXT,C0,44,25,0.2654447065666408,0.010617788262665634,0.5333333333333334,0.5066666666666667,1.9466666666666668,0.6,0.06666666666666667
E0_NO_CONTEXT,C0,44,50,0.5218087655165847,0.010436175310331695,0.5466666666666667,0.4866666666666667,2.04,0.64,0.03333333333333333
E0_NO_CONTEXT,C0,44,100,1.015240398399785,0.010152403983997851,0.52,0.52,1.9733333333333334,0.6066666666666667,0.016666666666666666
E0_NO_CONTEXT,C0,44,250,2.4314828471211465,0.009725931388484587,0.47866666666666663,0.5186666666666667,1.9053333333333333,0.584,0.006666666666666667
E0_NO_CONTEXT,C0,44,500,5.175370887221378,0.010350741774442757,0.4879999999999998,0.5026666666666667,1.9546666666666668,0.6033333333333334,0.0033333333333333335
E0_NO_CONTEXT,C1,44,25,0.2557270684073391,0.010229082736293565,0.5333333333333334,0.5066666666666667,1.9466666666666668,0.6,0.02666666666666667
E0_NO_CONTEXT,C1,44,50,0.512091127357283,0.01024182254714566,0.5466666666666667,0.4866666666666667,2.04,0.64,0.013333333333333334
E0_NO_CONTEXT,C1,44,100,1.0055227602404835,0.010055227602404834,0.52,0.52,1.9733333333333334,0.6066666666666667,0.006666666666666667
E0_NO_CONTEXT,C1,44,250,2.421765208961845,0.00968706083584738,0.47866666666666663,0.5186666666666667,1.9053333333333333,0.584,0.0026666666666666666
E0_NO_CONTEXT,C1,44,500,5.165653249062076,0.010331306498124151,0.4879999999999998,0.5026666666666667,1.9546666666666668,0.6033333333333334,0.0013333333333333333
E0_NO_CONTEXT,C2,44,25,0.2508750356704853,0.010035001426819411,0.5333333333333334,0.5066666666666667,1.9466666666666668,0.6,0.0
E0_NO_CONTEXT,C2,44,50,0.5072390946204292,0.010144781892408583,0.5466666666666667,0.4866666666666667,2.04,0.64,0.0
E0_NO_CONTEXT,C2,44,100,1.0006707275036295,0.010006707275036296,0.52,0.52,1.9733333333333334,0.6066666666666667,0.0
E0_NO_CONTEXT,C2,44,250,2.4169131762249902,0.00966765270489996,0.47866666666666663,0.5186666666666667,1.9053333333333333,0.584,0.0
E0_NO_CONTEXT,C2,44,500,5.160801216325221,0.010321602432650442,0.4879999999999998,0.5026666666666667,1.9546666666666668,0.6033333333333334,0.0
E0_NO_CONTEXT,C3,44,25,0.2654582792522349,0.010618331170089397,0.5333333333333334,0.49333333333333335,1.9466666666666668,0.6,0.05333333333333334
E0_NO_CONTEXT,C3,44,50,0.5218223382021788,0.010436446764043577,0.5466666666666667,0.48,2.04,0.64,0.02666666666666667
E0_NO_CONTEXT,C3,44,100,1.0152539710853792,0.010152539710853791,0.52,0.5166666666666667,1.9733333333333334,0.6066666666666667,0.013333333333333334
E0_NO_CONTEXT,C3,44,250,2.4692563931277203,0.009877025572510882,0.47866666666666663,0.5146666666666667,1.9053333333333333,0.584,0.02
E0_NO_CONTEXT,C3,44,500,5.247203671185088,0.010494407342370176,0.4879999999999998,0.498,1.9546666666666668,0.6033333333333334,0.014666666666666666
E0_NO_CONTEXT,C4,44,25,0.27520306278272494,0.011008122511308997,0.5333333333333334,0.4533333333333333,1.9466666666666668,0.6,0.06666666666666667
E0_NO_CONTEXT,C4,44,50,0.5948199922244917,0.011896399844489834,0.54,0.42,2.04,0.64,0.12
E0_NO_CONTEXT,C4,44,100,1.1709669172893058,0.011709669172893058,0.5166666666666668,0.4633333333333333,1.9733333333333334,0.6066666666666667,0.11666666666666667
E0_NO_CONTEXT,C4,44,250,2.6931013879315104,0.010772405551726042,0.4759999999999999,0.48933333333333334,1.9053333333333333,0.584,0.07866666666666666
E0_NO_CONTEXT,C4,44,500,5.751519783317622,0.011503039566635245,0.4853333333333333,0.4713333333333333,1.9546666666666668,0.6033333333333334,0.08466666666666667
E0_NO_CONTEXT,C0,45,25,0.2242628434177767,0.008970513736711068,0.5066666666666665,0.5733333333333334,1.92,0.6,0.14666666666666667
E0_NO_CONTEXT,C0,45,50,0.4996832459790632,0.009993664919581265,0.49333333333333335,0.5133333333333333,1.96,0.6133333333333333,0.08
E0_NO_CONTEXT,C0,45,100,1.0532141517272562,0.010532141517272562,0.49,0.49666666666666665,1.9866666666666666,0.64,0.043333333333333335
E0_NO_CONTEXT,C0,45,250,2.538425444490561,0.010153701777962244,0.47600000000000015,0.5173333333333333,1.924,0.5906666666666667,0.021333333333333333
E0_NO_CONTEXT,C0,45,500,5.205408357428707,0.010410816714857414,0.4780000000000002,0.5133333333333333,1.9286666666666668,0.596,0.012666666666666666
E0_NO_CONTEXT,C1,45,25,0.27236315898537566,0.010894526359415027,0.5066666666666665,0.48,1.92,0.6,0.013333333333333334
E0_NO_CONTEXT,C1,45,50,0.5493121833346175,0.01098624366669235,0.49333333333333335,0.46,1.96,0.6133333333333333,0.006666666666666667
E0_NO_CONTEXT,C1,45,100,1.1135049991450474,0.011135049991450475,0.49,0.4666666666666667,1.9866666666666666,0.64,0.0033333333333333335
E0_NO_CONTEXT,C1,45,250,2.6124354455464998,0.010449741782185999,0.47600000000000015,0.5026666666666667,1.924,0.5906666666666667,0.0013333333333333333
E0_NO_CONTEXT,C1,45,500,5.293137512122794,0.010586275024245587,0.4780000000000002,0.5053333333333333,1.9286666666666668,0.596,0.0006666666666666666
E0_NO_CONTEXT,C2,45,25,0.24054398446682979,0.00962175937867319,0.5066666666666665,0.52,1.92,0.6,0.06666666666666667
E0_NO_CONTEXT,C2,45,50,0.5174930088160716,0.010349860176321432,0.49333333333333335,0.48,1.96,0.6133333333333333,0.03333333333333333
E0_NO_CONTEXT,C2,45,100,1.0816858246265015,0.010816858246265016,0.49,0.4766666666666667,1.9866666666666666,0.64,0.016666666666666666
E0_NO_CONTEXT,C2,45,250,2.580616271027954,0.010322465084111816,0.47600000000000015,0.5066666666666667,1.924,0.5906666666666667,0.006666666666666667
E0_NO_CONTEXT,C2,45,500,5.250822983210174,0.010501645966420349,0.4780000000000002,0.508,1.9286666666666668,0.596,0.004666666666666667
E0_NO_CONTEXT,C3,45,25,0.2602112366220517,0.010408449464882069,0.5066666666666665,0.52,1.92,0.6,0.12
E0_NO_CONTEXT,C3,45,50,0.5212508407454386,0.010425016814908771,0.49333333333333335,0.52,1.96,0.6133333333333333,0.15333333333333332
E0_NO_CONTEXT,C3,45,100,1.1612986880802927,0.011612986880802928,0.49,0.4866666666666667,1.9866666666666666,0.64,0.18666666666666668
E0_NO_CONTEXT,C3,45,250,2.73477899315797,0.01093911597263188,0.47600000000000015,0.5146666666666667,1.924,0.5906666666666667,0.15333333333333332
E0_NO_CONTEXT,C3,45,500,5.4047302999534494,0.010809460599906898,0.4773333333333336,0.5253333333333333,1.9286666666666668,0.596,0.15933333333333333
E0_NO_CONTEXT,C4,45,25,0.23529630726979378,0.009411852290791752,0.5066666666666665,0.5333333333333333,1.92,0.6,0.08
E0_NO_CONTEXT,C4,45,50,0.4755115912397836,0.009510231824795672,0.49333333333333335,0.52,1.96,0.6133333333333333,0.08666666666666667
E0_NO_CONTEXT,C4,45,100,0.990946690488934,0.009909466904889341,0.49,0.5133333333333333,1.9866666666666666,0.64,0.07666666666666666
E0_NO_CONTEXT,C4,45,250,2.32616577815932,0.009304663112637281,0.4786666666666668,0.556,1.924,0.5906666666666667,0.07466666666666667
E0_NO_CONTEXT,C4,45,500,4.659449341654834,0.009318898683309667,0.48000000000000015,0.568,1.9286666666666668,0.596,0.08666666666666667
E0_NO_CONTEXT,C0,46,25,0.2117297534538829,0.008469190138155315,0.37333333333333335,0.52,1.92,0.6,0.21333333333333335
E0_NO_CONTEXT,C0,46,50,0.43758499358358216,0.008751699871671643,0.4333333333333333,0.5266666666666666,1.9733333333333334,0.6133333333333333,0.12
E0_NO_CONTEXT,C0,46,100,0.8737516662774146,0.008737516662774147,0.4600000000000001,0.56,1.9533333333333334,0.6166666666666667,0.06333333333333334
E0_NO_CONTEXT,C0,46,250,2.070147405328129,0.008280589621312515,0.4933333333333337,0.5893333333333334,1.956,0.62,0.025333333333333333
E0_NO_CONTEXT,C0,46,500,4.098944419105311,0.008197888838210621,0.5119999999999997,0.594,1.9513333333333334,0.6093333333333333,0.012666666666666666
E0_NO_CONTEXT,C1,46,25,0.17210578865241588,0.006884231546096635,0.3866666666666667,0.6266666666666667,1.92,0.6,0.013333333333333334
E0_NO_CONTEXT,C1,46,50,0.3934902826848311,0.007869805653696622,0.43999999999999995,0.5933333333333334,1.9733333333333334,0.6133333333333333,0.006666666666666667
E0_NO_CONTEXT,C1,46,100,0.8274215823300215,0.008274215823300214,0.46333333333333343,0.5933333333333334,1.9533333333333334,0.6166666666666667,0.0033333333333333335
E0_NO_CONTEXT,C1,46,250,2.0238173213807364,0.008095269285522946,0.49466666666666703,0.6026666666666667,1.956,0.62,0.0013333333333333333
E0_NO_CONTEXT,C1,46,500,4.0526143351579185,0.008105228670315837,0.5126666666666664,0.6006666666666667,1.9513333333333334,0.6093333333333333,0.0006666666666666666
E0_NO_CONTEXT,C2,46,25,0.1630216467810549,0.006520865871242196,0.3866666666666667,0.6533333333333333,1.92,0.6,0.02666666666666667
E0_NO_CONTEXT,C2,46,50,0.38440614081347013,0.007688122816269402,0.43999999999999995,0.6066666666666667,1.9733333333333334,0.6133333333333333,0.013333333333333334
E0_NO_CONTEXT,C2,46,100,0.8183374404586605,0.008183374404586606,0.46333333333333343,0.6,1.9533333333333334,0.6166666666666667,0.006666666666666667
E0_NO_CONTEXT,C2,46,250,2.014733179509375,0.0080589327180375,0.49466666666666703,0.6053333333333333,1.956,0.62,0.0026666666666666666
E0_NO_CONTEXT,C2,46,500,4.043530193286558,0.008087060386573116,0.5126666666666664,0.602,1.9513333333333334,0.6093333333333333,0.0013333333333333333
E0_NO_CONTEXT,C3,46,25,0.1668796428042495,0.006675185712169979,0.3866666666666667,0.64,1.92,0.6,0.013333333333333334
E0_NO_CONTEXT,C3,46,50,0.3882641368366647,0.007765282736733294,0.43999999999999995,0.6,1.9733333333333334,0.6133333333333333,0.006666666666666667
E0_NO_CONTEXT,C3,46,100,0.8221954364818551,0.00822195436481855,0.46333333333333343,0.5966666666666667,1.9533333333333334,0.6166666666666667,0.0033333333333333335
E0_NO_CONTEXT,C3,46,250,2.0275045246342964,0.008110018098537185,0.49466666666666703,0.6026666666666667,1.956,0.62,0.0026666666666666666
E0_NO_CONTEXT,C3,46,500,4.052443542388285,0.00810488708477657,0.5126666666666664,0.6006666666666667,1.9513333333333334,0.6093333333333333,0.002
E0_NO_CONTEXT,C4,46,25,0.14871135906152755,0.005948454362461102,0.3866666666666667,0.6666666666666666,1.92,0.6,0.04
E0_NO_CONTEXT,C4,46,50,0.3700958530939428,0.007401917061878855,0.43999999999999995,0.6133333333333333,1.9733333333333334,0.6133333333333333,0.02
E0_NO_CONTEXT,C4,46,100,0.8040271527391332,0.008040271527391332,0.46333333333333343,0.6033333333333334,1.9533333333333334,0.6166666666666667,0.01
E0_NO_CONTEXT,C4,46,250,1.9844899810957677,0.007937959924383071,0.49466666666666703,0.6093333333333333,1.956,0.62,0.008
E0_NO_CONTEXT,C4,46,500,3.9678662855161457,0.007935732571032292,0.5126666666666664,0.6073333333333333,1.9513333333333334,0.6093333333333333,0.007333333333333333
E0_NO_CONTEXT,C0,47,25,0.2637934899593788,0.010551739598375152,0.6266666666666665,0.52,1.9066666666666667,0.56,0.013333333333333334
E0_NO_CONTEXT,C0,47,50,0.6310026652405863,0.012620053304811727,0.5466666666666665,0.48,1.9266666666666667,0.6,0.006666666666666667
E0_NO_CONTEXT,C0,47,100,1.2964950498001606,0.012964950498001606,0.5433333333333332,0.4533333333333333,1.9966666666666666,0.6333333333333333,0.0033333333333333335
E0_NO_CONTEXT,C0,47,250,3.084231193032317,0.01233692477212927,0.5266666666666667,0.4666666666666667,1.9786666666666666,0.6133333333333333,0.0013333333333333333
E0_NO_CONTEXT,C0,47,500,6.1393308975796375,0.012278661795159275,0.5146666666666667,0.454,2.001333333333333,0.624,0.0006666666666666666
E0_NO_CONTEXT,C1,47,25,0.2637934899593788,0.010551739598375152,0.6266666666666665,0.52,1.9066666666666667,0.56,0.013333333333333334
E0_NO_CONTEXT,C1,47,50,0.6310026652405863,0.012620053304811727,0.5466666666666665,0.48,1.9266666666666667,0.6,0.006666666666666667
E0_NO_CONTEXT,C1,47,100,1.2964950498001606,0.012964950498001606,0.5433333333333332,0.4533333333333333,1.9966666666666666,0.6333333333333333,0.0033333333333333335
E0_NO_CONTEXT,C1,47,250,3.084231193032317,0.01233692477212927,0.5266666666666667,0.4666666666666667,1.9786666666666666,0.6133333333333333,0.0013333333333333333
E0_NO_CONTEXT,C1,47,500,6.1393308975796375,0.012278661795159275,0.5146666666666667,0.454,2.001333333333333,0.624,0.0006666666666666666
E0_NO_CONTEXT,C2,47,25,0.27551568885856087,0.011020627554342435,0.6133333333333332,0.49333333333333335,1.9066666666666667,0.56,0.013333333333333334
E0_NO_CONTEXT,C2,47,50,0.6427248641397684,0.012854497282795368,0.5399999999999998,0.4666666666666667,1.9266666666666667,0.6,0.006666666666666667
E0_NO_CONTEXT,C2,47,100,1.3082172486993424,0.013082172486993424,0.5399999999999998,0.44666666666666666,1.9966666666666666,0.6333333333333333,0.0033333333333333335
E0_NO_CONTEXT,C2,47,250,3.095953391931499,0.012383813567725995,0.5253333333333333,0.464,1.9786666666666666,0.6133333333333333,0.0013333333333333333
E0_NO_CONTEXT,C2,47,500,6.151053096478818,0.012302106192957636,0.5140000000000001,0.45266666666666666,2.001333333333333,0.624,0.0006666666666666666
E0_NO_CONTEXT,C3,47,25,0.26098443995978704,0.010439377598391482,0.6266666666666665,0.5333333333333333,1.9066666666666667,0.56,0.04
E0_NO_CONTEXT,C3,47,50,0.623980040241607,0.01247960080483214,0.5466666666666665,0.4866666666666667,1.9266666666666667,0.6,0.04
E0_NO_CONTEXT,C3,47,100,1.2782362248028147,0.012782362248028147,0.5466666666666665,0.4633333333333333,1.9966666666666666,0.6333333333333333,0.04666666666666667
E0_NO_CONTEXT,C3,47,250,3.0417372924953257,0.012166949169981303,0.528,0.472,1.9786666666666666,0.6133333333333333,0.037333333333333336
E0_NO_CONTEXT,C3,47,500,5.995711197057349,0.011991422394114699,0.5153333333333335,0.48,2.001333333333333,0.624,0.06666666666666667
E0_NO_CONTEXT,C4,47,25,0.28126163721544584,0.011250465488617833,0.6266666666666665,0.49333333333333335,1.9066666666666667,0.56,0.02666666666666667
E0_NO_CONTEXT,C4,47,50,0.6484708124966533,0.012969416249933065,0.5466666666666665,0.4666666666666667,1.9266666666666667,0.6,0.013333333333333334
E0_NO_CONTEXT,C4,47,100,1.3139631970562275,0.013139631970562275,0.5433333333333332,0.44666666666666666,1.9966666666666666,0.6333333333333333,0.006666666666666667
E0_NO_CONTEXT,C4,47,250,3.1706507205710035,0.012682602882284014,0.5266666666666667,0.4573333333333333,1.9786666666666666,0.6133333333333333,0.018666666666666668
E0_NO_CONTEXT,C4,47,500,6.300447753757827,0.012600895507515654,0.5146666666666667,0.44666666666666666,2.001333333333333,0.624,0.018
E0_NO_CONTEXT,C0,48,25,0.2187575231823342,0.008750300927293368,0.5066666666666666,0.6,2.0533333333333332,0.6666666666666666,0.0
E0_NO_CONTEXT,C0,48,50,0.39854469772758105,0.007970893954551622,0.4866666666666667,0.64,1.98,0.6133333333333333,0.0
E0_NO_CONTEXT,C0,48,100,0.8139815042389217,0.008139815042389217,0.5,0.6466666666666666,1.94,0.6166666666666667,0.0
E0_NO_CONTEXT,C0,48,250,2.126921800297755,0.00850768720119102,0.5013333333333335,0.6253333333333333,1.932,0.596,0.0
E0_NO_CONTEXT,C0,48,500,4.438174836961233,0.008876349673922465,0.5026666666666667,0.6073333333333333,1.954,0.6106666666666667,0.0
E0_NO_CONTEXT,C1,48,25,0.22568492742010066,0.009027397096804026,0.5066666666666666,0.6,2.0533333333333332,0.6666666666666666,0.013333333333333334
E0_NO_CONTEXT,C1,48,50,0.4054721019653475,0.00810944203930695,0.4866666666666667,0.64,1.98,0.6133333333333333,0.006666666666666667
E0_NO_CONTEXT,C1,48,100,0.8209089084766882,0.008209089084766882,0.5,0.6466666666666666,1.94,0.6166666666666667,0.0033333333333333335
E0_NO_CONTEXT,C1,48,250,2.133849204535522,0.008535396818142088,0.5013333333333335,0.6253333333333333,1.932,0.596,0.0013333333333333333
E0_NO_CONTEXT,C1,48,500,4.445102241198999,0.008890204482397997,0.5026666666666667,0.6073333333333333,1.954,0.6106666666666667,0.0006666666666666666
E0_NO_CONTEXT,C2,48,25,0.22568492742010066,0.009027397096804026,0.5066666666666666,0.6,2.0533333333333332,0.6666666666666666,0.013333333333333334
E0_NO_CONTEXT,C2,48,50,0.4054721019653475,0.00810944203930695,0.4866666666666667,0.64,1.98,0.6133333333333333,0.006666666666666667
E0_NO_CONTEXT,C2,48,100,0.8209089084766882,0.008209089084766882,0.5,0.6466666666666666,1.94,0.6166666666666667,0.0033333333333333335
E0_NO_CONTEXT,C2,48,250,2.133849204535522,0.008535396818142088,0.5013333333333335,0.6253333333333333,1.932,0.596,0.0013333333333333333
E0_NO_CONTEXT,C2,48,500,4.445102241198999,0.008890204482397997,0.5026666666666667,0.6073333333333333,1.954,0.6106666666666667,0.0006666666666666666
E0_NO_CONTEXT,C3,48,25,0.21024759964196926,0.008409903985678771,0.5066666666666666,0.5733333333333334,2.0533333333333332,0.6666666666666666,0.17333333333333334
E0_NO_CONTEXT,C3,48,50,0.39668899815981173,0.007933779963196235,0.4866666666666667,0.6,1.98,0.6133333333333333,0.13333333333333333
E0_NO_CONTEXT,C3,48,100,0.8159282183697784,0.008159282183697783,0.5,0.62,1.94,0.6166666666666667,0.08
E0_NO_CONTEXT,C3,48,250,2.1355454920419787,0.008542181968167915,0.5000000000000002,0.6066666666666667,1.932,0.596,0.056
E0_NO_CONTEXT,C3,48,500,4.492427493088973,0.008984854986177947,0.502,0.5773333333333334,1.954,0.6106666666666667,0.06
E0_NO_CONTEXT,C4,48,25,0.1682294415116259,0.006729177660465035,0.52,0.7066666666666667,2.0533333333333332,0.6666666666666666,0.14666666666666667
E0_NO_CONTEXT,C4,48,50,0.2974885343861645,0.005949770687723291,0.4933333333333334,0.7533333333333333,1.98,0.6133333333333333,0.14666666666666667
E0_NO_CONTEXT,C4,48,100,0.5970515212001568,0.005970515212001568,0.5066666666666667,0.7566666666666667,1.94,0.6166666666666667,0.12666666666666668
E0_NO_CONTEXT,C4,48,250,1.473513997108236,0.0058940559884329445,0.5053333333333335,0.7386666666666667,1.932,0.596,0.128
E0_NO_CONTEXT,C4,48,500,3.037168493773355,0.00607433698754671,0.5073333333333333,0.7226666666666667,1.954,0.6106666666666667,0.13
E0_NO_CONTEXT,C0,49,25,0.2415674436051315,0.00966269774420526,0.4799999999999999,0.56,1.9733333333333334,0.5866666666666667,0.013333333333333334
E0_NO_CONTEXT,C0,49,50,0.43061800552545537,0.008612360110509108,0.49333333333333323,0.5933333333333334,2.006666666666667,0.6066666666666667,0.006666666666666667
E0_NO_CONTEXT,C0,49,100,0.8693565100493215,0.008693565100493215,0.49666666666666665,0.61,2.013333333333333,0.6266666666666667,0.0033333333333333335
E0_NO_CONTEXT,C0,49,250,2.0253407435672934,0.008101362974269173,0.5120000000000002,0.6266666666666667,1.9386666666666668,0.612,0.0013333333333333333
E0_NO_CONTEXT,C0,49,500,4.322528082045059,0.008645056164090118,0.5086666666666667,0.612,1.958,0.6186666666666667,0.0006666666666666666
E0_NO_CONTEXT,C1,49,25,0.22837250523487268,0.009134900209394907,0.4799999999999999,0.5733333333333334,1.9733333333333334,0.5866666666666667,0.05333333333333334
E0_NO_CONTEXT,C1,49,50,0.41742306715519656,0.00834846134310393,0.49333333333333323,0.6,2.006666666666667,0.6066666666666667,0.02666666666666667
E0_NO_CONTEXT,C1,49,100,0.8561615716790627,0.008561615716790627,0.49666666666666665,0.6133333333333333,2.013333333333333,0.6266666666666667,0.013333333333333334
E0_NO_CONTEXT,C1,49,250,2.0121458051970347,0.00804858322078814,0.5120000000000002,0.628,1.9386666666666668,0.612,0.005333333333333333
E0_NO_CONTEXT,C1,49,500,4.309333143674801,0.008618666287349601,0.5086666666666667,0.6126666666666667,1.958,0.6186666666666667,0.0026666666666666666
E0_NO_CONTEXT,C2,49,25,0.22469723464933106,0.008987889385973242,0.4799999999999999,0.5733333333333334,1.9733333333333334,0.5866666666666667,0.06666666666666667
E0_NO_CONTEXT,C2,49,50,0.41374779656965494,0.008274955931393099,0.49333333333333323,0.6,2.006666666666667,0.6066666666666667,0.03333333333333333
E0_NO_CONTEXT,C2,49,100,0.8524863010935211,0.008524863010935212,0.49666666666666665,0.6133333333333333,2.013333333333333,0.6266666666666667,0.016666666666666666
E0_NO_CONTEXT,C2,49,250,2.0084705346114933,0.008033882138445973,0.5120000000000002,0.628,1.9386666666666668,0.612,0.006666666666666667
E0_NO_CONTEXT,C2,49,500,4.305657873089259,0.008611315746178518,0.5086666666666667,0.6126666666666667,1.958,0.6186666666666667,0.0033333333333333335
E0_NO_CONTEXT,C3,49,25,0.17659137923098833,0.007063655169239533,0.4799999999999999,0.6533333333333333,1.9733333333333334,0.5866666666666667,0.10666666666666667
E0_NO_CONTEXT,C3,49,50,0.3407235757726418,0.006814471515452836,0.49333333333333323,0.6733333333333333,2.006666666666667,0.6066666666666667,0.09333333333333334
E0_NO_CONTEXT,C3,49,100,0.7628498367107276,0.007628498367107276,0.49666666666666665,0.66,2.013333333333333,0.6266666666666667,0.06
E0_NO_CONTEXT,C3,49,250,1.9011543644093036,0.007604617457637215,0.5120000000000002,0.652,1.9386666666666668,0.612,0.03333333333333333
E0_NO_CONTEXT,C3,49,500,4.60654933201259,0.00921309866402518,0.5066666666666667,0.614,1.958,0.6186666666666667,0.08
E0_NO_CONTEXT,C4,49,25,0.23715151091245934,0.009486060436498373,0.4799999999999999,0.6,1.9733333333333334,0.5866666666666667,0.13333333333333333
E0_NO_CONTEXT,C4,49,50,0.4262020728327832,0.008524041456655664,0.49333333333333323,0.6133333333333333,2.006666666666667,0.6066666666666667,0.06666666666666667
E0_NO_CONTEXT,C4,49,100,0.8748584196999183,0.008748584196999183,0.49666666666666665,0.61,2.013333333333333,0.6266666666666667,0.07
E0_NO_CONTEXT,C4,49,250,1.8818483380778286,0.007527393352311314,0.5120000000000002,0.636,1.9386666666666668,0.612,0.068
E0_NO_CONTEXT,C4,49,500,4.100530146524112,0.008201060293048224,0.508,0.618,1.958,0.6186666666666667,0.10133333333333333
E1_MD6,C0,0,25,0.42808713473127435,0.017123485389250973,0.5466666666666666,0.44,1.9333333333333333,0.64,0.0
E1_MD6,C0,0,50,0.7723939314436985,0.01544787862887397,0.4866666666666665,0.4533333333333333,1.9333333333333333,0.6333333333333333,0.0
E1_MD6,C0,0,100,1.487055503790574,0.01487055503790574,0.5133333333333332,0.43666666666666665,1.98,0.63,0.0
E1_MD6,C0,0,250,3.7182097785332675,0.01487283911413307,0.4933333333333333,0.452,1.9546666666666668,0.608,0.0
E1_MD6,C0,0,500,7.527482407115479,0.015054964814230958,0.49333333333333323,0.4573333333333333,1.9393333333333334,0.5946666666666667,0.0
E1_MD6,C1,0,25,0.42808713473127435,0.017123485389250973,0.5466666666666666,0.44,1.9333333333333333,0.64,0.0
E1_MD6,C1,0,50,0.7723939314436985,0.01544787862887397,0.4866666666666665,0.4533333333333333,1.9333333333333333,0.6333333333333333,0.0
E1_MD6,C1,0,100,1.487055503790574,0.01487055503790574,0.5133333333333332,0.43666666666666665,1.98,0.63,0.0
E1_MD6,C1,0,250,3.7182097785332675,0.01487283911413307,0.4933333333333333,0.452,1.9546666666666668,0.608,0.0
E1_MD6,C1,0,500,7.527482407115479,0.015054964814230958,0.49333333333333323,0.4573333333333333,1.9393333333333334,0.5946666666666667,0.0
E1_MD6,C2,0,25,0.40169977620380554,0.016067991048152222,0.5599999999999999,0.4666666666666667,1.9333333333333333,0.64,0.05333333333333334
E1_MD6,C2,0,50,0.7460065729162297,0.014920131458324595,0.49333333333333323,0.4666666666666667,1.9333333333333333,0.6333333333333333,0.02666666666666667
E1_MD6,C2,0,100,1.4606681452631056,0.014606681452631056,0.5166666666666666,0.44333333333333336,1.98,0.63,0.013333333333333334
E1_MD6,C2,0,250,3.6918224200057996,0.014767289680023199,0.4946666666666667,0.45466666666666666,1.9546666666666668,0.608,0.005333333333333333
E1_MD6,C2,0,500,7.50109504858801,0.015002190097176021,0.49399999999999994,0.45866666666666667,1.9393333333333334,0.5946666666666667,0.0026666666666666666
E1_MD6,C3,0,25,0.42808713473127435,0.017123485389250973,0.5466666666666666,0.44,1.9333333333333333,0.64,0.0
E1_MD6,C3,0,50,0.7723939314436985,0.01544787862887397,0.4866666666666665,0.4533333333333333,1.9333333333333333,0.6333333333333333,0.0
E1_MD6,C3,0,100,1.487055503790574,0.01487055503790574,0.5133333333333332,0.43666666666666665,1.98,0.63,0.0
E1_MD6,C3,0,250,3.710354852475245,0.014841419409900981,0.4933333333333333,0.452,1.9546666666666668,0.608,0.004
E1_MD6,C3,0,500,7.249070876464885,0.01449814175292977,0.49333333333333323,0.474,1.9393333333333334,0.5946666666666667,0.054
E1_MD6,C4,0,25,0.40410237322786496,0.016164094929114598,0.5466666666666666,0.44,1.9333333333333333,0.64,0.14666666666666667
E1_MD6,C4,0,50,0.7114633519489968,0.014229267038979936,0.4866666666666665,0.4866666666666667,1.9333333333333333,0.6333333333333333,0.12666666666666668
E1_MD6,C4,0,100,1.365264610554728,0.013652646105547278,0.5133333333333332,0.48,1.98,0.63,0.12666666666666668
E1_MD6,C4,0,250,3.4477079251535674,0.01379083170061427,0.4933333333333333,0.48933333333333334,1.9546666666666668,0.608,0.08666666666666667
E1_MD6,C4,0,500,6.986562283843777,0.013973124567687555,0.49399999999999994,0.49133333333333334,1.9393333333333334,0.5946666666666667,0.08133333333333333
E1_MD6,C0,1,25,0.34979146309817366,0.013991658523926946,0.48,0.5466666666666666,1.7733333333333334,0.5466666666666666,0.013333333333333334
E1_MD6,C0,1,50,0.7425221242997855,0.014850442485995709,0.49333333333333335,0.52,1.8733333333333333,0.56,0.006666666666666667
E1_MD6,C0,1,100,1.6315108196369832,0.016315108196369832,0.5066666666666668,0.48,1.9366666666666668,0.6,0.0033333333333333335
E1_MD6,C0,1,250,3.9517361631205845,0.01580694465248234,0.4626666666666664,0.49466666666666664,1.9213333333333333,0.5853333333333334,0.0013333333333333333
E1_MD6,C0,1,500,8.476592274945775,0.01695318454989155,0.4873333333333331,0.48,1.9646666666666666,0.602,0.0006666666666666666
E1_MD6,C1,1,25,0.34118004666467633,0.013647201866587053,0.48,0.56,1.7733333333333334,0.5466666666666666,0.02666666666666667
E1_MD6,C1,1,50,0.7339107078662881,0.014678214157325762,0.49333333333333335,0.5266666666666666,1.8733333333333333,0.56,0.013333333333333334
E1_MD6,C1,1,100,1.6228994032034856,0.016228994032034857,0.5066666666666668,0.48333333333333334,1.9366666666666668,0.6,0.006666666666666667
E1_MD6,C1,1,250,3.943124746687087,0.01577249898674835,0.4626666666666664,0.496,1.9213333333333333,0.5853333333333334,0.0026666666666666666
E1_MD6,C1,1,500,8.467980858512279,0.016935961717024557,0.4873333333333331,0.4806666666666667,1.9646666666666666,0.602,0.0013333333333333333
E1_MD6,C2,1,25,0.343648566408104,0.013745942656324159,0.48,0.5466666666666666,1.7733333333333334,0.5466666666666666,0.04
E1_MD6,C2,1,50,0.7363792276097159,0.014727584552194316,0.49333333333333335,0.52,1.8733333333333333,0.56,0.02
E1_MD6,C2,1,100,1.6253679229469133,0.016253679229469135,0.5066666666666668,0.48,1.9366666666666668,0.6,0.01
E1_MD6,C2,1,250,3.9455932664305142,0.01578237306572206,0.4626666666666664,0.49466666666666664,1.9213333333333333,0.5853333333333334,0.004
E1_MD6,C2,1,500,8.470449378255706,0.016940898756511412,0.4873333333333331,0.48,1.9646666666666666,0.602,0.002
E1_MD6,C3,1,25,0.34529445459861685,0.013811778183944674,0.48,0.56,1.7733333333333334,0.5466666666666666,0.02666666666666667
E1_MD6,C3,1,50,0.727353969865886,0.01454707939731772,0.49333333333333335,0.5333333333333333,1.8733333333333333,0.56,0.02666666666666667
E1_MD6,C3,1,100,1.6175412228897867,0.016175412228897866,0.5066666666666668,0.48333333333333334,1.9366666666666668,0.6,0.016666666666666666
E1_MD6,C3,1,250,3.9377665663733876,0.015751066265493552,0.4626666666666664,0.496,1.9213333333333333,0.5853333333333334,0.006666666666666667
E1_MD6,C3,1,500,8.447739105791928,0.016895478211583857,0.4873333333333331,0.48133333333333334,1.9646666666666666,0.602,0.004666666666666667
E1_MD6,C4,1,25,0.34979146309817366,0.013991658523926946,0.48,0.5466666666666666,1.7733333333333334,0.5466666666666666,0.013333333333333334
E1_MD6,C4,1,50,0.7425221242997855,0.014850442485995709,0.49333333333333335,0.52,1.8733333333333333,0.56,0.006666666666666667
E1_MD6,C4,1,100,1.6315108196369832,0.016315108196369832,0.5066666666666668,0.48,1.9366666666666668,0.6,0.0033333333333333335
E1_MD6,C4,1,250,3.956120302585268,0.015824481210341072,0.4626666666666664,0.49333333333333335,1.9213333333333333,0.5853333333333334,0.0026666666666666666
E1_MD6,C4,1,500,8.480976414410458,0.016961952828820917,0.4873333333333331,0.47933333333333333,1.9646666666666666,0.602,0.0013333333333333333
E1_MD6,C0,2,25,0.3591687334066555,0.01436674933626622,0.5466666666666665,0.5333333333333333,1.8666666666666667,0.5866666666666667,0.0
E1_MD6,C0,2,50,0.7621294701428851,0.015242589402857703,0.5333333333333333,0.5133333333333333,1.9133333333333333,0.5933333333333334,0.0
E1_MD6,C0,2,100,1.5893213119874612,0.015893213119874613,0.4933333333333331,0.49333333333333335,1.9566666666666668,0.6066666666666667,0.0
E1_MD6,C0,2,250,3.848379040550574,0.015393516162202296,0.4813333333333333,0.49466666666666664,1.956,0.5946666666666667,0.0
E1_MD6,C0,2,500,7.917940330633417,0.015835880661266833,0.49466666666666664,0.49133333333333334,1.954,0.5986666666666667,0.0
E1_MD6,C1,2,25,0.3591687334066555,0.01436674933626622,0.5466666666666665,0.5333333333333333,1.8666666666666667,0.5866666666666667,0.0
E1_MD6,C1,2,50,0.7621294701428851,0.015242589402857703,0.5333333333333333,0.5133333333333333,1.9133333333333333,0.5933333333333334,0.0
E1_MD6,C1,2,100,1.5893213119874612,0.015893213119874613,0.4933333333333331,0.49333333333333335,1.9566666666666668,0.6066666666666667,0.0
E1_MD6,C1,2,250,3.848379040550574,0.015393516162202296,0.4813333333333333,0.49466666666666664,1.956,0.5946666666666667,0.0
E1_MD6,C1,2,500,7.917940330633417,0.015835880661266833,0.49466666666666664,0.49133333333333334,1.954,0.5986666666666667,0.0
E1_MD6,C2,2,25,0.3591687334066555,0.01436674933626622,0.5466666666666665,0.5333333333333333,1.8666666666666667,0.5866666666666667,0.0
E1_MD6,C2,2,50,0.7621294701428851,0.015242589402857703,0.5333333333333333,0.5133333333333333,1.9133333333333333,0.5933333333333334,0.0
E1_MD6,C2,2,100,1.5893213119874612,0.015893213119874613,0.4933333333333331,0.49333333333333335,1.9566666666666668,0.6066666666666667,0.0
E1_MD6,C2,2,250,3.848379040550574,0.015393516162202296,0.4813333333333333,0.49466666666666664,1.956,0.5946666666666667,0.0
E1_MD6,C2,2,500,7.917940330633417,0.015835880661266833,0.49466666666666664,0.49133333333333334,1.954,0.5986666666666667,0.0
E1_MD6,C3,2,25,0.3363626155468772,0.013454504621875087,0.5466666666666665,0.5466666666666666,1.8666666666666667,0.5866666666666667,0.05333333333333334
E1_MD6,C3,2,50,0.6583207621512165,0.01316641524302433,0.5333333333333333,0.5533333333333333,1.9133333333333333,0.5933333333333334,0.09333333333333334
E1_MD6,C3,2,100,1.3249187217847442,0.013249187217847442,0.4933333333333331,0.5333333333333333,1.9566666666666668,0.6066666666666667,0.11
E1_MD6,C3,2,250,3.2287798319007313,0.012915119327602925,0.4839999999999999,0.5346666666666666,1.956,0.5946666666666667,0.12
E1_MD6,C3,2,500,6.659188473788318,0.013318376947576637,0.4979999999999999,0.534,1.954,0.5986666666666667,0.15466666666666667
E1_MD6,C4,2,25,0.3455336327301304,0.013821345309205216,0.5466666666666665,0.5466666666666666,1.8666666666666667,0.5866666666666667,0.04
E1_MD6,C4,2,50,0.7484943694663602,0.014969887389327204,0.5333333333333333,0.52,1.9133333333333333,0.5933333333333334,0.02
E1_MD6,C4,2,100,1.5593496338629689,0.015593496338629689,0.4933333333333331,0.5,1.9566666666666668,0.6066666666666667,0.016666666666666666
E1_MD6,C4,2,250,3.7824192387155726,0.01512967695486229,0.4813333333333333,0.5,1.956,0.5946666666666667,0.010666666666666666
E1_MD6,C4,2,500,7.851980528798416,0.015703961057596832,0.49466666666666664,0.494,1.954,0.5986666666666667,0.005333333333333333
E1_MD6,C0,3,25,0.35906234484431104,0.014362493793772442,0.5066666666666666,0.5333333333333333,2.04,0.6933333333333334,0.013333333333333334
E1_MD6,C0,3,50,0.6607357057751526,0.013214714115503052,0.4866666666666665,0.5733333333333334,1.98,0.64,0.006666666666666667
E1_MD6,C0,3,100,1.483343919569125,0.01483343919569125,0.5233333333333331,0.53,1.9566666666666668,0.6266666666666667,0.0033333333333333335
E1_MD6,C0,3,250,3.6955612451557114,0.014782244980622845,0.47466666666666635,0.528,1.952,0.612,0.0013333333333333333
E1_MD6,C0,3,500,7.396324503492772,0.014792649006985544,0.48733333333333345,0.5186666666666667,1.954,0.6113333333333333,0.0006666666666666666
E1_MD6,C1,3,25,0.3601374108832932,0.014405496435331728,0.5066666666666666,0.52,2.04,0.6933333333333334,0.013333333333333334
E1_MD6,C1,3,50,0.6618107718141346,0.013236215436282693,0.4866666666666665,0.5666666666666667,1.98,0.64,0.006666666666666667
E1_MD6,C1,3,100,1.484418985608107,0.01484418985608107,0.5233333333333331,0.5266666666666666,1.9566666666666668,0.6266666666666667,0.0033333333333333335
E1_MD6,C1,3,250,3.696636311194693,0.014786545244778772,0.47466666666666635,0.5266666666666666,1.952,0.612,0.0013333333333333333
E1_MD6,C1,3,500,7.3973995695317525,0.014794799139063505,0.48733333333333345,0.518,1.954,0.6113333333333333,0.0006666666666666666
E1_MD6,C2,3,25,0.34905773693692643,0.013962309477477057,0.5066666666666666,0.56,2.04,0.6933333333333334,0.04
E1_MD6,C2,3,50,0.6507310978677678,0.013014621957355357,0.4866666666666665,0.5866666666666667,1.98,0.64,0.02
E1_MD6,C2,3,100,1.4733393116617401,0.0147333931166174,0.5233333333333331,0.5366666666666666,1.9566666666666668,0.6266666666666667,0.01
E1_MD6,C2,3,250,3.685556637248326,0.014742226548993305,0.47466666666666635,0.5306666666666666,1.952,0.612,0.004
E1_MD6,C2,3,500,7.386319895585387,0.014772639791170774,0.48733333333333345,0.52,1.954,0.6113333333333333,0.002
E1_MD6,C3,3,25,0.3851414276352036,0.015405657105408144,0.5066666666666666,0.49333333333333335,2.04,0.6933333333333334,0.08
E1_MD6,C3,3,50,0.7070676235225175,0.01414135247045035,0.4866666666666665,0.5266666666666666,1.98,0.64,0.10666666666666667
E1_MD6,C3,3,100,1.5441931188021798,0.015441931188021799,0.5233333333333331,0.5066666666666667,1.9566666666666668,0.6266666666666667,0.10333333333333333
E1_MD6,C3,3,250,3.806847144752331,0.015227388579009323,0.4759999999999997,0.5213333333333333,1.952,0.612,0.09733333333333333
E1_MD6,C3,3,500,7.503413630944119,0.015006827261888239,0.4880000000000001,0.5293333333333333,1.954,0.6113333333333333,0.102
E1_MD6,C4,3,25,0.4152864933345417,0.01661145973338167,0.5066666666666666,0.49333333333333335,2.04,0.6933333333333334,0.25333333333333335
E1_MD6,C4,3,50,0.7521356288967407,0.015042712577934814,0.4866666666666665,0.5333333333333333,1.98,0.64,0.18
E1_MD6,C4,3,100,1.6193731827272166,0.016193731827272167,0.5233333333333331,0.5166666666666667,1.9566666666666668,0.6266666666666667,0.16333333333333333
E1_MD6,C4,3,250,4.035762632369052,0.01614305052947621,0.47333333333333305,0.5146666666666667,1.952,0.612,0.164
E1_MD6,C4,3,500,7.69365918834246,0.01538731837668492,0.488,0.5186666666666667,1.954,0.6113333333333333,0.19266666666666668
E1_MD6,C0,4,25,0.23032081963957635,0.009212832785583054,0.45333333333333337,0.6133333333333333,1.7733333333333334,0.56,0.0
E1_MD6,C0,4,50,0.5962809735381169,0.011925619470762339,0.5000000000000001,0.58,1.9533333333333334,0.64,0.0
E1_MD6,C0,4,100,1.1263236014922002,0.011263236014922002,0.49999999999999983,0.5633333333333334,1.9733333333333334,0.6333333333333333,0.0
E1_MD6,C0,4,250,2.838715987111138,0.011354863948444552,0.5306666666666668,0.5706666666666667,1.9426666666666668,0.6013333333333334,0.0
E1_MD6,C0,4,500,5.712820957674016,0.011425641915348032,0.5173333333333334,0.572,1.924,0.596,0.0
E1_MD6,C1,4,25,0.23032081963957635,0.009212832785583054,0.45333333333333337,0.6133333333333333,1.7733333333333334,0.56,0.0
E1_MD6,C1,4,50,0.5962809735381169,0.011925619470762339,0.5000000000000001,0.58,1.9533333333333334,0.64,0.0
E1_MD6,C1,4,100,1.1263236014922002,0.011263236014922002,0.49999999999999983,0.5633333333333334,1.9733333333333334,0.6333333333333333,0.0
E1_MD6,C1,4,250,2.838715987111138,0.011354863948444552,0.5306666666666668,0.5706666666666667,1.9426666666666668,0.6013333333333334,0.0
E1_MD6,C1,4,500,5.712820957674016,0.011425641915348032,0.5173333333333334,0.572,1.924,0.596,0.0
E1_MD6,C2,4,25,0.2335182967684905,0.00934073187073962,0.45333333333333337,0.6,1.7733333333333334,0.56,0.013333333333333334
E1_MD6,C2,4,50,0.5994784506670312,0.011989569013340624,0.5000000000000001,0.5733333333333334,1.9533333333333334,0.64,0.006666666666666667
E1_MD6,C2,4,100,1.1295210786211145,0.011295210786211145,0.49999999999999983,0.56,1.9733333333333334,0.6333333333333333,0.0033333333333333335
E1_MD6,C2,4,250,2.841913464240052,0.011367653856960208,0.5306666666666668,0.5693333333333334,1.9426666666666668,0.6013333333333334,0.0013333333333333333
E1_MD6,C2,4,500,5.716018434802931,0.01143203686960586,0.5173333333333334,0.5713333333333334,1.924,0.596,0.0006666666666666666
E1_MD6,C3,4,25,0.23032081963957635,0.009212832785583054,0.45333333333333337,0.6133333333333333,1.7733333333333334,0.56,0.0
E1_MD6,C3,4,50,0.5962809735381169,0.011925619470762339,0.5000000000000001,0.58,1.9533333333333334,0.64,0.0
E1_MD6,C3,4,100,1.1263236014922002,0.011263236014922002,0.49999999999999983,0.5633333333333334,1.9733333333333334,0.6333333333333333,0.0
E1_MD6,C3,4,250,2.6830268886605886,0.010732107554642354,0.5306666666666668,0.5893333333333334,1.9426666666666668,0.6013333333333334,0.018666666666666668
E1_MD6,C3,4,500,4.922847826406427,0.009845695652812854,0.5193333333333334,0.614,1.924,0.596,0.051333333333333335
E1_MD6,C4,4,25,0.23032081963957635,0.009212832785583054,0.45333333333333337,0.6133333333333333,1.7733333333333334,0.56,0.0
E1_MD6,C4,4,50,0.5962809735381169,0.011925619470762339,0.5000000000000001,0.58,1.9533333333333334,0.64,0.0
E1_MD6,C4,4,100,1.1263236014922002,0.011263236014922002,0.49999999999999983,0.5633333333333334,1.9733333333333334,0.6333333333333333,0.0
E1_MD6,C4,4,250,2.838715987111138,0.011354863948444552,0.5306666666666668,0.5706666666666667,1.9426666666666668,0.6013333333333334,0.0
E1_MD6,C4,4,500,5.712820957674016,0.011425641915348032,0.5173333333333334,0.572,1.924,0.596,0.0
E1_MD6,C0,5,25,0.23340673716817006,0.009336269486726802,0.46666666666666673,0.5466666666666666,2.1066666666666665,0.6533333333333333,0.013333333333333334
E1_MD6,C0,5,50,0.4512018237230689,0.009024036474461377,0.4666666666666665,0.5533333333333333,1.9666666666666666,0.6066666666666667,0.006666666666666667
E1_MD6,C0,5,100,0.7461833137794174,0.007461833137794174,0.523333333333333,0.6033333333333334,1.96,0.6266666666666667,0.0033333333333333335
E1_MD6,C0,5,250,1.7844856049282773,0.007137942419713109,0.5293333333333333,0.632,1.8986666666666667,0.5813333333333334,0.0013333333333333333
E1_MD6,C0,5,500,3.8476167496430516,0.007695233499286103,0.5253333333333331,0.6066666666666667,1.9486666666666668,0.604,0.0006666666666666666
E1_MD6,C1,5,25,0.2064695656653564,0.008258782626614256,0.46666666666666673,0.5733333333333334,2.1066666666666665,0.6533333333333333,0.06666666666666667
E1_MD6,C1,5,50,0.4242646522202552,0.008485293044405104,0.4666666666666665,0.5666666666666667,1.9666666666666666,0.6066666666666667,0.03333333333333333
E1_MD6,C1,5,100,0.7192461422766034,0.007192461422766035,0.523333333333333,0.61,1.96,0.6266666666666667,0.016666666666666666
E1_MD6,C1,5,250,1.7575484334254634,0.007030193733701853,0.5293333333333333,0.6346666666666667,1.8986666666666667,0.5813333333333334,0.006666666666666667
E1_MD6,C1,5,500,3.8206795781402376,0.007641359156280475,0.5253333333333331,0.608,1.9486666666666668,0.604,0.0033333333333333335
E1_MD6,C2,5,25,0.22197258446023255,0.008878903378409303,0.46666666666666673,0.56,2.1066666666666665,0.6533333333333333,0.02666666666666667
E1_MD6,C2,5,50,0.43976767101513137,0.008795353420302627,0.4666666666666665,0.56,1.9666666666666666,0.6066666666666667,0.013333333333333334
E1_MD6,C2,5,100,0.7347491610714798,0.0073474916107147984,0.523333333333333,0.6066666666666667,1.96,0.6266666666666667,0.006666666666666667
E1_MD6,C2,5,250,1.77305145222034,0.00709220580888136,0.5293333333333333,0.6333333333333333,1.8986666666666667,0.5813333333333334,0.0026666666666666666
E1_MD6,C2,5,500,3.836182596935114,0.0076723651938702285,0.5253333333333331,0.6073333333333333,1.9486666666666668,0.604,0.0013333333333333333
E1_MD6,C3,5,25,0.2566145339498561,0.010264581357994245,0.46666666666666673,0.5066666666666667,2.1066666666666665,0.6533333333333333,0.06666666666666667
E1_MD6,C3,5,50,0.48710126482399374,0.009742025296479875,0.4666666666666665,0.5266666666666666,1.9666666666666666,0.6066666666666667,0.04666666666666667
E1_MD6,C3,5,100,0.9190704535337779,0.009190704535337779,0.5199999999999996,0.5433333333333333,1.96,0.6266666666666667,0.1
E1_MD6,C3,5,250,2.2668563162208217,0.009067425264883288,0.5240000000000001,0.5786666666666667,1.8986666666666667,0.5813333333333334,0.11466666666666667
E1_MD6,C3,5,500,4.680342258120238,0.009360684516240475,0.5219999999999998,0.562,1.9486666666666668,0.604,0.102
E1_MD6,C4,5,25,0.2445331065434328,0.009781324261737312,0.46666666666666673,0.5333333333333333,2.1066666666666665,0.6533333333333333,0.02666666666666667
E1_MD6,C4,5,50,0.4623281930983316,0.009246563861966633,0.4666666666666665,0.5466666666666666,1.9666666666666666,0.6066666666666667,0.013333333333333334
E1_MD6,C4,5,100,0.7573096831546802,0.0075730968315468015,0.523333333333333,0.6,1.96,0.6266666666666667,0.006666666666666667
E1_MD6,C4,5,250,1.7956119743035401,0.00718244789721416,0.5293333333333333,0.6306666666666667,1.8986666666666667,0.5813333333333334,0.0026666666666666666
E1_MD6,C4,5,500,3.8587431190183143,0.007717486238036629,0.5253333333333331,0.606,1.9486666666666668,0.604,0.0013333333333333333
E1_MD6,C0,6,25,0.5150054341901695,0.020600217367606782,0.5199999999999999,0.4,2.026666666666667,0.68,0.0
E1_MD6,C0,6,50,0.9282025994321657,0.018564051988643315,0.49333333333333335,0.43333333333333335,2.006666666666667,0.6466666666666666,0.0
E1_MD6,C0,6,100,1.7729313488287026,0.017729313488287025,0.49999999999999983,0.43666666666666665,2.006666666666667,0.6466666666666666,0.0
E1_MD6,C0,6,250,4.4463664809723245,0.0177854659238893,0.5106666666666668,0.452,2.001333333333333,0.6386666666666667,0.0
E1_MD6,C0,6,500,8.467164352560664,0.016934328705121328,0.4973333333333333,0.4726666666666667,1.968,0.6193333333333333,0.0
E1_MD6,C1,6,25,0.5150054341901695,0.020600217367606782,0.5199999999999999,0.4,2.026666666666667,0.68,0.0
E1_MD6,C1,6,50,0.9282025994321657,0.018564051988643315,0.49333333333333335,0.43333333333333335,2.006666666666667,0.6466666666666666,0.0
E1_MD6,C1,6,100,1.7729313488287026,0.017729313488287025,0.49999999999999983,0.43666666666666665,2.006666666666667,0.6466666666666666,0.0
E1_MD6,C1,6,250,4.4463664809723245,0.0177854659238893,0.5106666666666668,0.452,2.001333333333333,0.6386666666666667,0.0
E1_MD6,C1,6,500,8.467164352560664,0.016934328705121328,0.4973333333333333,0.4726666666666667,1.968,0.6193333333333333,0.0
E1_MD6,C2,6,25,0.5150054341901695,0.020600217367606782,0.5199999999999999,0.4,2.026666666666667,0.68,0.0
E1_MD6,C2,6,50,0.9282025994321657,0.018564051988643315,0.49333333333333335,0.43333333333333335,2.006666666666667,0.6466666666666666,0.0
E1_MD6,C2,6,100,1.7729313488287026,0.017729313488287025,0.49999999999999983,0.43666666666666665,2.006666666666667,0.6466666666666666,0.0
E1_MD6,C2,6,250,4.4463664809723245,0.0177854659238893,0.5106666666666668,0.452,2.001333333333333,0.6386666666666667,0.0
E1_MD6,C2,6,500,8.467164352560664,0.016934328705121328,0.4973333333333333,0.4726666666666667,1.968,0.6193333333333333,0.0
E1_MD6,C3,6,25,0.5150054341901695,0.020600217367606782,0.5199999999999999,0.4,2.026666666666667,0.68,0.0
E1_MD6,C3,6,50,0.9282025994321657,0.018564051988643315,0.49333333333333335,0.43333333333333335,2.006666666666667,0.6466666666666666,0.0
E1_MD6,C3,6,100,1.7729313488287026,0.017729313488287025,0.49999999999999983,0.43666666666666665,2.006666666666667,0.6466666666666666,0.0
E1_MD6,C3,6,250,4.4463664809723245,0.0177854659238893,0.5106666666666668,0.452,2.001333333333333,0.6386666666666667,0.0
E1_MD6,C3,6,500,8.467164352560664,0.016934328705121328,0.4973333333333333,0.4726666666666667,1.968,0.6193333333333333,0.0
E1_MD6,C4,6,25,0.522258189470064,0.020890327578802558,0.5199999999999999,0.38666666666666666,2.026666666666667,0.68,0.013333333333333334
E1_MD6,C4,6,50,0.9380459593778829,0.018760919187557658,0.49333333333333335,0.42,2.006666666666667,0.6466666666666666,0.013333333333333334
E1_MD6,C4,6,100,1.84390274405703,0.0184390274405703,0.49999999999999983,0.4266666666666667,2.006666666666667,0.6466666666666666,0.043333333333333335
E1_MD6,C4,6,250,4.524139583185271,0.018096558332741083,0.5106666666666668,0.4493333333333333,2.001333333333333,0.6386666666666667,0.02
E1_MD6,C4,6,500,8.207587676040605,0.01641517535208121,0.4973333333333333,0.494,1.968,0.6193333333333333,0.050666666666666665
E1_MD6,C0,7,25,0.41866895493272316,0.016746758197308927,0.4533333333333333,0.4666666666666667,2.1466666666666665,0.7066666666666667,0.013333333333333334
E1_MD6,C0,7,50,0.7669569694474505,0.01533913938894901,0.5133333333333334,0.52,2.046666666666667,0.6666666666666666,0.006666666666666667
E1_MD6,C0,7,100,1.6209544155333628,0.016209544155333627,0.5099999999999999,0.49333333333333335,2.0633333333333335,0.66,0.0033333333333333335
E1_MD6,C0,7,250,3.695931040920694,0.014783724163682775,0.4919999999999998,0.5346666666666666,1.94,0.6066666666666667,0.0013333333333333333
E1_MD6,C0,7,500,7.061144881160743,0.014122289762321487,0.48800000000000004,0.552,1.924,0.5886666666666667,0.0006666666666666666
E1_MD6,C1,7,25,0.42260434090389276,0.01690417363615571,0.4533333333333333,0.4533333333333333,2.1466666666666665,0.7066666666666667,0.013333333333333334
E1_MD6,C1,7,50,0.77089235541862,0.0154178471083724,0.5133333333333334,0.5133333333333333,2.046666666666667,0.6666666666666666,0.006666666666666667
E1_MD6,C1,7,100,1.6248898015045323,0.016248898015045324,0.5099999999999999,0.49,2.0633333333333335,0.66,0.0033333333333333335
E1_MD6,C1,7,250,3.6998664268918637,0.014799465707567456,0.4919999999999998,0.5333333333333333,1.94,0.6066666666666667,0.0013333333333333333
E1_MD6,C1,7,500,7.065080267131913,0.014130160534263827,0.48800000000000004,0.5513333333333333,1.924,0.5886666666666667,0.0006666666666666666
E1_MD6,C2,7,25,0.36474025331114,0.0145896101324456,0.4533333333333333,0.4666666666666667,2.1466666666666665,0.7066666666666667,0.16
E1_MD6,C2,7,50,0.6980974205801294,0.013961948411602587,0.5133333333333334,0.5333333333333333,2.046666666666667,0.6666666666666666,0.10666666666666667
E1_MD6,C2,7,100,1.5531792451963076,0.015531792451963075,0.5099999999999999,0.49666666666666665,2.0633333333333335,0.66,0.056666666666666664
E1_MD6,C2,7,250,3.4826891253916106,0.013930756501566442,0.4933333333333331,0.5493333333333333,1.94,0.6066666666666667,0.044
E1_MD6,C2,7,500,6.786798478490145,0.01357359695698029,0.48866666666666675,0.5613333333333334,1.924,0.5886666666666667,0.03133333333333333
E1_MD6,C3,7,25,0.4330211951908241,0.017320847807632964,0.4533333333333333,0.44,2.1466666666666665,0.7066666666666667,0.02666666666666667
E1_MD6,C3,7,50,0.7813092097055514,0.015626184194111027,0.5133333333333334,0.5066666666666667,2.046666666666667,0.6666666666666666,0.013333333333333334
E1_MD6,C3,7,100,1.635306655791464,0.01635306655791464,0.5099999999999999,0.4866666666666667,2.0633333333333335,0.66,0.006666666666666667
E1_MD6,C3,7,250,3.715746687757901,0.014862986751031605,0.4919999999999998,0.5306666666666666,1.94,0.6066666666666667,0.004
E1_MD6,C3,7,500,6.996650042563305,0.013993300085126609,0.48800000000000004,0.554,1.924,0.5886666666666667,0.006666666666666667
E1_MD6,C4,7,25,0.40986200376880433,0.016394480150752174,0.4533333333333333,0.4666666666666667,2.1466666666666665,0.7066666666666667,0.013333333333333334
E1_MD6,C4,7,50,0.7581500182835317,0.015163000365670634,0.5133333333333334,0.52,2.046666666666667,0.6666666666666666,0.006666666666666667
E1_MD6,C4,7,100,1.6121474643694442,0.01612147464369444,0.5099999999999999,0.49333333333333335,2.0633333333333335,0.66,0.0033333333333333335
E1_MD6,C4,7,250,3.6871240897567756,0.014748496359027103,0.4919999999999998,0.5346666666666666,1.94,0.6066666666666667,0.0013333333333333333
E1_MD6,C4,7,500,7.00819030198029,0.01401638060396058,0.48800000000000004,0.5526666666666666,1.924,0.5886666666666667,0.006
E1_MD6,C0,8,25,0.1529051571774307,0.006116206287097228,0.36,0.6933333333333334,1.92,0.64,0.06666666666666667
E1_MD6,C0,8,50,0.39634657864660194,0.007926931572932039,0.47333333333333344,0.64,1.9733333333333334,0.64,0.03333333333333333
E1_MD6,C0,8,100,0.6875674887656149,0.006875674887656149,0.48000000000000015,0.67,1.8866666666666667,0.5833333333333334,0.016666666666666666
E1_MD6,C0,8,250,1.9710642619018583,0.007884257047607434,0.5186666666666666,0.644,1.9213333333333333,0.584,0.006666666666666667
E1_MD6,C0,8,500,4.11654671930402,0.008233093438608041,0.5166666666666666,0.6406666666666667,1.9193333333333333,0.584,0.0033333333333333335
E1_MD6,C1,8,25,0.13744848985767133,0.005497939594306853,0.36,0.7333333333333333,1.92,0.64,0.02666666666666667
E1_MD6,C1,8,50,0.3808899113268426,0.007617798226536851,0.47333333333333344,0.66,1.9733333333333334,0.64,0.013333333333333334
E1_MD6,C1,8,100,0.6721108214458555,0.006721108214458555,0.48000000000000015,0.68,1.8866666666666667,0.5833333333333334,0.006666666666666667
E1_MD6,C1,8,250,1.955607594582099,0.007822430378328396,0.5186666666666666,0.648,1.9213333333333333,0.584,0.0026666666666666666
E1_MD6,C1,8,500,4.1010900519842615,0.008202180103968523,0.5166666666666666,0.6426666666666667,1.9193333333333333,0.584,0.0013333333333333333
E1_MD6,C2,8,25,0.13615349892031453,0.0054461399568125814,0.36,0.7333333333333333,1.92,0.64,0.0
E1_MD6,C2,8,50,0.3795949203894858,0.007591898407789716,0.47333333333333344,0.66,1.9733333333333334,0.64,0.0
E1_MD6,C2,8,100,0.6708158305084986,0.006708158305084986,0.48000000000000015,0.68,1.8866666666666667,0.5833333333333334,0.0
E1_MD6,C2,8,250,1.9543126036447418,0.007817250414578968,0.5186666666666666,0.648,1.9213333333333333,0.584,0.0
E1_MD6,C2,8,500,4.099795061046905,0.008199590122093809,0.5166666666666666,0.6426666666666667,1.9193333333333333,0.584,0.0
E1_MD6,C3,8,25,0.13615349892031453,0.0054461399568125814,0.36,0.7333333333333333,1.92,0.64,0.0
E1_MD6,C3,8,50,0.3795949203894858,0.007591898407789716,0.47333333333333344,0.66,1.9733333333333334,0.64,0.0
E1_MD6,C3,8,100,0.6708158305084986,0.006708158305084986,0.48000000000000015,0.68,1.8866666666666667,0.5833333333333334,0.0
E1_MD6,C3,8,250,1.9543126036447418,0.007817250414578968,0.5186666666666666,0.648,1.9213333333333333,0.584,0.0
E1_MD6,C3,8,500,4.099795061046905,0.008199590122093809,0.5166666666666666,0.6426666666666667,1.9193333333333333,0.584,0.0
E1_MD6,C4,8,25,0.151396367772842,0.00605585471091368,0.36,0.7066666666666667,1.92,0.64,0.12
E1_MD6,C4,8,50,0.316052650155993,0.0063210530031198595,0.47333333333333344,0.6933333333333334,1.9733333333333334,0.64,0.10666666666666667
E1_MD6,C4,8,100,0.5561372705671082,0.005561372705671082,0.48000000000000015,0.7166666666666667,1.8866666666666667,0.5833333333333334,0.07333333333333333
E1_MD6,C4,8,250,1.5170674033046727,0.0060682696132186905,0.5186666666666666,0.7053333333333334,1.9213333333333333,0.584,0.072
E1_MD6,C4,8,500,3.2706186249211298,0.00654123724984226,0.5166666666666666,0.696,1.9193333333333333,0.584,0.064
E1_MD6,C0,9,25,0.16761325797297244,0.006704530318918898,0.5599999999999999,0.6533333333333333,1.9066666666666667,0.6266666666666667,0.013333333333333334
E1_MD6,C0,9,50,0.3945505659420491,0.007891011318840983,0.5533333333333332,0.6,1.9066666666666667,0.62,0.006666666666666667
E1_MD6,C0,9,100,0.8739965856462485,0.008739965856462485,0.52,0.5733333333333334,1.92,0.61,0.0033333333333333335
E1_MD6,C0,9,250,2.1451415230585402,0.00858056609223416,0.5066666666666665,0.5666666666666667,1.9186666666666667,0.5986666666666667,0.0013333333333333333
E1_MD6,C0,9,500,4.431608050974592,0.008863216101949185,0.4966666666666665,0.5586666666666666,1.9286666666666668,0.586,0.0006666666666666666
E1_MD6,C1,9,25,0.1661523924945445,0.00664609569978178,0.5599999999999999,0.6666666666666666,1.9066666666666667,0.6266666666666667,0.02666666666666667
E1_MD6,C1,9,50,0.3930897004636212,0.007861794009272423,0.5533333333333332,0.6066666666666667,1.9066666666666667,0.62,0.013333333333333334
E1_MD6,C1,9,100,0.8725357201678204,0.008725357201678205,0.52,0.5766666666666667,1.92,0.61,0.006666666666666667
E1_MD6,C1,9,250,2.143680657580113,0.008574722630320452,0.5066666666666665,0.568,1.9186666666666667,0.5986666666666667,0.0026666666666666666
E1_MD6,C1,9,500,4.430147185496164,0.008860294370992328,0.4966666666666665,0.5593333333333333,1.9286666666666668,0.586,0.0013333333333333333
E1_MD6,C2,9,25,0.17170625440357146,0.006868250176142858,0.5599999999999999,0.64,1.9066666666666667,0.6266666666666667,0.02666666666666667
E1_MD6,C2,9,50,0.39864356237264814,0.007972871247452962,0.5533333333333332,0.5933333333333334,1.9066666666666667,0.62,0.013333333333333334
E1_MD6,C2,9,100,0.8780895820768476,0.008780895820768476,0.52,0.57,1.92,0.61,0.006666666666666667
E1_MD6,C2,9,250,2.1492345194891396,0.008596938077956558,0.5066666666666665,0.5653333333333334,1.9186666666666667,0.5986666666666667,0.0026666666666666666
E1_MD6,C2,9,500,4.435701047405191,0.008871402094810382,0.4966666666666665,0.558,1.9286666666666668,0.586,0.0013333333333333333
E1_MD6,C3,9,25,0.1580923656513482,0.006323694626053929,0.5599999999999999,0.6666666666666666,1.9066666666666667,0.6266666666666667,0.05333333333333334
E1_MD6,C3,9,50,0.3850296736204249,0.007700593472408498,0.5533333333333332,0.6066666666666667,1.9066666666666667,0.62,0.02666666666666667
E1_MD6,C3,9,100,0.8644756933246242,0.00864475693324624,0.52,0.5766666666666667,1.92,0.61,0.013333333333333334
E1_MD6,C3,9,250,2.1356206307369163,0.008542482522947665,0.5066666666666665,0.568,1.9186666666666667,0.5986666666666667,0.005333333333333333
E1_MD6,C3,9,500,4.316629298599334,0.008633258597198669,0.49799999999999983,0.5673333333333334,1.9286666666666668,0.586,0.012
E1_MD6,C4,9,25,0.16761325797297244,0.006704530318918898,0.5599999999999999,0.6533333333333333,1.9066666666666667,0.6266666666666667,0.013333333333333334
E1_MD6,C4,9,50,0.3945505659420491,0.007891011318840983,0.5533333333333332,0.6,1.9066666666666667,0.62,0.006666666666666667
E1_MD6,C4,9,100,0.8739965856462485,0.008739965856462485,0.52,0.5733333333333334,1.92,0.61,0.0033333333333333335
E1_MD6,C4,9,250,2.1451415230585402,0.00858056609223416,0.5066666666666665,0.5666666666666667,1.9186666666666667,0.5986666666666667,0.0013333333333333333
E1_MD6,C4,9,500,4.431608050974592,0.008863216101949185,0.4966666666666665,0.5586666666666666,1.9286666666666668,0.586,0.0006666666666666666
E1_MD6,C0,10,25,0.2641172570492029,0.010564690281968117,0.5333333333333332,0.44,2.066666666666667,0.6266666666666667,0.21333333333333335
E1_MD6,C0,10,50,0.4556741207772288,0.009113482415544575,0.48666666666666636,0.5,1.9866666666666666,0.62,0.20666666666666667
E1_MD6,C0,10,100,0.9428710395322821,0.009428710395322821,0.49999999999999994,0.53,1.9266666666666667,0.5866666666666667,0.12333333333333334
E1_MD6,C0,10,250,2.5653571049401624,0.01026142841976065,0.4946666666666667,0.524,1.9053333333333333,0.588,0.07733333333333334
E1_MD6,C0,10,500,5.133875144333355,0.01026775028866671,0.4993333333333334,0.522,1.9,0.584,0.09133333333333334
E1_MD6,C1,10,25,0.24047667947725704,0.009619067179090281,0.5333333333333332,0.44,2.066666666666667,0.6266666666666667,0.02666666666666667
E1_MD6,C1,10,50,0.4335303408318427,0.008670606816636854,0.48666666666666636,0.44666666666666666,1.9866666666666666,0.62,0.013333333333333334
E1_MD6,C1,10,100,0.9224101513889054,0.009224101513889053,0.49999999999999994,0.5033333333333333,1.9266666666666667,0.5866666666666667,0.006666666666666667
E1_MD6,C1,10,250,2.5321447414981466,0.010128578965992587,0.4946666666666667,0.5106666666666667,1.9053333333333333,0.588,0.0026666666666666666
E1_MD6,C1,10,500,4.995195754064764,0.00999039150812953,0.5000000000000001,0.5113333333333333,1.9,0.584,0.0013333333333333333
E1_MD6,C2,10,25,0.24925005151632074,0.009970002060652829,0.5333333333333332,0.4666666666666667,2.066666666666667,0.6266666666666667,0.09333333333333334
E1_MD6,C2,10,50,0.4423037128709064,0.008846074257418129,0.48666666666666636,0.46,1.9866666666666666,0.62,0.04666666666666667
E1_MD6,C2,10,100,0.9341706832466647,0.009341706832466648,0.49999999999999994,0.5066666666666667,1.9266666666666667,0.5866666666666667,0.03
E1_MD6,C2,10,250,2.6499789607419184,0.010599915842967673,0.492,0.5133333333333333,1.9053333333333333,0.588,0.04933333333333333
E1_MD6,C2,10,500,5.277551972416838,0.010555103944833675,0.49733333333333335,0.51,1.9,0.584,0.048666666666666664
E1_MD6,C3,10,25,0.2980959335390218,0.011923837341560873,0.5333333333333332,0.4666666666666667,2.066666666666667,0.6266666666666667,0.22666666666666666
E1_MD6,C3,10,50,0.5109497797019873,0.010218995594039746,0.48666666666666636,0.47333333333333333,1.9866666666666666,0.62,0.18666666666666668
E1_MD6,C3,10,100,1.0833241964146216,0.010833241964146216,0.49999999999999994,0.52,1.9266666666666667,0.5866666666666667,0.17333333333333334
E1_MD6,C3,10,250,2.8695107495645433,0.011478042998258173,0.4946666666666667,0.5186666666666667,1.9053333333333333,0.588,0.16
E1_MD6,C3,10,500,5.669454357525111,0.011338908715050222,0.49866666666666676,0.5206666666666667,1.9,0.584,0.18
E1_MD6,C4,10,25,0.2832349608172699,0.011329398432690796,0.5333333333333332,0.49333333333333335,2.066666666666667,0.6266666666666667,0.28
E1_MD6,C4,10,50,0.4822982073048328,0.009645964146096656,0.48666666666666636,0.5466666666666666,1.9866666666666666,0.62,0.31333333333333335
E1_MD6,C4,10,100,1.0723418418016704,0.010723418418016703,0.49999999999999994,0.5533333333333333,1.9266666666666667,0.5866666666666667,0.25666666666666665
E1_MD6,C4,10,250,2.86753588225158,0.01147014352900632,0.492,0.5386666666666666,1.9053333333333333,0.588,0.18933333333333333
E1_MD6,C4,10,500,5.653533638153037,0.011307067276306076,0.49733333333333335,0.528,1.9,0.584,0.17
E1_MD6,C0,11,25,0.27535469160681875,0.01101418766427275,0.5066666666666666,0.5466666666666666,1.88,0.6,0.09333333333333334
E1_MD6,C0,11,50,0.6410822146002209,0.012821644292004417,0.5466666666666666,0.5066666666666667,1.9666666666666666,0.6066666666666667,0.04666666666666667
E1_MD6,C0,11,100,1.2629786725754313,0.012629786725754313,0.53,0.52,1.9466666666666668,0.6033333333333334,0.023333333333333334
E1_MD6,C0,11,250,3.133393907792426,0.012533575631169703,0.5146666666666667,0.524,1.984,0.6053333333333333,0.009333333333333334
E1_MD6,C0,11,500,6.158949920424369,0.012317899840848738,0.5106666666666668,0.5193333333333333,1.9673333333333334,0.612,0.004666666666666667
E1_MD6,C1,11,25,0.31688680421163795,0.012675472168465518,0.5066666666666666,0.49333333333333335,1.88,0.6,0.02666666666666667
E1_MD6,C1,11,50,0.68261432720504,0.0136522865441008,0.5466666666666666,0.48,1.9666666666666666,0.6066666666666667,0.013333333333333334
E1_MD6,C1,11,100,1.3045107851802507,0.013045107851802507,0.53,0.5066666666666667,1.9466666666666668,0.6033333333333334,0.006666666666666667
E1_MD6,C1,11,250,3.174926020397245,0.01269970408158898,0.5146666666666667,0.5186666666666667,1.984,0.6053333333333333,0.0026666666666666666
E1_MD6,C1,11,500,6.200482033029189,0.012400964066058378,0.5106666666666668,0.5166666666666667,1.9673333333333334,0.612,0.0013333333333333333
E1_MD6,C2,11,25,0.2675375450845717,0.01070150180338287,0.5066666666666666,0.5466666666666666,1.88,0.6,0.08
E1_MD6,C2,11,50,0.6332650680779739,0.012665301361559477,0.5466666666666666,0.5066666666666667,1.9666666666666666,0.6066666666666667,0.04
E1_MD6,C2,11,100,1.2551615260531843,0.012551615260531843,0.53,0.52,1.9466666666666668,0.6033333333333334,0.02
E1_MD6,C2,11,250,3.125576761270179,0.012502307045080716,0.5146666666666667,0.524,1.984,0.6053333333333333,0.008
E1_MD6,C2,11,500,6.151132773902123,0.012302265547804246,0.5106666666666668,0.5193333333333333,1.9673333333333334,0.612,0.004
E1_MD6,C3,11,25,0.2862694240111599,0.011450776960446395,0.5066666666666666,0.5333333333333333,1.88,0.6,0.05333333333333334
E1_MD6,C3,11,50,0.59258743087954,0.0118517486175908,0.5466666666666666,0.5333333333333333,1.9666666666666666,0.6066666666666667,0.06
E1_MD6,C3,11,100,1.1647918638419643,0.011647918638419644,0.53,0.5466666666666666,1.9466666666666668,0.6033333333333334,0.043333333333333335
E1_MD6,C3,11,250,2.5970000521167274,0.01038800020846691,0.5160000000000001,0.584,1.984,0.6053333333333333,0.06666666666666667
E1_MD6,C3,11,500,5.303305586109741,0.010606611172219482,0.5113333333333335,0.5673333333333334,1.9673333333333334,0.612,0.051333333333333335
E1_MD6,C4,11,25,0.28546084315505244,0.011418433726202097,0.5066666666666666,0.5333333333333333,1.88,0.6,0.05333333333333334
E1_MD6,C4,11,50,0.6511883661484545,0.013023767322969091,0.5466666666666666,0.5,1.9666666666666666,0.6066666666666667,0.02666666666666667
E1_MD6,C4,11,100,1.2730848241236652,0.012730848241236652,0.53,0.5166666666666667,1.9466666666666668,0.6033333333333334,0.013333333333333334
E1_MD6,C4,11,250,3.14350005934066,0.01257400023736264,0.5146666666666667,0.5226666666666666,1.984,0.6053333333333333,0.005333333333333333
E1_MD6,C4,11,500,6.09874477354604,0.012197489547092079,0.5106666666666668,0.5226666666666666,1.9673333333333334,0.612,0.006666666666666667
E1_MD6,C0,12,25,0.34706944312443455,0.013882777724977383,0.5066666666666666,0.49333333333333335,2.0533333333333332,0.6266666666666667,0.0
E1_MD6,C0,12,50,0.7276568805260821,0.014553137610521643,0.4933333333333331,0.5133333333333333,1.92,0.5866666666666667,0.0
E1_MD6,C0,12,100,1.5114557164591444,0.015114557164591445,0.5033333333333333,0.5166666666666667,1.9466666666666668,0.5933333333333334,0.0
E1_MD6,C0,12,250,3.859108368860232,0.015436433475440929,0.47733333333333317,0.512,1.9413333333333334,0.592,0.0
E1_MD6,C0,12,500,7.619274177696083,0.015238548355392165,0.4799999999999999,0.5073333333333333,1.9313333333333333,0.5853333333333334,0.0
E1_MD6,C1,12,25,0.36986006542035643,0.014794402616814258,0.5066666666666666,0.4666666666666667,2.0533333333333332,0.6266666666666667,0.05333333333333334
E1_MD6,C1,12,50,0.7504475028220041,0.015008950056440082,0.4933333333333331,0.5,1.92,0.5866666666666667,0.02666666666666667
E1_MD6,C1,12,100,1.534246338755066,0.01534246338755066,0.5033333333333333,0.51,1.9466666666666668,0.5933333333333334,0.013333333333333334
E1_MD6,C1,12,250,3.881898991156154,0.015527595964624616,0.47733333333333317,0.5093333333333333,1.9413333333333334,0.592,0.005333333333333333
E1_MD6,C1,12,500,7.642064799992005,0.015284129599984009,0.4799999999999999,0.506,1.9313333333333333,0.5853333333333334,0.0026666666666666666
E1_MD6,C2,12,25,0.33253393769488215,0.013301357507795286,0.5066666666666666,0.52,2.0533333333333332,0.6266666666666667,0.04
E1_MD6,C2,12,50,0.7131213750965297,0.014262427501930595,0.4933333333333331,0.5266666666666666,1.92,0.5866666666666667,0.02
E1_MD6,C2,12,100,1.496920211029592,0.01496920211029592,0.5033333333333333,0.5233333333333333,1.9466666666666668,0.5933333333333334,0.01
E1_MD6,C2,12,250,3.84457286343068,0.015378291453722721,0.47733333333333317,0.5146666666666667,1.9413333333333334,0.592,0.004
E1_MD6,C2,12,500,7.60473867226653,0.015209477344533059,0.4799999999999999,0.5086666666666667,1.9313333333333333,0.5853333333333334,0.002
E1_MD6,C3,12,25,0.341056335527022,0.01364225342108088,0.5066666666666666,0.5066666666666667,2.0533333333333332,0.6266666666666667,0.04
E1_MD6,C3,12,50,0.7216437729286695,0.01443287545857339,0.4933333333333331,0.52,1.92,0.5866666666666667,0.02
E1_MD6,C3,12,100,1.4370377143722723,0.014370377143722723,0.5033333333333333,0.5333333333333333,1.9466666666666668,0.5933333333333334,0.03333333333333333
E1_MD6,C3,12,250,3.721618350729606,0.014886473402918425,0.47733333333333317,0.5253333333333333,1.9413333333333334,0.592,0.021333333333333333
E1_MD6,C3,12,500,7.316609188186122,0.014633218376372244,0.4799999999999999,0.522,1.9313333333333333,0.5853333333333334,0.020666666666666667
E1_MD6,C4,12,25,0.3077368863157891,0.012309475452631564,0.5066666666666666,0.52,2.0533333333333332,0.6266666666666667,0.12
E1_MD6,C4,12,50,0.5603343501413396,0.011206687002826793,0.4933333333333331,0.58,1.92,0.5866666666666667,0.14
E1_MD6,C4,12,100,1.1974887691981102,0.011974887691981103,0.5066666666666666,0.5833333333333334,1.9466666666666668,0.5933333333333334,0.11666666666666667
E1_MD6,C4,12,250,3.3121010659849603,0.01324840426393984,0.4799999999999998,0.5666666666666667,1.9413333333333334,0.592,0.08
E1_MD6,C4,12,500,6.38292817316876,0.01276585634633752,0.48533333333333334,0.5686666666666667,1.9313333333333333,0.5853333333333334,0.08
E1_MD6,C0,13,25,0.20380363265390083,0.008152145306156034,0.46666666666666656,0.64,1.92,0.6133333333333333,0.05333333333333334
E1_MD6,C0,13,50,0.5541670246381785,0.01108334049276357,0.4866666666666665,0.5733333333333334,2.0,0.6333333333333333,0.03333333333333333
E1_MD6,C0,13,100,1.041932117206402,0.01041932117206402,0.49333333333333307,0.5966666666666667,1.98,0.6366666666666667,0.04666666666666667
E1_MD6,C0,13,250,2.4241303109170147,0.00969652124366806,0.4959999999999998,0.6453333333333333,1.984,0.6253333333333333,0.14666666666666667
E1_MD6,C0,13,500,4.648927948886272,0.009297855897772545,0.4933333333333331,0.6533333333333333,1.9573333333333334,0.6133333333333333,0.14133333333333334
E1_MD6,C1,13,25,0.22384174315447836,0.008953669726179135,0.46666666666666656,0.6,1.92,0.6133333333333333,0.04
E1_MD6,C1,13,50,0.5905570195030683,0.011811140390061365,0.4866666666666665,0.5466666666666666,2.0,0.6333333333333333,0.02
E1_MD6,C1,13,100,1.1441784261673076,0.011441784261673076,0.49333333333333307,0.5666666666666667,1.98,0.6366666666666667,0.01
E1_MD6,C1,13,250,2.960137337958032,0.011840549351832126,0.49333333333333307,0.5653333333333334,1.984,0.6253333333333333,0.004
E1_MD6,C1,13,500,5.679624871838833,0.011359249743677665,0.4906666666666665,0.5766666666666667,1.9573333333333334,0.6133333333333333,0.002
E1_MD6,C2,13,25,0.22536452817554103,0.009014581127021642,0.4533333333333333,0.5866666666666667,1.92,0.6133333333333333,0.0
E1_MD6,C2,13,50,0.5920798045241309,0.011841596090482617,0.47999999999999987,0.54,2.0,0.6333333333333333,0.0
E1_MD6,C2,13,100,1.1457012111883704,0.011457012111883704,0.4899999999999997,0.5633333333333334,1.98,0.6366666666666667,0.0
E1_MD6,C2,13,250,2.9616601229790946,0.011846640491916378,0.49199999999999977,0.564,1.984,0.6253333333333333,0.0
E1_MD6,C2,13,500,5.6811476568598955,0.011362295313719791,0.48999999999999977,0.576,1.9573333333333334,0.6133333333333333,0.0
E1_MD6,C3,13,25,0.23005288328445128,0.009202115331378052,0.4533333333333333,0.5866666666666667,1.92,0.6133333333333333,0.12
E1_MD6,C3,13,50,0.5863410433461771,0.011726820866923542,0.47999999999999987,0.5333333333333333,2.0,0.6333333333333333,0.14666666666666667
E1_MD6,C3,13,100,1.1419758233485586,0.011419758233485587,0.4899999999999997,0.56,1.98,0.6366666666666667,0.13666666666666666
E1_MD6,C3,13,250,2.97173644064869,0.01188694576259476,0.4906666666666664,0.5466666666666666,1.984,0.6253333333333333,0.13733333333333334
E1_MD6,C3,13,500,5.684422052955757,0.011368844105911513,0.48933333333333306,0.5673333333333334,1.9573333333333334,0.6133333333333333,0.114
E1_MD6,C4,13,25,0.2107324959393176,0.008429299837572703,0.46666666666666656,0.6266666666666667,1.92,0.6133333333333333,0.04
E1_MD6,C4,13,50,0.5633108299452814,0.011266216598905627,0.4866666666666665,0.5666666666666667,2.0,0.6333333333333333,0.04
E1_MD6,C4,13,100,1.1130513856951716,0.011130513856951716,0.49333333333333307,0.5766666666666667,1.98,0.6366666666666667,0.023333333333333334
E1_MD6,C4,13,250,2.8879412503200452,0.011551765001280181,0.49333333333333307,0.576,1.984,0.6253333333333333,0.018666666666666668
E1_MD6,C4,13,500,5.514948529538685,0.01102989705907737,0.4906666666666665,0.5873333333333334,1.9573333333333334,0.6133333333333333,0.028
E1_MD6,C0,14,25,0.44997505206112604,0.01799900208244504,0.46666666666666656,0.48,1.8533333333333333,0.5333333333333333,0.0
E1_MD6,C0,14,50,0.8334618850292157,0.016669237700584313,0.5133333333333334,0.47333333333333333,1.9466666666666668,0.6,0.0
E1_MD6,C0,14,100,1.6691172443432198,0.016691172443432198,0.4633333333333337,0.4666666666666667,1.9433333333333334,0.5966666666666667,0.0
E1_MD6,C0,14,250,4.243383611767435,0.016973534447069737,0.4773333333333335,0.45066666666666666,1.9733333333333334,0.62,0.0
E1_MD6,C0,14,500,8.250109921975156,0.016500219843950312,0.47733333333333366,0.4666666666666667,1.946,0.6006666666666667,0.0
E1_MD6,C1,14,25,0.44997505206112604,0.01799900208244504,0.46666666666666656,0.48,1.8533333333333333,0.5333333333333333,0.0
E1_MD6,C1,14,50,0.8334618850292157,0.016669237700584313,0.5133333333333334,0.47333333333333333,1.9466666666666668,0.6,0.0
E1_MD6,C1,14,100,1.6691172443432198,0.016691172443432198,0.4633333333333337,0.4666666666666667,1.9433333333333334,0.5966666666666667,0.0
E1_MD6,C1,14,250,4.243383611767435,0.016973534447069737,0.4773333333333335,0.45066666666666666,1.9733333333333334,0.62,0.0
E1_MD6,C1,14,500,8.250109921975156,0.016500219843950312,0.47733333333333366,0.4666666666666667,1.946,0.6006666666666667,0.0
E1_MD6,C2,14,25,0.44997505206112604,0.01799900208244504,0.46666666666666656,0.48,1.8533333333333333,0.5333333333333333,0.0
E1_MD6,C2,14,50,0.8334618850292157,0.016669237700584313,0.5133333333333334,0.47333333333333333,1.9466666666666668,0.6,0.0
E1_MD6,C2,14,100,1.6691172443432198,0.016691172443432198,0.4633333333333337,0.4666666666666667,1.9433333333333334,0.5966666666666667,0.0
E1_MD6,C2,14,250,4.243383611767435,0.016973534447069737,0.4773333333333335,0.45066666666666666,1.9733333333333334,0.62,0.0
E1_MD6,C2,14,500,8.250109921975156,0.016500219843950312,0.47733333333333366,0.4666666666666667,1.946,0.6006666666666667,0.0
E1_MD6,C3,14,25,0.44997505206112604,0.01799900208244504,0.46666666666666656,0.48,1.8533333333333333,0.5333333333333333,0.0
E1_MD6,C3,14,50,0.8334618850292157,0.016669237700584313,0.5133333333333334,0.47333333333333333,1.9466666666666668,0.6,0.0
E1_MD6,C3,14,100,1.6683191046817467,0.016683191046817467,0.4633333333333337,0.4666666666666667,1.9433333333333334,0.5966666666666667,0.0033333333333333335
E1_MD6,C3,14,250,4.211461163772442,0.016845844655089766,0.4773333333333335,0.4533333333333333,1.9733333333333334,0.62,0.016
E1_MD6,C3,14,500,8.240346792612876,0.01648069358522575,0.47733333333333366,0.468,1.946,0.6006666666666667,0.02
E1_MD6,C4,14,25,0.41953840263313547,0.016781536105325418,0.46666666666666656,0.49333333333333335,1.8533333333333333,0.5333333333333333,0.02666666666666667
E1_MD6,C4,14,50,0.787250223452983,0.01574500446905966,0.5133333333333334,0.4866666666666667,1.9466666666666668,0.6,0.02
E1_MD6,C4,14,100,1.6095091711726472,0.016095091711726472,0.4633333333333337,0.4766666666666667,1.9433333333333334,0.5966666666666667,0.013333333333333334
E1_MD6,C4,14,250,4.180299127442253,0.016721196509769012,0.4786666666666668,0.456,1.9733333333333334,0.62,0.008
E1_MD6,C4,14,500,8.166014597733106,0.016332029195466214,0.4780000000000003,0.4726666666666667,1.946,0.6006666666666667,0.024666666666666667
E1_MD6,C0,15,25,0.154768376124285,0.006190735044971401,0.5466666666666666,0.6266666666666667,1.9466666666666668,0.6266666666666667,0.04
E1_MD6,C0,15,50,0.3200510319104904,0.006401020638209808,0.54,0.6133333333333333,1.9866666666666666,0.6333333333333333,0.02
E1_MD6,C0,15,100,0.7107090610931368,0.007107090610931368,0.5733333333333333,0.6066666666666667,1.9666666666666666,0.6166666666666667,0.01
E1_MD6,C0,15,250,1.6833228047814102,0.006733291219125641,0.554666666666667,0.6266666666666667,1.888,0.584,0.004
E1_MD6,C0,15,500,3.3149994374454286,0.0066299988748908575,0.5126666666666668,0.6226666666666667,1.8993333333333333,0.5853333333333334,0.002
E1_MD6,C1,15,25,0.12714256521664397,0.0050857026086657585,0.5599999999999999,0.64,1.9466666666666668,0.6266666666666667,0.013333333333333334
E1_MD6,C1,15,50,0.29242522100284934,0.005848504420056987,0.5466666666666666,0.62,1.9866666666666666,0.6333333333333333,0.006666666666666667
E1_MD6,C1,15,100,0.6830832501854956,0.006830832501854956,0.5766666666666665,0.61,1.9666666666666666,0.6166666666666667,0.0033333333333333335
E1_MD6,C1,15,250,1.6556969938737691,0.006622787975495077,0.5560000000000003,0.628,1.888,0.584,0.0013333333333333333
E1_MD6,C1,15,500,3.2873736265377875,0.006574747253075575,0.5133333333333335,0.6233333333333333,1.8993333333333333,0.5853333333333334,0.0006666666666666666
E1_MD6,C2,15,25,0.15251696436345097,0.006100678574538039,0.5466666666666666,0.64,1.9466666666666668,0.6266666666666667,0.05333333333333334
E1_MD6,C2,15,50,0.31779962014965635,0.006355992402993127,0.54,0.62,1.9866666666666666,0.6333333333333333,0.02666666666666667
E1_MD6,C2,15,100,0.7084576493323027,0.007084576493323027,0.5733333333333333,0.61,1.9666666666666666,0.6166666666666667,0.013333333333333334
E1_MD6,C2,15,250,1.681071393020576,0.006724285572082304,0.554666666666667,0.628,1.888,0.584,0.005333333333333333
E1_MD6,C2,15,500,3.312748025684594,0.006625496051369188,0.5126666666666668,0.6233333333333333,1.8993333333333333,0.5853333333333334,0.0026666666666666666
E1_MD6,C3,15,25,0.1180096806307887,0.004720387225231548,0.5599999999999999,0.6666666666666666,1.9466666666666668,0.6266666666666667,0.02666666666666667
E1_MD6,C3,15,50,0.2832923364169941,0.005665846728339882,0.5466666666666666,0.6333333333333333,1.9866666666666666,0.6333333333333333,0.013333333333333334
E1_MD6,C3,15,100,0.6739503655996404,0.006739503655996404,0.5766666666666665,0.6166666666666667,1.9666666666666666,0.6166666666666667,0.006666666666666667
E1_MD6,C3,15,250,1.6465641092879137,0.006586256437151655,0.5560000000000003,0.6306666666666667,1.888,0.584,0.0026666666666666666
E1_MD6,C3,15,500,3.265575674537999,0.006531151349075998,0.5133333333333335,0.626,1.8993333333333333,0.5853333333333334,0.0026666666666666666
E1_MD6,C4,15,25,0.12609907623944433,0.005043963049577774,0.5599999999999999,0.64,1.9466666666666668,0.6266666666666667,0.0
E1_MD6,C4,15,50,0.2913817320256497,0.005827634640512994,0.5466666666666666,0.62,1.9866666666666666,0.6333333333333333,0.0
E1_MD6,C4,15,100,0.6820397612082961,0.006820397612082961,0.5766666666666665,0.61,1.9666666666666666,0.6166666666666667,0.0
E1_MD6,C4,15,250,1.6546535048965694,0.006618614019586277,0.5560000000000003,0.628,1.888,0.584,0.0
E1_MD6,C4,15,500,3.3178619262455635,0.006635723852491127,0.5133333333333335,0.6213333333333333,1.8993333333333333,0.5853333333333334,0.0026666666666666666
E1_MD6,C0,16,25,0.26505522859199143,0.010602209143679658,0.48,0.5333333333333333,2.0,0.6,0.06666666666666667
E1_MD6,C0,16,50,0.4996894430063661,0.009993788860127322,0.49999999999999994,0.56,1.8866666666666667,0.5666666666666667,0.03333333333333333
E1_MD6,C0,16,100,1.170131455605273,0.01170131455605273,0.4766666666666665,0.53,1.9333333333333333,0.59,0.02
E1_MD6,C0,16,250,3.1174451419313476,0.01246978056772539,0.5066666666666666,0.5093333333333333,1.9586666666666666,0.608,0.014666666666666666
E1_MD6,C0,16,500,6.112435259511108,0.012224870519022216,0.4946666666666668,0.5266666666666666,1.934,0.5933333333333334,0.012666666666666666
E1_MD6,C1,16,25,0.3179792810639882,0.012719171242559528,0.48,0.48,2.0,0.6,0.013333333333333334
E1_MD6,C1,16,50,0.552613495478363,0.01105226990956726,0.49999999999999994,0.5333333333333333,1.8866666666666667,0.5666666666666667,0.006666666666666667
E1_MD6,C1,16,100,1.2329852886019466,0.012329852886019465,0.4766666666666665,0.5133333333333333,1.9333333333333333,0.59,0.0033333333333333335
E1_MD6,C1,16,250,3.24741607741697,0.01298966430966788,0.5066666666666666,0.496,1.9586666666666666,0.608,0.0013333333333333333
E1_MD6,C1,16,500,6.3354706662880025,0.012670941332576005,0.4946666666666668,0.5146666666666667,1.934,0.5933333333333334,0.0006666666666666666
E1_MD6,C2,16,25,0.30076669805176165,0.012030667922070465,0.48,0.5066666666666667,2.0,0.6,0.04
E1_MD6,C2,16,50,0.5354009124661363,0.010708018249322725,0.49999999999999994,0.5466666666666666,1.8866666666666667,0.5666666666666667,0.02
E1_MD6,C2,16,100,1.2157727055897198,0.012157727055897198,0.4766666666666665,0.52,1.9333333333333333,0.59,0.01
E1_MD6,C2,16,250,3.2302034944047433,0.012920813977618973,0.5066666666666666,0.49866666666666665,1.9586666666666666,0.608,0.004
E1_MD6,C2,16,500,6.318258083275775,0.012636516166551549,0.4946666666666668,0.516,1.934,0.5933333333333334,0.002
E1_MD6,C3,16,25,0.3175470832650882,0.012701883330603528,0.48,0.4666666666666667,2.0,0.6,0.13333333333333333
E1_MD6,C3,16,50,0.5510632941072793,0.011021265882145586,0.49999999999999994,0.5333333333333333,1.8866666666666667,0.5666666666666667,0.10666666666666667
E1_MD6,C3,16,100,1.2483382037878001,0.012483382037878,0.4766666666666665,0.51,1.9333333333333333,0.59,0.09
E1_MD6,C3,16,250,3.1795075982787537,0.012718030393115014,0.5066666666666666,0.5013333333333333,1.9586666666666666,0.608,0.13333333333333333
E1_MD6,C3,16,500,6.354124958046291,0.012708249916092582,0.4953333333333334,0.514,1.934,0.5933333333333334,0.12333333333333334
E1_MD6,C4,16,25,0.27405311612829414,0.010962124645131766,0.48,0.5466666666666666,2.0,0.6,0.08
E1_MD6,C4,16,50,0.5020988118328353,0.010041976236656707,0.49999999999999994,0.5733333333333334,1.8866666666666667,0.5666666666666667,0.04666666666666667
E1_MD6,C4,16,100,1.173600470116829,0.01173600470116829,0.4766666666666665,0.5366666666666666,1.9333333333333333,0.59,0.02666666666666667
E1_MD6,C4,16,250,3.065679932554569,0.012262719730218277,0.5066666666666666,0.5186666666666667,1.9586666666666666,0.608,0.024
E1_MD6,C4,16,500,6.109969539584954,0.012219939079169908,0.4946666666666668,0.5313333333333333,1.934,0.5933333333333334,0.029333333333333333
E1_MD6,C0,17,25,0.41411475603287073,0.01656459024131483,0.5333333333333335,0.49333333333333335,1.8666666666666667,0.5866666666666667,0.0
E1_MD6,C0,17,50,0.7668044590487075,0.015336089180974151,0.4933333333333334,0.4533333333333333,1.9466666666666668,0.6333333333333333,0.0
E1_MD6,C0,17,100,1.4848750580437866,0.014848750580437865,0.45666666666666667,0.4633333333333333,1.9466666666666668,0.5933333333333334,0.0
E1_MD6,C0,17,250,3.7686611912587624,0.015074644765035049,0.45866666666666656,0.45466666666666666,1.94,0.6066666666666667,0.0
E1_MD6,C0,17,500,7.303330267827041,0.014606660535654082,0.47266666666666673,0.466,1.9193333333333333,0.594,0.0
E1_MD6,C1,17,25,0.4022158624063173,0.016088634496252693,0.5333333333333335,0.5066666666666667,1.8666666666666667,0.5866666666666667,0.013333333333333334
E1_MD6,C1,17,50,0.7549055654221541,0.015098111308443083,0.4933333333333334,0.46,1.9466666666666668,0.6333333333333333,0.006666666666666667
E1_MD6,C1,17,100,1.4729761644172334,0.014729761644172334,0.45666666666666667,0.4666666666666667,1.9466666666666668,0.5933333333333334,0.0033333333333333335
E1_MD6,C1,17,250,3.756762297632209,0.015027049190528835,0.45866666666666656,0.456,1.94,0.6066666666666667,0.0013333333333333333
E1_MD6,C1,17,500,7.291431374200489,0.014582862748400977,0.47266666666666673,0.4666666666666667,1.9193333333333333,0.594,0.0006666666666666666
E1_MD6,C2,17,25,0.41411475603287073,0.01656459024131483,0.5333333333333335,0.49333333333333335,1.8666666666666667,0.5866666666666667,0.0
E1_MD6,C2,17,50,0.7668044590487075,0.015336089180974151,0.4933333333333334,0.4533333333333333,1.9466666666666668,0.6333333333333333,0.0
E1_MD6,C2,17,100,1.4848750580437866,0.014848750580437865,0.45666666666666667,0.4633333333333333,1.9466666666666668,0.5933333333333334,0.0
E1_MD6,C2,17,250,3.7686611912587624,0.015074644765035049,0.45866666666666656,0.45466666666666666,1.94,0.6066666666666667,0.0
E1_MD6,C2,17,500,7.303330267827041,0.014606660535654082,0.47266666666666673,0.466,1.9193333333333333,0.594,0.0
E1_MD6,C3,17,25,0.41411475603287073,0.01656459024131483,0.5333333333333335,0.49333333333333335,1.8666666666666667,0.5866666666666667,0.0
E1_MD6,C3,17,50,0.7668044590487075,0.015336089180974151,0.4933333333333334,0.4533333333333333,1.9466666666666668,0.6333333333333333,0.0
E1_MD6,C3,17,100,1.4848750580437866,0.014848750580437865,0.45666666666666667,0.4633333333333333,1.9466666666666668,0.5933333333333334,0.0
E1_MD6,C3,17,250,3.751566669388442,0.015006266677553767,0.45866666666666656,0.456,1.94,0.6066666666666667,0.0013333333333333333
E1_MD6,C3,17,500,7.286235745956722,0.014572471491913444,0.47266666666666673,0.4666666666666667,1.9193333333333333,0.594,0.0006666666666666666
E1_MD6,C4,17,25,0.41411475603287073,0.01656459024131483,0.5333333333333335,0.49333333333333335,1.8666666666666667,0.5866666666666667,0.0
E1_MD6,C4,17,50,0.7668044590487075,0.015336089180974151,0.4933333333333334,0.4533333333333333,1.9466666666666668,0.6333333333333333,0.0
E1_MD6,C4,17,100,1.4848750580437866,0.014848750580437865,0.45666666666666667,0.4633333333333333,1.9466666666666668,0.5933333333333334,0.0
E1_MD6,C4,17,250,3.7635645929333457,0.015054258371733383,0.45866666666666656,0.45466666666666666,1.94,0.6066666666666667,0.0013333333333333333
E1_MD6,C4,17,500,7.308169047879183,0.014616338095758366,0.47266666666666673,0.4653333333333333,1.9193333333333333,0.594,0.002
E1_MD6,C0,18,25,0.39217575133630933,0.015687030053452372,0.5333333333333332,0.38666666666666666,2.2,0.7066666666666667,0.05333333333333334
E1_MD6,C0,18,50,0.7315194078142302,0.014630388156284604,0.5066666666666666,0.4666666666666667,2.08,0.6466666666666666,0.02666666666666667
E1_MD6,C0,18,100,1.3301190521736501,0.0133011905217365,0.4966666666666666,0.5066666666666667,2.03,0.6266666666666667,0.013333333333333334
E1_MD6,C0,18,250,3.250216351606154,0.013000865406424617,0.4933333333333331,0.524,1.96,0.5973333333333334,0.006666666666666667
E1_MD6,C0,18,500,6.386946004451817,0.012773892008903633,0.49466666666666653,0.5406666666666666,1.9266666666666667,0.5826666666666667,0.01
E1_MD6,C1,18,25,0.38091674820187954,0.015236669928075182,0.5333333333333332,0.4,2.2,0.7066666666666667,0.08
E1_MD6,C1,18,50,0.7202604046798005,0.014405208093596009,0.5066666666666666,0.47333333333333333,2.08,0.6466666666666666,0.04
E1_MD6,C1,18,100,1.3188600490392206,0.013188600490392206,0.4966666666666666,0.51,2.03,0.6266666666666667,0.02
E1_MD6,C1,18,250,3.2281356780327375,0.01291254271213095,0.4933333333333331,0.5253333333333333,1.96,0.5973333333333334,0.008
E1_MD6,C1,18,500,6.337691639816281,0.012675383279632562,0.4939999999999999,0.54,1.9266666666666667,0.5826666666666667,0.004
E1_MD6,C2,18,25,0.38440238992102915,0.015376095596841166,0.5199999999999999,0.38666666666666666,2.2,0.7066666666666667,0.02666666666666667
E1_MD6,C2,18,50,0.72374604639895,0.014474920927979,0.49999999999999994,0.4666666666666667,2.08,0.6466666666666666,0.013333333333333334
E1_MD6,C2,18,100,1.32234569075837,0.013223456907583699,0.49333333333333323,0.5066666666666667,2.03,0.6266666666666667,0.006666666666666667
E1_MD6,C2,18,250,3.231621319751887,0.012926485279007548,0.4919999999999998,0.524,1.96,0.5973333333333334,0.0026666666666666666
E1_MD6,C2,18,500,6.3411772815354315,0.012682354563070862,0.49333333333333323,0.5393333333333333,1.9266666666666667,0.5826666666666667,0.0013333333333333333
E1_MD6,C3,18,25,0.34653817700012024,0.01386152708000481,0.5333333333333332,0.4266666666666667,2.2,0.7066666666666667,0.013333333333333334
E1_MD6,C3,18,50,0.6858818334780412,0.013717636669560824,0.5066666666666666,0.4866666666666667,2.08,0.6466666666666666,0.006666666666666667
E1_MD6,C3,18,100,1.2844814778374611,0.01284481477837461,0.4966666666666666,0.5166666666666667,2.03,0.6266666666666667,0.0033333333333333335
E1_MD6,C3,18,250,3.1937571068309776,0.01277502842732391,0.4933333333333331,0.528,1.96,0.5973333333333334,0.0013333333333333333
E1_MD6,C3,18,500,6.303313068614521,0.012606626137229043,0.4939999999999999,0.5413333333333333,1.9266666666666667,0.5826666666666667,0.0006666666666666666
E1_MD6,C4,18,25,0.4038646676304862,0.016154586705219447,0.5199999999999999,0.41333333333333333,2.2,0.7066666666666667,0.13333333333333333
E1_MD6,C4,18,50,0.7504548723108091,0.015009097446216181,0.49999999999999994,0.48,2.08,0.6466666666666666,0.07333333333333333
E1_MD6,C4,18,100,1.3916479689366275,0.013916479689366275,0.49333333333333323,0.51,2.03,0.6266666666666667,0.05
E1_MD6,C4,18,250,3.4307597343145693,0.013723038937258278,0.4933333333333331,0.532,1.96,0.5973333333333334,0.088
E1_MD6,C4,18,500,6.5385599989471475,0.013077119997894295,0.4946666666666666,0.5593333333333333,1.9266666666666667,0.5826666666666667,0.11266666666666666
E1_MD6,C0,19,25,0.3100349306778682,0.012401397227114728,0.5599999999999999,0.6133333333333333,2.0,0.64,0.0
E1_MD6,C0,19,50,0.5908142024767296,0.011816284049534592,0.4666666666666665,0.58,2.02,0.6333333333333333,0.0
E1_MD6,C0,19,100,1.1383446351323068,0.011383446351323068,0.4933333333333331,0.5966666666666667,1.98,0.62,0.0
E1_MD6,C0,19,250,2.963319444202071,0.011853277776808283,0.4959999999999997,0.5853333333333334,1.9413333333333334,0.5946666666666667,0.0
E1_MD6,C0,19,500,6.43896697996953,0.01287793395993906,0.4993333333333331,0.556,1.9493333333333334,0.598,0.0
E1_MD6,C1,19,25,0.2986818371402671,0.011947273485610683,0.5599999999999999,0.6266666666666667,2.0,0.64,0.013333333333333334
E1_MD6,C1,19,50,0.5794611089391284,0.011589222178782568,0.4666666666666665,0.5866666666666667,2.02,0.6333333333333333,0.006666666666666667
E1_MD6,C1,19,100,1.1269915415947054,0.011269915415947053,0.4933333333333331,0.6,1.98,0.62,0.0033333333333333335
E1_MD6,C1,19,250,2.9519663506644696,0.011807865402657878,0.4959999999999997,0.5866666666666667,1.9413333333333334,0.5946666666666667,0.0013333333333333333
E1_MD6,C1,19,500,6.42761388643193,0.01285522777286386,0.4993333333333331,0.5566666666666666,1.9493333333333334,0.598,0.0006666666666666666
E1_MD6,C2,19,25,0.2986818371402671,0.011947273485610683,0.5599999999999999,0.6266666666666667,2.0,0.64,0.013333333333333334
E1_MD6,C2,19,50,0.5794611089391284,0.011589222178782568,0.4666666666666665,0.5866666666666667,2.02,0.6333333333333333,0.006666666666666667
E1_MD6,C2,19,100,1.1269915415947054,0.011269915415947053,0.4933333333333331,0.6,1.98,0.62,0.0033333333333333335
E1_MD6,C2,19,250,2.9519663506644696,0.011807865402657878,0.4959999999999997,0.5866666666666667,1.9413333333333334,0.5946666666666667,0.0013333333333333333
E1_MD6,C2,19,500,6.42761388643193,0.01285522777286386,0.4993333333333331,0.5566666666666666,1.9493333333333334,0.598,0.0006666666666666666
E1_MD6,C3,19,25,0.26181186982868887,0.010472474793147555,0.5599999999999999,0.6533333333333333,2.0,0.64,0.05333333333333334
E1_MD6,C3,19,50,0.5425911416275502,0.010851822832551004,0.4666666666666665,0.6,2.02,0.6333333333333333,0.02666666666666667
E1_MD6,C3,19,100,1.0792989449173027,0.010792989449173028,0.4933333333333331,0.61,1.98,0.62,0.016666666666666666
E1_MD6,C3,19,250,2.9042737539870673,0.01161709501594827,0.4959999999999997,0.5906666666666667,1.9413333333333334,0.5946666666666667,0.006666666666666667
E1_MD6,C3,19,500,6.288683193939864,0.012577366387879728,0.4999999999999998,0.5606666666666666,1.9493333333333334,0.598,0.013333333333333334
E1_MD6,C4,19,25,0.3063663584253722,0.012254654337014887,0.5599999999999999,0.6133333333333333,2.0,0.64,0.04
E1_MD6,C4,19,50,0.5887004216768701,0.011774008433537401,0.4666666666666665,0.5666666666666667,2.02,0.6333333333333333,0.04
E1_MD6,C4,19,100,1.1591704876273239,0.01159170487627324,0.4933333333333331,0.58,1.98,0.62,0.04
E1_MD6,C4,19,250,2.972524944572239,0.011890099778288955,0.4959999999999997,0.5826666666666667,1.9413333333333334,0.5946666666666667,0.02266666666666667
E1_MD6,C4,19,500,6.437620063509806,0.012875240127019613,0.4999999999999997,0.556,1.9493333333333334,0.598,0.014
E1_MD6,C0,20,25,0.14212204137272622,0.005684881654909049,0.43999999999999995,0.76,1.8533333333333333,0.64,0.0
E1_MD6,C0,20,50,0.34455924389776527,0.0068911848779553055,0.46666666666666656,0.7066666666666667,1.8733333333333333,0.6066666666666667,0.0
E1_MD6,C0,20,100,0.7724276467622987,0.007724276467622987,0.49999999999999994,0.6533333333333333,1.8966666666666667,0.5966666666666667,0.0
E1_MD6,C0,20,250,1.943480944762769,0.007773923779051076,0.5346666666666666,0.64,1.9426666666666668,0.604,0.0
E1_MD6,C0,20,500,4.115707288454459,0.008231414576908918,0.5139999999999999,0.6353333333333333,1.9506666666666668,0.6006666666666667,0.0
E1_MD6,C1,20,25,0.1409604210273384,0.005638416841093536,0.43999999999999995,0.76,1.8533333333333333,0.64,0.04
E1_MD6,C1,20,50,0.34339762355237746,0.006867952471047549,0.46666666666666656,0.7066666666666667,1.8733333333333333,0.6066666666666667,0.02
E1_MD6,C1,20,100,0.771266026416911,0.00771266026416911,0.49999999999999994,0.6533333333333333,1.8966666666666667,0.5966666666666667,0.01
E1_MD6,C1,20,250,1.9423193244173813,0.007769277297669525,0.5346666666666666,0.64,1.9426666666666668,0.604,0.004
E1_MD6,C1,20,500,4.114545668109072,0.008229091336218143,0.5139999999999999,0.6353333333333333,1.9506666666666668,0.6006666666666667,0.002
E1_MD6,C2,20,25,0.14802529221075045,0.005921011688430018,0.43999999999999995,0.76,1.8533333333333333,0.64,0.02666666666666667
E1_MD6,C2,20,50,0.3504624947357895,0.00700924989471579,0.46666666666666656,0.7066666666666667,1.8733333333333333,0.6066666666666667,0.013333333333333334
E1_MD6,C2,20,100,0.778330897600323,0.0077833089760032306,0.49999999999999994,0.6533333333333333,1.8966666666666667,0.5966666666666667,0.006666666666666667
E1_MD6,C2,20,250,1.9493841956007936,0.007797536782403174,0.5346666666666666,0.64,1.9426666666666668,0.604,0.0026666666666666666
E1_MD6,C2,20,500,4.121610539292484,0.008243221078584969,0.5139999999999999,0.6353333333333333,1.9506666666666668,0.6006666666666667,0.0013333333333333333
E1_MD6,C3,20,25,0.1346205705058804,0.005384822820235216,0.43999999999999995,0.76,1.8533333333333333,0.64,0.05333333333333334
E1_MD6,C3,20,50,0.33705777303091944,0.0067411554606183885,0.46666666666666656,0.7066666666666667,1.8733333333333333,0.6066666666666667,0.02666666666666667
E1_MD6,C3,20,100,0.764926175895453,0.0076492617589545295,0.49999999999999994,0.6533333333333333,1.8966666666666667,0.5966666666666667,0.013333333333333334
E1_MD6,C3,20,250,1.9359794738959235,0.007743917895583694,0.5346666666666666,0.64,1.9426666666666668,0.604,0.005333333333333333
E1_MD6,C3,20,500,4.1082058175876135,0.008216411635175227,0.5139999999999999,0.6353333333333333,1.9506666666666668,0.6006666666666667,0.0026666666666666666
E1_MD6,C4,20,25,0.12403362741671875,0.00496134509666875,0.43999999999999995,0.8,1.8533333333333333,0.64,0.05333333333333334
E1_MD6,C4,20,50,0.3015315708993034,0.0060306314179860675,0.46666666666666656,0.7466666666666667,1.8733333333333333,0.6066666666666667,0.04666666666666667
E1_MD6,C4,20,100,0.5784693938683761,0.005784693938683761,0.49999999999999994,0.7133333333333334,1.8966666666666667,0.5966666666666667,0.06333333333333334
E1_MD6,C4,20,250,1.5080499978826079,0.006032199991530432,0.5346666666666666,0.6986666666666667,1.9426666666666668,0.604,0.06266666666666666
E1_MD6,C4,20,500,2.9009148195064864,0.005801829639012973,0.5146666666666666,0.7106666666666667,1.9506666666666668,0.6006666666666667,0.07733333333333334
E1_MD6,C0,21,25,0.4175465397730364,0.016701861590921456,0.49333333333333335,0.4666666666666667,1.92,0.56,0.013333333333333334
E1_MD6,C0,21,50,0.9185219309394161,0.018370438618788322,0.4666666666666668,0.4066666666666667,2.033333333333333,0.6133333333333333,0.006666666666666667
E1_MD6,C0,21,100,1.7158649513410216,0.017158649513410215,0.49666666666666687,0.45666666666666667,1.91,0.5733333333333334,0.0033333333333333335
E1_MD6,C0,21,250,4.297568813356672,0.017190275253426687,0.504,0.4666666666666667,1.8826666666666667,0.5613333333333334,0.0013333333333333333
E1_MD6,C0,21,500,8.609540908767345,0.01721908181753469,0.5106666666666665,0.468,1.9006666666666667,0.5626666666666666,0.0013333333333333333
E1_MD6,C1,21,25,0.4175465397730364,0.016701861590921456,0.49333333333333335,0.4666666666666667,1.92,0.56,0.013333333333333334
E1_MD6,C1,21,50,0.9185219309394161,0.018370438618788322,0.4666666666666668,0.4066666666666667,2.033333333333333,0.6133333333333333,0.006666666666666667
E1_MD6,C1,21,100,1.7158649513410216,0.017158649513410215,0.49666666666666687,0.45666666666666667,1.91,0.5733333333333334,0.0033333333333333335
E1_MD6,C1,21,250,4.297568813356672,0.017190275253426687,0.504,0.4666666666666667,1.8826666666666667,0.5613333333333334,0.0013333333333333333
E1_MD6,C1,21,500,8.616604792562894,0.017233209585125787,0.5106666666666665,0.468,1.9006666666666667,0.5626666666666666,0.0006666666666666666
E1_MD6,C2,21,25,0.41024853530940325,0.01640994141237613,0.49333333333333335,0.48,1.92,0.56,0.02666666666666667
E1_MD6,C2,21,50,0.9112239264757831,0.018224478529515663,0.4666666666666668,0.41333333333333333,2.033333333333333,0.6133333333333333,0.013333333333333334
E1_MD6,C2,21,100,1.6911952616536434,0.016911952616536434,0.49666666666666687,0.4633333333333333,1.91,0.5733333333333334,0.01
E1_MD6,C2,21,250,4.273439851269181,0.017093759405076726,0.504,0.4693333333333333,1.8826666666666667,0.5613333333333334,0.005333333333333333
E1_MD6,C2,21,500,8.495766015020541,0.01699153203004108,0.5106666666666665,0.47533333333333333,1.9006666666666667,0.5626666666666666,0.008666666666666666
E1_MD6,C3,21,25,0.3138508258110494,0.012554033032441975,0.49333333333333335,0.56,1.92,0.56,0.13333333333333333
E1_MD6,C3,21,50,0.7899516633242927,0.015799033266485855,0.4666666666666668,0.4533333333333333,2.033333333333333,0.6133333333333333,0.08666666666666667
E1_MD6,C3,21,100,1.495578449844097,0.014955784498440969,0.49666666666666687,0.5033333333333333,1.91,0.5733333333333334,0.07666666666666666
E1_MD6,C3,21,250,3.816246552892359,0.015264986211569437,0.504,0.5066666666666667,1.8826666666666667,0.5613333333333334,0.08
E1_MD6,C3,21,500,7.669634270583368,0.015339268541166736,0.5113333333333332,0.5053333333333333,1.9006666666666667,0.5626666666666666,0.07866666666666666
E1_MD6,C4,21,25,0.40301123806394556,0.016120449522557822,0.49333333333333335,0.48,1.92,0.56,0.02666666666666667
E1_MD6,C4,21,50,0.9039866292303254,0.018079732584606507,0.4666666666666668,0.41333333333333333,2.033333333333333,0.6133333333333333,0.013333333333333334
E1_MD6,C4,21,100,1.7165272097908038,0.017165272097908038,0.49666666666666687,0.46,1.91,0.5733333333333334,0.013333333333333334
E1_MD6,C4,21,250,4.096193257072643,0.01638477302829057,0.504,0.49066666666666664,1.8826666666666667,0.5613333333333334,0.029333333333333333
E1_MD6,C4,21,500,7.542711158533314,0.015085422317066628,0.5133333333333333,0.5306666666666666,1.9006666666666667,0.5626666666666666,0.09466666666666666
E1_MD6,C0,22,25,0.34478933946468593,0.013791573578587436,0.42666666666666664,0.48,1.9733333333333334,0.6266666666666667,0.14666666666666667
E1_MD6,C0,22,50,0.6204977258971253,0.012409954517942506,0.5066666666666668,0.49333333333333335,1.9066666666666667,0.5933333333333334,0.07333333333333333
E1_MD6,C0,22,100,1.3788872633399198,0.013788872633399198,0.47666666666666674,0.4666666666666667,1.9733333333333334,0.62,0.043333333333333335
E1_MD6,C0,22,250,3.4213742193789822,0.013685496877515928,0.4933333333333334,0.46,1.9746666666666666,0.616,0.02
E1_MD6,C0,22,500,6.585837680197763,0.013171675360395525,0.49066666666666686,0.4693333333333333,1.9566666666666668,0.6133333333333333,0.010666666666666666
E1_MD6,C1,22,25,0.3326909497993602,0.013307637991974408,0.42666666666666664,0.48,1.9733333333333334,0.6266666666666667,0.02666666666666667
E1_MD6,C1,22,50,0.6083993362317995,0.01216798672463599,0.5066666666666668,0.49333333333333335,1.9066666666666667,0.5933333333333334,0.013333333333333334
E1_MD6,C1,22,100,1.3711596932245596,0.013711596932245596,0.47666666666666674,0.4633333333333333,1.9733333333333334,0.62,0.006666666666666667
E1_MD6,C1,22,250,3.407964338082344,0.013631857352329376,0.4933333333333334,0.4573333333333333,1.9746666666666666,0.616,0.0026666666666666666
E1_MD6,C1,22,500,6.569484475704354,0.013138968951408708,0.49066666666666686,0.4686666666666667,1.9566666666666668,0.6133333333333333,0.0013333333333333333
E1_MD6,C2,22,25,0.33489473642904666,0.013395789457161866,0.42666666666666664,0.48,1.9733333333333334,0.6266666666666667,0.02666666666666667
E1_MD6,C2,22,50,0.610603122861486,0.01221206245722972,0.5066666666666668,0.49333333333333335,1.9066666666666667,0.5933333333333334,0.013333333333333334
E1_MD6,C2,22,100,1.373363479854246,0.01373363479854246,0.47666666666666674,0.4633333333333333,1.9733333333333334,0.62,0.006666666666666667
E1_MD6,C2,22,250,3.4101681247120306,0.013640672498848122,0.4933333333333334,0.4573333333333333,1.9746666666666666,0.616,0.0026666666666666666
E1_MD6,C2,22,500,6.57168826233404,0.01314337652466808,0.49066666666666686,0.4686666666666667,1.9566666666666668,0.6133333333333333,0.0013333333333333333
E1_MD6,C3,22,25,0.2942218637820786,0.011768874551283144,0.42666666666666664,0.5066666666666667,1.9733333333333334,0.6266666666666667,0.2
E1_MD6,C3,22,50,0.5640043657254316,0.01128008731450863,0.5066666666666668,0.52,1.9066666666666667,0.5933333333333334,0.16666666666666666
E1_MD6,C3,22,100,1.2417328099875524,0.012417328099875525,0.47666666666666674,0.5066666666666667,1.9733333333333334,0.62,0.16666666666666666
E1_MD6,C3,22,250,3.053121784149059,0.012212487136596235,0.4933333333333334,0.508,1.9746666666666666,0.616,0.16533333333333333
E1_MD6,C3,22,500,5.792071971218385,0.011584143942436769,0.49200000000000016,0.524,1.9566666666666668,0.6133333333333333,0.12733333333333333
E1_MD6,C4,22,25,0.34065226316411357,0.013626090526564542,0.42666666666666664,0.5066666666666667,1.9733333333333334,0.6266666666666667,0.21333333333333335
E1_MD6,C4,22,50,0.6163606495965529,0.012327212991931059,0.5066666666666668,0.5066666666666667,1.9066666666666667,0.5933333333333334,0.10666666666666667
E1_MD6,C4,22,100,1.3807186917796326,0.013807186917796326,0.47666666666666674,0.4766666666666667,1.9733333333333334,0.62,0.07666666666666666
E1_MD6,C4,22,250,3.4580008347843494,0.013832003339137398,0.4933333333333334,0.468,1.9746666666666666,0.616,0.088
E1_MD6,C4,22,500,6.6023688410815575,0.013204737682163115,0.4900000000000002,0.48,1.9566666666666668,0.6133333333333333,0.06066666666666667
E1_MD6,C0,23,25,0.39692637927716035,0.015877055171086413,0.4799999999999999,0.4666666666666667,1.9733333333333334,0.64,0.04
E1_MD6,C0,23,50,0.7345546991464922,0.014691093982929844,0.41333333333333333,0.47333333333333333,1.9333333333333333,0.62,0.02
E1_MD6,C0,23,100,1.4382343091429644,0.014382343091429644,0.40333333333333354,0.49,1.9366666666666668,0.5933333333333334,0.01
E1_MD6,C0,23,250,3.469609520673809,0.013878438082695236,0.448,0.5013333333333333,1.912,0.5746666666666667,0.004
E1_MD6,C0,23,500,7.23235917797069,0.01446471835594138,0.46933333333333327,0.484,1.936,0.592,0.0033333333333333335
E1_MD6,C1,23,25,0.40708269741954217,0.016283307896781687,0.4799999999999999,0.4533333333333333,1.9733333333333334,0.64,0.0
E1_MD6,C1,23,50,0.744711017288874,0.014894220345777481,0.41333333333333333,0.4666666666666667,1.9333333333333333,0.62,0.0
E1_MD6,C1,23,100,1.4483906272853464,0.014483906272853463,0.40333333333333354,0.4866666666666667,1.9366666666666668,0.5933333333333334,0.0
E1_MD6,C1,23,250,3.479765838816191,0.013919063355264764,0.448,0.5,1.912,0.5746666666666667,0.0
E1_MD6,C1,23,500,7.248076282712328,0.014496152565424657,0.46933333333333327,0.4826666666666667,1.936,0.592,0.0
E1_MD6,C2,23,25,0.3963754190821556,0.015855016763286225,0.4799999999999999,0.4666666666666667,1.9733333333333334,0.64,0.013333333333333334
E1_MD6,C2,23,50,0.7340037389514875,0.01468007477902975,0.41333333333333333,0.47333333333333333,1.9333333333333333,0.62,0.006666666666666667
E1_MD6,C2,23,100,1.43768334894796,0.0143768334894796,0.40333333333333354,0.49,1.9366666666666668,0.5933333333333334,0.0033333333333333335
E1_MD6,C2,23,250,3.4690585604788042,0.013876234241915216,0.448,0.5013333333333333,1.912,0.5746666666666667,0.0013333333333333333
E1_MD6,C2,23,500,7.2373690043749415,0.014474738008749884,0.46933333333333327,0.48333333333333334,1.936,0.592,0.0006666666666666666
E1_MD6,C3,23,25,0.39772592852713723,0.015909037141085488,0.4799999999999999,0.48,1.9733333333333334,0.64,0.04
E1_MD6,C3,23,50,0.735354248396469,0.01470708496792938,0.41333333333333333,0.48,1.9333333333333333,0.62,0.02
E1_MD6,C3,23,100,1.409132912114619,0.01409132912114619,0.40666666666666684,0.5033333333333333,1.9366666666666668,0.5933333333333334,0.023333333333333334
E1_MD6,C3,23,250,3.06205309412388,0.01224821237649552,0.4493333333333333,0.5653333333333334,1.912,0.5746666666666667,0.09466666666666666
E1_MD6,C3,23,500,6.439561072687649,0.012879122145375298,0.4699999999999999,0.5473333333333333,1.936,0.592,0.088
E1_MD6,C4,23,25,0.40333528747817043,0.016133411499126817,0.4799999999999999,0.48,1.9733333333333334,0.64,0.02666666666666667
E1_MD6,C4,23,50,0.7409636073475023,0.014819272146950047,0.41333333333333333,0.48,1.9333333333333333,0.62,0.013333333333333334
E1_MD6,C4,23,100,1.4434126797204976,0.014434126797204976,0.40333333333333354,0.49,1.9366666666666668,0.5933333333333334,0.023333333333333334
E1_MD6,C4,23,250,3.312409872155473,0.013249639488621892,0.448,0.5133333333333333,1.912,0.5746666666666667,0.10133333333333333
E1_MD6,C4,23,500,6.375313230399409,0.012750626460798819,0.4699999999999999,0.526,1.936,0.592,0.12666666666666668
E1_MD6,C0,24,25,0.34136140979765833,0.013654456391906333,0.4799999999999999,0.56,1.9333333333333333,0.6,0.06666666666666667
E1_MD6,C0,24,50,0.6698727463094438,0.013397454926188877,0.5199999999999999,0.5466666666666666,1.9533333333333334,0.6,0.03333333333333333
E1_MD6,C0,24,100,1.382607142647611,0.01382607142647611,0.5199999999999998,0.5066666666666667,1.9633333333333334,0.6233333333333333,0.016666666666666666
E1_MD6,C0,24,250,3.3283354600822714,0.013313341840329085,0.5320000000000001,0.5133333333333333,1.9226666666666667,0.6066666666666667,0.006666666666666667
E1_MD6,C0,24,500,6.466496294754113,0.012932992589508226,0.5066666666666667,0.518,1.9166666666666667,0.5946666666666667,0.0033333333333333335
E1_MD6,C1,24,25,0.3820261904408571,0.015281047617634285,0.4799999999999999,0.49333333333333335,1.9333333333333333,0.6,0.0
E1_MD6,C1,24,50,0.7105375269526426,0.014210750539052852,0.5199999999999999,0.5133333333333333,1.9533333333333334,0.6,0.0
E1_MD6,C1,24,100,1.42327192329081,0.0142327192329081,0.5199999999999998,0.49,1.9633333333333334,0.6233333333333333,0.0
E1_MD6,C1,24,250,3.369000240725471,0.013476000962901883,0.5320000000000001,0.5066666666666667,1.9226666666666667,0.6066666666666667,0.0
E1_MD6,C1,24,500,6.507161075397312,0.013014322150794625,0.5066666666666667,0.5146666666666667,1.9166666666666667,0.5946666666666667,0.0
E1_MD6,C2,24,25,0.3820261904408571,0.015281047617634285,0.4799999999999999,0.49333333333333335,1.9333333333333333,0.6,0.0
E1_MD6,C2,24,50,0.7105375269526426,0.014210750539052852,0.5199999999999999,0.5133333333333333,1.9533333333333334,0.6,0.0
E1_MD6,C2,24,100,1.42327192329081,0.0142327192329081,0.5199999999999998,0.49,1.9633333333333334,0.6233333333333333,0.0
E1_MD6,C2,24,250,3.369000240725471,0.013476000962901883,0.5320000000000001,0.5066666666666667,1.9226666666666667,0.6066666666666667,0.0
E1_MD6,C2,24,500,6.507161075397312,0.013014322150794625,0.5066666666666667,0.5146666666666667,1.9166666666666667,0.5946666666666667,0.0
E1_MD6,C3,24,25,0.34455768616135507,0.013782307446454202,0.4799999999999999,0.5333333333333333,1.9333333333333333,0.6,0.05333333333333334
E1_MD6,C3,24,50,0.6730690226731404,0.013461380453462807,0.5199999999999999,0.5333333333333333,1.9533333333333334,0.6,0.02666666666666667
E1_MD6,C3,24,100,1.3858034190113078,0.013858034190113078,0.5199999999999998,0.5,1.9633333333333334,0.6233333333333333,0.013333333333333334
E1_MD6,C3,24,250,3.331531736445968,0.013326126945783872,0.5320000000000001,0.5106666666666667,1.9226666666666667,0.6066666666666667,0.005333333333333333
E1_MD6,C3,24,500,6.46969257111781,0.01293938514223562,0.5066666666666667,0.5166666666666667,1.9166666666666667,0.5946666666666667,0.0026666666666666666
E1_MD6,C4,24,25,0.34128922505261716,0.013651569002104687,0.4799999999999999,0.5466666666666666,1.9333333333333333,0.6,0.05333333333333334
E1_MD6,C4,24,50,0.665421620859838,0.01330843241719676,0.5199999999999999,0.5466666666666666,1.9533333333333334,0.6,0.03333333333333333
E1_MD6,C4,24,100,1.3736040155366156,0.013736040155366155,0.5199999999999998,0.51,1.9633333333333334,0.6233333333333333,0.02
E1_MD6,C4,24,250,3.183798097525582,0.012735192390102328,0.5320000000000001,0.5293333333333333,1.9226666666666667,0.6066666666666667,0.032
E1_MD6,C4,24,500,5.818954283070149,0.011637908566140298,0.5066666666666667,0.5593333333333333,1.9166666666666667,0.5946666666666667,0.06866666666666667
E1_MD6,C0,25,25,0.10242674265491142,0.004097069706196456,0.56,0.72,1.9866666666666666,0.64,0.02666666666666667
E1_MD6,C0,25,50,0.24185964577661506,0.004837192915532302,0.5266666666666664,0.7133333333333334,1.8933333333333333,0.5933333333333334,0.013333333333333334
E1_MD6,C0,25,100,0.6190093120300945,0.006190093120300944,0.5199999999999999,0.66,1.9833333333333334,0.6333333333333333,0.006666666666666667
E1_MD6,C0,25,250,1.6725353850041924,0.006690141540016769,0.496,0.6173333333333333,1.9933333333333334,0.6253333333333333,0.0026666666666666666
E1_MD6,C0,25,500,3.4949020863027105,0.006989804172605421,0.5013333333333332,0.622,1.9346666666666668,0.598,0.0013333333333333333
E1_MD6,C1,25,25,0.11013877590583226,0.00440555103623329,0.56,0.7066666666666667,1.9866666666666666,0.64,0.02666666666666667
E1_MD6,C1,25,50,0.2495716790275359,0.004991433580550719,0.5266666666666664,0.7066666666666667,1.8933333333333333,0.5933333333333334,0.013333333333333334
E1_MD6,C1,25,100,0.6267213452810153,0.006267213452810153,0.5199999999999999,0.6566666666666666,1.9833333333333334,0.6333333333333333,0.006666666666666667
E1_MD6,C1,25,250,1.6802474182551133,0.006720989673020453,0.496,0.616,1.9933333333333334,0.6253333333333333,0.0026666666666666666
E1_MD6,C1,25,500,3.5026141195536313,0.007005228239107262,0.5013333333333332,0.6213333333333333,1.9346666666666668,0.598,0.0013333333333333333
E1_MD6,C2,25,25,0.1067830755783617,0.004271323023134468,0.56,0.7066666666666667,1.9866666666666666,0.64,0.013333333333333334
E1_MD6,C2,25,50,0.24621597870006534,0.0049243195740013065,0.5266666666666664,0.7066666666666667,1.8933333333333333,0.5933333333333334,0.006666666666666667
E1_MD6,C2,25,100,0.6233656449535446,0.006233656449535446,0.5199999999999999,0.6566666666666666,1.9833333333333334,0.6333333333333333,0.0033333333333333335
E1_MD6,C2,25,250,1.6768917179276426,0.00670756687171057,0.496,0.616,1.9933333333333334,0.6253333333333333,0.0013333333333333333
E1_MD6,C2,25,500,3.4992584192261607,0.006998516838452321,0.5013333333333332,0.6213333333333333,1.9346666666666668,0.598,0.0006666666666666666
E1_MD6,C3,25,25,0.09470631219032671,0.0037882524876130686,0.56,0.72,1.9866666666666666,0.64,0.08
E1_MD6,C3,25,50,0.21393105726797979,0.004278621145359596,0.5266666666666664,0.72,1.8933333333333333,0.5933333333333334,0.07333333333333333
E1_MD6,C3,25,100,0.572938745089131,0.00572938745089131,0.5199999999999999,0.67,1.9833333333333334,0.6333333333333333,0.05
E1_MD6,C3,25,250,1.6288207177607903,0.006515282871043161,0.496,0.6213333333333333,1.9933333333333334,0.6253333333333333,0.03866666666666667
E1_MD6,C3,25,500,3.4939776627623704,0.0069879553255247405,0.5013333333333332,0.6246666666666667,1.9346666666666668,0.598,0.028666666666666667
E1_MD6,C4,25,25,0.10557594636374062,0.004223037854549625,0.56,0.7066666666666667,1.9866666666666666,0.64,0.013333333333333334
E1_MD6,C4,25,50,0.24500884948544427,0.004900176989708885,0.5266666666666664,0.7066666666666667,1.8933333333333333,0.5933333333333334,0.006666666666666667
E1_MD6,C4,25,100,0.6221585157389237,0.006221585157389237,0.5199999999999999,0.6566666666666666,1.9833333333333334,0.6333333333333333,0.0033333333333333335
E1_MD6,C4,25,250,1.6617318317709864,0.006646927327083945,0.496,0.62,1.9933333333333334,0.6253333333333333,0.005333333333333333
E1_MD6,C4,25,500,3.4806225196920817,0.006961245039384163,0.5013333333333332,0.624,1.9346666666666668,0.598,0.004
E1_MD6,C0,26,25,0.24598927776420199,0.009839571110568079,0.49333333333333335,0.72,1.8266666666666667,0.48,0.013333333333333334
E1_MD6,C0,26,50,0.46692078040818086,0.009338415608163618,0.5066666666666667,0.64,1.8466666666666667,0.5333333333333333,0.006666666666666667
E1_MD6,C0,26,100,0.9166028287312946,0.009166028287312946,0.5233333333333334,0.6266666666666667,1.9033333333333333,0.5733333333333334,0.0033333333333333335
E1_MD6,C0,26,250,2.4631740772114,0.0098526963088456,0.5426666666666673,0.5773333333333334,1.9706666666666666,0.604,0.0013333333333333333
E1_MD6,C0,26,500,4.755514674910821,0.009511029349821643,0.5353333333333332,0.6006666666666667,1.936,0.5986666666666667,0.0006666666666666666
E1_MD6,C1,26,25,0.265207143627158,0.010608285745086321,0.49333333333333335,0.7066666666666667,1.8266666666666667,0.48,0.0
E1_MD6,C1,26,50,0.4861386462711369,0.009722772925422738,0.5066666666666667,0.6333333333333333,1.8466666666666667,0.5333333333333333,0.0
E1_MD6,C1,26,100,0.9358206945942507,0.009358206945942506,0.5233333333333334,0.6233333333333333,1.9033333333333333,0.5733333333333334,0.0
E1_MD6,C1,26,250,2.4823919430743557,0.009929567772297422,0.5426666666666673,0.576,1.9706666666666666,0.604,0.0
E1_MD6,C1,26,500,4.774732540773779,0.009549465081547557,0.5353333333333332,0.6,1.936,0.5986666666666667,0.0
E1_MD6,C2,26,25,0.24598927776420199,0.009839571110568079,0.49333333333333335,0.72,1.8266666666666667,0.48,0.013333333333333334
E1_MD6,C2,26,50,0.46692078040818086,0.009338415608163618,0.5066666666666667,0.64,1.8466666666666667,0.5333333333333333,0.006666666666666667
E1_MD6,C2,26,100,0.9166028287312946,0.009166028287312946,0.5233333333333334,0.6266666666666667,1.9033333333333333,0.5733333333333334,0.0033333333333333335
E1_MD6,C2,26,250,2.4631740772114,0.0098526963088456,0.5426666666666673,0.5773333333333334,1.9706666666666666,0.604,0.0013333333333333333
E1_MD6,C2,26,500,4.755514674910821,0.009511029349821643,0.5353333333333332,0.6006666666666667,1.936,0.5986666666666667,0.0006666666666666666
E1_MD6,C3,26,25,0.265207143627158,0.010608285745086321,0.49333333333333335,0.7066666666666667,1.8266666666666667,0.48,0.0
E1_MD6,C3,26,50,0.4861386462711369,0.009722772925422738,0.5066666666666667,0.6333333333333333,1.8466666666666667,0.5333333333333333,0.0
E1_MD6,C3,26,100,0.9358206945942507,0.009358206945942506,0.5233333333333334,0.6233333333333333,1.9033333333333333,0.5733333333333334,0.0
E1_MD6,C3,26,250,2.4823919430743557,0.009929567772297422,0.5426666666666673,0.576,1.9706666666666666,0.604,0.0
E1_MD6,C3,26,500,4.774732540773779,0.009549465081547557,0.5353333333333332,0.6,1.936,0.5986666666666667,0.0
E1_MD6,C4,26,25,0.2460329626220471,0.009841318504881885,0.49333333333333335,0.72,1.8266666666666667,0.48,0.013333333333333334
E1_MD6,C4,26,50,0.466964465266026,0.00933928930532052,0.5066666666666667,0.64,1.8466666666666667,0.5333333333333333,0.006666666666666667
E1_MD6,C4,26,100,0.9166465135891397,0.009166465135891397,0.5233333333333334,0.6266666666666667,1.9033333333333333,0.5733333333333334,0.0033333333333333335
E1_MD6,C4,26,250,2.1172470549102393,0.008468988219640957,0.5426666666666673,0.624,1.9706666666666666,0.604,0.048
E1_MD6,C4,26,500,3.7738671184291626,0.007547734236858325,0.5353333333333332,0.6653333333333333,1.936,0.5986666666666667,0.06666666666666667
E1_MD6,C0,27,25,0.1718946915497176,0.006875787661988704,0.5066666666666668,0.6266666666666667,1.8133333333333332,0.56,0.013333333333333334
E1_MD6,C0,27,50,0.38645458071515204,0.007729091614303041,0.4733333333333333,0.5933333333333334,1.8066666666666666,0.5533333333333333,0.006666666666666667
E1_MD6,C0,27,100,0.7600774452103941,0.007600774452103941,0.5033333333333332,0.5966666666666667,1.8366666666666667,0.55,0.0033333333333333335
E1_MD6,C0,27,250,2.0022456404516893,0.008008982561806757,0.5186666666666665,0.58,1.8973333333333333,0.58,0.0013333333333333333
E1_MD6,C0,27,500,4.060338862429442,0.008120677724858884,0.5000000000000001,0.562,1.956,0.6066666666666667,0.0006666666666666666
E1_MD6,C1,27,25,0.176458690631201,0.00705834762524804,0.4933333333333334,0.6133333333333333,1.8133333333333332,0.56,0.02666666666666667
E1_MD6,C1,27,50,0.39101857979663546,0.007820371595932709,0.4666666666666666,0.5866666666666667,1.8066666666666666,0.5533333333333333,0.013333333333333334
E1_MD6,C1,27,100,0.7646414442918775,0.007646414442918775,0.49999999999999983,0.5933333333333334,1.8366666666666667,0.55,0.006666666666666667
E1_MD6,C1,27,250,2.0068096395331727,0.00802723855813269,0.5173333333333331,0.5786666666666667,1.8973333333333333,0.58,0.0026666666666666666
E1_MD6,C1,27,500,4.064902861510926,0.008129805723021851,0.49933333333333335,0.5613333333333334,1.956,0.6066666666666667,0.0013333333333333333
E1_MD6,C2,27,25,0.1686978803286131,0.006747915213144524,0.5066666666666668,0.6533333333333333,1.8133333333333332,0.56,0.013333333333333334
E1_MD6,C2,27,50,0.38325776949404755,0.007665155389880951,0.4733333333333333,0.6066666666666667,1.8066666666666666,0.5533333333333333,0.006666666666666667
E1_MD6,C2,27,100,0.7568806339892896,0.007568806339892896,0.5033333333333332,0.6033333333333334,1.8366666666666667,0.55,0.0033333333333333335
E1_MD6,C2,27,250,1.9990488292305848,0.007996195316922338,0.5186666666666665,0.5826666666666667,1.8973333333333333,0.58,0.0013333333333333333
E1_MD6,C2,27,500,4.057142051208339,0.008114284102416677,0.5000000000000001,0.5633333333333334,1.956,0.6066666666666667,0.0006666666666666666
E1_MD6,C3,27,25,0.17974988594770913,0.007189995437908365,0.4933333333333334,0.6266666666666667,1.8133333333333332,0.56,0.08
E1_MD6,C3,27,50,0.3972992291588465,0.00794598458317693,0.4666666666666666,0.5866666666666667,1.8066666666666666,0.5533333333333333,0.06666666666666667
E1_MD6,C3,27,100,0.7843016217307163,0.007843016217307163,0.49999999999999983,0.5933333333333334,1.8366666666666667,0.55,0.06
E1_MD6,C3,27,250,1.9812854643196929,0.00792514185727877,0.5173333333333331,0.5853333333333334,1.8973333333333333,0.58,0.05466666666666667
E1_MD6,C3,27,500,4.013785679862354,0.008027571359724709,0.49933333333333335,0.5653333333333334,1.956,0.6066666666666667,0.04466666666666667
E1_MD6,C4,27,25,0.17768823180072368,0.0071075292720289476,0.5066666666666668,0.6133333333333333,1.8133333333333332,0.56,0.09333333333333334
E1_MD6,C4,27,50,0.3958609704983078,0.007917219409966156,0.4733333333333333,0.58,1.8066666666666666,0.5533333333333333,0.05333333333333334
E1_MD6,C4,27,100,0.7757809558351981,0.007757809558351981,0.5033333333333332,0.5866666666666667,1.8366666666666667,0.55,0.05
E1_MD6,C4,27,250,2.0379205038255703,0.00815168201530228,0.5186666666666665,0.5733333333333334,1.8973333333333333,0.58,0.04933333333333333
E1_MD6,C4,27,500,4.1306047707226785,0.008261209541445358,0.5000000000000001,0.5553333333333333,1.956,0.6066666666666667,0.04466666666666667
E1_MD6,C0,28,25,0.1666603068933723,0.006666412275734892,0.5199999999999999,0.6533333333333333,1.9066666666666667,0.6533333333333333,0.06666666666666667
E1_MD6,C0,28,50,0.43344910114167556,0.008668982022833512,0.5133333333333332,0.6,1.9933333333333334,0.6466666666666666,0.03333333333333333
E1_MD6,C0,28,100,0.8163883689539656,0.008163883689539657,0.5100000000000001,0.59,2.006666666666667,0.66,0.016666666666666666
E1_MD6,C0,28,250,2.1373244124022848,0.00854929764960914,0.5026666666666666,0.5866666666666667,2.006666666666667,0.6466666666666666,0.006666666666666667
E1_MD6,C0,28,500,3.958364726877961,0.007916729453755923,0.5066666666666665,0.6073333333333333,1.97,0.62,0.0033333333333333335
E1_MD6,C1,28,25,0.1592101774170328,0.006368407096681312,0.5199999999999999,0.6533333333333333,1.9066666666666667,0.6533333333333333,0.013333333333333334
E1_MD6,C1,28,50,0.42599897166533607,0.00851997943330672,0.5133333333333332,0.6,1.9933333333333334,0.6466666666666666,0.006666666666666667
E1_MD6,C1,28,100,0.808938239477626,0.00808938239477626,0.5100000000000001,0.59,2.006666666666667,0.66,0.0033333333333333335
E1_MD6,C1,28,250,2.1298742829259454,0.00851949713170378,0.5026666666666666,0.5866666666666667,2.006666666666667,0.6466666666666666,0.0013333333333333333
E1_MD6,C1,28,500,3.9509145974016215,0.007901829194803244,0.5066666666666665,0.6073333333333333,1.97,0.62,0.0006666666666666666
E1_MD6,C2,28,25,0.11676890350295188,0.004670756140118075,0.5199999999999999,0.72,1.9066666666666667,0.6533333333333333,0.12
E1_MD6,C2,28,50,0.38355769775125514,0.007671153955025103,0.5133333333333332,0.6333333333333333,1.9933333333333334,0.6466666666666666,0.06
E1_MD6,C2,28,100,0.7664969655635451,0.007664969655635451,0.5100000000000001,0.6066666666666667,2.006666666666667,0.66,0.03
E1_MD6,C2,28,250,2.0874330090118645,0.008349732036047457,0.5026666666666666,0.5933333333333334,2.006666666666667,0.6466666666666666,0.012
E1_MD6,C2,28,500,3.9084733234875406,0.007816946646975081,0.5066666666666665,0.6106666666666667,1.97,0.62,0.006
E1_MD6,C3,28,25,0.15022226008798295,0.006008890403519318,0.5199999999999999,0.6666666666666666,1.9066666666666667,0.6533333333333333,0.06666666666666667
E1_MD6,C3,28,50,0.4170110543362862,0.008340221086725724,0.5133333333333332,0.6066666666666667,1.9933333333333334,0.6466666666666666,0.03333333333333333
E1_MD6,C3,28,100,0.7999503221485763,0.007999503221485764,0.5100000000000001,0.5933333333333334,2.006666666666667,0.66,0.016666666666666666
E1_MD6,C3,28,250,2.121571354574832,0.008486285418299329,0.5026666666666666,0.588,2.006666666666667,0.6466666666666666,0.009333333333333334
E1_MD6,C3,28,500,4.16378792820875,0.0083275758564175,0.5066666666666665,0.5966666666666667,1.97,0.62,0.03133333333333333
E1_MD6,C4,28,25,0.17348332769027242,0.0069393331076108965,0.5199999999999999,0.6266666666666667,1.9066666666666667,0.6533333333333333,0.05333333333333334
E1_MD6,C4,28,50,0.4459898890155701,0.0089197977803114,0.5133333333333332,0.58,1.9933333333333334,0.6466666666666666,0.03333333333333333
E1_MD6,C4,28,100,0.8261103800929585,0.008261103800929585,0.5100000000000001,0.58,2.006666666666667,0.66,0.023333333333333334
E1_MD6,C4,28,250,2.156822675944872,0.008627290703779489,0.5026666666666666,0.58,2.006666666666667,0.6466666666666666,0.012
E1_MD6,C4,28,500,3.9695619359134877,0.007939123871826976,0.5066666666666665,0.6053333333333333,1.97,0.62,0.007333333333333333
E1_MD6,C0,29,25,0.3073789759766773,0.012295159039067092,0.4533333333333333,0.5866666666666667,1.8,0.5466666666666666,0.02666666666666667
E1_MD6,C0,29,50,0.7272852345298019,0.014545704690596038,0.4666666666666666,0.5666666666666667,1.9,0.5866666666666667,0.013333333333333334
E1_MD6,C0,29,100,1.3541840490825126,0.013541840490825125,0.49,0.53,1.94,0.5966666666666667,0.006666666666666667
E1_MD6,C0,29,250,3.2155281020768363,0.012862112408307345,0.5053333333333335,0.5426666666666666,1.952,0.6066666666666667,0.0026666666666666666
E1_MD6,C0,29,500,6.355568141795734,0.012711136283591468,0.4993333333333332,0.5566666666666666,1.9313333333333333,0.5986666666666667,0.0013333333333333333
E1_MD6,C1,29,25,0.3073789759766773,0.012295159039067092,0.4533333333333333,0.5866666666666667,1.8,0.5466666666666666,0.02666666666666667
E1_MD6,C1,29,50,0.7272852345298019,0.014545704690596038,0.4666666666666666,0.5666666666666667,1.9,0.5866666666666667,0.013333333333333334
E1_MD6,C1,29,100,1.3541840490825126,0.013541840490825125,0.49,0.53,1.94,0.5966666666666667,0.006666666666666667
E1_MD6,C1,29,250,3.2155281020768363,0.012862112408307345,0.5053333333333335,0.5426666666666666,1.952,0.6066666666666667,0.0026666666666666666
E1_MD6,C1,29,500,6.355568141795734,0.012711136283591468,0.4993333333333332,0.5566666666666666,1.9313333333333333,0.5986666666666667,0.0013333333333333333
E1_MD6,C2,29,25,0.312381094065926,0.01249524376263704,0.4533333333333333,0.56,1.8,0.5466666666666666,0.05333333333333334
E1_MD6,C2,29,50,0.7322873526190504,0.014645747052381008,0.4666666666666666,0.5533333333333333,1.9,0.5866666666666667,0.02666666666666667
E1_MD6,C2,29,100,1.3591861671717609,0.013591861671717609,0.49,0.5233333333333333,1.94,0.5966666666666667,0.013333333333333334
E1_MD6,C2,29,250,3.220530220166084,0.012882120880664337,0.5053333333333335,0.54,1.952,0.6066666666666667,0.005333333333333333
E1_MD6,C2,29,500,6.36057025988498,0.01272114051976996,0.4993333333333332,0.5553333333333333,1.9313333333333333,0.5986666666666667,0.0026666666666666666
E1_MD6,C3,29,25,0.31871999499805026,0.01274879979992201,0.4533333333333333,0.56,1.8,0.5466666666666666,0.02666666666666667
E1_MD6,C3,29,50,0.7386262535511746,0.014772525071023493,0.4666666666666666,0.5533333333333333,1.9,0.5866666666666667,0.013333333333333334
E1_MD6,C3,29,100,1.3655250681038853,0.013655250681038853,0.49,0.5233333333333333,1.94,0.5966666666666667,0.006666666666666667
E1_MD6,C3,29,250,3.1426839759257503,0.012570735903703001,0.5053333333333335,0.548,1.952,0.6066666666666667,0.025333333333333333
E1_MD6,C3,29,500,5.892816168265909,0.011785632336531817,0.5006666666666665,0.5846666666666667,1.9313333333333333,0.5986666666666667,0.058
E1_MD6,C4,29,25,0.2235280955230593,0.008941123820922372,0.4533333333333333,0.6666666666666666,1.8,0.5466666666666666,0.17333333333333334
E1_MD6,C4,29,50,0.5938028769349072,0.011876057538698144,0.4666666666666666,0.6333333333333333,1.9,0.5866666666666667,0.16666666666666666
E1_MD6,C4,29,100,1.119193626169386,0.01119193626169386,0.49,0.5933333333333334,1.94,0.5966666666666667,0.11666666666666667
E1_MD6,C4,29,250,2.487449603043968,0.00994979841217587,0.5080000000000002,0.6253333333333333,1.952,0.6066666666666667,0.10666666666666667
E1_MD6,C4,29,500,4.6334544951379995,0.009266908990276,0.5019999999999999,0.6453333333333333,1.9313333333333333,0.5986666666666667,0.116
E1_MD6,C0,30,25,0.34488485450821743,0.013795394180328697,0.4266666666666667,0.52,2.026666666666667,0.6266666666666667,0.04
E1_MD6,C0,30,50,0.7012807367068427,0.014025614734136852,0.48,0.5266666666666666,1.96,0.6133333333333333,0.02
E1_MD6,C0,30,100,1.5842955352304038,0.01584295535230404,0.49000000000000005,0.5066666666666667,1.93,0.6033333333333334,0.01
E1_MD6,C0,30,250,3.5830721705619744,0.014332288682247897,0.5239999999999997,0.5306666666666666,1.9666666666666666,0.6093333333333333,0.004
E1_MD6,C0,30,500,7.112605065866731,0.014225210131733461,0.4940000000000004,0.5333333333333333,1.966,0.606,0.002
E1_MD6,C1,30,25,0.3386767685226733,0.013547070740906933,0.4266666666666667,0.5333333333333333,2.026666666666667,0.6266666666666667,0.06666666666666667
E1_MD6,C1,30,50,0.6950726507212984,0.013901453014425968,0.48,0.5333333333333333,1.96,0.6133333333333333,0.03333333333333333
E1_MD6,C1,30,100,1.5780874492448593,0.015780874492448593,0.49000000000000005,0.51,1.93,0.6033333333333334,0.016666666666666666
E1_MD6,C1,30,250,3.5768640845764295,0.014307456338305718,0.5239999999999997,0.532,1.9666666666666666,0.6093333333333333,0.006666666666666667
E1_MD6,C1,30,500,7.106396979881186,0.014212793959762372,0.4940000000000004,0.534,1.966,0.606,0.0033333333333333335
E1_MD6,C2,30,25,0.31761750709264475,0.012704700283705789,0.44,0.56,2.026666666666667,0.6266666666666667,0.013333333333333334
E1_MD6,C2,30,50,0.6740133892912697,0.013480267785825395,0.48666666666666664,0.5466666666666666,1.96,0.6133333333333333,0.006666666666666667
E1_MD6,C2,30,100,1.5570281878148309,0.01557028187814831,0.49333333333333335,0.5166666666666667,1.93,0.6033333333333334,0.0033333333333333335
E1_MD6,C2,30,250,3.5558048231464014,0.014223219292585606,0.525333333333333,0.5346666666666666,1.9666666666666666,0.6093333333333333,0.0013333333333333333
E1_MD6,C2,30,500,7.085337718451159,0.014170675436902319,0.4946666666666671,0.5353333333333333,1.966,0.606,0.0006666666666666666
E1_MD6,C3,30,25,0.32483179296507436,0.012993271718602975,0.4266666666666667,0.56,2.026666666666667,0.6266666666666667,0.06666666666666667
E1_MD6,C3,30,50,0.6812276751636995,0.013624553503273991,0.48,0.5466666666666666,1.96,0.6133333333333333,0.03333333333333333
E1_MD6,C3,30,100,1.5642424736872604,0.015642424736872603,0.49000000000000005,0.5166666666666667,1.93,0.6033333333333334,0.016666666666666666
E1_MD6,C3,30,250,3.5630191090188306,0.014252076436075322,0.5239999999999997,0.5346666666666666,1.9666666666666666,0.6093333333333333,0.006666666666666667
E1_MD6,C3,30,500,7.092552004323588,0.014185104008647175,0.4940000000000004,0.5353333333333333,1.966,0.606,0.0033333333333333335
E1_MD6,C4,30,25,0.36607167052414397,0.014642866820965758,0.44,0.49333333333333335,2.026666666666667,0.6266666666666667,0.09333333333333334
E1_MD6,C4,30,50,0.8031859674845889,0.01606371934969178,0.48666666666666664,0.47333333333333333,1.96,0.6133333333333333,0.13333333333333333
E1_MD6,C4,30,100,1.7555715528723779,0.01755571552872378,0.49333333333333335,0.47,1.93,0.6033333333333334,0.09333333333333334
E1_MD6,C4,30,250,3.7736130016822877,0.015094452006729151,0.525333333333333,0.5173333333333333,1.9666666666666666,0.6093333333333333,0.042666666666666665
E1_MD6,C4,30,500,7.317278575803666,0.014634557151607332,0.4946666666666671,0.526,1.966,0.606,0.027333333333333334
E1_MD6,C0,31,25,0.17969174156776585,0.007187669662710634,0.5066666666666666,0.6666666666666666,1.7733333333333334,0.5066666666666667,0.02666666666666667
E1_MD6,C0,31,50,0.48422452753902423,0.009684490550780484,0.5266666666666667,0.5866666666666667,1.92,0.5866666666666667,0.013333333333333334
E1_MD6,C0,31,100,0.9758604260169406,0.009758604260169406,0.4866666666666668,0.5866666666666667,1.9,0.5833333333333334,0.006666666666666667
E1_MD6,C0,31,250,2.4896821551180226,0.00995872862047209,0.4879999999999998,0.552,1.912,0.5853333333333334,0.0026666666666666666
E1_MD6,C0,31,500,5.3215813968167796,0.01064316279363356,0.496,0.528,1.9153333333333333,0.5873333333333334,0.0013333333333333333
E1_MD6,C1,31,25,0.21541459224009807,0.008616583689603923,0.5066666666666666,0.64,1.7733333333333334,0.5066666666666667,0.04
E1_MD6,C1,31,50,0.5199473782113565,0.01039894756422713,0.5266666666666667,0.5733333333333334,1.92,0.5866666666666667,0.02
E1_MD6,C1,31,100,1.0115832766892727,0.010115832766892728,0.4866666666666668,0.58,1.9,0.5833333333333334,0.01
E1_MD6,C1,31,250,2.525405005790355,0.01010162002316142,0.4879999999999998,0.5493333333333333,1.912,0.5853333333333334,0.004
E1_MD6,C1,31,500,5.357304247489112,0.010714608494978224,0.496,0.5266666666666666,1.9153333333333333,0.5873333333333334,0.002
E1_MD6,C2,31,25,0.19367951594548094,0.007747180637819238,0.5066666666666666,0.6666666666666666,1.7733333333333334,0.5066666666666667,0.02666666666666667
E1_MD6,C2,31,50,0.4982123019167393,0.009964246038334786,0.5266666666666667,0.5866666666666667,1.92,0.5866666666666667,0.013333333333333334
E1_MD6,C2,31,100,0.9898482003946556,0.009898482003946557,0.4866666666666668,0.5866666666666667,1.9,0.5833333333333334,0.006666666666666667
E1_MD6,C2,31,250,2.5036699294957376,0.010014679717982951,0.4879999999999998,0.552,1.912,0.5853333333333334,0.0026666666666666666
E1_MD6,C2,31,500,5.3355691711944955,0.01067113834238899,0.496,0.528,1.9153333333333333,0.5873333333333334,0.0013333333333333333
E1_MD6,C3,31,25,0.19367951594548094,0.007747180637819238,0.5066666666666666,0.6666666666666666,1.7733333333333334,0.5066666666666667,0.02666666666666667
E1_MD6,C3,31,50,0.4982123019167393,0.009964246038334786,0.5266666666666667,0.5866666666666667,1.92,0.5866666666666667,0.013333333333333334
E1_MD6,C3,31,100,0.9898482003946556,0.009898482003946557,0.4866666666666668,0.5866666666666667,1.9,0.5833333333333334,0.006666666666666667
E1_MD6,C3,31,250,2.5036699294957376,0.010014679717982951,0.4879999999999998,0.552,1.912,0.5853333333333334,0.0026666666666666666
E1_MD6,C3,31,500,5.3355691711944955,0.01067113834238899,0.496,0.528,1.9153333333333333,0.5873333333333334,0.0013333333333333333
E1_MD6,C4,31,25,0.19800422522875083,0.007920169009150033,0.5066666666666666,0.64,1.7733333333333334,0.5066666666666667,0.06666666666666667
E1_MD6,C4,31,50,0.5025370112000092,0.010050740224000184,0.5266666666666667,0.5733333333333334,1.92,0.5866666666666667,0.03333333333333333
E1_MD6,C4,31,100,0.9941729096779255,0.009941729096779255,0.4866666666666668,0.58,1.9,0.5833333333333334,0.016666666666666666
E1_MD6,C4,31,250,2.5079946387790075,0.01003197855511603,0.4879999999999998,0.5493333333333333,1.912,0.5853333333333334,0.006666666666666667
E1_MD6,C4,31,500,5.623764259011426,0.011247528518022852,0.4946666666666667,0.5153333333333333,1.9153333333333333,0.5873333333333334,0.03
E1_MD6,C0,32,25,0.19372062458385886,0.007748824983354354,0.38666666666666677,0.6933333333333334,1.9333333333333333,0.6266666666666667,0.36
E1_MD6,C0,32,50,0.45567338152944875,0.009113467630588975,0.40666666666666673,0.66,1.88,0.5933333333333334,0.21333333333333335
E1_MD6,C0,32,100,0.9841150343616081,0.00984115034361608,0.47,0.6,1.8633333333333333,0.5866666666666667,0.11
E1_MD6,C0,32,250,2.6769849477113223,0.01070793979084529,0.5079999999999998,0.564,1.8546666666666667,0.5653333333333334,0.050666666666666665
E1_MD6,C0,32,500,5.8649073391232065,0.011729814678246414,0.4946666666666667,0.534,1.896,0.5846666666666667,0.02666666666666667
E1_MD6,C1,32,25,0.3155789063802884,0.012623156255211536,0.38666666666666677,0.48,1.9333333333333333,0.6266666666666667,0.02666666666666667
E1_MD6,C1,32,50,0.6357642783270534,0.012715285566541067,0.40666666666666673,0.52,1.88,0.5933333333333334,0.013333333333333334
E1_MD6,C1,32,100,1.163531588518969,0.01163531588518969,0.47,0.5333333333333333,1.8633333333333333,0.5866666666666667,0.006666666666666667
E1_MD6,C1,32,250,2.8657496914502105,0.011462998765800841,0.5079999999999998,0.5333333333333333,1.8546666666666667,0.5653333333333334,0.0026666666666666666
E1_MD6,C1,32,500,6.052633395426501,0.012105266790853001,0.4946666666666667,0.518,1.896,0.5846666666666667,0.0013333333333333333
E1_MD6,C2,32,25,0.32690096172738947,0.013076038469095578,0.38666666666666677,0.4666666666666667,1.9333333333333333,0.6266666666666667,0.013333333333333334
E1_MD6,C2,32,50,0.6470863336741546,0.012941726673483091,0.40666666666666673,0.5133333333333333,1.88,0.5933333333333334,0.006666666666666667
E1_MD6,C2,32,100,1.1748536438660704,0.011748536438660704,0.47,0.53,1.8633333333333333,0.5866666666666667,0.0033333333333333335
E1_MD6,C2,32,250,2.8770717467973124,0.01150828698718925,0.5079999999999998,0.532,1.8546666666666667,0.5653333333333334,0.0013333333333333333
E1_MD6,C2,32,500,6.0639554507736015,0.012127910901547204,0.4946666666666667,0.5173333333333333,1.896,0.5846666666666667,0.0006666666666666666
E1_MD6,C3,32,25,0.30461893085612374,0.012184757234244949,0.38666666666666677,0.5066666666666667,1.9333333333333333,0.6266666666666667,0.02666666666666667
E1_MD6,C3,32,50,0.5839702843632655,0.01167940568726531,0.40666666666666673,0.5533333333333333,1.88,0.5933333333333334,0.03333333333333333
E1_MD6,C3,32,100,0.9658564959556919,0.00965856495955692,0.47,0.5966666666666667,1.8633333333333333,0.5866666666666667,0.06333333333333334
E1_MD6,C3,32,250,1.9636907186281358,0.007854762874512543,0.516,0.6373333333333333,1.8546666666666667,0.5653333333333334,0.104
E1_MD6,C3,32,500,3.8158600223841144,0.007631720044768229,0.502,0.6533333333333333,1.896,0.5846666666666667,0.13533333333333333
E1_MD6,C4,32,25,0.256988779476654,0.010279551179066159,0.38666666666666677,0.5466666666666666,1.9333333333333333,0.6266666666666667,0.17333333333333334
E1_MD6,C4,32,50,0.5556188675150449,0.011112377350300897,0.40666666666666673,0.5666666666666667,1.88,0.5933333333333334,0.1
E1_MD6,C4,32,100,1.036490673845191,0.010364906738451909,0.47,0.5733333333333334,1.8633333333333333,0.5866666666666667,0.06666666666666667
E1_MD6,C4,32,250,2.6324037854144318,0.010529615141657726,0.5079999999999998,0.5613333333333334,1.8546666666666667,0.5653333333333334,0.03866666666666667
E1_MD6,C4,32,500,5.712051708941461,0.011424103417882922,0.4946666666666667,0.5406666666666666,1.896,0.5846666666666667,0.028
E1_MD6,C0,33,25,0.39690370520222495,0.015876148208088997,0.4799999999999999,0.41333333333333333,1.9466666666666668,0.6266666666666667,0.10666666666666667
E1_MD6,C0,33,50,0.8255494469795106,0.016510988939590212,0.48,0.44,1.9933333333333334,0.6333333333333333,0.05333333333333334
E1_MD6,C0,33,100,1.5866309634971192,0.015866309634971192,0.45666666666666644,0.4633333333333333,1.9666666666666666,0.6,0.03
E1_MD6,C0,33,250,3.8698937983311343,0.015479575193324538,0.472,0.48,1.9573333333333334,0.5946666666666667,0.013333333333333334
E1_MD6,C0,33,500,7.634058613441052,0.015268117226882105,0.4793333333333334,0.486,1.9473333333333334,0.5893333333333334,0.006666666666666667
E1_MD6,C1,33,25,0.3852026856995071,0.015408107427980284,0.4799999999999999,0.4666666666666667,1.9466666666666668,0.6266666666666667,0.013333333333333334
E1_MD6,C1,33,50,0.8138484274767928,0.016276968549535854,0.48,0.4666666666666667,1.9933333333333334,0.6333333333333333,0.006666666666666667
E1_MD6,C1,33,100,1.5721524461108907,0.015721524461108905,0.45666666666666644,0.4766666666666667,1.9666666666666666,0.6,0.0033333333333333335
E1_MD6,C1,33,250,3.8504128764006693,0.015401651505602677,0.472,0.48533333333333334,1.9573333333333334,0.5946666666666667,0.0013333333333333333
E1_MD6,C1,33,500,7.614577691510586,0.015229155383021173,0.4793333333333334,0.4886666666666667,1.9473333333333334,0.5893333333333334,0.0006666666666666666
E1_MD6,C2,33,25,0.3625480508937358,0.014501922035749433,0.4799999999999999,0.48,1.9466666666666668,0.6266666666666667,0.02666666666666667
E1_MD6,C2,33,50,0.7911937926710213,0.015823875853420426,0.48,0.47333333333333333,1.9933333333333334,0.6333333333333333,0.013333333333333334
E1_MD6,C2,33,100,1.549497811305119,0.01549497811305119,0.45666666666666644,0.48,1.9666666666666666,0.6,0.006666666666666667
E1_MD6,C2,33,250,3.8277582415948985,0.015311032966379595,0.472,0.4866666666666667,1.9573333333333334,0.5946666666666667,0.0026666666666666666
E1_MD6,C2,33,500,7.591923056704816,0.015183846113409633,0.4793333333333334,0.48933333333333334,1.9473333333333334,0.5893333333333334,0.0013333333333333333
E1_MD6,C3,33,25,0.3404534204330056,0.013618136817320223,0.4799999999999999,0.49333333333333335,1.9466666666666668,0.6266666666666667,0.09333333333333334
E1_MD6,C3,33,50,0.7690991622102912,0.015381983244205824,0.48,0.48,1.9933333333333334,0.6333333333333333,0.04666666666666667
E1_MD6,C3,33,100,1.527403180844389,0.01527403180844389,0.45666666666666644,0.48333333333333334,1.9666666666666666,0.6,0.023333333333333334
E1_MD6,C3,33,250,3.798229569179656,0.015192918276718623,0.472,0.492,1.9573333333333334,0.5946666666666667,0.016
E1_MD6,C3,33,500,7.562394384289572,0.015124788768579143,0.4793333333333334,0.492,1.9473333333333334,0.5893333333333334,0.008
E1_MD6,C4,33,25,0.3473010914878176,0.013892043659512705,0.4799999999999999,0.48,1.9466666666666668,0.6266666666666667,0.09333333333333334
E1_MD6,C4,33,50,0.7759468332651032,0.015518936665302064,0.48,0.47333333333333333,1.9933333333333334,0.6333333333333333,0.04666666666666667
E1_MD6,C4,33,100,1.4577159362209813,0.014577159362209813,0.45666666666666644,0.49333333333333335,1.9666666666666666,0.6,0.043333333333333335
E1_MD6,C4,33,250,3.5923660196353913,0.014369464078541566,0.47333333333333333,0.5053333333333333,1.9573333333333334,0.5946666666666667,0.032
E1_MD6,C4,33,500,7.208740801524632,0.014417481603049264,0.48066666666666663,0.5046666666666667,1.9473333333333334,0.5893333333333334,0.023333333333333334
E1_MD6,C0,34,25,0.2524081290040224,0.010096325160160895,0.5333333333333333,0.52,1.8933333333333333,0.5466666666666666,0.0
E1_MD6,C0,34,50,0.5348889282994973,0.010697778565989946,0.5133333333333333,0.52,1.88,0.5533333333333333,0.0
E1_MD6,C0,34,100,1.150466591237881,0.01150466591237881,0.4933333333333335,0.49666666666666665,1.8633333333333333,0.5566666666666666,0.0
E1_MD6,C0,34,250,3.0057751294716595,0.012023100517886638,0.4960000000000003,0.496,1.9133333333333333,0.5866666666666667,0.0
E1_MD6,C0,34,500,5.878093153767915,0.011756186307535828,0.517333333333334,0.5073333333333333,1.9046666666666667,0.5686666666666667,0.0
E1_MD6,C1,34,25,0.25299002491552763,0.010119600996621105,0.5333333333333333,0.5066666666666667,1.8933333333333333,0.5466666666666666,0.013333333333333334
E1_MD6,C1,34,50,0.5354708242110027,0.010709416484220054,0.5133333333333333,0.5133333333333333,1.88,0.5533333333333333,0.006666666666666667
E1_MD6,C1,34,100,1.1510484871493865,0.011510484871493865,0.4933333333333335,0.49333333333333335,1.8633333333333333,0.5566666666666666,0.0033333333333333335
E1_MD6,C1,34,250,3.006357025383165,0.01202542810153266,0.4960000000000003,0.49466666666666664,1.9133333333333333,0.5866666666666667,0.0013333333333333333
E1_MD6,C1,34,500,5.87867504967942,0.01175735009935884,0.517333333333334,0.5066666666666667,1.9046666666666667,0.5686666666666667,0.0006666666666666666
E1_MD6,C2,34,25,0.2524081290040224,0.010096325160160895,0.5333333333333333,0.52,1.8933333333333333,0.5466666666666666,0.0
E1_MD6,C2,34,50,0.5348889282994973,0.010697778565989946,0.5133333333333333,0.52,1.88,0.5533333333333333,0.0
E1_MD6,C2,34,100,1.150466591237881,0.01150466591237881,0.4933333333333335,0.49666666666666665,1.8633333333333333,0.5566666666666666,0.0
E1_MD6,C2,34,250,3.0057751294716595,0.012023100517886638,0.4960000000000003,0.496,1.9133333333333333,0.5866666666666667,0.0
E1_MD6,C2,34,500,5.878093153767915,0.011756186307535828,0.517333333333334,0.5073333333333333,1.9046666666666667,0.5686666666666667,0.0
E1_MD6,C3,34,25,0.2524081290040224,0.010096325160160895,0.5333333333333333,0.52,1.8933333333333333,0.5466666666666666,0.0
E1_MD6,C3,34,50,0.5348889282994973,0.010697778565989946,0.5133333333333333,0.52,1.88,0.5533333333333333,0.0
E1_MD6,C3,34,100,1.150466591237881,0.01150466591237881,0.4933333333333335,0.49666666666666665,1.8633333333333333,0.5566666666666666,0.0
E1_MD6,C3,34,250,3.0057751294716595,0.012023100517886638,0.4960000000000003,0.496,1.9133333333333333,0.5866666666666667,0.0
E1_MD6,C3,34,500,5.878093153767915,0.011756186307535828,0.517333333333334,0.5073333333333333,1.9046666666666667,0.5686666666666667,0.0
E1_MD6,C4,34,25,0.2389543622050424,0.009558174488201697,0.5333333333333333,0.5333333333333333,1.8933333333333333,0.5466666666666666,0.04
E1_MD6,C4,34,50,0.5199293186115321,0.010398586372230643,0.5133333333333333,0.5333333333333333,1.88,0.5533333333333333,0.02666666666666667
E1_MD6,C4,34,100,1.1213724232226712,0.011213724232226711,0.4933333333333335,0.5066666666666667,1.8633333333333333,0.5566666666666666,0.016666666666666666
E1_MD6,C4,34,250,2.9539867895517067,0.011815947158206826,0.4960000000000003,0.5013333333333333,1.9133333333333333,0.5866666666666667,0.016
E1_MD6,C4,34,500,5.819974337732417,0.011639948675464834,0.517333333333334,0.5113333333333333,1.9046666666666667,0.5686666666666667,0.010666666666666666
E1_MD6,C0,35,25,0.22038330625037617,0.008815332250015047,0.6266666666666666,0.5866666666666667,1.9333333333333333,0.64,0.0
E1_MD6,C0,35,50,0.45028262483162895,0.009005652496632578,0.5733333333333333,0.6333333333333333,1.8666666666666667,0.5866666666666667,0.0
E1_MD6,C0,35,100,0.8567621471187377,0.008567621471187377,0.5466666666666665,0.6733333333333333,1.8366666666666667,0.5433333333333333,0.0
E1_MD6,C0,35,250,2.479993027040635,0.00991997210816254,0.4853333333333333,0.656,1.884,0.5746666666666667,0.0
E1_MD6,C0,35,500,5.253387589319253,0.010506775178638506,0.49666666666666626,0.6453333333333333,1.932,0.5933333333333334,0.0
E1_MD6,C1,35,25,0.23755267481264436,0.009502106992505775,0.6266666666666666,0.5733333333333334,1.9333333333333333,0.64,0.02666666666666667
E1_MD6,C1,35,50,0.46745199339389715,0.009349039867877943,0.5733333333333333,0.6266666666666667,1.8666666666666667,0.5866666666666667,0.013333333333333334
E1_MD6,C1,35,100,0.8739315156810059,0.008739315156810059,0.5466666666666665,0.67,1.8366666666666667,0.5433333333333333,0.006666666666666667
E1_MD6,C1,35,250,2.4971623956029028,0.00998864958241161,0.4853333333333333,0.6546666666666666,1.884,0.5746666666666667,0.0026666666666666666
E1_MD6,C1,35,500,5.270556957881521,0.010541113915763041,0.49666666666666626,0.6446666666666667,1.932,0.5933333333333334,0.0013333333333333333
E1_MD6,C2,35,25,0.22886439317422264,0.009154575726968905,0.6266666666666666,0.5733333333333334,1.9333333333333333,0.64,0.013333333333333334
E1_MD6,C2,35,50,0.4587637117554754,0.009175274235109509,0.5733333333333333,0.6266666666666667,1.8666666666666667,0.5866666666666667,0.006666666666666667
E1_MD6,C2,35,100,0.8652432340425842,0.008652432340425842,0.5466666666666665,0.67,1.8366666666666667,0.5433333333333333,0.0033333333333333335
E1_MD6,C2,35,250,2.4884741139644815,0.009953896455857926,0.4853333333333333,0.6546666666666666,1.884,0.5746666666666667,0.0013333333333333333
E1_MD6,C2,35,500,5.261868676243099,0.010523737352486197,0.49666666666666626,0.6446666666666667,1.932,0.5933333333333334,0.0006666666666666666
E1_MD6,C3,35,25,0.23370860300957313,0.009348344120382926,0.6266666666666666,0.56,1.9333333333333333,0.64,0.02666666666666667
E1_MD6,C3,35,50,0.473382358104419,0.00946764716208838,0.5733333333333333,0.6133333333333333,1.8666666666666667,0.5866666666666667,0.02666666666666667
E1_MD6,C3,35,100,0.9160504070184925,0.009160504070184925,0.5499999999999999,0.6533333333333333,1.8366666666666667,0.5433333333333333,0.05333333333333334
E1_MD6,C3,35,250,2.5551487233116346,0.010220594893246539,0.48666666666666664,0.6466666666666666,1.884,0.5746666666666667,0.030666666666666665
E1_MD6,C3,35,500,5.514881503559312,0.011029763007118625,0.4973333333333329,0.6326666666666667,1.932,0.5933333333333334,0.052
E1_MD6,C4,35,25,0.24212450071689556,0.009684980028675823,0.6266666666666666,0.56,1.9333333333333333,0.64,0.04
E1_MD6,C4,35,50,0.48035998591816276,0.009607199718363255,0.5733333333333333,0.62,1.8666666666666667,0.5866666666666667,0.02666666666666667
E1_MD6,C4,35,100,0.9058453351539744,0.009058453351539743,0.5466666666666665,0.66,1.8366666666666667,0.5433333333333333,0.023333333333333334
E1_MD6,C4,35,250,2.620193152025291,0.010480772608101164,0.4853333333333333,0.64,1.884,0.5746666666666667,0.025333333333333333
E1_MD6,C4,35,500,5.611647657238056,0.011223295314476111,0.49533333333333296,0.6266666666666667,1.932,0.5933333333333334,0.04133333333333333
E1_MD6,C0,36,25,0.15572812652802814,0.006229125061121126,0.49333333333333335,0.6266666666666667,1.8533333333333333,0.5333333333333333,0.013333333333333334
E1_MD6,C0,36,50,0.31438849927920165,0.006287769985584033,0.5066666666666667,0.62,1.9666666666666666,0.6133333333333333,0.006666666666666667
E1_MD6,C0,36,100,0.5922838953994497,0.005922838953994497,0.4833333333333333,0.63,1.9333333333333333,0.59,0.0033333333333333335
E1_MD6,C0,36,250,1.4993464609609646,0.0059973858438438585,0.4799999999999999,0.6346666666666667,1.9466666666666668,0.592,0.0013333333333333333
E1_MD6,C0,36,500,3.052388920707463,0.006104777841414926,0.49999999999999983,0.6273333333333333,1.9613333333333334,0.5973333333333334,0.0006666666666666666
E1_MD6,C1,36,25,0.15572812652802814,0.006229125061121126,0.49333333333333335,0.6266666666666667,1.8533333333333333,0.5333333333333333,0.013333333333333334
E1_MD6,C1,36,50,0.31438849927920165,0.006287769985584033,0.5066666666666667,0.62,1.9666666666666666,0.6133333333333333,0.006666666666666667
E1_MD6,C1,36,100,0.5922838953994497,0.005922838953994497,0.4833333333333333,0.63,1.9333333333333333,0.59,0.0033333333333333335
E1_MD6,C1,36,250,1.4993464609609646,0.0059973858438438585,0.4799999999999999,0.6346666666666667,1.9466666666666668,0.592,0.0013333333333333333
E1_MD6,C1,36,500,3.052388920707463,0.006104777841414926,0.49999999999999983,0.6273333333333333,1.9613333333333334,0.5973333333333334,0.0006666666666666666
E1_MD6,C2,36,25,0.14826746613335295,0.0059306986453341185,0.49333333333333335,0.6266666666666667,1.8533333333333333,0.5333333333333333,0.013333333333333334
E1_MD6,C2,36,50,0.30692783888452646,0.006138556777690529,0.5066666666666667,0.62,1.9666666666666666,0.6133333333333333,0.006666666666666667
E1_MD6,C2,36,100,0.5848232350047745,0.005848232350047745,0.4833333333333333,0.63,1.9333333333333333,0.59,0.0033333333333333335
E1_MD6,C2,36,250,1.4918858005662892,0.0059675432022651565,0.4799999999999999,0.6346666666666667,1.9466666666666668,0.592,0.0013333333333333333
E1_MD6,C2,36,500,3.044928260312788,0.006089856520625576,0.49999999999999983,0.6273333333333333,1.9613333333333334,0.5973333333333334,0.0006666666666666666
E1_MD6,C3,36,25,0.13644140044647746,0.005457656017859098,0.49333333333333335,0.6666666666666666,1.8533333333333333,0.5333333333333333,0.04
E1_MD6,C3,36,50,0.29510177319765096,0.005902035463953019,0.5066666666666667,0.64,1.9666666666666666,0.6133333333333333,0.02
E1_MD6,C3,36,100,0.5555664726613976,0.005555664726613976,0.4833333333333333,0.6433333333333333,1.9333333333333333,0.59,0.016666666666666666
E1_MD6,C3,36,250,1.4625410403047945,0.005850164161219178,0.4799999999999999,0.6373333333333333,1.9466666666666668,0.592,0.013333333333333334
E1_MD6,C3,36,500,3.015583500051293,0.006031167000102586,0.49999999999999983,0.6286666666666667,1.9613333333333334,0.5973333333333334,0.006666666666666667
E1_MD6,C4,36,25,0.14826746613335295,0.0059306986453341185,0.49333333333333335,0.6266666666666667,1.8533333333333333,0.5333333333333333,0.013333333333333334
E1_MD6,C4,36,50,0.3042006453001157,0.006084012906002314,0.5066666666666667,0.6266666666666667,1.9666666666666666,0.6133333333333333,0.013333333333333334
E1_MD6,C4,36,100,0.5561183363357639,0.005561183363357639,0.4833333333333333,0.6466666666666666,1.9333333333333333,0.59,0.03666666666666667
E1_MD6,C4,36,250,1.4630104592382152,0.005852041836952861,0.4799999999999999,0.6413333333333333,1.9466666666666668,0.592,0.018666666666666668
E1_MD6,C4,36,500,3.0112123500196546,0.006022424700039309,0.49999999999999983,0.6313333333333333,1.9613333333333334,0.5973333333333334,0.011333333333333334
E1_MD6,C0,37,25,0.4157947421822547,0.016631789687290188,0.4933333333333333,0.5066666666666667,2.026666666666667,0.6666666666666666,0.02666666666666667
E1_MD6,C0,37,50,0.7648173942224015,0.015296347884448029,0.4866666666666666,0.54,1.96,0.62,0.013333333333333334
E1_MD6,C0,37,100,1.5990566049535329,0.01599056604953533,0.48666666666666664,0.5166666666666667,1.9866666666666666,0.6366666666666667,0.006666666666666667
E1_MD6,C0,37,250,3.869726506958236,0.015478906027832943,0.485333333333333,0.536,1.988,0.6173333333333333,0.0026666666666666666
E1_MD6,C0,37,500,7.7677989349711805,0.015535597869942361,0.4906666666666665,0.5246666666666666,1.9826666666666666,0.6193333333333333,0.0033333333333333335
E1_MD6,C1,37,25,0.4171195159754991,0.016684780639019965,0.4933333333333333,0.49333333333333335,2.026666666666667,0.6666666666666666,0.013333333333333334
E1_MD6,C1,37,50,0.7661421680156457,0.015322843360312914,0.4866666666666666,0.5333333333333333,1.96,0.62,0.006666666666666667
E1_MD6,C1,37,100,1.6003813787467773,0.016003813787467774,0.48666666666666664,0.5133333333333333,1.9866666666666666,0.6366666666666667,0.0033333333333333335
E1_MD6,C1,37,250,3.87105128075148,0.015484205123005919,0.485333333333333,0.5346666666666666,1.988,0.6173333333333333,0.0013333333333333333
E1_MD6,C1,37,500,7.814573679811273,0.015629147359622547,0.4906666666666665,0.522,1.9826666666666666,0.6193333333333333,0.0006666666666666666
E1_MD6,C2,37,25,0.42085486369926955,0.016834194547970784,0.4933333333333333,0.49333333333333335,2.026666666666667,0.6666666666666666,0.013333333333333334
E1_MD6,C2,37,50,0.7698775157394162,0.015397550314788323,0.4866666666666666,0.5333333333333333,1.96,0.62,0.006666666666666667
E1_MD6,C2,37,100,1.6041167264705478,0.01604116726470548,0.48666666666666664,0.5133333333333333,1.9866666666666666,0.6366666666666667,0.0033333333333333335
E1_MD6,C2,37,250,3.8747866284752503,0.015499146513901002,0.485333333333333,0.5346666666666666,1.988,0.6173333333333333,0.0013333333333333333
E1_MD6,C2,37,500,7.818309027535044,0.01563661805507009,0.4906666666666665,0.522,1.9826666666666666,0.6193333333333333,0.0006666666666666666
E1_MD6,C3,37,25,0.42085486369926955,0.016834194547970784,0.4933333333333333,0.49333333333333335,2.026666666666667,0.6666666666666666,0.013333333333333334
E1_MD6,C3,37,50,0.7678738356900991,0.015357476713801983,0.4866666666666666,0.5333333333333333,1.96,0.62,0.013333333333333334
E1_MD6,C3,37,100,1.6021130464212308,0.01602113046421231,0.48666666666666664,0.5133333333333333,1.9866666666666666,0.6366666666666667,0.006666666666666667
E1_MD6,C3,37,250,3.367699591768107,0.013470798367072427,0.48799999999999977,0.584,1.988,0.6173333333333333,0.06533333333333333
E1_MD6,C3,37,500,5.696242383039271,0.011392484766078542,0.49599999999999983,0.624,1.9826666666666666,0.6193333333333333,0.116
E1_MD6,C4,37,25,0.3954904112903406,0.015819616451613627,0.4933333333333333,0.52,2.026666666666667,0.6666666666666666,0.05333333333333334
E1_MD6,C4,37,50,0.7445130633304873,0.014890261266609745,0.4866666666666666,0.5466666666666666,1.96,0.62,0.02666666666666667
E1_MD6,C4,37,100,1.578752274061619,0.01578752274061619,0.48666666666666664,0.52,1.9866666666666666,0.6366666666666667,0.013333333333333334
E1_MD6,C4,37,250,3.5492606906171,0.0141970427624684,0.4879999999999997,0.576,1.988,0.6173333333333333,0.048
E1_MD6,C4,37,500,6.23463595087407,0.01246927190174814,0.49599999999999983,0.6033333333333334,1.9826666666666666,0.6193333333333333,0.092
E1_MD6,C0,38,25,0.5569401546392437,0.02227760618556975,0.3733333333333333,0.44,1.96,0.64,0.0
E1_MD6,C0,38,50,1.0991421456113448,0.021982842912226897,0.4333333333333334,0.43333333333333335,1.96,0.6466666666666666,0.0
E1_MD6,C0,38,100,2.124489823744343,0.02124489823744343,0.4800000000000001,0.45,1.9633333333333334,0.6166666666666667,0.0
E1_MD6,C0,38,250,5.098732340526203,0.02039492936210481,0.4746666666666667,0.4653333333333333,1.9146666666666667,0.6013333333333334,0.0
E1_MD6,C0,38,500,10.518906743002132,0.021037813486004264,0.4846666666666665,0.45,1.962,0.614,0.0
E1_MD6,C1,38,25,0.5292422486840216,0.021169689947360862,0.3733333333333333,0.4533333333333333,1.96,0.64,0.04
E1_MD6,C1,38,50,1.071444239656123,0.02142888479312246,0.4333333333333334,0.44,1.96,0.6466666666666666,0.02
E1_MD6,C1,38,100,2.096791917789121,0.020967919177891214,0.4800000000000001,0.4533333333333333,1.9633333333333334,0.6166666666666667,0.01
E1_MD6,C1,38,250,5.071034434570981,0.020284137738283924,0.4746666666666667,0.4666666666666667,1.9146666666666667,0.6013333333333334,0.004
E1_MD6,C1,38,500,10.49120883704691,0.020982417674093822,0.4846666666666665,0.45066666666666666,1.962,0.614,0.002
E1_MD6,C2,38,25,0.5569401546392437,0.02227760618556975,0.3733333333333333,0.44,1.96,0.64,0.0
E1_MD6,C2,38,50,1.0991421456113448,0.021982842912226897,0.4333333333333334,0.43333333333333335,1.96,0.6466666666666666,0.0
E1_MD6,C2,38,100,2.124489823744343,0.02124489823744343,0.4800000000000001,0.45,1.9633333333333334,0.6166666666666667,0.0
E1_MD6,C2,38,250,5.098732340526203,0.02039492936210481,0.4746666666666667,0.4653333333333333,1.9146666666666667,0.6013333333333334,0.0
E1_MD6,C2,38,500,10.518906743002132,0.021037813486004264,0.4846666666666665,0.45,1.962,0.614,0.0
E1_MD6,C3,38,25,0.5398758225686267,0.021595032902745066,0.3733333333333333,0.4533333333333333,1.96,0.64,0.013333333333333334
E1_MD6,C3,38,50,1.082077813540728,0.02164155627081456,0.4333333333333334,0.44,1.96,0.6466666666666666,0.006666666666666667
E1_MD6,C3,38,100,2.1074254916737263,0.021074254916737263,0.4800000000000001,0.4533333333333333,1.9633333333333334,0.6166666666666667,0.0033333333333333335
E1_MD6,C3,38,250,5.081668008455587,0.020326672033822348,0.4746666666666667,0.4666666666666667,1.9146666666666667,0.6013333333333334,0.0013333333333333333
E1_MD6,C3,38,500,10.501842410931518,0.021003684821863038,0.4846666666666665,0.45066666666666666,1.962,0.614,0.0006666666666666666
E1_MD6,C4,38,25,0.47495471098299197,0.018998188439319677,0.4,0.5066666666666667,1.96,0.64,0.10666666666666667
E1_MD6,C4,38,50,0.9505820288465204,0.01901164057693041,0.44666666666666677,0.5066666666666667,1.96,0.6466666666666666,0.10666666666666667
E1_MD6,C4,38,100,1.880868265487027,0.01880868265487027,0.4866666666666667,0.5166666666666667,1.9633333333333334,0.6166666666666667,0.09666666666666666
E1_MD6,C4,38,250,4.708202143510263,0.018832808574041054,0.48000000000000004,0.508,1.9146666666666667,0.6013333333333334,0.06533333333333333
E1_MD6,C4,38,500,9.918556260999692,0.019837112521999385,0.4873333333333332,0.48133333333333334,1.962,0.614,0.050666666666666665
E1_MD6,C0,39,25,0.26741905849384623,0.010696762339753849,0.56,0.56,2.0533333333333332,0.6266666666666667,0.04
E1_MD6,C0,39,50,0.5704499561499455,0.011408999122998911,0.5133333333333332,0.52,2.0533333333333332,0.6466666666666666,0.02
E1_MD6,C0,39,100,1.1364899692452277,0.011364899692452277,0.5,0.5166666666666667,2.006666666666667,0.65,0.01
E1_MD6,C0,39,250,2.8941996233593112,0.011576798493437245,0.4986666666666669,0.528,1.968,0.6146666666666667,0.004
E1_MD6,C0,39,500,5.636903273338682,0.011273806546677364,0.4980000000000002,0.532,1.9586666666666666,0.6106666666666667,0.002
E1_MD6,C1,39,25,0.27435120363449134,0.010974048145379653,0.56,0.56,2.0533333333333332,0.6266666666666667,0.0
E1_MD6,C1,39,50,0.5773821012905905,0.011547642025811811,0.5133333333333332,0.52,2.0533333333333332,0.6466666666666666,0.0
E1_MD6,C1,39,100,1.1434221143858725,0.011434221143858725,0.5,0.5166666666666667,2.006666666666667,0.65,0.0
E1_MD6,C1,39,250,2.9011317684999556,0.011604527073999822,0.4986666666666669,0.528,1.968,0.6146666666666667,0.0
E1_MD6,C1,39,500,5.643835418479327,0.011287670836958653,0.4980000000000002,0.532,1.9586666666666666,0.6106666666666667,0.0
E1_MD6,C2,39,25,0.27583115182014467,0.011033246072805787,0.56,0.5466666666666666,2.0533333333333332,0.6266666666666667,0.013333333333333334
E1_MD6,C2,39,50,0.5788620494762439,0.011577240989524878,0.5133333333333332,0.5133333333333333,2.0533333333333332,0.6466666666666666,0.006666666666666667
E1_MD6,C2,39,100,1.1449020625715258,0.011449020625715258,0.5,0.5133333333333333,2.006666666666667,0.65,0.0033333333333333335
E1_MD6,C2,39,250,2.902611716685609,0.011610446866742436,0.4986666666666669,0.5266666666666666,1.968,0.6146666666666667,0.0013333333333333333
E1_MD6,C2,39,500,5.645315366664979,0.011290630733329959,0.4980000000000002,0.5313333333333333,1.9586666666666666,0.6106666666666667,0.0006666666666666666
E1_MD6,C3,39,25,0.25223716749499675,0.01008948669979987,0.56,0.5466666666666666,2.0533333333333332,0.6266666666666667,0.06666666666666667
E1_MD6,C3,39,50,0.5552680651510961,0.011105361303021921,0.5133333333333332,0.5133333333333333,2.0533333333333332,0.6466666666666666,0.03333333333333333
E1_MD6,C3,39,100,1.1213080782463782,0.011213080782463782,0.5,0.5133333333333333,2.006666666666667,0.65,0.016666666666666666
E1_MD6,C3,39,250,2.8790177323604613,0.011516070929441844,0.4986666666666669,0.5266666666666666,1.968,0.6146666666666667,0.006666666666666667
E1_MD6,C3,39,500,5.621721382339832,0.011243442764679663,0.4980000000000002,0.5313333333333333,1.9586666666666666,0.6106666666666667,0.0033333333333333335
E1_MD6,C4,39,25,0.2796229093453357,0.011184916373813428,0.56,0.5466666666666666,2.0533333333333332,0.6266666666666667,0.013333333333333334
E1_MD6,C4,39,50,0.582653807001435,0.0116530761400287,0.5133333333333332,0.5133333333333333,2.0533333333333332,0.6466666666666666,0.006666666666666667
E1_MD6,C4,39,100,1.148693820096717,0.011486938200967169,0.5,0.5133333333333333,2.006666666666667,0.65,0.0033333333333333335
E1_MD6,C4,39,250,2.8997106413022147,0.011598842565208859,0.4986666666666669,0.5266666666666666,1.968,0.6146666666666667,0.0026666666666666666
E1_MD6,C4,39,500,5.642414291281586,0.011284828582563172,0.4980000000000002,0.5313333333333333,1.9586666666666666,0.6106666666666667,0.0013333333333333333
E1_MD6,C0,40,25,0.38374018479840266,0.015349607391936106,0.4666666666666668,0.6266666666666667,1.8266666666666667,0.52,0.0
E1_MD6,C0,40,50,0.8091503456353708,0.016183006912707416,0.4600000000000001,0.5866666666666667,1.96,0.6066666666666667,0.0
E1_MD6,C0,40,100,1.451814100042382,0.01451814100042382,0.4933333333333333,0.6,1.89,0.5566666666666666,0.0
E1_MD6,C0,40,250,3.716142311563143,0.014864569246252572,0.534666666666667,0.5813333333333334,1.9013333333333333,0.572,0.0
E1_MD6,C0,40,500,7.37851431235711,0.01475702862471422,0.5020000000000006,0.568,1.9346666666666668,0.5946666666666667,0.0
E1_MD6,C1,40,25,0.38374018479840266,0.015349607391936106,0.4666666666666668,0.6266666666666667,1.8266666666666667,0.52,0.0
E1_MD6,C1,40,50,0.8091503456353708,0.016183006912707416,0.4600000000000001,0.5866666666666667,1.96,0.6066666666666667,0.0
E1_MD6,C1,40,100,1.451814100042382,0.01451814100042382,0.4933333333333333,0.6,1.89,0.5566666666666666,0.0
E1_MD6,C1,40,250,3.716142311563143,0.014864569246252572,0.534666666666667,0.5813333333333334,1.9013333333333333,0.572,0.0
E1_MD6,C1,40,500,7.37851431235711,0.01475702862471422,0.5020000000000006,0.568,1.9346666666666668,0.5946666666666667,0.0
E1_MD6,C2,40,25,0.37011164768936866,0.014804465907574747,0.4666666666666668,0.64,1.8266666666666667,0.52,0.013333333333333334
E1_MD6,C2,40,50,0.7955218085263369,0.01591043617052674,0.4600000000000001,0.5933333333333334,1.96,0.6066666666666667,0.006666666666666667
E1_MD6,C2,40,100,1.4381855629333482,0.014381855629333482,0.4933333333333333,0.6033333333333334,1.89,0.5566666666666666,0.0033333333333333335
E1_MD6,C2,40,250,3.7025137744541086,0.014810055097816435,0.534666666666667,0.5826666666666667,1.9013333333333333,0.572,0.0013333333333333333
E1_MD6,C2,40,500,7.364885775248075,0.01472977155049615,0.5020000000000006,0.5686666666666667,1.9346666666666668,0.5946666666666667,0.0006666666666666666
E1_MD6,C3,40,25,0.3695620073939222,0.014782480295756888,0.4666666666666668,0.64,1.8266666666666667,0.52,0.013333333333333334
E1_MD6,C3,40,50,0.7949721682308903,0.015899443364617807,0.4600000000000001,0.5933333333333334,1.96,0.6066666666666667,0.006666666666666667
E1_MD6,C3,40,100,1.4376359226379014,0.014376359226379015,0.4933333333333333,0.6033333333333334,1.89,0.5566666666666666,0.0033333333333333335
E1_MD6,C3,40,250,3.7210500705583858,0.014884200282233542,0.534666666666667,0.5813333333333334,1.9013333333333333,0.572,0.004
E1_MD6,C3,40,500,7.361075691077602,0.014722151382155204,0.5020000000000006,0.5653333333333334,1.9346666666666668,0.5946666666666667,0.014
E1_MD6,C4,40,25,0.3752779578199773,0.015011118312799093,0.4666666666666668,0.6266666666666667,1.8266666666666667,0.52,0.013333333333333334
E1_MD6,C4,40,50,0.8006881186569454,0.01601376237313891,0.4600000000000001,0.5866666666666667,1.96,0.6066666666666667,0.006666666666666667
E1_MD6,C4,40,100,1.4433518730639565,0.014433518730639566,0.4933333333333333,0.6,1.89,0.5566666666666666,0.0033333333333333335
E1_MD6,C4,40,250,3.7131625290671186,0.014852650116268474,0.534666666666667,0.5813333333333334,1.9013333333333333,0.572,0.005333333333333333
E1_MD6,C4,40,500,7.482929274265713,0.014965858548531425,0.5020000000000006,0.5653333333333334,1.9346666666666668,0.5946666666666667,0.022
E1_MD6,C0,41,25,0.12635539098034032,0.0050542156392136125,0.43999999999999995,0.76,1.8933333333333333,0.5466666666666666,0.013333333333333334
E1_MD6,C0,41,50,0.2490100244088197,0.004980200488176394,0.4866666666666666,0.7533333333333333,1.84,0.5266666666666666,0.006666666666666667
E1_MD6,C0,41,100,0.6320192882009747,0.006320192882009748,0.49666666666666687,0.72,1.8866666666666667,0.5566666666666666,0.006666666666666667
E1_MD6,C0,41,250,1.730657335242356,0.006922629340969424,0.5093333333333332,0.6826666666666666,1.9293333333333333,0.6,0.012
E1_MD6,C0,41,500,3.705807722675958,0.007411615445351916,0.5266666666666663,0.6686666666666666,1.966,0.6153333333333333,0.006666666666666667
E1_MD6,C1,41,25,0.13503303214003748,0.005401321285601499,0.43999999999999995,0.7466666666666667,1.8933333333333333,0.5466666666666666,0.02666666666666667
E1_MD6,C1,41,50,0.25768766556851685,0.005153753311370337,0.4866666666666666,0.7466666666666667,1.84,0.5266666666666666,0.013333333333333334
E1_MD6,C1,41,100,0.654694115618333,0.00654694115618333,0.49666666666666687,0.7133333333333334,1.8866666666666667,0.5566666666666666,0.006666666666666667
E1_MD6,C1,41,250,1.8189216268809014,0.0072756865075236056,0.5093333333333332,0.6706666666666666,1.9293333333333333,0.6,0.0026666666666666666
E1_MD6,C1,41,500,3.799956760827054,0.007599913521654109,0.5266666666666663,0.662,1.966,0.6153333333333333,0.0013333333333333333
E1_MD6,C2,41,25,0.14407246306917343,0.005762898522766937,0.43999999999999995,0.7333333333333333,1.8933333333333333,0.5466666666666666,0.013333333333333334
E1_MD6,C2,41,50,0.2667270964976528,0.005334541929953056,0.4866666666666666,0.74,1.84,0.5266666666666666,0.006666666666666667
E1_MD6,C2,41,100,0.6637335465474687,0.006637335465474688,0.49666666666666687,0.71,1.8866666666666667,0.5566666666666666,0.0033333333333333335
E1_MD6,C2,41,250,1.827961057810037,0.007311844231240147,0.5093333333333332,0.6693333333333333,1.9293333333333333,0.6,0.0013333333333333333
E1_MD6,C2,41,500,3.8089961917561896,0.0076179923835123795,0.5266666666666663,0.6613333333333333,1.966,0.6153333333333333,0.0006666666666666666
E1_MD6,C3,41,25,0.06784677860874672,0.0027138711443498685,0.43999999999999995,0.8666666666666667,1.8933333333333333,0.5466666666666666,0.14666666666666667
E1_MD6,C3,41,50,0.1294584881054059,0.0025891697621081176,0.4866666666666666,0.86,1.84,0.5266666666666666,0.12666666666666668
E1_MD6,C3,41,100,0.38596651055902453,0.0038596651055902453,0.49666666666666687,0.8166666666666667,1.8866666666666667,0.5566666666666666,0.12333333333333334
E1_MD6,C3,41,250,1.078262237834354,0.004313048951337416,0.5106666666666665,0.7786666666666666,1.9293333333333333,0.6,0.12666666666666668
E1_MD6,C3,41,500,2.0827062059725865,0.004165412411945173,0.5306666666666662,0.788,1.966,0.6153333333333333,0.14133333333333334
E1_MD6,C4,41,25,0.16593612724254664,0.006637445089701865,0.43999999999999995,0.72,1.8933333333333333,0.5466666666666666,0.02666666666666667
E1_MD6,C4,41,50,0.288590760671026,0.00577181521342052,0.4866666666666666,0.7333333333333333,1.84,0.5266666666666666,0.013333333333333334
E1_MD6,C4,41,100,0.6878509235003492,0.006878509235003491,0.49666666666666687,0.7066666666666667,1.8866666666666667,0.5566666666666666,0.013333333333333334
E1_MD6,C4,41,250,1.9727365763612879,0.007890946305445151,0.5079999999999999,0.6493333333333333,1.9293333333333333,0.6,0.06133333333333333
E1_MD6,C4,41,500,4.022553200695996,0.008045106401391992,0.5273333333333329,0.642,1.966,0.6153333333333333,0.07333333333333333
E1_MD6,C0,42,25,0.3383949191824913,0.013535796767299652,0.5333333333333333,0.6,1.88,0.5866666666666667,0.013333333333333334
E1_MD6,C0,42,50,0.710152066085822,0.014203041321716441,0.5266666666666668,0.6,1.84,0.5466666666666666,0.006666666666666667
E1_MD6,C0,42,100,1.7908838825205935,0.017908838825205935,0.5266666666666668,0.5266666666666666,1.9266666666666667,0.6,0.0033333333333333335
E1_MD6,C0,42,250,4.511322617428964,0.018045290469715855,0.5079999999999998,0.5106666666666667,1.9226666666666667,0.5933333333333334,0.0013333333333333333
E1_MD6,C0,42,500,9.624740343437683,0.019249480686875365,0.4800000000000001,0.486,1.976,0.6066666666666667,0.0006666666666666666
E1_MD6,C1,42,25,0.33846143951601415,0.013538457580640565,0.5333333333333333,0.5866666666666667,1.88,0.5866666666666667,0.02666666666666667
E1_MD6,C1,42,50,0.7102185864193449,0.014204371728386898,0.5266666666666668,0.5933333333333334,1.84,0.5466666666666666,0.013333333333333334
E1_MD6,C1,42,100,1.7909504028541163,0.017909504028541162,0.5266666666666668,0.5233333333333333,1.9266666666666667,0.6,0.006666666666666667
E1_MD6,C1,42,250,4.511389137762486,0.018045556551049946,0.5079999999999998,0.5093333333333333,1.9226666666666667,0.5933333333333334,0.0026666666666666666
E1_MD6,C1,42,500,9.624806863771205,0.01924961372754241,0.4800000000000001,0.48533333333333334,1.976,0.6066666666666667,0.0013333333333333333
E1_MD6,C2,42,25,0.34899961043924566,0.013959984417569826,0.5333333333333333,0.5866666666666667,1.88,0.5866666666666667,0.0
E1_MD6,C2,42,50,0.7207567573425764,0.014415135146851528,0.5266666666666668,0.5933333333333334,1.84,0.5466666666666666,0.0
E1_MD6,C2,42,100,1.8014885737773478,0.01801488573777348,0.5266666666666668,0.5233333333333333,1.9266666666666667,0.6,0.0
E1_MD6,C2,42,250,4.521927308685718,0.01808770923474287,0.5079999999999998,0.5093333333333333,1.9226666666666667,0.5933333333333334,0.0
E1_MD6,C2,42,500,9.635345034694438,0.019270690069388877,0.4800000000000001,0.48533333333333334,1.976,0.6066666666666667,0.0
E1_MD6,C3,42,25,0.3273370087305263,0.013093480349221052,0.5333333333333333,0.6,1.88,0.5866666666666667,0.16
E1_MD6,C3,42,50,0.7007511311285699,0.014015022622571397,0.5266666666666668,0.5933333333333334,1.84,0.5466666666666666,0.09333333333333334
E1_MD6,C3,42,100,1.7822052576096037,0.017822052576096037,0.5266666666666668,0.52,1.9266666666666667,0.6,0.05333333333333334
E1_MD6,C3,42,250,4.498965647914997,0.01799586259165999,0.5079999999999998,0.5093333333333333,1.9226666666666667,0.5933333333333334,0.024
E1_MD6,C3,42,500,9.46135609491457,0.01892271218982914,0.4806666666666668,0.49133333333333334,1.976,0.6066666666666667,0.019333333333333334
E1_MD6,C4,42,25,0.3081296450117524,0.012325185800470095,0.5333333333333333,0.6,1.88,0.5866666666666667,0.10666666666666667
E1_MD6,C4,42,50,0.6880811463628533,0.013761622927257067,0.5266666666666668,0.6,1.84,0.5466666666666666,0.07333333333333333
E1_MD6,C4,42,100,1.7555194617185368,0.01755519461718537,0.5266666666666668,0.53,1.9266666666666667,0.6,0.04
E1_MD6,C4,42,250,4.44507366829569,0.017780294673182758,0.5079999999999998,0.5133333333333333,1.9226666666666667,0.5933333333333334,0.036
E1_MD6,C4,42,500,9.578012261229269,0.01915602452245854,0.4806666666666668,0.486,1.976,0.6066666666666667,0.064
E1_MD6,C0,43,25,0.30786659256484594,0.012314663702593837,0.5599999999999999,0.56,1.8133333333333332,0.5333333333333333,0.0
E1_MD6,C0,43,50,0.59893414531568,0.0119786829063136,0.5333333333333332,0.56,1.82,0.54,0.0
E1_MD6,C0,43,100,1.214640944566507,0.01214640944566507,0.5233333333333331,0.5666666666666667,1.8466666666666667,0.5633333333333334,0.0
E1_MD6,C0,43,250,3.250797775373975,0.013003191101495901,0.5013333333333332,0.532,1.932,0.5933333333333334,0.0
E1_MD6,C0,43,500,6.504205922412068,0.013008411844824137,0.5006666666666667,0.5193333333333333,1.938,0.6026666666666667,0.0
E1_MD6,C1,43,25,0.29891265746711215,0.011956506298684486,0.5599999999999999,0.5733333333333334,1.8133333333333332,0.5333333333333333,0.013333333333333334
E1_MD6,C1,43,50,0.5899802102179463,0.011799604204358927,0.5333333333333332,0.5666666666666667,1.82,0.54,0.006666666666666667
E1_MD6,C1,43,100,1.205687009468773,0.01205687009468773,0.5233333333333331,0.57,1.8466666666666667,0.5633333333333334,0.0033333333333333335
E1_MD6,C1,43,250,3.2418438402762417,0.012967375361104967,0.5013333333333332,0.5333333333333333,1.932,0.5933333333333334,0.0013333333333333333
E1_MD6,C1,43,500,6.495251987314334,0.012990503974628668,0.5006666666666667,0.52,1.938,0.6026666666666667,0.0006666666666666666
E1_MD6,C2,43,25,0.31194647272018267,0.012477858908807307,0.5599999999999999,0.56,1.8133333333333332,0.5333333333333333,0.013333333333333334
E1_MD6,C2,43,50,0.6030140254710168,0.012060280509420335,0.5333333333333332,0.56,1.82,0.54,0.006666666666666667
E1_MD6,C2,43,100,1.2187208247218435,0.012187208247218435,0.5233333333333331,0.5666666666666667,1.8466666666666667,0.5633333333333334,0.0033333333333333335
E1_MD6,C2,43,250,3.254877655529312,0.013019510622117248,0.5013333333333332,0.532,1.932,0.5933333333333334,0.0013333333333333333
E1_MD6,C2,43,500,6.508285802567404,0.01301657160513481,0.5006666666666667,0.5193333333333333,1.938,0.6026666666666667,0.0006666666666666666
E1_MD6,C3,43,25,0.30786659256484594,0.012314663702593837,0.5599999999999999,0.56,1.8133333333333332,0.5333333333333333,0.0
E1_MD6,C3,43,50,0.59893414531568,0.0119786829063136,0.5333333333333332,0.56,1.82,0.54,0.0
E1_MD6,C3,43,100,1.214640944566507,0.01214640944566507,0.5233333333333331,0.5666666666666667,1.8466666666666667,0.5633333333333334,0.0
E1_MD6,C3,43,250,3.240134861397256,0.012960539445589024,0.5013333333333332,0.532,1.932,0.5933333333333334,0.005333333333333333
E1_MD6,C3,43,500,6.497275797243248,0.012994551594486497,0.5006666666666667,0.5186666666666667,1.938,0.6026666666666667,0.0033333333333333335
E1_MD6,C4,43,25,0.30786659256484594,0.012314663702593837,0.5599999999999999,0.56,1.8133333333333332,0.5333333333333333,0.0
E1_MD6,C4,43,50,0.59893414531568,0.0119786829063136,0.5333333333333332,0.56,1.82,0.54,0.0
E1_MD6,C4,43,100,1.214640944566507,0.01214640944566507,0.5233333333333331,0.5666666666666667,1.8466666666666667,0.5633333333333334,0.0
E1_MD6,C4,43,250,3.238071070851454,0.012952284283405818,0.5013333333333332,0.5333333333333333,1.932,0.5933333333333334,0.0013333333333333333
E1_MD6,C4,43,500,6.494500631223913,0.012989001262447826,0.5006666666666667,0.5186666666666667,1.938,0.6026666666666667,0.002
E1_MD6,C0,44,25,0.2905606116922679,0.011622424467690715,0.5733333333333333,0.52,1.88,0.5866666666666667,0.0
E1_MD6,C0,44,50,0.6398073135459319,0.012796146270918638,0.5466666666666665,0.44,1.98,0.6466666666666666,0.0
E1_MD6,C0,44,100,1.2612840998744268,0.012612840998744268,0.5433333333333331,0.47,1.9233333333333333,0.5966666666666667,0.0
E1_MD6,C0,44,250,3.243937526730807,0.012975750106923227,0.5199999999999999,0.46,1.9493333333333334,0.608,0.0
E1_MD6,C0,44,500,7.158231754947977,0.014316463509895953,0.5153333333333335,0.4593333333333333,1.9506666666666668,0.6093333333333333,0.0
E1_MD6,C1,44,25,0.27629337539351995,0.011051735015740798,0.5733333333333333,0.5333333333333333,1.88,0.5866666666666667,0.013333333333333334
E1_MD6,C1,44,50,0.625540077247184,0.012510801544943679,0.5466666666666665,0.44666666666666666,1.98,0.6466666666666666,0.006666666666666667
E1_MD6,C1,44,100,1.2470168635756789,0.01247016863575679,0.5433333333333331,0.47333333333333333,1.9233333333333333,0.5966666666666667,0.0033333333333333335
E1_MD6,C1,44,250,3.229670290432059,0.012918681161728236,0.5199999999999999,0.4613333333333333,1.9493333333333334,0.608,0.0013333333333333333
E1_MD6,C1,44,500,7.143964518649229,0.014287929037298457,0.5153333333333335,0.46,1.9506666666666668,0.6093333333333333,0.0006666666666666666
E1_MD6,C2,44,25,0.2885494650569606,0.011541978602278425,0.5733333333333333,0.52,1.88,0.5866666666666667,0.013333333333333334
E1_MD6,C2,44,50,0.6377961669106247,0.012755923338212493,0.5466666666666665,0.44,1.98,0.6466666666666666,0.006666666666666667
E1_MD6,C2,44,100,1.2592729532391198,0.012592729532391198,0.5433333333333331,0.47,1.9233333333333333,0.5966666666666667,0.0033333333333333335
E1_MD6,C2,44,250,3.2419263800955,0.012967705520382,0.5199999999999999,0.46,1.9493333333333334,0.608,0.0013333333333333333
E1_MD6,C2,44,500,7.156220608312669,0.014312441216625338,0.5153333333333335,0.4593333333333333,1.9506666666666668,0.6093333333333333,0.0006666666666666666
E1_MD6,C3,44,25,0.22377549522753742,0.008951019809101497,0.5733333333333333,0.6133333333333333,1.88,0.5866666666666667,0.10666666666666667
E1_MD6,C3,44,50,0.5539214646419395,0.011078429292838789,0.5466666666666665,0.49333333333333335,1.98,0.6466666666666666,0.06666666666666667
E1_MD6,C3,44,100,1.153511317509631,0.01153511317509631,0.5433333333333331,0.5033333333333333,1.9233333333333333,0.5966666666666667,0.04
E1_MD6,C3,44,250,3.0901564412929656,0.012360625765171862,0.5199999999999999,0.476,1.9493333333333334,0.608,0.02
E1_MD6,C3,44,500,6.967532429940409,0.013935064859880818,0.5153333333333335,0.4713333333333333,1.9506666666666668,0.6093333333333333,0.020666666666666667
E1_MD6,C4,44,25,0.2850056214295167,0.011400224857180667,0.5733333333333333,0.52,1.88,0.5866666666666667,0.06666666666666667
E1_MD6,C4,44,50,0.6314225693143367,0.012628451386286734,0.5466666666666665,0.4533333333333333,1.98,0.6466666666666666,0.04666666666666667
E1_MD6,C4,44,100,1.2443400157480542,0.012443400157480543,0.5433333333333331,0.4866666666666667,1.9233333333333333,0.5966666666666667,0.04
E1_MD6,C4,44,250,3.174467065352632,0.012697868261410528,0.5199999999999999,0.48933333333333334,1.9493333333333334,0.608,0.064
E1_MD6,C4,44,500,6.95608752431174,0.013912175048623479,0.5166666666666668,0.496,1.9506666666666668,0.6093333333333333,0.09666666666666666
E1_MD6,C0,45,25,0.2843666143308797,0.011374664573235186,0.45333333333333337,0.6266666666666667,1.8266666666666667,0.5066666666666667,0.013333333333333334
E1_MD6,C0,45,50,0.5518683181611294,0.011037366363222587,0.5066666666666668,0.6,1.8866666666666667,0.5533333333333333,0.006666666666666667
E1_MD6,C0,45,100,1.233979204339299,0.01233979204339299,0.5066666666666668,0.5466666666666666,1.92,0.58,0.0033333333333333335
E1_MD6,C0,45,250,3.151658559089187,0.012606634236356747,0.5066666666666667,0.5253333333333333,1.9466666666666668,0.5986666666666667,0.0013333333333333333
E1_MD6,C0,45,500,6.17880529305792,0.01235761058611584,0.5060000000000004,0.5273333333333333,1.9466666666666668,0.6,0.0006666666666666666
E1_MD6,C1,45,25,0.2948510927401956,0.011794043709607824,0.45333333333333337,0.6133333333333333,1.8266666666666667,0.5066666666666667,0.0
E1_MD6,C1,45,50,0.5623527965704452,0.011247055931408905,0.5066666666666668,0.5933333333333334,1.8866666666666667,0.5533333333333333,0.0
E1_MD6,C1,45,100,1.244463682748615,0.012444636827486151,0.5066666666666668,0.5433333333333333,1.92,0.58,0.0
E1_MD6,C1,45,250,3.1621430374985033,0.012648572149994014,0.5066666666666667,0.524,1.9466666666666668,0.5986666666666667,0.0
E1_MD6,C1,45,500,6.1892897714672355,0.01237857954293447,0.5060000000000004,0.5266666666666666,1.9466666666666668,0.6,0.0
E1_MD6,C2,45,25,0.2948510927401956,0.011794043709607824,0.45333333333333337,0.6133333333333333,1.8266666666666667,0.5066666666666667,0.0
E1_MD6,C2,45,50,0.5623527965704452,0.011247055931408905,0.5066666666666668,0.5933333333333334,1.8866666666666667,0.5533333333333333,0.0
E1_MD6,C2,45,100,1.244463682748615,0.012444636827486151,0.5066666666666668,0.5433333333333333,1.92,0.58,0.0
E1_MD6,C2,45,250,3.1621430374985033,0.012648572149994014,0.5066666666666667,0.524,1.9466666666666668,0.5986666666666667,0.0
E1_MD6,C2,45,500,6.1892897714672355,0.01237857954293447,0.5060000000000004,0.5266666666666666,1.9466666666666668,0.6,0.0
E1_MD6,C3,45,25,0.2948510927401956,0.011794043709607824,0.45333333333333337,0.6133333333333333,1.8266666666666667,0.5066666666666667,0.0
E1_MD6,C3,45,50,0.5623527965704452,0.011247055931408905,0.5066666666666668,0.5933333333333334,1.8866666666666667,0.5533333333333333,0.0
E1_MD6,C3,45,100,1.244463682748615,0.012444636827486151,0.5066666666666668,0.5433333333333333,1.92,0.58,0.0
E1_MD6,C3,45,250,3.1621430374985033,0.012648572149994014,0.5066666666666667,0.524,1.9466666666666668,0.5986666666666667,0.0
E1_MD6,C3,45,500,6.1892897714672355,0.01237857954293447,0.5060000000000004,0.5266666666666666,1.9466666666666668,0.6,0.0
E1_MD6,C4,45,25,0.2948510927401956,0.011794043709607824,0.45333333333333337,0.6133333333333333,1.8266666666666667,0.5066666666666667,0.0
E1_MD6,C4,45,50,0.5623527965704452,0.011247055931408905,0.5066666666666668,0.5933333333333334,1.8866666666666667,0.5533333333333333,0.0
E1_MD6,C4,45,100,1.244463682748615,0.012444636827486151,0.5066666666666668,0.5433333333333333,1.92,0.58,0.0
E1_MD6,C4,45,250,3.1621430374985033,0.012648572149994014,0.5066666666666667,0.524,1.9466666666666668,0.5986666666666667,0.0
E1_MD6,C4,45,500,6.191132683768018,0.012382265367536036,0.5060000000000004,0.5266666666666666,1.9466666666666668,0.6,0.0006666666666666666
E1_MD6,C0,46,25,0.3507033689851369,0.014028134759405475,0.46666666666666673,0.4266666666666667,2.1866666666666665,0.7066666666666667,0.04
E1_MD6,C0,46,50,0.6076371713665057,0.012152743427330115,0.5133333333333333,0.4866666666666667,2.0,0.64,0.02
E1_MD6,C0,46,100,1.1726510014131781,0.011726510014131782,0.5533333333333336,0.5033333333333333,1.99,0.6266666666666667,0.01
E1_MD6,C0,46,250,2.7517568700120307,0.011007027480048124,0.5520000000000003,0.512,1.984,0.6346666666666667,0.004
E1_MD6,C0,46,500,5.18570212675412,0.01037140425350824,0.5373333333333334,0.5193333333333333,1.99,0.6306666666666667,0.002
E1_MD6,C1,46,25,0.32445013665265493,0.012978005466106198,0.46666666666666673,0.4666666666666667,2.1866666666666665,0.7066666666666667,0.02666666666666667
E1_MD6,C1,46,50,0.5813839390340237,0.011627678780680474,0.5133333333333333,0.5066666666666667,2.0,0.64,0.013333333333333334
E1_MD6,C1,46,100,1.146397769080696,0.011463977690806959,0.5533333333333336,0.5133333333333333,1.99,0.6266666666666667,0.006666666666666667
E1_MD6,C1,46,250,2.725503637679548,0.010902014550718193,0.5520000000000003,0.516,1.984,0.6346666666666667,0.0026666666666666666
E1_MD6,C1,46,500,5.1594488944216375,0.010318897788843274,0.5373333333333334,0.5213333333333333,1.99,0.6306666666666667,0.0013333333333333333
E1_MD6,C2,46,25,0.33180190175001434,0.013272076070000574,0.46666666666666673,0.4533333333333333,2.1866666666666665,0.7066666666666667,0.08
E1_MD6,C2,46,50,0.5887357041313833,0.011774714082627667,0.5133333333333333,0.5,2.0,0.64,0.04
E1_MD6,C2,46,100,1.1537495341780555,0.011537495341780555,0.5533333333333336,0.51,1.99,0.6266666666666667,0.02
E1_MD6,C2,46,250,2.7328554027769076,0.01093142161110763,0.5520000000000003,0.5146666666666667,1.984,0.6346666666666667,0.008
E1_MD6,C2,46,500,5.166800659518997,0.010333601319037993,0.5373333333333334,0.5206666666666667,1.99,0.6306666666666667,0.004
E1_MD6,C3,46,25,0.3063226198772965,0.012252904795091859,0.46666666666666673,0.49333333333333335,2.1866666666666665,0.7066666666666667,0.09333333333333334
E1_MD6,C3,46,50,0.5632564222586652,0.011265128445173305,0.5133333333333333,0.52,2.0,0.64,0.04666666666666667
E1_MD6,C3,46,100,1.1282702523053376,0.011282702523053377,0.5533333333333336,0.52,1.99,0.6266666666666667,0.023333333333333334
E1_MD6,C3,46,250,2.7073761209041898,0.01082950448361676,0.5520000000000003,0.5186666666666667,1.984,0.6346666666666667,0.009333333333333334
E1_MD6,C3,46,500,5.141321377646279,0.010282642755292557,0.5373333333333334,0.5226666666666666,1.99,0.6306666666666667,0.004666666666666667
E1_MD6,C4,46,25,0.3471399474673664,0.013885597898694656,0.46666666666666673,0.44,2.1866666666666665,0.7066666666666667,0.04
E1_MD6,C4,46,50,0.6033455156625676,0.01206691031325135,0.5133333333333333,0.5,2.0,0.64,0.02666666666666667
E1_MD6,C4,46,100,1.1717901220415352,0.011717901220415352,0.5533333333333336,0.51,1.99,0.6266666666666667,0.03333333333333333
E1_MD6,C4,46,250,2.7780529791767137,0.011112211916706855,0.5520000000000003,0.52,1.984,0.6346666666666667,0.064
E1_MD6,C4,46,500,5.227494381418963,0.010454988762837927,0.5373333333333334,0.5226666666666666,1.99,0.6306666666666667,0.074
E1_MD6,C0,47,25,0.2619240332969421,0.010476961331877683,0.5199999999999999,0.5333333333333333,2.0,0.6266666666666667,0.0
E1_MD6,C0,47,50,0.6243389851221649,0.012486779702443298,0.49999999999999994,0.5,2.046666666666667,0.66,0.0
E1_MD6,C0,47,100,1.2172896665503465,0.012172896665503466,0.49999999999999994,0.5266666666666666,2.026666666666667,0.64,0.0
E1_MD6,C0,47,250,2.812508772162248,0.011250035088648993,0.5053333333333336,0.532,2.014666666666667,0.6333333333333333,0.0
E1_MD6,C0,47,500,5.395447365538797,0.010790894731077595,0.5133333333333334,0.5533333333333333,1.9813333333333334,0.6133333333333333,0.0
E1_MD6,C1,47,25,0.250493769002541,0.01001975076010164,0.5199999999999999,0.56,2.0,0.6266666666666667,0.02666666666666667
E1_MD6,C1,47,50,0.6129087208277638,0.012258174416555277,0.49999999999999994,0.5133333333333333,2.046666666666667,0.66,0.013333333333333334
E1_MD6,C1,47,100,1.2058594022559452,0.012058594022559453,0.49999999999999994,0.5333333333333333,2.026666666666667,0.64,0.006666666666666667
E1_MD6,C1,47,250,2.801078507867847,0.011204314031471388,0.5053333333333336,0.5346666666666666,2.014666666666667,0.6333333333333333,0.0026666666666666666
E1_MD6,C1,47,500,5.384017101244395,0.01076803420248879,0.5133333333333334,0.5546666666666666,1.9813333333333334,0.6133333333333333,0.0013333333333333333
E1_MD6,C2,47,25,0.25669858823151953,0.010267943529260781,0.5199999999999999,0.5466666666666666,2.0,0.6266666666666667,0.013333333333333334
E1_MD6,C2,47,50,0.6191135400567424,0.012382270801134847,0.49999999999999994,0.5066666666666667,2.046666666666667,0.66,0.006666666666666667
E1_MD6,C2,47,100,1.212064221484924,0.01212064221484924,0.49999999999999994,0.53,2.026666666666667,0.64,0.0033333333333333335
E1_MD6,C2,47,250,2.807283327096826,0.011229133308387304,0.5053333333333336,0.5333333333333333,2.014666666666667,0.6333333333333333,0.0013333333333333333
E1_MD6,C2,47,500,5.390221920473375,0.01078044384094675,0.5133333333333334,0.554,1.9813333333333334,0.6133333333333333,0.0006666666666666666
E1_MD6,C3,47,25,0.2638407729247999,0.010553630916991996,0.5199999999999999,0.56,2.0,0.6266666666666667,0.04
E1_MD6,C3,47,50,0.6262557247500228,0.012525114495000456,0.49999999999999994,0.5133333333333333,2.046666666666667,0.66,0.02
E1_MD6,C3,47,100,1.2192064061782042,0.012192064061782042,0.49999999999999994,0.5333333333333333,2.026666666666667,0.64,0.01
E1_MD6,C3,47,250,2.8144255117901062,0.011257702047160425,0.5053333333333336,0.5346666666666666,2.014666666666667,0.6333333333333333,0.004
E1_MD6,C3,47,500,5.357173343719038,0.010714346687438075,0.5133333333333334,0.5586666666666666,1.9813333333333334,0.6133333333333333,0.006666666666666667
E1_MD6,C4,47,25,0.24399406844984317,0.009759762737993727,0.5199999999999999,0.5733333333333334,2.0,0.6266666666666667,0.08
E1_MD6,C4,47,50,0.6064090202750659,0.012128180405501319,0.49999999999999994,0.52,2.046666666666667,0.66,0.04
E1_MD6,C4,47,100,1.2131232545633435,0.012131232545633435,0.49999999999999994,0.53,2.026666666666667,0.64,0.03333333333333333
E1_MD6,C4,47,250,2.8104164006498342,0.011241665602599336,0.5053333333333336,0.5306666666666666,2.014666666666667,0.6333333333333333,0.018666666666666668
E1_MD6,C4,47,500,5.382261710362817,0.010764523420725635,0.5133333333333334,0.5546666666666666,1.9813333333333334,0.6133333333333333,0.012
E1_MD6,C0,48,25,0.3721950204778073,0.014887800819112292,0.5066666666666666,0.56,1.9733333333333334,0.6133333333333333,0.0
E1_MD6,C0,48,50,0.8726026823928692,0.017452053647857384,0.4866666666666665,0.49333333333333335,2.0933333333333333,0.68,0.0
E1_MD6,C0,48,100,1.4629132305745474,0.014629132305745474,0.5133333333333333,0.5533333333333333,1.9966666666666666,0.6266666666666667,0.0
E1_MD6,C0,48,250,3.5541703331602204,0.014216681332640882,0.5106666666666669,0.5613333333333334,1.9466666666666668,0.588,0.0
E1_MD6,C0,48,500,6.967494096427096,0.013934988192854192,0.4906666666666672,0.55,1.9426666666666668,0.596,0.0
E1_MD6,C1,48,25,0.37439135482416674,0.01497565419296667,0.5066666666666666,0.5466666666666666,1.9733333333333334,0.6133333333333333,0.013333333333333334
E1_MD6,C1,48,50,0.8747990167392286,0.01749598033478457,0.4866666666666665,0.4866666666666667,2.0933333333333333,0.68,0.006666666666666667
E1_MD6,C1,48,100,1.465109564920907,0.01465109564920907,0.5133333333333333,0.55,1.9966666666666666,0.6266666666666667,0.0033333333333333335
E1_MD6,C1,48,250,3.5563666675065804,0.014225466670026322,0.5106666666666669,0.56,1.9466666666666668,0.588,0.0013333333333333333
E1_MD6,C1,48,500,6.969690430773456,0.013939380861546911,0.4906666666666672,0.5493333333333333,1.9426666666666668,0.596,0.0006666666666666666
E1_MD6,C2,48,25,0.36549186320896426,0.014619674528358571,0.5066666666666666,0.5733333333333334,1.9733333333333334,0.6133333333333333,0.013333333333333334
E1_MD6,C2,48,50,0.8658995251240262,0.017317990502480524,0.4866666666666665,0.5,2.0933333333333333,0.68,0.006666666666666667
E1_MD6,C2,48,100,1.4562100733057046,0.014562100733057047,0.5133333333333333,0.5566666666666666,1.9966666666666666,0.6266666666666667,0.0033333333333333335
E1_MD6,C2,48,250,3.547467175891378,0.014189868703565513,0.5106666666666669,0.5626666666666666,1.9466666666666668,0.588,0.0013333333333333333
E1_MD6,C2,48,500,6.9607909391582545,0.013921581878316509,0.4906666666666672,0.5506666666666666,1.9426666666666668,0.596,0.0006666666666666666
E1_MD6,C3,48,25,0.36549186320896426,0.014619674528358571,0.5066666666666666,0.5733333333333334,1.9733333333333334,0.6133333333333333,0.013333333333333334
E1_MD6,C3,48,50,0.8658995251240262,0.017317990502480524,0.4866666666666665,0.5,2.0933333333333333,0.68,0.006666666666666667
E1_MD6,C3,48,100,1.4562100733057046,0.014562100733057047,0.5133333333333333,0.5566666666666666,1.9966666666666666,0.6266666666666667,0.0033333333333333335
E1_MD6,C3,48,250,3.547467175891378,0.014189868703565513,0.5106666666666669,0.5626666666666666,1.9466666666666668,0.588,0.0013333333333333333
E1_MD6,C3,48,500,6.953506762378867,0.013907013524757733,0.4906666666666672,0.552,1.9426666666666668,0.596,0.0033333333333333335
E1_MD6,C4,48,25,0.37343506401474386,0.014937402560589754,0.5066666666666666,0.56,1.9733333333333334,0.6133333333333333,0.013333333333333334
E1_MD6,C4,48,50,0.8738427259298058,0.017476854518596117,0.4866666666666665,0.49333333333333335,2.0933333333333333,0.68,0.006666666666666667
E1_MD6,C4,48,100,1.4531829133677445,0.014531829133677445,0.5133333333333333,0.5566666666666666,1.9966666666666666,0.6266666666666667,0.006666666666666667
E1_MD6,C4,48,250,3.540011219591454,0.014160044878365816,0.5106666666666669,0.564,1.9466666666666668,0.588,0.004
E1_MD6,C4,48,500,6.9497531929416905,0.013899506385883382,0.4906666666666672,0.5513333333333333,1.9426666666666668,0.596,0.0026666666666666666
E1_MD6,C0,49,25,0.1761491564483459,0.007045966257933836,0.5066666666666667,0.6133333333333333,1.76,0.56,0.013333333333333334
E1_MD6,C0,49,50,0.37786442895897787,0.007557288579179557,0.4866666666666667,0.5933333333333334,1.8533333333333333,0.5866666666666667,0.006666666666666667
E1_MD6,C0,49,100,0.7758634312915473,0.007758634312915473,0.53,0.5833333333333334,1.8866666666666667,0.5966666666666667,0.0033333333333333335
E1_MD6,C0,49,250,2.072183126883177,0.008288732507532709,0.4973333333333331,0.5493333333333333,1.8986666666666667,0.5893333333333334,0.0013333333333333333
E1_MD6,C0,49,500,4.144175091159529,0.008288350182319059,0.5086666666666665,0.5506666666666666,1.8913333333333333,0.5846666666666667,0.0006666666666666666
E1_MD6,C1,49,25,0.17289847117289958,0.0069159388469159835,0.5066666666666667,0.6266666666666667,1.76,0.56,0.02666666666666667
E1_MD6,C1,49,50,0.37461374368353156,0.007492274873670632,0.4866666666666667,0.6,1.8533333333333333,0.5866666666666667,0.013333333333333334
E1_MD6,C1,49,100,0.7726127460161012,0.007726127460161012,0.53,0.5866666666666667,1.8866666666666667,0.5966666666666667,0.006666666666666667
E1_MD6,C1,49,250,2.0689324416077306,0.008275729766430923,0.4973333333333331,0.5506666666666666,1.8986666666666667,0.5893333333333334,0.0026666666666666666
E1_MD6,C1,49,500,4.140924405884083,0.008281848811768166,0.5086666666666665,0.5513333333333333,1.8913333333333333,0.5846666666666667,0.0013333333333333333
E1_MD6,C2,49,25,0.1666510356802231,0.006666041427208924,0.5066666666666667,0.6266666666666667,1.76,0.56,0.04
E1_MD6,C2,49,50,0.3683663081908551,0.007367326163817102,0.4866666666666667,0.6,1.8533333333333333,0.5866666666666667,0.02
E1_MD6,C2,49,100,0.7663653105234247,0.007663653105234247,0.53,0.5866666666666667,1.8866666666666667,0.5966666666666667,0.01
E1_MD6,C2,49,250,2.062685006115054,0.008250740024460216,0.4973333333333331,0.5506666666666666,1.8986666666666667,0.5893333333333334,0.004
E1_MD6,C2,49,500,4.134676970391408,0.008269353940782816,0.5086666666666665,0.5513333333333333,1.8913333333333333,0.5846666666666667,0.002
E1_MD6,C3,49,25,0.1662182203738476,0.006648728814953903,0.5066666666666667,0.6266666666666667,1.76,0.56,0.04
E1_MD6,C3,49,50,0.3679334928844796,0.007358669857689591,0.4866666666666667,0.6,1.8533333333333333,0.5866666666666667,0.02
E1_MD6,C3,49,100,0.7659324952170492,0.007659324952170492,0.53,0.5866666666666667,1.8866666666666667,0.5966666666666667,0.01
E1_MD6,C3,49,250,2.0622521908086786,0.008249008763234714,0.4973333333333331,0.5506666666666666,1.8986666666666667,0.5893333333333334,0.004
E1_MD6,C3,49,500,4.134244155085033,0.008268488310170066,0.5086666666666665,0.5513333333333333,1.8913333333333333,0.5846666666666667,0.002
E1_MD6,C4,49,25,0.17027836297472398,0.006811134518988959,0.5066666666666667,0.6133333333333333,1.76,0.56,0.02666666666666667
E1_MD6,C4,49,50,0.37199363548535597,0.00743987270970712,0.4866666666666667,0.5933333333333334,1.8533333333333333,0.5866666666666667,0.013333333333333334
E1_MD6,C4,49,100,0.7699926378179256,0.007699926378179256,0.53,0.5833333333333334,1.8866666666666667,0.5966666666666667,0.006666666666666667
E1_MD6,C4,49,250,2.066312333409555,0.00826524933363822,0.4973333333333331,0.5493333333333333,1.8986666666666667,0.5893333333333334,0.0026666666666666666
E1_MD6,C4,49,500,4.138304297685909,0.008276608595371817,0.5086666666666665,0.5506666666666666,1.8913333333333333,0.5846666666666667,0.0013333333333333333
E2_MASTERY,C0,0,25,0.34446614960728933,0.013778645984291573,0.6266666666666666,0.52,2.013333333333333,0.6266666666666667,0.013333333333333334
E2_MASTERY,C0,0,50,0.7768002699332082,0.015536005398664163,0.5333333333333333,0.47333333333333333,2.046666666666667,0.6733333333333333,0.006666666666666667
E2_MASTERY,C0,0,100,1.332503722086561,0.01332503722086561,0.4933333333333335,0.51,1.9966666666666666,0.6366666666666667,0.0033333333333333335
E2_MASTERY,C0,0,250,2.962255122904984,0.011849020491619936,0.5186666666666669,0.564,1.9773333333333334,0.6133333333333333,0.0013333333333333333
E2_MASTERY,C0,0,500,5.9599455222172155,0.01191989104443443,0.506666666666667,0.5666666666666667,1.966,0.6213333333333333,0.0006666666666666666
E2_MASTERY,C1,0,25,0.3564135633771573,0.014256542535086292,0.6266666666666666,0.49333333333333335,2.013333333333333,0.6266666666666667,0.013333333333333334
E2_MASTERY,C1,0,50,0.7887476837030762,0.015774953674061523,0.5333333333333333,0.46,2.046666666666667,0.6733333333333333,0.006666666666666667
E2_MASTERY,C1,0,100,1.3444511358564293,0.013444511358564292,0.4933333333333335,0.5033333333333333,1.9966666666666666,0.6366666666666667,0.0033333333333333335
E2_MASTERY,C1,0,250,2.974202536674852,0.011896810146699409,0.5186666666666669,0.5613333333333334,1.9773333333333334,0.6133333333333333,0.0013333333333333333
E2_MASTERY,C1,0,500,5.971892935987083,0.011943785871974167,0.506666666666667,0.5653333333333334,1.966,0.6213333333333333,0.0006666666666666666
E2_MASTERY,C2,0,25,0.35529883380161104,0.014211953352064441,0.6266666666666666,0.49333333333333335,2.013333333333333,0.6266666666666667,0.06666666666666667
E2_MASTERY,C2,0,50,0.78763295412753,0.0157526590825506,0.5333333333333333,0.46,2.046666666666667,0.6733333333333333,0.03333333333333333
E2_MASTERY,C2,0,100,1.3433364062808828,0.013433364062808827,0.4933333333333335,0.5033333333333333,1.9966666666666666,0.6366666666666667,0.016666666666666666
E2_MASTERY,C2,0,250,2.973087807099305,0.01189235122839722,0.5186666666666669,0.5613333333333334,1.9773333333333334,0.6133333333333333,0.006666666666666667
E2_MASTERY,C2,0,500,5.970778206411537,0.011941556412823073,0.506666666666667,0.5653333333333334,1.966,0.6213333333333333,0.0033333333333333335
E2_MASTERY,C3,0,25,0.3564135633771573,0.014256542535086292,0.6266666666666666,0.49333333333333335,2.013333333333333,0.6266666666666667,0.013333333333333334
E2_MASTERY,C3,0,50,0.7887476837030762,0.015774953674061523,0.5333333333333333,0.46,2.046666666666667,0.6733333333333333,0.006666666666666667
E2_MASTERY,C3,0,100,1.347867710792962,0.01347867710792962,0.4933333333333335,0.5033333333333333,1.9966666666666666,0.6366666666666667,0.006666666666666667
E2_MASTERY,C3,0,250,2.977619111611385,0.01191047644644554,0.5186666666666669,0.5613333333333334,1.9773333333333334,0.6133333333333333,0.0026666666666666666
E2_MASTERY,C3,0,500,5.9753095109236165,0.011950619021847233,0.506666666666667,0.5653333333333334,1.966,0.6213333333333333,0.0013333333333333333
E2_MASTERY,C4,0,25,0.34863519617179933,0.013945407846871974,0.6266666666666666,0.5066666666666667,2.013333333333333,0.6266666666666667,0.013333333333333334
E2_MASTERY,C4,0,50,0.775482656735579,0.01550965313471158,0.5333333333333333,0.47333333333333333,2.046666666666667,0.6733333333333333,0.013333333333333334
E2_MASTERY,C4,0,100,1.3100229531652794,0.013100229531652794,0.4933333333333335,0.5133333333333333,1.9966666666666666,0.6366666666666667,0.013333333333333334
E2_MASTERY,C4,0,250,2.7747534316918943,0.011099013726767576,0.5226666666666668,0.5866666666666667,1.9773333333333334,0.6133333333333333,0.050666666666666665
E2_MASTERY,C4,0,500,5.66698694358156,0.01133397388716312,0.5086666666666669,0.594,1.966,0.6213333333333333,0.059333333333333335
E2_MASTERY,C0,1,25,0.31504883638994896,0.012601953455597958,0.4533333333333334,0.6,1.8266666666666667,0.56,0.04
E2_MASTERY,C0,1,50,0.6165580897821497,0.012331161795642993,0.4733333333333334,0.5866666666666667,1.86,0.54,0.02
E2_MASTERY,C0,1,100,1.228824945228468,0.012288249452284681,0.45666666666666683,0.59,1.8466666666666667,0.5566666666666666,0.01
E2_MASTERY,C0,1,250,3.009028249081455,0.012036112996325819,0.47866666666666624,0.608,1.86,0.54,0.004
E2_MASTERY,C0,1,500,6.702461607373412,0.013404923214746824,0.4879999999999999,0.5593333333333333,1.946,0.5933333333333334,0.002
E2_MASTERY,C1,1,25,0.3160034753487442,0.012640139013949767,0.4533333333333334,0.6,1.8266666666666667,0.56,0.013333333333333334
E2_MASTERY,C1,1,50,0.617512728740945,0.012350254574818899,0.4733333333333334,0.5866666666666667,1.86,0.54,0.006666666666666667
E2_MASTERY,C1,1,100,1.2297795841872634,0.012297795841872634,0.45666666666666683,0.59,1.8466666666666667,0.5566666666666666,0.0033333333333333335
E2_MASTERY,C1,1,250,3.00998288804025,0.012039931552161001,0.47866666666666624,0.608,1.86,0.54,0.0013333333333333333
E2_MASTERY,C1,1,500,6.703416246332207,0.013406832492664413,0.4879999999999999,0.5593333333333333,1.946,0.5933333333333334,0.0006666666666666666
E2_MASTERY,C2,1,25,0.3162105388769624,0.012648421555078495,0.4533333333333334,0.6,1.8266666666666667,0.56,0.02666666666666667
E2_MASTERY,C2,1,50,0.6177197922691631,0.01235439584538326,0.4733333333333334,0.5866666666666667,1.86,0.54,0.013333333333333334
E2_MASTERY,C2,1,100,1.2299866477154813,0.012299866477154814,0.45666666666666683,0.59,1.8466666666666667,0.5566666666666666,0.006666666666666667
E2_MASTERY,C2,1,250,3.010189951568468,0.012040759806273872,0.47866666666666624,0.608,1.86,0.54,0.0026666666666666666
E2_MASTERY,C2,1,500,6.703623309860426,0.013407246619720852,0.4879999999999999,0.5593333333333333,1.946,0.5933333333333334,0.0013333333333333333
E2_MASTERY,C3,1,25,0.3022143451493412,0.012088573805973647,0.4533333333333334,0.6266666666666667,1.8266666666666667,0.56,0.05333333333333334
E2_MASTERY,C3,1,50,0.6008352156765364,0.012016704313530729,0.4733333333333334,0.6066666666666667,1.86,0.54,0.03333333333333333
E2_MASTERY,C3,1,100,1.2131020711228546,0.012131020711228546,0.45666666666666683,0.6,1.8466666666666667,0.5566666666666666,0.016666666666666666
E2_MASTERY,C3,1,250,2.842061461646236,0.011368245846584944,0.47866666666666624,0.6213333333333333,1.86,0.54,0.03333333333333333
E2_MASTERY,C3,1,500,6.495650253566497,0.012991300507132994,0.4873333333333333,0.5633333333333334,1.946,0.5933333333333334,0.04066666666666666
E2_MASTERY,C4,1,25,0.27203543496887883,0.010881417398755153,0.4533333333333334,0.6266666666666667,1.8266666666666667,0.56,0.08
E2_MASTERY,C4,1,50,0.4681052210183607,0.009362104420367215,0.4733333333333334,0.64,1.86,0.54,0.1
E2_MASTERY,C4,1,100,1.0536081371543506,0.010536081371543507,0.45666666666666683,0.6233333333333333,1.8466666666666667,0.5566666666666666,0.056666666666666664
E2_MASTERY,C4,1,250,2.4106250802261733,0.009642500320904693,0.47999999999999954,0.6666666666666666,1.86,0.54,0.092
E2_MASTERY,C4,1,500,5.120867605370936,0.010241735210741872,0.4913333333333331,0.6366666666666667,1.946,0.5933333333333334,0.11333333333333333
E2_MASTERY,C0,2,25,0.20581915646833604,0.008232766258733442,0.5066666666666667,0.68,1.7066666666666668,0.5066666666666667,0.04
E2_MASTERY,C0,2,50,0.5195395339131225,0.01039079067826245,0.5066666666666668,0.56,1.9266666666666667,0.6066666666666667,0.02
E2_MASTERY,C0,2,100,1.1294308385778273,0.011294308385778273,0.5133333333333332,0.51,2.0033333333333334,0.6433333333333333,0.01
E2_MASTERY,C0,2,250,2.6840315678459326,0.01073612627138373,0.4933333333333331,0.5426666666666666,1.9066666666666667,0.576,0.004
E2_MASTERY,C0,2,500,5.6793144235992195,0.011358628847198439,0.4953333333333336,0.532,1.9226666666666667,0.5933333333333334,0.002
E2_MASTERY,C1,2,25,0.24522573274057985,0.009809029309623194,0.5066666666666667,0.64,1.7066666666666668,0.5066666666666667,0.05333333333333334
E2_MASTERY,C1,2,50,0.5589461101853663,0.011178922203707326,0.5066666666666668,0.54,1.9266666666666667,0.6066666666666667,0.02666666666666667
E2_MASTERY,C1,2,100,1.1688374148500706,0.011688374148500706,0.5133333333333332,0.5,2.0033333333333334,0.6433333333333333,0.013333333333333334
E2_MASTERY,C1,2,250,2.7234381441181754,0.010893752576472703,0.4933333333333331,0.5386666666666666,1.9066666666666667,0.576,0.005333333333333333
E2_MASTERY,C1,2,500,5.718720999871463,0.011437441999742927,0.4953333333333336,0.53,1.9226666666666667,0.5933333333333334,0.0026666666666666666
E2_MASTERY,C2,2,25,0.21436562466185283,0.008574624986474114,0.5066666666666667,0.6666666666666666,1.7066666666666668,0.5066666666666667,0.02666666666666667
E2_MASTERY,C2,2,50,0.5280860021066393,0.010561720042132785,0.5066666666666668,0.5533333333333333,1.9266666666666667,0.6066666666666667,0.013333333333333334
E2_MASTERY,C2,2,100,1.1379773067713441,0.011379773067713442,0.5133333333333332,0.5066666666666667,2.0033333333333334,0.6433333333333333,0.006666666666666667
E2_MASTERY,C2,2,250,2.6925780360394493,0.010770312144157797,0.4933333333333331,0.5413333333333333,1.9066666666666667,0.576,0.0026666666666666666
E2_MASTERY,C2,2,500,5.687860891792736,0.011375721783585473,0.4953333333333336,0.5313333333333333,1.9226666666666667,0.5933333333333334,0.0013333333333333333
E2_MASTERY,C3,2,25,0.21436562466185283,0.008574624986474114,0.5066666666666667,0.6666666666666666,1.7066666666666668,0.5066666666666667,0.02666666666666667
E2_MASTERY,C3,2,50,0.5280860021066393,0.010561720042132785,0.5066666666666668,0.5533333333333333,1.9266666666666667,0.6066666666666667,0.013333333333333334
E2_MASTERY,C3,2,100,1.072435602964323,0.01072435602964323,0.5133333333333332,0.5266666666666666,2.0033333333333334,0.6433333333333333,0.03666666666666667
E2_MASTERY,C3,2,250,2.216217659056007,0.008864870636224029,0.4973333333333331,0.6053333333333333,1.9066666666666667,0.576,0.07466666666666667
E2_MASTERY,C3,2,500,4.327343894097332,0.008654687788194664,0.5000000000000002,0.6173333333333333,1.9226666666666667,0.5933333333333334,0.09533333333333334
E2_MASTERY,C4,2,25,0.19039982946004724,0.007615993178401889,0.5066666666666667,0.68,1.7066666666666668,0.5066666666666667,0.08
E2_MASTERY,C4,2,50,0.4274263450446902,0.008548526900893803,0.5066666666666668,0.6066666666666667,1.9266666666666667,0.6066666666666667,0.12
E2_MASTERY,C4,2,100,0.9585144323973814,0.009585144323973815,0.5133333333333332,0.5433333333333333,2.0033333333333334,0.6433333333333333,0.11
E2_MASTERY,C4,2,250,2.376682251100251,0.009506729004401004,0.49866666666666654,0.5746666666666667,1.9066666666666667,0.576,0.08266666666666667
E2_MASTERY,C4,2,500,4.995455135131831,0.00999091027026366,0.4980000000000002,0.5793333333333334,1.9226666666666667,0.5933333333333334,0.08866666666666667
E2_MASTERY,C0,3,25,0.2266278781152835,0.00906511512461134,0.4933333333333334,0.6666666666666666,1.9733333333333334,0.5733333333333334,0.04
E2_MASTERY,C0,3,50,0.4796727753211754,0.009593455506423508,0.5066666666666666,0.6333333333333333,2.02,0.6066666666666667,0.02
E2_MASTERY,C0,3,100,0.9867342117506194,0.009867342117506193,0.5066666666666668,0.6166666666666667,1.9366666666666668,0.5733333333333334,0.01
E2_MASTERY,C0,3,250,2.7355472656766726,0.01094218906270669,0.5120000000000002,0.6,1.948,0.6026666666666667,0.004
E2_MASTERY,C0,3,500,5.344804981062337,0.010689609962124674,0.5086666666666666,0.604,1.938,0.6013333333333334,0.002
E2_MASTERY,C1,3,25,0.19764067846909816,0.007905627138763926,0.4933333333333334,0.6933333333333334,1.9733333333333334,0.5733333333333334,0.04
E2_MASTERY,C1,3,50,0.45068557567499007,0.0090137115134998,0.5066666666666666,0.6466666666666666,2.02,0.6066666666666667,0.02
E2_MASTERY,C1,3,100,0.9577470121044341,0.00957747012104434,0.5066666666666668,0.6233333333333333,1.9366666666666668,0.5733333333333334,0.01
E2_MASTERY,C1,3,250,2.706560066030487,0.010826240264121947,0.5120000000000002,0.6026666666666667,1.948,0.6026666666666667,0.004
E2_MASTERY,C1,3,500,5.315817781416152,0.010631635562832304,0.5086666666666666,0.6053333333333333,1.938,0.6013333333333334,0.002
E2_MASTERY,C2,3,25,0.20995620332899867,0.008398248133159947,0.4933333333333334,0.68,1.9733333333333334,0.5733333333333334,0.02666666666666667
E2_MASTERY,C2,3,50,0.4630011005348906,0.009260022010697812,0.5066666666666666,0.64,2.02,0.6066666666666667,0.013333333333333334
E2_MASTERY,C2,3,100,0.9700625369643346,0.009700625369643346,0.5066666666666668,0.62,1.9366666666666668,0.5733333333333334,0.006666666666666667
E2_MASTERY,C2,3,250,2.7188755908903874,0.01087550236356155,0.5120000000000002,0.6013333333333334,1.948,0.6026666666666667,0.0026666666666666666
E2_MASTERY,C2,3,500,5.328133306276053,0.010656266612552106,0.5086666666666666,0.6046666666666667,1.938,0.6013333333333334,0.0013333333333333333
E2_MASTERY,C3,3,25,0.2545685974425096,0.010182743897700384,0.4933333333333334,0.6,1.9733333333333334,0.5733333333333334,0.22666666666666666
E2_MASTERY,C3,3,50,0.4922764632180232,0.009845529264360465,0.5066666666666666,0.6333333333333333,2.02,0.6066666666666667,0.22666666666666666
E2_MASTERY,C3,3,100,0.9906259616195664,0.009906259616195665,0.5066666666666668,0.62,1.9366666666666668,0.5733333333333334,0.18
E2_MASTERY,C3,3,250,2.727716550849039,0.010910866203396156,0.5120000000000002,0.612,1.948,0.6026666666666667,0.14133333333333334
E2_MASTERY,C3,3,500,5.43108823568303,0.01086217647136606,0.5086666666666666,0.606,1.938,0.6013333333333334,0.128
E2_MASTERY,C4,3,25,0.21318256588265722,0.008527302635306289,0.4933333333333334,0.6666666666666666,1.9733333333333334,0.5733333333333334,0.013333333333333334
E2_MASTERY,C4,3,50,0.4662274630885491,0.009324549261770983,0.5066666666666666,0.6333333333333333,2.02,0.6066666666666667,0.006666666666666667
E2_MASTERY,C4,3,100,0.9552210669865981,0.00955221066986598,0.5100000000000001,0.6233333333333333,1.9366666666666668,0.5733333333333334,0.01
E2_MASTERY,C4,3,250,2.620939163624978,0.010483756654499911,0.5133333333333335,0.612,1.948,0.6026666666666667,0.02
E2_MASTERY,C4,3,500,5.210488161164308,0.010420976322328617,0.5093333333333332,0.6113333333333333,1.938,0.6013333333333334,0.012666666666666666
E2_MASTERY,C0,4,25,0.4668379175983313,0.018673516703933253,0.5466666666666667,0.48,2.066666666666667,0.68,0.06666666666666667
E2_MASTERY,C0,4,50,0.9616066661165307,0.019232133322330612,0.52,0.49333333333333335,1.98,0.62,0.03333333333333333
E2_MASTERY,C0,4,100,1.9184759603996375,0.019184759603996376,0.49000000000000027,0.47333333333333333,1.9833333333333334,0.62,0.016666666666666666
E2_MASTERY,C0,4,250,4.884687468790298,0.01953874987516119,0.49066666666666675,0.488,1.9466666666666668,0.6026666666666667,0.006666666666666667
E2_MASTERY,C0,4,500,9.972208724178667,0.019944417448357336,0.494,0.482,1.962,0.6126666666666667,0.0033333333333333335
E2_MASTERY,C1,4,25,0.44885379667234404,0.017954151866893763,0.5466666666666667,0.48,2.066666666666667,0.68,0.06666666666666667
E2_MASTERY,C1,4,50,0.9436225451905434,0.01887245090381087,0.52,0.49333333333333335,1.98,0.62,0.03333333333333333
E2_MASTERY,C1,4,100,1.9004918394736503,0.019004918394736503,0.49000000000000027,0.47333333333333333,1.9833333333333334,0.62,0.016666666666666666
E2_MASTERY,C1,4,250,4.86670334786431,0.01946681339145724,0.49066666666666675,0.488,1.9466666666666668,0.6026666666666667,0.006666666666666667
E2_MASTERY,C1,4,500,9.95422460325268,0.01990844920650536,0.494,0.482,1.962,0.6126666666666667,0.0033333333333333335
E2_MASTERY,C2,4,25,0.47078730473767355,0.018831492189506943,0.5466666666666667,0.4533333333333333,2.066666666666667,0.68,0.0
E2_MASTERY,C2,4,50,0.965556053255873,0.01931112106511746,0.52,0.48,1.98,0.62,0.0
E2_MASTERY,C2,4,100,1.9224253475389799,0.019224253475389797,0.49000000000000027,0.4666666666666667,1.9833333333333334,0.62,0.0
E2_MASTERY,C2,4,250,4.888636855929639,0.019554547423718555,0.49066666666666675,0.48533333333333334,1.9466666666666668,0.6026666666666667,0.0
E2_MASTERY,C2,4,500,9.97615811131801,0.019952316222636022,0.494,0.4806666666666667,1.962,0.6126666666666667,0.0
E2_MASTERY,C3,4,25,0.4586103260222483,0.018344413040889934,0.5466666666666667,0.4666666666666667,2.066666666666667,0.68,0.04
E2_MASTERY,C3,4,50,0.9533790745404477,0.019067581490808953,0.52,0.4866666666666667,1.98,0.62,0.02
E2_MASTERY,C3,4,100,1.9102483688235545,0.019102483688235545,0.49000000000000027,0.47,1.9833333333333334,0.62,0.01
E2_MASTERY,C3,4,250,4.876459877214214,0.019505839508856856,0.49066666666666675,0.4866666666666667,1.9466666666666668,0.6026666666666667,0.004
E2_MASTERY,C3,4,500,9.963981132602584,0.019927962265205167,0.494,0.48133333333333334,1.962,0.6126666666666667,0.002
E2_MASTERY,C4,4,25,0.4491654967148947,0.01796661986859579,0.5466666666666667,0.49333333333333335,2.066666666666667,0.68,0.05333333333333334
E2_MASTERY,C4,4,50,0.943934245233094,0.01887868490466188,0.52,0.5,1.98,0.62,0.02666666666666667
E2_MASTERY,C4,4,100,1.897044879119246,0.01897044879119246,0.49000000000000027,0.4766666666666667,1.9833333333333334,0.62,0.016666666666666666
E2_MASTERY,C4,4,250,4.741614050060544,0.018966456200242177,0.49066666666666675,0.5013333333333333,1.9466666666666668,0.6026666666666667,0.025333333333333333
E2_MASTERY,C4,4,500,9.649891103917735,0.01929978220783547,0.494,0.49533333333333335,1.962,0.6126666666666667,0.046
E2_MASTERY,C0,5,25,0.3738277496050201,0.014953109984200803,0.52,0.52,1.88,0.5866666666666667,0.013333333333333334
E2_MASTERY,C0,5,50,0.766896801981624,0.015337936039632481,0.5066666666666666,0.5,1.92,0.6066666666666667,0.006666666666666667
E2_MASTERY,C0,5,100,1.5361684370529303,0.015361684370529302,0.56,0.49666666666666665,1.92,0.6133333333333333,0.0033333333333333335
E2_MASTERY,C0,5,250,3.7796573498611177,0.01511862939944447,0.5093333333333334,0.504,1.9586666666666666,0.6053333333333333,0.0013333333333333333
E2_MASTERY,C0,5,500,6.964134740913326,0.013928269481826652,0.516,0.528,1.9146666666666667,0.5886666666666667,0.0006666666666666666
E2_MASTERY,C1,5,25,0.359366084764451,0.01437464339057804,0.52,0.5333333333333333,1.88,0.5866666666666667,0.02666666666666667
E2_MASTERY,C1,5,50,0.7524351371410549,0.015048702742821099,0.5066666666666666,0.5066666666666667,1.92,0.6066666666666667,0.013333333333333334
E2_MASTERY,C1,5,100,1.5217067722123612,0.015217067722123612,0.56,0.5,1.92,0.6133333333333333,0.006666666666666667
E2_MASTERY,C1,5,250,3.7651956850205486,0.015060782740082195,0.5093333333333334,0.5053333333333333,1.9586666666666666,0.6053333333333333,0.0026666666666666666
E2_MASTERY,C1,5,500,6.949673076072757,0.013899346152145513,0.516,0.5286666666666666,1.9146666666666667,0.5886666666666667,0.0013333333333333333
E2_MASTERY,C2,5,25,0.3736609086104099,0.014946436344416397,0.52,0.5333333333333333,1.88,0.5866666666666667,0.0
E2_MASTERY,C2,5,50,0.766729960987014,0.015334599219740279,0.5066666666666666,0.5066666666666667,1.92,0.6066666666666667,0.0
E2_MASTERY,C2,5,100,1.5360015960583202,0.015360015960583203,0.56,0.5,1.92,0.6133333333333333,0.0
E2_MASTERY,C2,5,250,3.7794905088665076,0.01511796203546603,0.5093333333333334,0.5053333333333333,1.9586666666666666,0.6053333333333333,0.0
E2_MASTERY,C2,5,500,6.963967899918717,0.013927935799837433,0.516,0.5286666666666666,1.9146666666666667,0.5886666666666667,0.0
E2_MASTERY,C3,5,25,0.3309617735780931,0.013238470943123724,0.52,0.5733333333333334,1.88,0.5866666666666667,0.06666666666666667
E2_MASTERY,C3,5,50,0.6988166249507974,0.01397633249901595,0.5066666666666666,0.5533333333333333,1.92,0.6066666666666667,0.06
E2_MASTERY,C3,5,100,1.4418544954528358,0.014418544954528358,0.56,0.53,1.92,0.6133333333333333,0.03666666666666667
E2_MASTERY,C3,5,250,3.601484716978758,0.014405938867915032,0.5106666666666667,0.5266666666666666,1.9586666666666666,0.6053333333333333,0.024
E2_MASTERY,C3,5,500,6.389958516093048,0.012779917032186096,0.5179999999999999,0.5593333333333333,1.9146666666666667,0.5886666666666667,0.032
E2_MASTERY,C4,5,25,0.3738277496050201,0.014953109984200803,0.52,0.52,1.88,0.5866666666666667,0.013333333333333334
E2_MASTERY,C4,5,50,0.766896801981624,0.015337936039632481,0.5066666666666666,0.5,1.92,0.6066666666666667,0.006666666666666667
E2_MASTERY,C4,5,100,1.5361684370529303,0.015361684370529302,0.56,0.49666666666666665,1.92,0.6133333333333333,0.0033333333333333335
E2_MASTERY,C4,5,250,3.7796573498611177,0.01511862939944447,0.5093333333333334,0.504,1.9586666666666666,0.6053333333333333,0.0013333333333333333
E2_MASTERY,C4,5,500,6.95901138646997,0.01391802277293994,0.516,0.5286666666666666,1.9146666666666667,0.5886666666666667,0.0013333333333333333
E2_MASTERY,C0,6,25,0.23217682542078866,0.009287073016831546,0.43999999999999984,0.6666666666666666,1.76,0.56,0.02666666666666667
E2_MASTERY,C0,6,50,0.45103034556865834,0.009020606911373167,0.5333333333333333,0.6266666666666667,1.8733333333333333,0.6066666666666667,0.013333333333333334
E2_MASTERY,C0,6,100,0.9990354740491791,0.009990354740491791,0.5299999999999998,0.6333333333333333,1.9166666666666667,0.6,0.006666666666666667
E2_MASTERY,C0,6,250,2.3572110148316106,0.009428844059326442,0.5053333333333334,0.6386666666666667,1.9146666666666667,0.5946666666666667,0.0026666666666666666
E2_MASTERY,C0,6,500,4.848827523575212,0.009697655047150424,0.5066666666666667,0.6253333333333333,1.9266666666666667,0.6,0.0013333333333333333
E2_MASTERY,C1,6,25,0.2631095356732061,0.010524381426928244,0.43999999999999984,0.64,1.76,0.56,0.013333333333333334
E2_MASTERY,C1,6,50,0.4819630558210758,0.009639261116421516,0.5333333333333333,0.6133333333333333,1.8733333333333333,0.6066666666666667,0.006666666666666667
E2_MASTERY,C1,6,100,1.0299681843015964,0.010299681843015964,0.5299999999999998,0.6266666666666667,1.9166666666666667,0.6,0.0033333333333333335
E2_MASTERY,C1,6,250,2.388143725084029,0.009552574900336116,0.5053333333333334,0.636,1.9146666666666667,0.5946666666666667,0.0013333333333333333
E2_MASTERY,C1,6,500,4.87976023382763,0.00975952046765526,0.5066666666666667,0.624,1.9266666666666667,0.6,0.0006666666666666666
E2_MASTERY,C2,6,25,0.2631095356732061,0.010524381426928244,0.43999999999999984,0.64,1.76,0.56,0.013333333333333334
E2_MASTERY,C2,6,50,0.4819630558210758,0.009639261116421516,0.5333333333333333,0.6133333333333333,1.8733333333333333,0.6066666666666667,0.006666666666666667
E2_MASTERY,C2,6,100,1.0299681843015964,0.010299681843015964,0.5299999999999998,0.6266666666666667,1.9166666666666667,0.6,0.0033333333333333335
E2_MASTERY,C2,6,250,2.388143725084029,0.009552574900336116,0.5053333333333334,0.636,1.9146666666666667,0.5946666666666667,0.0013333333333333333
E2_MASTERY,C2,6,500,4.87976023382763,0.00975952046765526,0.5066666666666667,0.624,1.9266666666666667,0.6,0.0006666666666666666
E2_MASTERY,C3,6,25,0.21296657159690952,0.00851866286387638,0.43999999999999984,0.72,1.76,0.56,0.13333333333333333
E2_MASTERY,C3,6,50,0.4293820532673735,0.00858764106534747,0.5333333333333333,0.6466666666666666,1.8733333333333333,0.6066666666666667,0.08
E2_MASTERY,C3,6,100,0.9669869941413518,0.009669869941413518,0.5299999999999998,0.6466666666666666,1.9166666666666667,0.6,0.04666666666666667
E2_MASTERY,C3,6,250,2.2709284654923074,0.009083713861969229,0.5066666666666668,0.6546666666666666,1.9146666666666667,0.5946666666666667,0.037333333333333336
E2_MASTERY,C3,6,500,4.596173911615056,0.00919234782323011,0.5073333333333334,0.644,1.9266666666666667,0.6,0.038
E2_MASTERY,C4,6,25,0.20550790896708215,0.008220316358683286,0.43999999999999984,0.68,1.76,0.56,0.14666666666666667
E2_MASTERY,C4,6,50,0.409564695467052,0.00819129390934104,0.5333333333333333,0.6333333333333333,1.8733333333333333,0.6066666666666667,0.1
E2_MASTERY,C4,6,100,0.9457088198662493,0.009457088198662493,0.5299999999999998,0.64,1.9166666666666667,0.6,0.06333333333333334
E2_MASTERY,C4,6,250,2.26192695044207,0.009047707801768279,0.5053333333333334,0.644,1.9146666666666667,0.5946666666666667,0.03333333333333333
E2_MASTERY,C4,6,500,4.675959296907971,0.009351918593815942,0.5066666666666667,0.6333333333333333,1.9266666666666667,0.6,0.03266666666666666
E2_MASTERY,C0,7,25,0.16511503188654575,0.00660460127546183,0.52,0.7333333333333333,1.6,0.4666666666666667,0.0
E2_MASTERY,C0,7,50,0.4446904455445906,0.008893808910891811,0.5133333333333335,0.6666666666666666,1.8066666666666666,0.54,0.0
E2_MASTERY,C0,7,100,0.772197551312819,0.00772197551312819,0.4933333333333334,0.7033333333333334,1.8233333333333333,0.5433333333333333,0.0
E2_MASTERY,C0,7,250,2.218895628531592,0.008875582514126368,0.4933333333333334,0.656,1.9,0.5733333333333334,0.0
E2_MASTERY,C0,7,500,4.623681179989211,0.00924736235997842,0.49399999999999944,0.6286666666666667,1.9446666666666668,0.6006666666666667,0.0
E2_MASTERY,C1,7,25,0.16511503188654575,0.00660460127546183,0.52,0.7333333333333333,1.6,0.4666666666666667,0.0
E2_MASTERY,C1,7,50,0.4446904455445906,0.008893808910891811,0.5133333333333335,0.6666666666666666,1.8066666666666666,0.54,0.0
E2_MASTERY,C1,7,100,0.772197551312819,0.00772197551312819,0.4933333333333334,0.7033333333333334,1.8233333333333333,0.5433333333333333,0.0
E2_MASTERY,C1,7,250,2.218895628531592,0.008875582514126368,0.4933333333333334,0.656,1.9,0.5733333333333334,0.0
E2_MASTERY,C1,7,500,4.623681179989211,0.00924736235997842,0.49399999999999944,0.6286666666666667,1.9446666666666668,0.6006666666666667,0.0
E2_MASTERY,C2,7,25,0.16511503188654575,0.00660460127546183,0.52,0.7333333333333333,1.6,0.4666666666666667,0.0
E2_MASTERY,C2,7,50,0.4446904455445906,0.008893808910891811,0.5133333333333335,0.6666666666666666,1.8066666666666666,0.54,0.0
E2_MASTERY,C2,7,100,0.772197551312819,0.00772197551312819,0.4933333333333334,0.7033333333333334,1.8233333333333333,0.5433333333333333,0.0
E2_MASTERY,C2,7,250,2.218895628531592,0.008875582514126368,0.4933333333333334,0.656,1.9,0.5733333333333334,0.0
E2_MASTERY,C2,7,500,4.623681179989211,0.00924736235997842,0.49399999999999944,0.6286666666666667,1.9446666666666668,0.6006666666666667,0.0
E2_MASTERY,C3,7,25,0.16511503188654575,0.00660460127546183,0.52,0.7333333333333333,1.6,0.4666666666666667,0.0
E2_MASTERY,C3,7,50,0.4446904455445906,0.008893808910891811,0.5133333333333335,0.6666666666666666,1.8066666666666666,0.54,0.0
E2_MASTERY,C3,7,100,0.772197551312819,0.00772197551312819,0.4933333333333334,0.7033333333333334,1.8233333333333333,0.5433333333333333,0.0
E2_MASTERY,C3,7,250,2.218895628531592,0.008875582514126368,0.4933333333333334,0.656,1.9,0.5733333333333334,0.0
E2_MASTERY,C3,7,500,4.463374276472461,0.008926748552944922,0.49399999999999944,0.638,1.9446666666666668,0.6006666666666667,0.028
E2_MASTERY,C4,7,25,0.16511503188654575,0.00660460127546183,0.52,0.7333333333333333,1.6,0.4666666666666667,0.0
E2_MASTERY,C4,7,50,0.4446904455445906,0.008893808910891811,0.5133333333333335,0.6666666666666666,1.8066666666666666,0.54,0.0
E2_MASTERY,C4,7,100,0.772197551312819,0.00772197551312819,0.4933333333333334,0.7033333333333334,1.8233333333333333,0.5433333333333333,0.0
E2_MASTERY,C4,7,250,2.0077238424239843,0.008030895369695937,0.4946666666666668,0.6813333333333333,1.9,0.5733333333333334,0.037333333333333336
E2_MASTERY,C4,7,500,3.5445597370368684,0.0070891194740737365,0.4986666666666661,0.6933333333333334,1.9446666666666668,0.6006666666666667,0.1
E2_MASTERY,C0,8,25,0.23247942040596592,0.009299176816238637,0.4666666666666666,0.5866666666666667,2.12,0.7333333333333333,0.013333333333333334
E2_MASTERY,C0,8,50,0.5107122241894895,0.01021424448378979,0.4800000000000001,0.5866666666666667,2.066666666666667,0.7,0.006666666666666667
E2_MASTERY,C0,8,100,0.9649203619072373,0.009649203619072374,0.5266666666666665,0.61,1.9866666666666666,0.6533333333333333,0.0033333333333333335
E2_MASTERY,C0,8,250,2.267534956430547,0.009070139825722188,0.5013333333333332,0.6253333333333333,1.9706666666666666,0.6173333333333333,0.0013333333333333333
E2_MASTERY,C0,8,500,4.600054412748494,0.009200108825496989,0.5073333333333331,0.6266666666666667,1.942,0.5993333333333334,0.0006666666666666666
E2_MASTERY,C1,8,25,0.25907750275816205,0.010363100110326482,0.4666666666666666,0.5866666666666667,2.12,0.7333333333333333,0.02666666666666667
E2_MASTERY,C1,8,50,0.5373103065416855,0.010746206130833711,0.4800000000000001,0.5866666666666667,2.066666666666667,0.7,0.013333333333333334
E2_MASTERY,C1,8,100,0.9915184442594334,0.009915184442594333,0.5266666666666665,0.61,1.9866666666666666,0.6533333333333333,0.006666666666666667
E2_MASTERY,C1,8,250,2.294133038782743,0.009176532155130973,0.5013333333333332,0.6253333333333333,1.9706666666666666,0.6173333333333333,0.0026666666666666666
E2_MASTERY,C1,8,500,4.62665249510069,0.00925330499020138,0.5073333333333331,0.6266666666666667,1.942,0.5993333333333334,0.0013333333333333333
E2_MASTERY,C2,8,25,0.22946556657395656,0.009178622662958262,0.4666666666666666,0.6,2.12,0.7333333333333333,0.0
E2_MASTERY,C2,8,50,0.50769837035748,0.0101539674071496,0.4800000000000001,0.5933333333333334,2.066666666666667,0.7,0.0
E2_MASTERY,C2,8,100,0.9619065080752278,0.009619065080752278,0.5266666666666665,0.6133333333333333,1.9866666666666666,0.6533333333333333,0.0
E2_MASTERY,C2,8,250,2.2645211025985374,0.00905808441039415,0.5013333333333332,0.6266666666666667,1.9706666666666666,0.6173333333333333,0.0
E2_MASTERY,C2,8,500,4.5970405589164836,0.009194081117832967,0.5073333333333331,0.6273333333333333,1.942,0.5993333333333334,0.0
E2_MASTERY,C3,8,25,0.22946556657395656,0.009178622662958262,0.4666666666666666,0.6,2.12,0.7333333333333333,0.0
E2_MASTERY,C3,8,50,0.50769837035748,0.0101539674071496,0.4800000000000001,0.5933333333333334,2.066666666666667,0.7,0.0
E2_MASTERY,C3,8,100,0.9805849535926142,0.009805849535926142,0.5266666666666665,0.61,1.9866666666666666,0.6533333333333333,0.0033333333333333335
E2_MASTERY,C3,8,250,2.3086568469688564,0.009234627387875425,0.5013333333333332,0.624,1.9706666666666666,0.6173333333333333,0.010666666666666666
E2_MASTERY,C3,8,500,4.742586313451443,0.009485172626902886,0.5073333333333331,0.6226666666666667,1.942,0.5993333333333334,0.01
E2_MASTERY,C4,8,25,0.20315622598831473,0.00812624903953259,0.4666666666666666,0.6133333333333333,2.12,0.7333333333333333,0.05333333333333334
E2_MASTERY,C4,8,50,0.4718176467886926,0.009436352935773851,0.4800000000000001,0.6066666666666667,2.066666666666667,0.7,0.03333333333333333
E2_MASTERY,C4,8,100,0.8665393152546862,0.008665393152546863,0.5266666666666665,0.6433333333333333,1.9866666666666666,0.6533333333333333,0.04
E2_MASTERY,C4,8,250,1.9427664253749415,0.007771065701499766,0.5026666666666665,0.6693333333333333,1.9706666666666666,0.6173333333333333,0.050666666666666665
E2_MASTERY,C4,8,500,3.974040372596456,0.007948080745192912,0.5079999999999998,0.6673333333333333,1.942,0.5993333333333334,0.04933333333333333
E2_MASTERY,C0,9,25,0.3333518183102415,0.013334072732409661,0.5466666666666665,0.52,1.9733333333333334,0.6133333333333333,0.013333333333333334
E2_MASTERY,C0,9,50,0.6174847699652901,0.012349695399305803,0.4733333333333332,0.5733333333333334,1.9066666666666667,0.5866666666666667,0.006666666666666667
E2_MASTERY,C0,9,100,1.449608759660714,0.014496087596607138,0.5066666666666666,0.5233333333333333,1.9433333333333334,0.62,0.0033333333333333335
E2_MASTERY,C0,9,250,3.553901599969067,0.014215606399876268,0.5133333333333334,0.5253333333333333,1.9746666666666666,0.6253333333333333,0.0013333333333333333
E2_MASTERY,C0,9,500,6.971417397661731,0.013942834795323461,0.49733333333333346,0.532,1.94,0.6033333333333334,0.0006666666666666666
E2_MASTERY,C1,9,25,0.33211257908917136,0.013284503163566854,0.5466666666666665,0.5333333333333333,1.9733333333333334,0.6133333333333333,0.0
E2_MASTERY,C1,9,50,0.6162455307442201,0.012324910614884402,0.4733333333333332,0.58,1.9066666666666667,0.5866666666666667,0.0
E2_MASTERY,C1,9,100,1.4483695204396438,0.014483695204396439,0.5066666666666666,0.5266666666666666,1.9433333333333334,0.62,0.0
E2_MASTERY,C1,9,250,3.5526623607479975,0.014210649442991989,0.5133333333333334,0.5266666666666666,1.9746666666666666,0.6253333333333333,0.0
E2_MASTERY,C1,9,500,6.970178158440661,0.013940356316881322,0.49733333333333346,0.5326666666666666,1.94,0.6033333333333334,0.0
E2_MASTERY,C2,9,25,0.34326305863868967,0.013730522345547587,0.5466666666666665,0.52,1.9733333333333334,0.6133333333333333,0.02666666666666667
E2_MASTERY,C2,9,50,0.6273960102937384,0.012547920205874767,0.4733333333333332,0.5733333333333334,1.9066666666666667,0.5866666666666667,0.013333333333333334
E2_MASTERY,C2,9,100,1.4595199999891624,0.014595199999891624,0.5066666666666666,0.5233333333333333,1.9433333333333334,0.62,0.006666666666666667
E2_MASTERY,C2,9,250,3.5638128402975155,0.014255251361190062,0.5133333333333334,0.5253333333333333,1.9746666666666666,0.6253333333333333,0.0026666666666666666
E2_MASTERY,C2,9,500,6.98132863799018,0.01396265727598036,0.49733333333333346,0.532,1.94,0.6033333333333334,0.0013333333333333333
E2_MASTERY,C3,9,25,0.3333518183102415,0.013334072732409661,0.5466666666666665,0.52,1.9733333333333334,0.6133333333333333,0.013333333333333334
E2_MASTERY,C3,9,50,0.6174847699652901,0.012349695399305803,0.4733333333333332,0.5733333333333334,1.9066666666666667,0.5866666666666667,0.006666666666666667
E2_MASTERY,C3,9,100,1.449608759660714,0.014496087596607138,0.5066666666666666,0.5233333333333333,1.9433333333333334,0.62,0.0033333333333333335
E2_MASTERY,C3,9,250,3.5677189571748276,0.01427087582869931,0.5133333333333334,0.524,1.9746666666666666,0.6253333333333333,0.0026666666666666666
E2_MASTERY,C3,9,500,6.984729895993991,0.013969459791987982,0.49733333333333346,0.5313333333333333,1.94,0.6033333333333334,0.0033333333333333335
E2_MASTERY,C4,9,25,0.33211257908917136,0.013284503163566854,0.5466666666666665,0.5333333333333333,1.9733333333333334,0.6133333333333333,0.0
E2_MASTERY,C4,9,50,0.6162455307442201,0.012324910614884402,0.4733333333333332,0.58,1.9066666666666667,0.5866666666666667,0.0
E2_MASTERY,C4,9,100,1.4483695204396438,0.014483695204396439,0.5066666666666666,0.5266666666666666,1.9433333333333334,0.62,0.0
E2_MASTERY,C4,9,250,3.5391632186555464,0.014156652874622186,0.5133333333333334,0.528,1.9746666666666666,0.6253333333333333,0.0013333333333333333
E2_MASTERY,C4,9,500,6.407180124284958,0.012814360248569915,0.4986666666666668,0.5653333333333334,1.94,0.6033333333333334,0.03266666666666666
E2_MASTERY,C0,10,25,0.254734109023885,0.0101893643609554,0.6133333333333332,0.52,1.8933333333333333,0.6,0.013333333333333334
E2_MASTERY,C0,10,50,0.5541224865311482,0.011082449730622963,0.5666666666666665,0.5266666666666666,1.9666666666666666,0.6266666666666667,0.006666666666666667
E2_MASTERY,C0,10,100,1.075436440544708,0.010754364405447081,0.4966666666666666,0.5433333333333333,1.8866666666666667,0.5933333333333334,0.0033333333333333335
E2_MASTERY,C0,10,250,2.717705181357151,0.010870820725428604,0.5093333333333335,0.5293333333333333,1.9546666666666668,0.6133333333333333,0.0026666666666666666
E2_MASTERY,C0,10,500,5.276184131603386,0.010552368263206772,0.5260000000000001,0.536,1.94,0.6006666666666667,0.0013333333333333333
E2_MASTERY,C1,10,25,0.24907827921839226,0.00996313116873569,0.6133333333333332,0.5333333333333333,1.8933333333333333,0.6,0.0
E2_MASTERY,C1,10,50,0.5484666567256554,0.010969333134513108,0.5666666666666665,0.5333333333333333,1.9666666666666666,0.6266666666666667,0.0
E2_MASTERY,C1,10,100,1.0697806107392154,0.010697806107392153,0.4966666666666666,0.5466666666666666,1.8866666666666667,0.5933333333333334,0.0
E2_MASTERY,C1,10,250,2.703504773323634,0.010814019093294536,0.5093333333333335,0.532,1.9546666666666668,0.6133333333333333,0.0
E2_MASTERY,C1,10,500,5.261983723569869,0.010523967447139737,0.5260000000000001,0.5373333333333333,1.94,0.6006666666666667,0.0
E2_MASTERY,C2,10,25,0.2518158128480907,0.010072632513923627,0.6133333333333332,0.52,1.8933333333333333,0.6,0.013333333333333334
E2_MASTERY,C2,10,50,0.5512041903553538,0.011024083807107076,0.5666666666666665,0.5266666666666666,1.9666666666666666,0.6266666666666667,0.006666666666666667
E2_MASTERY,C2,10,100,1.0725181443689138,0.010725181443689138,0.4966666666666666,0.5433333333333333,1.8866666666666667,0.5933333333333334,0.0033333333333333335
E2_MASTERY,C2,10,250,2.7062423069533326,0.010824969227813331,0.5093333333333335,0.5306666666666666,1.9546666666666668,0.6133333333333333,0.0013333333333333333
E2_MASTERY,C2,10,500,5.264721257199567,0.010529442514399134,0.5260000000000001,0.5366666666666666,1.94,0.6006666666666667,0.0006666666666666666
E2_MASTERY,C3,10,25,0.2518158128480907,0.010072632513923627,0.6133333333333332,0.52,1.8933333333333333,0.6,0.013333333333333334
E2_MASTERY,C3,10,50,0.5512041903553538,0.011024083807107076,0.5666666666666665,0.5266666666666666,1.9666666666666666,0.6266666666666667,0.006666666666666667
E2_MASTERY,C3,10,100,1.0725181443689138,0.010725181443689138,0.4966666666666666,0.5433333333333333,1.8866666666666667,0.5933333333333334,0.0033333333333333335
E2_MASTERY,C3,10,250,2.7062423069533326,0.010824969227813331,0.5093333333333335,0.5306666666666666,1.9546666666666668,0.6133333333333333,0.0013333333333333333
E2_MASTERY,C3,10,500,5.264721257199567,0.010529442514399134,0.5260000000000001,0.5366666666666666,1.94,0.6006666666666667,0.0006666666666666666
E2_MASTERY,C4,10,25,0.2284458523278205,0.00913783409311282,0.6266666666666665,0.5733333333333334,1.8933333333333333,0.6,0.06666666666666667
E2_MASTERY,C4,10,50,0.5278342298350835,0.010556684596701671,0.5733333333333331,0.5533333333333333,1.9666666666666666,0.6266666666666667,0.03333333333333333
E2_MASTERY,C4,10,100,1.0043864924290173,0.010043864924290173,0.49999999999999994,0.5666666666666667,1.8866666666666667,0.5933333333333334,0.043333333333333335
E2_MASTERY,C4,10,250,2.477387651670895,0.00990955060668358,0.5106666666666669,0.5693333333333334,1.9546666666666668,0.6133333333333333,0.06266666666666666
E2_MASTERY,C4,10,500,4.655279561128864,0.00931055912225773,0.5266666666666668,0.5886666666666667,1.94,0.6006666666666667,0.07666666666666666
E2_MASTERY,C0,11,25,0.11634878911734231,0.004653951564693693,0.5999999999999999,0.7466666666666667,1.7466666666666666,0.5866666666666667,0.013333333333333334
E2_MASTERY,C0,11,50,0.3356764431709974,0.006713528863419947,0.5133333333333333,0.6933333333333334,1.8533333333333333,0.5866666666666667,0.006666666666666667
E2_MASTERY,C0,11,100,0.7962800259832933,0.007962800259832932,0.5466666666666667,0.6766666666666666,1.9166666666666667,0.6166666666666667,0.0033333333333333335
E2_MASTERY,C0,11,250,2.104860599906238,0.008419442399624952,0.5213333333333335,0.636,1.928,0.6146666666666667,0.0013333333333333333
E2_MASTERY,C0,11,500,3.957684660280756,0.007915369320561512,0.523333333333333,0.6286666666666667,1.9233333333333333,0.596,0.0006666666666666666
E2_MASTERY,C1,11,25,0.1132855236266253,0.004531420945065012,0.5999999999999999,0.7466666666666667,1.7466666666666666,0.5866666666666667,0.04
E2_MASTERY,C1,11,50,0.33261317768028037,0.006652263553605608,0.5133333333333333,0.6933333333333334,1.8533333333333333,0.5866666666666667,0.02
E2_MASTERY,C1,11,100,0.7932167604925763,0.007932167604925763,0.5466666666666667,0.6766666666666666,1.9166666666666667,0.6166666666666667,0.01
E2_MASTERY,C1,11,250,2.1017973344155205,0.008407189337662081,0.5213333333333335,0.636,1.928,0.6146666666666667,0.004
E2_MASTERY,C1,11,500,3.9546213947900384,0.007909242789580077,0.523333333333333,0.6286666666666667,1.9233333333333333,0.596,0.002
E2_MASTERY,C2,11,25,0.11634878911734231,0.004653951564693693,0.5999999999999999,0.7466666666666667,1.7466666666666666,0.5866666666666667,0.013333333333333334
E2_MASTERY,C2,11,50,0.3356764431709974,0.006713528863419947,0.5133333333333333,0.6933333333333334,1.8533333333333333,0.5866666666666667,0.006666666666666667
E2_MASTERY,C2,11,100,0.7962800259832933,0.007962800259832932,0.5466666666666667,0.6766666666666666,1.9166666666666667,0.6166666666666667,0.0033333333333333335
E2_MASTERY,C2,11,250,2.104860599906238,0.008419442399624952,0.5213333333333335,0.636,1.928,0.6146666666666667,0.0013333333333333333
E2_MASTERY,C2,11,500,3.957684660280756,0.007915369320561512,0.523333333333333,0.6286666666666667,1.9233333333333333,0.596,0.0006666666666666666
E2_MASTERY,C3,11,25,0.10437330571889253,0.004174932228755701,0.5999999999999999,0.76,1.7466666666666666,0.5866666666666667,0.0
E2_MASTERY,C3,11,50,0.3237009597725476,0.0064740191954509516,0.5133333333333333,0.7,1.8533333333333333,0.5866666666666667,0.0
E2_MASTERY,C3,11,100,0.7843045425848435,0.007843045425848435,0.5466666666666667,0.68,1.9166666666666667,0.6166666666666667,0.0
E2_MASTERY,C3,11,250,2.092885116507788,0.008371540466031153,0.5213333333333335,0.6373333333333333,1.928,0.6146666666666667,0.0
E2_MASTERY,C3,11,500,3.945709176882306,0.007891418353764612,0.523333333333333,0.6293333333333333,1.9233333333333333,0.596,0.0
E2_MASTERY,C4,11,25,0.10437330571889253,0.004174932228755701,0.5999999999999999,0.76,1.7466666666666666,0.5866666666666667,0.0
E2_MASTERY,C4,11,50,0.3237009597725476,0.0064740191954509516,0.5133333333333333,0.7,1.8533333333333333,0.5866666666666667,0.0
E2_MASTERY,C4,11,100,0.7843045425848435,0.007843045425848435,0.5466666666666667,0.68,1.9166666666666667,0.6166666666666667,0.0
E2_MASTERY,C4,11,250,2.092885116507788,0.008371540466031153,0.5213333333333335,0.6373333333333333,1.928,0.6146666666666667,0.0
E2_MASTERY,C4,11,500,3.955778051146686,0.007911556102293372,0.523333333333333,0.6286666666666667,1.9233333333333333,0.596,0.002
E2_MASTERY,C0,12,25,0.4014938691771005,0.01605975476708402,0.42666666666666664,0.5866666666666667,1.8133333333333332,0.5466666666666666,0.09333333333333334
E2_MASTERY,C0,12,50,0.7181010477017155,0.01436202095403431,0.46666666666666645,0.5933333333333334,1.8266666666666667,0.5533333333333333,0.07333333333333333
E2_MASTERY,C0,12,100,1.5191566482036387,0.015191566482036387,0.47,0.5666666666666667,1.8533333333333333,0.5733333333333334,0.06
E2_MASTERY,C0,12,250,4.173210909437661,0.016692843637750646,0.4853333333333333,0.5453333333333333,1.8746666666666667,0.568,0.04
E2_MASTERY,C0,12,500,9.099530469999095,0.01819906093999819,0.47666666666666696,0.5073333333333333,1.8986666666666667,0.59,0.020666666666666667
E2_MASTERY,C1,12,25,0.43606247837296813,0.017442499134918726,0.42666666666666664,0.5733333333333334,1.8133333333333332,0.5466666666666666,0.04
E2_MASTERY,C1,12,50,0.78995442569811,0.015799088513962202,0.46666666666666645,0.56,1.8266666666666667,0.5533333333333333,0.02
E2_MASTERY,C1,12,100,1.6553809956124799,0.0165538099561248,0.47,0.53,1.8533333333333333,0.5733333333333334,0.01
E2_MASTERY,C1,12,250,4.441456218132008,0.017765824872528032,0.48399999999999993,0.52,1.8746666666666667,0.568,0.004
E2_MASTERY,C1,12,500,9.379912343560855,0.01875982468712171,0.4760000000000003,0.494,1.8986666666666667,0.59,0.002
E2_MASTERY,C2,12,25,0.44785363859665867,0.017914145543866347,0.42666666666666664,0.5466666666666666,1.8133333333333332,0.5466666666666666,0.02666666666666667
E2_MASTERY,C2,12,50,0.8017455859218005,0.016034911718436008,0.46666666666666645,0.5466666666666666,1.8266666666666667,0.5533333333333333,0.013333333333333334
E2_MASTERY,C2,12,100,1.6671721558361703,0.016671721558361705,0.47,0.5233333333333333,1.8533333333333333,0.5733333333333334,0.006666666666666667
E2_MASTERY,C2,12,250,4.453247378355698,0.01781298951342279,0.48399999999999993,0.5173333333333333,1.8746666666666667,0.568,0.0026666666666666666
E2_MASTERY,C2,12,500,9.391703503784544,0.01878340700756909,0.4760000000000003,0.49266666666666664,1.8986666666666667,0.59,0.0013333333333333333
E2_MASTERY,C3,12,25,0.4175175309956615,0.016700701239826463,0.42666666666666664,0.56,1.8133333333333332,0.5466666666666666,0.10666666666666667
E2_MASTERY,C3,12,50,0.7197554524044324,0.014395109048088647,0.46666666666666645,0.5866666666666667,1.8266666666666667,0.5533333333333333,0.08666666666666667
E2_MASTERY,C3,12,100,1.5547720586581555,0.015547720586581555,0.47,0.5533333333333333,1.8533333333333333,0.5733333333333334,0.056666666666666664
E2_MASTERY,C3,12,250,4.241075183950583,0.016964300735802334,0.4853333333333333,0.5413333333333333,1.8746666666666667,0.568,0.042666666666666665
E2_MASTERY,C3,12,500,9.149881758109697,0.018299763516219394,0.47733333333333366,0.508,1.8986666666666667,0.59,0.030666666666666665
E2_MASTERY,C4,12,25,0.3983524630350632,0.01593409852140253,0.42666666666666664,0.5866666666666667,1.8133333333333332,0.5466666666666666,0.08
E2_MASTERY,C4,12,50,0.7546489965199116,0.015092979930398232,0.46666666666666645,0.5733333333333334,1.8266666666666667,0.5533333333333333,0.06
E2_MASTERY,C4,12,100,1.6369322584064319,0.01636932258406432,0.46666666666666673,0.5333333333333333,1.8533333333333333,0.5733333333333334,0.05
E2_MASTERY,C4,12,250,4.4482381590313755,0.017792952636125504,0.48266666666666663,0.5226666666666666,1.8746666666666667,0.568,0.03333333333333333
E2_MASTERY,C4,12,500,9.330182598127498,0.018660365196254997,0.47533333333333366,0.49933333333333335,1.8986666666666667,0.59,0.02666666666666667
E2_MASTERY,C0,13,25,0.1870865320335955,0.007483461281343819,0.49333333333333335,0.6666666666666666,1.88,0.6133333333333333,0.02666666666666667
E2_MASTERY,C0,13,50,0.37766259169704974,0.007553251833940995,0.5400000000000003,0.68,1.8266666666666667,0.5533333333333333,0.013333333333333334
E2_MASTERY,C0,13,100,0.7611530338386768,0.007611530338386768,0.5566666666666668,0.68,1.8333333333333333,0.5566666666666666,0.006666666666666667
E2_MASTERY,C0,13,250,2.1865451228164585,0.008746180491265835,0.505333333333333,0.632,1.924,0.5973333333333334,0.0026666666666666666
E2_MASTERY,C0,13,500,4.974957505191341,0.009949915010382683,0.513333333333333,0.616,1.9493333333333334,0.6106666666666667,0.0013333333333333333
E2_MASTERY,C1,13,25,0.1919838629216838,0.007679354516867351,0.49333333333333335,0.6533333333333333,1.88,0.6133333333333333,0.013333333333333334
E2_MASTERY,C1,13,50,0.38255992258513805,0.007651198451702761,0.5400000000000003,0.6733333333333333,1.8266666666666667,0.5533333333333333,0.006666666666666667
E2_MASTERY,C1,13,100,0.766050364726765,0.00766050364726765,0.5566666666666668,0.6766666666666666,1.8333333333333333,0.5566666666666666,0.0033333333333333335
E2_MASTERY,C1,13,250,2.1914424537045467,0.008765769814818187,0.505333333333333,0.6306666666666667,1.924,0.5973333333333334,0.0013333333333333333
E2_MASTERY,C1,13,500,4.979854836079429,0.009959709672158859,0.513333333333333,0.6153333333333333,1.9493333333333334,0.6106666666666667,0.0006666666666666666
E2_MASTERY,C2,13,25,0.18693199475929612,0.007477279790371844,0.49333333333333335,0.6666666666666666,1.88,0.6133333333333333,0.013333333333333334
E2_MASTERY,C2,13,50,0.37750805442275037,0.007550161088455008,0.5400000000000003,0.68,1.8266666666666667,0.5533333333333333,0.006666666666666667
E2_MASTERY,C2,13,100,0.7609984965643773,0.0076099849656437735,0.5566666666666668,0.68,1.8333333333333333,0.5566666666666666,0.0033333333333333335
E2_MASTERY,C2,13,250,2.1863905855421595,0.008745562342168637,0.505333333333333,0.632,1.924,0.5973333333333334,0.0013333333333333333
E2_MASTERY,C2,13,500,4.974802967917041,0.009949605935834082,0.513333333333333,0.616,1.9493333333333334,0.6106666666666667,0.0006666666666666666
E2_MASTERY,C3,13,25,0.18678445840605074,0.00747137833624203,0.49333333333333335,0.6666666666666666,1.88,0.6133333333333333,0.013333333333333334
E2_MASTERY,C3,13,50,0.377360518069505,0.0075472103613901,0.5400000000000003,0.68,1.8266666666666667,0.5533333333333333,0.006666666666666667
E2_MASTERY,C3,13,100,0.7608509602111321,0.007608509602111321,0.5566666666666668,0.68,1.8333333333333333,0.5566666666666666,0.0033333333333333335
E2_MASTERY,C3,13,250,2.186243049188914,0.008744972196755655,0.505333333333333,0.632,1.924,0.5973333333333334,0.0013333333333333333
E2_MASTERY,C3,13,500,4.968859525165474,0.009937719050330947,0.513333333333333,0.6166666666666667,1.9493333333333334,0.6106666666666667,0.0013333333333333333
E2_MASTERY,C4,13,25,0.20601021574111422,0.008240408629644569,0.49333333333333335,0.6533333333333333,1.88,0.6133333333333333,0.05333333333333334
E2_MASTERY,C4,13,50,0.4081041505403599,0.008162083010807198,0.5400000000000003,0.6666666666666666,1.8266666666666667,0.5533333333333333,0.07333333333333333
E2_MASTERY,C4,13,100,0.8131697693868967,0.008131697693868966,0.5566666666666668,0.6666666666666666,1.8333333333333333,0.5566666666666666,0.056666666666666664
E2_MASTERY,C4,13,250,2.4075573695352186,0.009630229478140875,0.505333333333333,0.616,1.924,0.5973333333333334,0.06933333333333333
E2_MASTERY,C4,13,500,5.383679387511156,0.010767358775022313,0.513333333333333,0.5966666666666667,1.9493333333333334,0.6106666666666667,0.08066666666666666
E2_MASTERY,C0,14,25,0.28495726362272,0.0113982905449088,0.52,0.5466666666666666,1.8533333333333333,0.6,0.013333333333333334
E2_MASTERY,C0,14,50,0.6879467228353058,0.013758934456706116,0.5133333333333333,0.56,1.92,0.6066666666666667,0.006666666666666667
E2_MASTERY,C0,14,100,1.5510428355737602,0.015510428355737602,0.5166666666666667,0.5533333333333333,1.9666666666666666,0.61,0.0033333333333333335
E2_MASTERY,C0,14,250,4.21112613413231,0.01684450453652924,0.512,0.528,1.9546666666666668,0.6093333333333333,0.0013333333333333333
E2_MASTERY,C0,14,500,8.625646082590428,0.017251292165180857,0.5013333333333333,0.5253333333333333,1.952,0.61,0.0006666666666666666
E2_MASTERY,C1,14,25,0.2934413524732782,0.011737654098931127,0.5066666666666667,0.56,1.8533333333333333,0.6,0.013333333333333334
E2_MASTERY,C1,14,50,0.696430811685864,0.01392861623371728,0.5066666666666666,0.5666666666666667,1.92,0.6066666666666667,0.006666666666666667
E2_MASTERY,C1,14,100,1.5595269244243184,0.015595269244243183,0.5133333333333333,0.5566666666666666,1.9666666666666666,0.61,0.0033333333333333335
E2_MASTERY,C1,14,250,4.219610222982868,0.01687844089193147,0.5106666666666666,0.5293333333333333,1.9546666666666668,0.6093333333333333,0.0013333333333333333
E2_MASTERY,C1,14,500,8.634130171440987,0.017268260342881973,0.5006666666666666,0.526,1.952,0.61,0.0006666666666666666
E2_MASTERY,C2,14,25,0.28980368754163943,0.011592147501665578,0.5066666666666667,0.56,1.8533333333333333,0.6,0.05333333333333334
E2_MASTERY,C2,14,50,0.6927931467542252,0.013855862935084505,0.5066666666666666,0.5666666666666667,1.92,0.6066666666666667,0.02666666666666667
E2_MASTERY,C2,14,100,1.5558892594926799,0.015558892594926798,0.5133333333333333,0.5566666666666666,1.9666666666666666,0.61,0.013333333333333334
E2_MASTERY,C2,14,250,4.21597255805123,0.01686389023220492,0.5106666666666666,0.5293333333333333,1.9546666666666668,0.6093333333333333,0.005333333333333333
E2_MASTERY,C2,14,500,8.630492506509349,0.017260985013018697,0.5006666666666666,0.526,1.952,0.61,0.0026666666666666666
E2_MASTERY,C3,14,25,0.2747362342011931,0.010989449368047723,0.5333333333333333,0.5466666666666666,1.8533333333333333,0.6,0.04
E2_MASTERY,C3,14,50,0.677725693413779,0.013554513868275579,0.52,0.56,1.92,0.6066666666666667,0.02
E2_MASTERY,C3,14,100,1.5283439189021588,0.015283439189021588,0.52,0.5566666666666666,1.9666666666666666,0.61,0.013333333333333334
E2_MASTERY,C3,14,250,4.181086661425462,0.016724346645701847,0.5133333333333333,0.5306666666666666,1.9546666666666668,0.6093333333333333,0.006666666666666667
E2_MASTERY,C3,14,500,8.56961345379407,0.017139226907588137,0.5019999999999999,0.528,1.952,0.61,0.008
E2_MASTERY,C4,14,25,0.29770884180655205,0.011908353672262083,0.52,0.56,1.8533333333333333,0.6,0.10666666666666667
E2_MASTERY,C4,14,50,0.7264955398993398,0.014529910797986796,0.5133333333333333,0.56,1.92,0.6066666666666667,0.08
E2_MASTERY,C4,14,100,1.6304743241769302,0.016304743241769303,0.5133333333333334,0.54,1.9666666666666666,0.61,0.06333333333333334
E2_MASTERY,C4,14,250,4.24207323941422,0.01696829295765688,0.5106666666666667,0.532,1.9546666666666668,0.6093333333333333,0.06266666666666666
E2_MASTERY,C4,14,500,8.6359811024605,0.017271962204921,0.5006666666666666,0.5286666666666666,1.952,0.61,0.04466666666666667
E2_MASTERY,C0,15,25,0.39793457275116795,0.01591738291004672,0.5066666666666667,0.49333333333333335,1.96,0.6,0.013333333333333334
E2_MASTERY,C0,15,50,0.8622582724891865,0.01724516544978373,0.5200000000000001,0.4666666666666667,1.98,0.62,0.006666666666666667
E2_MASTERY,C0,15,100,1.6214573977525109,0.01621457397752511,0.5166666666666668,0.49,1.97,0.6333333333333333,0.0033333333333333335
E2_MASTERY,C0,15,250,4.030316697225868,0.016121266788903472,0.5160000000000001,0.5106666666666667,1.984,0.6253333333333333,0.0013333333333333333
E2_MASTERY,C0,15,500,7.895780427993991,0.01579156085598798,0.5000000000000003,0.5273333333333333,1.9706666666666666,0.624,0.0013333333333333333
E2_MASTERY,C1,15,25,0.4070911209604194,0.016283644838416777,0.5066666666666667,0.48,1.96,0.6,0.0
E2_MASTERY,C1,15,50,0.8714148206984378,0.017428296413968754,0.5200000000000001,0.46,1.98,0.62,0.0
E2_MASTERY,C1,15,100,1.6306139459617621,0.016306139459617622,0.5166666666666668,0.4866666666666667,1.97,0.6333333333333333,0.0
E2_MASTERY,C1,15,250,4.0394732454351185,0.016157892981740474,0.5160000000000001,0.5093333333333333,1.984,0.6253333333333333,0.0
E2_MASTERY,C1,15,500,7.914923614782934,0.015829847229565867,0.5000000000000003,0.526,1.9706666666666666,0.624,0.0
E2_MASTERY,C2,15,25,0.39793457275116795,0.01591738291004672,0.5066666666666667,0.49333333333333335,1.96,0.6,0.013333333333333334
E2_MASTERY,C2,15,50,0.8622582724891865,0.01724516544978373,0.5200000000000001,0.4666666666666667,1.98,0.62,0.006666666666666667
E2_MASTERY,C2,15,100,1.6214573977525109,0.01621457397752511,0.5166666666666668,0.49,1.97,0.6333333333333333,0.0033333333333333335
E2_MASTERY,C2,15,250,4.030316697225868,0.016121266788903472,0.5160000000000001,0.5106666666666667,1.984,0.6253333333333333,0.0013333333333333333
E2_MASTERY,C2,15,500,7.905767066573684,0.01581153413314737,0.5000000000000003,0.5266666666666666,1.9706666666666666,0.624,0.0006666666666666666
E2_MASTERY,C3,15,25,0.4070911209604194,0.016283644838416777,0.5066666666666667,0.48,1.96,0.6,0.0
E2_MASTERY,C3,15,50,0.8714148206984378,0.017428296413968754,0.5200000000000001,0.46,1.98,0.62,0.0
E2_MASTERY,C3,15,100,1.6306139459617621,0.016306139459617622,0.5166666666666668,0.4866666666666667,1.97,0.6333333333333333,0.0
E2_MASTERY,C3,15,250,4.0394732454351185,0.016157892981740474,0.5160000000000001,0.5093333333333333,1.984,0.6253333333333333,0.0
E2_MASTERY,C3,15,500,7.9252751906381445,0.01585055038127629,0.49933333333333374,0.5253333333333333,1.9706666666666666,0.624,0.0013333333333333333
E2_MASTERY,C4,15,25,0.36463643030639054,0.01458545721225562,0.5066666666666667,0.5333333333333333,1.96,0.6,0.06666666666666667
E2_MASTERY,C4,15,50,0.8202774857054365,0.01640554971410873,0.5133333333333335,0.48,1.98,0.62,0.06
E2_MASTERY,C4,15,100,1.5096043260792662,0.015096043260792662,0.5133333333333335,0.5066666666666667,1.97,0.6333333333333333,0.04666666666666667
E2_MASTERY,C4,15,250,3.661631811851146,0.014646527247404584,0.5173333333333335,0.5306666666666666,1.984,0.6253333333333333,0.06933333333333333
E2_MASTERY,C4,15,500,7.023092775313193,0.014046185550626387,0.5020000000000003,0.5546666666666666,1.9706666666666666,0.624,0.07133333333333333
E2_MASTERY,C0,16,25,0.2938190198211193,0.011752760792844772,0.5466666666666667,0.5066666666666667,1.9866666666666666,0.6133333333333333,0.013333333333333334
E2_MASTERY,C0,16,50,0.5365668309453429,0.010731336618906857,0.5066666666666666,0.54,1.9066666666666667,0.56,0.006666666666666667
E2_MASTERY,C0,16,100,1.1836079778884976,0.011836079778884977,0.4799999999999999,0.5533333333333333,1.87,0.5566666666666666,0.0033333333333333335
E2_MASTERY,C0,16,250,3.2067495346517183,0.012826998138606873,0.49333333333333357,0.5546666666666666,1.9053333333333333,0.5733333333333334,0.0013333333333333333
E2_MASTERY,C0,16,500,6.7051810242070085,0.013410362048414016,0.49000000000000027,0.5426666666666666,1.912,0.588,0.0006666666666666666
E2_MASTERY,C1,16,25,0.2751298128973332,0.011005192515893327,0.5466666666666667,0.5333333333333333,1.9866666666666666,0.6133333333333333,0.04
E2_MASTERY,C1,16,50,0.5178776240215568,0.010357552480431137,0.5066666666666666,0.5533333333333333,1.9066666666666667,0.56,0.02
E2_MASTERY,C1,16,100,1.1649187709647117,0.011649187709647117,0.4799999999999999,0.56,1.87,0.5566666666666666,0.01
E2_MASTERY,C1,16,250,3.1880603277279325,0.01275224131091173,0.49333333333333357,0.5573333333333333,1.9053333333333333,0.5733333333333334,0.004
E2_MASTERY,C1,16,500,6.686491817283222,0.013372983634566444,0.49000000000000027,0.544,1.912,0.588,0.002
E2_MASTERY,C2,16,25,0.2790904601547223,0.011163618406188892,0.5466666666666667,0.52,1.9866666666666666,0.6133333333333333,0.013333333333333334
E2_MASTERY,C2,16,50,0.5218382712789459,0.010436765425578918,0.5066666666666666,0.5466666666666666,1.9066666666666667,0.56,0.006666666666666667
E2_MASTERY,C2,16,100,1.168879418222101,0.01168879418222101,0.4799999999999999,0.5566666666666666,1.87,0.5566666666666666,0.0033333333333333335
E2_MASTERY,C2,16,250,3.1920209749853217,0.012768083899941286,0.49333333333333357,0.556,1.9053333333333333,0.5733333333333334,0.0013333333333333333
E2_MASTERY,C2,16,500,6.690452464540612,0.013380904929081224,0.49000000000000027,0.5433333333333333,1.912,0.588,0.0006666666666666666
E2_MASTERY,C3,16,25,0.301024101408867,0.012040964056354679,0.5466666666666667,0.5066666666666667,1.9866666666666666,0.6133333333333333,0.02666666666666667
E2_MASTERY,C3,16,50,0.5437719125330907,0.010875438250661814,0.5066666666666666,0.54,1.9066666666666667,0.56,0.013333333333333334
E2_MASTERY,C3,16,100,1.1908130594762456,0.011908130594762456,0.4799999999999999,0.5533333333333333,1.87,0.5566666666666666,0.006666666666666667
E2_MASTERY,C3,16,250,3.2139546162394663,0.012855818464957865,0.49333333333333357,0.5546666666666666,1.9053333333333333,0.5733333333333334,0.0026666666666666666
E2_MASTERY,C3,16,500,6.712386105794756,0.013424772211589511,0.49000000000000027,0.5426666666666666,1.912,0.588,0.0013333333333333333
E2_MASTERY,C4,16,25,0.2854880108919831,0.011419520435679325,0.5466666666666667,0.52,1.9866666666666666,0.6133333333333333,0.02666666666666667
E2_MASTERY,C4,16,50,0.5282358220162067,0.010564716440324133,0.5066666666666666,0.5466666666666666,1.9066666666666667,0.56,0.013333333333333334
E2_MASTERY,C4,16,100,1.1752769689593618,0.011752769689593618,0.4799999999999999,0.5566666666666666,1.87,0.5566666666666666,0.006666666666666667
E2_MASTERY,C4,16,250,3.1984185257225826,0.01279367410289033,0.49333333333333357,0.556,1.9053333333333333,0.5733333333333334,0.0026666666666666666
E2_MASTERY,C4,16,500,6.693285492438084,0.013386570984876167,0.49000000000000027,0.544,1.912,0.588,0.002
E2_MASTERY,C0,17,25,0.2686805312691445,0.01074722125076578,0.5733333333333333,0.5866666666666667,1.8533333333333333,0.5333333333333333,0.0
E2_MASTERY,C0,17,50,0.5236738694806897,0.010473477389613794,0.5533333333333332,0.5866666666666667,1.94,0.5733333333333334,0.0
E2_MASTERY,C0,17,100,1.010313793932026,0.010103137939320259,0.5033333333333332,0.59,1.9266666666666667,0.5666666666666667,0.0
E2_MASTERY,C0,17,250,2.4720507631972954,0.009888203052789181,0.48133333333333317,0.592,1.956,0.596,0.0
E2_MASTERY,C0,17,500,4.736774965856674,0.009473549931713348,0.48666666666666736,0.5966666666666667,1.9393333333333334,0.5906666666666667,0.0
E2_MASTERY,C1,17,25,0.2686805312691445,0.01074722125076578,0.5733333333333333,0.5866666666666667,1.8533333333333333,0.5333333333333333,0.0
E2_MASTERY,C1,17,50,0.5236738694806897,0.010473477389613794,0.5533333333333332,0.5866666666666667,1.94,0.5733333333333334,0.0
E2_MASTERY,C1,17,100,1.010313793932026,0.010103137939320259,0.5033333333333332,0.59,1.9266666666666667,0.5666666666666667,0.0
E2_MASTERY,C1,17,250,2.4720507631972954,0.009888203052789181,0.48133333333333317,0.592,1.956,0.596,0.0
E2_MASTERY,C1,17,500,4.736774965856674,0.009473549931713348,0.48666666666666736,0.5966666666666667,1.9393333333333334,0.5906666666666667,0.0
E2_MASTERY,C2,17,25,0.2686805312691445,0.01074722125076578,0.5733333333333333,0.5866666666666667,1.8533333333333333,0.5333333333333333,0.0
E2_MASTERY,C2,17,50,0.5236738694806897,0.010473477389613794,0.5533333333333332,0.5866666666666667,1.94,0.5733333333333334,0.0
E2_MASTERY,C2,17,100,1.010313793932026,0.010103137939320259,0.5033333333333332,0.59,1.9266666666666667,0.5666666666666667,0.0
E2_MASTERY,C2,17,250,2.4720507631972954,0.009888203052789181,0.48133333333333317,0.592,1.956,0.596,0.0
E2_MASTERY,C2,17,500,4.736774965856674,0.009473549931713348,0.48666666666666736,0.5966666666666667,1.9393333333333334,0.5906666666666667,0.0
E2_MASTERY,C3,17,25,0.2499937866628651,0.009999751466514604,0.5733333333333333,0.6,1.8533333333333333,0.5333333333333333,0.02666666666666667
E2_MASTERY,C3,17,50,0.5049871248744102,0.010099742497488205,0.5533333333333332,0.5933333333333334,1.94,0.5733333333333334,0.013333333333333334
E2_MASTERY,C3,17,100,0.9916270493257463,0.009916270493257462,0.5033333333333332,0.5933333333333334,1.9266666666666667,0.5666666666666667,0.006666666666666667
E2_MASTERY,C3,17,250,2.4818729363285628,0.009927491745314251,0.48133333333333317,0.592,1.956,0.596,0.008
E2_MASTERY,C3,17,500,4.759902432726492,0.009519804865452985,0.48666666666666736,0.5966666666666667,1.9393333333333334,0.5906666666666667,0.005333333333333333
E2_MASTERY,C4,17,25,0.2686805312691445,0.01074722125076578,0.5733333333333333,0.5866666666666667,1.8533333333333333,0.5333333333333333,0.0
E2_MASTERY,C4,17,50,0.5236738694806897,0.010473477389613794,0.5533333333333332,0.5866666666666667,1.94,0.5733333333333334,0.0
E2_MASTERY,C4,17,100,1.010313793932026,0.010103137939320259,0.5033333333333332,0.59,1.9266666666666667,0.5666666666666667,0.0
E2_MASTERY,C4,17,250,2.488295244099383,0.009953180976397531,0.48133333333333317,0.5906666666666667,1.956,0.596,0.0013333333333333333
E2_MASTERY,C4,17,500,4.753736921611247,0.009507473843222494,0.48666666666666736,0.5953333333333334,1.9393333333333334,0.5906666666666667,0.0013333333333333333
E2_MASTERY,C0,18,25,0.2702702358744653,0.010810809434978612,0.44,0.6,2.026666666666667,0.6133333333333333,0.013333333333333334
E2_MASTERY,C0,18,50,0.6059587440315746,0.012119174880631491,0.4733333333333335,0.6,2.033333333333333,0.6533333333333333,0.006666666666666667
E2_MASTERY,C0,18,100,1.162343582232971,0.011623435822329711,0.5000000000000001,0.5766666666666667,2.05,0.6666666666666666,0.0033333333333333335
E2_MASTERY,C0,18,250,2.955430291513635,0.011821721166054538,0.504,0.5906666666666667,1.996,0.6373333333333333,0.0013333333333333333
E2_MASTERY,C0,18,500,5.458081399755035,0.010916162799510071,0.5039999999999998,0.6113333333333333,1.9773333333333334,0.6153333333333333,0.0006666666666666666
E2_MASTERY,C1,18,25,0.27069629077090607,0.010827851630836242,0.44,0.5866666666666667,2.026666666666667,0.6133333333333333,0.0
E2_MASTERY,C1,18,50,0.6063847989280153,0.012127695978560307,0.4733333333333335,0.5933333333333334,2.033333333333333,0.6533333333333333,0.0
E2_MASTERY,C1,18,100,1.1627696371294118,0.011627696371294119,0.5000000000000001,0.5733333333333334,2.05,0.6666666666666666,0.0
E2_MASTERY,C1,18,250,2.955856346410076,0.011823425385640305,0.504,0.5893333333333334,1.996,0.6373333333333333,0.0
E2_MASTERY,C1,18,500,5.458507454651476,0.010917014909302952,0.5039999999999998,0.6106666666666667,1.9773333333333334,0.6153333333333333,0.0
E2_MASTERY,C2,18,25,0.27069629077090607,0.010827851630836242,0.44,0.5866666666666667,2.026666666666667,0.6133333333333333,0.0
E2_MASTERY,C2,18,50,0.6063847989280153,0.012127695978560307,0.4733333333333335,0.5933333333333334,2.033333333333333,0.6533333333333333,0.0
E2_MASTERY,C2,18,100,1.1627696371294118,0.011627696371294119,0.5000000000000001,0.5733333333333334,2.05,0.6666666666666666,0.0
E2_MASTERY,C2,18,250,2.955856346410076,0.011823425385640305,0.504,0.5893333333333334,1.996,0.6373333333333333,0.0
E2_MASTERY,C2,18,500,5.458507454651476,0.010917014909302952,0.5039999999999998,0.6106666666666667,1.9773333333333334,0.6153333333333333,0.0
E2_MASTERY,C3,18,25,0.2860625690068706,0.011442502760274824,0.44,0.5866666666666667,2.026666666666667,0.6133333333333333,0.02666666666666667
E2_MASTERY,C3,18,50,0.6303301400413965,0.012606602800827931,0.4733333333333335,0.5866666666666667,2.033333333333333,0.6533333333333333,0.02
E2_MASTERY,C3,18,100,1.1867149782427928,0.011867149782427928,0.5000000000000001,0.57,2.05,0.6666666666666666,0.01
E2_MASTERY,C3,18,250,3.4226337299145353,0.013690534919658142,0.5026666666666667,0.5546666666666666,1.996,0.6373333333333333,0.068
E2_MASTERY,C3,18,500,7.078170680756047,0.014156341361512094,0.49999999999999983,0.5573333333333333,1.9773333333333334,0.6153333333333333,0.108
E2_MASTERY,C4,18,25,0.25035903609412624,0.01001436144376505,0.44,0.6,2.026666666666667,0.6133333333333333,0.08
E2_MASTERY,C4,18,50,0.5474186720260975,0.01094837344052195,0.4733333333333335,0.62,2.033333333333333,0.6533333333333333,0.06
E2_MASTERY,C4,18,100,1.008714022166464,0.010087140221664641,0.5000000000000001,0.61,2.05,0.6666666666666666,0.05333333333333334
E2_MASTERY,C4,18,250,2.7136161778545325,0.01085446471141813,0.504,0.6173333333333333,1.996,0.6373333333333333,0.034666666666666665
E2_MASTERY,C4,18,500,4.7516925069690465,0.009503385013938093,0.5073333333333331,0.652,1.9773333333333334,0.6153333333333333,0.04533333333333334
E2_MASTERY,C0,19,25,0.4223474727066383,0.016893898908265533,0.46666666666666656,0.4533333333333333,1.92,0.5866666666666667,0.0
E2_MASTERY,C0,19,50,0.7407344516685321,0.014814689033370642,0.5133333333333333,0.52,1.9066666666666667,0.56,0.0
E2_MASTERY,C0,19,100,1.5712326160576495,0.015712326160576495,0.5000000000000002,0.5066666666666667,1.89,0.58,0.0
E2_MASTERY,C0,19,250,3.8299399639297094,0.015319759855718838,0.48399999999999993,0.5306666666666666,1.8893333333333333,0.56,0.0
E2_MASTERY,C0,19,500,7.949778354389692,0.015899556708779385,0.48800000000000004,0.5173333333333333,1.934,0.5813333333333334,0.0
E2_MASTERY,C1,19,25,0.4153145104613034,0.016612580418452136,0.46666666666666656,0.4666666666666667,1.92,0.5866666666666667,0.02666666666666667
E2_MASTERY,C1,19,50,0.7337014894231972,0.014674029788463945,0.5133333333333333,0.5266666666666666,1.9066666666666667,0.56,0.013333333333333334
E2_MASTERY,C1,19,100,1.5641996538123148,0.01564199653812315,0.5000000000000002,0.51,1.89,0.58,0.006666666666666667
E2_MASTERY,C1,19,250,3.8229070016843747,0.0152916280067375,0.48399999999999993,0.532,1.8893333333333333,0.56,0.0026666666666666666
E2_MASTERY,C1,19,500,7.942745392144357,0.015885490784288716,0.48800000000000004,0.518,1.934,0.5813333333333334,0.0013333333333333333
E2_MASTERY,C2,19,25,0.4239586670481726,0.016958346681926903,0.46666666666666656,0.4533333333333333,1.92,0.5866666666666667,0.013333333333333334
E2_MASTERY,C2,19,50,0.7423456460100664,0.014846912920201327,0.5133333333333333,0.52,1.9066666666666667,0.56,0.006666666666666667
E2_MASTERY,C2,19,100,1.572843810399184,0.01572843810399184,0.5000000000000002,0.5066666666666667,1.89,0.58,0.0033333333333333335
E2_MASTERY,C2,19,250,3.831551158271244,0.015326204633084975,0.48399999999999993,0.5306666666666666,1.8893333333333333,0.56,0.0013333333333333333
E2_MASTERY,C2,19,500,7.951389548731226,0.01590277909746245,0.48800000000000004,0.5173333333333333,1.934,0.5813333333333334,0.0006666666666666666
E2_MASTERY,C3,19,25,0.4254017679419138,0.01701607071767655,0.46666666666666656,0.4533333333333333,1.92,0.5866666666666667,0.02666666666666667
E2_MASTERY,C3,19,50,0.7437887469038076,0.014875774938076151,0.5133333333333333,0.52,1.9066666666666667,0.56,0.013333333333333334
E2_MASTERY,C3,19,100,1.574286911292925,0.01574286911292925,0.5000000000000002,0.5066666666666667,1.89,0.58,0.006666666666666667
E2_MASTERY,C3,19,250,3.8629772150699777,0.01545190886027991,0.48266666666666663,0.5293333333333333,1.8893333333333333,0.56,0.02
E2_MASTERY,C3,19,500,7.937505984298179,0.015875011968596357,0.4873333333333334,0.5206666666666667,1.934,0.5813333333333334,0.017333333333333333
E2_MASTERY,C4,19,25,0.4223474727066383,0.016893898908265533,0.46666666666666656,0.4533333333333333,1.92,0.5866666666666667,0.0
E2_MASTERY,C4,19,50,0.7407344516685321,0.014814689033370642,0.5133333333333333,0.52,1.9066666666666667,0.56,0.0
E2_MASTERY,C4,19,100,1.5712326160576495,0.015712326160576495,0.5000000000000002,0.5066666666666667,1.89,0.58,0.0
E2_MASTERY,C4,19,250,3.8299399639297094,0.015319759855718838,0.48399999999999993,0.5306666666666666,1.8893333333333333,0.56,0.0
E2_MASTERY,C4,19,500,7.949778354389692,0.015899556708779385,0.48800000000000004,0.5173333333333333,1.934,0.5813333333333334,0.0
E2_MASTERY,C0,20,25,0.27589902700346836,0.011035961080138735,0.52,0.56,1.88,0.6266666666666667,0.08
E2_MASTERY,C0,20,50,0.69327297617258,0.0138654595234516,0.54,0.52,1.9866666666666666,0.6333333333333333,0.04
E2_MASTERY,C0,20,100,1.244173405675861,0.012441734056758611,0.5233333333333332,0.5533333333333333,1.9733333333333334,0.61,0.02
E2_MASTERY,C0,20,250,3.0614478010409716,0.012245791204163886,0.5173333333333333,0.592,1.9306666666666668,0.5773333333333334,0.008
E2_MASTERY,C0,20,500,6.16457117531764,0.01232914235063528,0.5040000000000002,0.5986666666666667,1.9053333333333333,0.5713333333333334,0.004666666666666667
E2_MASTERY,C1,20,25,0.26347719690035026,0.01053908787601401,0.52,0.5733333333333334,1.88,0.6266666666666667,0.04
E2_MASTERY,C1,20,50,0.680851146069462,0.013617022921389239,0.54,0.5266666666666666,1.9866666666666666,0.6333333333333333,0.02
E2_MASTERY,C1,20,100,1.2317515755727426,0.012317515755727426,0.5233333333333332,0.5566666666666666,1.9733333333333334,0.61,0.01
E2_MASTERY,C1,20,250,3.049025970937853,0.012196103883751412,0.5173333333333333,0.5933333333333334,1.9306666666666668,0.5773333333333334,0.004
E2_MASTERY,C1,20,500,6.154005726229043,0.012308011452458086,0.5040000000000002,0.5986666666666667,1.9053333333333333,0.5713333333333334,0.002
E2_MASTERY,C2,20,25,0.28310450083799354,0.011324180033519742,0.52,0.5466666666666666,1.88,0.6266666666666667,0.02666666666666667
E2_MASTERY,C2,20,50,0.7004784500071053,0.014009569000142106,0.54,0.5133333333333333,1.9866666666666666,0.6333333333333333,0.013333333333333334
E2_MASTERY,C2,20,100,1.2513788795103864,0.012513788795103864,0.5233333333333332,0.55,1.9733333333333334,0.61,0.006666666666666667
E2_MASTERY,C2,20,250,3.068653274875497,0.012274613099501987,0.5173333333333333,0.5906666666666667,1.9306666666666668,0.5773333333333334,0.0026666666666666666
E2_MASTERY,C2,20,500,6.1736330301666875,0.012347266060333375,0.5040000000000002,0.5973333333333334,1.9053333333333333,0.5713333333333334,0.0013333333333333333
E2_MASTERY,C3,20,25,0.11920396564931712,0.004768158625972685,0.5333333333333333,0.72,1.88,0.6266666666666667,0.32
E2_MASTERY,C3,20,50,0.3735041058717561,0.007470082117435122,0.5466666666666666,0.6733333333333333,1.9866666666666666,0.6333333333333333,0.26666666666666666
E2_MASTERY,C3,20,100,0.8188769773361435,0.008188769773361436,0.5266666666666666,0.67,1.9733333333333334,0.61,0.18666666666666668
E2_MASTERY,C3,20,250,2.244838955071696,0.008979355820286784,0.5186666666666665,0.6733333333333333,1.9306666666666668,0.5773333333333334,0.13466666666666666
E2_MASTERY,C3,20,500,4.857920697600096,0.009715841395200191,0.5046666666666668,0.66,1.9053333333333333,0.5713333333333334,0.09933333333333333
E2_MASTERY,C4,20,25,0.18341707933528523,0.0073366831734114095,0.5333333333333333,0.6133333333333333,1.88,0.6266666666666667,0.18666666666666668
E2_MASTERY,C4,20,50,0.48753676573193677,0.009750735314638735,0.5466666666666666,0.5933333333333334,1.9866666666666666,0.6333333333333333,0.16
E2_MASTERY,C4,20,100,1.0453337962141,0.010453337962141,0.5266666666666666,0.59,1.9733333333333334,0.61,0.1
E2_MASTERY,C4,20,250,2.8169851362298397,0.011267940544919358,0.5199999999999999,0.612,1.9306666666666668,0.5773333333333334,0.05733333333333333
E2_MASTERY,C4,20,500,5.710834338692579,0.011421668677385158,0.5053333333333335,0.6146666666666667,1.9053333333333333,0.5713333333333334,0.03933333333333333
E2_MASTERY,C0,21,25,0.3566496108135731,0.014265984432542924,0.48,0.4666666666666667,1.9866666666666666,0.6,0.02666666666666667
E2_MASTERY,C0,21,50,0.7579702255869738,0.015159404511739477,0.49999999999999994,0.46,2.026666666666667,0.6,0.013333333333333334
E2_MASTERY,C0,21,100,1.3734147793258855,0.013734147793258855,0.4833333333333332,0.49333333333333335,1.9533333333333334,0.58,0.006666666666666667
E2_MASTERY,C0,21,250,3.6239054639212585,0.014495621855685033,0.4826666666666667,0.4826666666666667,1.9386666666666668,0.5866666666666667,0.0026666666666666666
E2_MASTERY,C0,21,500,7.3672478422020475,0.014734495684404094,0.49066666666666653,0.4766666666666667,1.9386666666666668,0.5933333333333334,0.0013333333333333333
E2_MASTERY,C1,21,25,0.3425253572699776,0.013701014290799104,0.48,0.4666666666666667,1.9866666666666666,0.6,0.013333333333333334
E2_MASTERY,C1,21,50,0.7438459720433783,0.014876919440867567,0.49999999999999994,0.46,2.026666666666667,0.6,0.006666666666666667
E2_MASTERY,C1,21,100,1.3592905257822898,0.013592905257822897,0.4833333333333332,0.49333333333333335,1.9533333333333334,0.58,0.0033333333333333335
E2_MASTERY,C1,21,250,3.6097812103776628,0.01443912484151065,0.4826666666666667,0.4826666666666667,1.9386666666666668,0.5866666666666667,0.0013333333333333333
E2_MASTERY,C1,21,500,7.353123588658452,0.014706247177316903,0.49066666666666653,0.4766666666666667,1.9386666666666668,0.5933333333333334,0.0006666666666666666
E2_MASTERY,C2,21,25,0.440152590108744,0.017606103604349763,0.45333333333333337,0.44,1.9866666666666666,0.6,0.30666666666666664
E2_MASTERY,C2,21,50,0.9464694069616515,0.01892938813923303,0.4866666666666666,0.4533333333333333,2.026666666666667,0.6,0.28
E2_MASTERY,C2,21,100,1.7261628538113458,0.017261628538113458,0.4766666666666665,0.4666666666666667,1.9533333333333334,0.58,0.24666666666666667
E2_MASTERY,C2,21,250,4.061019203207883,0.016244076812831534,0.48,0.476,1.9386666666666668,0.5866666666666667,0.18
E2_MASTERY,C2,21,500,7.604612016898654,0.015209224033797309,0.4893333333333332,0.4846666666666667,1.9386666666666668,0.5933333333333334,0.12133333333333333
E2_MASTERY,C3,21,25,0.33353543594352747,0.013341417437741098,0.45333333333333337,0.52,1.9866666666666666,0.6,0.32
E2_MASTERY,C3,21,50,0.7249734470518425,0.01449946894103685,0.4866666666666666,0.5266666666666666,2.026666666666667,0.6,0.31333333333333335
E2_MASTERY,C3,21,100,1.3606121828619109,0.01360612182861911,0.4766666666666665,0.5366666666666666,1.9533333333333334,0.58,0.25
E2_MASTERY,C3,21,250,3.4183731698692066,0.013673492679476826,0.4826666666666667,0.5466666666666666,1.9386666666666668,0.5866666666666667,0.232
E2_MASTERY,C3,21,500,6.775038908160076,0.013550077816320153,0.49066666666666653,0.5413333333333333,1.9386666666666668,0.5933333333333334,0.19933333333333333
E2_MASTERY,C4,21,25,0.38375417653495897,0.015350167061398358,0.4666666666666666,0.48,1.9866666666666666,0.6,0.2
E2_MASTERY,C4,21,50,0.7899630882614692,0.015799261765229385,0.4933333333333333,0.48,2.026666666666667,0.6,0.14
E2_MASTERY,C4,21,100,1.4625520910435235,0.014625520910435235,0.47999999999999987,0.5,1.9533333333333334,0.58,0.10333333333333333
E2_MASTERY,C4,21,250,3.757614982720847,0.015030459930883389,0.48133333333333334,0.48533333333333334,1.9386666666666668,0.5866666666666667,0.07066666666666667
E2_MASTERY,C4,21,500,7.712960624605257,0.015425921249210514,0.4899999999999998,0.47333333333333333,1.9386666666666668,0.5933333333333334,0.051333333333333335
E2_MASTERY,C0,22,25,0.38012151060652233,0.015204860424260893,0.4666666666666666,0.4533333333333333,2.2,0.6933333333333334,0.04
E2_MASTERY,C0,22,50,0.6342758061513704,0.012685516123027407,0.5266666666666668,0.54,2.046666666666667,0.66,0.02
E2_MASTERY,C0,22,100,1.1253473555068738,0.011253473555068737,0.5166666666666668,0.6,1.96,0.5966666666666667,0.01
E2_MASTERY,C0,22,250,2.7919865236663424,0.011167946094665369,0.492,0.5893333333333334,1.9653333333333334,0.5973333333333334,0.004
E2_MASTERY,C0,22,500,5.5389836833106045,0.011077967366621208,0.5019999999999997,0.5853333333333334,1.9526666666666668,0.602,0.002
E2_MASTERY,C1,22,25,0.3825887201417461,0.015303548805669843,0.4666666666666666,0.44,2.2,0.6933333333333334,0.02666666666666667
E2_MASTERY,C1,22,50,0.6367430156865942,0.012734860313731883,0.5266666666666668,0.5333333333333333,2.046666666666667,0.66,0.013333333333333334
E2_MASTERY,C1,22,100,1.1278145650420974,0.011278145650420974,0.5166666666666668,0.5966666666666667,1.96,0.5966666666666667,0.006666666666666667
E2_MASTERY,C1,22,250,2.7944537332015664,0.011177814932806266,0.492,0.588,1.9653333333333334,0.5973333333333334,0.0026666666666666666
E2_MASTERY,C1,22,500,5.541450892845829,0.011082901785691657,0.5019999999999997,0.5846666666666667,1.9526666666666668,0.602,0.0013333333333333333
E2_MASTERY,C2,22,25,0.367502251721406,0.01470009006885624,0.4666666666666666,0.4666666666666667,2.2,0.6933333333333334,0.05333333333333334
E2_MASTERY,C2,22,50,0.6216565472662542,0.012433130945325084,0.5266666666666668,0.5466666666666666,2.046666666666667,0.66,0.02666666666666667
E2_MASTERY,C2,22,100,1.1127280966217574,0.011127280966217575,0.5166666666666668,0.6033333333333334,1.96,0.5966666666666667,0.013333333333333334
E2_MASTERY,C2,22,250,2.7793672647812264,0.011117469059124906,0.492,0.5906666666666667,1.9653333333333334,0.5973333333333334,0.005333333333333333
E2_MASTERY,C2,22,500,5.5263644244254895,0.011052728848850979,0.5019999999999997,0.586,1.9526666666666668,0.602,0.0026666666666666666
E2_MASTERY,C3,22,25,0.37894969660471806,0.015157987864188722,0.4666666666666666,0.4533333333333333,2.2,0.6933333333333334,0.013333333333333334
E2_MASTERY,C3,22,50,0.6331039921495661,0.012662079842991322,0.5266666666666668,0.54,2.046666666666667,0.66,0.006666666666666667
E2_MASTERY,C3,22,100,1.1241755415050694,0.011241755415050694,0.5166666666666668,0.6,1.96,0.5966666666666667,0.0033333333333333335
E2_MASTERY,C3,22,250,2.7908147096645384,0.011163258838658154,0.492,0.5893333333333334,1.9653333333333334,0.5973333333333334,0.0013333333333333333
E2_MASTERY,C3,22,500,5.5378118693088005,0.0110756237386176,0.5019999999999997,0.5853333333333334,1.9526666666666668,0.602,0.0006666666666666666
E2_MASTERY,C4,22,25,0.36414624496405507,0.014565849798562203,0.4666666666666666,0.48,2.2,0.6933333333333334,0.04
E2_MASTERY,C4,22,50,0.6183005405089032,0.012366010810178064,0.5266666666666668,0.5533333333333333,2.046666666666667,0.66,0.02
E2_MASTERY,C4,22,100,1.1093720898644066,0.011093720898644067,0.5166666666666668,0.6066666666666667,1.96,0.5966666666666667,0.01
E2_MASTERY,C4,22,250,2.776011258023875,0.011104045032095501,0.492,0.592,1.9653333333333334,0.5973333333333334,0.004
E2_MASTERY,C4,22,500,5.546417516078661,0.01109283503215732,0.501333333333333,0.5853333333333334,1.9526666666666668,0.602,0.004
E2_MASTERY,C0,23,25,0.37503754622890284,0.015001501849156114,0.5333333333333333,0.6,1.8133333333333332,0.5333333333333333,0.02666666666666667
E2_MASTERY,C0,23,50,0.8058296300531658,0.016116592601063316,0.54,0.5733333333333334,1.8133333333333332,0.5266666666666666,0.013333333333333334
E2_MASTERY,C0,23,100,1.6610002191510913,0.016610002191510913,0.53,0.5433333333333333,1.8566666666666667,0.55,0.006666666666666667
E2_MASTERY,C0,23,250,4.253961099047525,0.0170158443961901,0.5026666666666664,0.512,1.9253333333333333,0.5893333333333334,0.0026666666666666666
E2_MASTERY,C0,23,500,8.607626871368499,0.017215253742736997,0.49266666666666675,0.5026666666666667,1.9286666666666668,0.598,0.0013333333333333333
E2_MASTERY,C1,23,25,0.39059185829388726,0.01562367433175549,0.5333333333333333,0.5866666666666667,1.8133333333333332,0.5333333333333333,0.013333333333333334
E2_MASTERY,C1,23,50,0.8213839421181501,0.016427678842363003,0.54,0.5666666666666667,1.8133333333333332,0.5266666666666666,0.006666666666666667
E2_MASTERY,C1,23,100,1.6765545312160757,0.016765545312160755,0.53,0.54,1.8566666666666667,0.55,0.0033333333333333335
E2_MASTERY,C1,23,250,4.26951541111251,0.01707806164445004,0.5026666666666664,0.5106666666666667,1.9253333333333333,0.5893333333333334,0.0013333333333333333
E2_MASTERY,C1,23,500,8.623181183433484,0.01724636236686697,0.49266666666666675,0.502,1.9286666666666668,0.598,0.0006666666666666666
E2_MASTERY,C2,23,25,0.3675670444343043,0.014702681777372172,0.5333333333333333,0.6133333333333333,1.8133333333333332,0.5333333333333333,0.013333333333333334
E2_MASTERY,C2,23,50,0.7983591282585671,0.015967182565171344,0.54,0.58,1.8133333333333332,0.5266666666666666,0.006666666666666667
E2_MASTERY,C2,23,100,1.653529717356493,0.01653529717356493,0.53,0.5466666666666666,1.8566666666666667,0.55,0.0033333333333333335
E2_MASTERY,C2,23,250,4.246490597252927,0.01698596238901171,0.5026666666666664,0.5133333333333333,1.9253333333333333,0.5893333333333334,0.0013333333333333333
E2_MASTERY,C2,23,500,8.600156369573902,0.017200312739147804,0.49266666666666675,0.5033333333333333,1.9286666666666668,0.598,0.0006666666666666666
E2_MASTERY,C3,23,25,0.37561281106100697,0.01502451244244028,0.5333333333333333,0.6,1.8133333333333332,0.5333333333333333,0.04
E2_MASTERY,C3,23,50,0.8064048948852698,0.016128097897705397,0.54,0.5733333333333334,1.8133333333333332,0.5266666666666666,0.02
E2_MASTERY,C3,23,100,1.6615754839831955,0.016615754839831954,0.53,0.5433333333333333,1.8566666666666667,0.55,0.01
E2_MASTERY,C3,23,250,4.255731694626657,0.017022926778506628,0.5026666666666664,0.512,1.9253333333333333,0.5893333333333334,0.005333333333333333
E2_MASTERY,C3,23,500,8.637300460516308,0.017274600921032616,0.49266666666666675,0.5013333333333333,1.9286666666666668,0.598,0.004666666666666667
E2_MASTERY,C4,23,25,0.40492841960718756,0.016197136784287504,0.5333333333333333,0.5733333333333334,1.8133333333333332,0.5333333333333333,0.09333333333333334
E2_MASTERY,C4,23,50,0.8327148976912748,0.016654297953825496,0.54,0.5533333333333333,1.8133333333333332,0.5266666666666666,0.06666666666666667
E2_MASTERY,C4,23,100,1.6607360928630392,0.016607360928630393,0.5333333333333333,0.54,1.8566666666666667,0.55,0.06333333333333334
E2_MASTERY,C4,23,250,4.168405739659174,0.016673622958636697,0.5053333333333331,0.52,1.9253333333333333,0.5893333333333334,0.042666666666666665
E2_MASTERY,C4,23,500,8.414923650398888,0.016829847300797778,0.49466666666666675,0.5133333333333333,1.9286666666666668,0.598,0.05
E2_MASTERY,C0,24,25,0.1910159911323317,0.007640639645293268,0.4266666666666666,0.64,1.8533333333333333,0.5333333333333333,0.04
E2_MASTERY,C0,24,50,0.4363642532502062,0.008727285065004125,0.5066666666666667,0.6466666666666666,1.88,0.5933333333333334,0.02
E2_MASTERY,C0,24,100,1.0120056489366125,0.010120056489366125,0.51,0.6433333333333333,2.006666666666667,0.6533333333333333,0.01
E2_MASTERY,C0,24,250,2.24108374136983,0.00896433496547932,0.5013333333333332,0.684,1.9293333333333333,0.592,0.004
E2_MASTERY,C0,24,500,4.565552960968319,0.009131105921936639,0.4993333333333331,0.6813333333333333,1.9466666666666668,0.6,0.002
E2_MASTERY,C1,24,25,0.18043680276915952,0.007217472110766381,0.4266666666666666,0.6666666666666666,1.8533333333333333,0.5333333333333333,0.04
E2_MASTERY,C1,24,50,0.42578506488703405,0.008515701297740682,0.5066666666666667,0.66,1.88,0.5933333333333334,0.02
E2_MASTERY,C1,24,100,1.0014264605734404,0.010014264605734404,0.51,0.65,2.006666666666667,0.6533333333333333,0.01
E2_MASTERY,C1,24,250,2.230504553006658,0.008922018212026633,0.5013333333333332,0.6866666666666666,1.9293333333333333,0.592,0.004
E2_MASTERY,C1,24,500,4.554973772605147,0.009109947545210295,0.4993333333333331,0.6826666666666666,1.9466666666666668,0.6,0.002
E2_MASTERY,C2,24,25,0.1782738956156834,0.0071309558246273365,0.4266666666666666,0.68,1.8533333333333333,0.5333333333333333,0.05333333333333334
E2_MASTERY,C2,24,50,0.42362215773355794,0.00847244315467116,0.5066666666666667,0.6666666666666666,1.88,0.5933333333333334,0.02666666666666667
E2_MASTERY,C2,24,100,0.9992635534199643,0.009992635534199643,0.51,0.6533333333333333,2.006666666666667,0.6533333333333333,0.013333333333333334
E2_MASTERY,C2,24,250,2.228341645853182,0.008913366583412729,0.5013333333333332,0.688,1.9293333333333333,0.592,0.005333333333333333
E2_MASTERY,C2,24,500,4.552810865451671,0.009105621730903343,0.4993333333333331,0.6833333333333333,1.9466666666666668,0.6,0.0026666666666666666
E2_MASTERY,C3,24,25,0.20139994246176712,0.008055997698470685,0.4266666666666666,0.6666666666666666,1.8533333333333333,0.5333333333333333,0.05333333333333334
E2_MASTERY,C3,24,50,0.44674820457964165,0.008934964091592832,0.5066666666666667,0.66,1.88,0.5933333333333334,0.02666666666666667
E2_MASTERY,C3,24,100,1.027752032116016,0.010277520321160161,0.51,0.65,2.006666666666667,0.6533333333333333,0.016666666666666666
E2_MASTERY,C3,24,250,2.302492706216878,0.00920997082486751,0.5013333333333332,0.6813333333333333,1.9293333333333333,0.592,0.017333333333333333
E2_MASTERY,C3,24,500,4.660507695937532,0.009321015391875064,0.4993333333333331,0.6773333333333333,1.9466666666666668,0.6,0.013333333333333334
E2_MASTERY,C4,24,25,0.19067909920795606,0.007627163968318243,0.4266666666666666,0.6666666666666666,1.8533333333333333,0.5333333333333333,0.013333333333333334
E2_MASTERY,C4,24,50,0.4360273613258306,0.008720547226516611,0.5066666666666667,0.66,1.88,0.5933333333333334,0.006666666666666667
E2_MASTERY,C4,24,100,1.011668757012237,0.010116687570122369,0.51,0.65,2.006666666666667,0.6533333333333333,0.0033333333333333335
E2_MASTERY,C4,24,250,2.2306794082984824,0.00892271763319393,0.5013333333333332,0.688,1.9293333333333333,0.592,0.0026666666666666666
E2_MASTERY,C4,24,500,4.561662484337751,0.009123324968675503,0.4993333333333331,0.6833333333333333,1.9466666666666668,0.6,0.002
E2_MASTERY,C0,25,25,0.21064506574720432,0.008425802629888172,0.4533333333333333,0.6133333333333333,1.7866666666666666,0.5466666666666666,0.013333333333333334
E2_MASTERY,C0,25,50,0.5411376290154029,0.010822752580308057,0.4866666666666668,0.5533333333333333,1.9,0.62,0.006666666666666667
E2_MASTERY,C0,25,100,1.036151107711166,0.010361511077111661,0.5266666666666666,0.5766666666666667,1.91,0.62,0.0033333333333333335
E2_MASTERY,C0,25,250,2.569324106623052,0.010277296426492208,0.48933333333333306,0.5653333333333334,1.9426666666666668,0.6106666666666667,0.0013333333333333333
E2_MASTERY,C0,25,500,5.15071945327012,0.01030143890654024,0.48600000000000027,0.566,1.9546666666666668,0.61,0.0006666666666666666
E2_MASTERY,C1,25,25,0.19433098214211314,0.007773239285684526,0.4533333333333333,0.6666666666666666,1.7866666666666666,0.5466666666666666,0.08
E2_MASTERY,C1,25,50,0.5248235454103116,0.010496470908206233,0.4866666666666668,0.58,1.9,0.62,0.04
E2_MASTERY,C1,25,100,1.0198370241060748,0.010198370241060748,0.5266666666666666,0.59,1.91,0.62,0.02
E2_MASTERY,C1,25,250,2.553010023017961,0.010212040092071844,0.48933333333333306,0.5706666666666667,1.9426666666666668,0.6106666666666667,0.008
E2_MASTERY,C1,25,500,5.134405369665029,0.010268810739330059,0.48600000000000027,0.5686666666666667,1.9546666666666668,0.61,0.004
E2_MASTERY,C2,25,25,0.2326612361457837,0.009306449445831349,0.4533333333333333,0.6,1.7866666666666666,0.5466666666666666,0.05333333333333334
E2_MASTERY,C2,25,50,0.5631537994139821,0.011263075988279643,0.4866666666666668,0.5466666666666666,1.9,0.62,0.02666666666666667
E2_MASTERY,C2,25,100,1.0581672781097453,0.010581672781097453,0.5266666666666666,0.5733333333333334,1.91,0.62,0.013333333333333334
E2_MASTERY,C2,25,250,2.5913402770216316,0.010365361108086526,0.48933333333333306,0.564,1.9426666666666668,0.6106666666666667,0.005333333333333333
E2_MASTERY,C2,25,500,5.172735623668699,0.010345471247337399,0.48600000000000027,0.5653333333333334,1.9546666666666668,0.61,0.0026666666666666666
E2_MASTERY,C3,25,25,0.21049224790385063,0.008419689916154025,0.4533333333333333,0.64,1.7866666666666666,0.5466666666666666,0.05333333333333334
E2_MASTERY,C3,25,50,0.5409848111720491,0.010819696223440983,0.4866666666666668,0.5666666666666667,1.9,0.62,0.02666666666666667
E2_MASTERY,C3,25,100,1.0359982898678122,0.010359982898678122,0.5266666666666666,0.5833333333333334,1.91,0.62,0.013333333333333334
E2_MASTERY,C3,25,250,2.5691712887796982,0.010276685155118793,0.48933333333333306,0.568,1.9426666666666668,0.6106666666666667,0.005333333333333333
E2_MASTERY,C3,25,500,5.14748811522144,0.01029497623044288,0.48600000000000027,0.568,1.9546666666666668,0.61,0.0033333333333333335
E2_MASTERY,C4,25,25,0.22876584817927004,0.009150633927170802,0.4533333333333333,0.6,1.7866666666666666,0.5466666666666666,0.013333333333333334
E2_MASTERY,C4,25,50,0.5292302924541844,0.010584605849083687,0.4933333333333334,0.56,1.9,0.62,0.02
E2_MASTERY,C4,25,100,0.9718275664930991,0.00971827566493099,0.5333333333333332,0.5966666666666667,1.91,0.62,0.02666666666666667
E2_MASTERY,C4,25,250,2.3214199092431187,0.009285679636972475,0.493333333333333,0.5893333333333334,1.9426666666666668,0.6106666666666667,0.04533333333333334
E2_MASTERY,C4,25,500,4.426055295776395,0.008852110591552791,0.4873333333333336,0.604,1.9546666666666668,0.61,0.056666666666666664
E2_MASTERY,C0,26,25,0.23299486924566581,0.009319794769826632,0.4666666666666668,0.5733333333333334,1.9866666666666666,0.64,0.0
E2_MASTERY,C0,26,50,0.4094635175765067,0.008189270351530133,0.4933333333333334,0.62,1.9,0.58,0.0
E2_MASTERY,C0,26,100,0.894489204767565,0.00894489204767565,0.47999999999999976,0.64,1.8733333333333333,0.5666666666666667,0.0
E2_MASTERY,C0,26,250,2.2197696329053747,0.008879078531621499,0.5173333333333338,0.6306666666666667,1.8826666666666667,0.572,0.0
E2_MASTERY,C0,26,500,4.165721166717789,0.00833144233343558,0.5040000000000002,0.646,1.9026666666666667,0.5733333333333334,0.0
E2_MASTERY,C1,26,25,0.23299486924566581,0.009319794769826632,0.4666666666666668,0.5733333333333334,1.9866666666666666,0.64,0.0
E2_MASTERY,C1,26,50,0.4094635175765067,0.008189270351530133,0.4933333333333334,0.62,1.9,0.58,0.0
E2_MASTERY,C1,26,100,0.894489204767565,0.00894489204767565,0.47999999999999976,0.64,1.8733333333333333,0.5666666666666667,0.0
E2_MASTERY,C1,26,250,2.2197696329053747,0.008879078531621499,0.5173333333333338,0.6306666666666667,1.8826666666666667,0.572,0.0
E2_MASTERY,C1,26,500,4.165721166717789,0.00833144233343558,0.5040000000000002,0.646,1.9026666666666667,0.5733333333333334,0.0
E2_MASTERY,C2,26,25,0.23299486924566581,0.009319794769826632,0.4666666666666668,0.5733333333333334,1.9866666666666666,0.64,0.0
E2_MASTERY,C2,26,50,0.4094635175765067,0.008189270351530133,0.4933333333333334,0.62,1.9,0.58,0.0
E2_MASTERY,C2,26,100,0.894489204767565,0.00894489204767565,0.47999999999999976,0.64,1.8733333333333333,0.5666666666666667,0.0
E2_MASTERY,C2,26,250,2.2197696329053747,0.008879078531621499,0.5173333333333338,0.6306666666666667,1.8826666666666667,0.572,0.0
E2_MASTERY,C2,26,500,4.165721166717789,0.00833144233343558,0.5040000000000002,0.646,1.9026666666666667,0.5733333333333334,0.0
E2_MASTERY,C3,26,25,0.23299486924566581,0.009319794769826632,0.4666666666666668,0.5733333333333334,1.9866666666666666,0.64,0.0
E2_MASTERY,C3,26,50,0.4094635175765067,0.008189270351530133,0.4933333333333334,0.62,1.9,0.58,0.0
E2_MASTERY,C3,26,100,0.894489204767565,0.00894489204767565,0.47999999999999976,0.64,1.8733333333333333,0.5666666666666667,0.0
E2_MASTERY,C3,26,250,2.2197696329053747,0.008879078531621499,0.5173333333333338,0.6306666666666667,1.8826666666666667,0.572,0.0
E2_MASTERY,C3,26,500,4.2247205995549155,0.008449441199109831,0.5040000000000002,0.644,1.9026666666666667,0.5733333333333334,0.002
E2_MASTERY,C4,26,25,0.23299486924566581,0.009319794769826632,0.4666666666666668,0.5733333333333334,1.9866666666666666,0.64,0.0
E2_MASTERY,C4,26,50,0.4094635175765067,0.008189270351530133,0.4933333333333334,0.62,1.9,0.58,0.0
E2_MASTERY,C4,26,100,0.894489204767565,0.00894489204767565,0.47999999999999976,0.64,1.8733333333333333,0.5666666666666667,0.0
E2_MASTERY,C4,26,250,2.2197696329053747,0.008879078531621499,0.5173333333333338,0.6306666666666667,1.8826666666666667,0.572,0.0
E2_MASTERY,C4,26,500,4.256337455653181,0.008512674911306363,0.5040000000000002,0.642,1.9026666666666667,0.5733333333333334,0.009333333333333334
E2_MASTERY,C0,27,25,0.26596647140750934,0.010638658856300373,0.5333333333333333,0.6,2.04,0.6133333333333333,0.013333333333333334
E2_MASTERY,C0,27,50,0.48489508259400566,0.009697901651880112,0.5533333333333335,0.6266666666666667,2.04,0.6266666666666667,0.006666666666666667
E2_MASTERY,C0,27,100,0.8948918298310222,0.008948918298310222,0.53,0.6533333333333333,1.9533333333333334,0.5833333333333334,0.0033333333333333335
E2_MASTERY,C0,27,250,2.2701268835789494,0.009080507534315798,0.524,0.6386666666666667,1.968,0.596,0.0013333333333333333
E2_MASTERY,C0,27,500,4.740385956530863,0.009480771913061726,0.5026666666666666,0.6453333333333333,1.988,0.6093333333333333,0.0006666666666666666
E2_MASTERY,C1,27,25,0.2035662362065348,0.008142649448261392,0.5333333333333333,0.64,2.04,0.6133333333333333,0.02666666666666667
E2_MASTERY,C1,27,50,0.4224948473930311,0.008449896947860622,0.5533333333333335,0.6466666666666666,2.04,0.6266666666666667,0.013333333333333334
E2_MASTERY,C1,27,100,0.8324915946300477,0.008324915946300478,0.53,0.6633333333333333,1.9533333333333334,0.5833333333333334,0.006666666666666667
E2_MASTERY,C1,27,250,2.207726648377975,0.0088309065935119,0.524,0.6426666666666667,1.968,0.596,0.0026666666666666666
E2_MASTERY,C1,27,500,4.677985721329888,0.009355971442659776,0.5026666666666666,0.6473333333333333,1.988,0.6093333333333333,0.0013333333333333333
E2_MASTERY,C2,27,25,0.2223616562283801,0.008894466249135204,0.5333333333333333,0.6266666666666667,2.04,0.6133333333333333,0.04
E2_MASTERY,C2,27,50,0.4412902674148764,0.008825805348297529,0.5533333333333335,0.64,2.04,0.6266666666666667,0.02
E2_MASTERY,C2,27,100,0.8512870146518932,0.008512870146518931,0.53,0.66,1.9533333333333334,0.5833333333333334,0.01
E2_MASTERY,C2,27,250,2.2265220683998197,0.008906088273599278,0.524,0.6413333333333333,1.968,0.596,0.004
E2_MASTERY,C2,27,500,4.6967811413517335,0.009393562282703468,0.5026666666666666,0.6466666666666666,1.988,0.6093333333333333,0.002
E2_MASTERY,C3,27,25,0.1928231095980827,0.0077129243839233076,0.5333333333333333,0.64,2.04,0.6133333333333333,0.05333333333333334
E2_MASTERY,C3,27,50,0.411751720784579,0.00823503441569158,0.5533333333333335,0.6466666666666666,2.04,0.6266666666666667,0.02666666666666667
E2_MASTERY,C3,27,100,0.8217484680215956,0.008217484680215957,0.53,0.6633333333333333,1.9533333333333334,0.5833333333333334,0.013333333333333334
E2_MASTERY,C3,27,250,2.1969835217695226,0.00878793408707809,0.524,0.6426666666666667,1.968,0.596,0.005333333333333333
E2_MASTERY,C3,27,500,4.667242594721435,0.00933448518944287,0.5026666666666666,0.6473333333333333,1.988,0.6093333333333333,0.0026666666666666666
E2_MASTERY,C4,27,25,0.22590582327129316,0.009036232930851727,0.5333333333333333,0.6266666666666667,2.04,0.6133333333333333,0.05333333333333334
E2_MASTERY,C4,27,50,0.44761935990968693,0.008952387198193738,0.5533333333333335,0.64,2.04,0.6266666666666667,0.03333333333333333
E2_MASTERY,C4,27,100,0.8753469312499367,0.008753469312499366,0.53,0.65,1.9533333333333334,0.5833333333333334,0.043333333333333335
E2_MASTERY,C4,27,250,2.2845587980649626,0.00913823519225985,0.524,0.6333333333333333,1.968,0.596,0.048
E2_MASTERY,C4,27,500,4.794681399932618,0.009589362799865237,0.5026666666666666,0.6373333333333333,1.988,0.6093333333333333,0.042666666666666665
E2_MASTERY,C0,28,25,0.31183345709010946,0.012473338283604378,0.4266666666666667,0.6666666666666666,1.7066666666666668,0.49333333333333335,0.013333333333333334
E2_MASTERY,C0,28,50,0.5885037481506294,0.011770074963012588,0.4600000000000001,0.6133333333333333,1.8,0.52,0.006666666666666667
E2_MASTERY,C0,28,100,1.2601968520432612,0.012601968520432612,0.48666666666666686,0.5833333333333334,1.89,0.5733333333333334,0.0033333333333333335
E2_MASTERY,C0,28,250,2.717590781754874,0.010870363127019497,0.48400000000000015,0.6026666666666667,1.908,0.5853333333333334,0.0013333333333333333
E2_MASTERY,C0,28,500,5.178820228728924,0.010357640457457847,0.4873333333333333,0.6153333333333333,1.9126666666666667,0.588,0.0006666666666666666
E2_MASTERY,C1,28,25,0.31183345709010946,0.012473338283604378,0.4266666666666667,0.6666666666666666,1.7066666666666668,0.49333333333333335,0.013333333333333334
E2_MASTERY,C1,28,50,0.5885037481506294,0.011770074963012588,0.4600000000000001,0.6133333333333333,1.8,0.52,0.006666666666666667
E2_MASTERY,C1,28,100,1.2601968520432612,0.012601968520432612,0.48666666666666686,0.5833333333333334,1.89,0.5733333333333334,0.0033333333333333335
E2_MASTERY,C1,28,250,2.717590781754874,0.010870363127019497,0.48400000000000015,0.6026666666666667,1.908,0.5853333333333334,0.0013333333333333333
E2_MASTERY,C1,28,500,5.178820228728924,0.010357640457457847,0.4873333333333333,0.6153333333333333,1.9126666666666667,0.588,0.0006666666666666666
E2_MASTERY,C2,28,25,0.31183345709010946,0.012473338283604378,0.4266666666666667,0.6666666666666666,1.7066666666666668,0.49333333333333335,0.013333333333333334
E2_MASTERY,C2,28,50,0.5885037481506294,0.011770074963012588,0.4600000000000001,0.6133333333333333,1.8,0.52,0.006666666666666667
E2_MASTERY,C2,28,100,1.2601968520432612,0.012601968520432612,0.48666666666666686,0.5833333333333334,1.89,0.5733333333333334,0.0033333333333333335
E2_MASTERY,C2,28,250,2.717590781754874,0.010870363127019497,0.48400000000000015,0.6026666666666667,1.908,0.5853333333333334,0.0013333333333333333
E2_MASTERY,C2,28,500,5.178820228728924,0.010357640457457847,0.4873333333333333,0.6153333333333333,1.9126666666666667,0.588,0.0006666666666666666
E2_MASTERY,C3,28,25,0.2959127801037312,0.011836511204149247,0.4266666666666667,0.6666666666666666,1.7066666666666668,0.49333333333333335,0.013333333333333334
E2_MASTERY,C3,28,50,0.5718998137921504,0.011437996275843007,0.4600000000000001,0.62,1.8,0.52,0.013333333333333334
E2_MASTERY,C3,28,100,1.2694307203043629,0.012694307203043629,0.48666666666666686,0.5833333333333334,1.89,0.5733333333333334,0.04
E2_MASTERY,C3,28,250,2.6961447044266147,0.01078457881770646,0.48400000000000015,0.62,1.908,0.5853333333333334,0.09066666666666667
E2_MASTERY,C3,28,500,5.062310822106367,0.010124621644212734,0.4879999999999998,0.6286666666666667,1.9126666666666667,0.588,0.07533333333333334
E2_MASTERY,C4,28,25,0.19997541231461397,0.00799901649258456,0.4266666666666667,0.7333333333333333,1.7066666666666668,0.49333333333333335,0.05333333333333334
E2_MASTERY,C4,28,50,0.3753121240238026,0.007506242480476052,0.4733333333333334,0.6933333333333334,1.8,0.52,0.07333333333333333
E2_MASTERY,C4,28,100,0.5999354464574843,0.005999354464574843,0.5000000000000001,0.7266666666666667,1.89,0.5733333333333334,0.14
E2_MASTERY,C4,28,250,1.5128018285350082,0.006051207314140033,0.48933333333333356,0.7133333333333334,1.908,0.5853333333333334,0.12
E2_MASTERY,C4,28,500,3.4086202443782736,0.006817240488756547,0.4933333333333331,0.698,1.9126666666666667,0.588,0.09733333333333333
E2_MASTERY,C0,29,25,0.3066494004888377,0.012265976019553508,0.5333333333333333,0.5733333333333334,1.9866666666666666,0.6133333333333333,0.013333333333333334
E2_MASTERY,C0,29,50,0.622634885860889,0.01245269771721778,0.5600000000000002,0.5733333333333334,1.92,0.6066666666666667,0.006666666666666667
E2_MASTERY,C0,29,100,1.120333540593096,0.01120333540593096,0.5133333333333335,0.61,1.9133333333333333,0.57,0.0033333333333333335
E2_MASTERY,C0,29,250,2.8425746380508863,0.011370298552203546,0.5093333333333333,0.5906666666666667,1.9266666666666667,0.5893333333333334,0.0013333333333333333
E2_MASTERY,C0,29,500,5.941810636075782,0.011883621272151564,0.4946666666666668,0.5706666666666667,1.9493333333333334,0.6066666666666667,0.0006666666666666666
E2_MASTERY,C1,29,25,0.3126231568490946,0.012504926273963783,0.5333333333333333,0.5866666666666667,1.9866666666666666,0.6133333333333333,0.04
E2_MASTERY,C1,29,50,0.6286086422211459,0.012572172844422918,0.5600000000000002,0.58,1.92,0.6066666666666667,0.02
E2_MASTERY,C1,29,100,1.1263072969533532,0.011263072969533532,0.5133333333333335,0.6133333333333333,1.9133333333333333,0.57,0.01
E2_MASTERY,C1,29,250,2.8485483944111434,0.011394193577644573,0.5093333333333333,0.592,1.9266666666666667,0.5893333333333334,0.004
E2_MASTERY,C1,29,500,5.947784392436039,0.011895568784872078,0.4946666666666668,0.5713333333333334,1.9493333333333334,0.6066666666666667,0.002
E2_MASTERY,C2,29,25,0.3203596129579266,0.012814384518317063,0.52,0.5866666666666667,1.9866666666666666,0.6133333333333333,0.06666666666666667
E2_MASTERY,C2,29,50,0.6363450983299779,0.012726901966599558,0.5533333333333335,0.58,1.92,0.6066666666666667,0.03333333333333333
E2_MASTERY,C2,29,100,1.1340437530621852,0.011340437530621852,0.5100000000000001,0.6133333333333333,1.9133333333333333,0.57,0.016666666666666666
E2_MASTERY,C2,29,250,2.8562848505199754,0.011425139402079901,0.5079999999999999,0.592,1.9266666666666667,0.5893333333333334,0.006666666666666667
E2_MASTERY,C2,29,500,5.955520848544871,0.01191104169708974,0.4940000000000001,0.5713333333333334,1.9493333333333334,0.6066666666666667,0.0033333333333333335
E2_MASTERY,C3,29,25,0.2865437411626955,0.01146174964650782,0.52,0.6,1.9866666666666666,0.6133333333333333,0.05333333333333334
E2_MASTERY,C3,29,50,0.6025292265347468,0.012050584530694937,0.5533333333333335,0.5866666666666667,1.92,0.6066666666666667,0.02666666666666667
E2_MASTERY,C3,29,100,1.0853238090483175,0.010853238090483174,0.5100000000000001,0.6233333333333333,1.9133333333333333,0.57,0.023333333333333334
E2_MASTERY,C3,29,250,2.7136121490380467,0.010854448596152188,0.5093333333333333,0.6053333333333333,1.9266666666666667,0.5893333333333334,0.02
E2_MASTERY,C3,29,500,5.127444033685208,0.010254888067370417,0.49666666666666676,0.6193333333333333,1.9493333333333334,0.6066666666666667,0.05533333333333333
E2_MASTERY,C4,29,25,0.3066494004888377,0.012265976019553508,0.5333333333333333,0.5733333333333334,1.9866666666666666,0.6133333333333333,0.013333333333333334
E2_MASTERY,C4,29,50,0.622634885860889,0.01245269771721778,0.5600000000000002,0.5733333333333334,1.92,0.6066666666666667,0.006666666666666667
E2_MASTERY,C4,29,100,1.120333540593096,0.01120333540593096,0.5133333333333335,0.61,1.9133333333333333,0.57,0.0033333333333333335
E2_MASTERY,C4,29,250,2.8425746380508863,0.011370298552203546,0.5093333333333333,0.5906666666666667,1.9266666666666667,0.5893333333333334,0.0013333333333333333
E2_MASTERY,C4,29,500,5.834823629726929,0.01166964725945386,0.4946666666666668,0.5766666666666667,1.9493333333333334,0.6066666666666667,0.007333333333333333
E2_MASTERY,C0,30,25,0.3320712317912941,0.013282849271651765,0.5466666666666666,0.5733333333333334,1.96,0.5866666666666667,0.0
E2_MASTERY,C0,30,50,0.5866111224150173,0.011732222448300347,0.5133333333333332,0.6066666666666667,1.9066666666666667,0.56,0.0
E2_MASTERY,C0,30,100,1.405398640451079,0.01405398640451079,0.5033333333333334,0.5533333333333333,1.96,0.5933333333333334,0.0
E2_MASTERY,C0,30,250,3.294214321366119,0.013176857285464475,0.49999999999999994,0.5586666666666666,1.9253333333333333,0.572,0.0
E2_MASTERY,C0,30,500,7.188401624402577,0.014376803248805152,0.5073333333333334,0.5286666666666666,1.958,0.59,0.0
E2_MASTERY,C1,30,25,0.3290471259999171,0.013161885039996683,0.5466666666666666,0.5733333333333334,1.96,0.5866666666666667,0.02666666666666667
E2_MASTERY,C1,30,50,0.5835870166236402,0.011671740332472804,0.5133333333333332,0.6066666666666667,1.9066666666666667,0.56,0.013333333333333334
E2_MASTERY,C1,30,100,1.402374534659702,0.01402374534659702,0.5033333333333334,0.5533333333333333,1.96,0.5933333333333334,0.006666666666666667
E2_MASTERY,C1,30,250,3.2911902155747423,0.01316476086229897,0.49999999999999994,0.5586666666666666,1.9253333333333333,0.572,0.0026666666666666666
E2_MASTERY,C1,30,500,7.185377518611201,0.014370755037222401,0.5073333333333334,0.5286666666666666,1.958,0.59,0.0013333333333333333
E2_MASTERY,C2,30,25,0.33317934724300313,0.013327173889720125,0.5466666666666666,0.56,1.96,0.5866666666666667,0.04
E2_MASTERY,C2,30,50,0.5877192378667263,0.011754384757334526,0.5133333333333332,0.6,1.9066666666666667,0.56,0.02
E2_MASTERY,C2,30,100,1.406506755902788,0.01406506755902788,0.5033333333333334,0.55,1.96,0.5933333333333334,0.01
E2_MASTERY,C2,30,250,3.2953224368178278,0.013181289747271311,0.49999999999999994,0.5573333333333333,1.9253333333333333,0.572,0.004
E2_MASTERY,C2,30,500,7.1895097398542855,0.014379019479708571,0.5073333333333334,0.528,1.958,0.59,0.002
E2_MASTERY,C3,30,25,0.3318326783774082,0.013273307135096328,0.5466666666666666,0.5733333333333334,1.96,0.5866666666666667,0.02666666666666667
E2_MASTERY,C3,30,50,0.5863725690011313,0.011727451380022626,0.5133333333333332,0.6066666666666667,1.9066666666666667,0.56,0.013333333333333334
E2_MASTERY,C3,30,100,1.4051600870371932,0.014051600870371932,0.5033333333333334,0.5533333333333333,1.96,0.5933333333333334,0.006666666666666667
E2_MASTERY,C3,30,250,3.293975767952233,0.013175903071808931,0.49999999999999994,0.5586666666666666,1.9253333333333333,0.572,0.0026666666666666666
E2_MASTERY,C3,30,500,7.177573049236571,0.014355146098473142,0.5073333333333334,0.5293333333333333,1.958,0.59,0.002
E2_MASTERY,C4,30,25,0.34232181924022775,0.01369287276960911,0.5466666666666666,0.56,1.96,0.5866666666666667,0.04
E2_MASTERY,C4,30,50,0.5985995823252316,0.011971991646504632,0.5133333333333332,0.6,1.9066666666666667,0.56,0.03333333333333333
E2_MASTERY,C4,30,100,1.3983058363510035,0.013983058363510034,0.5033333333333334,0.5533333333333333,1.96,0.5933333333333334,0.03666666666666667
E2_MASTERY,C4,30,250,3.2644826445585338,0.013057930578234135,0.49999999999999994,0.5626666666666666,1.9253333333333333,0.572,0.034666666666666665
E2_MASTERY,C4,30,500,7.142870478647839,0.014285740957295678,0.5073333333333334,0.532,1.958,0.59,0.024
E2_MASTERY,C0,31,25,0.29596214922394065,0.011838485968957625,0.46666666666666673,0.5866666666666667,1.9066666666666667,0.6133333333333333,0.0
E2_MASTERY,C0,31,50,0.6146852298863436,0.01229370459772687,0.4333333333333334,0.5733333333333334,1.94,0.5933333333333334,0.0
E2_MASTERY,C0,31,100,1.4046639388429476,0.014046639388429476,0.43000000000000027,0.53,1.98,0.6266666666666667,0.0
E2_MASTERY,C0,31,250,3.41764089059616,0.013670563562384639,0.4706666666666667,0.5373333333333333,1.9333333333333333,0.6013333333333334,0.0
E2_MASTERY,C0,31,500,6.908356431784155,0.013816712863568309,0.4786666666666667,0.5206666666666667,1.9713333333333334,0.616,0.0
E2_MASTERY,C1,31,25,0.2925425376918492,0.011701701507673967,0.46666666666666673,0.6,1.9066666666666667,0.6133333333333333,0.013333333333333334
E2_MASTERY,C1,31,50,0.6112656183542521,0.012225312367085042,0.4333333333333334,0.58,1.94,0.5933333333333334,0.006666666666666667
E2_MASTERY,C1,31,100,1.401244327310856,0.01401244327310856,0.43000000000000027,0.5333333333333333,1.98,0.6266666666666667,0.0033333333333333335
E2_MASTERY,C1,31,250,3.4142212790640682,0.013656885116256273,0.4706666666666667,0.5386666666666666,1.9333333333333333,0.6013333333333334,0.0013333333333333333
E2_MASTERY,C1,31,500,6.904936820252063,0.013809873640504126,0.4786666666666667,0.5213333333333333,1.9713333333333334,0.616,0.0006666666666666666
E2_MASTERY,C2,31,25,0.2925425376918492,0.011701701507673967,0.46666666666666673,0.6,1.9066666666666667,0.6133333333333333,0.013333333333333334
E2_MASTERY,C2,31,50,0.6158284745909011,0.012316569491818022,0.4333333333333334,0.5733333333333334,1.94,0.5933333333333334,0.013333333333333334
E2_MASTERY,C2,31,100,1.405807183547505,0.01405807183547505,0.43000000000000027,0.53,1.98,0.6266666666666667,0.006666666666666667
E2_MASTERY,C2,31,250,3.418784135300718,0.013675136541202872,0.4706666666666667,0.5373333333333333,1.9333333333333333,0.6013333333333334,0.0026666666666666666
E2_MASTERY,C2,31,500,6.909499676488712,0.013818999352977425,0.4786666666666667,0.5206666666666667,1.9713333333333334,0.616,0.0013333333333333333
E2_MASTERY,C3,31,25,0.2925425376918492,0.011701701507673967,0.46666666666666673,0.6,1.9066666666666667,0.6133333333333333,0.013333333333333334
E2_MASTERY,C3,31,50,0.6112656183542521,0.012225312367085042,0.4333333333333334,0.58,1.94,0.5933333333333334,0.006666666666666667
E2_MASTERY,C3,31,100,1.4050003802546214,0.014050003802546214,0.43000000000000027,0.5333333333333333,1.98,0.6266666666666667,0.006666666666666667
E2_MASTERY,C3,31,250,3.111633879030548,0.012446535516122193,0.476,0.568,1.9333333333333333,0.6013333333333334,0.068
E2_MASTERY,C3,31,500,6.28695541492145,0.0125739108298429,0.4813333333333334,0.5573333333333333,1.9713333333333334,0.616,0.082
E2_MASTERY,C4,31,25,0.29596214922394065,0.011838485968957625,0.46666666666666673,0.5866666666666667,1.9066666666666667,0.6133333333333333,0.0
E2_MASTERY,C4,31,50,0.6146852298863436,0.01229370459772687,0.4333333333333334,0.5733333333333334,1.94,0.5933333333333334,0.0
E2_MASTERY,C4,31,100,1.4046639388429476,0.014046639388429476,0.43000000000000027,0.53,1.98,0.6266666666666667,0.0
E2_MASTERY,C4,31,250,3.41764089059616,0.013670563562384639,0.4706666666666667,0.5373333333333333,1.9333333333333333,0.6013333333333334,0.0
E2_MASTERY,C4,31,500,6.8933450473382685,0.013786690094676536,0.4786666666666667,0.5213333333333333,1.9713333333333334,0.616,0.0006666666666666666
E2_MASTERY,C0,32,25,0.16347864451737437,0.0065391457806949745,0.41333333333333333,0.7066666666666667,1.9866666666666666,0.6533333333333333,0.02666666666666667
E2_MASTERY,C0,32,50,0.4990097150657897,0.009980194301315795,0.4533333333333334,0.62,2.04,0.68,0.013333333333333334
E2_MASTERY,C0,32,100,0.9399149069312187,0.009399149069312187,0.4800000000000001,0.6533333333333333,1.9366666666666668,0.6,0.006666666666666667
E2_MASTERY,C0,32,250,2.2629212112604047,0.009051684845041619,0.522666666666667,0.6386666666666667,1.9693333333333334,0.6253333333333333,0.0026666666666666666
E2_MASTERY,C0,32,500,4.7954647771576004,0.009590929554315201,0.5280000000000002,0.6326666666666667,1.9453333333333334,0.6006666666666667,0.0013333333333333333
E2_MASTERY,C1,32,25,0.17574264779526294,0.0070297059118105175,0.41333333333333333,0.6933333333333334,1.9866666666666666,0.6533333333333333,0.013333333333333334
E2_MASTERY,C1,32,50,0.5112737183436783,0.010225474366873566,0.4533333333333334,0.6133333333333333,2.04,0.68,0.006666666666666667
E2_MASTERY,C1,32,100,0.9521789102091074,0.009521789102091074,0.4800000000000001,0.65,1.9366666666666668,0.6,0.0033333333333333335
E2_MASTERY,C1,32,250,2.275185214538294,0.009100740858153175,0.522666666666667,0.6373333333333333,1.9693333333333334,0.6253333333333333,0.0013333333333333333
E2_MASTERY,C1,32,500,4.807728780435489,0.009615457560870977,0.5280000000000002,0.632,1.9453333333333334,0.6006666666666667,0.0006666666666666666
E2_MASTERY,C2,32,25,0.15602905699578468,0.006241162279831387,0.41333333333333333,0.72,1.9866666666666666,0.6533333333333333,0.06666666666666667
E2_MASTERY,C2,32,50,0.49156012754420003,0.009831202550884,0.4533333333333334,0.6266666666666667,2.04,0.68,0.03333333333333333
E2_MASTERY,C2,32,100,0.9324653194096291,0.00932465319409629,0.4800000000000001,0.6566666666666666,1.9366666666666668,0.6,0.016666666666666666
E2_MASTERY,C2,32,250,2.2554716237388157,0.009021886494955262,0.522666666666667,0.64,1.9693333333333334,0.6253333333333333,0.006666666666666667
E2_MASTERY,C2,32,500,4.788015189636011,0.009576030379272021,0.5280000000000002,0.6333333333333333,1.9453333333333334,0.6006666666666667,0.0033333333333333335
E2_MASTERY,C3,32,25,0.19111024379541275,0.00764440975181651,0.41333333333333333,0.6933333333333334,1.9866666666666666,0.6533333333333333,0.02666666666666667
E2_MASTERY,C3,32,50,0.5266413143438282,0.010532826286876565,0.4533333333333334,0.6133333333333333,2.04,0.68,0.013333333333333334
E2_MASTERY,C3,32,100,1.0233811658240448,0.010233811658240449,0.4800000000000001,0.6366666666666667,1.9366666666666668,0.6,0.02666666666666667
E2_MASTERY,C3,32,250,2.7810401580661153,0.01112416063226446,0.5213333333333338,0.592,1.9693333333333334,0.6253333333333333,0.096
E2_MASTERY,C3,32,500,5.71485100824636,0.01142970201649272,0.5273333333333337,0.5953333333333334,1.9453333333333334,0.6006666666666667,0.09733333333333333
E2_MASTERY,C4,32,25,0.15951354955484154,0.0063805419821936615,0.41333333333333333,0.7333333333333333,1.9866666666666666,0.6533333333333333,0.09333333333333334
E2_MASTERY,C4,32,50,0.44195551375133996,0.008839110275026799,0.4533333333333334,0.66,2.04,0.68,0.08666666666666667
E2_MASTERY,C4,32,100,0.7734288363783772,0.007734288363783772,0.48333333333333345,0.7033333333333334,1.9366666666666668,0.6,0.08333333333333333
E2_MASTERY,C4,32,250,1.849483603368192,0.007397934413472768,0.5240000000000002,0.684,1.9693333333333334,0.6253333333333333,0.058666666666666666
E2_MASTERY,C4,32,500,4.033059168944168,0.008066118337888336,0.5286666666666668,0.6713333333333333,1.9453333333333334,0.6006666666666667,0.04666666666666667
E2_MASTERY,C0,33,25,0.3068811208642915,0.01227524483457166,0.4533333333333334,0.5466666666666666,1.8266666666666667,0.5333333333333333,0.013333333333333334
E2_MASTERY,C0,33,50,0.7754178397653891,0.015508356795307782,0.4733333333333334,0.5333333333333333,1.88,0.5533333333333333,0.006666666666666667
E2_MASTERY,C0,33,100,1.6088314430966162,0.01608831443096616,0.4766666666666666,0.49333333333333335,1.97,0.6066666666666667,0.0033333333333333335
E2_MASTERY,C0,33,250,3.8220825947432973,0.015288330378973189,0.47733333333333355,0.5026666666666667,1.9413333333333334,0.5933333333333334,0.0013333333333333333
E2_MASTERY,C0,33,500,7.71511537627639,0.01543023075255278,0.48200000000000065,0.5026666666666667,1.9506666666666668,0.5993333333333334,0.0006666666666666666
E2_MASTERY,C1,33,25,0.26434830412673205,0.010573932165069282,0.4533333333333334,0.6133333333333333,1.8266666666666667,0.5333333333333333,0.16
E2_MASTERY,C1,33,50,0.7328850230278295,0.01465770046055659,0.4733333333333334,0.5666666666666667,1.88,0.5533333333333333,0.08
E2_MASTERY,C1,33,100,1.5662986263590564,0.015662986263590563,0.4766666666666666,0.51,1.97,0.6066666666666667,0.04
E2_MASTERY,C1,33,250,3.7795497780057365,0.015118199112022947,0.47733333333333355,0.5093333333333333,1.9413333333333334,0.5933333333333334,0.016
E2_MASTERY,C1,33,500,7.67258255953883,0.01534516511907766,0.48200000000000065,0.506,1.9506666666666668,0.5993333333333334,0.008
E2_MASTERY,C2,33,25,0.2931431500577988,0.011725726002311952,0.4533333333333334,0.5866666666666667,1.8266666666666667,0.5333333333333333,0.10666666666666667
E2_MASTERY,C2,33,50,0.7616798689588963,0.015233597379177925,0.4733333333333334,0.5533333333333333,1.88,0.5533333333333333,0.05333333333333334
E2_MASTERY,C2,33,100,1.5950934722901233,0.015950934722901232,0.4766666666666666,0.5033333333333333,1.97,0.6066666666666667,0.02666666666666667
E2_MASTERY,C2,33,250,3.8083446239368035,0.015233378495747215,0.47733333333333355,0.5066666666666667,1.9413333333333334,0.5933333333333334,0.010666666666666666
E2_MASTERY,C2,33,500,7.701377405469897,0.015402754810939794,0.48200000000000065,0.5046666666666667,1.9506666666666668,0.5993333333333334,0.005333333333333333
E2_MASTERY,C3,33,25,0.25113615813511114,0.010045446325404446,0.4533333333333334,0.6533333333333333,1.8266666666666667,0.5333333333333333,0.25333333333333335
E2_MASTERY,C3,33,50,0.7213146045301799,0.014426292090603598,0.4733333333333334,0.5866666666666667,1.88,0.5533333333333333,0.17333333333333334
E2_MASTERY,C3,33,100,1.5528445407143656,0.015528445407143656,0.48,0.5233333333333333,1.97,0.6066666666666667,0.13
E2_MASTERY,C3,33,250,3.670312935818636,0.014681251743274544,0.47866666666666685,0.5306666666666666,1.9413333333333334,0.5933333333333334,0.10266666666666667
E2_MASTERY,C3,33,500,7.441776594680185,0.01488355318936037,0.48266666666666724,0.5306666666666666,1.9506666666666668,0.5993333333333334,0.09733333333333333
E2_MASTERY,C4,33,25,0.1376809643514818,0.005507238574059273,0.46666666666666673,0.7466666666666667,1.8266666666666667,0.5333333333333333,0.3333333333333333
E2_MASTERY,C4,33,50,0.6051404581598371,0.012102809163196742,0.48,0.6266666666666667,1.88,0.5533333333333333,0.20666666666666667
E2_MASTERY,C4,33,100,1.4229827378418451,0.014229827378418452,0.48,0.5433333333333333,1.97,0.6066666666666667,0.10666666666666667
E2_MASTERY,C4,33,250,3.460858372272194,0.013843433489088775,0.48000000000000015,0.544,1.9413333333333334,0.5933333333333334,0.09866666666666667
E2_MASTERY,C4,33,500,6.971730441047229,0.013943460882094458,0.48400000000000065,0.544,1.9506666666666668,0.5993333333333334,0.10333333333333333
E2_MASTERY,C0,34,25,0.3339816925491668,0.013359267701966673,0.5733333333333333,0.56,1.88,0.56,0.0
E2_MASTERY,C0,34,50,0.6826331204823617,0.013652662409647234,0.4866666666666667,0.56,1.8266666666666667,0.56,0.0
E2_MASTERY,C0,34,100,1.285039268276659,0.012850392682766588,0.49333333333333323,0.57,1.8466666666666667,0.55,0.0
E2_MASTERY,C0,34,250,3.397251096945037,0.013589004387780148,0.4719999999999999,0.5386666666666666,1.9213333333333333,0.588,0.0
E2_MASTERY,C0,34,500,6.917678764870034,0.013835357529740069,0.4759999999999997,0.53,1.9493333333333334,0.604,0.0
E2_MASTERY,C1,34,25,0.3508609893387351,0.014034439573549405,0.5733333333333333,0.56,1.88,0.56,0.02666666666666667
E2_MASTERY,C1,34,50,0.6995124172719298,0.013990248345438596,0.4866666666666667,0.56,1.8266666666666667,0.56,0.013333333333333334
E2_MASTERY,C1,34,100,1.3019185650662268,0.013019185650662268,0.49333333333333323,0.57,1.8466666666666667,0.55,0.006666666666666667
E2_MASTERY,C1,34,250,3.4141303937346046,0.013656521574938418,0.4719999999999999,0.5386666666666666,1.9213333333333333,0.588,0.0026666666666666666
E2_MASTERY,C1,34,500,6.934558061659603,0.013869116123319206,0.4759999999999997,0.53,1.9493333333333334,0.604,0.0013333333333333333
E2_MASTERY,C2,34,25,0.33143312880277326,0.01325732515211093,0.5733333333333333,0.5733333333333334,1.88,0.56,0.013333333333333334
E2_MASTERY,C2,34,50,0.6800845567359681,0.013601691134719363,0.4866666666666667,0.5666666666666667,1.8266666666666667,0.56,0.006666666666666667
E2_MASTERY,C2,34,100,1.2824907045302654,0.012824907045302654,0.49333333333333323,0.5733333333333334,1.8466666666666667,0.55,0.0033333333333333335
E2_MASTERY,C2,34,250,3.3947025331986436,0.013578810132794574,0.4719999999999999,0.54,1.9213333333333333,0.588,0.0013333333333333333
E2_MASTERY,C2,34,500,6.915130201123642,0.013830260402247283,0.4759999999999997,0.5306666666666666,1.9493333333333334,0.604,0.0006666666666666666
E2_MASTERY,C3,34,25,0.33143312880277326,0.01325732515211093,0.5733333333333333,0.5733333333333334,1.88,0.56,0.013333333333333334
E2_MASTERY,C3,34,50,0.6800845567359681,0.013601691134719363,0.4866666666666667,0.5666666666666667,1.8266666666666667,0.56,0.006666666666666667
E2_MASTERY,C3,34,100,1.2824907045302654,0.012824907045302654,0.49333333333333323,0.5733333333333334,1.8466666666666667,0.55,0.0033333333333333335
E2_MASTERY,C3,34,250,3.3947025331986436,0.013578810132794574,0.4719999999999999,0.54,1.9213333333333333,0.588,0.0013333333333333333
E2_MASTERY,C3,34,500,6.902635659753667,0.013805271319507333,0.4759999999999997,0.5313333333333333,1.9493333333333334,0.604,0.002
E2_MASTERY,C4,34,25,0.33143312880277326,0.01325732515211093,0.5733333333333333,0.5733333333333334,1.88,0.56,0.013333333333333334
E2_MASTERY,C4,34,50,0.6800845567359681,0.013601691134719363,0.4866666666666667,0.5666666666666667,1.8266666666666667,0.56,0.006666666666666667
E2_MASTERY,C4,34,100,1.2824907045302654,0.012824907045302654,0.49333333333333323,0.5733333333333334,1.8466666666666667,0.55,0.0033333333333333335
E2_MASTERY,C4,34,250,3.379058500242271,0.013516234000969083,0.4719999999999999,0.5413333333333333,1.9213333333333333,0.588,0.0026666666666666666
E2_MASTERY,C4,34,500,6.56298065734763,0.01312596131469526,0.4759999999999997,0.5473333333333333,1.9493333333333334,0.604,0.034666666666666665
E2_MASTERY,C0,35,25,0.35769204872469296,0.014307681948987717,0.43999999999999995,0.6133333333333333,2.0533333333333332,0.6533333333333333,0.0
E2_MASTERY,C0,35,50,0.5570121426164253,0.011140242852328506,0.5066666666666668,0.66,1.9666666666666666,0.6,0.0
E2_MASTERY,C0,35,100,1.0238769978623474,0.010238769978623474,0.5133333333333333,0.6566666666666666,1.9133333333333333,0.58,0.0
E2_MASTERY,C0,35,250,2.137771186824513,0.008551084747298052,0.5053333333333337,0.6626666666666666,1.9066666666666667,0.588,0.0
E2_MASTERY,C0,35,500,4.410961867595771,0.008821923735191542,0.5013333333333336,0.6413333333333333,1.9633333333333334,0.616,0.0
E2_MASTERY,C1,35,25,0.29486442321856654,0.011794576928742662,0.43999999999999995,0.6533333333333333,2.0533333333333332,0.6533333333333333,0.04
E2_MASTERY,C1,35,50,0.4941845171102989,0.00988369034220598,0.5066666666666668,0.68,1.9666666666666666,0.6,0.02
E2_MASTERY,C1,35,100,0.961049372356221,0.00961049372356221,0.5133333333333333,0.6666666666666666,1.9133333333333333,0.58,0.01
E2_MASTERY,C1,35,250,2.0749435613183866,0.008299774245273547,0.5053333333333337,0.6666666666666666,1.9066666666666667,0.588,0.004
E2_MASTERY,C1,35,500,4.348134242089643,0.008696268484179287,0.5013333333333336,0.6433333333333333,1.9633333333333334,0.616,0.002
E2_MASTERY,C2,35,25,0.3189883931868559,0.012759535727474236,0.43999999999999995,0.64,2.0533333333333332,0.6533333333333333,0.02666666666666667
E2_MASTERY,C2,35,50,0.5183084870785883,0.010366169741571767,0.5066666666666668,0.6733333333333333,1.9666666666666666,0.6,0.013333333333333334
E2_MASTERY,C2,35,100,0.9851733423245104,0.009851733423245104,0.5133333333333333,0.6633333333333333,1.9133333333333333,0.58,0.006666666666666667
E2_MASTERY,C2,35,250,2.099067531286676,0.008396270125146703,0.5053333333333337,0.6653333333333333,1.9066666666666667,0.588,0.0026666666666666666
E2_MASTERY,C2,35,500,4.372258212057933,0.008744516424115866,0.5013333333333336,0.6426666666666667,1.9633333333333334,0.616,0.0013333333333333333
E2_MASTERY,C3,35,25,0.3113538093681141,0.012454152374724563,0.43999999999999995,0.64,2.0533333333333332,0.6533333333333333,0.02666666666666667
E2_MASTERY,C3,35,50,0.5106739032598464,0.010213478065196928,0.5066666666666668,0.6733333333333333,1.9666666666666666,0.6,0.013333333333333334
E2_MASTERY,C3,35,100,0.9775387585057684,0.009775387585057685,0.5133333333333333,0.6633333333333333,1.9133333333333333,0.58,0.006666666666666667
E2_MASTERY,C3,35,250,2.0952557145064032,0.008381022858025612,0.5053333333333337,0.6666666666666666,1.9066666666666667,0.588,0.005333333333333333
E2_MASTERY,C3,35,500,4.450731727877055,0.00890146345575411,0.5013333333333336,0.6493333333333333,1.9633333333333334,0.616,0.07133333333333333
E2_MASTERY,C4,35,25,0.18990532667183907,0.007596213066873563,0.43999999999999995,0.7333333333333333,2.0533333333333332,0.6533333333333333,0.16
E2_MASTERY,C4,35,50,0.34362675406087506,0.006872535081217501,0.5066666666666668,0.7533333333333333,1.9666666666666666,0.6,0.12666666666666668
E2_MASTERY,C4,35,100,0.6257764922900724,0.006257764922900724,0.5133333333333333,0.74,1.9133333333333333,0.58,0.11
E2_MASTERY,C4,35,250,1.564441489483239,0.006257765957932956,0.5040000000000004,0.716,1.9066666666666667,0.588,0.06933333333333333
E2_MASTERY,C4,35,500,3.513967600978062,0.0070279352019561245,0.5006666666666669,0.6926666666666667,1.9633333333333334,0.616,0.076
E2_MASTERY,C0,36,25,0.44434407622577143,0.017773763049030857,0.4266666666666667,0.5066666666666667,2.04,0.68,0.08
E2_MASTERY,C0,36,50,0.7324870912509402,0.014649741825018804,0.4733333333333333,0.5466666666666666,1.98,0.6,0.04
E2_MASTERY,C0,36,100,1.5029631754070893,0.015029631754070894,0.47000000000000014,0.55,1.93,0.59,0.02
E2_MASTERY,C0,36,250,3.981075451397568,0.01592430180559027,0.49199999999999994,0.5426666666666666,1.9093333333333333,0.5773333333333334,0.008
E2_MASTERY,C0,36,500,8.107373697155468,0.016214747394310936,0.5099999999999995,0.5373333333333333,1.8893333333333333,0.5653333333333334,0.004
E2_MASTERY,C1,36,25,0.4646119668786329,0.018584478675145316,0.4266666666666667,0.4666666666666667,2.04,0.68,0.05333333333333334
E2_MASTERY,C1,36,50,0.7527549819038017,0.015055099638076035,0.4733333333333333,0.5266666666666666,1.98,0.6,0.02666666666666667
E2_MASTERY,C1,36,100,1.5232310660599506,0.015232310660599506,0.47000000000000014,0.54,1.93,0.59,0.013333333333333334
E2_MASTERY,C1,36,250,4.001343342050429,0.016005373368201715,0.49199999999999994,0.5386666666666666,1.9093333333333333,0.5773333333333334,0.005333333333333333
E2_MASTERY,C1,36,500,8.127641587808329,0.01625528317561666,0.5099999999999995,0.5353333333333333,1.8893333333333333,0.5653333333333334,0.0026666666666666666
E2_MASTERY,C2,36,25,0.4966786810122892,0.019867147240491566,0.41333333333333344,0.44,2.04,0.68,0.04
E2_MASTERY,C2,36,50,0.7848216960374581,0.015696433920749164,0.46666666666666656,0.5133333333333333,1.98,0.6,0.02
E2_MASTERY,C2,36,100,1.5552977801936068,0.015552977801936067,0.4666666666666668,0.5333333333333333,1.93,0.59,0.01
E2_MASTERY,C2,36,250,4.033410056184085,0.01613364022473634,0.49066666666666664,0.536,1.9093333333333333,0.5773333333333334,0.004
E2_MASTERY,C2,36,500,8.159708301941984,0.01631941660388397,0.5093333333333327,0.534,1.8893333333333333,0.5653333333333334,0.002
E2_MASTERY,C3,36,25,0.46235781921666,0.0184943127686664,0.4266666666666667,0.48,2.04,0.68,0.08
E2_MASTERY,C3,36,50,0.7505008342418289,0.015010016684836577,0.4733333333333333,0.5333333333333333,1.98,0.6,0.04
E2_MASTERY,C3,36,100,1.520976918397978,0.01520976918397978,0.47000000000000014,0.5433333333333333,1.93,0.59,0.02
E2_MASTERY,C3,36,250,3.999089194388456,0.015996356777553823,0.49199999999999994,0.54,1.9093333333333333,0.5773333333333334,0.008
E2_MASTERY,C3,36,500,8.12136238020181,0.01624272476040362,0.5099999999999995,0.5393333333333333,1.8893333333333333,0.5653333333333334,0.016
E2_MASTERY,C4,36,25,0.4522925935152707,0.018091703740610827,0.4266666666666668,0.4666666666666667,2.04,0.68,0.05333333333333334
E2_MASTERY,C4,36,50,0.7372849612526291,0.014745699225052582,0.4733333333333333,0.5266666666666666,1.98,0.6,0.03333333333333333
E2_MASTERY,C4,36,100,1.5185002722189644,0.015185002722189644,0.4666666666666668,0.5366666666666666,1.93,0.59,0.03
E2_MASTERY,C4,36,250,3.9991798948621033,0.015996719579448412,0.49066666666666664,0.5373333333333333,1.9093333333333333,0.5773333333333334,0.018666666666666668
E2_MASTERY,C4,36,500,8.118324650622235,0.01623664930124447,0.5093333333333327,0.536,1.8893333333333333,0.5653333333333334,0.014666666666666666
E2_MASTERY,C0,37,25,0.21039316718234763,0.008415726687293906,0.4,0.6666666666666666,1.8133333333333332,0.56,0.14666666666666667
E2_MASTERY,C0,37,50,0.25818371236512105,0.005163674247302421,0.4799999999999999,0.7733333333333333,1.86,0.5533333333333333,0.26
E2_MASTERY,C0,37,100,0.366663061235465,0.0036666306123546498,0.5133333333333332,0.77,1.92,0.58,0.26
E2_MASTERY,C0,37,250,0.8316570974841251,0.0033266283899365005,0.5346666666666667,0.7706666666666667,1.9573333333333334,0.6053333333333333,0.2653333333333333
E2_MASTERY,C0,37,500,1.7793111288418844,0.003558622257683769,0.5173333333333335,0.7633333333333333,1.944,0.598,0.24466666666666667
E2_MASTERY,C1,37,25,0.33730219659952626,0.01349208786398105,0.38666666666666666,0.5466666666666666,1.8133333333333332,0.56,0.05333333333333334
E2_MASTERY,C1,37,50,0.7253267877701308,0.014506535755402616,0.46666666666666656,0.5266666666666666,1.86,0.5533333333333333,0.02666666666666667
E2_MASTERY,C1,37,100,1.261511216255092,0.012615112162550922,0.49999999999999983,0.53,1.92,0.58,0.013333333333333334
E2_MASTERY,C1,37,250,3.2673200362825088,0.013069280145130036,0.5253333333333333,0.5186666666666667,1.9573333333333334,0.6053333333333333,0.005333333333333333
E2_MASTERY,C1,37,500,6.381226395504504,0.012762452791009007,0.5093333333333334,0.5293333333333333,1.944,0.598,0.0026666666666666666
E2_MASTERY,C2,37,25,0.35163355109294964,0.014065342043717986,0.38666666666666666,0.5333333333333333,1.8133333333333332,0.56,0.013333333333333334
E2_MASTERY,C2,37,50,0.7396581422635542,0.014793162845271084,0.46666666666666656,0.52,1.86,0.5533333333333333,0.006666666666666667
E2_MASTERY,C2,37,100,1.2758425707485155,0.012758425707485154,0.49999999999999983,0.5266666666666666,1.92,0.58,0.0033333333333333335
E2_MASTERY,C2,37,250,3.281651390775932,0.013126605563103728,0.5253333333333333,0.5173333333333333,1.9573333333333334,0.6053333333333333,0.0013333333333333333
E2_MASTERY,C2,37,500,6.395557749997925,0.01279111549999585,0.5093333333333334,0.5286666666666666,1.944,0.598,0.0006666666666666666
E2_MASTERY,C3,37,25,0.3424592012983797,0.013698368051935188,0.38666666666666666,0.5333333333333333,1.8133333333333332,0.56,0.04
E2_MASTERY,C3,37,50,0.7304837924689842,0.014609675849379684,0.46666666666666656,0.52,1.86,0.5533333333333333,0.02
E2_MASTERY,C3,37,100,1.2666682209539455,0.012666682209539456,0.49999999999999983,0.5266666666666666,1.92,0.58,0.01
E2_MASTERY,C3,37,250,3.272477040981362,0.013089908163925449,0.5253333333333333,0.5173333333333333,1.9573333333333334,0.6053333333333333,0.004
E2_MASTERY,C3,37,500,6.386383400203357,0.012772766800406714,0.5093333333333334,0.5286666666666666,1.944,0.598,0.002
E2_MASTERY,C4,37,25,0.3019896562146461,0.012079586248585843,0.38666666666666666,0.56,1.8133333333333332,0.56,0.16
E2_MASTERY,C4,37,50,0.6948077458142599,0.013896154916285198,0.46666666666666656,0.5266666666666666,1.86,0.5533333333333333,0.08666666666666667
E2_MASTERY,C4,37,100,1.230992174299221,0.01230992174299221,0.49999999999999983,0.53,1.92,0.58,0.043333333333333335
E2_MASTERY,C4,37,250,3.236800994326638,0.012947203977306553,0.5253333333333333,0.5186666666666667,1.9573333333333334,0.6053333333333333,0.017333333333333333
E2_MASTERY,C4,37,500,6.350707353548632,0.012701414707097264,0.5093333333333334,0.5293333333333333,1.944,0.598,0.008666666666666666
E2_MASTERY,C0,38,25,0.3873973474828215,0.01549589389931286,0.5066666666666666,0.5333333333333333,1.9066666666666667,0.5866666666666667,0.013333333333333334
E2_MASTERY,C0,38,50,0.8994121490105369,0.017988242980210737,0.4866666666666666,0.4866666666666667,1.9533333333333334,0.62,0.006666666666666667
E2_MASTERY,C0,38,100,1.7227102520759585,0.017227102520759586,0.49666666666666665,0.5233333333333333,1.84,0.5633333333333334,0.0033333333333333335
E2_MASTERY,C0,38,250,4.683083811355725,0.0187323352454229,0.4986666666666665,0.488,1.948,0.6053333333333333,0.0013333333333333333
E2_MASTERY,C0,38,500,9.387009961644283,0.018774019923288567,0.4873333333333336,0.4866666666666667,1.9846666666666666,0.6153333333333333,0.0006666666666666666
E2_MASTERY,C1,38,25,0.4044124525766805,0.01617649810306722,0.5066666666666666,0.52,1.9066666666666667,0.5866666666666667,0.013333333333333334
E2_MASTERY,C1,38,50,0.9164272541043958,0.018328545082087918,0.4866666666666666,0.48,1.9533333333333334,0.62,0.006666666666666667
E2_MASTERY,C1,38,100,1.7397253571698172,0.017397253571698173,0.49666666666666665,0.52,1.84,0.5633333333333334,0.0033333333333333335
E2_MASTERY,C1,38,250,4.700098916449583,0.018800395665798334,0.4986666666666665,0.4866666666666667,1.948,0.6053333333333333,0.0013333333333333333
E2_MASTERY,C1,38,500,9.404025066738141,0.018808050133476282,0.4873333333333336,0.486,1.9846666666666666,0.6153333333333333,0.0006666666666666666
E2_MASTERY,C2,38,25,0.38179248845040953,0.015271699538016381,0.5066666666666666,0.5466666666666666,1.9066666666666667,0.5866666666666667,0.02666666666666667
E2_MASTERY,C2,38,50,0.8938072899781251,0.017876145799562503,0.4866666666666666,0.49333333333333335,1.9533333333333334,0.62,0.013333333333333334
E2_MASTERY,C2,38,100,1.7171053930435467,0.017171053930435467,0.49666666666666665,0.5266666666666666,1.84,0.5633333333333334,0.006666666666666667
E2_MASTERY,C2,38,250,4.677478952323313,0.018709915809293255,0.4986666666666665,0.48933333333333334,1.948,0.6053333333333333,0.0026666666666666666
E2_MASTERY,C2,38,500,9.38140510261187,0.01876281020522374,0.4873333333333336,0.48733333333333334,1.9846666666666666,0.6153333333333333,0.0013333333333333333
E2_MASTERY,C3,38,25,0.3933417787812211,0.015733671151248844,0.5066666666666666,0.5333333333333333,1.9066666666666667,0.5866666666666667,0.02666666666666667
E2_MASTERY,C3,38,50,0.9053565803089365,0.01810713160617873,0.4866666666666666,0.4866666666666667,1.9533333333333334,0.62,0.013333333333333334
E2_MASTERY,C3,38,100,1.7286546833743581,0.01728654683374358,0.49666666666666665,0.5233333333333333,1.84,0.5633333333333334,0.006666666666666667
E2_MASTERY,C3,38,250,4.689028242654125,0.0187561129706165,0.4986666666666665,0.488,1.948,0.6053333333333333,0.0026666666666666666
E2_MASTERY,C3,38,500,9.392954392942682,0.018785908785885364,0.4873333333333336,0.4866666666666667,1.9846666666666666,0.6153333333333333,0.0013333333333333333
E2_MASTERY,C4,38,25,0.40809058936345105,0.01632362357453804,0.5066666666666666,0.52,1.9066666666666667,0.5866666666666667,0.02666666666666667
E2_MASTERY,C4,38,50,0.9268158040219303,0.018536316080438608,0.4866666666666666,0.47333333333333333,1.9533333333333334,0.62,0.02
E2_MASTERY,C4,38,100,1.7395059323808928,0.01739505932380893,0.49666666666666665,0.52,1.84,0.5633333333333334,0.013333333333333334
E2_MASTERY,C4,38,250,4.69930893519049,0.018797235740761958,0.4986666666666665,0.4866666666666667,1.948,0.6053333333333333,0.010666666666666666
E2_MASTERY,C4,38,500,9.384051305933573,0.018768102611867146,0.4873333333333336,0.4866666666666667,1.9846666666666666,0.6153333333333333,0.006
E2_MASTERY,C0,39,25,0.49629783951714723,0.01985191358068589,0.42666666666666664,0.4666666666666667,1.8933333333333333,0.6133333333333333,0.04
E2_MASTERY,C0,39,50,1.080765081923158,0.02161530163846316,0.5399999999999999,0.44666666666666666,2.0,0.6266666666666667,0.02
E2_MASTERY,C0,39,100,2.0014968402477327,0.020014968402477327,0.4966666666666667,0.4633333333333333,1.9833333333333334,0.6066666666666667,0.01
E2_MASTERY,C0,39,250,4.621820886980716,0.018487283547922864,0.5066666666666667,0.48533333333333334,1.9293333333333333,0.5893333333333334,0.004
E2_MASTERY,C0,39,500,9.092222280731391,0.018184444561462784,0.4973333333333332,0.49066666666666664,1.9353333333333333,0.596,0.0026666666666666666
E2_MASTERY,C1,39,25,0.5179123066038693,0.020716492264154774,0.42666666666666664,0.4666666666666667,1.8933333333333333,0.6133333333333333,0.02666666666666667
E2_MASTERY,C1,39,50,1.10237954900988,0.0220475909801976,0.5399999999999999,0.44666666666666666,2.0,0.6266666666666667,0.013333333333333334
E2_MASTERY,C1,39,100,2.0231113073344544,0.020231113073344544,0.4966666666666667,0.4633333333333333,1.9833333333333334,0.6066666666666667,0.006666666666666667
E2_MASTERY,C1,39,250,4.643435354067437,0.01857374141626975,0.5066666666666667,0.48533333333333334,1.9293333333333333,0.5893333333333334,0.0026666666666666666
E2_MASTERY,C1,39,500,9.129917358387445,0.01825983471677489,0.4973333333333332,0.49,1.9353333333333333,0.596,0.0013333333333333333
E2_MASTERY,C2,39,25,0.5042820099595409,0.020171280398381633,0.42666666666666664,0.48,1.8933333333333333,0.6133333333333333,0.05333333333333334
E2_MASTERY,C2,39,50,1.0887492523655518,0.021774985047311034,0.5399999999999999,0.4533333333333333,2.0,0.6266666666666667,0.02666666666666667
E2_MASTERY,C2,39,100,2.009481010690126,0.020094810106901263,0.4966666666666667,0.4666666666666667,1.9833333333333334,0.6066666666666667,0.013333333333333334
E2_MASTERY,C2,39,250,4.629805057423109,0.018519220229692438,0.5066666666666667,0.4866666666666667,1.9293333333333333,0.5893333333333334,0.005333333333333333
E2_MASTERY,C2,39,500,9.116287061743115,0.01823257412348623,0.4973333333333332,0.49066666666666664,1.9353333333333333,0.596,0.0026666666666666666
E2_MASTERY,C3,39,25,0.46110288486313505,0.018444115394525402,0.42666666666666664,0.52,1.8933333333333333,0.6133333333333333,0.10666666666666667
E2_MASTERY,C3,39,50,1.0303091545867957,0.020606183091735914,0.5399999999999999,0.4866666666666667,2.0,0.6266666666666667,0.10666666666666667
E2_MASTERY,C3,39,100,1.9054001617915364,0.019054001617915362,0.4966666666666667,0.49333333333333335,1.9833333333333334,0.6066666666666667,0.11
E2_MASTERY,C3,39,250,4.191524905783779,0.016766099623135116,0.5106666666666667,0.5506666666666666,1.9293333333333333,0.5893333333333334,0.132
E2_MASTERY,C3,39,500,7.981481877235735,0.01596296375447147,0.5013333333333332,0.55,1.9353333333333333,0.596,0.13333333333333333
E2_MASTERY,C4,39,25,0.42107662336849094,0.016843064934739638,0.44,0.5733333333333334,1.8933333333333333,0.6133333333333333,0.2
E2_MASTERY,C4,39,50,0.9767527875298221,0.01953505575059644,0.5399999999999998,0.52,2.0,0.6266666666666667,0.15333333333333332
E2_MASTERY,C4,39,100,1.7307103353515605,0.017307103353515606,0.49666666666666665,0.5533333333333333,1.9833333333333334,0.6066666666666667,0.15
E2_MASTERY,C4,39,250,4.054098037124505,0.01621639214849802,0.5093333333333334,0.5466666666666666,1.9293333333333333,0.5893333333333334,0.10533333333333333
E2_MASTERY,C4,39,500,7.919396159876972,0.015838792319753943,0.5006666666666666,0.5466666666666666,1.9353333333333333,0.596,0.09866666666666667
E2_MASTERY,C0,40,25,0.20730318306085566,0.008292127322434227,0.4533333333333333,0.6533333333333333,1.8933333333333333,0.5866666666666667,0.0
E2_MASTERY,C0,40,50,0.43787159551191696,0.008757431910238339,0.5399999999999999,0.6133333333333333,1.9533333333333334,0.6066666666666667,0.0
E2_MASTERY,C0,40,100,0.8790217985023839,0.00879021798502384,0.49666666666666665,0.6133333333333333,1.8833333333333333,0.57,0.0
E2_MASTERY,C0,40,250,2.2209626811094902,0.008883850724437961,0.48799999999999993,0.604,1.932,0.6026666666666667,0.0
E2_MASTERY,C0,40,500,4.529152622140321,0.009058305244280643,0.49466666666666664,0.606,1.964,0.6073333333333333,0.0
E2_MASTERY,C1,40,25,0.20797696806880284,0.008319078722752114,0.4533333333333333,0.6666666666666666,1.8933333333333333,0.5866666666666667,0.02666666666666667
E2_MASTERY,C1,40,50,0.43854538051986414,0.008770907610397283,0.5399999999999999,0.62,1.9533333333333334,0.6066666666666667,0.013333333333333334
E2_MASTERY,C1,40,100,0.8796955835103312,0.008796955835103312,0.49666666666666665,0.6166666666666667,1.8833333333333333,0.57,0.006666666666666667
E2_MASTERY,C1,40,250,2.2216364661174377,0.00888654586446975,0.48799999999999993,0.6053333333333333,1.932,0.6026666666666667,0.0026666666666666666
E2_MASTERY,C1,40,500,4.529826407148269,0.009059652814296538,0.49466666666666664,0.6066666666666667,1.964,0.6073333333333333,0.0013333333333333333
E2_MASTERY,C2,40,25,0.20963975877927327,0.008385590351170931,0.4533333333333333,0.64,1.8933333333333333,0.5866666666666667,0.013333333333333334
E2_MASTERY,C2,40,50,0.44020817123033457,0.008804163424606692,0.5399999999999999,0.6066666666666667,1.9533333333333334,0.6066666666666667,0.006666666666666667
E2_MASTERY,C2,40,100,0.8813583742208015,0.008813583742208015,0.49666666666666665,0.61,1.8833333333333333,0.57,0.0033333333333333335
E2_MASTERY,C2,40,250,2.2232992568279086,0.008893197027311634,0.48799999999999993,0.6026666666666667,1.932,0.6026666666666667,0.0013333333333333333
E2_MASTERY,C2,40,500,4.53148919785874,0.009062978395717479,0.49466666666666664,0.6053333333333333,1.964,0.6073333333333333,0.0006666666666666666
E2_MASTERY,C3,40,25,0.20963975877927327,0.008385590351170931,0.4533333333333333,0.64,1.8933333333333333,0.5866666666666667,0.013333333333333334
E2_MASTERY,C3,40,50,0.44020817123033457,0.008804163424606692,0.5399999999999999,0.6066666666666667,1.9533333333333334,0.6066666666666667,0.006666666666666667
E2_MASTERY,C3,40,100,0.8777846571170611,0.008777846571170611,0.49666666666666665,0.6133333333333333,1.8833333333333333,0.57,0.006666666666666667
E2_MASTERY,C3,40,250,2.2197255397241675,0.00887890215889667,0.48799999999999993,0.604,1.932,0.6026666666666667,0.0026666666666666666
E2_MASTERY,C3,40,500,4.527915480754999,0.009055830961509997,0.49466666666666664,0.606,1.964,0.6073333333333333,0.0013333333333333333
E2_MASTERY,C4,40,25,0.20730318306085566,0.008292127322434227,0.4533333333333333,0.6533333333333333,1.8933333333333333,0.5866666666666667,0.0
E2_MASTERY,C4,40,50,0.43787159551191696,0.008757431910238339,0.5399999999999999,0.6133333333333333,1.9533333333333334,0.6066666666666667,0.0
E2_MASTERY,C4,40,100,0.8790217985023839,0.00879021798502384,0.49666666666666665,0.6133333333333333,1.8833333333333333,0.57,0.0
E2_MASTERY,C4,40,250,2.222460756197138,0.008889843024788553,0.48799999999999993,0.604,1.932,0.6026666666666667,0.0013333333333333333
E2_MASTERY,C4,40,500,4.704905244024989,0.009409810488049978,0.49399999999999994,0.5986666666666667,1.964,0.6073333333333333,0.015333333333333332
E2_MASTERY,C0,41,25,0.29201324460182937,0.011680529784073175,0.4666666666666665,0.6266666666666667,1.8,0.5466666666666666,0.0
E2_MASTERY,C0,41,50,0.6177807540467761,0.012355615080935523,0.4533333333333332,0.6133333333333333,1.8266666666666667,0.54,0.0
E2_MASTERY,C0,41,100,1.2823836607187478,0.012823836607187477,0.48666666666666664,0.58,1.89,0.58,0.0
E2_MASTERY,C0,41,250,3.214108815539834,0.012856435262159335,0.46399999999999975,0.5773333333333334,1.9626666666666666,0.6013333333333334,0.0
E2_MASTERY,C0,41,500,6.187309857808394,0.012374619715616788,0.47933333333333317,0.5886666666666667,1.942,0.5926666666666667,0.0
E2_MASTERY,C1,41,25,0.27889918411924525,0.011155967364769809,0.4666666666666665,0.64,1.8,0.5466666666666666,0.013333333333333334
E2_MASTERY,C1,41,50,0.604666693564192,0.01209333387128384,0.4533333333333332,0.62,1.8266666666666667,0.54,0.006666666666666667
E2_MASTERY,C1,41,100,1.2692696002361636,0.012692696002361637,0.48666666666666664,0.5833333333333334,1.89,0.58,0.0033333333333333335
E2_MASTERY,C1,41,250,3.2009947550572497,0.012803979020228999,0.46399999999999975,0.5786666666666667,1.9626666666666666,0.6013333333333334,0.0013333333333333333
E2_MASTERY,C1,41,500,6.17419579732581,0.01234839159465162,0.47933333333333317,0.5893333333333334,1.942,0.5926666666666667,0.0006666666666666666
E2_MASTERY,C2,41,25,0.27889918411924525,0.011155967364769809,0.4666666666666665,0.64,1.8,0.5466666666666666,0.013333333333333334
E2_MASTERY,C2,41,50,0.604666693564192,0.01209333387128384,0.4533333333333332,0.62,1.8266666666666667,0.54,0.006666666666666667
E2_MASTERY,C2,41,100,1.2692696002361636,0.012692696002361637,0.48666666666666664,0.5833333333333334,1.89,0.58,0.0033333333333333335
E2_MASTERY,C2,41,250,3.2009947550572497,0.012803979020228999,0.46399999999999975,0.5786666666666667,1.9626666666666666,0.6013333333333334,0.0013333333333333333
E2_MASTERY,C2,41,500,6.17419579732581,0.01234839159465162,0.47933333333333317,0.5893333333333334,1.942,0.5926666666666667,0.0006666666666666666
E2_MASTERY,C3,41,25,0.23529010378670062,0.009411604151468024,0.4666666666666665,0.68,1.8,0.5466666666666666,0.08
E2_MASTERY,C3,41,50,0.5173605213708428,0.010347210427416854,0.4533333333333332,0.66,1.8266666666666667,0.54,0.06
E2_MASTERY,C3,41,100,1.1475622305743431,0.011475622305743432,0.48666666666666664,0.6133333333333333,1.89,0.58,0.04
E2_MASTERY,C3,41,250,3.1446862285903143,0.012578744914361258,0.46399999999999975,0.5813333333333334,1.9626666666666666,0.6013333333333334,0.04933333333333333
E2_MASTERY,C3,41,500,5.785754207630207,0.011571508415260414,0.47999999999999976,0.606,1.942,0.5926666666666667,0.066
E2_MASTERY,C4,41,25,0.27889918411924525,0.011155967364769809,0.4666666666666665,0.64,1.8,0.5466666666666666,0.013333333333333334
E2_MASTERY,C4,41,50,0.604666693564192,0.01209333387128384,0.4533333333333332,0.62,1.8266666666666667,0.54,0.006666666666666667
E2_MASTERY,C4,41,100,1.2692696002361636,0.012692696002361637,0.48666666666666664,0.5833333333333334,1.89,0.58,0.0033333333333333335
E2_MASTERY,C4,41,250,3.174856916562636,0.012699427666250545,0.46399999999999975,0.5813333333333334,1.9626666666666666,0.6013333333333334,0.004
E2_MASTERY,C4,41,500,5.966020138207272,0.011932040276414544,0.47999999999999976,0.6006666666666667,1.942,0.5926666666666667,0.012
E2_MASTERY,C0,42,25,0.4062374445744768,0.016249497782979072,0.5466666666666666,0.5733333333333334,1.7866666666666666,0.56,0.0
E2_MASTERY,C0,42,50,0.8315288149552844,0.01663057629910569,0.4666666666666665,0.52,1.8466666666666667,0.5866666666666667,0.0
E2_MASTERY,C0,42,100,1.7074157474297789,0.017074157474297788,0.4800000000000001,0.5066666666666667,1.91,0.6133333333333333,0.0
E2_MASTERY,C0,42,250,4.448571899420263,0.017794287597681053,0.46799999999999975,0.5133333333333333,1.9,0.592,0.0
E2_MASTERY,C0,42,500,8.63076472775421,0.01726152945550842,0.4813333333333336,0.516,1.9126666666666667,0.5793333333333334,0.0
E2_MASTERY,C1,42,25,0.4062374445744768,0.016249497782979072,0.5466666666666666,0.5733333333333334,1.7866666666666666,0.56,0.0
E2_MASTERY,C1,42,50,0.8315288149552844,0.01663057629910569,0.4666666666666665,0.52,1.8466666666666667,0.5866666666666667,0.0
E2_MASTERY,C1,42,100,1.7074157474297789,0.017074157474297788,0.4800000000000001,0.5066666666666667,1.91,0.6133333333333333,0.0
E2_MASTERY,C1,42,250,4.448571899420263,0.017794287597681053,0.46799999999999975,0.5133333333333333,1.9,0.592,0.0
E2_MASTERY,C1,42,500,8.63076472775421,0.01726152945550842,0.4813333333333336,0.516,1.9126666666666667,0.5793333333333334,0.0
E2_MASTERY,C2,42,25,0.4062374445744768,0.016249497782979072,0.5466666666666666,0.5733333333333334,1.7866666666666666,0.56,0.0
E2_MASTERY,C2,42,50,0.8315288149552844,0.01663057629910569,0.4666666666666665,0.52,1.8466666666666667,0.5866666666666667,0.0
E2_MASTERY,C2,42,100,1.7074157474297789,0.017074157474297788,0.4800000000000001,0.5066666666666667,1.91,0.6133333333333333,0.0
E2_MASTERY,C2,42,250,4.448571899420263,0.017794287597681053,0.46799999999999975,0.5133333333333333,1.9,0.592,0.0
E2_MASTERY,C2,42,500,8.63076472775421,0.01726152945550842,0.4813333333333336,0.516,1.9126666666666667,0.5793333333333334,0.0
E2_MASTERY,C3,42,25,0.4062374445744768,0.016249497782979072,0.5466666666666666,0.5733333333333334,1.7866666666666666,0.56,0.0
E2_MASTERY,C3,42,50,0.8315288149552844,0.01663057629910569,0.4666666666666665,0.52,1.8466666666666667,0.5866666666666667,0.0
E2_MASTERY,C3,42,100,1.7074157474297789,0.017074157474297788,0.4800000000000001,0.5066666666666667,1.91,0.6133333333333333,0.0
E2_MASTERY,C3,42,250,4.448571899420263,0.017794287597681053,0.46799999999999975,0.5133333333333333,1.9,0.592,0.0
E2_MASTERY,C3,42,500,8.63076472775421,0.01726152945550842,0.4813333333333336,0.516,1.9126666666666667,0.5793333333333334,0.0
E2_MASTERY,C4,42,25,0.4062374445744768,0.016249497782979072,0.5466666666666666,0.5733333333333334,1.7866666666666666,0.56,0.0
E2_MASTERY,C4,42,50,0.8261291858480209,0.01652258371696042,0.4666666666666665,0.5266666666666666,1.8466666666666667,0.5866666666666667,0.006666666666666667
E2_MASTERY,C4,42,100,1.702016118322515,0.01702016118322515,0.4800000000000001,0.51,1.91,0.6133333333333333,0.0033333333333333335
E2_MASTERY,C4,42,250,4.443172270312998,0.017772689081251992,0.46799999999999975,0.5146666666666667,1.9,0.592,0.0013333333333333333
E2_MASTERY,C4,42,500,8.60465037321728,0.01720930074643456,0.4813333333333336,0.518,1.9126666666666667,0.5793333333333334,0.0026666666666666666
E2_MASTERY,C0,43,25,0.28430315917079463,0.011372126366831785,0.45333333333333337,0.5866666666666667,2.026666666666667,0.5866666666666667,0.02666666666666667
E2_MASTERY,C0,43,50,0.5688776069419925,0.01137755213883985,0.5000000000000002,0.5733333333333334,2.026666666666667,0.6066666666666667,0.02
E2_MASTERY,C0,43,100,0.9827219957986917,0.009827219957986917,0.4933333333333333,0.6166666666666667,1.95,0.5833333333333334,0.01
E2_MASTERY,C0,43,250,2.613303233978338,0.010453212935913352,0.5120000000000001,0.608,1.9413333333333334,0.584,0.004
E2_MASTERY,C0,43,500,5.389953938570268,0.010779907877140536,0.5066666666666667,0.604,1.95,0.592,0.002
E2_MASTERY,C1,43,25,0.28271953536126976,0.01130878141445079,0.45333333333333337,0.5733333333333334,2.026666666666667,0.5866666666666667,0.0
E2_MASTERY,C1,43,50,0.5666685219519012,0.011333370439038024,0.5000000000000002,0.5733333333333334,2.026666666666667,0.6066666666666667,0.0
E2_MASTERY,C1,43,100,0.9805129108086004,0.009805129108086003,0.4933333333333333,0.6166666666666667,1.95,0.5833333333333334,0.0
E2_MASTERY,C1,43,250,2.611094148988247,0.010444376595952988,0.5120000000000001,0.608,1.9413333333333334,0.584,0.0
E2_MASTERY,C1,43,500,5.387744853580178,0.010775489707160356,0.5066666666666667,0.604,1.95,0.592,0.0
E2_MASTERY,C2,43,25,0.27318672903892677,0.01092746916155707,0.45333333333333337,0.5866666666666667,2.026666666666667,0.5866666666666667,0.013333333333333334
E2_MASTERY,C2,43,50,0.5571357156295582,0.011142714312591165,0.5000000000000002,0.58,2.026666666666667,0.6066666666666667,0.006666666666666667
E2_MASTERY,C2,43,100,0.9709801044862574,0.009709801044862574,0.4933333333333333,0.62,1.95,0.5833333333333334,0.0033333333333333335
E2_MASTERY,C2,43,250,2.601561342665904,0.010406245370663616,0.5120000000000001,0.6093333333333333,1.9413333333333334,0.584,0.0013333333333333333
E2_MASTERY,C2,43,500,5.378212047257834,0.010756424094515667,0.5066666666666667,0.6046666666666667,1.95,0.592,0.0006666666666666666
E2_MASTERY,C3,43,25,0.31617175139390025,0.01264687005575601,0.45333333333333337,0.56,2.026666666666667,0.5866666666666667,0.05333333333333334
E2_MASTERY,C3,43,50,0.5961284854463877,0.011922569708927754,0.5000000000000002,0.5666666666666667,2.026666666666667,0.6066666666666667,0.03333333333333333
E2_MASTERY,C3,43,100,1.009972874303087,0.010099728743030868,0.4933333333333333,0.6133333333333333,1.95,0.5833333333333334,0.016666666666666666
E2_MASTERY,C3,43,250,2.640554112482734,0.010562216449930936,0.5120000000000001,0.6066666666666667,1.9413333333333334,0.584,0.006666666666666667
E2_MASTERY,C3,43,500,5.417204817074665,0.01083440963414933,0.5066666666666667,0.6033333333333334,1.95,0.592,0.0033333333333333335
E2_MASTERY,C4,43,25,0.2287716741191801,0.009150866964767204,0.45333333333333337,0.64,2.026666666666667,0.5866666666666667,0.13333333333333333
E2_MASTERY,C4,43,50,0.49309987295147767,0.009861997459029553,0.5000000000000002,0.6133333333333333,2.026666666666667,0.6066666666666667,0.08
E2_MASTERY,C4,43,100,0.8604449341220203,0.008604449341220203,0.4933333333333333,0.6533333333333333,1.95,0.5833333333333334,0.056666666666666664
E2_MASTERY,C4,43,250,2.3639450126201185,0.009455780050480474,0.5120000000000001,0.6373333333333333,1.9413333333333334,0.584,0.04
E2_MASTERY,C4,43,500,4.7670318509352025,0.009534063701870404,0.5066666666666667,0.64,1.95,0.592,0.042666666666666665
E2_MASTERY,C0,44,25,0.5118038388510723,0.02047215355404289,0.3999999999999999,0.36,2.0533333333333332,0.6933333333333334,0.25333333333333335
E2_MASTERY,C0,44,50,1.006780848345865,0.020135616966917298,0.4866666666666668,0.38,2.0866666666666664,0.6666666666666666,0.13333333333333333
E2_MASTERY,C0,44,100,1.7687809511331345,0.017687809511331344,0.5033333333333334,0.44333333333333336,2.03,0.6233333333333333,0.06666666666666667
E2_MASTERY,C0,44,250,4.03293539287253,0.01613174157149012,0.49600000000000005,0.484,1.9613333333333334,0.5933333333333334,0.02666666666666667
E2_MASTERY,C0,44,500,7.911231243662525,0.01582246248732505,0.48800000000000004,0.49466666666666664,1.9373333333333334,0.5866666666666667,0.013333333333333334
E2_MASTERY,C1,44,25,0.4372142768705702,0.01748857107482281,0.3999999999999999,0.4,2.0533333333333332,0.6933333333333334,0.013333333333333334
E2_MASTERY,C1,44,50,0.9401594695273272,0.018803189390546544,0.4866666666666668,0.4,2.0866666666666664,0.6666666666666666,0.006666666666666667
E2_MASTERY,C1,44,100,1.7021595723145966,0.017021595723145967,0.5033333333333334,0.4533333333333333,2.03,0.6233333333333333,0.0033333333333333335
E2_MASTERY,C1,44,250,3.966314014053992,0.015865256056215967,0.49600000000000005,0.488,1.9613333333333334,0.5933333333333334,0.0013333333333333333
E2_MASTERY,C1,44,500,7.844609864843988,0.015689219729687974,0.48800000000000004,0.49666666666666665,1.9373333333333334,0.5866666666666667,0.0006666666666666666
E2_MASTERY,C2,44,25,0.4967819743378706,0.019871278973514823,0.3999999999999999,0.36,2.0533333333333332,0.6933333333333334,0.16
E2_MASTERY,C2,44,50,0.9997271669946277,0.019994543339892555,0.4866666666666668,0.38,2.0866666666666664,0.6666666666666666,0.08
E2_MASTERY,C2,44,100,1.7617272697818973,0.017617272697818973,0.5033333333333334,0.44333333333333336,2.03,0.6233333333333333,0.04
E2_MASTERY,C2,44,250,4.025881711521293,0.01610352684608517,0.49600000000000005,0.484,1.9613333333333334,0.5933333333333334,0.016
E2_MASTERY,C2,44,500,7.904177562311287,0.015808355124622576,0.48800000000000004,0.49466666666666664,1.9373333333333334,0.5866666666666667,0.008
E2_MASTERY,C3,44,25,0.41264561482832374,0.016505824593132948,0.4133333333333333,0.44,2.0533333333333332,0.6933333333333334,0.12
E2_MASTERY,C3,44,50,0.9003596752143961,0.01800719350428792,0.4933333333333335,0.4266666666666667,2.0866666666666664,0.6666666666666666,0.09333333333333334
E2_MASTERY,C3,44,100,1.6554906770954223,0.016554906770954222,0.5066666666666667,0.4666666666666667,2.03,0.6233333333333333,0.08
E2_MASTERY,C3,44,250,3.9783879762627596,0.01591355190505104,0.49733333333333335,0.49066666666666664,1.9613333333333334,0.5933333333333334,0.06133333333333333
E2_MASTERY,C3,44,500,7.811283931778302,0.015622567863556603,0.48866666666666675,0.5,1.9373333333333334,0.5866666666666667,0.048666666666666664
E2_MASTERY,C4,44,25,0.44711234072666683,0.017884493629066675,0.4133333333333333,0.37333333333333335,2.0533333333333332,0.6933333333333334,0.18666666666666668
E2_MASTERY,C4,44,50,0.9565455707846597,0.019130911415693196,0.4933333333333335,0.38,2.0866666666666664,0.6666666666666666,0.1
E2_MASTERY,C4,44,100,1.7185456735719291,0.017185456735719293,0.5066666666666667,0.44333333333333336,2.03,0.6233333333333333,0.05
E2_MASTERY,C4,44,250,4.003116319144368,0.016012465276577473,0.49733333333333335,0.4826666666666667,1.9613333333333334,0.5933333333333334,0.028
E2_MASTERY,C4,44,500,7.90451232462196,0.01580902464924392,0.48866666666666675,0.49466666666666664,1.9373333333333334,0.5866666666666667,0.017333333333333333
E2_MASTERY,C0,45,25,0.251511375088427,0.010060455003537081,0.49333333333333335,0.49333333333333335,2.04,0.68,0.013333333333333334
E2_MASTERY,C0,45,50,0.4341565381893221,0.008683130763786441,0.5000000000000001,0.5533333333333333,1.96,0.6266666666666667,0.006666666666666667
E2_MASTERY,C0,45,100,0.8560273197227353,0.008560273197227353,0.4833333333333335,0.5866666666666667,1.9166666666666667,0.58,0.0033333333333333335
E2_MASTERY,C0,45,250,2.1364703203686712,0.008545881281474686,0.5106666666666665,0.5786666666666667,1.928,0.5906666666666667,0.0013333333333333333
E2_MASTERY,C0,45,500,4.194251671135789,0.008388503342271578,0.5173333333333325,0.59,1.9186666666666667,0.5846666666666667,0.0006666666666666666
E2_MASTERY,C1,45,25,0.2416766537637624,0.009667066150550496,0.49333333333333335,0.5066666666666667,2.04,0.68,0.09333333333333334
E2_MASTERY,C1,45,50,0.4243218168646575,0.00848643633729315,0.5000000000000001,0.56,1.96,0.6266666666666667,0.04666666666666667
E2_MASTERY,C1,45,100,0.8461925983980706,0.008461925983980706,0.4833333333333335,0.59,1.9166666666666667,0.58,0.023333333333333334
E2_MASTERY,C1,45,250,2.1266355990440067,0.008506542396176027,0.5106666666666665,0.58,1.928,0.5906666666666667,0.009333333333333334
E2_MASTERY,C1,45,500,4.184416949811124,0.008368833899622247,0.5173333333333325,0.5906666666666667,1.9186666666666667,0.5846666666666667,0.004666666666666667
E2_MASTERY,C2,45,25,0.1951350880014428,0.007805403520057712,0.48,0.6,2.04,0.68,0.24
E2_MASTERY,C2,45,50,0.37778025110233787,0.007555605022046758,0.4933333333333334,0.6066666666666667,1.96,0.6266666666666667,0.12
E2_MASTERY,C2,45,100,0.7932304254343042,0.007932304254343043,0.4800000000000002,0.6166666666666667,1.9166666666666667,0.58,0.06333333333333334
E2_MASTERY,C2,45,250,2.0344503218189365,0.008137801287275747,0.5093333333333332,0.5946666666666667,1.928,0.5906666666666667,0.030666666666666665
E2_MASTERY,C2,45,500,4.06606734911058,0.008132134698221159,0.5166666666666659,0.6,1.9186666666666667,0.5846666666666667,0.017333333333333333
E2_MASTERY,C3,45,25,0.2790699922451956,0.011162799689807823,0.49333333333333335,0.49333333333333335,2.04,0.68,0.08
E2_MASTERY,C3,45,50,0.46171515534609064,0.009234303106921813,0.5000000000000001,0.5533333333333333,1.96,0.6266666666666667,0.04
E2_MASTERY,C3,45,100,0.8820344567634666,0.008820344567634666,0.4833333333333335,0.5866666666666667,1.9166666666666667,0.58,0.023333333333333334
E2_MASTERY,C3,45,250,2.202350410330104,0.008809401641320417,0.5106666666666665,0.576,1.928,0.5906666666666667,0.036
E2_MASTERY,C3,45,500,4.261129277430972,0.008522258554861944,0.5173333333333325,0.5893333333333334,1.9186666666666667,0.5846666666666667,0.02266666666666667
E2_MASTERY,C4,45,25,0.24657708198422412,0.009863083279368965,0.49333333333333335,0.5066666666666667,2.04,0.68,0.0
E2_MASTERY,C4,45,50,0.426920565261543,0.008538411305230859,0.5000000000000001,0.5666666666666667,1.96,0.6266666666666667,0.02
E2_MASTERY,C4,45,100,0.8530821762225664,0.008530821762225664,0.4833333333333335,0.5933333333333334,1.9166666666666667,0.58,0.013333333333333334
E2_MASTERY,C4,45,250,2.2514769968157804,0.009005907987263122,0.5106666666666665,0.5746666666666667,1.928,0.5906666666666667,0.06666666666666667
E2_MASTERY,C4,45,500,4.352074788307468,0.008704149576614936,0.5159999999999993,0.5966666666666667,1.9186666666666667,0.5846666666666667,0.07866666666666666
E2_MASTERY,C0,46,25,0.1274859182425871,0.005099436729703484,0.5199999999999999,0.7066666666666667,1.8,0.5066666666666667,0.013333333333333334
E2_MASTERY,C0,46,50,0.3091439277182061,0.006182878554364122,0.5266666666666667,0.7133333333333334,1.8666666666666667,0.5133333333333333,0.006666666666666667
E2_MASTERY,C0,46,100,0.6664140067563274,0.006664140067563274,0.5233333333333333,0.67,1.9566666666666668,0.57,0.0033333333333333335
E2_MASTERY,C0,46,250,1.9927574233714207,0.007971029693485683,0.4999999999999999,0.6506666666666666,1.9253333333333333,0.5813333333333334,0.0013333333333333333
E2_MASTERY,C0,46,500,3.860926444387868,0.007721852888775736,0.48333333333333356,0.6453333333333333,1.908,0.5793333333333334,0.0006666666666666666
E2_MASTERY,C1,46,25,0.1274859182425871,0.005099436729703484,0.5199999999999999,0.7066666666666667,1.8,0.5066666666666667,0.013333333333333334
E2_MASTERY,C1,46,50,0.3091439277182061,0.006182878554364122,0.5266666666666667,0.7133333333333334,1.8666666666666667,0.5133333333333333,0.006666666666666667
E2_MASTERY,C1,46,100,0.6664140067563274,0.006664140067563274,0.5233333333333333,0.67,1.9566666666666668,0.57,0.0033333333333333335
E2_MASTERY,C1,46,250,1.9927574233714207,0.007971029693485683,0.4999999999999999,0.6506666666666666,1.9253333333333333,0.5813333333333334,0.0013333333333333333
E2_MASTERY,C1,46,500,3.860926444387868,0.007721852888775736,0.48333333333333356,0.6453333333333333,1.908,0.5793333333333334,0.0006666666666666666
E2_MASTERY,C2,46,25,0.12579375167880474,0.00503175006715219,0.5199999999999999,0.72,1.8,0.5066666666666667,0.0
E2_MASTERY,C2,46,50,0.30745176115442374,0.0061490352230884745,0.5266666666666667,0.72,1.8666666666666667,0.5133333333333333,0.0
E2_MASTERY,C2,46,100,0.6647218401925451,0.006647218401925451,0.5233333333333333,0.6733333333333333,1.9566666666666668,0.57,0.0
E2_MASTERY,C2,46,250,1.9910652568076381,0.007964261027230553,0.4999999999999999,0.652,1.9253333333333333,0.5813333333333334,0.0
E2_MASTERY,C2,46,500,3.8592342778240853,0.007718468555648171,0.48333333333333356,0.646,1.908,0.5793333333333334,0.0
E2_MASTERY,C3,46,25,0.12579375167880474,0.00503175006715219,0.5199999999999999,0.72,1.8,0.5066666666666667,0.0
E2_MASTERY,C3,46,50,0.30745176115442374,0.0061490352230884745,0.5266666666666667,0.72,1.8666666666666667,0.5133333333333333,0.0
E2_MASTERY,C3,46,100,0.6647218401925451,0.006647218401925451,0.5233333333333333,0.6733333333333333,1.9566666666666668,0.57,0.0
E2_MASTERY,C3,46,250,1.9910652568076381,0.007964261027230553,0.4999999999999999,0.652,1.9253333333333333,0.5813333333333334,0.0
E2_MASTERY,C3,46,500,3.8592342778240853,0.007718468555648171,0.48333333333333356,0.646,1.908,0.5793333333333334,0.0
E2_MASTERY,C4,46,25,0.1274859182425871,0.005099436729703484,0.5199999999999999,0.7066666666666667,1.8,0.5066666666666667,0.013333333333333334
E2_MASTERY,C4,46,50,0.31054265669028136,0.006210853133805627,0.5266666666666667,0.7133333333333334,1.8666666666666667,0.5133333333333333,0.02666666666666667
E2_MASTERY,C4,46,100,0.6646804258549335,0.006646804258549335,0.5233333333333333,0.6666666666666666,1.9566666666666668,0.57,0.03333333333333333
E2_MASTERY,C4,46,250,1.9970567374668282,0.007988226949867313,0.5013333333333332,0.648,1.9253333333333333,0.5813333333333334,0.02266666666666667
E2_MASTERY,C4,46,500,3.858158449000439,0.007716316898000878,0.4840000000000002,0.644,1.908,0.5793333333333334,0.014666666666666666
E2_MASTERY,C0,47,25,0.2157260939900284,0.008629043759601137,0.5066666666666668,0.6266666666666667,2.013333333333333,0.6933333333333334,0.41333333333333333
E2_MASTERY,C0,47,50,0.4748635736861343,0.009497271473722686,0.52,0.5866666666666667,1.9933333333333334,0.64,0.23333333333333334
E2_MASTERY,C0,47,100,1.0541034736766415,0.010541034736766415,0.5033333333333335,0.5833333333333334,1.9466666666666668,0.6033333333333334,0.13666666666666666
E2_MASTERY,C0,47,250,2.622285856314541,0.010489143425258163,0.48533333333333323,0.592,1.8946666666666667,0.5853333333333334,0.06
E2_MASTERY,C0,47,500,5.3117168849978995,0.0106234337699958,0.48266666666666663,0.584,1.8973333333333333,0.5766666666666667,0.030666666666666665
E2_MASTERY,C1,47,25,0.29179020711607456,0.011671608284642983,0.5066666666666668,0.5333333333333333,2.013333333333333,0.6933333333333334,0.13333333333333333
E2_MASTERY,C1,47,50,0.5513973889767718,0.011027947779535436,0.52,0.5266666666666666,1.9933333333333334,0.64,0.06666666666666667
E2_MASTERY,C1,47,100,1.12938039180717,0.0112938039180717,0.5033333333333335,0.55,1.9466666666666668,0.6033333333333334,0.03333333333333333
E2_MASTERY,C1,47,250,2.691400106972064,0.010765600427888256,0.48533333333333323,0.5773333333333334,1.8946666666666667,0.5853333333333334,0.013333333333333334
E2_MASTERY,C1,47,500,5.377421867775102,0.010754843735550202,0.48266666666666663,0.5766666666666667,1.8973333333333333,0.5766666666666667,0.006666666666666667
E2_MASTERY,C2,47,25,0.3077594290965715,0.01231037716386286,0.5066666666666668,0.4666666666666667,2.013333333333333,0.6933333333333334,0.013333333333333334
E2_MASTERY,C2,47,50,0.5673666109572686,0.011347332219145372,0.52,0.49333333333333335,1.9933333333333334,0.64,0.006666666666666667
E2_MASTERY,C2,47,100,1.1453496137876669,0.011453496137876669,0.5033333333333335,0.5333333333333333,1.9466666666666668,0.6033333333333334,0.0033333333333333335
E2_MASTERY,C2,47,250,2.70736932895256,0.010829477315810241,0.48533333333333323,0.5706666666666667,1.8946666666666667,0.5853333333333334,0.0013333333333333333
E2_MASTERY,C2,47,500,5.393391089755598,0.010786782179511196,0.48266666666666663,0.5733333333333334,1.8973333333333333,0.5766666666666667,0.0006666666666666666
E2_MASTERY,C3,47,25,0.28597961992204163,0.011439184796881665,0.5066666666666668,0.52,2.013333333333333,0.6933333333333334,0.12
E2_MASTERY,C3,47,50,0.5060152169818819,0.010120304339637638,0.52,0.54,1.9933333333333334,0.64,0.11333333333333333
E2_MASTERY,C3,47,100,1.0713313561036535,0.010713313561036535,0.5033333333333335,0.56,1.9466666666666668,0.6033333333333334,0.06333333333333334
E2_MASTERY,C3,47,250,2.6286424655538907,0.010514569862215562,0.48533333333333323,0.5826666666666667,1.8946666666666667,0.5853333333333334,0.037333333333333336
E2_MASTERY,C3,47,500,5.197841839639514,0.010395683679279028,0.48333333333333334,0.5886666666666667,1.8973333333333333,0.5766666666666667,0.042666666666666665
E2_MASTERY,C4,47,25,0.31975859285054326,0.01279034371402173,0.5066666666666668,0.48,2.013333333333333,0.6933333333333334,0.09333333333333334
E2_MASTERY,C4,47,50,0.5691049133732844,0.011382098267465689,0.52,0.5066666666666667,1.9933333333333334,0.64,0.05333333333333334
E2_MASTERY,C4,47,100,1.1760150227011072,0.011760150227011072,0.5033333333333335,0.5366666666666666,1.9466666666666668,0.6033333333333334,0.03333333333333333
E2_MASTERY,C4,47,250,2.998362968074087,0.011993451872296347,0.48533333333333323,0.5506666666666666,1.8946666666666667,0.5853333333333334,0.05333333333333334
E2_MASTERY,C4,47,500,5.973081349100548,0.011946162698201096,0.48266666666666663,0.5593333333333333,1.8973333333333333,0.5766666666666667,0.056666666666666664
E2_MASTERY,C0,48,25,0.28425732797360964,0.011370293118944386,0.6,0.5733333333333334,2.066666666666667,0.6266666666666667,0.02666666666666667
E2_MASTERY,C0,48,50,0.6061742745675768,0.012123485491351536,0.56,0.54,1.96,0.5733333333333334,0.013333333333333334
E2_MASTERY,C0,48,100,1.0642892811419333,0.010642892811419334,0.4966666666666667,0.5766666666666667,1.91,0.58,0.006666666666666667
E2_MASTERY,C0,48,250,2.5522296847603925,0.01020891873904157,0.5040000000000002,0.604,1.9026666666666667,0.5893333333333334,0.004
E2_MASTERY,C0,48,500,5.122702322847883,0.010245404645695766,0.5066666666666667,0.604,1.9126666666666667,0.59,0.004666666666666667
E2_MASTERY,C1,48,25,0.28425732797360964,0.011370293118944386,0.6,0.5733333333333334,2.066666666666667,0.6266666666666667,0.02666666666666667
E2_MASTERY,C1,48,50,0.6061742745675768,0.012123485491351536,0.56,0.54,1.96,0.5733333333333334,0.013333333333333334
E2_MASTERY,C1,48,100,1.0642892811419333,0.010642892811419334,0.4966666666666667,0.5766666666666667,1.91,0.58,0.006666666666666667
E2_MASTERY,C1,48,250,2.5587172768510897,0.010234869107404359,0.5040000000000002,0.6026666666666667,1.9026666666666667,0.5893333333333334,0.0026666666666666666
E2_MASTERY,C1,48,500,5.1282717162604134,0.010256543432520826,0.5066666666666667,0.6026666666666667,1.9126666666666667,0.59,0.0013333333333333333
E2_MASTERY,C2,48,25,0.2764352054426721,0.011057408217706883,0.6,0.56,2.066666666666667,0.6266666666666667,0.013333333333333334
E2_MASTERY,C2,48,50,0.5983521520366392,0.011967043040732784,0.56,0.5333333333333333,1.96,0.5733333333333334,0.006666666666666667
E2_MASTERY,C2,48,100,1.056467158610996,0.010564671586109959,0.4966666666666667,0.5733333333333334,1.91,0.58,0.0033333333333333335
E2_MASTERY,C2,48,250,2.5508951543201523,0.010203580617280609,0.5040000000000002,0.6013333333333334,1.9026666666666667,0.5893333333333334,0.0013333333333333333
E2_MASTERY,C2,48,500,5.120449593729476,0.010240899187458952,0.5066666666666667,0.602,1.9126666666666667,0.59,0.0006666666666666666
E2_MASTERY,C3,48,25,0.28665397163450895,0.011466158865380358,0.6,0.56,2.066666666666667,0.6266666666666667,0.013333333333333334
E2_MASTERY,C3,48,50,0.6121158668785195,0.012242317337570389,0.56,0.5466666666666666,1.96,0.5733333333333334,0.04
E2_MASTERY,C3,48,100,1.0990571482989797,0.010990571482989797,0.4933333333333334,0.5766666666666667,1.91,0.58,0.03666666666666667
E2_MASTERY,C3,48,250,2.6699899913490444,0.010679959965396177,0.5040000000000002,0.6,1.9026666666666667,0.5893333333333334,0.024
E2_MASTERY,C3,48,500,5.3106647842789005,0.0106213295685578,0.5066666666666668,0.5993333333333334,1.9126666666666667,0.59,0.021333333333333333
E2_MASTERY,C4,48,25,0.3543781116570927,0.014175124466283709,0.5866666666666667,0.5333333333333333,2.066666666666667,0.6266666666666667,0.08
E2_MASTERY,C4,48,50,0.6668894181039088,0.013337788362078176,0.5533333333333335,0.52,1.96,0.5733333333333334,0.04666666666666667
E2_MASTERY,C4,48,100,1.1918105864669823,0.011918105864669824,0.49333333333333335,0.5566666666666666,1.91,0.58,0.04
E2_MASTERY,C4,48,250,2.8603697157372627,0.01144147886294905,0.5053333333333335,0.5853333333333334,1.9026666666666667,0.5893333333333334,0.050666666666666665
E2_MASTERY,C4,48,500,5.6094007641360495,0.011218801528272098,0.5073333333333335,0.5926666666666667,1.9126666666666667,0.59,0.06133333333333333
E2_MASTERY,C0,49,25,0.33895928075009113,0.013558371230003646,0.5199999999999999,0.5733333333333334,1.8933333333333333,0.6266666666666667,0.05333333333333334
E2_MASTERY,C0,49,50,0.8325050485647152,0.016650100971294303,0.48666666666666664,0.56,1.8933333333333333,0.6,0.03333333333333333
E2_MASTERY,C0,49,100,1.7333665359553048,0.01733366535955305,0.45666666666666655,0.56,1.88,0.5733333333333334,0.016666666666666666
E2_MASTERY,C0,49,250,4.262606265465767,0.017050425061863068,0.4733333333333329,0.5573333333333333,1.9013333333333333,0.5853333333333334,0.006666666666666667
E2_MASTERY,C0,49,500,8.490121211539536,0.01698024242307907,0.4733333333333333,0.5486666666666666,1.9106666666666667,0.5886666666666667,0.0033333333333333335
E2_MASTERY,C1,49,25,0.4176200722009918,0.01670480288803967,0.5199999999999999,0.52,1.8933333333333333,0.6266666666666667,0.0
E2_MASTERY,C1,49,50,0.9296207688689432,0.018592415377378865,0.48666666666666664,0.5266666666666666,1.8933333333333333,0.6,0.0
E2_MASTERY,C1,49,100,1.830482256259533,0.01830482256259533,0.45666666666666655,0.5433333333333333,1.88,0.5733333333333334,0.0
E2_MASTERY,C1,49,250,4.359721985769995,0.01743888794307998,0.4733333333333329,0.5506666666666666,1.9013333333333333,0.5853333333333334,0.0
E2_MASTERY,C1,49,500,8.587236931843764,0.017174473863687527,0.4733333333333333,0.5453333333333333,1.9106666666666667,0.5886666666666667,0.0
E2_MASTERY,C2,49,25,0.4193645636529724,0.016774582546118896,0.5199999999999999,0.5066666666666667,1.8933333333333333,0.6266666666666667,0.013333333333333334
E2_MASTERY,C2,49,50,0.9313652603209238,0.018627305206418476,0.48666666666666664,0.52,1.8933333333333333,0.6,0.006666666666666667
E2_MASTERY,C2,49,100,1.8322267477115135,0.018322267477115135,0.45666666666666655,0.54,1.88,0.5733333333333334,0.0033333333333333335
E2_MASTERY,C2,49,250,4.361466477221975,0.0174458659088879,0.4733333333333329,0.5493333333333333,1.9013333333333333,0.5853333333333334,0.0013333333333333333
E2_MASTERY,C2,49,500,8.588981423295744,0.017177962846591486,0.4733333333333333,0.5446666666666666,1.9106666666666667,0.5886666666666667,0.0006666666666666666
E2_MASTERY,C3,49,25,0.32487583276445237,0.012995033310578094,0.5199999999999999,0.5733333333333334,1.8933333333333333,0.6266666666666667,0.06666666666666667
E2_MASTERY,C3,49,50,0.8368765294324038,0.016737530588648075,0.48666666666666664,0.5533333333333333,1.8933333333333333,0.6,0.03333333333333333
E2_MASTERY,C3,49,100,1.7223799880605402,0.017223799880605403,0.45666666666666655,0.56,1.88,0.5733333333333334,0.02
E2_MASTERY,C3,49,250,4.032036650633137,0.016128146602532548,0.4733333333333329,0.5706666666666667,1.9013333333333333,0.5853333333333334,0.025333333333333333
E2_MASTERY,C3,49,500,7.630851629270869,0.015261703258541738,0.47399999999999987,0.5746666666666667,1.9106666666666667,0.5886666666666667,0.043333333333333335
E2_MASTERY,C4,49,25,0.37112363273080834,0.014844945309232334,0.5199999999999999,0.5466666666666666,1.8933333333333333,0.6266666666666667,0.08
E2_MASTERY,C4,49,50,0.8842962929604291,0.01768592585920858,0.48666666666666664,0.5333333333333333,1.8933333333333333,0.6,0.06
E2_MASTERY,C4,49,100,1.790721029049113,0.017907210290491127,0.45666666666666655,0.55,1.88,0.5733333333333334,0.06
E2_MASTERY,C4,49,250,4.368686284694392,0.01747474513877757,0.4733333333333329,0.5466666666666666,1.9013333333333333,0.5853333333333334,0.06933333333333333
E2_MASTERY,C4,49,500,8.571679166008732,0.017143358332017463,0.47266666666666657,0.5433333333333333,1.9106666666666667,0.5886666666666667,0.072
E3_QUALITY,C0,0,25,0.25800149001239586,0.010320059600495835,0.41333333333333344,0.64,1.8533333333333333,0.56,0.02666666666666667
E3_QUALITY,C0,0,50,0.4744992010796915,0.00948998402159383,0.49333333333333335,0.6733333333333333,1.8266666666666667,0.5533333333333333,0.013333333333333334
E3_QUALITY,C0,0,100,0.9889514779311872,0.009889514779311872,0.5533333333333332,0.6633333333333333,1.8733333333333333,0.5766666666666667,0.006666666666666667
E3_QUALITY,C0,0,250,2.370348391687496,0.009481393566749985,0.5413333333333336,0.6666666666666666,1.8973333333333333,0.5893333333333334,0.0026666666666666666
E3_QUALITY,C0,0,500,5.3087791379722375,0.010617558275944475,0.5133333333333338,0.6453333333333333,1.9473333333333334,0.6073333333333333,0.0013333333333333333
E3_QUALITY,C1,0,25,0.25254525690874235,0.010101810276349694,0.4266666666666668,0.6533333333333333,1.8533333333333333,0.56,0.02666666666666667
E3_QUALITY,C1,0,50,0.469042967976038,0.00938085935952076,0.5000000000000001,0.68,1.8266666666666667,0.5533333333333333,0.013333333333333334
E3_QUALITY,C1,0,100,0.9834952448275338,0.009834952448275338,0.5566666666666665,0.6666666666666666,1.8733333333333333,0.5766666666666667,0.006666666666666667
E3_QUALITY,C1,0,250,2.3648921585838427,0.00945956863433537,0.5426666666666669,0.668,1.8973333333333333,0.5893333333333334,0.0026666666666666666
E3_QUALITY,C1,0,500,5.303322904868583,0.010606645809737166,0.5140000000000003,0.646,1.9473333333333334,0.6073333333333333,0.0013333333333333333
E3_QUALITY,C2,0,25,0.28970987748777965,0.011588395099511185,0.41333333333333344,0.6,1.8533333333333333,0.56,0.14666666666666667
E3_QUALITY,C2,0,50,0.5598874202502363,0.011197748405004726,0.49333333333333335,0.6266666666666667,1.8266666666666667,0.5533333333333333,0.1
E3_QUALITY,C2,0,100,1.1093165018841664,0.011093165018841665,0.5533333333333332,0.6266666666666667,1.8733333333333333,0.5766666666666667,0.07666666666666666
E3_QUALITY,C2,0,250,2.6803683160898983,0.010721473264359594,0.5426666666666669,0.636,1.8973333333333333,0.5893333333333334,0.05733333333333333
E3_QUALITY,C2,0,500,5.809983533908952,0.011619967067817902,0.5140000000000003,0.624,1.9473333333333334,0.6073333333333333,0.043333333333333335
E3_QUALITY,C3,0,25,0.23442106415220498,0.009376842566088199,0.41333333333333344,0.68,1.8533333333333333,0.56,0.04
E3_QUALITY,C3,0,50,0.45091877521950063,0.009018375504390013,0.49333333333333335,0.6933333333333334,1.8266666666666667,0.5533333333333333,0.02
E3_QUALITY,C3,0,100,0.9653710520709964,0.009653710520709964,0.5533333333333332,0.6733333333333333,1.8733333333333333,0.5766666666666667,0.01
E3_QUALITY,C3,0,250,2.3213698437337382,0.009285479374934952,0.542666666666667,0.6733333333333333,1.8973333333333333,0.5893333333333334,0.024
E3_QUALITY,C3,0,500,5.192743703994499,0.010385487407988999,0.5140000000000005,0.6466666666666666,1.9473333333333334,0.6073333333333333,0.038
E3_QUALITY,C4,0,25,0.2273221925366109,0.009092887701464436,0.41333333333333344,0.68,1.8533333333333333,0.56,0.06666666666666667
E3_QUALITY,C4,0,50,0.44381990360390655,0.00887639807207813,0.49333333333333335,0.6933333333333334,1.8266666666666667,0.5533333333333333,0.03333333333333333
E3_QUALITY,C4,0,100,0.9582721804554024,0.009582721804554025,0.5533333333333332,0.6733333333333333,1.8733333333333333,0.5766666666666667,0.016666666666666666
E3_QUALITY,C4,0,250,2.3358285007556483,0.009343314003022593,0.5413333333333336,0.672,1.8973333333333333,0.5893333333333334,0.008
E3_QUALITY,C4,0,500,5.23864896225197,0.01047729792450394,0.5133333333333338,0.6493333333333333,1.9473333333333334,0.6073333333333333,0.005333333333333333
E3_QUALITY,C0,1,25,0.23619794380276304,0.009447917752110522,0.5466666666666666,0.7066666666666667,1.8933333333333333,0.6,0.05333333333333334
E3_QUALITY,C0,1,50,0.58280771445047,0.0116561542890094,0.5466666666666666,0.6466666666666666,1.9733333333333334,0.64,0.02666666666666667
E3_QUALITY,C0,1,100,1.1947595986468427,0.011947595986468426,0.5199999999999998,0.65,1.9433333333333334,0.6266666666666667,0.013333333333333334
E3_QUALITY,C0,1,250,2.8648384060723715,0.011459353624289487,0.5173333333333334,0.648,1.9146666666666667,0.6,0.005333333333333333
E3_QUALITY,C0,1,500,5.705633356458961,0.01141126671291792,0.5053333333333332,0.6446666666666667,1.94,0.612,0.0026666666666666666
E3_QUALITY,C1,1,25,0.24906024365262724,0.00996240974610509,0.5466666666666666,0.6933333333333334,1.8933333333333333,0.6,0.02666666666666667
E3_QUALITY,C1,1,50,0.5956700143003342,0.011913400286006683,0.5466666666666666,0.64,1.9733333333333334,0.64,0.013333333333333334
E3_QUALITY,C1,1,100,1.2076218984967069,0.01207621898496707,0.5199999999999998,0.6466666666666666,1.9433333333333334,0.6266666666666667,0.006666666666666667
E3_QUALITY,C1,1,250,2.8777007059222357,0.011510802823688942,0.5173333333333334,0.6466666666666666,1.9146666666666667,0.6,0.0026666666666666666
E3_QUALITY,C1,1,500,5.718495656308825,0.01143699131261765,0.5053333333333332,0.644,1.94,0.612,0.0013333333333333333
E3_QUALITY,C2,1,25,0.22517876069836418,0.009007150427934566,0.5466666666666666,0.7066666666666667,1.8933333333333333,0.6,0.02666666666666667
E3_QUALITY,C2,1,50,0.5717885313460711,0.011435770626921422,0.5466666666666666,0.6466666666666666,1.9733333333333334,0.64,0.013333333333333334
E3_QUALITY,C2,1,100,1.1837404155424438,0.011837404155424438,0.5199999999999998,0.65,1.9433333333333334,0.6266666666666667,0.006666666666666667
E3_QUALITY,C2,1,250,2.853819222967973,0.011415276891871893,0.5173333333333334,0.648,1.9146666666666667,0.6,0.0026666666666666666
E3_QUALITY,C2,1,500,5.694614173354562,0.011389228346709124,0.5053333333333332,0.6446666666666667,1.94,0.612,0.0013333333333333333
E3_QUALITY,C3,1,25,0.2649634887162364,0.010598539548649455,0.5466666666666666,0.68,1.8933333333333333,0.6,0.0
E3_QUALITY,C3,1,50,0.6115732593639431,0.012231465187278863,0.5466666666666666,0.6333333333333333,1.9733333333333334,0.64,0.0
E3_QUALITY,C3,1,100,1.2235251435603156,0.012235251435603157,0.5199999999999998,0.6433333333333333,1.9433333333333334,0.6266666666666667,0.0
E3_QUALITY,C3,1,250,2.893603950985845,0.01157441580394338,0.5173333333333334,0.6453333333333333,1.9146666666666667,0.6,0.0
E3_QUALITY,C3,1,500,5.963920528985901,0.011927841057971802,0.5046666666666666,0.6333333333333333,1.94,0.612,0.015333333333333332
E3_QUALITY,C4,1,25,0.2627073393992225,0.0105082935759689,0.5466666666666666,0.6933333333333334,1.8933333333333333,0.6,0.09333333333333334
E3_QUALITY,C4,1,50,0.5690135932717733,0.011380271865435465,0.5466666666666666,0.6466666666666666,1.9733333333333334,0.64,0.11333333333333333
E3_QUALITY,C4,1,100,1.1102981339636098,0.011102981339636098,0.5199999999999998,0.6666666666666666,1.9433333333333334,0.6266666666666667,0.10666666666666667
E3_QUALITY,C4,1,250,2.54678036932459,0.010187121477298361,0.52,0.6773333333333333,1.9146666666666667,0.6,0.09066666666666667
E3_QUALITY,C4,1,500,5.010131964211164,0.010020263928422327,0.5073333333333333,0.6713333333333333,1.94,0.612,0.09733333333333333
E3_QUALITY,C0,2,25,0.3278719795830131,0.013114879183320525,0.5066666666666667,0.6266666666666667,1.84,0.56,0.02666666666666667
E3_QUALITY,C0,2,50,0.6237041265123657,0.012474082530247314,0.5133333333333334,0.64,1.8133333333333332,0.56,0.013333333333333334
E3_QUALITY,C0,2,100,1.1881158411532118,0.011881158411532118,0.5199999999999999,0.6233333333333333,1.8,0.55,0.006666666666666667
E3_QUALITY,C0,2,250,3.4853462316313024,0.01394138492652521,0.5293333333333331,0.5853333333333334,1.9053333333333333,0.5893333333333334,0.0026666666666666666
E3_QUALITY,C0,2,500,6.893989830871603,0.013787979661743206,0.5080000000000002,0.5746666666666667,1.9233333333333333,0.594,0.002
E3_QUALITY,C1,2,25,0.330526229429916,0.01322104917719664,0.5066666666666667,0.6133333333333333,1.84,0.56,0.02666666666666667
E3_QUALITY,C1,2,50,0.6263583763592686,0.012527167527185372,0.5133333333333334,0.6333333333333333,1.8133333333333332,0.56,0.013333333333333334
E3_QUALITY,C1,2,100,1.1907700910001147,0.011907700910001146,0.5199999999999999,0.62,1.8,0.55,0.006666666666666667
E3_QUALITY,C1,2,250,3.4880004814782053,0.01395200192591282,0.5293333333333331,0.584,1.9053333333333333,0.5893333333333334,0.0026666666666666666
E3_QUALITY,C1,2,500,6.903537214561147,0.013807074429122294,0.5080000000000002,0.574,1.9233333333333333,0.594,0.0013333333333333333
E3_QUALITY,C2,2,25,0.3408079870565445,0.013632319482261781,0.5066666666666667,0.6133333333333333,1.84,0.56,0.013333333333333334
E3_QUALITY,C2,2,50,0.6366401339858971,0.012732802679717943,0.5133333333333334,0.6333333333333333,1.8133333333333332,0.56,0.006666666666666667
E3_QUALITY,C2,2,100,1.2010518486267432,0.012010518486267432,0.5199999999999999,0.62,1.8,0.55,0.0033333333333333335
E3_QUALITY,C2,2,250,3.4982822391048334,0.013993128956419333,0.5293333333333331,0.584,1.9053333333333333,0.5893333333333334,0.0013333333333333333
E3_QUALITY,C2,2,500,6.913818972187776,0.013827637944375552,0.5080000000000002,0.574,1.9233333333333333,0.594,0.0006666666666666666
E3_QUALITY,C3,2,25,0.3425093021805967,0.01370037208722387,0.5066666666666667,0.6,1.84,0.56,0.05333333333333334
E3_QUALITY,C3,2,50,0.6383414491099493,0.012766828982198986,0.5133333333333334,0.6266666666666667,1.8133333333333332,0.56,0.02666666666666667
E3_QUALITY,C3,2,100,1.2147865598858956,0.012147865598858956,0.5199999999999999,0.6133333333333333,1.8,0.55,0.016666666666666666
E3_QUALITY,C3,2,250,3.5120169503639858,0.014048067801455942,0.5293333333333331,0.5813333333333334,1.9053333333333333,0.5893333333333334,0.006666666666666667
E3_QUALITY,C3,2,500,6.8928675898091205,0.01378573517961824,0.5093333333333335,0.5726666666666667,1.9233333333333333,0.594,0.018666666666666668
E3_QUALITY,C4,2,25,0.33012063721170964,0.013204825488468385,0.5066666666666667,0.6266666666666667,1.84,0.56,0.02666666666666667
E3_QUALITY,C4,2,50,0.5519223035042558,0.011038446070085115,0.5133333333333334,0.66,1.8133333333333332,0.56,0.03333333333333333
E3_QUALITY,C4,2,100,1.1120367664923836,0.011120367664923836,0.5199999999999999,0.6366666666666667,1.8,0.55,0.02
E3_QUALITY,C4,2,250,3.3507224238521314,0.013402889695408525,0.5293333333333331,0.5933333333333334,1.9053333333333333,0.5893333333333334,0.02
E3_QUALITY,C4,2,500,6.5659542293144,0.0131319084586288,0.5080000000000002,0.586,1.9233333333333333,0.594,0.048
E3_QUALITY,C0,3,25,0.18812480394981745,0.007524992157992698,0.48,0.5866666666666667,2.013333333333333,0.5866666666666667,0.0
E3_QUALITY,C0,3,50,0.41036570202399203,0.00820731404047984,0.5400000000000001,0.58,2.02,0.62,0.0
E3_QUALITY,C0,3,100,0.7032229183283487,0.007032229183283487,0.5266666666666668,0.6333333333333333,1.8866666666666667,0.5633333333333334,0.0
E3_QUALITY,C0,3,250,2.141349689009966,0.008565398756039865,0.5226666666666668,0.6146666666666667,1.9306666666666668,0.5973333333333334,0.0
E3_QUALITY,C0,3,500,4.569630371433952,0.009139260742867904,0.5213333333333332,0.6026666666666667,1.956,0.6013333333333334,0.0
E3_QUALITY,C1,3,25,0.18812480394981745,0.007524992157992698,0.48,0.5866666666666667,2.013333333333333,0.5866666666666667,0.0
E3_QUALITY,C1,3,50,0.41036570202399203,0.00820731404047984,0.5400000000000001,0.58,2.02,0.62,0.0
E3_QUALITY,C1,3,100,0.7032229183283487,0.007032229183283487,0.5266666666666668,0.6333333333333333,1.8866666666666667,0.5633333333333334,0.0
E3_QUALITY,C1,3,250,2.141349689009966,0.008565398756039865,0.5226666666666668,0.6146666666666667,1.9306666666666668,0.5973333333333334,0.0
E3_QUALITY,C1,3,500,4.569630371433952,0.009139260742867904,0.5213333333333332,0.6026666666666667,1.956,0.6013333333333334,0.0
E3_QUALITY,C2,3,25,0.18812480394981745,0.007524992157992698,0.48,0.5866666666666667,2.013333333333333,0.5866666666666667,0.0
E3_QUALITY,C2,3,50,0.41036570202399203,0.00820731404047984,0.5400000000000001,0.58,2.02,0.62,0.0
E3_QUALITY,C2,3,100,0.7032229183283487,0.007032229183283487,0.5266666666666668,0.6333333333333333,1.8866666666666667,0.5633333333333334,0.0
E3_QUALITY,C2,3,250,2.141349689009966,0.008565398756039865,0.5226666666666668,0.6146666666666667,1.9306666666666668,0.5973333333333334,0.0
E3_QUALITY,C2,3,500,4.569630371433952,0.009139260742867904,0.5213333333333332,0.6026666666666667,1.956,0.6013333333333334,0.0
E3_QUALITY,C3,3,25,0.18812480394981745,0.007524992157992698,0.48,0.5866666666666667,2.013333333333333,0.5866666666666667,0.0
E3_QUALITY,C3,3,50,0.41036570202399203,0.00820731404047984,0.5400000000000001,0.58,2.02,0.62,0.0
E3_QUALITY,C3,3,100,0.7032229183283487,0.007032229183283487,0.5266666666666668,0.6333333333333333,1.8866666666666667,0.5633333333333334,0.0
E3_QUALITY,C3,3,250,2.141349689009966,0.008565398756039865,0.5226666666666668,0.6146666666666667,1.9306666666666668,0.5973333333333334,0.0
E3_QUALITY,C3,3,500,4.140443358550825,0.00828088671710165,0.5219999999999999,0.622,1.956,0.6013333333333334,0.027333333333333334
E3_QUALITY,C4,3,25,0.1904778711424353,0.007619114845697412,0.48,0.5866666666666667,2.013333333333333,0.5866666666666667,0.02666666666666667
E3_QUALITY,C4,3,50,0.4127187692166099,0.008254375384332198,0.5400000000000001,0.58,2.02,0.62,0.013333333333333334
E3_QUALITY,C4,3,100,0.7055759855209667,0.007055759855209667,0.5266666666666668,0.6333333333333333,1.8866666666666667,0.5633333333333334,0.006666666666666667
E3_QUALITY,C4,3,250,2.143702756202584,0.008574811024810336,0.5226666666666668,0.6146666666666667,1.9306666666666668,0.5973333333333334,0.0026666666666666666
E3_QUALITY,C4,3,500,4.571983438626571,0.009143966877253142,0.5213333333333332,0.6026666666666667,1.956,0.6013333333333334,0.0013333333333333333
E3_QUALITY,C0,4,25,0.45920270579689976,0.01836810823187599,0.48,0.5066666666666667,1.96,0.5866666666666667,0.29333333333333333
E3_QUALITY,C0,4,50,0.904119423665749,0.018082388473314982,0.49999999999999994,0.5066666666666667,1.88,0.5666666666666667,0.24
E3_QUALITY,C0,4,100,1.9341800271564544,0.019341800271564544,0.5399999999999998,0.4766666666666667,1.9566666666666668,0.59,0.15
E3_QUALITY,C0,4,250,4.529396572008059,0.018117586288032235,0.5039999999999998,0.49733333333333335,1.9373333333333334,0.5746666666666667,0.07866666666666666
E3_QUALITY,C0,4,500,9.128471251529447,0.018256942503058895,0.4859999999999998,0.4766666666666667,1.9553333333333334,0.5926666666666667,0.05533333333333333
E3_QUALITY,C1,4,25,0.3881771656528565,0.01552708662611426,0.48,0.5066666666666667,1.96,0.5866666666666667,0.0
E3_QUALITY,C1,4,50,0.793317692012216,0.015866353840244322,0.5066666666666666,0.52,1.88,0.5666666666666667,0.0
E3_QUALITY,C1,4,100,1.823843438734987,0.018238434387349872,0.5433333333333332,0.48,1.9566666666666668,0.59,0.0
E3_QUALITY,C1,4,250,4.356805329779805,0.01742722131911922,0.5053333333333332,0.5013333333333333,1.9373333333333334,0.5746666666666667,0.0
E3_QUALITY,C1,4,500,8.821952214232514,0.01764390442846503,0.4879999999999998,0.48333333333333334,1.9553333333333334,0.5926666666666667,0.0
E3_QUALITY,C2,4,25,0.35969082958460147,0.014387633183384058,0.48,0.52,1.96,0.5866666666666667,0.06666666666666667
E3_QUALITY,C2,4,50,0.764831355943961,0.01529662711887922,0.5066666666666666,0.5266666666666666,1.88,0.5666666666666667,0.03333333333333333
E3_QUALITY,C2,4,100,1.795357102666732,0.017953571026667323,0.5433333333333332,0.48333333333333334,1.9566666666666668,0.59,0.016666666666666666
E3_QUALITY,C2,4,250,4.32831899371155,0.0173132759748462,0.5053333333333332,0.5026666666666667,1.9373333333333334,0.5746666666666667,0.006666666666666667
E3_QUALITY,C2,4,500,8.793465878164259,0.017586931756328517,0.4879999999999998,0.484,1.9553333333333334,0.5926666666666667,0.0033333333333333335
E3_QUALITY,C3,4,25,0.39049089947357774,0.015619635978943109,0.48,0.52,1.96,0.5866666666666667,0.26666666666666666
E3_QUALITY,C3,4,50,0.8132413381822298,0.016264826763644595,0.49999999999999994,0.5133333333333333,1.88,0.5666666666666667,0.18666666666666668
E3_QUALITY,C3,4,100,1.8498403665633147,0.018498403665633146,0.5399999999999998,0.4766666666666667,1.9566666666666668,0.59,0.11666666666666667
E3_QUALITY,C3,4,250,4.411623756737734,0.017646495026950936,0.5039999999999998,0.5,1.9373333333333334,0.5746666666666667,0.08
E3_QUALITY,C3,4,500,9.105239310973158,0.018210478621946316,0.4873333333333331,0.48333333333333334,1.9553333333333334,0.5926666666666667,0.084
E3_QUALITY,C4,4,25,0.2920648689451022,0.011682594757804088,0.48,0.5733333333333334,1.96,0.5866666666666667,0.12
E3_QUALITY,C4,4,50,0.6686460809121466,0.013372921618242932,0.5066666666666666,0.5666666666666667,1.88,0.5666666666666667,0.07333333333333333
E3_QUALITY,C4,4,100,1.66107582421931,0.0166107582421931,0.5433333333333332,0.5133333333333333,1.9566666666666668,0.59,0.05333333333333334
E3_QUALITY,C4,4,250,4.082319632088492,0.016329278528353967,0.5053333333333332,0.5266666666666666,1.9373333333333334,0.5746666666666667,0.044
E3_QUALITY,C4,4,500,8.400963383265085,0.016801926766530167,0.4879999999999998,0.5033333333333333,1.9553333333333334,0.5926666666666667,0.03133333333333333
E3_QUALITY,C0,5,25,0.3189588847271702,0.012758355389086809,0.5866666666666667,0.5333333333333333,2.0533333333333332,0.6666666666666666,0.04
E3_QUALITY,C0,5,50,0.5431864507213663,0.010863729014427326,0.5000000000000001,0.6066666666666667,1.9333333333333333,0.6,0.02
E3_QUALITY,C0,5,100,0.9945543826143902,0.009945543826143903,0.4733333333333332,0.6433333333333333,1.8333333333333333,0.5366666666666666,0.01
E3_QUALITY,C0,5,250,2.8618857343425272,0.011447542937370108,0.47333333333333316,0.5893333333333334,1.8933333333333333,0.572,0.004
E3_QUALITY,C0,5,500,5.978843419733756,0.011957686839467511,0.4706666666666669,0.5693333333333334,1.9426666666666668,0.5953333333333334,0.002
E3_QUALITY,C1,5,25,0.3451248171085926,0.013804992684343704,0.5866666666666667,0.49333333333333335,2.0533333333333332,0.6666666666666666,0.05333333333333334
E3_QUALITY,C1,5,50,0.5693523831027886,0.011387047662055772,0.5000000000000001,0.5866666666666667,1.9333333333333333,0.6,0.02666666666666667
E3_QUALITY,C1,5,100,1.0207203149958128,0.010207203149958129,0.4733333333333332,0.6333333333333333,1.8333333333333333,0.5366666666666666,0.013333333333333334
E3_QUALITY,C1,5,250,2.8880516667239506,0.011552206666895803,0.47333333333333316,0.5853333333333334,1.8933333333333333,0.572,0.005333333333333333
E3_QUALITY,C1,5,500,6.00500935211518,0.01201001870423036,0.4706666666666669,0.5673333333333334,1.9426666666666668,0.5953333333333334,0.0026666666666666666
E3_QUALITY,C2,5,25,0.35061452723708314,0.014024581089483325,0.5866666666666667,0.49333333333333335,2.0533333333333332,0.6666666666666666,0.05333333333333334
E3_QUALITY,C2,5,50,0.5748420932312791,0.011496841864625582,0.5000000000000001,0.5866666666666667,1.9333333333333333,0.6,0.02666666666666667
E3_QUALITY,C2,5,100,1.0262100251243034,0.010262100251243033,0.4733333333333332,0.6333333333333333,1.8333333333333333,0.5366666666666666,0.013333333333333334
E3_QUALITY,C2,5,250,2.8935413768524407,0.011574165507409763,0.47333333333333316,0.5853333333333334,1.8933333333333333,0.572,0.005333333333333333
E3_QUALITY,C2,5,500,6.020137101239166,0.012040274202478331,0.4706666666666669,0.566,1.9426666666666668,0.5953333333333334,0.004666666666666667
E3_QUALITY,C3,5,25,0.3418401716732237,0.013673606866928948,0.5866666666666667,0.49333333333333335,2.0533333333333332,0.6666666666666666,0.0
E3_QUALITY,C3,5,50,0.5660677376674198,0.011321354753348396,0.5000000000000001,0.5866666666666667,1.9333333333333333,0.6,0.0
E3_QUALITY,C3,5,100,1.0174356695604438,0.010174356695604438,0.4733333333333332,0.6333333333333333,1.8333333333333333,0.5366666666666666,0.0
E3_QUALITY,C3,5,250,2.8847670212885816,0.011539068085154326,0.47333333333333316,0.5853333333333334,1.8933333333333333,0.572,0.0
E3_QUALITY,C3,5,500,5.9807687797435145,0.01196153755948703,0.4706666666666669,0.5686666666666667,1.9426666666666668,0.5953333333333334,0.0013333333333333333
E3_QUALITY,C4,5,25,0.3418401716732237,0.013673606866928948,0.5866666666666667,0.49333333333333335,2.0533333333333332,0.6666666666666666,0.0
E3_QUALITY,C4,5,50,0.5660677376674198,0.011321354753348396,0.5000000000000001,0.5866666666666667,1.9333333333333333,0.6,0.0
E3_QUALITY,C4,5,100,1.0174356695604438,0.010174356695604438,0.4733333333333332,0.6333333333333333,1.8333333333333333,0.5366666666666666,0.0
E3_QUALITY,C4,5,250,2.868676930180893,0.011474707720723572,0.47333333333333316,0.5866666666666667,1.8933333333333333,0.572,0.004
E3_QUALITY,C4,5,500,6.00969179372484,0.012019383587449679,0.4706666666666669,0.568,1.9426666666666668,0.5953333333333334,0.0033333333333333335
E3_QUALITY,C0,6,25,0.40366438941552657,0.016146575576621063,0.44000000000000017,0.44,1.92,0.6,0.013333333333333334
E3_QUALITY,C0,6,50,0.8710056781961913,0.017420113563923825,0.42666666666666686,0.46,1.9866666666666666,0.64,0.006666666666666667
E3_QUALITY,C0,6,100,1.5633054378763502,0.015633054378763504,0.46666666666666673,0.5066666666666667,1.9333333333333333,0.5933333333333334,0.0033333333333333335
E3_QUALITY,C0,6,250,3.998179955107108,0.015992719820428433,0.47999999999999976,0.492,1.96,0.6066666666666667,0.008
E3_QUALITY,C0,6,500,7.9748475044466325,0.015949695008893264,0.4766666666666669,0.48333333333333334,1.9713333333333334,0.614,0.006
E3_QUALITY,C1,6,25,0.4026226038566028,0.01610490415426411,0.44000000000000017,0.4533333333333333,1.92,0.6,0.013333333333333334
E3_QUALITY,C1,6,50,0.8699638926372676,0.01739927785274535,0.42666666666666686,0.4666666666666667,1.9866666666666666,0.64,0.006666666666666667
E3_QUALITY,C1,6,100,1.5622636523174263,0.015622636523174263,0.46666666666666673,0.51,1.9333333333333333,0.5933333333333334,0.0033333333333333335
E3_QUALITY,C1,6,250,4.011842656997444,0.016047370627989773,0.47999999999999976,0.488,1.96,0.6066666666666667,0.0013333333333333333
E3_QUALITY,C1,6,500,7.998801404351973,0.015997602808703944,0.4766666666666669,0.4806666666666667,1.9713333333333334,0.614,0.0006666666666666666
E3_QUALITY,C2,6,25,0.40366438941552657,0.016146575576621063,0.44000000000000017,0.44,1.92,0.6,0.013333333333333334
E3_QUALITY,C2,6,50,0.8710056781961913,0.017420113563923825,0.42666666666666686,0.46,1.9866666666666666,0.64,0.006666666666666667
E3_QUALITY,C2,6,100,1.5633054378763502,0.015633054378763504,0.46666666666666673,0.5066666666666667,1.9333333333333333,0.5933333333333334,0.0033333333333333335
E3_QUALITY,C2,6,250,4.012884442556367,0.016051537770225468,0.47999999999999976,0.4866666666666667,1.96,0.6066666666666667,0.0013333333333333333
E3_QUALITY,C2,6,500,7.999843189910896,0.01599968637982179,0.4766666666666669,0.48,1.9713333333333334,0.614,0.0006666666666666666
E3_QUALITY,C3,6,25,0.3670393346748878,0.014681573386995512,0.44000000000000017,0.48,1.92,0.6,0.06666666666666667
E3_QUALITY,C3,6,50,0.782773629780304,0.01565547259560608,0.42666666666666686,0.52,1.9866666666666666,0.64,0.08
E3_QUALITY,C3,6,100,1.4074907495797562,0.014074907495797562,0.46666666666666673,0.5466666666666666,1.9333333333333333,0.5933333333333334,0.07666666666666666
E3_QUALITY,C3,6,250,3.574591866164896,0.014298367464659584,0.47999999999999976,0.528,1.96,0.6066666666666667,0.07066666666666667
E3_QUALITY,C3,6,500,7.168581513862382,0.014337163027724763,0.47733333333333355,0.5166666666666667,1.9713333333333334,0.614,0.07133333333333333
E3_QUALITY,C4,6,25,0.408097562279975,0.016323902491199,0.44000000000000017,0.44,1.92,0.6,0.0
E3_QUALITY,C4,6,50,0.8754388510606398,0.017508777021212795,0.42666666666666686,0.46,1.9866666666666666,0.64,0.0
E3_QUALITY,C4,6,100,1.5677386107407985,0.015677386107407983,0.46666666666666673,0.5066666666666667,1.9333333333333333,0.5933333333333334,0.0
E3_QUALITY,C4,6,250,3.992779573906402,0.015971118295625607,0.47999999999999976,0.48933333333333334,1.96,0.6066666666666667,0.0026666666666666666
E3_QUALITY,C4,6,500,7.06114293557861,0.014122285871157221,0.4780000000000002,0.5133333333333333,1.9713333333333334,0.614,0.042
E3_QUALITY,C0,7,25,0.39713935413657037,0.015885574165462813,0.4266666666666667,0.5066666666666667,1.96,0.6666666666666666,0.04
E3_QUALITY,C0,7,50,0.672309846523312,0.013446196930466241,0.4866666666666666,0.54,1.8866666666666667,0.5933333333333334,0.02
E3_QUALITY,C0,7,100,1.7610702744980264,0.017610702744980264,0.5033333333333332,0.5,1.94,0.6166666666666667,0.01
E3_QUALITY,C0,7,250,4.599700771341084,0.018398803085364335,0.5000000000000001,0.5,1.9493333333333334,0.6093333333333333,0.004
E3_QUALITY,C0,7,500,9.430004302573874,0.01886000860514775,0.509333333333333,0.512,1.9526666666666668,0.6073333333333333,0.002
E3_QUALITY,C1,7,25,0.41668185208555125,0.01666727408342205,0.4266666666666667,0.48,1.96,0.6666666666666666,0.013333333333333334
E3_QUALITY,C1,7,50,0.6918523444722929,0.01383704688944586,0.4866666666666666,0.5266666666666666,1.8866666666666667,0.5933333333333334,0.006666666666666667
E3_QUALITY,C1,7,100,1.7806127724470076,0.017806127724470076,0.5033333333333332,0.49333333333333335,1.94,0.6166666666666667,0.0033333333333333335
E3_QUALITY,C1,7,250,4.619243269290065,0.018476973077160258,0.5000000000000001,0.49733333333333335,1.9493333333333334,0.6093333333333333,0.0013333333333333333
E3_QUALITY,C1,7,500,9.449546800522853,0.018899093601045705,0.509333333333333,0.5106666666666667,1.9526666666666668,0.6073333333333333,0.0006666666666666666
E3_QUALITY,C2,7,25,0.40458433449579084,0.016183373379831632,0.4266666666666667,0.49333333333333335,1.96,0.6666666666666666,0.02666666666666667
E3_QUALITY,C2,7,50,0.6797548268825325,0.01359509653765065,0.4866666666666666,0.5333333333333333,1.8866666666666667,0.5933333333333334,0.013333333333333334
E3_QUALITY,C2,7,100,1.768515254857247,0.017685152548572468,0.5033333333333332,0.49666666666666665,1.94,0.6166666666666667,0.006666666666666667
E3_QUALITY,C2,7,250,4.607145751700305,0.018428583006801218,0.5000000000000001,0.49866666666666665,1.9493333333333334,0.6093333333333333,0.0026666666666666666
E3_QUALITY,C2,7,500,9.437449282933095,0.01887489856586619,0.509333333333333,0.5113333333333333,1.9526666666666668,0.6073333333333333,0.0013333333333333333
E3_QUALITY,C3,7,25,0.3936662084013406,0.015746648336053624,0.4266666666666667,0.5333333333333333,1.96,0.6666666666666666,0.08
E3_QUALITY,C3,7,50,0.6712483308109242,0.013424966616218482,0.4866666666666666,0.5533333333333333,1.8866666666666667,0.5933333333333334,0.05333333333333334
E3_QUALITY,C3,7,100,1.7600087587856386,0.017600087587856385,0.5033333333333332,0.5066666666666667,1.94,0.6166666666666667,0.02666666666666667
E3_QUALITY,C3,7,250,4.318828233126004,0.017275312932504016,0.5026666666666668,0.5253333333333333,1.9493333333333334,0.6093333333333333,0.05333333333333334
E3_QUALITY,C3,7,500,8.47476673445256,0.01694953346890512,0.5106666666666663,0.5466666666666666,1.9526666666666668,0.6073333333333333,0.098
E3_QUALITY,C4,7,25,0.3586474973532681,0.014345899894130725,0.4266666666666667,0.5333333333333333,1.96,0.6666666666666666,0.13333333333333333
E3_QUALITY,C4,7,50,0.5887246366843406,0.011774492733686812,0.4866666666666666,0.5666666666666667,1.8866666666666667,0.5933333333333334,0.15333333333333332
E3_QUALITY,C4,7,100,1.4825171983420122,0.014825171983420123,0.5099999999999999,0.5666666666666667,1.94,0.6166666666666667,0.17
E3_QUALITY,C4,7,250,3.8903235472967053,0.01556129418918682,0.5053333333333335,0.5626666666666666,1.9493333333333334,0.6093333333333333,0.18
E3_QUALITY,C4,7,500,7.885692358732564,0.01577138471746513,0.513333333333333,0.5626666666666666,1.9526666666666668,0.6073333333333333,0.18466666666666667
E3_QUALITY,C0,8,25,0.4605747701361897,0.018422990805447587,0.5066666666666666,0.5333333333333333,1.96,0.6,0.13333333333333333
E3_QUALITY,C0,8,50,0.9413479081335605,0.01882695816267121,0.44666666666666666,0.5,2.08,0.66,0.06666666666666667
E3_QUALITY,C0,8,100,1.881328576701181,0.01881328576701181,0.5133333333333332,0.5033333333333333,2.026666666666667,0.6366666666666667,0.03333333333333333
E3_QUALITY,C0,8,250,4.714483145144286,0.018857932580577146,0.49333333333333335,0.532,1.9373333333333334,0.6,0.013333333333333334
E3_QUALITY,C0,8,500,9.06955491388194,0.01813910982776388,0.4846666666666669,0.534,1.9726666666666666,0.6166666666666667,0.006666666666666667
E3_QUALITY,C1,8,25,0.5133255600009861,0.020533022400039444,0.5066666666666666,0.48,1.96,0.6,0.08
E3_QUALITY,C1,8,50,0.9940986979983568,0.019881973959967138,0.44666666666666666,0.47333333333333333,2.08,0.66,0.04
E3_QUALITY,C1,8,100,1.9340793665659772,0.019340793665659772,0.5133333333333332,0.49,2.026666666666667,0.6366666666666667,0.02
E3_QUALITY,C1,8,250,4.767233935009082,0.019068935740036326,0.49333333333333335,0.5266666666666666,1.9373333333333334,0.6,0.008
E3_QUALITY,C1,8,500,9.122305703746738,0.018244611407493477,0.4846666666666669,0.5313333333333333,1.9726666666666666,0.6166666666666667,0.004
E3_QUALITY,C2,8,25,0.4489182893661843,0.01795673157464737,0.5066666666666666,0.5466666666666666,1.96,0.6,0.09333333333333334
E3_QUALITY,C2,8,50,0.929691427363555,0.0185938285472711,0.44666666666666666,0.5066666666666667,2.08,0.66,0.04666666666666667
E3_QUALITY,C2,8,100,1.8696720959311754,0.018696720959311755,0.5133333333333332,0.5066666666666667,2.026666666666667,0.6366666666666667,0.023333333333333334
E3_QUALITY,C2,8,250,4.702826664374281,0.018811306657497123,0.49333333333333335,0.5333333333333333,1.9373333333333334,0.6,0.009333333333333334
E3_QUALITY,C2,8,500,9.057898433111935,0.01811579686622387,0.4846666666666669,0.5346666666666666,1.9726666666666666,0.6166666666666667,0.004666666666666667
E3_QUALITY,C3,8,25,0.4470494550355338,0.01788197820142135,0.5066666666666666,0.5333333333333333,1.96,0.6,0.17333333333333334
E3_QUALITY,C3,8,50,0.9381585872475706,0.01876317174495141,0.44666666666666666,0.4866666666666667,2.08,0.66,0.12666666666666668
E3_QUALITY,C3,8,100,1.7644219970681387,0.01764421997068139,0.5166666666666666,0.5266666666666666,2.026666666666667,0.6366666666666667,0.14666666666666667
E3_QUALITY,C3,8,250,4.447315555845937,0.01778926222338375,0.49866666666666665,0.5426666666666666,1.9373333333333334,0.6,0.15333333333333332
E3_QUALITY,C3,8,500,8.792378740863514,0.01758475748172703,0.48933333333333356,0.5386666666666666,1.9726666666666666,0.6166666666666667,0.14466666666666667
E3_QUALITY,C4,8,25,0.4762909920613124,0.019051639682452496,0.5066666666666666,0.56,1.96,0.6,0.04
E3_QUALITY,C4,8,50,0.9570641300586833,0.019141282601173665,0.44666666666666666,0.5133333333333333,2.08,0.66,0.02
E3_QUALITY,C4,8,100,1.8970447986263035,0.018970447986263034,0.5133333333333332,0.51,2.026666666666667,0.6366666666666667,0.01
E3_QUALITY,C4,8,250,4.730799473644842,0.018923197894579368,0.49333333333333335,0.536,1.9373333333333334,0.6,0.006666666666666667
E3_QUALITY,C4,8,500,9.069117091124946,0.018138234182249892,0.4846666666666669,0.5366666666666666,1.9726666666666666,0.6166666666666667,0.020666666666666667
E3_QUALITY,C0,9,25,0.30907392353316065,0.012362956941326426,0.5066666666666666,0.6,1.9466666666666668,0.5866666666666667,0.0
E3_QUALITY,C0,9,50,0.6852978263476501,0.013705956526953002,0.45999999999999985,0.5533333333333333,1.9266666666666667,0.6,0.0
E3_QUALITY,C0,9,100,1.4698583728771732,0.014698583728771732,0.4999999999999998,0.5566666666666666,1.92,0.6166666666666667,0.0
E3_QUALITY,C0,9,250,3.4935682066976117,0.013974272826790446,0.5119999999999999,0.5706666666666667,1.8933333333333333,0.5773333333333334,0.0
E3_QUALITY,C0,9,500,7.144664938339728,0.014289329876679456,0.5059999999999998,0.562,1.8926666666666667,0.5726666666666667,0.0
E3_QUALITY,C1,9,25,0.3003246251125167,0.012012985004500668,0.5066666666666666,0.6133333333333333,1.9466666666666668,0.5866666666666667,0.013333333333333334
E3_QUALITY,C1,9,50,0.6765485279270063,0.013530970558540125,0.45999999999999985,0.56,1.9266666666666667,0.6,0.006666666666666667
E3_QUALITY,C1,9,100,1.4611090744565296,0.014611090744565297,0.4999999999999998,0.56,1.92,0.6166666666666667,0.0033333333333333335
E3_QUALITY,C1,9,250,3.484818908276968,0.013939275633107873,0.5119999999999999,0.572,1.8933333333333333,0.5773333333333334,0.0013333333333333333
E3_QUALITY,C1,9,500,7.1359156399190855,0.01427183127983817,0.5059999999999998,0.5626666666666666,1.8926666666666667,0.5726666666666667,0.0006666666666666666
E3_QUALITY,C2,9,25,0.3003246251125167,0.012012985004500668,0.5066666666666666,0.6133333333333333,1.9466666666666668,0.5866666666666667,0.013333333333333334
E3_QUALITY,C2,9,50,0.6765485279270063,0.013530970558540125,0.45999999999999985,0.56,1.9266666666666667,0.6,0.006666666666666667
E3_QUALITY,C2,9,100,1.4611090744565296,0.014611090744565297,0.4999999999999998,0.56,1.92,0.6166666666666667,0.0033333333333333335
E3_QUALITY,C2,9,250,3.484818908276968,0.013939275633107873,0.5119999999999999,0.572,1.8933333333333333,0.5773333333333334,0.0013333333333333333
E3_QUALITY,C2,9,500,7.1359156399190855,0.01427183127983817,0.5059999999999998,0.5626666666666666,1.8926666666666667,0.5726666666666667,0.0006666666666666666
E3_QUALITY,C3,9,25,0.30907392353316065,0.012362956941326426,0.5066666666666666,0.6,1.9466666666666668,0.5866666666666667,0.0
E3_QUALITY,C3,9,50,0.6830576901789015,0.01366115380357803,0.45999999999999985,0.56,1.9266666666666667,0.6,0.006666666666666667
E3_QUALITY,C3,9,100,1.4676182367084245,0.014676182367084244,0.4999999999999998,0.56,1.92,0.6166666666666667,0.0033333333333333335
E3_QUALITY,C3,9,250,3.491328070528863,0.013965312282115451,0.5119999999999999,0.572,1.8933333333333333,0.5773333333333334,0.0013333333333333333
E3_QUALITY,C3,9,500,7.14242480217098,0.01428484960434196,0.5059999999999998,0.5626666666666666,1.8926666666666667,0.5726666666666667,0.0006666666666666666
E3_QUALITY,C4,9,25,0.324904034428216,0.012996161377128642,0.5066666666666666,0.6,1.9466666666666668,0.5866666666666667,0.04
E3_QUALITY,C4,9,50,0.7011279372427055,0.01402255874485411,0.45999999999999985,0.5533333333333333,1.9266666666666667,0.6,0.02
E3_QUALITY,C4,9,100,1.5194818403835288,0.015194818403835289,0.4999999999999998,0.56,1.92,0.6166666666666667,0.05
E3_QUALITY,C4,9,250,3.6744118926953457,0.014697647570781383,0.5119999999999999,0.56,1.8933333333333333,0.5773333333333334,0.06133333333333333
E3_QUALITY,C4,9,500,7.011713119596457,0.014023426239192914,0.5066666666666665,0.5726666666666667,1.8926666666666667,0.5726666666666667,0.09
E3_QUALITY,C0,10,25,0.32016920215331296,0.01280676808613252,0.45333333333333337,0.5866666666666667,1.92,0.6,0.013333333333333334
E3_QUALITY,C0,10,50,0.6360298257913033,0.012720596515826067,0.48000000000000015,0.5333333333333333,2.026666666666667,0.6266666666666667,0.006666666666666667
E3_QUALITY,C0,10,100,1.2929578393299765,0.012929578393299765,0.48333333333333345,0.5333333333333333,1.9966666666666666,0.6366666666666667,0.0033333333333333335
E3_QUALITY,C0,10,250,2.865175009148368,0.011460700036593472,0.49333333333333323,0.576,1.9386666666666668,0.608,0.0013333333333333333
E3_QUALITY,C0,10,500,5.746500861732487,0.011493001723464975,0.4893333333333335,0.562,1.9326666666666668,0.606,0.0006666666666666666
E3_QUALITY,C1,10,25,0.32016920215331296,0.01280676808613252,0.45333333333333337,0.5866666666666667,1.92,0.6,0.013333333333333334
E3_QUALITY,C1,10,50,0.6360298257913033,0.012720596515826067,0.48000000000000015,0.5333333333333333,2.026666666666667,0.6266666666666667,0.006666666666666667
E3_QUALITY,C1,10,100,1.2929578393299765,0.012929578393299765,0.48333333333333345,0.5333333333333333,1.9966666666666666,0.6366666666666667,0.0033333333333333335
E3_QUALITY,C1,10,250,2.865175009148368,0.011460700036593472,0.49333333333333323,0.576,1.9386666666666668,0.608,0.0013333333333333333
E3_QUALITY,C1,10,500,5.746500861732487,0.011493001723464975,0.4893333333333335,0.562,1.9326666666666668,0.606,0.0006666666666666666
E3_QUALITY,C2,10,25,0.2940079202652158,0.011760316810608634,0.45333333333333337,0.6,1.92,0.6,0.04
E3_QUALITY,C2,10,50,0.6098685439032061,0.012197370878064122,0.48000000000000015,0.54,2.026666666666667,0.6266666666666667,0.02
E3_QUALITY,C2,10,100,1.2667965574418791,0.012667965574418792,0.48333333333333345,0.5366666666666666,1.9966666666666666,0.6366666666666667,0.01
E3_QUALITY,C2,10,250,2.8390137272602702,0.011356054909041081,0.49333333333333323,0.5773333333333334,1.9386666666666668,0.608,0.004
E3_QUALITY,C2,10,500,5.720339579844389,0.011440679159688777,0.4893333333333335,0.5626666666666666,1.9326666666666668,0.606,0.002
E3_QUALITY,C3,10,25,0.2887978708614305,0.01155191483445722,0.45333333333333337,0.6,1.92,0.6,0.04
E3_QUALITY,C3,10,50,0.6056493496040525,0.01211298699208105,0.48000000000000015,0.54,2.026666666666667,0.6266666666666667,0.03333333333333333
E3_QUALITY,C3,10,100,1.2772912855376046,0.012772912855376047,0.48333333333333345,0.5366666666666666,1.9966666666666666,0.6366666666666667,0.023333333333333334
E3_QUALITY,C3,10,250,2.950935345771857,0.011803741383087428,0.49333333333333323,0.5693333333333334,1.9386666666666668,0.608,0.04
E3_QUALITY,C3,10,500,5.905529345350666,0.011811058690701332,0.4893333333333335,0.5586666666666666,1.9326666666666668,0.606,0.04133333333333333
E3_QUALITY,C4,10,25,0.3088354667318121,0.012353418669272484,0.44,0.5733333333333334,1.92,0.6,0.18666666666666668
E3_QUALITY,C4,10,50,0.7169648966179525,0.01433929793235905,0.4666666666666668,0.5333333333333333,2.026666666666667,0.6266666666666667,0.2
E3_QUALITY,C4,10,100,1.4718871588289049,0.014718871588289049,0.47333333333333344,0.5133333333333333,1.9966666666666666,0.6366666666666667,0.15666666666666668
E3_QUALITY,C4,10,250,2.939664282009403,0.011758657128037612,0.492,0.584,1.9386666666666668,0.608,0.11066666666666666
E3_QUALITY,C4,10,500,5.512148700420943,0.011024297400841886,0.48933333333333356,0.588,1.9326666666666668,0.606,0.11133333333333334
E3_QUALITY,C0,11,25,0.3042507913150868,0.012170031652603473,0.48,0.52,2.013333333333333,0.6133333333333333,0.02666666666666667
E3_QUALITY,C0,11,50,0.6211911864424062,0.012423823728848125,0.47999999999999987,0.5533333333333333,1.9933333333333334,0.5866666666666667,0.013333333333333334
E3_QUALITY,C0,11,100,1.2953628237056873,0.012953628237056874,0.4666666666666666,0.58,2.006666666666667,0.6033333333333334,0.006666666666666667
E3_QUALITY,C0,11,250,3.235163847587969,0.012940655390351876,0.4746666666666667,0.5866666666666667,1.9773333333333334,0.604,0.0026666666666666666
E3_QUALITY,C0,11,500,6.843342383151126,0.013686684766302252,0.482,0.5746666666666667,1.9826666666666666,0.6106666666666667,0.0013333333333333333
E3_QUALITY,C1,11,25,0.303024404186996,0.01212097616747984,0.48,0.52,2.013333333333333,0.6133333333333333,0.013333333333333334
E3_QUALITY,C1,11,50,0.6199647993143154,0.012399295986286307,0.47999999999999987,0.5533333333333333,1.9933333333333334,0.5866666666666667,0.006666666666666667
E3_QUALITY,C1,11,100,1.2941364365775965,0.012941364365775965,0.4666666666666666,0.58,2.006666666666667,0.6033333333333334,0.0033333333333333335
E3_QUALITY,C1,11,250,3.2339374604598787,0.012935749841839515,0.4746666666666667,0.5866666666666667,1.9773333333333334,0.604,0.0013333333333333333
E3_QUALITY,C1,11,500,6.842115996023035,0.01368423199204607,0.482,0.5746666666666667,1.9826666666666666,0.6106666666666667,0.0006666666666666666
E3_QUALITY,C2,11,25,0.3001576555560242,0.012006306222240968,0.48,0.5333333333333333,2.013333333333333,0.6133333333333333,0.013333333333333334
E3_QUALITY,C2,11,50,0.6170980506833437,0.012341961013666873,0.47999999999999987,0.56,1.9933333333333334,0.5866666666666667,0.006666666666666667
E3_QUALITY,C2,11,100,1.291269687946625,0.01291269687946625,0.4666666666666666,0.5833333333333334,2.006666666666667,0.6033333333333334,0.0033333333333333335
E3_QUALITY,C2,11,250,3.2310707118289073,0.01292428284731563,0.4746666666666667,0.588,1.9773333333333334,0.604,0.0013333333333333333
E3_QUALITY,C2,11,500,6.839249247392064,0.013678498494784128,0.482,0.5753333333333334,1.9826666666666666,0.6106666666666667,0.0006666666666666666
E3_QUALITY,C3,11,25,0.3006760044728655,0.01202704017891462,0.48,0.52,2.013333333333333,0.6133333333333333,0.0
E3_QUALITY,C3,11,50,0.6176163996001849,0.012352327992003698,0.47999999999999987,0.5533333333333333,1.9933333333333334,0.5866666666666667,0.0
E3_QUALITY,C3,11,100,1.2917880368634662,0.012917880368634662,0.4666666666666666,0.58,2.006666666666667,0.6033333333333334,0.0
E3_QUALITY,C3,11,250,3.231589060745748,0.012926356242982991,0.4746666666666667,0.5866666666666667,1.9773333333333334,0.604,0.0
E3_QUALITY,C3,11,500,6.8397675963089055,0.01367953519261781,0.482,0.5746666666666667,1.9826666666666666,0.6106666666666667,0.0
E3_QUALITY,C4,11,25,0.22975905815557085,0.009190362326222834,0.48,0.5866666666666667,2.013333333333333,0.6133333333333333,0.08
E3_QUALITY,C4,11,50,0.4729598462264799,0.009459196924529598,0.47999999999999987,0.6333333333333333,1.9933333333333334,0.5866666666666667,0.08666666666666667
E3_QUALITY,C4,11,100,0.8981261686649648,0.008981261686649648,0.4699999999999999,0.66,2.006666666666667,0.6033333333333334,0.12333333333333334
E3_QUALITY,C4,11,250,2.42162703301761,0.00968650813207044,0.4773333333333334,0.664,1.9773333333333334,0.604,0.13333333333333333
E3_QUALITY,C4,11,500,5.295330846221809,0.010590661692443618,0.4846666666666668,0.642,1.9826666666666666,0.6106666666666667,0.14866666666666667
E3_QUALITY,C0,12,25,0.2675871834277563,0.01070348733711025,0.5066666666666666,0.68,1.8666666666666667,0.5333333333333333,0.10666666666666667
E3_QUALITY,C0,12,50,0.6102788220452207,0.012205576440904413,0.52,0.64,1.88,0.5333333333333333,0.1
E3_QUALITY,C0,12,100,1.28971945896732,0.0128971945896732,0.4900000000000002,0.6066666666666667,1.9633333333333334,0.5966666666666667,0.11
E3_QUALITY,C0,12,250,3.5531182044993908,0.014212472817997562,0.47199999999999986,0.5853333333333334,1.9733333333333334,0.6186666666666667,0.152
E3_QUALITY,C0,12,500,6.562780769357045,0.01312556153871409,0.4786666666666667,0.6033333333333334,1.936,0.5893333333333334,0.15733333333333333
E3_QUALITY,C1,12,25,0.24327144770608694,0.009730857908243478,0.5066666666666666,0.64,1.8666666666666667,0.5333333333333333,0.06666666666666667
E3_QUALITY,C1,12,50,0.4831965067529176,0.009663930135058351,0.5266666666666667,0.66,1.88,0.5333333333333333,0.03333333333333333
E3_QUALITY,C1,12,100,1.0088299203482938,0.010088299203482937,0.4966666666666669,0.6333333333333333,1.9633333333333334,0.5966666666666667,0.016666666666666666
E3_QUALITY,C1,12,250,2.562907211792243,0.010251628847168971,0.4733333333333333,0.6213333333333333,1.9733333333333334,0.6186666666666667,0.006666666666666667
E3_QUALITY,C1,12,500,4.672324542692016,0.009344649085384033,0.48,0.6446666666666667,1.936,0.5893333333333334,0.0033333333333333335
E3_QUALITY,C2,12,25,0.23873132317542273,0.009549252927016909,0.5066666666666666,0.68,1.8666666666666667,0.5333333333333333,0.02666666666666667
E3_QUALITY,C2,12,50,0.4786563822222534,0.009573127644445067,0.5266666666666667,0.68,1.88,0.5333333333333333,0.013333333333333334
E3_QUALITY,C2,12,100,1.0042897958176296,0.010042897958176296,0.4966666666666669,0.6433333333333333,1.9633333333333334,0.5966666666666667,0.006666666666666667
E3_QUALITY,C2,12,250,2.5583670872615785,0.010233468349046313,0.4733333333333333,0.6253333333333333,1.9733333333333334,0.6186666666666667,0.0026666666666666666
E3_QUALITY,C2,12,500,4.667784418161351,0.009335568836322703,0.48,0.6466666666666666,1.936,0.5893333333333334,0.0013333333333333333
E3_QUALITY,C3,12,25,0.22054004516813885,0.008821601806725555,0.5066666666666666,0.6666666666666666,1.8666666666666667,0.5333333333333333,0.06666666666666667
E3_QUALITY,C3,12,50,0.4604651042149695,0.00920930208429939,0.5266666666666667,0.6733333333333333,1.88,0.5333333333333333,0.03333333333333333
E3_QUALITY,C3,12,100,1.005874041732867,0.010058740417328672,0.4966666666666669,0.6333333333333333,1.9633333333333334,0.5966666666666667,0.023333333333333334
E3_QUALITY,C3,12,250,2.557300168223582,0.010229200672894328,0.4746666666666666,0.6213333333333333,1.9733333333333334,0.6186666666666667,0.029333333333333333
E3_QUALITY,C3,12,500,4.661467296276878,0.009322934592553756,0.4806666666666667,0.642,1.936,0.5893333333333334,0.034
E3_QUALITY,C4,12,25,0.20368060588221748,0.0081472242352887,0.5066666666666666,0.6933333333333334,1.8666666666666667,0.5333333333333333,0.013333333333333334
E3_QUALITY,C4,12,50,0.4436056649290481,0.008872113298580963,0.5266666666666667,0.6866666666666666,1.88,0.5333333333333333,0.006666666666666667
E3_QUALITY,C4,12,100,0.9692390785244243,0.009692390785244243,0.4966666666666669,0.6466666666666666,1.9633333333333334,0.5966666666666667,0.0033333333333333335
E3_QUALITY,C4,12,250,2.523316369968373,0.010093265479873492,0.4733333333333333,0.6266666666666667,1.9733333333333334,0.6186666666666667,0.0013333333333333333
E3_QUALITY,C4,12,500,4.632733700868147,0.009265467401736293,0.48,0.6473333333333333,1.936,0.5893333333333334,0.0006666666666666666
E3_QUALITY,C0,13,25,0.32587998276990077,0.01303519931079603,0.48,0.5866666666666667,2.08,0.6933333333333334,0.04
E3_QUALITY,C0,13,50,0.6224111575331853,0.012448223150663707,0.5533333333333335,0.58,2.02,0.66,0.02
E3_QUALITY,C0,13,100,1.1377425071266893,0.011377425071266893,0.5200000000000002,0.6,1.9466666666666668,0.6133333333333333,0.01
E3_QUALITY,C0,13,250,2.651334188956457,0.010605336755825827,0.5000000000000002,0.6226666666666667,1.924,0.5973333333333334,0.004
E3_QUALITY,C0,13,500,5.809852747751593,0.011619705495503186,0.5073333333333336,0.5973333333333334,1.968,0.6173333333333333,0.002
E3_QUALITY,C1,13,25,0.33899445484094604,0.013559778193637842,0.48,0.5866666666666667,2.08,0.6933333333333334,0.05333333333333334
E3_QUALITY,C1,13,50,0.6355256296042306,0.012710512592084612,0.5533333333333335,0.58,2.02,0.66,0.02666666666666667
E3_QUALITY,C1,13,100,1.150856979197735,0.01150856979197735,0.5200000000000002,0.6,1.9466666666666668,0.6133333333333333,0.013333333333333334
E3_QUALITY,C1,13,250,2.664448661027503,0.010657794644110012,0.5000000000000002,0.6226666666666667,1.924,0.5973333333333334,0.005333333333333333
E3_QUALITY,C1,13,500,5.8229672198226385,0.011645934439645277,0.5073333333333336,0.5973333333333334,1.968,0.6173333333333333,0.0026666666666666666
E3_QUALITY,C2,13,25,0.31744788448928135,0.012697915379571253,0.48,0.6,2.08,0.6933333333333334,0.04
E3_QUALITY,C2,13,50,0.6139790592525659,0.012279581185051318,0.5533333333333335,0.5866666666666667,2.02,0.66,0.02
E3_QUALITY,C2,13,100,1.1293104088460701,0.011293104088460702,0.5200000000000002,0.6033333333333334,1.9466666666666668,0.6133333333333333,0.01
E3_QUALITY,C2,13,250,2.642902090675838,0.010571608362703351,0.5000000000000002,0.624,1.924,0.5973333333333334,0.004
E3_QUALITY,C2,13,500,5.801420649470973,0.011602841298941947,0.5073333333333336,0.598,1.968,0.6173333333333333,0.002
E3_QUALITY,C3,13,25,0.2984722093016357,0.011938888372065429,0.48,0.6,2.08,0.6933333333333334,0.09333333333333334
E3_QUALITY,C3,13,50,0.5950033840649203,0.011900067681298405,0.5533333333333335,0.5866666666666667,2.02,0.66,0.04666666666666667
E3_QUALITY,C3,13,100,1.1103347336584246,0.011103347336584246,0.5200000000000002,0.6033333333333334,1.9466666666666668,0.6133333333333333,0.023333333333333334
E3_QUALITY,C3,13,250,2.6176869891967582,0.010470747956787032,0.5000000000000002,0.624,1.924,0.5973333333333334,0.010666666666666666
E3_QUALITY,C3,13,500,5.777129798457972,0.011554259596915945,0.5073333333333336,0.5973333333333334,1.968,0.6173333333333333,0.006
E3_QUALITY,C4,13,25,0.3955408878888986,0.015821635515555942,0.4666666666666666,0.5333333333333333,2.08,0.6933333333333334,0.18666666666666668
E3_QUALITY,C4,13,50,0.7018761178197958,0.014037522356395915,0.5466666666666667,0.56,2.02,0.66,0.12666666666666668
E3_QUALITY,C4,13,100,1.2229184852159745,0.012229184852159744,0.5166666666666668,0.5866666666666667,1.9466666666666668,0.6133333333333333,0.09666666666666666
E3_QUALITY,C4,13,250,2.7880142996389443,0.011152057198555778,0.4986666666666669,0.6173333333333333,1.924,0.5973333333333334,0.07733333333333334
E3_QUALITY,C4,13,500,6.033452002496214,0.012066904004992428,0.5066666666666669,0.5953333333333334,1.968,0.6173333333333333,0.06733333333333333
E3_QUALITY,C0,14,25,0.30474429743500453,0.01218977189740018,0.6,0.6133333333333333,1.7466666666666666,0.48,0.02666666666666667
E3_QUALITY,C0,14,50,0.6689294978699694,0.013378589957399387,0.5333333333333333,0.5666666666666667,1.8266666666666667,0.52,0.013333333333333334
E3_QUALITY,C0,14,100,1.2659547025549136,0.012659547025549136,0.49333333333333335,0.5633333333333334,1.8766666666666667,0.54,0.006666666666666667
E3_QUALITY,C0,14,250,3.107538505873964,0.012430154023495855,0.48533333333333345,0.5693333333333334,1.8773333333333333,0.556,0.0026666666666666666
E3_QUALITY,C0,14,500,6.434358687093968,0.012868717374187936,0.48333333333333356,0.558,1.9126666666666667,0.582,0.0013333333333333333
E3_QUALITY,C1,14,25,0.28267852080773564,0.011307140832309426,0.6,0.64,1.7466666666666666,0.48,0.04
E3_QUALITY,C1,14,50,0.6468637212427004,0.012937274424854008,0.5333333333333333,0.58,1.8266666666666667,0.52,0.02
E3_QUALITY,C1,14,100,1.2438889259276449,0.012438889259276449,0.49333333333333335,0.57,1.8766666666666667,0.54,0.01
E3_QUALITY,C1,14,250,3.0854727292466952,0.012341890916986781,0.48533333333333345,0.572,1.8773333333333333,0.556,0.004
E3_QUALITY,C1,14,500,6.412292910466699,0.012824585820933399,0.48333333333333356,0.5593333333333333,1.9126666666666667,0.582,0.002
E3_QUALITY,C2,14,25,0.26682366989040596,0.010672946795616239,0.6133333333333333,0.6666666666666666,1.7466666666666666,0.48,0.05333333333333334
E3_QUALITY,C2,14,50,0.6310088703253707,0.012620177406507414,0.54,0.5933333333333334,1.8266666666666667,0.52,0.02666666666666667
E3_QUALITY,C2,14,100,1.2280340750103154,0.012280340750103154,0.4966666666666668,0.5766666666666667,1.8766666666666667,0.54,0.013333333333333334
E3_QUALITY,C2,14,250,3.0696178783293657,0.012278471513317462,0.4866666666666668,0.5746666666666667,1.8773333333333333,0.556,0.005333333333333333
E3_QUALITY,C2,14,500,6.396438059549371,0.012792876119098741,0.48400000000000026,0.5606666666666666,1.9126666666666667,0.582,0.0026666666666666666
E3_QUALITY,C3,14,25,0.2760271414713815,0.011041085658855261,0.6133333333333333,0.6533333333333333,1.7466666666666666,0.48,0.04
E3_QUALITY,C3,14,50,0.6402123419063463,0.012804246838126927,0.54,0.5866666666666667,1.8266666666666667,0.52,0.02
E3_QUALITY,C3,14,100,1.2372375465912908,0.012372375465912909,0.4966666666666668,0.5733333333333334,1.8766666666666667,0.54,0.01
E3_QUALITY,C3,14,250,3.0690190908135584,0.012276076363254234,0.4866666666666668,0.5746666666666667,1.8773333333333333,0.556,0.005333333333333333
E3_QUALITY,C3,14,500,6.395839272033563,0.012791678544067127,0.48400000000000026,0.5606666666666666,1.9126666666666667,0.582,0.0026666666666666666
E3_QUALITY,C4,14,25,0.30155870794159123,0.01206234831766365,0.6,0.6266666666666667,1.7466666666666666,0.48,0.06666666666666667
E3_QUALITY,C4,14,50,0.6757071036912579,0.013514142073825158,0.5333333333333333,0.5666666666666667,1.8266666666666667,0.52,0.04
E3_QUALITY,C4,14,100,1.2977503895364975,0.012977503895364974,0.49333333333333335,0.56,1.8766666666666667,0.54,0.02666666666666667
E3_QUALITY,C4,14,250,3.013854424441597,0.012055417697766387,0.48533333333333345,0.5813333333333334,1.8773333333333333,0.556,0.04133333333333333
E3_QUALITY,C4,14,500,5.935928340577279,0.011871856681154558,0.4846666666666668,0.5873333333333334,1.9126666666666667,0.582,0.062
E3_QUALITY,C0,15,25,0.22862968254434868,0.009145187301773947,0.4933333333333333,0.6666666666666666,1.8933333333333333,0.5733333333333334,0.0
E3_QUALITY,C0,15,50,0.5632832724721882,0.011265665449443765,0.5333333333333333,0.6,2.013333333333333,0.6,0.0
E3_QUALITY,C0,15,100,1.3903070785526181,0.013903070785526182,0.5399999999999998,0.5366666666666666,2.04,0.6366666666666667,0.0
E3_QUALITY,C0,15,250,3.6559216962368524,0.01462368678494741,0.4879999999999995,0.5293333333333333,2.017333333333333,0.6293333333333333,0.0
E3_QUALITY,C0,15,500,7.434656388053345,0.01486931277610669,0.48933333333333323,0.53,1.978,0.6166666666666667,0.0
E3_QUALITY,C1,15,25,0.23677182541047354,0.009470873016418942,0.4933333333333333,0.68,1.8933333333333333,0.5733333333333334,0.04
E3_QUALITY,C1,15,50,0.571425415338313,0.01142850830676626,0.5333333333333333,0.6066666666666667,2.013333333333333,0.6,0.02
E3_QUALITY,C1,15,100,1.3984492214187432,0.013984492214187431,0.5399999999999998,0.54,2.04,0.6366666666666667,0.01
E3_QUALITY,C1,15,250,3.664063839102977,0.014656255356411909,0.4879999999999995,0.5306666666666666,2.017333333333333,0.6293333333333333,0.004
E3_QUALITY,C1,15,500,7.442798530919469,0.014885597061838939,0.48933333333333323,0.5306666666666666,1.978,0.6166666666666667,0.002
E3_QUALITY,C2,15,25,0.26309630143035984,0.010523852057214393,0.48,0.6533333333333333,1.8933333333333333,0.5733333333333334,0.04
E3_QUALITY,C2,15,50,0.5977498913581994,0.011954997827163989,0.5266666666666667,0.5933333333333334,2.013333333333333,0.6,0.02
E3_QUALITY,C2,15,100,1.4247736974386296,0.014247736974386296,0.5366666666666665,0.5333333333333333,2.04,0.6366666666666667,0.01
E3_QUALITY,C2,15,250,3.6903883151228634,0.014761553260491453,0.48666666666666614,0.528,2.017333333333333,0.6293333333333333,0.004
E3_QUALITY,C2,15,500,7.469123006939356,0.014938246013878713,0.4886666666666666,0.5293333333333333,1.978,0.6166666666666667,0.002
E3_QUALITY,C3,15,25,0.22862968254434868,0.009145187301773947,0.4933333333333333,0.6666666666666666,1.8933333333333333,0.5733333333333334,0.0
E3_QUALITY,C3,15,50,0.5632832724721882,0.011265665449443765,0.5333333333333333,0.6,2.013333333333333,0.6,0.0
E3_QUALITY,C3,15,100,1.3903070785526181,0.013903070785526182,0.5399999999999998,0.5366666666666666,2.04,0.6366666666666667,0.0
E3_QUALITY,C3,15,250,3.6559216962368524,0.01462368678494741,0.4879999999999995,0.5293333333333333,2.017333333333333,0.6293333333333333,0.0
E3_QUALITY,C3,15,500,7.396273914477249,0.014792547828954498,0.48933333333333323,0.5313333333333333,1.978,0.6166666666666667,0.0033333333333333335
E3_QUALITY,C4,15,25,0.23076314825441857,0.009230525930176743,0.4933333333333333,0.6666666666666666,1.8933333333333333,0.5733333333333334,0.013333333333333334
E3_QUALITY,C4,15,50,0.5654167381822581,0.011308334763645162,0.5333333333333333,0.6,2.013333333333333,0.6,0.006666666666666667
E3_QUALITY,C4,15,100,1.3924405442626884,0.013924405442626884,0.5399999999999998,0.5366666666666666,2.04,0.6366666666666667,0.0033333333333333335
E3_QUALITY,C4,15,250,3.662907125658366,0.014651628502633464,0.4879999999999995,0.528,2.017333333333333,0.6293333333333333,0.0026666666666666666
E3_QUALITY,C4,15,500,7.440015155485368,0.014880030310970736,0.48933333333333323,0.53,1.978,0.6166666666666667,0.002
E3_QUALITY,C0,16,25,0.3489840750695382,0.01395936300278153,0.46666666666666656,0.5466666666666666,2.0,0.5866666666666667,0.09333333333333334
E3_QUALITY,C0,16,50,0.7338521399541469,0.014677042799082938,0.47999999999999987,0.5133333333333333,2.0,0.6133333333333333,0.04666666666666667
E3_QUALITY,C0,16,100,1.4581242682026483,0.014581242682026483,0.46999999999999986,0.54,1.9066666666666667,0.5766666666666667,0.023333333333333334
E3_QUALITY,C0,16,250,3.7021867088427394,0.014808746835370958,0.49733333333333346,0.5253333333333333,1.92,0.5866666666666667,0.009333333333333334
E3_QUALITY,C0,16,500,7.041502567742641,0.014083005135485282,0.49466666666666687,0.5366666666666666,1.9053333333333333,0.5733333333333334,0.004666666666666667
E3_QUALITY,C1,16,25,0.3425949961944168,0.013703799847776673,0.46666666666666656,0.5733333333333334,2.0,0.5866666666666667,0.06666666666666667
E3_QUALITY,C1,16,50,0.7274630610790254,0.014549261221580507,0.47999999999999987,0.5266666666666666,2.0,0.6133333333333333,0.03333333333333333
E3_QUALITY,C1,16,100,1.4517351893275268,0.014517351893275268,0.46999999999999986,0.5466666666666666,1.9066666666666667,0.5766666666666667,0.016666666666666666
E3_QUALITY,C1,16,250,3.6957976299676174,0.01478319051987047,0.49733333333333346,0.528,1.92,0.5866666666666667,0.006666666666666667
E3_QUALITY,C1,16,500,7.035113488867519,0.014070226977735037,0.49466666666666687,0.538,1.9053333333333333,0.5733333333333334,0.0033333333333333335
E3_QUALITY,C2,16,25,0.3502314935805711,0.014009259743222844,0.46666666666666656,0.56,2.0,0.5866666666666667,0.09333333333333334
E3_QUALITY,C2,16,50,0.7350995584651796,0.014701991169303591,0.47999999999999987,0.52,2.0,0.6133333333333333,0.04666666666666667
E3_QUALITY,C2,16,100,1.459371686713681,0.01459371686713681,0.46999999999999986,0.5433333333333333,1.9066666666666667,0.5766666666666667,0.023333333333333334
E3_QUALITY,C2,16,250,3.7034341273537716,0.014813736509415086,0.49733333333333346,0.5266666666666666,1.92,0.5866666666666667,0.009333333333333334
E3_QUALITY,C2,16,500,7.042749986253672,0.014085499972507345,0.49466666666666687,0.5373333333333333,1.9053333333333333,0.5733333333333334,0.004666666666666667
E3_QUALITY,C3,16,25,0.3502150250143207,0.014008601000572829,0.46666666666666656,0.5733333333333334,2.0,0.5866666666666667,0.09333333333333334
E3_QUALITY,C3,16,50,0.7350830898989293,0.014701661797978587,0.47999999999999987,0.5266666666666666,2.0,0.6133333333333333,0.04666666666666667
E3_QUALITY,C3,16,100,1.4593552181474307,0.014593552181474307,0.46999999999999986,0.5466666666666666,1.9066666666666667,0.5766666666666667,0.023333333333333334
E3_QUALITY,C3,16,250,3.7034176587875214,0.014813670635150086,0.49733333333333346,0.528,1.92,0.5866666666666667,0.009333333333333334
E3_QUALITY,C3,16,500,7.042733517687423,0.014085467035374846,0.49466666666666687,0.538,1.9053333333333333,0.5733333333333334,0.004666666666666667
E3_QUALITY,C4,16,25,0.3524281345081063,0.014097125380324252,0.46666666666666656,0.56,2.0,0.5866666666666667,0.08
E3_QUALITY,C4,16,50,0.737296199392715,0.0147459239878543,0.47999999999999987,0.52,2.0,0.6133333333333333,0.04
E3_QUALITY,C4,16,100,1.4615683276412161,0.014615683276412161,0.46999999999999986,0.5433333333333333,1.9066666666666667,0.5766666666666667,0.02
E3_QUALITY,C4,16,250,3.6858311246626747,0.0147433244986507,0.49733333333333346,0.528,1.92,0.5866666666666667,0.009333333333333334
E3_QUALITY,C4,16,500,6.9957870644328635,0.013991574128865727,0.49400000000000016,0.5413333333333333,1.9053333333333333,0.5733333333333334,0.016666666666666666
E3_QUALITY,C0,17,25,0.29488550527060287,0.011795420210824114,0.5066666666666666,0.6,1.9466666666666668,0.6,0.013333333333333334
E3_QUALITY,C0,17,50,0.6219091060433359,0.012438182120866718,0.4866666666666667,0.5333333333333333,1.94,0.5933333333333334,0.006666666666666667
E3_QUALITY,C0,17,100,1.1807809598424592,0.011807809598424592,0.4633333333333334,0.5633333333333334,1.93,0.58,0.0033333333333333335
E3_QUALITY,C0,17,250,2.693087911656435,0.01077235164662574,0.49466666666666687,0.604,1.88,0.5786666666666667,0.0013333333333333333
E3_QUALITY,C0,17,500,5.482422714197623,0.010964845428395247,0.48733333333333373,0.5933333333333334,1.906,0.592,0.0006666666666666666
E3_QUALITY,C1,17,25,0.29992040840230944,0.011996816336092377,0.5066666666666666,0.5866666666666667,1.9466666666666668,0.6,0.0
E3_QUALITY,C1,17,50,0.6269440091750424,0.012538880183500849,0.4866666666666667,0.5266666666666666,1.94,0.5933333333333334,0.0
E3_QUALITY,C1,17,100,1.1858158629741657,0.011858158629741657,0.4633333333333334,0.56,1.93,0.58,0.0
E3_QUALITY,C1,17,250,2.6981228147881415,0.010792491259152565,0.49466666666666687,0.6026666666666667,1.88,0.5786666666666667,0.0
E3_QUALITY,C1,17,500,5.48745761732933,0.01097491523465866,0.48733333333333373,0.5926666666666667,1.906,0.592,0.0
E3_QUALITY,C2,17,25,0.29488550527060287,0.011795420210824114,0.5066666666666666,0.6,1.9466666666666668,0.6,0.013333333333333334
E3_QUALITY,C2,17,50,0.6219091060433359,0.012438182120866718,0.4866666666666667,0.5333333333333333,1.94,0.5933333333333334,0.006666666666666667
E3_QUALITY,C2,17,100,1.1807809598424592,0.011807809598424592,0.4633333333333334,0.5633333333333334,1.93,0.58,0.0033333333333333335
E3_QUALITY,C2,17,250,2.693087911656435,0.01077235164662574,0.49466666666666687,0.604,1.88,0.5786666666666667,0.0013333333333333333
E3_QUALITY,C2,17,500,5.482422714197623,0.010964845428395247,0.48733333333333373,0.5933333333333334,1.906,0.592,0.0006666666666666666
E3_QUALITY,C3,17,25,0.28480585603295955,0.011392234241318381,0.5066666666666666,0.6266666666666667,1.9466666666666668,0.6,0.04
E3_QUALITY,C3,17,50,0.6331756249218219,0.012663512498436438,0.4866666666666667,0.54,1.94,0.5933333333333334,0.02666666666666667
E3_QUALITY,C3,17,100,1.2053930404039876,0.012053930404039877,0.4633333333333334,0.5666666666666667,1.93,0.58,0.016666666666666666
E3_QUALITY,C3,17,250,3.3494126446376122,0.01339765057855045,0.4933333333333335,0.58,1.88,0.5786666666666667,0.05333333333333334
E3_QUALITY,C3,17,500,7.314376035954785,0.01462875207190957,0.48400000000000043,0.5506666666666666,1.906,0.592,0.08466666666666667
E3_QUALITY,C4,17,25,0.3514193499361623,0.014056773997446492,0.5066666666666666,0.56,1.9466666666666668,0.6,0.09333333333333334
E3_QUALITY,C4,17,50,0.6784429507088952,0.013568859014177903,0.4866666666666667,0.5133333333333333,1.94,0.5933333333333334,0.04666666666666667
E3_QUALITY,C4,17,100,1.2587677606318999,0.012587677606318999,0.4633333333333334,0.5466666666666666,1.93,0.58,0.03333333333333333
E3_QUALITY,C4,17,250,2.8184540081118747,0.011273816032447499,0.49466666666666687,0.596,1.88,0.5786666666666667,0.017333333333333333
E3_QUALITY,C4,17,500,5.63419279136869,0.01126838558273738,0.48733333333333373,0.5886666666666667,1.906,0.592,0.012
E3_QUALITY,C0,18,25,0.4342053118359755,0.017368212473439018,0.4666666666666666,0.5733333333333334,2.066666666666667,0.6666666666666666,0.04
E3_QUALITY,C0,18,50,0.7805535227697217,0.015611070455394433,0.44666666666666655,0.58,1.9933333333333334,0.64,0.02
E3_QUALITY,C0,18,100,1.6648302282662644,0.016648302282662644,0.4766666666666665,0.5533333333333333,1.96,0.6433333333333333,0.01
E3_QUALITY,C0,18,250,4.123045424961044,0.016492181699844177,0.4893333333333331,0.5306666666666666,2.006666666666667,0.6386666666666667,0.004
E3_QUALITY,C0,18,500,8.096734336228252,0.016193468672456503,0.5053333333333331,0.5553333333333333,1.9486666666666668,0.6066666666666667,0.002
E3_QUALITY,C1,18,25,0.4608083718566971,0.018432334874267885,0.4666666666666666,0.5333333333333333,2.066666666666667,0.6666666666666666,0.02666666666666667
E3_QUALITY,C1,18,50,0.8071565827904433,0.016143131655808867,0.44666666666666655,0.56,1.9933333333333334,0.64,0.013333333333333334
E3_QUALITY,C1,18,100,1.6914332882869858,0.016914332882869858,0.4766666666666665,0.5433333333333333,1.96,0.6433333333333333,0.006666666666666667
E3_QUALITY,C1,18,250,4.149648484981766,0.016598593939927065,0.4893333333333331,0.5266666666666666,2.006666666666667,0.6386666666666667,0.0026666666666666666
E3_QUALITY,C1,18,500,8.123337396248974,0.01624667479249795,0.5053333333333331,0.5533333333333333,1.9486666666666668,0.6066666666666667,0.0013333333333333333
E3_QUALITY,C2,18,25,0.44320891443346505,0.0177283565773386,0.4666666666666666,0.5466666666666666,2.066666666666667,0.6666666666666666,0.013333333333333334
E3_QUALITY,C2,18,50,0.7895571253672112,0.015791142507344223,0.44666666666666655,0.5666666666666667,1.9933333333333334,0.64,0.006666666666666667
E3_QUALITY,C2,18,100,1.673833830863754,0.016738338308637538,0.4766666666666665,0.5466666666666666,1.96,0.6433333333333333,0.0033333333333333335
E3_QUALITY,C2,18,250,4.132049027558534,0.016528196110234136,0.4893333333333331,0.528,2.006666666666667,0.6386666666666667,0.0013333333333333333
E3_QUALITY,C2,18,500,8.105737938825742,0.016211475877651486,0.5053333333333331,0.554,1.9486666666666668,0.6066666666666667,0.0006666666666666666
E3_QUALITY,C3,18,25,0.459372176911393,0.01837488707645572,0.4666666666666666,0.5333333333333333,2.066666666666667,0.6666666666666666,0.04
E3_QUALITY,C3,18,50,0.8057203878451392,0.016114407756902784,0.44666666666666655,0.56,1.9933333333333334,0.64,0.02
E3_QUALITY,C3,18,100,1.675138762111934,0.01675138762111934,0.4766666666666665,0.5466666666666666,1.96,0.6433333333333333,0.013333333333333334
E3_QUALITY,C3,18,250,4.133353958806714,0.016533415835226856,0.4893333333333331,0.528,2.006666666666667,0.6386666666666667,0.005333333333333333
E3_QUALITY,C3,18,500,8.150892465197444,0.01630178493039489,0.5046666666666664,0.5546666666666666,1.9486666666666668,0.6066666666666667,0.005333333333333333
E3_QUALITY,C4,18,25,0.43644366283278296,0.01745774651331132,0.4666666666666666,0.5466666666666666,2.066666666666667,0.6666666666666666,0.02666666666666667
E3_QUALITY,C4,18,50,0.7821586244047708,0.015643172488095415,0.44666666666666655,0.5733333333333334,1.9933333333333334,0.64,0.02
E3_QUALITY,C4,18,100,1.6515769986715654,0.016515769986715653,0.4766666666666665,0.5533333333333333,1.96,0.6433333333333333,0.013333333333333334
E3_QUALITY,C4,18,250,4.106120393608928,0.016424481574435712,0.4893333333333331,0.5306666666666666,2.006666666666667,0.6386666666666667,0.006666666666666667
E3_QUALITY,C4,18,500,8.045448951448666,0.016090897902897333,0.5053333333333331,0.556,1.9486666666666668,0.6066666666666667,0.004666666666666667
E3_QUALITY,C0,19,25,0.3984062158785872,0.01593624863514349,0.4533333333333334,0.5866666666666667,1.76,0.5466666666666666,0.0
E3_QUALITY,C0,19,50,0.7272727958350227,0.014545455916700454,0.4266666666666667,0.56,1.7866666666666666,0.5333333333333333,0.0
E3_QUALITY,C0,19,100,1.7595650279431951,0.01759565027943195,0.4766666666666668,0.54,1.8766666666666667,0.5633333333333334,0.0
E3_QUALITY,C0,19,250,4.656686063284196,0.018626744253136786,0.4920000000000003,0.5133333333333333,1.92,0.592,0.0
E3_QUALITY,C0,19,500,8.491782763875689,0.016983565527751376,0.48666666666666697,0.538,1.906,0.5826666666666667,0.0
E3_QUALITY,C1,19,25,0.40538574624762563,0.016215429849905025,0.4533333333333334,0.5733333333333334,1.76,0.5466666666666666,0.013333333333333334
E3_QUALITY,C1,19,50,0.7342523262040612,0.014685046524081225,0.4266666666666667,0.5533333333333333,1.7866666666666666,0.5333333333333333,0.006666666666666667
E3_QUALITY,C1,19,100,1.7665445583122334,0.017665445583122334,0.4766666666666668,0.5366666666666666,1.8766666666666667,0.5633333333333334,0.0033333333333333335
E3_QUALITY,C1,19,250,4.663665593653233,0.018654662374612933,0.4920000000000003,0.512,1.92,0.592,0.0013333333333333333
E3_QUALITY,C1,19,500,8.498762294244726,0.01699752458848945,0.48666666666666697,0.5373333333333333,1.906,0.5826666666666667,0.0006666666666666666
E3_QUALITY,C2,19,25,0.40334996366846726,0.01613399854673869,0.4533333333333334,0.5733333333333334,1.76,0.5466666666666666,0.013333333333333334
E3_QUALITY,C2,19,50,0.7322165436249028,0.014644330872498057,0.4266666666666667,0.5533333333333333,1.7866666666666666,0.5333333333333333,0.006666666666666667
E3_QUALITY,C2,19,100,1.7645087757330753,0.017645087757330754,0.4766666666666668,0.5366666666666666,1.8766666666666667,0.5633333333333334,0.0033333333333333335
E3_QUALITY,C2,19,250,4.661629811074075,0.0186465192442963,0.4920000000000003,0.512,1.92,0.592,0.0013333333333333333
E3_QUALITY,C2,19,500,8.49672651166557,0.016993453023331138,0.48666666666666697,0.5373333333333333,1.906,0.5826666666666667,0.0006666666666666666
E3_QUALITY,C3,19,25,0.3918309834997704,0.015673239339990815,0.4533333333333334,0.5866666666666667,1.76,0.5466666666666666,0.17333333333333334
E3_QUALITY,C3,19,50,0.7565415510181992,0.015130831020363984,0.4266666666666667,0.5733333333333334,1.7866666666666666,0.5333333333333333,0.13333333333333333
E3_QUALITY,C3,19,100,1.6246640414560818,0.01624664041456082,0.47666666666666674,0.5433333333333333,1.8766666666666667,0.5633333333333334,0.18333333333333332
E3_QUALITY,C3,19,250,4.2462046461313125,0.01698481858452525,0.49200000000000027,0.5306666666666666,1.92,0.592,0.17733333333333334
E3_QUALITY,C3,19,500,7.758308275438338,0.015516616550876676,0.4866666666666669,0.5526666666666666,1.906,0.5826666666666667,0.138
E3_QUALITY,C4,19,25,0.3541279841500473,0.014165119366001892,0.4666666666666668,0.6,1.76,0.5466666666666666,0.13333333333333333
E3_QUALITY,C4,19,50,0.7253822427713288,0.014507644855426575,0.4333333333333334,0.58,1.7866666666666666,0.5333333333333333,0.1
E3_QUALITY,C4,19,100,1.546612755040116,0.01546612755040116,0.4866666666666667,0.57,1.8766666666666667,0.5633333333333334,0.13666666666666666
E3_QUALITY,C4,19,250,4.076414345024509,0.016305657380098038,0.4960000000000003,0.5426666666666666,1.92,0.592,0.164
E3_QUALITY,C4,19,500,7.309476801707112,0.014618953603414225,0.490666666666667,0.5693333333333334,1.906,0.5826666666666667,0.172
E3_QUALITY,C0,20,25,0.29087050624992816,0.011634820249997126,0.5066666666666666,0.5866666666666667,1.8,0.5733333333333334,0.0
E3_QUALITY,C0,20,50,0.5453440911452795,0.01090688182290559,0.46666666666666673,0.5666666666666667,1.82,0.5733333333333334,0.0
E3_QUALITY,C0,20,100,1.146896322346492,0.01146896322346492,0.5166666666666666,0.5433333333333333,1.9,0.6033333333333334,0.0
E3_QUALITY,C0,20,250,2.71501488514583,0.01086005954058332,0.5266666666666666,0.5506666666666666,1.9106666666666667,0.6,0.0
E3_QUALITY,C0,20,500,5.580903048208298,0.011161806096416597,0.5100000000000002,0.5506666666666666,1.934,0.6133333333333333,0.0
E3_QUALITY,C1,20,25,0.312148251711068,0.012485930068442721,0.5066666666666666,0.5733333333333334,1.8,0.5733333333333334,0.013333333333333334
E3_QUALITY,C1,20,50,0.5666218366064192,0.011332436732128384,0.46666666666666673,0.56,1.82,0.5733333333333334,0.006666666666666667
E3_QUALITY,C1,20,100,1.168174067807632,0.01168174067807632,0.5166666666666666,0.54,1.9,0.6033333333333334,0.0033333333333333335
E3_QUALITY,C1,20,250,2.7362926306069704,0.010945170522427881,0.5266666666666666,0.5493333333333333,1.9106666666666667,0.6,0.0013333333333333333
E3_QUALITY,C1,20,500,5.602180793669439,0.011204361587338878,0.5100000000000002,0.55,1.934,0.6133333333333333,0.0006666666666666666
E3_QUALITY,C2,20,25,0.28457269088245407,0.011382907635298162,0.5066666666666666,0.6133333333333333,1.8,0.5733333333333334,0.02666666666666667
E3_QUALITY,C2,20,50,0.5390462757778053,0.010780925515556105,0.46666666666666673,0.58,1.82,0.5733333333333334,0.013333333333333334
E3_QUALITY,C2,20,100,1.140598506979018,0.011405985069790181,0.5166666666666666,0.55,1.9,0.6033333333333334,0.006666666666666667
E3_QUALITY,C2,20,250,2.708717069778356,0.010834868279113424,0.5266666666666666,0.5533333333333333,1.9106666666666667,0.6,0.0026666666666666666
E3_QUALITY,C2,20,500,5.574605232840825,0.01114921046568165,0.5100000000000002,0.552,1.934,0.6133333333333333,0.0013333333333333333
E3_QUALITY,C3,20,25,0.35507057199572767,0.014202822879829108,0.5066666666666666,0.5466666666666666,1.8,0.5733333333333334,0.08
E3_QUALITY,C3,20,50,0.6095441568910788,0.012190883137821575,0.46666666666666673,0.5466666666666666,1.82,0.5733333333333334,0.04
E3_QUALITY,C3,20,100,1.3232689957713504,0.013232689957713505,0.5166666666666666,0.5266666666666666,1.9,0.6033333333333334,0.04666666666666667
E3_QUALITY,C3,20,250,2.91945996411657,0.01167783985646628,0.5266666666666666,0.5413333333333333,1.9106666666666667,0.6,0.021333333333333333
E3_QUALITY,C3,20,500,5.873745706621958,0.011747491413243915,0.5086666666666668,0.544,1.934,0.6133333333333333,0.014
E3_QUALITY,C4,20,25,0.32744891016968075,0.01309795640678723,0.5066666666666666,0.56,1.8,0.5733333333333334,0.04
E3_QUALITY,C4,20,50,0.581922495065032,0.01163844990130064,0.46666666666666673,0.5533333333333333,1.82,0.5733333333333334,0.02
E3_QUALITY,C4,20,100,1.1834747262662448,0.011834747262662449,0.5166666666666666,0.5366666666666666,1.9,0.6033333333333334,0.01
E3_QUALITY,C4,20,250,2.7566356875180538,0.011026542750072215,0.5266666666666666,0.5466666666666666,1.9106666666666667,0.6,0.006666666666666667
E3_QUALITY,C4,20,500,5.637945612777833,0.011275891225555666,0.5093333333333336,0.5486666666666666,1.934,0.6133333333333333,0.005333333333333333
E3_QUALITY,C0,21,25,0.22853496851998517,0.009141398740799406,0.43999999999999984,0.6266666666666667,1.84,0.52,0.013333333333333334
E3_QUALITY,C0,21,50,0.5265148092511592,0.010530296185023184,0.4933333333333333,0.6,1.9066666666666667,0.5666666666666667,0.013333333333333334
E3_QUALITY,C0,21,100,1.2979710391412052,0.012979710391412052,0.5266666666666666,0.5166666666666667,2.006666666666667,0.64,0.006666666666666667
E3_QUALITY,C0,21,250,3.172143141065755,0.012688572564263019,0.4919999999999999,0.528,1.9866666666666666,0.6346666666666667,0.0026666666666666666
E3_QUALITY,C0,21,500,6.712599377685273,0.013425198755370547,0.49000000000000044,0.5153333333333333,1.9853333333333334,0.6326666666666667,0.0013333333333333333
E3_QUALITY,C1,21,25,0.22853496851998517,0.009141398740799406,0.43999999999999984,0.6266666666666667,1.84,0.52,0.013333333333333334
E3_QUALITY,C1,21,50,0.5515946208325826,0.011031892416651652,0.4933333333333333,0.5933333333333334,1.9066666666666667,0.5666666666666667,0.006666666666666667
E3_QUALITY,C1,21,100,1.3230508507226284,0.013230508507226284,0.5266666666666666,0.5133333333333333,2.006666666666667,0.64,0.0033333333333333335
E3_QUALITY,C1,21,250,3.197222952647178,0.012788891810588713,0.4919999999999999,0.5266666666666666,1.9866666666666666,0.6346666666666667,0.0013333333333333333
E3_QUALITY,C1,21,500,6.737679189266697,0.013475358378533395,0.49000000000000044,0.5146666666666667,1.9853333333333334,0.6326666666666667,0.0006666666666666666
E3_QUALITY,C2,21,25,0.23026772780809518,0.009210709112323807,0.43999999999999984,0.6133333333333333,1.84,0.52,0.0
E3_QUALITY,C2,21,50,0.5533273801206926,0.011066547602413853,0.4933333333333333,0.5866666666666667,1.9066666666666667,0.5666666666666667,0.0
E3_QUALITY,C2,21,100,1.3247836100107386,0.013247836100107387,0.5266666666666666,0.51,2.006666666666667,0.64,0.0
E3_QUALITY,C2,21,250,3.1989557119352883,0.012795822847741153,0.4919999999999999,0.5253333333333333,1.9866666666666666,0.6346666666666667,0.0
E3_QUALITY,C2,21,500,6.739411948554808,0.013478823897109615,0.49000000000000044,0.514,1.9853333333333334,0.6326666666666667,0.0
E3_QUALITY,C3,21,25,0.23580376505226142,0.009432150602090456,0.43999999999999984,0.6266666666666667,1.84,0.52,0.12
E3_QUALITY,C3,21,50,0.495295559084449,0.00990591118168898,0.5,0.6133333333333333,1.9066666666666667,0.5666666666666667,0.10666666666666667
E3_QUALITY,C3,21,100,1.1621376979836995,0.011621376979836995,0.5299999999999999,0.5333333333333333,2.006666666666667,0.64,0.08666666666666667
E3_QUALITY,C3,21,250,2.75352902680331,0.011014116107213241,0.4946666666666666,0.5546666666666666,1.9866666666666666,0.6346666666666667,0.07866666666666666
E3_QUALITY,C3,21,500,5.214905817356299,0.010429811634712597,0.4920000000000005,0.5726666666666667,1.9853333333333334,0.6326666666666667,0.10133333333333333
E3_QUALITY,C4,21,25,0.22262276714727108,0.008904910685890843,0.43999999999999984,0.64,1.84,0.52,0.08
E3_QUALITY,C4,21,50,0.48424303215996384,0.009684860643199277,0.5,0.6133333333333333,1.9066666666666667,0.5666666666666667,0.08666666666666667
E3_QUALITY,C4,21,100,1.19389758613947,0.011938975861394701,0.5333333333333333,0.53,2.006666666666667,0.64,0.06
E3_QUALITY,C4,21,250,2.8455764974061437,0.011382305989624576,0.49733333333333324,0.5466666666666666,1.9866666666666666,0.6346666666666667,0.044
E3_QUALITY,C4,21,500,5.792613930819416,0.011585227861638831,0.4933333333333338,0.5466666666666666,1.9853333333333334,0.6326666666666667,0.050666666666666665
E3_QUALITY,C0,22,25,0.12490795846538089,0.004996318338615235,0.5333333333333333,0.7333333333333333,1.8533333333333333,0.5333333333333333,0.013333333333333334
E3_QUALITY,C0,22,50,0.24847453843934442,0.004969490768786888,0.5266666666666667,0.7266666666666667,1.84,0.52,0.006666666666666667
E3_QUALITY,C0,22,100,0.6151996274337446,0.006151996274337446,0.5366666666666667,0.6733333333333333,1.8866666666666667,0.58,0.0033333333333333335
E3_QUALITY,C0,22,250,1.745589803996292,0.006982359215985169,0.5253333333333334,0.66,1.9053333333333333,0.5826666666666667,0.0013333333333333333
E3_QUALITY,C0,22,500,3.6921721596430963,0.007384344319286192,0.5219999999999997,0.644,1.916,0.5833333333333334,0.0006666666666666666
E3_QUALITY,C1,22,25,0.14361195629926993,0.0057444782519707974,0.5333333333333333,0.7333333333333333,1.8533333333333333,0.5333333333333333,0.02666666666666667
E3_QUALITY,C1,22,50,0.26717853627323346,0.005343570725464669,0.5266666666666667,0.7266666666666667,1.84,0.52,0.013333333333333334
E3_QUALITY,C1,22,100,0.6339036252676337,0.006339036252676337,0.5366666666666667,0.6733333333333333,1.8866666666666667,0.58,0.006666666666666667
E3_QUALITY,C1,22,250,1.7642938018301813,0.007057175207320725,0.5253333333333334,0.66,1.9053333333333333,0.5826666666666667,0.0026666666666666666
E3_QUALITY,C1,22,500,3.710876157476986,0.007421752314953972,0.5219999999999997,0.644,1.916,0.5833333333333334,0.0013333333333333333
E3_QUALITY,C2,22,25,0.11927795164476956,0.004771118065790783,0.5333333333333333,0.7466666666666667,1.8533333333333333,0.5333333333333333,0.02666666666666667
E3_QUALITY,C2,22,50,0.2428445316187331,0.004856890632374662,0.5266666666666667,0.7333333333333333,1.84,0.52,0.013333333333333334
E3_QUALITY,C2,22,100,0.6095696206131332,0.006095696206131333,0.5366666666666667,0.6766666666666666,1.8866666666666667,0.58,0.006666666666666667
E3_QUALITY,C2,22,250,1.7399597971756808,0.006959839188702723,0.5253333333333334,0.6613333333333333,1.9053333333333333,0.5826666666666667,0.0026666666666666666
E3_QUALITY,C2,22,500,3.694987850787455,0.00738997570157491,0.5219999999999997,0.644,1.916,0.5833333333333334,0.002
E3_QUALITY,C3,22,25,0.11058672318662349,0.00442346892746494,0.5333333333333333,0.76,1.8533333333333333,0.5333333333333333,0.09333333333333334
E3_QUALITY,C3,22,50,0.23424181077551964,0.004684836215510393,0.5266666666666667,0.7466666666666667,1.84,0.52,0.08
E3_QUALITY,C3,22,100,0.485710947468523,0.0048571094746852304,0.5366666666666667,0.72,1.8866666666666667,0.58,0.11333333333333333
E3_QUALITY,C3,22,250,1.2375710580885007,0.0049502842323540025,0.5240000000000001,0.7186666666666667,1.9053333333333333,0.5826666666666667,0.12666666666666668
E3_QUALITY,C3,22,500,2.520132124682572,0.005040264249365144,0.5226666666666662,0.7093333333333334,1.916,0.5833333333333334,0.13333333333333333
E3_QUALITY,C4,22,25,0.1598608665622222,0.0063944346624888885,0.5333333333333333,0.72,1.8533333333333333,0.5333333333333333,0.06666666666666667
E3_QUALITY,C4,22,50,0.32998429238700866,0.006599685847740173,0.5266666666666667,0.7133333333333334,1.84,0.52,0.08666666666666667
E3_QUALITY,C4,22,100,0.7616203669039461,0.007616203669039461,0.5400000000000001,0.6633333333333333,1.8866666666666667,0.58,0.13333333333333333
E3_QUALITY,C4,22,250,2.013540452147427,0.008054161808589708,0.5240000000000001,0.6533333333333333,1.9053333333333333,0.5826666666666667,0.164
E3_QUALITY,C4,22,500,4.0130235355069805,0.008026047071013962,0.5219999999999997,0.654,1.916,0.5833333333333334,0.15733333333333333
E3_QUALITY,C0,23,25,0.3893414413964393,0.01557365765585757,0.4933333333333333,0.5733333333333334,1.9066666666666667,0.52,0.0
E3_QUALITY,C0,23,50,0.8076267009339564,0.016152534018679127,0.44,0.54,1.9133333333333333,0.5866666666666667,0.0
E3_QUALITY,C0,23,100,1.7864832325984679,0.017864832325984677,0.4300000000000002,0.53,1.8966666666666667,0.5766666666666667,0.0
E3_QUALITY,C0,23,250,4.2151340203267695,0.016860536081307078,0.46133333333333326,0.528,1.9173333333333333,0.5906666666666667,0.0
E3_QUALITY,C0,23,500,8.30090611282786,0.01660181222565572,0.48400000000000004,0.5293333333333333,1.9193333333333333,0.588,0.0
E3_QUALITY,C1,23,25,0.3700441443154506,0.014801765772618023,0.4933333333333333,0.5866666666666667,1.9066666666666667,0.52,0.013333333333333334
E3_QUALITY,C1,23,50,0.7883294038529676,0.01576658807705935,0.44,0.5466666666666666,1.9133333333333333,0.5866666666666667,0.006666666666666667
E3_QUALITY,C1,23,100,1.7671859355174788,0.017671859355174787,0.4300000000000002,0.5333333333333333,1.8966666666666667,0.5766666666666667,0.0033333333333333335
E3_QUALITY,C1,23,250,4.1958367232457805,0.016783346892983123,0.46133333333333326,0.5293333333333333,1.9173333333333333,0.5906666666666667,0.0013333333333333333
E3_QUALITY,C1,23,500,8.281608815746871,0.01656321763149374,0.48400000000000004,0.53,1.9193333333333333,0.588,0.0006666666666666666
E3_QUALITY,C2,23,25,0.3893414413964393,0.01557365765585757,0.4933333333333333,0.5733333333333334,1.9066666666666667,0.52,0.0
E3_QUALITY,C2,23,50,0.8076267009339564,0.016152534018679127,0.44,0.54,1.9133333333333333,0.5866666666666667,0.0
E3_QUALITY,C2,23,100,1.7864832325984679,0.017864832325984677,0.4300000000000002,0.53,1.8966666666666667,0.5766666666666667,0.0
E3_QUALITY,C2,23,250,4.2151340203267695,0.016860536081307078,0.46133333333333326,0.528,1.9173333333333333,0.5906666666666667,0.0
E3_QUALITY,C2,23,500,8.30090611282786,0.01660181222565572,0.48400000000000004,0.5293333333333333,1.9193333333333333,0.588,0.0
E3_QUALITY,C3,23,25,0.3893414413964393,0.01557365765585757,0.4933333333333333,0.5733333333333334,1.9066666666666667,0.52,0.0
E3_QUALITY,C3,23,50,0.8076267009339564,0.016152534018679127,0.44,0.54,1.9133333333333333,0.5866666666666667,0.0
E3_QUALITY,C3,23,100,1.7562468877987178,0.017562468877987177,0.4300000000000002,0.5333333333333333,1.8966666666666667,0.5766666666666667,0.0033333333333333335
E3_QUALITY,C3,23,250,3.926908465353155,0.01570763386141262,0.46133333333333326,0.5506666666666666,1.9173333333333333,0.5906666666666667,0.03333333333333333
E3_QUALITY,C3,23,500,7.061944761435917,0.014123889522871835,0.48666666666666664,0.5766666666666667,1.9193333333333333,0.588,0.074
E3_QUALITY,C4,23,25,0.3893414413964393,0.01557365765585757,0.4933333333333333,0.5733333333333334,1.9066666666666667,0.52,0.0
E3_QUALITY,C4,23,50,0.8076267009339564,0.016152534018679127,0.44,0.54,1.9133333333333333,0.5866666666666667,0.0
E3_QUALITY,C4,23,100,1.7666949377134393,0.017666949377134394,0.4300000000000002,0.5366666666666666,1.8966666666666667,0.5766666666666667,0.006666666666666667
E3_QUALITY,C4,23,250,4.169467784947487,0.016677871139789947,0.46133333333333326,0.532,1.9173333333333333,0.5906666666666667,0.005333333333333333
E3_QUALITY,C4,23,500,7.4411027778563525,0.014882205555712706,0.486,0.5613333333333334,1.9193333333333333,0.588,0.06666666666666667
E3_QUALITY,C0,24,25,0.20044013932584326,0.00801760557303373,0.56,0.64,1.72,0.48,0.0
E3_QUALITY,C0,24,50,0.36925651756738265,0.0073851303513476525,0.5333333333333333,0.6666666666666666,1.7733333333333334,0.4866666666666667,0.0
E3_QUALITY,C0,24,100,0.9490719591406962,0.009490719591406961,0.49000000000000016,0.6333333333333333,1.81,0.5233333333333333,0.0
E3_QUALITY,C0,24,250,2.418957571349093,0.009675830285396373,0.516,0.6173333333333333,1.832,0.5453333333333333,0.0
E3_QUALITY,C0,24,500,5.33613897919628,0.010672277958392559,0.5133333333333338,0.6026666666666667,1.8713333333333333,0.5606666666666666,0.0
E3_QUALITY,C1,24,25,0.20044013932584326,0.00801760557303373,0.56,0.64,1.72,0.48,0.0
E3_QUALITY,C1,24,50,0.36925651756738265,0.0073851303513476525,0.5333333333333333,0.6666666666666666,1.7733333333333334,0.4866666666666667,0.0
E3_QUALITY,C1,24,100,0.9490719591406962,0.009490719591406961,0.49000000000000016,0.6333333333333333,1.81,0.5233333333333333,0.0
E3_QUALITY,C1,24,250,2.418957571349093,0.009675830285396373,0.516,0.6173333333333333,1.832,0.5453333333333333,0.0
E3_QUALITY,C1,24,500,5.33613897919628,0.010672277958392559,0.5133333333333338,0.6026666666666667,1.8713333333333333,0.5606666666666666,0.0
E3_QUALITY,C2,24,25,0.19366611378690762,0.007746644551476305,0.56,0.6533333333333333,1.72,0.48,0.013333333333333334
E3_QUALITY,C2,24,50,0.362482492028447,0.00724964984056894,0.5333333333333333,0.6733333333333333,1.7733333333333334,0.4866666666666667,0.006666666666666667
E3_QUALITY,C2,24,100,0.9422979336017607,0.009422979336017608,0.49000000000000016,0.6366666666666667,1.81,0.5233333333333333,0.0033333333333333335
E3_QUALITY,C2,24,250,2.4121835458101577,0.00964873418324063,0.516,0.6186666666666667,1.832,0.5453333333333333,0.0013333333333333333
E3_QUALITY,C2,24,500,5.329364953657343,0.010658729907314687,0.5133333333333338,0.6033333333333334,1.8713333333333333,0.5606666666666666,0.0006666666666666666
E3_QUALITY,C3,24,25,0.1879391756484688,0.007517567025938751,0.56,0.6533333333333333,1.72,0.48,0.05333333333333334
E3_QUALITY,C3,24,50,0.3567555538900082,0.007135111077800163,0.5333333333333333,0.6733333333333333,1.7733333333333334,0.4866666666666667,0.02666666666666667
E3_QUALITY,C3,24,100,0.9463421366388947,0.009463421366388947,0.49000000000000016,0.6333333333333333,1.81,0.5233333333333333,0.02666666666666667
E3_QUALITY,C3,24,250,2.3056364534698686,0.009222545813879475,0.5173333333333334,0.6306666666666667,1.832,0.5453333333333333,0.05333333333333334
E3_QUALITY,C3,24,500,4.851539552579606,0.009703079105159211,0.5133333333333338,0.6286666666666667,1.8713333333333333,0.5606666666666666,0.088
E3_QUALITY,C4,24,25,0.17464966630856238,0.006985986652342496,0.56,0.6933333333333334,1.72,0.48,0.08
E3_QUALITY,C4,24,50,0.32052811848722174,0.006410562369744435,0.5333333333333333,0.7133333333333334,1.7733333333333334,0.4866666666666667,0.06666666666666667
E3_QUALITY,C4,24,100,0.8604000055764094,0.008604000055764094,0.49000000000000016,0.6566666666666666,1.81,0.5233333333333333,0.08
E3_QUALITY,C4,24,250,2.1805351945254547,0.008722140778101819,0.5173333333333333,0.644,1.832,0.5453333333333333,0.08533333333333333
E3_QUALITY,C4,24,500,4.97019514574512,0.00994039029149024,0.5133333333333336,0.6206666666666667,1.8713333333333333,0.5606666666666666,0.08533333333333333
E3_QUALITY,C0,25,25,0.4519738888867254,0.018078955555469015,0.45333333333333337,0.5733333333333334,1.8533333333333333,0.6133333333333333,0.02666666666666667
E3_QUALITY,C0,25,50,0.8331980986541785,0.01666396197308357,0.4600000000000001,0.5733333333333334,1.9,0.6,0.013333333333333334
E3_QUALITY,C0,25,100,1.7480258915669222,0.017480258915669223,0.4733333333333334,0.56,1.9133333333333333,0.5933333333333334,0.006666666666666667
E3_QUALITY,C0,25,250,4.049046506873041,0.016196186027492163,0.4973333333333335,0.5893333333333334,1.9213333333333333,0.5826666666666667,0.0026666666666666666
E3_QUALITY,C0,25,500,8.803371824712027,0.017606743649424054,0.4879999999999999,0.564,1.9566666666666668,0.596,0.0013333333333333333
E3_QUALITY,C1,25,25,0.48715123939506644,0.019486049575802657,0.45333333333333337,0.56,1.8533333333333333,0.6133333333333333,0.06666666666666667
E3_QUALITY,C1,25,50,0.8683754491625195,0.01736750898325039,0.4600000000000001,0.5666666666666667,1.9,0.6,0.03333333333333333
E3_QUALITY,C1,25,100,1.7832032420752633,0.017832032420752632,0.4733333333333334,0.5566666666666666,1.9133333333333333,0.5933333333333334,0.016666666666666666
E3_QUALITY,C1,25,250,4.0842238573813825,0.01633689542952553,0.4973333333333335,0.588,1.9213333333333333,0.5826666666666667,0.006666666666666667
E3_QUALITY,C1,25,500,8.838549175220365,0.01767709835044073,0.4879999999999999,0.5633333333333334,1.9566666666666668,0.596,0.0033333333333333335
E3_QUALITY,C2,25,25,0.4768789311016511,0.019075157244066044,0.45333333333333337,0.56,1.8533333333333333,0.6133333333333333,0.02666666666666667
E3_QUALITY,C2,25,50,0.8581031408691042,0.017162062817382084,0.4600000000000001,0.5666666666666667,1.9,0.6,0.013333333333333334
E3_QUALITY,C2,25,100,1.772930933781848,0.01772930933781848,0.4733333333333334,0.5566666666666666,1.9133333333333333,0.5933333333333334,0.006666666666666667
E3_QUALITY,C2,25,250,4.073951549087967,0.01629580619635187,0.4973333333333335,0.588,1.9213333333333333,0.5826666666666667,0.0026666666666666666
E3_QUALITY,C2,25,500,8.828276866926952,0.017656553733853903,0.4879999999999999,0.5633333333333334,1.9566666666666668,0.596,0.0013333333333333333
E3_QUALITY,C3,25,25,0.45277450327234214,0.018110980130893687,0.45333333333333337,0.56,1.8533333333333333,0.6133333333333333,0.013333333333333334
E3_QUALITY,C3,25,50,0.8339987130397952,0.016679974260795906,0.4600000000000001,0.5666666666666667,1.9,0.6,0.006666666666666667
E3_QUALITY,C3,25,100,1.7488265059525387,0.017488265059525387,0.4733333333333334,0.5566666666666666,1.9133333333333333,0.5933333333333334,0.0033333333333333335
E3_QUALITY,C3,25,250,4.02100825611502,0.01608403302446008,0.4973333333333335,0.5906666666666667,1.9213333333333333,0.5826666666666667,0.004
E3_QUALITY,C3,25,500,8.75373531642639,0.01750747063285278,0.4879999999999999,0.5653333333333334,1.9566666666666668,0.596,0.0033333333333333335
E3_QUALITY,C4,25,25,0.4424453883563466,0.017697815534253866,0.45333333333333337,0.56,1.8533333333333333,0.6133333333333333,0.05333333333333334
E3_QUALITY,C4,25,50,0.8202739428402428,0.016405478856804857,0.4600000000000001,0.5733333333333334,1.9,0.6,0.03333333333333333
E3_QUALITY,C4,25,100,1.7555226924200351,0.017555226924200352,0.4733333333333334,0.56,1.9133333333333333,0.5933333333333334,0.02
E3_QUALITY,C4,25,250,4.146813608236698,0.016587254432946792,0.4973333333333335,0.5853333333333334,1.9213333333333333,0.5826666666666667,0.029333333333333333
E3_QUALITY,C4,25,500,9.18941273240167,0.018378825464803343,0.4873333333333332,0.556,1.9566666666666668,0.596,0.038
E3_QUALITY,C0,26,25,0.2641835194431585,0.01056734077772634,0.5066666666666666,0.6,1.9866666666666666,0.6,0.013333333333333334
E3_QUALITY,C0,26,50,0.5214267208845963,0.010428534417691926,0.5200000000000002,0.5666666666666667,1.9533333333333334,0.6,0.006666666666666667
E3_QUALITY,C0,26,100,0.9544542481560856,0.009544542481560857,0.5433333333333333,0.5966666666666667,1.94,0.6033333333333334,0.0033333333333333335
E3_QUALITY,C0,26,250,2.0472012578243084,0.008188805031297234,0.5106666666666666,0.644,1.9,0.572,0.0013333333333333333
E3_QUALITY,C0,26,500,4.345293258505699,0.008690586517011399,0.4946666666666664,0.6233333333333333,1.8906666666666667,0.572,0.0006666666666666666
E3_QUALITY,C1,26,25,0.2616196159380208,0.010464784637520833,0.5066666666666666,0.6133333333333333,1.9866666666666666,0.6,0.0
E3_QUALITY,C1,26,50,0.5188628173794586,0.010377256347589172,0.5200000000000002,0.5733333333333334,1.9533333333333334,0.6,0.0
E3_QUALITY,C1,26,100,0.9518903446509479,0.009518903446509479,0.5433333333333333,0.6,1.94,0.6033333333333334,0.0
E3_QUALITY,C1,26,250,2.0446373543191707,0.008178549417276682,0.5106666666666666,0.6453333333333333,1.9,0.572,0.0
E3_QUALITY,C1,26,500,4.342729355000562,0.008685458710001124,0.4946666666666664,0.624,1.8906666666666667,0.572,0.0
E3_QUALITY,C2,26,25,0.2616196159380208,0.010464784637520833,0.5066666666666666,0.6133333333333333,1.9866666666666666,0.6,0.0
E3_QUALITY,C2,26,50,0.5188628173794586,0.010377256347589172,0.5200000000000002,0.5733333333333334,1.9533333333333334,0.6,0.0
E3_QUALITY,C2,26,100,0.9518903446509479,0.009518903446509479,0.5433333333333333,0.6,1.94,0.6033333333333334,0.0
E3_QUALITY,C2,26,250,2.0446373543191707,0.008178549417276682,0.5106666666666666,0.6453333333333333,1.9,0.572,0.0
E3_QUALITY,C2,26,500,4.342729355000562,0.008685458710001124,0.4946666666666664,0.624,1.8906666666666667,0.572,0.0
E3_QUALITY,C3,26,25,0.29874769209709107,0.011949907683883643,0.5066666666666666,0.5333333333333333,1.9866666666666666,0.6,0.09333333333333334
E3_QUALITY,C3,26,50,0.5516723251423084,0.011033446502846166,0.5200000000000002,0.5333333333333333,1.9533333333333334,0.6,0.05333333333333334
E3_QUALITY,C3,26,100,0.9784545194585538,0.009784545194585537,0.5466666666666667,0.58,1.94,0.6033333333333334,0.03333333333333333
E3_QUALITY,C3,26,250,2.1318767821544933,0.008527507128617972,0.5119999999999999,0.632,1.9,0.572,0.036
E3_QUALITY,C3,26,500,4.502606215525359,0.009005212431050718,0.495333333333333,0.6126666666666667,1.8906666666666667,0.572,0.027333333333333334
E3_QUALITY,C4,26,25,0.2660617899405977,0.010642471597623908,0.5066666666666666,0.5733333333333334,1.9866666666666666,0.6,0.14666666666666667
E3_QUALITY,C4,26,50,0.4556075031545359,0.009112150063090718,0.5200000000000002,0.5866666666666667,1.9533333333333334,0.6,0.13333333333333333
E3_QUALITY,C4,26,100,0.8319549556469867,0.008319549556469867,0.5466666666666667,0.6266666666666667,1.94,0.6033333333333334,0.11666666666666667
E3_QUALITY,C4,26,250,1.9690347553676015,0.007876139021470406,0.5133333333333333,0.656,1.9,0.572,0.096
E3_QUALITY,C4,26,500,4.364380513961068,0.008728761027922137,0.4959999999999997,0.6286666666666667,1.8906666666666667,0.572,0.10133333333333333
E3_QUALITY,C0,27,25,0.22805645342549097,0.009122258137019638,0.49333333333333335,0.6666666666666666,1.64,0.4666666666666667,0.0
E3_QUALITY,C0,27,50,0.48794050497335606,0.009758810099467122,0.48000000000000015,0.62,1.82,0.5533333333333333,0.0
E3_QUALITY,C0,27,100,0.9967515785517618,0.009967515785517618,0.5199999999999999,0.6266666666666667,1.87,0.5733333333333334,0.0
E3_QUALITY,C0,27,250,2.6952522670847507,0.010781009068339002,0.5079999999999997,0.6053333333333333,1.912,0.592,0.0
E3_QUALITY,C0,27,500,5.41504493621154,0.010830089872423081,0.5133333333333333,0.6013333333333334,1.9253333333333333,0.5906666666666667,0.0
E3_QUALITY,C1,27,25,0.22805645342549097,0.009122258137019638,0.49333333333333335,0.6666666666666666,1.64,0.4666666666666667,0.0
E3_QUALITY,C1,27,50,0.48794050497335606,0.009758810099467122,0.48000000000000015,0.62,1.82,0.5533333333333333,0.0
E3_QUALITY,C1,27,100,0.9967515785517618,0.009967515785517618,0.5199999999999999,0.6266666666666667,1.87,0.5733333333333334,0.0
E3_QUALITY,C1,27,250,2.6952522670847507,0.010781009068339002,0.5079999999999997,0.6053333333333333,1.912,0.592,0.0
E3_QUALITY,C1,27,500,5.41504493621154,0.010830089872423081,0.5133333333333333,0.6013333333333334,1.9253333333333333,0.5906666666666667,0.0
E3_QUALITY,C2,27,25,0.22071439177292873,0.00882857567091715,0.49333333333333335,0.68,1.64,0.4666666666666667,0.02666666666666667
E3_QUALITY,C2,27,50,0.4805984433207938,0.009611968866415877,0.48000000000000015,0.6266666666666667,1.82,0.5533333333333333,0.013333333333333334
E3_QUALITY,C2,27,100,0.9894095168991996,0.009894095168991996,0.5199999999999999,0.63,1.87,0.5733333333333334,0.006666666666666667
E3_QUALITY,C2,27,250,2.687910205432189,0.010751640821728756,0.5079999999999997,0.6066666666666667,1.912,0.592,0.0026666666666666666
E3_QUALITY,C2,27,500,5.407702874558979,0.010815405749117957,0.5133333333333333,0.602,1.9253333333333333,0.5906666666666667,0.0013333333333333333
E3_QUALITY,C3,27,25,0.22805645342549097,0.009122258137019638,0.49333333333333335,0.6666666666666666,1.64,0.4666666666666667,0.0
E3_QUALITY,C3,27,50,0.48794050497335606,0.009758810099467122,0.48000000000000015,0.62,1.82,0.5533333333333333,0.0
E3_QUALITY,C3,27,100,0.9967515785517618,0.009967515785517618,0.5199999999999999,0.6266666666666667,1.87,0.5733333333333334,0.0
E3_QUALITY,C3,27,250,2.6952522670847507,0.010781009068339002,0.5079999999999997,0.6053333333333333,1.912,0.592,0.0
E3_QUALITY,C3,27,500,5.41504493621154,0.010830089872423081,0.5133333333333333,0.6013333333333334,1.9253333333333333,0.5906666666666667,0.0
E3_QUALITY,C4,27,25,0.23468321599285524,0.009387328639714209,0.49333333333333335,0.6666666666666666,1.64,0.4666666666666667,0.013333333333333334
E3_QUALITY,C4,27,50,0.49456726754072033,0.009891345350814406,0.48000000000000015,0.62,1.82,0.5533333333333333,0.006666666666666667
E3_QUALITY,C4,27,100,1.0033783411191262,0.01003378341119126,0.5199999999999999,0.6266666666666667,1.87,0.5733333333333334,0.0033333333333333335
E3_QUALITY,C4,27,250,2.7018790296521162,0.010807516118608465,0.5079999999999997,0.6053333333333333,1.912,0.592,0.0013333333333333333
E3_QUALITY,C4,27,500,5.426481682063625,0.01085296336412725,0.5133333333333333,0.6006666666666667,1.9253333333333333,0.5906666666666667,0.0013333333333333333
E3_QUALITY,C0,28,25,0.36275631049242013,0.014510252419696805,0.5733333333333334,0.5066666666666667,2.08,0.68,0.06666666666666667
E3_QUALITY,C0,28,50,0.6632897217009723,0.013265794434019446,0.5533333333333332,0.5466666666666666,1.9066666666666667,0.6066666666666667,0.03333333333333333
E3_QUALITY,C0,28,100,1.2539358130859952,0.012539358130859952,0.5233333333333331,0.55,1.92,0.61,0.016666666666666666
E3_QUALITY,C0,28,250,3.12456807124894,0.012498272284995761,0.5000000000000001,0.5506666666666666,1.9293333333333333,0.5946666666666667,0.008
E3_QUALITY,C0,28,500,5.902840951207427,0.011805681902414853,0.5066666666666665,0.582,1.958,0.606,0.07266666666666667
E3_QUALITY,C1,28,25,0.3939477163325972,0.015757908653303888,0.5733333333333334,0.4666666666666667,2.08,0.68,0.04
E3_QUALITY,C1,28,50,0.6944811275411495,0.01388962255082299,0.5533333333333332,0.5266666666666666,1.9066666666666667,0.6066666666666667,0.02
E3_QUALITY,C1,28,100,1.2851272189261724,0.012851272189261725,0.5233333333333331,0.54,1.92,0.61,0.01
E3_QUALITY,C1,28,250,3.1684350166352484,0.012673740066540994,0.5000000000000001,0.5453333333333333,1.9293333333333333,0.5946666666666667,0.004
E3_QUALITY,C1,28,500,6.738917929738628,0.013477835859477256,0.5046666666666666,0.5366666666666666,1.958,0.606,0.002
E3_QUALITY,C2,28,25,0.3890592566179576,0.015562370264718304,0.5733333333333334,0.4666666666666667,2.08,0.68,0.02666666666666667
E3_QUALITY,C2,28,50,0.6895926678265099,0.013791853356530197,0.5533333333333332,0.5266666666666666,1.9066666666666667,0.6066666666666667,0.013333333333333334
E3_QUALITY,C2,28,100,1.280238759211533,0.012802387592115329,0.5233333333333331,0.54,1.92,0.61,0.006666666666666667
E3_QUALITY,C2,28,250,3.1635465569206085,0.012654186227682433,0.5000000000000001,0.5453333333333333,1.9293333333333333,0.5946666666666667,0.0026666666666666666
E3_QUALITY,C2,28,500,6.734029470023987,0.013468058940047975,0.5046666666666666,0.5366666666666666,1.958,0.606,0.0013333333333333333
E3_QUALITY,C3,28,25,0.3980872510794435,0.015923490043177738,0.5733333333333334,0.4533333333333333,2.08,0.68,0.013333333333333334
E3_QUALITY,C3,28,50,0.6986206622879958,0.013972413245759915,0.5533333333333332,0.52,1.9066666666666667,0.6066666666666667,0.006666666666666667
E3_QUALITY,C3,28,100,1.2685664687192595,0.012685664687192596,0.5233333333333331,0.54,1.92,0.61,0.01
E3_QUALITY,C3,28,250,2.856246517659242,0.011424986070636968,0.5026666666666668,0.5653333333333334,1.9293333333333333,0.5946666666666667,0.04666666666666667
E3_QUALITY,C3,28,500,5.597958945406539,0.011195917890813077,0.5066666666666667,0.59,1.958,0.606,0.08666666666666667
E3_QUALITY,C4,28,25,0.32211736334048496,0.012884694533619399,0.5733333333333334,0.52,2.08,0.68,0.17333333333333334
E3_QUALITY,C4,28,50,0.516355159606311,0.010327103192126218,0.56,0.6133333333333333,1.9066666666666667,0.6066666666666667,0.15333333333333332
E3_QUALITY,C4,28,100,0.979134103472703,0.00979134103472703,0.5266666666666665,0.6033333333333334,1.92,0.61,0.12333333333333334
E3_QUALITY,C4,28,250,2.3025241240902967,0.009210096496361187,0.5026666666666668,0.6266666666666667,1.9293333333333333,0.5946666666666667,0.14
E3_QUALITY,C4,28,500,5.080222670688759,0.010160445341377517,0.5066666666666667,0.6186666666666667,1.958,0.606,0.142
E3_QUALITY,C0,29,25,0.26033285470640094,0.010413314188256037,0.5333333333333333,0.5866666666666667,1.8533333333333333,0.56,0.02666666666666667
E3_QUALITY,C0,29,50,0.5480505438523952,0.010961010877047903,0.5533333333333333,0.5933333333333334,1.9666666666666666,0.6266666666666667,0.013333333333333334
E3_QUALITY,C0,29,100,1.2363621867977146,0.012363621867977147,0.5266666666666666,0.57,1.98,0.6333333333333333,0.006666666666666667
E3_QUALITY,C0,29,250,3.130225315480696,0.012520901261922785,0.5133333333333334,0.5826666666666667,1.9466666666666668,0.6133333333333333,0.0026666666666666666
E3_QUALITY,C0,29,500,6.091101201350044,0.012182202402700088,0.5093333333333332,0.6033333333333334,1.9426666666666668,0.5966666666666667,0.0013333333333333333
E3_QUALITY,C1,29,25,0.2583807568755729,0.010335230275022915,0.5333333333333333,0.5866666666666667,1.8533333333333333,0.56,0.02666666666666667
E3_QUALITY,C1,29,50,0.5460984460215671,0.010921968920431341,0.5533333333333333,0.5933333333333334,1.9666666666666666,0.6266666666666667,0.013333333333333334
E3_QUALITY,C1,29,100,1.2344100889668865,0.012344100889668865,0.5266666666666666,0.57,1.98,0.6333333333333333,0.006666666666666667
E3_QUALITY,C1,29,250,3.128273217649868,0.012513092870599473,0.5133333333333334,0.5826666666666667,1.9466666666666668,0.6133333333333333,0.0026666666666666666
E3_QUALITY,C1,29,500,6.089149103519215,0.01217829820703843,0.5093333333333332,0.6033333333333334,1.9426666666666668,0.5966666666666667,0.0013333333333333333
E3_QUALITY,C2,29,25,0.27344094026981,0.0109376376107924,0.5333333333333333,0.5733333333333334,1.8533333333333333,0.56,0.04
E3_QUALITY,C2,29,50,0.5611586294158042,0.011223172588316083,0.5533333333333333,0.5866666666666667,1.9666666666666666,0.6266666666666667,0.02
E3_QUALITY,C2,29,100,1.2494702723611237,0.012494702723611237,0.5266666666666666,0.5666666666666667,1.98,0.6333333333333333,0.01
E3_QUALITY,C2,29,250,3.1433334010441047,0.01257333360417642,0.5133333333333334,0.5813333333333334,1.9466666666666668,0.6133333333333333,0.004
E3_QUALITY,C2,29,500,6.104209286913452,0.012208418573826905,0.5093333333333332,0.6026666666666667,1.9426666666666668,0.5966666666666667,0.002
E3_QUALITY,C3,29,25,0.21365516178049532,0.008546206471219812,0.5333333333333333,0.6666666666666666,1.8533333333333333,0.56,0.13333333333333333
E3_QUALITY,C3,29,50,0.47400526455750086,0.009480105291150016,0.5533333333333333,0.64,1.9666666666666666,0.6266666666666667,0.12
E3_QUALITY,C3,29,100,0.9769490441841933,0.009769490441841933,0.5366666666666666,0.62,1.98,0.6333333333333333,0.11666666666666667
E3_QUALITY,C3,29,250,2.3928134173176105,0.009571253669270443,0.5186666666666666,0.6373333333333333,1.9466666666666668,0.6133333333333333,0.12933333333333333
E3_QUALITY,C3,29,500,4.380174355759148,0.008760348711518295,0.5133333333333332,0.6653333333333333,1.9426666666666668,0.5966666666666667,0.12533333333333332
E3_QUALITY,C4,29,25,0.23298108025669906,0.009319243210267962,0.5333333333333333,0.6133333333333333,1.8533333333333333,0.56,0.09333333333333334
E3_QUALITY,C4,29,50,0.5206987694026932,0.010413975388053864,0.5533333333333333,0.6066666666666667,1.9666666666666666,0.6266666666666667,0.04666666666666667
E3_QUALITY,C4,29,100,1.1997825275659737,0.011997825275659737,0.5266666666666666,0.5766666666666667,1.98,0.6333333333333333,0.03
E3_QUALITY,C4,29,250,2.893912022134929,0.011575648088539715,0.5146666666666666,0.5933333333333334,1.9466666666666668,0.6133333333333333,0.03866666666666667
E3_QUALITY,C4,29,500,5.464125159942035,0.01092825031988407,0.5099999999999998,0.622,1.9426666666666668,0.5966666666666667,0.038
E3_QUALITY,C0,30,25,0.16124779448292603,0.0064499117793170415,0.5999999999999999,0.7466666666666667,1.92,0.6133333333333333,0.0
E3_QUALITY,C0,30,50,0.4281952309428544,0.008563904618857088,0.5666666666666668,0.6733333333333333,1.94,0.6,0.0
E3_QUALITY,C0,30,100,0.8668266558262144,0.008668266558262144,0.5233333333333334,0.6633333333333333,1.9733333333333334,0.6033333333333334,0.0
E3_QUALITY,C0,30,250,2.0093088291894636,0.008037235316757855,0.5173333333333335,0.6773333333333333,1.936,0.6,0.0
E3_QUALITY,C0,30,500,4.011320463700553,0.008022640927401107,0.4973333333333334,0.686,1.9353333333333333,0.596,0.0
E3_QUALITY,C1,30,25,0.16510163122493537,0.006604065248997415,0.5999999999999999,0.7333333333333333,1.92,0.6133333333333333,0.013333333333333334
E3_QUALITY,C1,30,50,0.43204906768486373,0.008640981353697275,0.5666666666666668,0.6666666666666666,1.94,0.6,0.006666666666666667
E3_QUALITY,C1,30,100,0.8706804925682238,0.008706804925682238,0.5233333333333334,0.66,1.9733333333333334,0.6033333333333334,0.0033333333333333335
E3_QUALITY,C1,30,250,2.013162665931473,0.008052650663725892,0.5173333333333335,0.676,1.936,0.6,0.0013333333333333333
E3_QUALITY,C1,30,500,4.015174300442562,0.008030348600885124,0.4973333333333334,0.6853333333333333,1.9353333333333333,0.596,0.0006666666666666666
E3_QUALITY,C2,30,25,0.1934912560679618,0.007739650242718472,0.5866666666666666,0.6933333333333334,1.92,0.6133333333333333,0.09333333333333334
E3_QUALITY,C2,30,50,0.46043869252789016,0.009208773850557803,0.56,0.6466666666666666,1.94,0.6,0.04666666666666667
E3_QUALITY,C2,30,100,0.9111253610631115,0.009111253610631115,0.52,0.6433333333333333,1.9733333333333334,0.6033333333333334,0.03333333333333333
E3_QUALITY,C2,30,250,2.1006795115379666,0.008402718046151867,0.5160000000000001,0.6586666666666666,1.936,0.6,0.028
E3_QUALITY,C2,30,500,4.176989958108477,0.008353979916216954,0.49666666666666676,0.6706666666666666,1.9353333333333333,0.596,0.026
E3_QUALITY,C3,30,25,0.16124779448292603,0.0064499117793170415,0.5999999999999999,0.7466666666666667,1.92,0.6133333333333333,0.0
E3_QUALITY,C3,30,50,0.4281952309428544,0.008563904618857088,0.5666666666666668,0.6733333333333333,1.94,0.6,0.0
E3_QUALITY,C3,30,100,0.8668266558262144,0.008668266558262144,0.5233333333333334,0.6633333333333333,1.9733333333333334,0.6033333333333334,0.0
E3_QUALITY,C3,30,250,2.0093088291894636,0.008037235316757855,0.5173333333333335,0.6773333333333333,1.936,0.6,0.0
E3_QUALITY,C3,30,500,3.989259881895603,0.007978519763791206,0.4980000000000001,0.6866666666666666,1.9353333333333333,0.596,0.0006666666666666666
E3_QUALITY,C4,30,25,0.19323298433290692,0.0077293193733162764,0.5999999999999999,0.7066666666666667,1.92,0.6133333333333333,0.09333333333333334
E3_QUALITY,C4,30,50,0.4981647193138496,0.009963294386276992,0.56,0.6333333333333333,1.94,0.6,0.09333333333333334
E3_QUALITY,C4,30,100,1.0010149411902565,0.010010149411902565,0.52,0.6333333333333333,1.9733333333333334,0.6033333333333334,0.08666666666666667
E3_QUALITY,C4,30,250,2.3171058801402253,0.009268423520560901,0.5146666666666668,0.6346666666666667,1.936,0.6,0.084
E3_QUALITY,C4,30,500,4.592129062460668,0.009184258124921336,0.4960000000000001,0.636,1.9353333333333333,0.596,0.082
E3_QUALITY,C0,31,25,0.3563210812476373,0.014252843249905492,0.5199999999999999,0.6,1.88,0.56,0.09333333333333334
E3_QUALITY,C0,31,50,0.6190265817899449,0.012380531635798896,0.5133333333333333,0.6266666666666667,1.9533333333333334,0.5866666666666667,0.04666666666666667
E3_QUALITY,C0,31,100,1.2574887879674808,0.012574887879674807,0.5100000000000002,0.63,1.91,0.54,0.023333333333333334
E3_QUALITY,C0,31,250,3.7341170587331427,0.014936468234932571,0.5093333333333333,0.5826666666666667,1.9026666666666667,0.5653333333333334,0.010666666666666666
E3_QUALITY,C0,31,500,7.498784807281352,0.014997569614562703,0.4980000000000003,0.578,1.9246666666666667,0.582,0.005333333333333333
E3_QUALITY,C1,31,25,0.2976380403255633,0.01190552161302253,0.5333333333333332,0.6533333333333333,1.88,0.56,0.04
E3_QUALITY,C1,31,50,0.5603435408678709,0.011206870817357417,0.52,0.6533333333333333,1.9533333333333334,0.5866666666666667,0.02
E3_QUALITY,C1,31,100,1.1988057470454068,0.011988057470454068,0.5133333333333335,0.6433333333333333,1.91,0.54,0.01
E3_QUALITY,C1,31,250,3.6728623033623173,0.01469144921344927,0.5106666666666666,0.5893333333333334,1.9026666666666667,0.5653333333333334,0.004
E3_QUALITY,C1,31,500,7.437530051910526,0.014875060103821053,0.498666666666667,0.5813333333333334,1.9246666666666667,0.582,0.002
E3_QUALITY,C2,31,25,0.30951578176846134,0.012380631270738454,0.5199999999999999,0.6266666666666667,1.88,0.56,0.02666666666666667
E3_QUALITY,C2,31,50,0.572221282310769,0.01144442564621538,0.5133333333333333,0.64,1.9533333333333334,0.5866666666666667,0.013333333333333334
E3_QUALITY,C2,31,100,1.210683488488305,0.01210683488488305,0.5100000000000002,0.6366666666666667,1.91,0.54,0.006666666666666667
E3_QUALITY,C2,31,250,3.6847400448052157,0.014738960179220863,0.5093333333333333,0.5866666666666667,1.9026666666666667,0.5653333333333334,0.0026666666666666666
E3_QUALITY,C2,31,500,7.449407793353425,0.014898815586706849,0.4980000000000003,0.58,1.9246666666666667,0.582,0.0013333333333333333
E3_QUALITY,C3,31,25,0.3450948423529334,0.013803793694117336,0.5199999999999999,0.6133333333333333,1.88,0.56,0.12
E3_QUALITY,C3,31,50,0.6240074142830653,0.012480148285661305,0.5133333333333333,0.6266666666666667,1.9533333333333334,0.5866666666666667,0.07333333333333333
E3_QUALITY,C3,31,100,1.2524381598812837,0.012524381598812837,0.5100000000000002,0.6266666666666667,1.91,0.54,0.04666666666666667
E3_QUALITY,C3,31,250,3.7691623557412006,0.015076649422964803,0.5093333333333333,0.5786666666666667,1.9026666666666667,0.5653333333333334,0.030666666666666665
E3_QUALITY,C3,31,500,7.578762585017659,0.015157525170035319,0.4980000000000003,0.574,1.9246666666666667,0.582,0.021333333333333333
E3_QUALITY,C4,31,25,0.3502900503939888,0.014011602015759551,0.5199999999999999,0.6,1.88,0.56,0.08
E3_QUALITY,C4,31,50,0.6129289369660025,0.012258578739320049,0.5133333333333333,0.6333333333333333,1.9533333333333334,0.5866666666666667,0.06666666666666667
E3_QUALITY,C4,31,100,1.27067816079939,0.0127067816079939,0.5100000000000002,0.63,1.91,0.54,0.06
E3_QUALITY,C4,31,250,3.8189909578603354,0.015275963831441341,0.5106666666666666,0.572,1.9026666666666667,0.5653333333333334,0.07466666666666667
E3_QUALITY,C4,31,500,7.747687522396865,0.01549537504479373,0.49666666666666703,0.5613333333333334,1.9246666666666667,0.582,0.09866666666666667
E3_QUALITY,C0,32,25,0.3001953654869375,0.0120078146194775,0.4799999999999999,0.56,1.84,0.6,0.05333333333333334
E3_QUALITY,C0,32,50,0.6523343756598015,0.013046687513196029,0.4666666666666666,0.5266666666666666,1.9333333333333333,0.64,0.04
E3_QUALITY,C0,32,100,1.3263003918157341,0.01326300391815734,0.45333333333333337,0.52,1.9866666666666666,0.65,0.05333333333333334
E3_QUALITY,C0,32,250,3.3255569459148946,0.013302227783659578,0.49866666666666687,0.5653333333333334,1.964,0.6173333333333333,0.02266666666666667
E3_QUALITY,C0,32,500,6.26756377473679,0.012535127549473581,0.5119999999999997,0.5806666666666667,1.934,0.5953333333333334,0.011333333333333334
E3_QUALITY,C1,32,25,0.31098781891125804,0.012439512756450322,0.4799999999999999,0.56,1.84,0.6,0.08
E3_QUALITY,C1,32,50,0.6501281343137644,0.013002562686275287,0.4666666666666666,0.54,1.9333333333333333,0.64,0.04
E3_QUALITY,C1,32,100,1.2440109341104282,0.012440109341104282,0.45333333333333337,0.5566666666666666,1.9866666666666666,0.65,0.02
E3_QUALITY,C1,32,250,3.240851074827975,0.0129634042993119,0.49866666666666687,0.5813333333333334,1.964,0.6173333333333333,0.008
E3_QUALITY,C1,32,500,6.182857903649871,0.012365715807299742,0.5119999999999997,0.5886666666666667,1.934,0.5953333333333334,0.004
E3_QUALITY,C2,32,25,0.2960167205010195,0.01184066882004078,0.4799999999999999,0.5733333333333334,1.84,0.6,0.0
E3_QUALITY,C2,32,50,0.6351570359035259,0.012703140718070518,0.4666666666666666,0.5466666666666666,1.9333333333333333,0.64,0.0
E3_QUALITY,C2,32,100,1.2290398357001895,0.012290398357001894,0.45333333333333337,0.56,1.9866666666666666,0.65,0.0
E3_QUALITY,C2,32,250,3.225879976417736,0.012903519905670943,0.49866666666666687,0.5826666666666667,1.964,0.6173333333333333,0.0
E3_QUALITY,C2,32,500,6.167886805239632,0.012335773610479264,0.5119999999999997,0.5893333333333334,1.934,0.5953333333333334,0.0
E3_QUALITY,C3,32,25,0.25170477223342086,0.010068190889336835,0.4933333333333333,0.6266666666666667,1.84,0.6,0.28
E3_QUALITY,C3,32,50,0.4931295604387421,0.009862591208774842,0.4799999999999999,0.62,1.9333333333333333,0.64,0.24666666666666667
E3_QUALITY,C3,32,100,1.038547250449854,0.01038547250449854,0.46,0.6133333333333333,1.9866666666666666,0.65,0.18666666666666668
E3_QUALITY,C3,32,250,2.981450794345435,0.01192580317738174,0.5013333333333334,0.608,1.964,0.6173333333333333,0.104
E3_QUALITY,C3,32,500,5.732777156523653,0.011465554313047306,0.513333333333333,0.61,1.934,0.5953333333333334,0.08733333333333333
E3_QUALITY,C4,32,25,0.2484907594079495,0.00993963037631798,0.4799999999999999,0.6133333333333333,1.84,0.6,0.14666666666666667
E3_QUALITY,C4,32,50,0.552014980969637,0.01104029961939274,0.4666666666666666,0.5866666666666667,1.9333333333333333,0.64,0.11333333333333333
E3_QUALITY,C4,32,100,1.0342643832811125,0.010342643832811124,0.45333333333333337,0.61,1.9866666666666666,0.65,0.12
E3_QUALITY,C4,32,250,2.876957028442556,0.011507828113770224,0.49866666666666687,0.612,1.964,0.6173333333333333,0.088
E3_QUALITY,C4,32,500,5.584585124171833,0.011169170248343668,0.5119999999999997,0.614,1.934,0.5953333333333334,0.06733333333333333
E3_QUALITY,C0,33,25,0.46885053949418654,0.018754021579767462,0.5066666666666666,0.5466666666666666,1.9333333333333333,0.6266666666666667,0.04
E3_QUALITY,C0,33,50,0.8484297875598282,0.016968595751196566,0.44666666666666655,0.56,1.9666666666666666,0.6466666666666666,0.02
E3_QUALITY,C0,33,100,1.5461011498562325,0.015461011498562325,0.4700000000000001,0.5633333333333334,1.9633333333333334,0.6066666666666667,0.01
E3_QUALITY,C0,33,250,3.601994973331898,0.014407979893327592,0.47066666666666696,0.5986666666666667,1.9186666666666667,0.5933333333333334,0.004
E3_QUALITY,C0,33,500,7.407182015485184,0.014814364030970369,0.49733333333333346,0.5766666666666667,1.9346666666666668,0.5973333333333334,0.002
E3_QUALITY,C1,33,25,0.4894563080068463,0.019578252320273853,0.5066666666666666,0.52,1.9333333333333333,0.6266666666666667,0.05333333333333334
E3_QUALITY,C1,33,50,0.869035556072488,0.01738071112144976,0.44666666666666655,0.5466666666666666,1.9666666666666666,0.6466666666666666,0.02666666666666667
E3_QUALITY,C1,33,100,1.5667069183688924,0.015667069183688924,0.4700000000000001,0.5566666666666666,1.9633333333333334,0.6066666666666667,0.013333333333333334
E3_QUALITY,C1,33,250,3.6226007418445585,0.014490402967378234,0.47066666666666696,0.596,1.9186666666666667,0.5933333333333334,0.005333333333333333
E3_QUALITY,C1,33,500,7.427787783997846,0.014855575567995691,0.49733333333333346,0.5753333333333334,1.9346666666666668,0.5973333333333334,0.0026666666666666666
E3_QUALITY,C2,33,25,0.48421645373636246,0.019368658149454498,0.5066666666666666,0.52,1.9333333333333333,0.6266666666666667,0.013333333333333334
E3_QUALITY,C2,33,50,0.8637957018020043,0.017275914036040084,0.44666666666666655,0.5466666666666666,1.9666666666666666,0.6466666666666666,0.006666666666666667
E3_QUALITY,C2,33,100,1.5614670640984087,0.015614670640984088,0.4700000000000001,0.5566666666666666,1.9633333333333334,0.6066666666666667,0.0033333333333333335
E3_QUALITY,C2,33,250,3.6173608875740744,0.014469443550296297,0.47066666666666696,0.596,1.9186666666666667,0.5933333333333334,0.0013333333333333333
E3_QUALITY,C2,33,500,7.422547929727361,0.014845095859454722,0.49733333333333346,0.5753333333333334,1.9346666666666668,0.5973333333333334,0.0006666666666666666
E3_QUALITY,C3,33,25,0.5003276848180906,0.020013107392723627,0.5066666666666666,0.49333333333333335,1.9333333333333333,0.6266666666666667,0.02666666666666667
E3_QUALITY,C3,33,50,0.8799069328837325,0.01759813865767465,0.44666666666666655,0.5333333333333333,1.9666666666666666,0.6466666666666666,0.013333333333333334
E3_QUALITY,C3,33,100,1.5775782951801367,0.015775782951801366,0.4700000000000001,0.55,1.9633333333333334,0.6066666666666667,0.006666666666666667
E3_QUALITY,C3,33,250,3.6334721186558028,0.01453388847462321,0.47066666666666696,0.5933333333333334,1.9186666666666667,0.5933333333333334,0.0026666666666666666
E3_QUALITY,C3,33,500,7.443459492775053,0.014886918985550106,0.49733333333333346,0.5733333333333334,1.9346666666666668,0.5973333333333334,0.002
E3_QUALITY,C4,33,25,0.4892367949690178,0.019569471798760712,0.5066666666666666,0.52,1.9333333333333333,0.6266666666666667,0.02666666666666667
E3_QUALITY,C4,33,50,0.8744136675773512,0.017488273351547023,0.44666666666666655,0.5466666666666666,1.9666666666666666,0.6466666666666666,0.02
E3_QUALITY,C4,33,100,1.5720850298737554,0.015720850298737554,0.4700000000000001,0.5566666666666666,1.9633333333333334,0.6066666666666667,0.01
E3_QUALITY,C4,33,250,3.625582472490999,0.014502329889963996,0.47066666666666696,0.5973333333333334,1.9186666666666667,0.5933333333333334,0.006666666666666667
E3_QUALITY,C4,33,500,7.460310048510343,0.014920620097020686,0.49733333333333346,0.576,1.9346666666666668,0.5973333333333334,0.006666666666666667
E3_QUALITY,C0,34,25,0.29556854701601226,0.01182274188064049,0.42666666666666664,0.5466666666666666,1.9333333333333333,0.6266666666666667,0.0
E3_QUALITY,C0,34,50,0.5845631528719102,0.011691263057438204,0.4133333333333332,0.58,1.9133333333333333,0.6,0.0
E3_QUALITY,C0,34,100,1.1527774174712575,0.011527774174712575,0.46666666666666656,0.5833333333333334,1.8833333333333333,0.6,0.0
E3_QUALITY,C0,34,250,2.979719282700474,0.011918877130801895,0.4866666666666666,0.568,1.9173333333333333,0.608,0.0
E3_QUALITY,C0,34,500,5.803057989519729,0.011606115979039459,0.4966666666666666,0.582,1.92,0.5986666666666667,0.0
E3_QUALITY,C1,34,25,0.29556854701601226,0.01182274188064049,0.42666666666666664,0.5466666666666666,1.9333333333333333,0.6266666666666667,0.0
E3_QUALITY,C1,34,50,0.5845631528719102,0.011691263057438204,0.4133333333333332,0.58,1.9133333333333333,0.6,0.0
E3_QUALITY,C1,34,100,1.1527774174712575,0.011527774174712575,0.46666666666666656,0.5833333333333334,1.8833333333333333,0.6,0.0
E3_QUALITY,C1,34,250,2.979719282700474,0.011918877130801895,0.4866666666666666,0.568,1.9173333333333333,0.608,0.0
E3_QUALITY,C1,34,500,5.803057989519729,0.011606115979039459,0.4966666666666666,0.582,1.92,0.5986666666666667,0.0
E3_QUALITY,C2,34,25,0.29556854701601226,0.01182274188064049,0.42666666666666664,0.5466666666666666,1.9333333333333333,0.6266666666666667,0.0
E3_QUALITY,C2,34,50,0.5845631528719102,0.011691263057438204,0.4133333333333332,0.58,1.9133333333333333,0.6,0.0
E3_QUALITY,C2,34,100,1.1527774174712575,0.011527774174712575,0.46666666666666656,0.5833333333333334,1.8833333333333333,0.6,0.0
E3_QUALITY,C2,34,250,2.979719282700474,0.011918877130801895,0.4866666666666666,0.568,1.9173333333333333,0.608,0.0
E3_QUALITY,C2,34,500,5.803057989519729,0.011606115979039459,0.4966666666666666,0.582,1.92,0.5986666666666667,0.0
E3_QUALITY,C3,34,25,0.29556854701601226,0.01182274188064049,0.42666666666666664,0.5466666666666666,1.9333333333333333,0.6266666666666667,0.0
E3_QUALITY,C3,34,50,0.5564206200759203,0.011128412401518406,0.4133333333333332,0.5866666666666667,1.9133333333333333,0.6,0.006666666666666667
E3_QUALITY,C3,34,100,1.1204000681553987,0.011204000681553987,0.46666666666666656,0.5833333333333334,1.8833333333333333,0.6,0.01
E3_QUALITY,C3,34,250,2.9218036073838807,0.011687214429535523,0.4866666666666666,0.572,1.9173333333333333,0.608,0.008
E3_QUALITY,C3,34,500,5.736269357725856,0.011472538715451713,0.4966666666666666,0.5846666666666667,1.92,0.5986666666666667,0.004666666666666667
E3_QUALITY,C4,34,25,0.29556854701601226,0.01182274188064049,0.42666666666666664,0.5466666666666666,1.9333333333333333,0.6266666666666667,0.0
E3_QUALITY,C4,34,50,0.5845631528719102,0.011691263057438204,0.4133333333333332,0.58,1.9133333333333333,0.6,0.0
E3_QUALITY,C4,34,100,1.1665153870012248,0.011665153870012247,0.46666666666666656,0.58,1.8833333333333333,0.6,0.0033333333333333335
E3_QUALITY,C4,34,250,2.993457252230442,0.011973829008921768,0.4866666666666666,0.5666666666666667,1.9173333333333333,0.608,0.0013333333333333333
E3_QUALITY,C4,34,500,5.816795959049697,0.011633591918099396,0.4966666666666666,0.5813333333333334,1.92,0.5986666666666667,0.0006666666666666666
E3_QUALITY,C0,35,25,0.4337991662230387,0.01735196664892155,0.56,0.48,2.04,0.7066666666666667,0.013333333333333334
E3_QUALITY,C0,35,50,0.9000869344371982,0.018001738688743964,0.5333333333333333,0.4866666666666667,2.033333333333333,0.6866666666666666,0.006666666666666667
E3_QUALITY,C0,35,100,1.6078379060717034,0.016078379060717032,0.5466666666666664,0.52,1.96,0.6366666666666667,0.0033333333333333335
E3_QUALITY,C0,35,250,3.7099402554263956,0.014839761021705582,0.5426666666666666,0.5426666666666666,1.9306666666666668,0.6133333333333333,0.0013333333333333333
E3_QUALITY,C0,35,500,7.414875526226776,0.014829751052453552,0.5053333333333335,0.5446666666666666,1.9446666666666668,0.6133333333333333,0.0006666666666666666
E3_QUALITY,C1,35,25,0.4318092364871484,0.017272369459485938,0.56,0.4666666666666667,2.04,0.7066666666666667,0.013333333333333334
E3_QUALITY,C1,35,50,0.8980970047013079,0.017961940094026158,0.5333333333333333,0.48,2.033333333333333,0.6866666666666666,0.006666666666666667
E3_QUALITY,C1,35,100,1.6058479763358129,0.016058479763358127,0.5466666666666664,0.5166666666666667,1.96,0.6366666666666667,0.0033333333333333335
E3_QUALITY,C1,35,250,3.7079503256905046,0.014831801302762019,0.5426666666666666,0.5413333333333333,1.9306666666666668,0.6133333333333333,0.0013333333333333333
E3_QUALITY,C1,35,500,7.412885596490884,0.01482577119298177,0.5053333333333335,0.544,1.9446666666666668,0.6133333333333333,0.0006666666666666666
E3_QUALITY,C2,35,25,0.42220740699208215,0.016888296279683288,0.56,0.49333333333333335,2.04,0.7066666666666667,0.02666666666666667
E3_QUALITY,C2,35,50,0.8884951752062415,0.017769903504124832,0.5333333333333333,0.49333333333333335,2.033333333333333,0.6866666666666666,0.013333333333333334
E3_QUALITY,C2,35,100,1.5962461468407465,0.015962461468407466,0.5466666666666664,0.5233333333333333,1.96,0.6366666666666667,0.006666666666666667
E3_QUALITY,C2,35,250,3.6983484961954383,0.014793393984781753,0.5426666666666666,0.544,1.9306666666666668,0.6133333333333333,0.0026666666666666666
E3_QUALITY,C2,35,500,7.403283766995818,0.014806567533991635,0.5053333333333335,0.5453333333333333,1.9446666666666668,0.6133333333333333,0.0013333333333333333
E3_QUALITY,C3,35,25,0.3176982674888668,0.012707930699554672,0.56,0.5866666666666667,2.04,0.7066666666666667,0.18666666666666668
E3_QUALITY,C3,35,50,0.622518505010095,0.0124503701002019,0.5333333333333333,0.6,2.033333333333333,0.6866666666666666,0.17333333333333334
E3_QUALITY,C3,35,100,1.3088327268297668,0.013088327268297667,0.5466666666666664,0.58,1.96,0.6366666666666667,0.09666666666666666
E3_QUALITY,C3,35,250,3.348808970463321,0.013395235881853283,0.5426666666666666,0.5786666666666667,1.9306666666666668,0.6133333333333333,0.06
E3_QUALITY,C3,35,500,6.839975178874972,0.013679950357749944,0.5060000000000001,0.572,1.9446666666666668,0.6133333333333333,0.04533333333333334
E3_QUALITY,C4,35,25,0.32540465022166287,0.013016186008866514,0.56,0.6266666666666667,2.04,0.7066666666666667,0.25333333333333335
E3_QUALITY,C4,35,50,0.7160718463013633,0.014321436926027267,0.5333333333333333,0.5933333333333334,2.033333333333333,0.6866666666666666,0.18
E3_QUALITY,C4,35,100,1.4667587981533603,0.014667587981533604,0.5466666666666664,0.5766666666666667,1.96,0.6366666666666667,0.12666666666666668
E3_QUALITY,C4,35,250,3.6333154148436635,0.014533261659374654,0.5426666666666666,0.564,1.9306666666666668,0.6133333333333333,0.068
E3_QUALITY,C4,35,500,7.202169334797759,0.014404338669595517,0.5060000000000001,0.556,1.9446666666666668,0.6133333333333333,0.062
E3_QUALITY,C0,36,25,0.2356922184033256,0.009427688736133024,0.44,0.52,2.04,0.64,0.0
E3_QUALITY,C0,36,50,0.4246956562678608,0.008493913125357216,0.4733333333333333,0.5733333333333334,1.9,0.56,0.0
E3_QUALITY,C0,36,100,0.9137028490139506,0.009137028490139506,0.48666666666666664,0.5633333333333334,1.8866666666666667,0.5633333333333334,0.0
E3_QUALITY,C0,36,250,2.4539844254911856,0.009815937701964742,0.5093333333333333,0.564,1.9186666666666667,0.58,0.0
E3_QUALITY,C0,36,500,5.345125920451004,0.010690251840902007,0.5059999999999999,0.5493333333333333,1.9413333333333334,0.5886666666666667,0.0
E3_QUALITY,C1,36,25,0.2332077338189194,0.009328309352756777,0.44,0.5333333333333333,2.04,0.64,0.04
E3_QUALITY,C1,36,50,0.4222111716834546,0.008444223433669093,0.4733333333333333,0.58,1.9,0.56,0.02
E3_QUALITY,C1,36,100,0.9112183644295443,0.009112183644295443,0.48666666666666664,0.5666666666666667,1.8866666666666667,0.5633333333333334,0.01
E3_QUALITY,C1,36,250,2.4514999409067793,0.009805999763627117,0.5093333333333333,0.5653333333333334,1.9186666666666667,0.58,0.004
E3_QUALITY,C1,36,500,5.342641435866597,0.010685282871733193,0.5059999999999999,0.55,1.9413333333333334,0.5886666666666667,0.002
E3_QUALITY,C2,36,25,0.2356922184033256,0.009427688736133024,0.44,0.52,2.04,0.64,0.0
E3_QUALITY,C2,36,50,0.4246956562678608,0.008493913125357216,0.4733333333333333,0.5733333333333334,1.9,0.56,0.0
E3_QUALITY,C2,36,100,0.9137028490139506,0.009137028490139506,0.48666666666666664,0.5633333333333334,1.8866666666666667,0.5633333333333334,0.0
E3_QUALITY,C2,36,250,2.4539844254911856,0.009815937701964742,0.5093333333333333,0.564,1.9186666666666667,0.58,0.0
E3_QUALITY,C2,36,500,5.345125920451004,0.010690251840902007,0.5059999999999999,0.5493333333333333,1.9413333333333334,0.5886666666666667,0.0
E3_QUALITY,C3,36,25,0.25372902161279387,0.010149160864511755,0.44,0.5066666666666667,2.04,0.64,0.08
E3_QUALITY,C3,36,50,0.43633730970131523,0.008726746194026304,0.4733333333333333,0.5733333333333334,1.9,0.56,0.04666666666666667
E3_QUALITY,C3,36,100,0.9488534807222478,0.009488534807222478,0.48666666666666664,0.5666666666666667,1.8866666666666667,0.5633333333333334,0.08
E3_QUALITY,C3,36,250,2.6128880226440456,0.010451552090576183,0.5093333333333333,0.5533333333333333,1.9186666666666667,0.58,0.05733333333333333
E3_QUALITY,C3,36,500,5.43376224974673,0.010867524499493459,0.5059999999999999,0.5506666666666666,1.9413333333333334,0.5886666666666667,0.04933333333333333
E3_QUALITY,C4,36,25,0.22538039337888577,0.009015215735155431,0.44,0.52,2.04,0.64,0.05333333333333334
E3_QUALITY,C4,36,50,0.414383831243421,0.00828767662486842,0.4733333333333333,0.5733333333333334,1.9,0.56,0.02666666666666667
E3_QUALITY,C4,36,100,0.8948539553931462,0.008948539553931462,0.48666666666666664,0.5666666666666667,1.8866666666666667,0.5633333333333334,0.016666666666666666
E3_QUALITY,C4,36,250,2.441546720376672,0.009766186881506687,0.5093333333333333,0.5626666666666666,1.9186666666666667,0.58,0.018666666666666668
E3_QUALITY,C4,36,500,5.320352982378237,0.010640705964756475,0.5059999999999999,0.5493333333333333,1.9413333333333334,0.5886666666666667,0.010666666666666666
E3_QUALITY,C0,37,25,0.23674378993401723,0.009469751597360689,0.48,0.56,2.066666666666667,0.68,0.09333333333333334
E3_QUALITY,C0,37,50,0.43658451087628647,0.008731690217525729,0.49333333333333323,0.6,1.9466666666666668,0.58,0.04666666666666667
E3_QUALITY,C0,37,100,0.9651618385230624,0.009651618385230624,0.5399999999999999,0.5833333333333334,1.99,0.6133333333333333,0.023333333333333334
E3_QUALITY,C0,37,250,2.6652291579102876,0.01066091663164115,0.5160000000000002,0.5946666666666667,1.9133333333333333,0.5733333333333334,0.009333333333333334
E3_QUALITY,C0,37,500,5.628523513910848,0.011257047027821696,0.5133333333333336,0.5766666666666667,1.93,0.5893333333333334,0.004666666666666667
E3_QUALITY,C1,37,25,0.2814339441848415,0.011257357767393662,0.48,0.52,2.066666666666667,0.68,0.08
E3_QUALITY,C1,37,50,0.48127466512711076,0.009625493302542216,0.49333333333333323,0.58,1.9466666666666668,0.58,0.04
E3_QUALITY,C1,37,100,1.0098519927738865,0.010098519927738865,0.5399999999999999,0.5733333333333334,1.99,0.6133333333333333,0.02
E3_QUALITY,C1,37,250,2.7099193121611114,0.010839677248644446,0.5160000000000002,0.5906666666666667,1.9133333333333333,0.5733333333333334,0.008
E3_QUALITY,C1,37,500,5.6732136681616705,0.011346427336323342,0.5133333333333336,0.5746666666666667,1.93,0.5893333333333334,0.004
E3_QUALITY,C2,37,25,0.3014634518049564,0.012058538072198255,0.48,0.5333333333333333,2.066666666666667,0.68,0.08
E3_QUALITY,C2,37,50,0.5013041727472256,0.010026083454944512,0.49333333333333323,0.5866666666666667,1.9466666666666668,0.58,0.04
E3_QUALITY,C2,37,100,1.0298815003940014,0.010298815003940014,0.5399999999999999,0.5766666666666667,1.99,0.6133333333333333,0.02
E3_QUALITY,C2,37,250,2.7299488197812263,0.010919795279124905,0.5160000000000002,0.592,1.9133333333333333,0.5733333333333334,0.008
E3_QUALITY,C2,37,500,5.693243175781786,0.011386486351563573,0.5133333333333336,0.5753333333333334,1.93,0.5893333333333334,0.004
E3_QUALITY,C3,37,25,0.2707397254158114,0.010829589016632456,0.48,0.6,2.066666666666667,0.68,0.14666666666666667
E3_QUALITY,C3,37,50,0.5133737884491665,0.01026747576898333,0.49333333333333323,0.6066666666666667,1.9466666666666668,0.58,0.1
E3_QUALITY,C3,37,100,0.9997959449831779,0.009997959449831778,0.5399999999999999,0.5966666666666667,1.99,0.6133333333333333,0.08
E3_QUALITY,C3,37,250,2.6730605638475855,0.010692242255390342,0.5146666666666669,0.6013333333333334,1.9133333333333333,0.5733333333333334,0.06933333333333333
E3_QUALITY,C3,37,500,5.602073801577772,0.011204147603155544,0.5126666666666668,0.5846666666666667,1.93,0.5893333333333334,0.09333333333333334
E3_QUALITY,C4,37,25,0.27507251537246336,0.011002900614898534,0.45333333333333337,0.5733333333333334,2.066666666666667,0.68,0.3333333333333333
E3_QUALITY,C4,37,50,0.4374870020972568,0.008749740041945137,0.4799999999999999,0.6066666666666667,1.9466666666666668,0.58,0.26666666666666666
E3_QUALITY,C4,37,100,0.9198772339946197,0.009198772339946197,0.5333333333333333,0.6,1.99,0.6133333333333333,0.23333333333333334
E3_QUALITY,C4,37,250,2.3512703439846465,0.009405081375938587,0.5133333333333338,0.6173333333333333,1.9133333333333333,0.5733333333333334,0.18
E3_QUALITY,C4,37,500,5.224330209157126,0.010448660418314253,0.5126666666666668,0.5993333333333334,1.93,0.5893333333333334,0.18933333333333333
E3_QUALITY,C0,38,25,0.3441246173698189,0.013764984694792757,0.5066666666666666,0.5866666666666667,2.08,0.5866666666666667,0.02666666666666667
E3_QUALITY,C0,38,50,0.6451761344590159,0.012903522689180318,0.4799999999999999,0.5733333333333334,2.08,0.6066666666666667,0.013333333333333334
E3_QUALITY,C0,38,100,1.2263871533223238,0.012263871533223239,0.4733333333333333,0.5833333333333334,2.026666666666667,0.6333333333333333,0.01
E3_QUALITY,C0,38,250,3.0805343221511574,0.01232213728860463,0.4973333333333331,0.588,1.9546666666666668,0.592,0.004
E3_QUALITY,C0,38,500,6.589752181302596,0.013179504362605192,0.4979999999999999,0.568,1.9726666666666666,0.606,0.002
E3_QUALITY,C1,38,25,0.37878288807676724,0.01515131552307069,0.4933333333333333,0.5733333333333334,2.08,0.5866666666666667,0.013333333333333334
E3_QUALITY,C1,38,50,0.6798344051659642,0.013596688103319283,0.4733333333333333,0.5666666666666667,2.08,0.6066666666666667,0.006666666666666667
E3_QUALITY,C1,38,100,1.2644845292614602,0.012644845292614601,0.4699999999999999,0.5766666666666667,2.026666666666667,0.6333333333333333,0.0033333333333333335
E3_QUALITY,C1,38,250,3.1186316980902937,0.012474526792361175,0.49599999999999983,0.5853333333333334,1.9546666666666668,0.592,0.0013333333333333333
E3_QUALITY,C1,38,500,6.627849557241732,0.013255699114483464,0.4973333333333332,0.5666666666666667,1.9726666666666666,0.606,0.0006666666666666666
E3_QUALITY,C2,38,25,0.36984518184516674,0.01479380727380667,0.4933333333333333,0.5733333333333334,2.08,0.5866666666666667,0.05333333333333334
E3_QUALITY,C2,38,50,0.6708966989343637,0.013417933978687274,0.4733333333333333,0.5666666666666667,2.08,0.6066666666666667,0.02666666666666667
E3_QUALITY,C2,38,100,1.2555468230298599,0.012555468230298598,0.4699999999999999,0.5766666666666667,2.026666666666667,0.6333333333333333,0.013333333333333334
E3_QUALITY,C2,38,250,3.109693991858694,0.012438775967434776,0.49599999999999983,0.5853333333333334,1.9546666666666668,0.592,0.005333333333333333
E3_QUALITY,C2,38,500,6.6189118510101315,0.013237823702020262,0.4973333333333332,0.5666666666666667,1.9726666666666666,0.606,0.0026666666666666666
E3_QUALITY,C3,38,25,0.34269291136003244,0.013707716454401298,0.5066666666666666,0.56,2.08,0.5866666666666667,0.05333333333333334
E3_QUALITY,C3,38,50,0.6460347260564747,0.012920694521129494,0.4799999999999999,0.56,2.08,0.6066666666666667,0.06
E3_QUALITY,C3,38,100,1.2264479885182935,0.012264479885182936,0.4733333333333333,0.58,2.026666666666667,0.6333333333333333,0.03666666666666667
E3_QUALITY,C3,38,250,3.0649697794553195,0.012259879117821278,0.4973333333333331,0.5866666666666667,1.9546666666666668,0.592,0.016
E3_QUALITY,C3,38,500,6.525511870140925,0.013051023740281852,0.4979999999999999,0.5686666666666667,1.9726666666666666,0.606,0.010666666666666666
E3_QUALITY,C4,38,25,0.3483791090273951,0.013935164361095804,0.5066666666666666,0.5733333333333334,2.08,0.5866666666666667,0.013333333333333334
E3_QUALITY,C4,38,50,0.6489900917640692,0.012979801835281383,0.4799999999999999,0.5733333333333334,2.08,0.6066666666666667,0.013333333333333334
E3_QUALITY,C4,38,100,1.2665383830827988,0.012665383830827987,0.4733333333333333,0.5833333333333334,2.026666666666667,0.6333333333333333,0.04
E3_QUALITY,C4,38,250,3.0465143269192625,0.01218605730767705,0.4999999999999999,0.5946666666666667,1.9546666666666668,0.592,0.08266666666666667
E3_QUALITY,C4,38,500,6.3563169494164695,0.01271263389883294,0.49999999999999994,0.5786666666666667,1.9726666666666666,0.606,0.11133333333333334
E3_QUALITY,C0,39,25,0.21726548009378205,0.008690619203751282,0.4666666666666666,0.7066666666666667,1.92,0.6,0.02666666666666667
E3_QUALITY,C0,39,50,0.4564044571559221,0.009128089143118441,0.4666666666666666,0.66,1.9866666666666666,0.62,0.1
E3_QUALITY,C0,39,100,0.8041678807286143,0.008041678807286144,0.48333333333333334,0.6666666666666666,1.9266666666666667,0.5933333333333334,0.13333333333333333
E3_QUALITY,C0,39,250,1.963345336975741,0.007853381347902965,0.48933333333333345,0.6693333333333333,1.932,0.6,0.13466666666666666
E3_QUALITY,C0,39,500,4.015753071165824,0.008031506142331647,0.49466666666666653,0.672,1.93,0.6,0.10466666666666667
E3_QUALITY,C1,39,25,0.2399775350829984,0.009599101403319937,0.4666666666666666,0.6933333333333334,1.92,0.6,0.013333333333333334
E3_QUALITY,C1,39,50,0.5357343368303602,0.010714686736607203,0.4666666666666666,0.6266666666666667,1.9866666666666666,0.62,0.006666666666666667
E3_QUALITY,C1,39,100,0.9179139768280279,0.009179139768280279,0.48333333333333334,0.6433333333333333,1.9266666666666667,0.5933333333333334,0.0033333333333333335
E3_QUALITY,C1,39,250,2.2360265925101435,0.008944106370040573,0.4880000000000001,0.6373333333333333,1.932,0.6,0.0013333333333333333
E3_QUALITY,C1,39,500,4.592157390024207,0.009184314780048414,0.49399999999999983,0.6353333333333333,1.93,0.6,0.0006666666666666666
E3_QUALITY,C2,39,25,0.2297659553770222,0.009190638215080888,0.4666666666666666,0.7066666666666667,1.92,0.6,0.02666666666666667
E3_QUALITY,C2,39,50,0.525522757124384,0.01051045514248768,0.4666666666666666,0.6333333333333333,1.9866666666666666,0.62,0.013333333333333334
E3_QUALITY,C2,39,100,0.9077023971220518,0.009077023971220517,0.48333333333333334,0.6466666666666666,1.9266666666666667,0.5933333333333334,0.006666666666666667
E3_QUALITY,C2,39,250,2.225815012804168,0.008903260051216671,0.4880000000000001,0.6386666666666667,1.932,0.6,0.0026666666666666666
E3_QUALITY,C2,39,500,4.581945810318231,0.009163891620636463,0.49399999999999983,0.636,1.93,0.6,0.0013333333333333333
E3_QUALITY,C3,39,25,0.28793496537728314,0.011517398615091325,0.4666666666666666,0.6666666666666666,1.92,0.6,0.10666666666666667
E3_QUALITY,C3,39,50,0.5844636259919721,0.011689272519839443,0.4666666666666666,0.6133333333333333,1.9866666666666666,0.62,0.08666666666666667
E3_QUALITY,C3,39,100,0.994905479924972,0.00994905479924972,0.48333333333333334,0.63,1.9266666666666667,0.5933333333333334,0.05333333333333334
E3_QUALITY,C3,39,250,2.309552242160626,0.009238208968642503,0.4880000000000001,0.6346666666666667,1.932,0.6,0.036
E3_QUALITY,C3,39,500,4.508357238506597,0.009016714477013193,0.4939999999999998,0.6406666666666667,1.93,0.6,0.05
E3_QUALITY,C4,39,25,0.25986592124720365,0.010394636849888146,0.4666666666666666,0.6666666666666666,1.92,0.6,0.06666666666666667
E3_QUALITY,C4,39,50,0.5507321958649106,0.011014643917298212,0.4666666666666666,0.62,1.9866666666666666,0.62,0.06
E3_QUALITY,C4,39,100,0.9329118358625784,0.009329118358625784,0.48333333333333334,0.64,1.9266666666666667,0.5933333333333334,0.03
E3_QUALITY,C4,39,250,2.21020475454813,0.008840819018192518,0.4880000000000001,0.6386666666666667,1.932,0.6,0.028
E3_QUALITY,C4,39,500,4.508819624892814,0.009017639249785627,0.49399999999999983,0.6393333333333333,1.93,0.6,0.029333333333333333
E3_QUALITY,C0,40,25,0.21898512794186342,0.008759405117674536,0.5066666666666667,0.68,1.84,0.5333333333333333,0.013333333333333334
E3_QUALITY,C0,40,50,0.44730357410092364,0.008946071482018474,0.5333333333333333,0.6533333333333333,1.9,0.58,0.006666666666666667
E3_QUALITY,C0,40,100,0.8503582008668028,0.008503582008668027,0.5000000000000001,0.6466666666666666,1.8966666666666667,0.5866666666666667,0.0033333333333333335
E3_QUALITY,C0,40,250,2.5849508263081207,0.010339803305232483,0.5106666666666668,0.5946666666666667,1.9386666666666668,0.6013333333333334,0.0013333333333333333
E3_QUALITY,C0,40,500,4.803598420019291,0.009607196840038582,0.51,0.604,1.9226666666666667,0.5893333333333334,0.0006666666666666666
E3_QUALITY,C1,40,25,0.21842990487197772,0.008737196194879109,0.5066666666666667,0.6933333333333334,1.84,0.5333333333333333,0.02666666666666667
E3_QUALITY,C1,40,50,0.44674835103103794,0.008934967020620759,0.5333333333333333,0.66,1.9,0.58,0.013333333333333334
E3_QUALITY,C1,40,100,0.849802977796917,0.00849802977796917,0.5000000000000001,0.65,1.8966666666666667,0.5866666666666667,0.006666666666666667
E3_QUALITY,C1,40,250,2.5843956032382343,0.010337582412952937,0.5106666666666668,0.596,1.9386666666666668,0.6013333333333334,0.0026666666666666666
E3_QUALITY,C1,40,500,4.803043196949405,0.00960608639389881,0.51,0.6046666666666667,1.9226666666666667,0.5893333333333334,0.0013333333333333333
E3_QUALITY,C2,40,25,0.18439516849214793,0.007375806739685917,0.52,0.72,1.84,0.5333333333333333,0.05333333333333334
E3_QUALITY,C2,40,50,0.41271361465120815,0.008254272293024162,0.54,0.6733333333333333,1.9,0.58,0.02666666666666667
E3_QUALITY,C2,40,100,0.8157682414170874,0.008157682414170874,0.5033333333333335,0.6566666666666666,1.8966666666666667,0.5866666666666667,0.013333333333333334
E3_QUALITY,C2,40,250,2.550360866858405,0.01020144346743362,0.5120000000000001,0.5986666666666667,1.9386666666666668,0.6013333333333334,0.005333333333333333
E3_QUALITY,C2,40,500,4.769008460569575,0.00953801692113915,0.5106666666666667,0.606,1.9226666666666667,0.5893333333333334,0.0026666666666666666
E3_QUALITY,C3,40,25,0.20969847707570194,0.008387939083028078,0.52,0.7066666666666667,1.84,0.5333333333333333,0.04
E3_QUALITY,C3,40,50,0.43801692323476216,0.008760338464695244,0.54,0.6666666666666666,1.9,0.58,0.02
E3_QUALITY,C3,40,100,0.8410715500006413,0.008410715500006412,0.5033333333333335,0.6533333333333333,1.8966666666666667,0.5866666666666667,0.01
E3_QUALITY,C3,40,250,2.1333304599752676,0.00853332183990107,0.5146666666666668,0.64,1.9386666666666668,0.6013333333333334,0.07066666666666667
E3_QUALITY,C3,40,500,4.048767138143794,0.008097534276287588,0.5126666666666666,0.6413333333333333,1.9226666666666667,0.5893333333333334,0.08066666666666666
E3_QUALITY,C4,40,25,0.18439516849214793,0.007375806739685917,0.52,0.72,1.84,0.5333333333333333,0.05333333333333334
E3_QUALITY,C4,40,50,0.41271361465120815,0.008254272293024162,0.54,0.6733333333333333,1.9,0.58,0.02666666666666667
E3_QUALITY,C4,40,100,0.8163342654851616,0.008163342654851616,0.5033333333333335,0.6566666666666666,1.8966666666666667,0.5866666666666667,0.03
E3_QUALITY,C4,40,250,2.459422919891553,0.009837691679566213,0.5133333333333335,0.6093333333333333,1.9386666666666668,0.6013333333333334,0.02266666666666667
E3_QUALITY,C4,40,500,4.626176120069074,0.009252352240138147,0.5113333333333334,0.6133333333333333,1.9226666666666667,0.5893333333333334,0.013333333333333334
E3_QUALITY,C0,41,25,0.3399612597945562,0.013598450391782249,0.49333333333333335,0.5733333333333334,1.9733333333333334,0.5866666666666667,0.08
E3_QUALITY,C0,41,50,0.6069818556609293,0.012139637113218587,0.48,0.5666666666666667,1.9933333333333334,0.5933333333333334,0.04
E3_QUALITY,C0,41,100,1.142002306708832,0.01142002306708832,0.4866666666666667,0.5866666666666667,1.9433333333333334,0.6066666666666667,0.02
E3_QUALITY,C0,41,250,3.10430354929303,0.01241721419717212,0.49200000000000027,0.5853333333333334,1.9453333333333334,0.5946666666666667,0.008
E3_QUALITY,C0,41,500,5.842738650927165,0.011685477301854331,0.4940000000000001,0.5866666666666667,1.95,0.5966666666666667,0.004
E3_QUALITY,C1,41,25,0.3487881388258784,0.013951525553035136,0.49333333333333335,0.56,1.9733333333333334,0.5866666666666667,0.06666666666666667
E3_QUALITY,C1,41,50,0.6158087346922514,0.012316174693845027,0.48,0.56,1.9933333333333334,0.5933333333333334,0.03333333333333333
E3_QUALITY,C1,41,100,1.1508291857401545,0.011508291857401544,0.4866666666666667,0.5833333333333334,1.9433333333333334,0.6066666666666667,0.016666666666666666
E3_QUALITY,C1,41,250,3.1131304283243524,0.01245252171329741,0.49200000000000027,0.584,1.9453333333333334,0.5946666666666667,0.006666666666666667
E3_QUALITY,C1,41,500,5.8515655299584886,0.011703131059916978,0.4940000000000001,0.586,1.95,0.5966666666666667,0.0033333333333333335
E3_QUALITY,C2,41,25,0.2673182193217313,0.010692728772869252,0.49333333333333335,0.64,1.9733333333333334,0.5866666666666667,0.13333333333333333
E3_QUALITY,C2,41,50,0.4766328179544945,0.00953265635908989,0.48,0.6333333333333333,1.9933333333333334,0.5933333333333334,0.11333333333333333
E3_QUALITY,C2,41,100,0.9869095478920531,0.009869095478920531,0.4866666666666667,0.6166666666666667,1.9433333333333334,0.6066666666666667,0.10333333333333333
E3_QUALITY,C2,41,250,2.8806019230804956,0.011522407692321983,0.49200000000000027,0.604,1.9453333333333334,0.5946666666666667,0.050666666666666665
E3_QUALITY,C2,41,500,5.5676437810177255,0.011135287562035452,0.4946666666666668,0.598,1.95,0.5966666666666667,0.028
E3_QUALITY,C3,41,25,0.24452752246646564,0.009781100898658626,0.49333333333333335,0.6133333333333333,1.9733333333333334,0.5866666666666667,0.38666666666666666
E3_QUALITY,C3,41,50,0.4927479229072042,0.009854958458144084,0.48,0.6133333333333333,1.9933333333333334,0.5933333333333334,0.32
E3_QUALITY,C3,41,100,0.8983406222434225,0.008983406222434225,0.48333333333333345,0.6466666666666666,1.9433333333333334,0.6066666666666667,0.27
E3_QUALITY,C3,41,250,2.421227938500371,0.009684911754001485,0.4933333333333337,0.6426666666666667,1.9453333333333334,0.5946666666666667,0.228
E3_QUALITY,C3,41,500,4.7074105303615035,0.009414821060723007,0.49533333333333335,0.6286666666666667,1.95,0.5966666666666667,0.18466666666666667
E3_QUALITY,C4,41,25,0.22200527912515233,0.008880211165006093,0.49333333333333335,0.68,1.9733333333333334,0.5866666666666667,0.37333333333333335
E3_QUALITY,C4,41,50,0.44311439585781887,0.008862287917156377,0.48666666666666664,0.64,1.9933333333333334,0.5933333333333334,0.3
E3_QUALITY,C4,41,100,0.771948730698044,0.007719487306980441,0.49000000000000005,0.66,1.9433333333333334,0.6066666666666667,0.28
E3_QUALITY,C4,41,250,2.055019191195428,0.008220076764781712,0.49466666666666703,0.6533333333333333,1.9453333333333334,0.5946666666666667,0.2693333333333333
E3_QUALITY,C4,41,500,4.13155907569962,0.00826311815139924,0.4966666666666667,0.652,1.95,0.5966666666666667,0.248
E3_QUALITY,C0,42,25,0.26944001165887205,0.010777600466354882,0.48,0.5466666666666666,1.96,0.64,0.14666666666666667
E3_QUALITY,C0,42,50,0.6789089209829141,0.013578178419658282,0.4266666666666666,0.5266666666666666,1.92,0.6333333333333333,0.14666666666666667
E3_QUALITY,C0,42,100,1.1992445072682572,0.011992445072682571,0.48333333333333334,0.58,1.86,0.58,0.10666666666666667
E3_QUALITY,C0,42,250,3.248420268021501,0.012993681072086004,0.4840000000000001,0.5826666666666667,1.888,0.5786666666666667,0.112
E3_QUALITY,C0,42,500,6.72731985351868,0.01345463970703736,0.48666666666666664,0.5693333333333334,1.934,0.6026666666666667,0.17
E3_QUALITY,C1,42,25,0.34490900945380726,0.01379636037815229,0.48,0.4533333333333333,1.96,0.64,0.0
E3_QUALITY,C1,42,50,0.6899074176139413,0.013798148352278826,0.4266666666666666,0.5066666666666667,1.92,0.6333333333333333,0.0
E3_QUALITY,C1,42,100,1.223012222582658,0.012230122225826581,0.48333333333333334,0.5566666666666666,1.86,0.58,0.0
E3_QUALITY,C1,42,250,3.4769055239135964,0.013907622095654385,0.4826666666666668,0.544,1.888,0.5786666666666667,0.0
E3_QUALITY,C1,42,500,7.200883560792661,0.014401767121585323,0.48533333333333334,0.5246666666666666,1.934,0.6026666666666667,0.0
E3_QUALITY,C2,42,25,0.32900048660761627,0.01316001946430465,0.48,0.4666666666666667,1.96,0.64,0.013333333333333334
E3_QUALITY,C2,42,50,0.6739988947677502,0.013479977895355004,0.4266666666666666,0.5133333333333333,1.92,0.6333333333333333,0.006666666666666667
E3_QUALITY,C2,42,100,1.2071036997364668,0.012071036997364669,0.48333333333333334,0.56,1.86,0.58,0.0033333333333333335
E3_QUALITY,C2,42,250,3.4609970010674056,0.013843988004269623,0.4826666666666668,0.5453333333333333,1.888,0.5786666666666667,0.0013333333333333333
E3_QUALITY,C2,42,500,7.184975037946469,0.014369950075892937,0.48533333333333334,0.5253333333333333,1.934,0.6026666666666667,0.0006666666666666666
E3_QUALITY,C3,42,25,0.30385360403691253,0.012154144161476501,0.48,0.5066666666666667,1.96,0.64,0.12
E3_QUALITY,C3,42,50,0.7067143217723318,0.014134286435446636,0.4266666666666666,0.5133333333333333,1.92,0.6333333333333333,0.1
E3_QUALITY,C3,42,100,1.2528128637424445,0.012528128637424444,0.48333333333333334,0.5566666666666666,1.86,0.58,0.06666666666666667
E3_QUALITY,C3,42,250,3.5412808331974888,0.014165123332789955,0.4826666666666668,0.5373333333333333,1.888,0.5786666666666667,0.052
E3_QUALITY,C3,42,500,7.412118927665818,0.014824237855331636,0.48533333333333334,0.5153333333333333,1.934,0.6026666666666667,0.058666666666666666
E3_QUALITY,C4,42,25,0.2434182684991938,0.009736730739967751,0.48,0.5866666666666667,1.96,0.64,0.24
E3_QUALITY,C4,42,50,0.6475255048084367,0.012950510096168735,0.4266666666666666,0.54,1.92,0.6333333333333333,0.2
E3_QUALITY,C4,42,100,1.1907257524951997,0.011907257524951998,0.48333333333333334,0.5666666666666667,1.86,0.58,0.11333333333333333
E3_QUALITY,C4,42,250,3.455487491616852,0.013821949966467408,0.4826666666666668,0.548,1.888,0.5786666666666667,0.064
E3_QUALITY,C4,42,500,7.060695348943707,0.014121390697887414,0.48599999999999993,0.5313333333333333,1.934,0.6026666666666667,0.054
E3_QUALITY,C0,43,25,0.2591568731756267,0.010366274927025068,0.5466666666666665,0.5733333333333334,1.8933333333333333,0.5733333333333334,0.013333333333333334
E3_QUALITY,C0,43,50,0.5933179474319588,0.011866358948639175,0.5466666666666666,0.58,1.9,0.5666666666666667,0.006666666666666667
E3_QUALITY,C0,43,100,1.4736017274599564,0.014736017274599564,0.5266666666666663,0.5133333333333333,1.9966666666666666,0.6166666666666667,0.0033333333333333335
E3_QUALITY,C0,43,250,3.622857279542474,0.014491429118169896,0.4866666666666666,0.5373333333333333,1.956,0.6173333333333333,0.0013333333333333333
E3_QUALITY,C0,43,500,7.25074169585418,0.014501483391708361,0.4713333333333339,0.5446666666666666,1.948,0.612,0.0006666666666666666
E3_QUALITY,C1,43,25,0.2591568731756267,0.010366274927025068,0.5466666666666665,0.5733333333333334,1.8933333333333333,0.5733333333333334,0.013333333333333334
E3_QUALITY,C1,43,50,0.5933179474319588,0.011866358948639175,0.5466666666666666,0.58,1.9,0.5666666666666667,0.006666666666666667
E3_QUALITY,C1,43,100,1.4736017274599564,0.014736017274599564,0.5266666666666663,0.5133333333333333,1.9966666666666666,0.6166666666666667,0.0033333333333333335
E3_QUALITY,C1,43,250,3.622857279542474,0.014491429118169896,0.4866666666666666,0.5373333333333333,1.956,0.6173333333333333,0.0013333333333333333
E3_QUALITY,C1,43,500,7.25074169585418,0.014501483391708361,0.4713333333333339,0.5446666666666666,1.948,0.612,0.0006666666666666666
E3_QUALITY,C2,43,25,0.26061726702523397,0.010424690681009359,0.5466666666666665,0.5733333333333334,1.8933333333333333,0.5733333333333334,0.0
E3_QUALITY,C2,43,50,0.5947783412815661,0.011895566825631324,0.5466666666666666,0.58,1.9,0.5666666666666667,0.0
E3_QUALITY,C2,43,100,1.4750621213095638,0.014750621213095639,0.5266666666666663,0.5133333333333333,1.9966666666666666,0.6166666666666667,0.0
E3_QUALITY,C2,43,250,3.6243176733920808,0.014497270693568324,0.4866666666666666,0.5373333333333333,1.956,0.6173333333333333,0.0
E3_QUALITY,C2,43,500,7.252202089703787,0.014504404179407574,0.4713333333333339,0.5446666666666666,1.948,0.612,0.0
E3_QUALITY,C3,43,25,0.24179816548318067,0.009671926619327227,0.5466666666666665,0.5866666666666667,1.8933333333333333,0.5733333333333334,0.02666666666666667
E3_QUALITY,C3,43,50,0.5759592397395128,0.011519184794790256,0.5466666666666666,0.5866666666666667,1.9,0.5666666666666667,0.013333333333333334
E3_QUALITY,C3,43,100,1.4562430197675102,0.014562430197675103,0.5266666666666663,0.5166666666666667,1.9966666666666666,0.6166666666666667,0.006666666666666667
E3_QUALITY,C3,43,250,3.610123038993612,0.014440492155974448,0.4866666666666666,0.5386666666666666,1.956,0.6173333333333333,0.004
E3_QUALITY,C3,43,500,7.09643173840957,0.01419286347681914,0.4733333333333338,0.5506666666666666,1.948,0.612,0.007333333333333333
E3_QUALITY,C4,43,25,0.25586798589753595,0.010234719435901438,0.5466666666666665,0.5866666666666667,1.8933333333333333,0.5733333333333334,0.02666666666666667
E3_QUALITY,C4,43,50,0.590029060153868,0.01180058120307736,0.5466666666666666,0.5866666666666667,1.9,0.5666666666666667,0.013333333333333334
E3_QUALITY,C4,43,100,1.459243475649988,0.01459243475649988,0.5266666666666663,0.52,1.9966666666666666,0.6166666666666667,0.01
E3_QUALITY,C4,43,250,3.5267138082300318,0.014106855232920127,0.4866666666666666,0.544,1.956,0.6173333333333333,0.010666666666666666
E3_QUALITY,C4,43,500,7.126329211084607,0.014252658422169214,0.4713333333333339,0.5493333333333333,1.948,0.612,0.009333333333333334
E3_QUALITY,C0,44,25,0.3456917577513773,0.013827670310055091,0.5333333333333334,0.6,1.7866666666666666,0.5866666666666667,0.04
E3_QUALITY,C0,44,50,0.6033158585890819,0.012066317171781638,0.5066666666666668,0.6266666666666667,1.7133333333333334,0.5133333333333333,0.02
E3_QUALITY,C0,44,100,1.1701178508648846,0.011701178508648847,0.5300000000000001,0.6233333333333333,1.7633333333333334,0.53,0.01
E3_QUALITY,C0,44,250,3.207633715806024,0.012830534863224097,0.5026666666666665,0.5853333333333334,1.8746666666666667,0.5733333333333334,0.004
E3_QUALITY,C0,44,500,6.694992660870154,0.013389985321740308,0.49933333333333296,0.566,1.9173333333333333,0.5913333333333334,0.002
E3_QUALITY,C1,44,25,0.33090803911363775,0.01323632156454551,0.5333333333333334,0.6133333333333333,1.7866666666666666,0.5866666666666667,0.06666666666666667
E3_QUALITY,C1,44,50,0.5885321399513423,0.011770642799026848,0.5066666666666668,0.6333333333333333,1.7133333333333334,0.5133333333333333,0.03333333333333333
E3_QUALITY,C1,44,100,1.155334132227145,0.01155334132227145,0.5300000000000001,0.6266666666666667,1.7633333333333334,0.53,0.016666666666666666
E3_QUALITY,C1,44,250,3.192849997168284,0.012771399988673137,0.5026666666666665,0.5866666666666667,1.8746666666666667,0.5733333333333334,0.006666666666666667
E3_QUALITY,C1,44,500,6.680208942232413,0.013360417884464827,0.49933333333333296,0.5666666666666667,1.9173333333333333,0.5913333333333334,0.0033333333333333335
E3_QUALITY,C2,44,25,0.3343892574487249,0.013375570297948995,0.5333333333333334,0.6133333333333333,1.7866666666666666,0.5866666666666667,0.02666666666666667
E3_QUALITY,C2,44,50,0.5920133582864293,0.011840267165728587,0.5066666666666668,0.6333333333333333,1.7133333333333334,0.5133333333333333,0.013333333333333334
E3_QUALITY,C2,44,100,1.1588153505622323,0.011588153505622322,0.5300000000000001,0.6266666666666667,1.7633333333333334,0.53,0.006666666666666667
E3_QUALITY,C2,44,250,3.196331215503372,0.012785324862013487,0.5026666666666665,0.5866666666666667,1.8746666666666667,0.5733333333333334,0.0026666666666666666
E3_QUALITY,C2,44,500,6.683690160567501,0.013367380321135002,0.49933333333333296,0.5666666666666667,1.9173333333333333,0.5913333333333334,0.0013333333333333333
E3_QUALITY,C3,44,25,0.32523026997119225,0.01300921079884769,0.5333333333333334,0.6133333333333333,1.7866666666666666,0.5866666666666667,0.02666666666666667
E3_QUALITY,C3,44,50,0.5828543708088967,0.011657087416177934,0.5066666666666668,0.6333333333333333,1.7133333333333334,0.5133333333333333,0.013333333333333334
E3_QUALITY,C3,44,100,1.1496563630846994,0.011496563630846994,0.5300000000000001,0.6266666666666667,1.7633333333333334,0.53,0.006666666666666667
E3_QUALITY,C3,44,250,3.1450536244786202,0.012580214497914482,0.5026666666666665,0.5906666666666667,1.8746666666666667,0.5733333333333334,0.006666666666666667
E3_QUALITY,C3,44,500,6.091281611200439,0.012182563222400878,0.5006666666666663,0.59,1.9173333333333333,0.5913333333333334,0.036
E3_QUALITY,C4,44,25,0.35619813136753836,0.014247925254701534,0.5333333333333334,0.5866666666666667,1.7866666666666666,0.5866666666666667,0.02666666666666667
E3_QUALITY,C4,44,50,0.5808481184694478,0.011616962369388957,0.5066666666666668,0.64,1.7133333333333334,0.5133333333333333,0.03333333333333333
E3_QUALITY,C4,44,100,1.0595411206582432,0.010595411206582432,0.5333333333333334,0.6333333333333333,1.7633333333333334,0.53,0.07333333333333333
E3_QUALITY,C4,44,250,2.9319579581426014,0.011727831832570406,0.5066666666666665,0.6013333333333334,1.8746666666666667,0.5733333333333334,0.092
E3_QUALITY,C4,44,500,6.03985312310346,0.01207970624620692,0.5019999999999996,0.594,1.9173333333333333,0.5913333333333334,0.09866666666666667
E3_QUALITY,C0,45,25,0.3411216416377927,0.013644865665511707,0.45333333333333337,0.6133333333333333,1.8133333333333332,0.5066666666666667,0.02666666666666667
E3_QUALITY,C0,45,50,0.7650807024561141,0.015301614049122282,0.4533333333333332,0.58,1.9533333333333334,0.5666666666666667,0.013333333333333334
E3_QUALITY,C0,45,100,1.623678450391498,0.01623678450391498,0.46333333333333315,0.5233333333333333,2.01,0.6266666666666667,0.006666666666666667
E3_QUALITY,C0,45,250,3.8165107573752763,0.015266043029501105,0.4906666666666664,0.5573333333333333,1.9533333333333334,0.6013333333333334,0.0026666666666666666
E3_QUALITY,C0,45,500,7.8482549016844665,0.01569650980336893,0.48199999999999993,0.5466666666666666,1.9433333333333334,0.6013333333333334,0.0013333333333333333
E3_QUALITY,C1,45,25,0.3436671892403694,0.013746687569614774,0.45333333333333337,0.6,1.8133333333333332,0.5066666666666667,0.04
E3_QUALITY,C1,45,50,0.7676262500586908,0.015352525001173815,0.4533333333333332,0.5733333333333334,1.9533333333333334,0.5666666666666667,0.02
E3_QUALITY,C1,45,100,1.6262239979940747,0.016262239979940748,0.46333333333333315,0.52,2.01,0.6266666666666667,0.01
E3_QUALITY,C1,45,250,3.8190563049778525,0.01527622521991141,0.4906666666666664,0.556,1.9533333333333334,0.6013333333333334,0.004
E3_QUALITY,C1,45,500,7.850800449287043,0.015701600898574086,0.48199999999999993,0.546,1.9433333333333334,0.6013333333333334,0.002
E3_QUALITY,C2,45,25,0.34587563971801094,0.013835025588720438,0.45333333333333337,0.6266666666666667,1.8133333333333332,0.5066666666666667,0.02666666666666667
E3_QUALITY,C2,45,50,0.7698347005363324,0.015396694010726648,0.4533333333333332,0.5866666666666667,1.9533333333333334,0.5666666666666667,0.013333333333333334
E3_QUALITY,C2,45,100,1.6284324484717165,0.016284324484717165,0.46333333333333315,0.5266666666666666,2.01,0.6266666666666667,0.006666666666666667
E3_QUALITY,C2,45,250,3.821264755455495,0.01528505902182198,0.4906666666666664,0.5586666666666666,1.9533333333333334,0.6013333333333334,0.0026666666666666666
E3_QUALITY,C2,45,500,7.853008899764685,0.01570601779952937,0.48199999999999993,0.5473333333333333,1.9433333333333334,0.6013333333333334,0.0013333333333333333
E3_QUALITY,C3,45,25,0.3199181215032574,0.012796724860130296,0.45333333333333337,0.64,1.8133333333333332,0.5066666666666667,0.013333333333333334
E3_QUALITY,C3,45,50,0.7132618789884402,0.014265237579768804,0.4533333333333332,0.6066666666666667,1.9533333333333334,0.5666666666666667,0.02
E3_QUALITY,C3,45,100,1.5583972210209593,0.015583972210209594,0.46333333333333315,0.54,2.01,0.6266666666666667,0.013333333333333334
E3_QUALITY,C3,45,250,3.6515199843715394,0.014606079937486157,0.4906666666666664,0.5693333333333334,1.9533333333333334,0.6013333333333334,0.017333333333333333
E3_QUALITY,C3,45,500,7.655782665939887,0.015311565331879773,0.48199999999999993,0.554,1.9433333333333334,0.6013333333333334,0.010666666666666666
E3_QUALITY,C4,45,25,0.32761675160409987,0.013104670064163994,0.45333333333333337,0.64,1.8133333333333332,0.5066666666666667,0.02666666666666667
E3_QUALITY,C4,45,50,0.7692479936159744,0.015384959872319488,0.4533333333333332,0.58,1.9533333333333334,0.5666666666666667,0.02666666666666667
E3_QUALITY,C4,45,100,1.6573177893195086,0.016573177893195085,0.46333333333333315,0.5233333333333333,2.01,0.6266666666666667,0.023333333333333334
E3_QUALITY,C4,45,250,3.6407852251480186,0.014563140900592074,0.4906666666666664,0.572,1.9533333333333334,0.6013333333333334,0.04933333333333333
E3_QUALITY,C4,45,500,7.13801614044902,0.01427603228089804,0.4826666666666665,0.57,1.9433333333333334,0.6013333333333334,0.05266666666666667
E3_QUALITY,C0,46,25,0.31601058812574545,0.012640423525029818,0.42666666666666664,0.56,1.9733333333333334,0.6,0.06666666666666667
E3_QUALITY,C0,46,50,0.5979244277640852,0.011958488555281704,0.46666666666666684,0.6266666666666667,1.9266666666666667,0.58,0.14666666666666667
E3_QUALITY,C0,46,100,1.1040363681119194,0.011040363681119193,0.5133333333333334,0.6533333333333333,2.0,0.62,0.21666666666666667
E3_QUALITY,C0,46,250,2.5630008064514076,0.01025200322580563,0.5160000000000001,0.636,1.984,0.6146666666666667,0.24133333333333334
E3_QUALITY,C0,46,500,4.98821766163154,0.00997643532326308,0.4973333333333334,0.6346666666666667,1.992,0.626,0.25266666666666665
E3_QUALITY,C1,46,25,0.33906494354090383,0.013562597741636153,0.42666666666666664,0.5466666666666666,1.9733333333333334,0.6,0.06666666666666667
E3_QUALITY,C1,46,50,0.6773716333747726,0.013547432667495451,0.46666666666666684,0.58,1.9266666666666667,0.58,0.03333333333333333
E3_QUALITY,C1,46,100,1.529405928989401,0.01529405928989401,0.5133333333333334,0.5466666666666666,2.0,0.62,0.016666666666666666
E3_QUALITY,C1,46,250,3.514352584747561,0.014057410338990245,0.5106666666666667,0.5386666666666666,1.984,0.6146666666666667,0.006666666666666667
E3_QUALITY,C1,46,500,7.28936761097425,0.0145787352219485,0.492,0.5213333333333333,1.992,0.626,0.0033333333333333335
E3_QUALITY,C2,46,25,0.3718774229244951,0.014875096916979804,0.42666666666666664,0.5066666666666667,1.9733333333333334,0.6,0.02666666666666667
E3_QUALITY,C2,46,50,0.7101841127583639,0.014203682255167278,0.46666666666666684,0.56,1.9266666666666667,0.58,0.013333333333333334
E3_QUALITY,C2,46,100,1.5622184083729924,0.015622184083729925,0.5133333333333334,0.5366666666666666,2.0,0.62,0.006666666666666667
E3_QUALITY,C2,46,250,3.5471650641311534,0.014188660256524613,0.5106666666666667,0.5346666666666666,1.984,0.6146666666666667,0.0026666666666666666
E3_QUALITY,C2,46,500,7.3221800903578425,0.014644360180715684,0.492,0.5193333333333333,1.992,0.626,0.0013333333333333333
E3_QUALITY,C3,46,25,0.36300380509161684,0.014520152203664673,0.42666666666666664,0.5066666666666667,1.9733333333333334,0.6,0.04
E3_QUALITY,C3,46,50,0.7199670943652907,0.014399341887305815,0.46666666666666684,0.5533333333333333,1.9266666666666667,0.58,0.04666666666666667
E3_QUALITY,C3,46,100,1.6127902269719283,0.016127902269719285,0.5133333333333334,0.5233333333333333,2.0,0.62,0.07333333333333333
E3_QUALITY,C3,46,250,3.6856531448806473,0.01474261257952259,0.5066666666666667,0.516,1.984,0.6146666666666667,0.07066666666666667
E3_QUALITY,C3,46,500,7.423344252130766,0.014846688504261532,0.48866666666666664,0.5133333333333333,1.992,0.626,0.064
E3_QUALITY,C4,46,25,0.3031694905057873,0.012126779620231492,0.42666666666666664,0.56,1.9733333333333334,0.6,0.10666666666666667
E3_QUALITY,C4,46,50,0.582396499468576,0.01164792998937152,0.46666666666666684,0.6133333333333333,1.9266666666666667,0.58,0.13333333333333333
E3_QUALITY,C4,46,100,1.3579783880452918,0.013579783880452919,0.5133333333333334,0.5966666666666667,2.0,0.62,0.12
E3_QUALITY,C4,46,250,3.1951582038714035,0.012780632815485613,0.512,0.5693333333333334,1.984,0.6146666666666667,0.10666666666666667
E3_QUALITY,C4,46,500,6.564560207658396,0.013129120415316792,0.494,0.554,1.992,0.626,0.09266666666666666
E3_QUALITY,C0,47,25,0.3353123669040109,0.013412494676160435,0.4666666666666666,0.56,1.9333333333333333,0.5866666666666667,0.08
E3_QUALITY,C0,47,50,0.7432040560254731,0.014864081120509463,0.4933333333333333,0.5,1.9866666666666666,0.6333333333333333,0.04
E3_QUALITY,C0,47,100,1.368576636674955,0.01368576636674955,0.5333333333333333,0.55,1.9133333333333333,0.5733333333333334,0.02
E3_QUALITY,C0,47,250,2.944225061294281,0.011776900245177125,0.5079999999999999,0.58,1.9013333333333333,0.576,0.008
E3_QUALITY,C0,47,500,6.004770203890641,0.012009540407781282,0.5113333333333326,0.5613333333333334,1.944,0.5946666666666667,0.004
E3_QUALITY,C1,47,25,0.3365431808898038,0.013461727235592151,0.4666666666666666,0.5466666666666666,1.9333333333333333,0.5866666666666667,0.05333333333333334
E3_QUALITY,C1,47,50,0.744434870011266,0.01488869740022532,0.4933333333333333,0.49333333333333335,1.9866666666666666,0.6333333333333333,0.02666666666666667
E3_QUALITY,C1,47,100,1.369807450660748,0.013698074506607481,0.5333333333333333,0.5466666666666666,1.9133333333333333,0.5733333333333334,0.013333333333333334
E3_QUALITY,C1,47,250,2.945455875280074,0.011781823501120297,0.5079999999999999,0.5786666666666667,1.9013333333333333,0.576,0.005333333333333333
E3_QUALITY,C1,47,500,6.006001017876433,0.012012002035752867,0.5113333333333326,0.5606666666666666,1.944,0.5946666666666667,0.0026666666666666666
E3_QUALITY,C2,47,25,0.34322061302300844,0.013728824520920337,0.4666666666666666,0.5333333333333333,1.9333333333333333,0.5866666666666667,0.04
E3_QUALITY,C2,47,50,0.7511123021444706,0.01502224604288941,0.4933333333333333,0.4866666666666667,1.9866666666666666,0.6333333333333333,0.02
E3_QUALITY,C2,47,100,1.3764848827939526,0.013764848827939526,0.5333333333333333,0.5433333333333333,1.9133333333333333,0.5733333333333334,0.01
E3_QUALITY,C2,47,250,2.9521333074132787,0.011808533229653115,0.5079999999999999,0.5773333333333334,1.9013333333333333,0.576,0.004
E3_QUALITY,C2,47,500,6.012678450009639,0.012025356900019277,0.5113333333333326,0.56,1.944,0.5946666666666667,0.002
E3_QUALITY,C3,47,25,0.33083236138926075,0.01323329445557043,0.4666666666666666,0.5466666666666666,1.9333333333333333,0.5866666666666667,0.02666666666666667
E3_QUALITY,C3,47,50,0.7387240505107229,0.014774481010214457,0.4933333333333333,0.49333333333333335,1.9866666666666666,0.6333333333333333,0.013333333333333334
E3_QUALITY,C3,47,100,1.3401803779435706,0.013401803779435706,0.5333333333333333,0.55,1.9133333333333333,0.5733333333333334,0.01
E3_QUALITY,C3,47,250,2.8568332326992696,0.011427332930797078,0.5079999999999999,0.5853333333333334,1.9013333333333333,0.576,0.02266666666666667
E3_QUALITY,C3,47,500,5.578794982506006,0.011157589965012012,0.5113333333333326,0.584,1.944,0.5946666666666667,0.04666666666666667
E3_QUALITY,C4,47,25,0.2928399268853538,0.011713597075414153,0.4666666666666666,0.5866666666666667,1.9333333333333333,0.5866666666666667,0.06666666666666667
E3_QUALITY,C4,47,50,0.700731616006816,0.01401463232013632,0.4933333333333333,0.5133333333333333,1.9866666666666666,0.6333333333333333,0.03333333333333333
E3_QUALITY,C4,47,100,1.314916599881187,0.01314916599881187,0.5333333333333333,0.56,1.9133333333333333,0.5733333333333334,0.02
E3_QUALITY,C4,47,250,2.8905650245005132,0.011562260098002052,0.5079999999999999,0.584,1.9013333333333333,0.576,0.008
E3_QUALITY,C4,47,500,5.951110167096874,0.011902220334193749,0.5113333333333326,0.5633333333333334,1.944,0.5946666666666667,0.004
E3_QUALITY,C0,48,25,0.2498122976011462,0.009992491904045848,0.44000000000000006,0.6266666666666667,1.76,0.52,0.08
E3_QUALITY,C0,48,50,0.7105901791369008,0.014211803582738016,0.4933333333333333,0.5466666666666666,1.9066666666666667,0.56,0.04
E3_QUALITY,C0,48,100,1.4436612985254842,0.014436612985254843,0.5233333333333332,0.55,1.9066666666666667,0.57,0.02
E3_QUALITY,C0,48,250,3.494583258046363,0.013978333032185451,0.4906666666666666,0.572,1.9333333333333333,0.5986666666666667,0.008
E3_QUALITY,C0,48,500,6.699787607072936,0.013399575214145872,0.4820000000000002,0.5726666666666667,1.932,0.5946666666666667,0.004
E3_QUALITY,C1,48,25,0.2200299233684393,0.008801196934737571,0.44000000000000006,0.6933333333333334,1.76,0.52,0.013333333333333334
E3_QUALITY,C1,48,50,0.680807804904194,0.01361615609808388,0.4933333333333333,0.58,1.9066666666666667,0.56,0.006666666666666667
E3_QUALITY,C1,48,100,1.4138789242927776,0.014138789242927776,0.5233333333333332,0.5666666666666667,1.9066666666666667,0.57,0.0033333333333333335
E3_QUALITY,C1,48,250,3.464800883813657,0.013859203535254628,0.4906666666666666,0.5786666666666667,1.9333333333333333,0.5986666666666667,0.0013333333333333333
E3_QUALITY,C1,48,500,6.6700052328402295,0.013340010465680459,0.4820000000000002,0.576,1.932,0.5946666666666667,0.0006666666666666666
E3_QUALITY,C2,48,25,0.22791563327184716,0.009116625330873887,0.44000000000000006,0.6933333333333334,1.76,0.52,0.02666666666666667
E3_QUALITY,C2,48,50,0.6886935148076018,0.013773870296152036,0.4933333333333333,0.58,1.9066666666666667,0.56,0.013333333333333334
E3_QUALITY,C2,48,100,1.4217646341961856,0.014217646341961855,0.5233333333333332,0.5666666666666667,1.9066666666666667,0.57,0.006666666666666667
E3_QUALITY,C2,48,250,3.472686593717065,0.013890746374868259,0.4906666666666666,0.5786666666666667,1.9333333333333333,0.5986666666666667,0.0026666666666666666
E3_QUALITY,C2,48,500,6.677890942743637,0.013355781885487273,0.4820000000000002,0.576,1.932,0.5946666666666667,0.0013333333333333333
E3_QUALITY,C3,48,25,0.21670304068774182,0.008668121627509674,0.44000000000000006,0.6933333333333334,1.76,0.52,0.02666666666666667
E3_QUALITY,C3,48,50,0.6774809222234964,0.013549618444469929,0.4933333333333333,0.58,1.9066666666666667,0.56,0.013333333333333334
E3_QUALITY,C3,48,100,1.4105520416120803,0.014105520416120803,0.5233333333333332,0.5666666666666667,1.9066666666666667,0.57,0.006666666666666667
E3_QUALITY,C3,48,250,3.461474001132959,0.013845896004531837,0.4906666666666666,0.5786666666666667,1.9333333333333333,0.5986666666666667,0.0026666666666666666
E3_QUALITY,C3,48,500,6.666678350159532,0.013333356700319064,0.4820000000000002,0.576,1.932,0.5946666666666667,0.0013333333333333333
E3_QUALITY,C4,48,25,0.2055367744026773,0.008221470976107093,0.44000000000000006,0.72,1.76,0.52,0.02666666666666667
E3_QUALITY,C4,48,50,0.666314655938432,0.01332629311876864,0.4933333333333333,0.5933333333333334,1.9066666666666667,0.56,0.013333333333333334
E3_QUALITY,C4,48,100,1.3726700810768733,0.013726700810768733,0.5233333333333332,0.5766666666666667,1.9066666666666667,0.57,0.016666666666666666
E3_QUALITY,C4,48,250,3.4003197775285767,0.013601279110114307,0.4906666666666666,0.5866666666666667,1.9333333333333333,0.5986666666666667,0.012
E3_QUALITY,C4,48,500,6.611579085010809,0.013223158170021617,0.4820000000000002,0.5813333333333334,1.932,0.5946666666666667,0.009333333333333334
E3_QUALITY,C0,49,25,0.4807479144984386,0.019229916579937546,0.5333333333333333,0.5333333333333333,1.92,0.6,0.02666666666666667
E3_QUALITY,C0,49,50,0.979279574375647,0.019585591487512943,0.5466666666666667,0.5066666666666667,1.9333333333333333,0.6066666666666667,0.013333333333333334
E3_QUALITY,C0,49,100,1.9421702016395903,0.019421702016395904,0.5133333333333335,0.5033333333333333,1.9,0.58,0.006666666666666667
E3_QUALITY,C0,49,250,4.900602122869114,0.019602408491476455,0.49600000000000005,0.5133333333333333,1.9106666666666667,0.5853333333333334,0.0026666666666666666
E3_QUALITY,C0,49,500,9.618348484652602,0.019236696969305203,0.4799999999999999,0.512,1.9146666666666667,0.5813333333333334,0.0013333333333333333
E3_QUALITY,C1,49,25,0.5100010347484918,0.02040004138993967,0.5333333333333333,0.5333333333333333,1.92,0.6,0.05333333333333334
E3_QUALITY,C1,49,50,1.0085326946257,0.020170653892514,0.5466666666666667,0.5066666666666667,1.9333333333333333,0.6066666666666667,0.02666666666666667
E3_QUALITY,C1,49,100,1.9714233218896435,0.019714233218896437,0.5133333333333335,0.5033333333333333,1.9,0.58,0.013333333333333334
E3_QUALITY,C1,49,250,4.9298552431191665,0.019719420972476667,0.49600000000000005,0.5133333333333333,1.9106666666666667,0.5853333333333334,0.005333333333333333
E3_QUALITY,C1,49,500,9.647601604902654,0.01929520320980531,0.4799999999999999,0.512,1.9146666666666667,0.5813333333333334,0.0026666666666666666
E3_QUALITY,C2,49,25,0.49134899971639534,0.019653959988655812,0.5333333333333333,0.5066666666666667,1.92,0.6,0.0
E3_QUALITY,C2,49,50,0.9898806595936036,0.019797613191872072,0.5466666666666667,0.49333333333333335,1.9333333333333333,0.6066666666666667,0.0
E3_QUALITY,C2,49,100,1.9527712868575469,0.019527712868575468,0.5133333333333335,0.49666666666666665,1.9,0.58,0.0
E3_QUALITY,C2,49,250,4.911203208087071,0.01964481283234828,0.49600000000000005,0.5106666666666667,1.9106666666666667,0.5853333333333334,0.0
E3_QUALITY,C2,49,500,9.628949569870558,0.019257899139741116,0.4799999999999999,0.5106666666666667,1.9146666666666667,0.5813333333333334,0.0
E3_QUALITY,C3,49,25,0.493178203558925,0.019727128142357,0.5333333333333333,0.48,1.92,0.6,0.16
E3_QUALITY,C3,49,50,0.998864597885968,0.01997729195771936,0.5466666666666667,0.47333333333333333,1.9333333333333333,0.6066666666666667,0.1
E3_QUALITY,C3,49,100,1.9683523535955525,0.019683523535955524,0.5133333333333335,0.48333333333333334,1.9,0.58,0.08666666666666667
E3_QUALITY,C3,49,250,5.162966195292043,0.02065186478116817,0.49600000000000005,0.49466666666666664,1.9106666666666667,0.5853333333333334,0.104
E3_QUALITY,C3,49,500,10.082003953544284,0.02016400790708857,0.47933333333333333,0.49733333333333335,1.9146666666666667,0.5813333333333334,0.08866666666666667
E3_QUALITY,C4,49,25,0.45961915669895087,0.018384766267958035,0.5333333333333333,0.52,1.92,0.6,0.10666666666666667
E3_QUALITY,C4,49,50,0.9313890342111972,0.018627780684223945,0.5466666666666667,0.5,1.9333333333333333,0.6066666666666667,0.12666666666666668
E3_QUALITY,C4,49,100,1.9068343455844334,0.019068343455844336,0.5166666666666668,0.5,1.9,0.58,0.12666666666666668
E3_QUALITY,C4,49,250,4.798543614531197,0.01919417445812479,0.49866666666666676,0.5106666666666667,1.9106666666666667,0.5853333333333334,0.10133333333333333
E3_QUALITY,C4,49,500,9.404185948219968,0.018808371896439937,0.48266666666666663,0.5133333333333333,1.9146666666666667,0.5813333333333334,0.094
E4_MIXED,C0,0,25,0.3552546219838067,0.014210184879352267,0.46666666666666656,0.56,1.8533333333333333,0.5866666666666667,0.013333333333333334
E4_MIXED,C0,0,50,0.7164227017963181,0.014328454035926362,0.4133333333333333,0.5666666666666667,1.8533333333333333,0.58,0.006666666666666667
E4_MIXED,C0,0,100,1.5596585397864007,0.015596585397864007,0.4866666666666666,0.55,1.9266666666666667,0.6133333333333333,0.0033333333333333335
E4_MIXED,C0,0,250,4.2722730995924545,0.017089092398369816,0.49999999999999994,0.548,1.9493333333333334,0.6013333333333334,0.0013333333333333333
E4_MIXED,C0,0,500,8.839423755497554,0.01767884751099511,0.5093333333333331,0.5473333333333333,1.9453333333333334,0.6006666666666667,0.0006666666666666666
E4_MIXED,C1,0,25,0.35400963197562535,0.014160385279025014,0.46666666666666656,0.5733333333333334,1.8533333333333333,0.5866666666666667,0.0
E4_MIXED,C1,0,50,0.7151777117881368,0.014303554235762737,0.4133333333333333,0.5733333333333334,1.8533333333333333,0.58,0.0
E4_MIXED,C1,0,100,1.5584135497782192,0.015584135497782193,0.4866666666666666,0.5533333333333333,1.9266666666666667,0.6133333333333333,0.0
E4_MIXED,C1,0,250,4.271028109584273,0.01708411243833709,0.49999999999999994,0.5493333333333333,1.9493333333333334,0.6013333333333334,0.0
E4_MIXED,C1,0,500,8.838178765489372,0.017676357530978744,0.5093333333333331,0.548,1.9453333333333334,0.6006666666666667,0.0
E4_MIXED,C2,0,25,0.35400963197562535,0.014160385279025014,0.46666666666666656,0.5733333333333334,1.8533333333333333,0.5866666666666667,0.0
E4_MIXED,C2,0,50,0.7151777117881368,0.014303554235762737,0.4133333333333333,0.5733333333333334,1.8533333333333333,0.58,0.0
E4_MIXED,C2,0,100,1.5584135497782192,0.015584135497782193,0.4866666666666666,0.5533333333333333,1.9266666666666667,0.6133333333333333,0.0
E4_MIXED,C2,0,250,4.271028109584273,0.01708411243833709,0.49999999999999994,0.5493333333333333,1.9493333333333334,0.6013333333333334,0.0
E4_MIXED,C2,0,500,8.838178765489372,0.017676357530978744,0.5093333333333331,0.548,1.9453333333333334,0.6006666666666667,0.0
E4_MIXED,C3,0,25,0.3552546219838067,0.014210184879352267,0.46666666666666656,0.56,1.8533333333333333,0.5866666666666667,0.013333333333333334
E4_MIXED,C3,0,50,0.7164227017963181,0.014328454035926362,0.4133333333333333,0.5666666666666667,1.8533333333333333,0.58,0.006666666666666667
E4_MIXED,C3,0,100,1.5596585397864007,0.015596585397864007,0.4866666666666666,0.55,1.9266666666666667,0.6133333333333333,0.0033333333333333335
E4_MIXED,C3,0,250,4.2722730995924545,0.017089092398369816,0.49999999999999994,0.548,1.9493333333333334,0.6013333333333334,0.0013333333333333333
E4_MIXED,C3,0,500,8.839423755497554,0.01767884751099511,0.5093333333333331,0.5473333333333333,1.9453333333333334,0.6006666666666667,0.0006666666666666666
E4_MIXED,C4,0,25,0.35400963197562535,0.014160385279025014,0.46666666666666656,0.5733333333333334,1.8533333333333333,0.5866666666666667,0.0
E4_MIXED,C4,0,50,0.7151777117881368,0.014303554235762737,0.4133333333333333,0.5733333333333334,1.8533333333333333,0.58,0.0
E4_MIXED,C4,0,100,1.5109513112316013,0.015109513112316014,0.4866666666666666,0.57,1.9266666666666667,0.6133333333333333,0.02666666666666667
E4_MIXED,C4,0,250,3.923017518574442,0.015692070074297768,0.5013333333333333,0.5786666666666667,1.9493333333333334,0.6013333333333334,0.07866666666666666
E4_MIXED,C4,0,500,7.824380382741609,0.015648760765483216,0.5119999999999998,0.5966666666666667,1.9453333333333334,0.6006666666666667,0.1
E4_MIXED,C0,1,25,0.3502157152496227,0.014008628609984908,0.4933333333333333,0.52,2.2133333333333334,0.7066666666666667,0.02666666666666667
E4_MIXED,C0,1,50,0.6619788547981366,0.013239577095962731,0.47999999999999987,0.5466666666666666,2.026666666666667,0.6533333333333333,0.013333333333333334
E4_MIXED,C0,1,100,1.3892152173409555,0.013892152173409555,0.4799999999999997,0.5666666666666667,1.9433333333333334,0.6,0.006666666666666667
E4_MIXED,C0,1,250,3.641084173644391,0.014564336694577565,0.5013333333333334,0.56,1.916,0.6,0.0026666666666666666
E4_MIXED,C0,1,500,7.061386602897737,0.014122773205795474,0.49,0.5653333333333334,1.9166666666666667,0.596,0.0013333333333333333
E4_MIXED,C1,1,25,0.34905590294379424,0.01396223611775177,0.4933333333333333,0.49333333333333335,2.2133333333333334,0.7066666666666667,0.09333333333333334
E4_MIXED,C1,1,50,0.660819042492308,0.01321638084984616,0.47999999999999987,0.5333333333333333,2.026666666666667,0.6533333333333333,0.04666666666666667
E4_MIXED,C1,1,100,1.3880554050351273,0.013880554050351273,0.4799999999999997,0.56,1.9433333333333334,0.6,0.023333333333333334
E4_MIXED,C1,1,250,3.639924361338563,0.014559697445354252,0.5013333333333334,0.5573333333333333,1.916,0.6,0.009333333333333334
E4_MIXED,C1,1,500,7.060226790591908,0.014120453581183814,0.49,0.564,1.9166666666666667,0.596,0.004666666666666667
E4_MIXED,C2,1,25,0.368337589587431,0.01473350358349724,0.4933333333333333,0.48,2.2133333333333334,0.7066666666666667,0.013333333333333334
E4_MIXED,C2,1,50,0.680100729135945,0.0136020145827189,0.47999999999999987,0.5266666666666666,2.026666666666667,0.6533333333333333,0.006666666666666667
E4_MIXED,C2,1,100,1.4073370916787642,0.014073370916787642,0.4799999999999997,0.5566666666666666,1.9433333333333334,0.6,0.0033333333333333335
E4_MIXED,C2,1,250,3.6592060479822,0.0146368241919288,0.5013333333333334,0.556,1.916,0.6,0.0013333333333333333
E4_MIXED,C2,1,500,7.079508477235545,0.01415901695447109,0.49,0.5633333333333334,1.9166666666666667,0.596,0.0006666666666666666
E4_MIXED,C3,1,25,0.409700388335232,0.01638801553340928,0.4933333333333333,0.4266666666666667,2.2133333333333334,0.7066666666666667,0.18666666666666668
E4_MIXED,C3,1,50,0.7484876067543075,0.01496975213508615,0.47999999999999987,0.48,2.026666666666667,0.6533333333333333,0.14666666666666667
E4_MIXED,C3,1,100,1.5082576049256118,0.015082576049256119,0.4799999999999997,0.5166666666666667,1.9433333333333334,0.6,0.11
E4_MIXED,C3,1,250,3.843368341834263,0.015373473367337052,0.5013333333333333,0.5333333333333333,1.916,0.6,0.084
E4_MIXED,C3,1,500,7.3682529659317835,0.014736505931863568,0.48999999999999994,0.544,1.9166666666666667,0.596,0.06333333333333334
E4_MIXED,C4,1,25,0.4424724760025518,0.01769889904010207,0.4933333333333333,0.44,2.2133333333333334,0.7066666666666667,0.18666666666666668
E4_MIXED,C4,1,50,0.7941144779225958,0.015882289558451917,0.47999999999999987,0.47333333333333333,2.026666666666667,0.6533333333333333,0.14
E4_MIXED,C4,1,100,1.6139102154732374,0.016139102154732375,0.4799999999999997,0.51,1.9433333333333334,0.6,0.12333333333333334
E4_MIXED,C4,1,250,3.9040360915036816,0.015616144366014726,0.5000000000000001,0.532,1.916,0.6,0.12266666666666666
E4_MIXED,C4,1,500,7.218555476559763,0.014437110953119526,0.48866666666666664,0.55,1.9166666666666667,0.596,0.13466666666666666
E4_MIXED,C0,2,25,0.3792485470963544,0.015169941883854177,0.5199999999999999,0.49333333333333335,2.066666666666667,0.6533333333333333,0.08
E4_MIXED,C0,2,50,0.7488655697296376,0.014977311394592751,0.4933333333333333,0.5133333333333333,2.02,0.5933333333333334,0.04
E4_MIXED,C0,2,100,1.4587276893394576,0.014587276893394577,0.4666666666666665,0.5,1.95,0.5966666666666667,0.02666666666666667
E4_MIXED,C0,2,250,3.7921649306783505,0.015168659722713402,0.4866666666666668,0.49866666666666665,1.9973333333333334,0.6213333333333333,0.013333333333333334
E4_MIXED,C0,2,500,7.525926224236305,0.01505185244847261,0.5213333333333335,0.508,1.9866666666666666,0.6126666666666667,0.006666666666666667
E4_MIXED,C1,2,25,0.35094657156563647,0.014037862862625459,0.5199999999999999,0.49333333333333335,2.066666666666667,0.6533333333333333,0.12
E4_MIXED,C1,2,50,0.7205635941989197,0.014411271883978394,0.4933333333333333,0.5133333333333333,2.02,0.5933333333333334,0.06
E4_MIXED,C1,2,100,1.4160108726553275,0.014160108726553275,0.4666666666666665,0.5,1.95,0.5966666666666667,0.03
E4_MIXED,C1,2,250,3.749077060996576,0.014996308243986303,0.4866666666666668,0.5,1.9973333333333334,0.6213333333333333,0.012
E4_MIXED,C1,2,500,7.482838354554532,0.014965676709109064,0.5213333333333335,0.5086666666666667,1.9866666666666666,0.6126666666666667,0.006
E4_MIXED,C2,2,25,0.35463557025426845,0.014185422810170737,0.5199999999999999,0.48,2.066666666666667,0.6533333333333333,0.02666666666666667
E4_MIXED,C2,2,50,0.7242525928875516,0.014485051857751032,0.4933333333333333,0.5066666666666667,2.02,0.5933333333333334,0.013333333333333334
E4_MIXED,C2,2,100,1.4196998713439597,0.014196998713439596,0.4666666666666665,0.49666666666666665,1.95,0.5966666666666667,0.006666666666666667
E4_MIXED,C2,2,250,3.7527660596852086,0.015011064238740834,0.4866666666666668,0.49866666666666665,1.9973333333333334,0.6213333333333333,0.0026666666666666666
E4_MIXED,C2,2,500,7.486527353243164,0.014973054706486329,0.5213333333333335,0.508,1.9866666666666666,0.6126666666666667,0.0013333333333333333
E4_MIXED,C3,2,25,0.34581895426089726,0.01383275817043589,0.5199999999999999,0.49333333333333335,2.066666666666667,0.6533333333333333,0.05333333333333334
E4_MIXED,C3,2,50,0.7154359768941805,0.01430871953788361,0.4933333333333333,0.5133333333333333,2.02,0.5933333333333334,0.02666666666666667
E4_MIXED,C3,2,100,1.3789158550649336,0.013789158550649336,0.46999999999999986,0.51,1.95,0.5966666666666667,0.023333333333333334
E4_MIXED,C3,2,250,3.2300412332594535,0.012920164933037813,0.49066666666666686,0.552,1.9973333333333334,0.6213333333333333,0.08666666666666667
E4_MIXED,C3,2,500,6.773908849413612,0.013547817698827224,0.5226666666666668,0.564,1.9866666666666666,0.6126666666666667,0.10933333333333334
E4_MIXED,C4,2,25,0.3000392754817018,0.01200157101926807,0.5333333333333333,0.5333333333333333,2.066666666666667,0.6533333333333333,0.09333333333333334
E4_MIXED,C4,2,50,0.6333128581619316,0.012666257163238633,0.49999999999999994,0.56,2.02,0.5933333333333334,0.07333333333333333
E4_MIXED,C4,2,100,1.2321807775141649,0.01232180777514165,0.4733333333333332,0.55,1.95,0.5966666666666667,0.07
E4_MIXED,C4,2,250,3.245177918715723,0.012980711674862892,0.49066666666666686,0.556,1.9973333333333334,0.6213333333333333,0.08666666666666667
E4_MIXED,C4,2,500,6.765434830032603,0.013530869660065205,0.5233333333333335,0.552,1.9866666666666666,0.6126666666666667,0.062
E4_MIXED,C0,3,25,0.4963401995304467,0.01985360798121787,0.44,0.5333333333333333,1.9333333333333333,0.64,0.013333333333333334
E4_MIXED,C0,3,50,0.8746094534480608,0.017492189068961217,0.4466666666666665,0.5533333333333333,1.92,0.5866666666666667,0.006666666666666667
E4_MIXED,C0,3,100,1.8187083037987282,0.018187083037987283,0.47,0.5566666666666666,1.87,0.5833333333333334,0.0033333333333333335
E4_MIXED,C0,3,250,5.056566697133266,0.020226266788533065,0.4746666666666668,0.5373333333333333,1.9426666666666668,0.6106666666666667,0.0013333333333333333
E4_MIXED,C0,3,500,10.20441137090429,0.02040882274180858,0.4786666666666672,0.5346666666666666,1.9606666666666666,0.6126666666666667,0.0006666666666666666
E4_MIXED,C1,3,25,0.4750226728544762,0.019000906914179046,0.44,0.56,1.9333333333333333,0.64,0.013333333333333334
E4_MIXED,C1,3,50,0.8532919267720902,0.017065838535441805,0.4466666666666665,0.5666666666666667,1.92,0.5866666666666667,0.006666666666666667
E4_MIXED,C1,3,100,1.7973907771227575,0.017973907771227576,0.47,0.5633333333333334,1.87,0.5833333333333334,0.0033333333333333335
E4_MIXED,C1,3,250,5.035249170457296,0.02014099668182918,0.4746666666666668,0.54,1.9426666666666668,0.6106666666666667,0.0013333333333333333
E4_MIXED,C1,3,500,10.183093844228322,0.020366187688456643,0.4786666666666672,0.536,1.9606666666666666,0.6126666666666667,0.0006666666666666666
E4_MIXED,C2,3,25,0.48628469729002727,0.019451387891601092,0.44,0.5333333333333333,1.9333333333333333,0.64,0.013333333333333334
E4_MIXED,C2,3,50,0.8645539512076412,0.017291079024152823,0.4466666666666665,0.5533333333333333,1.92,0.5866666666666667,0.006666666666666667
E4_MIXED,C2,3,100,1.8086528015583083,0.018086528015583084,0.47,0.5566666666666666,1.87,0.5833333333333334,0.0033333333333333335
E4_MIXED,C2,3,250,5.0465111948928465,0.020186044779571387,0.4746666666666668,0.5373333333333333,1.9426666666666668,0.6106666666666667,0.0013333333333333333
E4_MIXED,C2,3,500,10.194355868663871,0.020388711737327744,0.4786666666666672,0.5346666666666666,1.9606666666666666,0.6126666666666667,0.0006666666666666666
E4_MIXED,C3,3,25,0.47608649585662843,0.01904345983426514,0.44,0.56,1.9333333333333333,0.64,0.04
E4_MIXED,C3,3,50,0.8409594105502654,0.016819188211005306,0.4466666666666665,0.5733333333333334,1.92,0.5866666666666667,0.02666666666666667
E4_MIXED,C3,3,100,1.7662275237700782,0.01766227523770078,0.47,0.5733333333333334,1.87,0.5833333333333334,0.02
E4_MIXED,C3,3,250,4.239782958844251,0.016959131835377003,0.4760000000000001,0.5866666666666667,1.9426666666666668,0.6106666666666667,0.08133333333333333
E4_MIXED,C3,3,500,8.273987843194051,0.016547975686388102,0.4833333333333338,0.588,1.9606666666666666,0.6126666666666667,0.08866666666666667
E4_MIXED,C4,3,25,0.4750226728544762,0.019000906914179046,0.44,0.56,1.9333333333333333,0.64,0.013333333333333334
E4_MIXED,C4,3,50,0.8532919267720902,0.017065838535441805,0.4466666666666665,0.5666666666666667,1.92,0.5866666666666667,0.006666666666666667
E4_MIXED,C4,3,100,1.7973907771227575,0.017973907771227576,0.47,0.5633333333333334,1.87,0.5833333333333334,0.0033333333333333335
E4_MIXED,C4,3,250,5.035249170457296,0.02014099668182918,0.4746666666666668,0.54,1.9426666666666668,0.6106666666666667,0.0013333333333333333
E4_MIXED,C4,3,500,9.544846473503341,0.019089692947006683,0.48266666666666713,0.556,1.9606666666666666,0.6126666666666667,0.044
E4_MIXED,C0,4,25,0.2708174253772343,0.010832697015089371,0.5333333333333334,0.6266666666666667,2.04,0.6,0.09333333333333334
E4_MIXED,C0,4,50,0.5532593641568249,0.011065187283136498,0.46666666666666656,0.6066666666666667,1.98,0.6,0.05333333333333334
E4_MIXED,C0,4,100,1.0679733167315741,0.010679733167315741,0.5,0.6133333333333333,1.9566666666666668,0.5833333333333334,0.03
E4_MIXED,C0,4,250,2.757407033238058,0.01102962813295223,0.5013333333333333,0.624,1.9413333333333334,0.596,0.012
E4_MIXED,C0,4,500,5.5060755352727,0.0110121510705454,0.5133333333333329,0.6186666666666667,1.948,0.592,0.007333333333333333
E4_MIXED,C1,4,25,0.32709384340950065,0.013083753736380026,0.5333333333333334,0.5733333333333334,2.04,0.6,0.04
E4_MIXED,C1,4,50,0.6205990773971493,0.012411981547942985,0.46666666666666656,0.5733333333333334,1.98,0.6,0.02
E4_MIXED,C1,4,100,1.1542369276423923,0.011542369276423922,0.5,0.5933333333333334,1.9566666666666668,0.5833333333333334,0.01
E4_MIXED,C1,4,250,2.8436706441488764,0.011374682576595506,0.5013333333333333,0.616,1.9413333333333334,0.596,0.004
E4_MIXED,C1,4,500,5.6216322780292725,0.011243264556058546,0.5133333333333329,0.6133333333333333,1.948,0.592,0.002
E4_MIXED,C2,4,25,0.35725384649741726,0.01429015385989669,0.5333333333333334,0.5466666666666666,2.04,0.6,0.013333333333333334
E4_MIXED,C2,4,50,0.6507590804850658,0.013015181609701316,0.46666666666666656,0.56,1.98,0.6,0.006666666666666667
E4_MIXED,C2,4,100,1.1843969307303088,0.011843969307303089,0.5,0.5866666666666667,1.9566666666666668,0.5833333333333334,0.0033333333333333335
E4_MIXED,C2,4,250,2.8738306472367925,0.01149532258894717,0.5013333333333333,0.6133333333333333,1.9413333333333334,0.596,0.0013333333333333333
E4_MIXED,C2,4,500,5.651792281117189,0.011303584562234377,0.5133333333333329,0.612,1.948,0.592,0.0006666666666666666
E4_MIXED,C3,4,25,0.3149707421171081,0.012598829684684325,0.5333333333333334,0.6266666666666667,2.04,0.6,0.32
E4_MIXED,C3,4,50,0.599475342270255,0.0119895068454051,0.46666666666666656,0.6266666666666667,1.98,0.6,0.25333333333333335
E4_MIXED,C3,4,100,1.1140223782423142,0.011140223782423141,0.5,0.6266666666666667,1.9566666666666668,0.5833333333333334,0.17666666666666667
E4_MIXED,C3,4,250,2.768268005357692,0.011073072021430768,0.5013333333333333,0.6306666666666667,1.9413333333333334,0.596,0.11733333333333333
E4_MIXED,C3,4,500,5.402185191382182,0.010804370382764364,0.5133333333333329,0.632,1.948,0.592,0.09466666666666666
E4_MIXED,C4,4,25,0.23921088923057693,0.009568435569223077,0.5333333333333334,0.68,2.04,0.6,0.13333333333333333
E4_MIXED,C4,4,50,0.4308746283873935,0.00861749256774787,0.46666666666666656,0.6666666666666666,1.98,0.6,0.12666666666666668
E4_MIXED,C4,4,100,0.8362509451770294,0.008362509451770294,0.5,0.6666666666666666,1.9566666666666668,0.5833333333333334,0.11666666666666667
E4_MIXED,C4,4,250,2.2455433053130833,0.008982173221252334,0.5013333333333333,0.6653333333333333,1.9413333333333334,0.596,0.124
E4_MIXED,C4,4,500,4.5618372046950615,0.009123674409390123,0.5139999999999996,0.6633333333333333,1.948,0.592,0.11
E4_MIXED,C0,5,25,0.26228508933684896,0.010491403573473959,0.4933333333333333,0.6133333333333333,1.9066666666666667,0.56,0.013333333333333334
E4_MIXED,C0,5,50,0.5718208254418995,0.01143641650883799,0.54,0.6133333333333333,1.8666666666666667,0.5733333333333334,0.006666666666666667
E4_MIXED,C0,5,100,1.1723248495027092,0.011723248495027093,0.5099999999999999,0.6033333333333334,1.97,0.5966666666666667,0.0033333333333333335
E4_MIXED,C0,5,250,2.91844253678296,0.01167377014713184,0.49199999999999994,0.6066666666666667,1.94,0.5986666666666667,0.0013333333333333333
E4_MIXED,C0,5,500,6.163284715567915,0.012326569431135831,0.5006666666666664,0.5973333333333334,1.944,0.5973333333333334,0.0006666666666666666
E4_MIXED,C1,5,25,0.24412295293112946,0.009764918117245178,0.4933333333333333,0.6266666666666667,1.9066666666666667,0.56,0.02666666666666667
E4_MIXED,C1,5,50,0.5536586890361799,0.011073173780723597,0.54,0.62,1.8666666666666667,0.5733333333333334,0.013333333333333334
E4_MIXED,C1,5,100,1.1541627130969894,0.011541627130969893,0.5099999999999999,0.6066666666666667,1.97,0.5966666666666667,0.006666666666666667
E4_MIXED,C1,5,250,2.90028040037724,0.011601121601508961,0.49199999999999994,0.608,1.94,0.5986666666666667,0.0026666666666666666
E4_MIXED,C1,5,500,6.145122579162194,0.012290245158324388,0.5006666666666664,0.598,1.944,0.5973333333333334,0.0013333333333333333
E4_MIXED,C2,5,25,0.2390049551793733,0.009560198207174932,0.4933333333333333,0.64,1.9066666666666667,0.56,0.04
E4_MIXED,C2,5,50,0.5485406912844237,0.010970813825688475,0.54,0.6266666666666667,1.8666666666666667,0.5733333333333334,0.02
E4_MIXED,C2,5,100,1.1490447153452332,0.011490447153452332,0.5099999999999999,0.61,1.97,0.5966666666666667,0.01
E4_MIXED,C2,5,250,2.895162402625484,0.011580649610501936,0.49199999999999994,0.6093333333333333,1.94,0.5986666666666667,0.004
E4_MIXED,C2,5,500,6.140004581410439,0.012280009162820878,0.5006666666666664,0.5986666666666667,1.944,0.5973333333333334,0.002
E4_MIXED,C3,5,25,0.24202659939743948,0.00968106397589758,0.4933333333333333,0.64,1.9066666666666667,0.56,0.04
E4_MIXED,C3,5,50,0.5515623355024899,0.011031246710049798,0.54,0.6266666666666667,1.8666666666666667,0.5733333333333334,0.02
E4_MIXED,C3,5,100,1.1520663595632996,0.011520663595632996,0.5099999999999999,0.61,1.97,0.5966666666666667,0.01
E4_MIXED,C3,5,250,2.898184046843551,0.011592736187374204,0.49199999999999994,0.6093333333333333,1.94,0.5986666666666667,0.004
E4_MIXED,C3,5,500,6.115734069843725,0.01223146813968745,0.5006666666666664,0.5993333333333334,1.944,0.5973333333333334,0.0026666666666666666
E4_MIXED,C4,5,25,0.25011389245252474,0.01000455569810099,0.4933333333333333,0.64,1.9066666666666667,0.56,0.04
E4_MIXED,C4,5,50,0.5596496285575752,0.011192992571151503,0.54,0.6266666666666667,1.8666666666666667,0.5733333333333334,0.02
E4_MIXED,C4,5,100,1.1601536526183849,0.011601536526183849,0.5099999999999999,0.61,1.97,0.5966666666666667,0.01
E4_MIXED,C4,5,250,2.946226308340742,0.011784905233362968,0.49333333333333323,0.612,1.94,0.5986666666666667,0.04
E4_MIXED,C4,5,500,6.299672966096567,0.012599345932193135,0.5033333333333331,0.5986666666666667,1.944,0.5973333333333334,0.05533333333333333
E4_MIXED,C0,6,25,0.3419254148656253,0.01367701659462501,0.5333333333333332,0.56,1.9466666666666668,0.6266666666666667,0.0
E4_MIXED,C0,6,50,0.5754056320780124,0.011508112641560249,0.5199999999999999,0.5933333333333334,1.9533333333333334,0.6466666666666666,0.0
E4_MIXED,C0,6,100,1.093777884324627,0.01093777884324627,0.5233333333333333,0.59,1.9833333333333334,0.6433333333333333,0.0
E4_MIXED,C0,6,250,2.930011317353233,0.011720045269412931,0.52,0.5946666666666667,1.9613333333333334,0.616,0.0
E4_MIXED,C0,6,500,5.67316060999283,0.01134632121998566,0.5066666666666669,0.6173333333333333,1.9093333333333333,0.5926666666666667,0.0
E4_MIXED,C1,6,25,0.3271632957993284,0.013086531831973136,0.5333333333333332,0.56,1.9466666666666668,0.6266666666666667,0.02666666666666667
E4_MIXED,C1,6,50,0.5606435130117154,0.01121287026023431,0.5199999999999999,0.5933333333333334,1.9533333333333334,0.6466666666666666,0.013333333333333334
E4_MIXED,C1,6,100,1.0790157652583297,0.010790157652583296,0.5233333333333333,0.59,1.9833333333333334,0.6433333333333333,0.006666666666666667
E4_MIXED,C1,6,250,2.9152491982869355,0.011660996793147742,0.52,0.5946666666666667,1.9613333333333334,0.616,0.0026666666666666666
E4_MIXED,C1,6,500,5.658398490926532,0.011316796981853065,0.5066666666666669,0.6173333333333333,1.9093333333333333,0.5926666666666667,0.0013333333333333333
E4_MIXED,C2,6,25,0.3405128225464893,0.013620512901859571,0.5333333333333332,0.5733333333333334,1.9466666666666668,0.6266666666666667,0.013333333333333334
E4_MIXED,C2,6,50,0.5739930397588763,0.011479860795177526,0.5199999999999999,0.6,1.9533333333333334,0.6466666666666666,0.006666666666666667
E4_MIXED,C2,6,100,1.092365292005491,0.01092365292005491,0.5233333333333333,0.5933333333333334,1.9833333333333334,0.6433333333333333,0.0033333333333333335
E4_MIXED,C2,6,250,2.928598725034097,0.011714394900136387,0.52,0.596,1.9613333333333334,0.616,0.0013333333333333333
E4_MIXED,C2,6,500,5.671748017673694,0.011343496035347388,0.5066666666666669,0.618,1.9093333333333333,0.5926666666666667,0.0006666666666666666
E4_MIXED,C3,6,25,0.3257507034801923,0.013030028139207693,0.5333333333333332,0.5733333333333334,1.9466666666666668,0.6266666666666667,0.04
E4_MIXED,C3,6,50,0.5765666478644526,0.011531332957289052,0.5199999999999999,0.5933333333333334,1.9533333333333334,0.6466666666666666,0.04
E4_MIXED,C3,6,100,1.0940073807421795,0.010940073807421796,0.5233333333333333,0.5933333333333334,1.9833333333333334,0.6433333333333333,0.023333333333333334
E4_MIXED,C3,6,250,2.930152553259501,0.011720610213038003,0.52,0.5933333333333334,1.9613333333333334,0.616,0.016
E4_MIXED,C3,6,500,5.671947765235209,0.011343895530470417,0.5066666666666669,0.6173333333333333,1.9093333333333333,0.5926666666666667,0.01
E4_MIXED,C4,6,25,0.3405128225464893,0.013620512901859571,0.5333333333333332,0.5733333333333334,1.9466666666666668,0.6266666666666667,0.013333333333333334
E4_MIXED,C4,6,50,0.5739930397588763,0.011479860795177526,0.5199999999999999,0.6,1.9533333333333334,0.6466666666666666,0.006666666666666667
E4_MIXED,C4,6,100,1.092365292005491,0.01092365292005491,0.5233333333333333,0.5933333333333334,1.9833333333333334,0.6433333333333333,0.0033333333333333335
E4_MIXED,C4,6,250,2.928598725034097,0.011714394900136387,0.52,0.596,1.9613333333333334,0.616,0.0013333333333333333
E4_MIXED,C4,6,500,5.671748017673694,0.011343496035347388,0.5066666666666669,0.618,1.9093333333333333,0.5926666666666667,0.0006666666666666666
E4_MIXED,C0,7,25,0.30700662689333624,0.01228026507573345,0.44,0.5866666666666667,2.066666666666667,0.6133333333333333,0.04
E4_MIXED,C0,7,50,0.7610694595310493,0.015221389190620986,0.4533333333333333,0.5866666666666667,1.9333333333333333,0.5866666666666667,0.02
E4_MIXED,C0,7,100,1.240049891545067,0.012400498915450671,0.4866666666666667,0.63,1.93,0.5833333333333334,0.01
E4_MIXED,C0,7,250,3.0956879287439327,0.01238275171497573,0.5053333333333334,0.6106666666666667,1.9653333333333334,0.5973333333333334,0.004
E4_MIXED,C0,7,500,6.363107394795119,0.012726214789590237,0.48866666666666714,0.5933333333333334,1.9293333333333333,0.5886666666666667,0.002
E4_MIXED,C1,7,25,0.301084020940119,0.01204336083760476,0.44,0.5866666666666667,2.066666666666667,0.6133333333333333,0.04
E4_MIXED,C1,7,50,0.7551468535778321,0.015102937071556641,0.4533333333333333,0.5866666666666667,1.9333333333333333,0.5866666666666667,0.02
E4_MIXED,C1,7,100,1.2341272855918497,0.012341272855918496,0.4866666666666667,0.63,1.93,0.5833333333333334,0.01
E4_MIXED,C1,7,250,3.0897653227907154,0.012359061291162862,0.5053333333333334,0.6106666666666667,1.9653333333333334,0.5973333333333334,0.004
E4_MIXED,C1,7,500,6.3571847888419,0.012714369577683802,0.48866666666666714,0.5933333333333334,1.9293333333333333,0.5886666666666667,0.002
E4_MIXED,C2,7,25,0.3104359141495403,0.012417436565981613,0.44,0.5733333333333334,2.066666666666667,0.6133333333333333,0.05333333333333334
E4_MIXED,C2,7,50,0.7644987467872534,0.015289974935745068,0.4533333333333333,0.58,1.9333333333333333,0.5866666666666667,0.02666666666666667
E4_MIXED,C2,7,100,1.243479178801271,0.01243479178801271,0.4866666666666667,0.6266666666666667,1.93,0.5833333333333334,0.013333333333333334
E4_MIXED,C2,7,250,3.099117216000137,0.012396468864000547,0.5053333333333334,0.6093333333333333,1.9653333333333334,0.5973333333333334,0.005333333333333333
E4_MIXED,C2,7,500,6.366536682051322,0.012733073364102645,0.48866666666666714,0.5926666666666667,1.9293333333333333,0.5886666666666667,0.0026666666666666666
E4_MIXED,C3,7,25,0.32945638604929456,0.013178255441971782,0.44,0.5466666666666666,2.066666666666667,0.6133333333333333,0.10666666666666667
E4_MIXED,C3,7,50,0.7835192186870077,0.015670384373740152,0.4533333333333333,0.5666666666666667,1.9333333333333333,0.5866666666666667,0.05333333333333334
E4_MIXED,C3,7,100,1.25776214442176,0.012577621444217599,0.4866666666666667,0.6233333333333333,1.93,0.5833333333333334,0.03
E4_MIXED,C3,7,250,3.1137908945975172,0.012455163578390068,0.5053333333333334,0.608,1.9653333333333334,0.5973333333333334,0.017333333333333333
E4_MIXED,C3,7,500,6.350186447343468,0.012700372894686935,0.48866666666666714,0.594,1.9293333333333333,0.5886666666666667,0.012666666666666666
E4_MIXED,C4,7,25,0.2372012921101293,0.009488051684405172,0.44,0.6266666666666667,2.066666666666667,0.6133333333333333,0.21333333333333335
E4_MIXED,C4,7,50,0.6243393931716887,0.012486787863433775,0.4533333333333333,0.64,1.9333333333333333,0.5866666666666667,0.16
E4_MIXED,C4,7,100,1.0440288961315574,0.010440288961315573,0.4866666666666667,0.66,1.93,0.5833333333333334,0.14
E4_MIXED,C4,7,250,2.738337296864051,0.010953349187456204,0.5066666666666667,0.632,1.9653333333333334,0.5973333333333334,0.13066666666666665
E4_MIXED,C4,7,500,5.8707219495723795,0.01174144389914476,0.48800000000000043,0.6086666666666667,1.9293333333333333,0.5886666666666667,0.10266666666666667
E4_MIXED,C0,8,25,0.15472401033866134,0.0061889604135464535,0.5733333333333334,0.7066666666666667,1.7866666666666666,0.5333333333333333,0.013333333333333334
E4_MIXED,C0,8,50,0.4653389000691803,0.009306778001383605,0.5133333333333333,0.6533333333333333,1.8066666666666666,0.5666666666666667,0.006666666666666667
E4_MIXED,C0,8,100,1.0012371102402082,0.010012371102402082,0.5066666666666667,0.6133333333333333,1.88,0.5866666666666667,0.0033333333333333335
E4_MIXED,C0,8,250,2.51699017452519,0.01006796069810076,0.5266666666666667,0.6213333333333333,1.9026666666666667,0.5866666666666667,0.0013333333333333333
E4_MIXED,C0,8,500,5.045228470202419,0.010090456940404838,0.5166666666666669,0.6186666666666667,1.904,0.5786666666666667,0.0006666666666666666
E4_MIXED,C1,8,25,0.1661587910455426,0.006646351641821704,0.5733333333333334,0.7066666666666667,1.7866666666666666,0.5333333333333333,0.02666666666666667
E4_MIXED,C1,8,50,0.4767736807760615,0.00953547361552123,0.5133333333333333,0.6533333333333333,1.8066666666666666,0.5666666666666667,0.013333333333333334
E4_MIXED,C1,8,100,1.0126718909470893,0.010126718909470893,0.5066666666666667,0.6133333333333333,1.88,0.5866666666666667,0.006666666666666667
E4_MIXED,C1,8,250,2.528424955232072,0.010113699820928287,0.5266666666666667,0.6213333333333333,1.9026666666666667,0.5866666666666667,0.0026666666666666666
E4_MIXED,C1,8,500,5.056663250909301,0.010113326501818601,0.5166666666666669,0.6186666666666667,1.904,0.5786666666666667,0.0013333333333333333
E4_MIXED,C2,8,25,0.16447272087765263,0.006578908835106105,0.5733333333333334,0.6933333333333334,1.7866666666666666,0.5333333333333333,0.013333333333333334
E4_MIXED,C2,8,50,0.47508761060817156,0.009501752212163431,0.5133333333333333,0.6466666666666666,1.8066666666666666,0.5666666666666667,0.006666666666666667
E4_MIXED,C2,8,100,1.0109858207791993,0.010109858207791993,0.5066666666666667,0.61,1.88,0.5866666666666667,0.0033333333333333335
E4_MIXED,C2,8,250,2.5267388850641814,0.010106955540256726,0.5266666666666667,0.62,1.9026666666666667,0.5866666666666667,0.0013333333333333333
E4_MIXED,C2,8,500,5.05497718074141,0.01010995436148282,0.5166666666666669,0.618,1.904,0.5786666666666667,0.0006666666666666666
E4_MIXED,C3,8,25,0.1553102575170564,0.006212410300682256,0.5733333333333334,0.6933333333333334,1.7866666666666666,0.5333333333333333,0.0
E4_MIXED,C3,8,50,0.46592514724757533,0.009318502944951507,0.5133333333333333,0.6466666666666666,1.8066666666666666,0.5666666666666667,0.0
E4_MIXED,C3,8,100,1.0018233574186033,0.010018233574186033,0.5066666666666667,0.61,1.88,0.5866666666666667,0.0
E4_MIXED,C3,8,250,2.5295202593774078,0.010118081037509632,0.5266666666666667,0.62,1.9026666666666667,0.5866666666666667,0.0013333333333333333
E4_MIXED,C3,8,500,4.9757928702111816,0.009951585740422363,0.5166666666666669,0.6226666666666667,1.904,0.5786666666666667,0.007333333333333333
E4_MIXED,C4,8,25,0.15472401033866134,0.0061889604135464535,0.5733333333333334,0.7066666666666667,1.7866666666666666,0.5333333333333333,0.013333333333333334
E4_MIXED,C4,8,50,0.4653389000691803,0.009306778001383605,0.5133333333333333,0.6533333333333333,1.8066666666666666,0.5666666666666667,0.006666666666666667
E4_MIXED,C4,8,100,1.0012371102402082,0.010012371102402082,0.5066666666666667,0.6133333333333333,1.88,0.5866666666666667,0.0033333333333333335
E4_MIXED,C4,8,250,2.51699017452519,0.01006796069810076,0.5266666666666667,0.6213333333333333,1.9026666666666667,0.5866666666666667,0.0013333333333333333
E4_MIXED,C4,8,500,5.045228470202419,0.010090456940404838,0.5166666666666669,0.6186666666666667,1.904,0.5786666666666667,0.0006666666666666666
E4_MIXED,C0,9,25,0.47201033259350683,0.018880413303740275,0.5466666666666665,0.52,1.8266666666666667,0.5333333333333333,0.02666666666666667
E4_MIXED,C0,9,50,0.9777285618602325,0.01955457123720465,0.5,0.5,1.8866666666666667,0.58,0.013333333333333334
E4_MIXED,C0,9,100,1.9825904649597446,0.019825904649597447,0.5166666666666667,0.49333333333333335,1.96,0.6066666666666667,0.006666666666666667
E4_MIXED,C0,9,250,4.673944697189734,0.018695778788758936,0.5066666666666669,0.508,1.9213333333333333,0.6026666666666667,0.0026666666666666666
E4_MIXED,C0,9,500,9.185526717092438,0.018371053434184877,0.4906666666666669,0.5226666666666666,1.9133333333333333,0.5946666666666667,0.0013333333333333333
E4_MIXED,C1,9,25,0.46499853812943986,0.018599941525177594,0.5466666666666665,0.5333333333333333,1.8266666666666667,0.5333333333333333,0.02666666666666667
E4_MIXED,C1,9,50,0.9707167673961656,0.019414335347923313,0.5,0.5066666666666667,1.8866666666666667,0.58,0.013333333333333334
E4_MIXED,C1,9,100,1.9755786704956777,0.019755786704956778,0.5166666666666667,0.49666666666666665,1.96,0.6066666666666667,0.006666666666666667
E4_MIXED,C1,9,250,4.666932902725666,0.01866773161090266,0.5066666666666669,0.5093333333333333,1.9213333333333333,0.6026666666666667,0.0026666666666666666
E4_MIXED,C1,9,500,9.178514922628372,0.018357029845256743,0.4906666666666669,0.5233333333333333,1.9133333333333333,0.5946666666666667,0.0013333333333333333
E4_MIXED,C2,9,25,0.46499853812943986,0.018599941525177594,0.5466666666666665,0.5333333333333333,1.8266666666666667,0.5333333333333333,0.02666666666666667
E4_MIXED,C2,9,50,0.9707167673961656,0.019414335347923313,0.5,0.5066666666666667,1.8866666666666667,0.58,0.013333333333333334
E4_MIXED,C2,9,100,1.9755786704956777,0.019755786704956778,0.5166666666666667,0.49666666666666665,1.96,0.6066666666666667,0.006666666666666667
E4_MIXED,C2,9,250,4.666932902725666,0.01866773161090266,0.5066666666666669,0.5093333333333333,1.9213333333333333,0.6026666666666667,0.0026666666666666666
E4_MIXED,C2,9,500,9.178514922628372,0.018357029845256743,0.4906666666666669,0.5233333333333333,1.9133333333333333,0.5946666666666667,0.0013333333333333333
E4_MIXED,C3,9,25,0.46499853812943986,0.018599941525177594,0.5466666666666665,0.5333333333333333,1.8266666666666667,0.5333333333333333,0.02666666666666667
E4_MIXED,C3,9,50,0.9707167673961656,0.019414335347923313,0.5,0.5066666666666667,1.8866666666666667,0.58,0.013333333333333334
E4_MIXED,C3,9,100,1.9755786704956777,0.019755786704956778,0.5166666666666667,0.49666666666666665,1.96,0.6066666666666667,0.006666666666666667
E4_MIXED,C3,9,250,4.666932902725666,0.01866773161090266,0.5066666666666669,0.5093333333333333,1.9213333333333333,0.6026666666666667,0.0026666666666666666
E4_MIXED,C3,9,500,9.156244047422812,0.018312488094845623,0.4906666666666669,0.5233333333333333,1.9133333333333333,0.5946666666666667,0.0033333333333333335
E4_MIXED,C4,9,25,0.49228964539438586,0.019691585815775434,0.5466666666666665,0.5066666666666667,1.8266666666666667,0.5333333333333333,0.05333333333333334
E4_MIXED,C4,9,50,0.9951995343946332,0.019903990687892663,0.5,0.49333333333333335,1.8866666666666667,0.58,0.03333333333333333
E4_MIXED,C4,9,100,2.000061437494145,0.02000061437494145,0.5166666666666667,0.49,1.96,0.6066666666666667,0.016666666666666666
E4_MIXED,C4,9,250,4.702866506786012,0.018811466027144046,0.5066666666666669,0.508,1.9213333333333333,0.6026666666666667,0.013333333333333334
E4_MIXED,C4,9,500,9.220984260298282,0.018441968520596565,0.4913333333333336,0.5253333333333333,1.9133333333333333,0.5946666666666667,0.020666666666666667
E4_MIXED,C0,10,25,0.2532321680034584,0.010129286720138336,0.5466666666666665,0.5466666666666666,2.026666666666667,0.6933333333333334,0.013333333333333334
E4_MIXED,C0,10,50,0.48928411657317794,0.009785682331463558,0.49999999999999994,0.5866666666666667,2.033333333333333,0.6466666666666666,0.006666666666666667
E4_MIXED,C0,10,100,0.9956960852707388,0.009956960852707388,0.4866666666666666,0.61,2.0033333333333334,0.62,0.0033333333333333335
E4_MIXED,C0,10,250,2.380439893978191,0.009521759575912765,0.4986666666666664,0.6106666666666667,1.9173333333333333,0.6026666666666667,0.0013333333333333333
E4_MIXED,C0,10,500,4.896143989209236,0.009792287978418471,0.5066666666666666,0.6126666666666667,1.9373333333333334,0.6066666666666667,0.0006666666666666666
E4_MIXED,C1,10,25,0.2306528007098524,0.009226112028394096,0.5466666666666665,0.5733333333333334,2.026666666666667,0.6933333333333334,0.04
E4_MIXED,C1,10,50,0.46670474927957195,0.00933409498559144,0.49999999999999994,0.6,2.033333333333333,0.6466666666666666,0.02
E4_MIXED,C1,10,100,0.9731167179771328,0.009731167179771329,0.4866666666666666,0.6166666666666667,2.0033333333333334,0.62,0.01
E4_MIXED,C1,10,250,2.3578605266845853,0.009431442106738342,0.4986666666666664,0.6133333333333333,1.9173333333333333,0.6026666666666667,0.004
E4_MIXED,C1,10,500,4.87356462191563,0.009747129243831261,0.5066666666666666,0.614,1.9373333333333334,0.6066666666666667,0.002
E4_MIXED,C2,10,25,0.24694083905315078,0.009877633562126032,0.5466666666666665,0.56,2.026666666666667,0.6933333333333334,0.0
E4_MIXED,C2,10,50,0.48299278762287035,0.009659855752457407,0.49999999999999994,0.5933333333333334,2.033333333333333,0.6466666666666666,0.0
E4_MIXED,C2,10,100,0.9894047563204312,0.009894047563204313,0.4866666666666666,0.6133333333333333,2.0033333333333334,0.62,0.0
E4_MIXED,C2,10,250,2.374148565027883,0.009496594260111532,0.4986666666666664,0.612,1.9173333333333333,0.6026666666666667,0.0
E4_MIXED,C2,10,500,4.889852660258928,0.009779705320517855,0.5066666666666666,0.6133333333333333,1.9373333333333334,0.6066666666666667,0.0
E4_MIXED,C3,10,25,0.2377723042981319,0.009510892171925276,0.5466666666666665,0.5866666666666667,2.026666666666667,0.6933333333333334,0.10666666666666667
E4_MIXED,C3,10,50,0.47479940837736034,0.009495988167547207,0.49999999999999994,0.6,2.033333333333333,0.6466666666666666,0.07333333333333333
E4_MIXED,C3,10,100,0.943251181182255,0.009432511811822551,0.48999999999999994,0.62,2.0033333333333334,0.62,0.07333333333333333
E4_MIXED,C3,10,250,2.383272526404073,0.009533090105616293,0.4999999999999997,0.6093333333333333,1.9173333333333333,0.6026666666666667,0.07466666666666667
E4_MIXED,C3,10,500,4.905833522327105,0.009811667044654209,0.5073333333333332,0.6126666666666667,1.9373333333333334,0.6066666666666667,0.076
E4_MIXED,C4,10,25,0.35635319801582066,0.014254127920632827,0.5333333333333332,0.5066666666666667,2.026666666666667,0.6933333333333334,0.36
E4_MIXED,C4,10,50,0.6193866144986199,0.012387732289972397,0.4933333333333333,0.58,2.033333333333333,0.6466666666666666,0.3466666666666667
E4_MIXED,C4,10,100,1.210645104041189,0.01210645104041189,0.4833333333333333,0.6033333333333334,2.0033333333333334,0.62,0.3233333333333333
E4_MIXED,C4,10,250,2.843492921019527,0.011373971684078108,0.49733333333333307,0.62,1.9173333333333333,0.6026666666666667,0.31733333333333336
E4_MIXED,C4,10,500,5.871100744007849,0.011742201488015698,0.5066666666666666,0.612,1.9373333333333334,0.6066666666666667,0.302
E4_MIXED,C0,11,25,0.2682152290505079,0.010728609162020316,0.4799999999999999,0.6666666666666666,1.92,0.5466666666666666,0.0
E4_MIXED,C0,11,50,0.4567163468609187,0.009134326937218374,0.5133333333333335,0.6866666666666666,1.8933333333333333,0.56,0.0
E4_MIXED,C0,11,100,0.939088089451887,0.009390880894518871,0.4866666666666669,0.69,1.88,0.56,0.0
E4_MIXED,C0,11,250,2.6933487685577204,0.010773395074230882,0.4826666666666668,0.6746666666666666,1.8733333333333333,0.5746666666666667,0.0
E4_MIXED,C0,11,500,5.4264146860934765,0.010852829372186953,0.517333333333333,0.6786666666666666,1.8906666666666667,0.5873333333333334,0.0
E4_MIXED,C1,11,25,0.2682152290505079,0.010728609162020316,0.4799999999999999,0.6666666666666666,1.92,0.5466666666666666,0.0
E4_MIXED,C1,11,50,0.4567163468609187,0.009134326937218374,0.5133333333333335,0.6866666666666666,1.8933333333333333,0.56,0.0
E4_MIXED,C1,11,100,0.939088089451887,0.009390880894518871,0.4866666666666669,0.69,1.88,0.56,0.0
E4_MIXED,C1,11,250,2.6933487685577204,0.010773395074230882,0.4826666666666668,0.6746666666666666,1.8733333333333333,0.5746666666666667,0.0
E4_MIXED,C1,11,500,5.4264146860934765,0.010852829372186953,0.517333333333333,0.6786666666666666,1.8906666666666667,0.5873333333333334,0.0
E4_MIXED,C2,11,25,0.28395944577702753,0.011358377831081101,0.4799999999999999,0.6666666666666666,1.92,0.5466666666666666,0.02666666666666667
E4_MIXED,C2,11,50,0.4724605635874384,0.009449211271748768,0.5133333333333335,0.6866666666666666,1.8933333333333333,0.56,0.013333333333333334
E4_MIXED,C2,11,100,0.9548323061784066,0.009548323061784067,0.4866666666666669,0.69,1.88,0.56,0.006666666666666667
E4_MIXED,C2,11,250,2.7090929852842405,0.010836371941136963,0.4826666666666668,0.6746666666666666,1.8733333333333333,0.5746666666666667,0.0026666666666666666
E4_MIXED,C2,11,500,5.4421589028199975,0.010884317805639995,0.517333333333333,0.6786666666666666,1.8906666666666667,0.5873333333333334,0.0013333333333333333
E4_MIXED,C3,11,25,0.24855497109061941,0.009942198843624777,0.4799999999999999,0.68,1.92,0.5466666666666666,0.013333333333333334
E4_MIXED,C3,11,50,0.43123232368080705,0.00862464647361614,0.5133333333333335,0.7,1.8933333333333333,0.56,0.013333333333333334
E4_MIXED,C3,11,100,0.8519196541997182,0.008519196541997181,0.4866666666666669,0.7033333333333334,1.88,0.56,0.016666666666666666
E4_MIXED,C3,11,250,2.467297381929102,0.009869189527716407,0.4826666666666668,0.688,1.8733333333333333,0.5746666666666667,0.02
E4_MIXED,C3,11,500,4.504031829669271,0.009008063659338542,0.5199999999999998,0.706,1.8906666666666667,0.5873333333333334,0.04733333333333333
E4_MIXED,C4,11,25,0.2824317599086345,0.01129727039634538,0.4799999999999999,0.6666666666666666,1.92,0.5466666666666666,0.013333333333333334
E4_MIXED,C4,11,50,0.4611386408425534,0.009222772816851068,0.5133333333333335,0.6866666666666666,1.8933333333333333,0.56,0.013333333333333334
E4_MIXED,C4,11,100,0.9435103834335218,0.009435103834335217,0.4866666666666669,0.69,1.88,0.56,0.006666666666666667
E4_MIXED,C4,11,250,2.697771062539356,0.010791084250157424,0.4826666666666668,0.6746666666666666,1.8733333333333333,0.5746666666666667,0.0026666666666666666
E4_MIXED,C4,11,500,5.610003570232815,0.01122000714046563,0.5153333333333333,0.6753333333333333,1.8906666666666667,0.5873333333333334,0.027333333333333334
E4_MIXED,C0,12,25,0.30898095399939085,0.012359238159975633,0.5066666666666666,0.5466666666666666,1.9733333333333334,0.6533333333333333,0.05333333333333334
E4_MIXED,C0,12,50,0.568118049976583,0.01136236099953166,0.49333333333333335,0.6,1.9866666666666666,0.6333333333333333,0.02666666666666667
E4_MIXED,C0,12,100,1.0973406009013726,0.010973406009013727,0.5266666666666666,0.6133333333333333,1.9666666666666666,0.61,0.013333333333333334
E4_MIXED,C0,12,250,2.6260305551540943,0.010504122220616377,0.5213333333333334,0.636,1.904,0.5893333333333334,0.005333333333333333
E4_MIXED,C0,12,500,5.669503262310163,0.011339006524620325,0.5273333333333333,0.624,1.9026666666666667,0.5853333333333334,0.0026666666666666666
E4_MIXED,C1,12,25,0.26737639100924665,0.010695055640369867,0.5066666666666666,0.5733333333333334,1.9733333333333334,0.6533333333333333,0.04
E4_MIXED,C1,12,50,0.5265134869864387,0.010530269739728775,0.49333333333333335,0.6133333333333333,1.9866666666666666,0.6333333333333333,0.02
E4_MIXED,C1,12,100,1.0557360379112288,0.010557360379112288,0.5266666666666666,0.62,1.9666666666666666,0.61,0.01
E4_MIXED,C1,12,250,2.5844259921639505,0.010337703968655802,0.5213333333333334,0.6386666666666667,1.904,0.5893333333333334,0.004
E4_MIXED,C1,12,500,5.627898699320018,0.011255797398640036,0.5273333333333333,0.6253333333333333,1.9026666666666667,0.5853333333333334,0.002
E4_MIXED,C2,12,25,0.262759011250741,0.010510360450029642,0.52,0.5866666666666667,1.9733333333333334,0.6533333333333333,0.08
E4_MIXED,C2,12,50,0.5218961072279331,0.010437922144558662,0.5000000000000001,0.62,1.9866666666666666,0.6333333333333333,0.04
E4_MIXED,C2,12,100,1.0511186581527232,0.010511186581527231,0.53,0.6233333333333333,1.9666666666666666,0.61,0.02
E4_MIXED,C2,12,250,2.5798086124054453,0.01031923444962178,0.5226666666666667,0.64,1.904,0.5893333333333334,0.008
E4_MIXED,C2,12,500,5.623281319561513,0.011246562639123025,0.5280000000000001,0.626,1.9026666666666667,0.5853333333333334,0.004
E4_MIXED,C3,12,25,0.32726693079725655,0.013090677231890262,0.5333333333333333,0.5066666666666667,1.9733333333333334,0.6533333333333333,0.4533333333333333
E4_MIXED,C3,12,50,0.7167976911831999,0.014335953823663998,0.4933333333333335,0.5733333333333334,1.9866666666666666,0.6333333333333333,0.38666666666666666
E4_MIXED,C3,12,100,1.3667483795951325,0.013667483795951325,0.5200000000000002,0.5833333333333334,1.9666666666666666,0.61,0.36666666666666664
E4_MIXED,C3,12,250,2.8468074812884243,0.011387229925153697,0.5160000000000002,0.6426666666666667,1.904,0.5893333333333334,0.2773333333333333
E4_MIXED,C3,12,500,5.208868843796861,0.010417737687593721,0.5280000000000001,0.6606666666666666,1.9026666666666667,0.5853333333333334,0.2713333333333333
E4_MIXED,C4,12,25,0.3323213136507371,0.013292852546029483,0.5333333333333333,0.5333333333333333,1.9733333333333334,0.6533333333333333,0.37333333333333335
E4_MIXED,C4,12,50,0.7030265591284471,0.014060531182568942,0.48666666666666686,0.58,1.9866666666666666,0.6333333333333333,0.32666666666666666
E4_MIXED,C4,12,100,1.4086523187883007,0.014086523187883006,0.5233333333333334,0.5833333333333334,1.9666666666666666,0.61,0.24666666666666667
E4_MIXED,C4,12,250,2.9394586658161295,0.011757834663264518,0.5186666666666668,0.6306666666666667,1.904,0.5893333333333334,0.17466666666666666
E4_MIXED,C4,12,500,5.420527978894991,0.010841055957789981,0.5280000000000002,0.6393333333333333,1.9026666666666667,0.5853333333333334,0.18533333333333332
E4_MIXED,C0,13,25,0.2976851442826769,0.011907405771307077,0.49333333333333335,0.5866666666666667,2.04,0.6133333333333333,0.013333333333333334
E4_MIXED,C0,13,50,0.5849518249566042,0.011699036499132086,0.4800000000000001,0.5933333333333334,1.98,0.6133333333333333,0.006666666666666667
E4_MIXED,C0,13,100,0.9212666690218569,0.00921266669021857,0.5133333333333333,0.6666666666666666,1.9333333333333333,0.5933333333333334,0.0033333333333333335
E4_MIXED,C0,13,250,2.2164917210664075,0.00886596688426563,0.5146666666666668,0.6906666666666667,1.8933333333333333,0.584,0.0013333333333333333
E4_MIXED,C0,13,500,4.208423851946004,0.008416847703892009,0.5026666666666668,0.6953333333333334,1.924,0.5946666666666667,0.0006666666666666666
E4_MIXED,C1,13,25,0.3030276846180056,0.012121107384720225,0.49333333333333335,0.6,2.04,0.6133333333333333,0.013333333333333334
E4_MIXED,C1,13,50,0.5902943652919329,0.011805887305838658,0.4800000000000001,0.6,1.98,0.6133333333333333,0.006666666666666667
E4_MIXED,C1,13,100,0.9266092093571856,0.009266092093571855,0.5133333333333333,0.67,1.9333333333333333,0.5933333333333334,0.0033333333333333335
E4_MIXED,C1,13,250,2.2218342614017366,0.008887337045606946,0.5146666666666668,0.692,1.8933333333333333,0.584,0.0013333333333333333
E4_MIXED,C1,13,500,4.2137663922813315,0.008427532784562663,0.5026666666666668,0.696,1.924,0.5946666666666667,0.0006666666666666666
E4_MIXED,C2,13,25,0.289245043465146,0.01156980173860584,0.49333333333333335,0.6133333333333333,2.04,0.6133333333333333,0.013333333333333334
E4_MIXED,C2,13,50,0.5765117241390735,0.01153023448278147,0.4800000000000001,0.6066666666666667,1.98,0.6133333333333333,0.006666666666666667
E4_MIXED,C2,13,100,0.9128265682043262,0.009128265682043262,0.5133333333333333,0.6733333333333333,1.9333333333333333,0.5933333333333334,0.0033333333333333335
E4_MIXED,C2,13,250,2.208051620248877,0.008832206480995508,0.5146666666666668,0.6933333333333334,1.8933333333333333,0.584,0.0013333333333333333
E4_MIXED,C2,13,500,4.199983751128474,0.008399967502256947,0.5026666666666668,0.6966666666666667,1.924,0.5946666666666667,0.0006666666666666666
E4_MIXED,C3,13,25,0.3239206943474605,0.01295682777389842,0.49333333333333335,0.56,2.04,0.6133333333333333,0.04
E4_MIXED,C3,13,50,0.6403759253155227,0.012807518506310454,0.4800000000000001,0.5666666666666667,1.98,0.6133333333333333,0.03333333333333333
E4_MIXED,C3,13,100,1.1068638655068317,0.011068638655068318,0.5133333333333333,0.6233333333333333,1.9333333333333333,0.5933333333333334,0.04666666666666667
E4_MIXED,C3,13,250,2.8862039899637955,0.011544815959855181,0.5146666666666668,0.6493333333333333,1.8933333333333333,0.584,0.07466666666666667
E4_MIXED,C3,13,500,5.937599831927583,0.011875199663855166,0.5020000000000002,0.642,1.924,0.5946666666666667,0.098
E4_MIXED,C4,13,25,0.3448526336642449,0.013794105346569796,0.49333333333333335,0.6,2.04,0.6133333333333333,0.14666666666666667
E4_MIXED,C4,13,50,0.7271511442120137,0.014543022884240274,0.4800000000000001,0.58,1.98,0.6133333333333333,0.16
E4_MIXED,C4,13,100,1.4228543831499396,0.014228543831499397,0.5066666666666667,0.5833333333333334,1.9333333333333333,0.5933333333333334,0.20333333333333334
E4_MIXED,C4,13,250,3.6412873300774558,0.014565149320309823,0.5106666666666669,0.6013333333333334,1.8933333333333333,0.584,0.22266666666666668
E4_MIXED,C4,13,500,6.988175931424994,0.013976351862849987,0.49800000000000016,0.5993333333333334,1.924,0.5946666666666667,0.20466666666666666
E4_MIXED,C0,14,25,0.44669946362986523,0.017867978545194608,0.5066666666666667,0.56,1.9733333333333334,0.6266666666666667,0.09333333333333334
E4_MIXED,C0,14,50,0.9626578536689065,0.01925315707337813,0.47333333333333355,0.5266666666666666,1.9266666666666667,0.6066666666666667,0.04666666666666667
E4_MIXED,C0,14,100,2.0481352934771078,0.020481352934771078,0.4700000000000002,0.5166666666666667,1.9466666666666668,0.59,0.023333333333333334
E4_MIXED,C0,14,250,4.770281102387985,0.01908112440955194,0.4653333333333335,0.5373333333333333,1.9373333333333334,0.5853333333333334,0.009333333333333334
E4_MIXED,C0,14,500,9.592796491195653,0.019185592982391305,0.47400000000000025,0.5346666666666666,1.95,0.584,0.004666666666666667
E4_MIXED,C1,14,25,0.4782767473580008,0.019131069894320032,0.5066666666666667,0.5466666666666666,1.9733333333333334,0.6266666666666667,0.04
E4_MIXED,C1,14,50,0.9942351373970422,0.019884702747940842,0.47333333333333355,0.52,1.9266666666666667,0.6066666666666667,0.02
E4_MIXED,C1,14,100,2.0797125772052434,0.020797125772052436,0.4700000000000002,0.5133333333333333,1.9466666666666668,0.59,0.01
E4_MIXED,C1,14,250,4.8018583861161215,0.019207433544464487,0.4653333333333335,0.536,1.9373333333333334,0.5853333333333334,0.004
E4_MIXED,C1,14,500,9.62437377492379,0.019248747549847577,0.47400000000000025,0.534,1.95,0.584,0.002
E4_MIXED,C2,14,25,0.33652351502193023,0.013460940600877208,0.52,0.6266666666666667,1.9733333333333334,0.6266666666666667,0.22666666666666666
E4_MIXED,C2,14,50,0.8524819050609715,0.01704963810121943,0.4800000000000002,0.56,1.9266666666666667,0.6066666666666667,0.11333333333333333
E4_MIXED,C2,14,100,1.9379593448691728,0.019379593448691727,0.4733333333333335,0.5333333333333333,1.9466666666666668,0.59,0.056666666666666664
E4_MIXED,C2,14,250,4.66010515378005,0.0186404206151202,0.4666666666666668,0.544,1.9373333333333334,0.5853333333333334,0.02266666666666667
E4_MIXED,C2,14,500,9.482620542587718,0.018965241085175437,0.4746666666666669,0.538,1.95,0.584,0.011333333333333334
E4_MIXED,C3,14,25,0.3243013249584617,0.012972052998338469,0.52,0.6266666666666667,1.9733333333333334,0.6266666666666667,0.12
E4_MIXED,C3,14,50,0.8015393834559688,0.016030787669119376,0.4800000000000002,0.5733333333333334,1.9266666666666667,0.6066666666666667,0.08
E4_MIXED,C3,14,100,1.7056885647971807,0.017056885647971805,0.4733333333333335,0.57,1.9466666666666668,0.59,0.09
E4_MIXED,C3,14,250,3.94119338656681,0.01576477354626724,0.47200000000000025,0.5853333333333334,1.9373333333333334,0.5853333333333334,0.092
E4_MIXED,C3,14,500,7.841097395090423,0.015682194790180844,0.4800000000000003,0.5846666666666667,1.95,0.584,0.08533333333333333
E4_MIXED,C4,14,25,0.40593172738717415,0.016237269095486964,0.5066666666666667,0.6133333333333333,1.9733333333333334,0.6266666666666667,0.09333333333333334
E4_MIXED,C4,14,50,0.9218901174262155,0.01843780234852431,0.47333333333333355,0.5533333333333333,1.9266666666666667,0.6066666666666667,0.04666666666666667
E4_MIXED,C4,14,100,2.0073675572344167,0.020073675572344168,0.4700000000000002,0.53,1.9466666666666668,0.59,0.023333333333333334
E4_MIXED,C4,14,250,4.729513366145294,0.018918053464581176,0.4653333333333335,0.5426666666666666,1.9373333333333334,0.5853333333333334,0.009333333333333334
E4_MIXED,C4,14,500,9.552028754952964,0.019104057509905927,0.47400000000000025,0.5373333333333333,1.95,0.584,0.004666666666666667
E4_MIXED,C0,15,25,0.34313377492050917,0.013725350996820367,0.5066666666666668,0.5733333333333334,1.96,0.6133333333333333,0.013333333333333334
E4_MIXED,C0,15,50,0.6634693958965465,0.01326938791793093,0.5200000000000002,0.56,1.94,0.62,0.006666666666666667
E4_MIXED,C0,15,100,1.458797856136211,0.01458797856136211,0.496666666666667,0.5633333333333334,1.9366666666666668,0.62,0.0033333333333333335
E4_MIXED,C0,15,250,3.5092668023813967,0.014037067209525586,0.47599999999999987,0.5613333333333334,1.9493333333333334,0.6026666666666667,0.0013333333333333333
E4_MIXED,C0,15,500,7.296681685001596,0.014593363370003193,0.4880000000000001,0.5586666666666666,1.9326666666666668,0.5946666666666667,0.0006666666666666666
E4_MIXED,C1,15,25,0.34974335367525855,0.013989734147010342,0.5066666666666668,0.56,1.96,0.6133333333333333,0.02666666666666667
E4_MIXED,C1,15,50,0.6700789746512958,0.013401579493025917,0.5200000000000002,0.5533333333333333,1.94,0.62,0.013333333333333334
E4_MIXED,C1,15,100,1.4654074348909605,0.014654074348909606,0.496666666666667,0.56,1.9366666666666668,0.62,0.006666666666666667
E4_MIXED,C1,15,250,3.5158763811361466,0.014063505524544587,0.47599999999999987,0.56,1.9493333333333334,0.6026666666666667,0.0026666666666666666
E4_MIXED,C1,15,500,7.303291263756346,0.014606582527512693,0.4880000000000001,0.558,1.9326666666666668,0.5946666666666667,0.0013333333333333333
E4_MIXED,C2,15,25,0.34618910282153437,0.013847564112861374,0.5066666666666668,0.56,1.96,0.6133333333333333,0.05333333333333334
E4_MIXED,C2,15,50,0.6665247237975718,0.013330494475951436,0.5200000000000002,0.5533333333333333,1.94,0.62,0.02666666666666667
E4_MIXED,C2,15,100,1.4681809740067515,0.014681809740067515,0.496666666666667,0.5566666666666666,1.9366666666666668,0.62,0.016666666666666666
E4_MIXED,C2,15,250,3.4873180318151697,0.01394927212726068,0.4773333333333332,0.5626666666666666,1.9493333333333334,0.6026666666666667,0.014666666666666666
E4_MIXED,C2,15,500,7.187131375093497,0.014374262750186993,0.4893333333333334,0.564,1.9326666666666668,0.5946666666666667,0.016
E4_MIXED,C3,15,25,0.33525115397119026,0.01341004615884761,0.5066666666666668,0.56,1.96,0.6133333333333333,0.13333333333333333
E4_MIXED,C3,15,50,0.6623073357286936,0.013246146714573873,0.5200000000000002,0.5666666666666667,1.94,0.62,0.10666666666666667
E4_MIXED,C3,15,100,1.4133925850672695,0.014133925850672696,0.496666666666667,0.5766666666666667,1.9366666666666668,0.62,0.11666666666666667
E4_MIXED,C3,15,250,3.354414334142794,0.013417657336571177,0.4773333333333332,0.5746666666666667,1.9493333333333334,0.6026666666666667,0.10133333333333333
E4_MIXED,C3,15,500,6.848280228580717,0.013696560457161434,0.4906666666666667,0.578,1.9326666666666668,0.5946666666666667,0.10333333333333333
E4_MIXED,C4,15,25,0.3416999630039751,0.013667998520159003,0.5066666666666668,0.5866666666666667,1.96,0.6133333333333333,0.0
E4_MIXED,C4,15,50,0.6620355839800125,0.01324071167960025,0.5200000000000002,0.5666666666666667,1.94,0.62,0.0
E4_MIXED,C4,15,100,1.479554488145769,0.014795544881457689,0.496666666666667,0.56,1.9366666666666668,0.62,0.006666666666666667
E4_MIXED,C4,15,250,3.5308515763221675,0.014123406305288671,0.47599999999999987,0.5586666666666666,1.9493333333333334,0.6026666666666667,0.004
E4_MIXED,C4,15,500,7.2059506857804845,0.014411901371560969,0.4880000000000001,0.5613333333333334,1.9326666666666668,0.5946666666666667,0.016
E4_MIXED,C0,16,25,0.3101616883337036,0.012406467533348144,0.4266666666666667,0.6266666666666667,1.8133333333333332,0.49333333333333335,0.0
E4_MIXED,C0,16,50,0.7110069129824833,0.014220138259649667,0.46,0.6,1.8466666666666667,0.5466666666666666,0.0
E4_MIXED,C0,16,100,1.375447694103088,0.01375447694103088,0.5099999999999999,0.6066666666666667,1.8866666666666667,0.56,0.0
E4_MIXED,C0,16,250,3.356875624171831,0.013427502496687324,0.5213333333333334,0.5853333333333334,1.9453333333333334,0.6026666666666667,0.0
E4_MIXED,C0,16,500,7.700993966255973,0.015401987932511947,0.5120000000000005,0.5646666666666667,1.9613333333333334,0.604,0.0
E4_MIXED,C1,16,25,0.3101616883337036,0.012406467533348144,0.4266666666666667,0.6266666666666667,1.8133333333333332,0.49333333333333335,0.0
E4_MIXED,C1,16,50,0.7110069129824833,0.014220138259649667,0.46,0.6,1.8466666666666667,0.5466666666666666,0.0
E4_MIXED,C1,16,100,1.375447694103088,0.01375447694103088,0.5099999999999999,0.6066666666666667,1.8866666666666667,0.56,0.0
E4_MIXED,C1,16,250,3.356875624171831,0.013427502496687324,0.5213333333333334,0.5853333333333334,1.9453333333333334,0.6026666666666667,0.0
E4_MIXED,C1,16,500,7.700993966255973,0.015401987932511947,0.5120000000000005,0.5646666666666667,1.9613333333333334,0.604,0.0
E4_MIXED,C2,16,25,0.3101616883337036,0.012406467533348144,0.4266666666666667,0.6266666666666667,1.8133333333333332,0.49333333333333335,0.0
E4_MIXED,C2,16,50,0.7110069129824833,0.014220138259649667,0.46,0.6,1.8466666666666667,0.5466666666666666,0.0
E4_MIXED,C2,16,100,1.375447694103088,0.01375447694103088,0.5099999999999999,0.6066666666666667,1.8866666666666667,0.56,0.0
E4_MIXED,C2,16,250,3.356875624171831,0.013427502496687324,0.5213333333333334,0.5853333333333334,1.9453333333333334,0.6026666666666667,0.0
E4_MIXED,C2,16,500,7.700993966255973,0.015401987932511947,0.5120000000000005,0.5646666666666667,1.9613333333333334,0.604,0.0
E4_MIXED,C3,16,25,0.3101616883337036,0.012406467533348144,0.4266666666666667,0.6266666666666667,1.8133333333333332,0.49333333333333335,0.0
E4_MIXED,C3,16,50,0.7110069129824833,0.014220138259649667,0.46,0.6,1.8466666666666667,0.5466666666666666,0.0
E4_MIXED,C3,16,100,1.375447694103088,0.01375447694103088,0.5099999999999999,0.6066666666666667,1.8866666666666667,0.56,0.0
E4_MIXED,C3,16,250,3.3422316254590116,0.013368926501836046,0.5213333333333334,0.5866666666666667,1.9453333333333334,0.6026666666666667,0.0013333333333333333
E4_MIXED,C3,16,500,7.452272339648035,0.01490454467929607,0.5120000000000005,0.5693333333333334,1.9613333333333334,0.604,0.020666666666666667
E4_MIXED,C4,16,25,0.28053427063648767,0.011221370825459508,0.4266666666666667,0.64,1.8133333333333332,0.49333333333333335,0.13333333333333333
E4_MIXED,C4,16,50,0.6676667581587059,0.013353335163174117,0.46,0.6133333333333333,1.8466666666666667,0.5466666666666666,0.08
E4_MIXED,C4,16,100,1.3341179594932673,0.013341179594932672,0.5066666666666666,0.6066666666666667,1.8866666666666667,0.56,0.05
E4_MIXED,C4,16,250,3.295739177524535,0.01318295671009814,0.52,0.5946666666666667,1.9453333333333334,0.6026666666666667,0.056
E4_MIXED,C4,16,500,7.201624220902973,0.014403248441805946,0.510666666666667,0.5786666666666667,1.9613333333333334,0.604,0.058
E4_MIXED,C0,17,25,0.32780063675810545,0.013112025470324218,0.5466666666666665,0.5733333333333334,2.04,0.6266666666666667,0.0
E4_MIXED,C0,17,50,0.5742165855732333,0.011484331711464665,0.5066666666666666,0.6266666666666667,1.9933333333333334,0.6066666666666667,0.0
E4_MIXED,C0,17,100,1.3152991592561967,0.013152991592561968,0.5200000000000002,0.57,1.9833333333333334,0.6166666666666667,0.0
E4_MIXED,C0,17,250,3.069172064202916,0.012276688256811663,0.5066666666666667,0.62,1.9146666666666667,0.576,0.0
E4_MIXED,C0,17,500,6.3817017885235225,0.012763403577047045,0.4980000000000003,0.6086666666666667,1.9133333333333333,0.5786666666666667,0.0
E4_MIXED,C1,17,25,0.32780063675810545,0.013112025470324218,0.5466666666666665,0.5733333333333334,2.04,0.6266666666666667,0.0
E4_MIXED,C1,17,50,0.5742165855732333,0.011484331711464665,0.5066666666666666,0.6266666666666667,1.9933333333333334,0.6066666666666667,0.0
E4_MIXED,C1,17,100,1.3152991592561967,0.013152991592561968,0.5200000000000002,0.57,1.9833333333333334,0.6166666666666667,0.0
E4_MIXED,C1,17,250,3.069172064202916,0.012276688256811663,0.5066666666666667,0.62,1.9146666666666667,0.576,0.0
E4_MIXED,C1,17,500,6.3817017885235225,0.012763403577047045,0.4980000000000003,0.6086666666666667,1.9133333333333333,0.5786666666666667,0.0
E4_MIXED,C2,17,25,0.3326814529662037,0.01330725811864815,0.5466666666666665,0.5733333333333334,2.04,0.6266666666666667,0.02666666666666667
E4_MIXED,C2,17,50,0.5790974017813315,0.01158194803562663,0.5066666666666666,0.6266666666666667,1.9933333333333334,0.6066666666666667,0.013333333333333334
E4_MIXED,C2,17,100,1.320179975464295,0.01320179975464295,0.5200000000000002,0.57,1.9833333333333334,0.6166666666666667,0.006666666666666667
E4_MIXED,C2,17,250,3.0740528804110143,0.012296211521644057,0.5066666666666667,0.62,1.9146666666666667,0.576,0.0026666666666666666
E4_MIXED,C2,17,500,6.386582604731621,0.012773165209463241,0.4980000000000003,0.6086666666666667,1.9133333333333333,0.5786666666666667,0.0013333333333333333
E4_MIXED,C3,17,25,0.33034553409707024,0.01321382136388281,0.5466666666666665,0.56,2.04,0.6266666666666667,0.013333333333333334
E4_MIXED,C3,17,50,0.5767614829121981,0.011535229658243962,0.5066666666666666,0.62,1.9933333333333334,0.6066666666666667,0.006666666666666667
E4_MIXED,C3,17,100,1.3178440565951615,0.013178440565951615,0.5200000000000002,0.5666666666666667,1.9833333333333334,0.6166666666666667,0.0033333333333333335
E4_MIXED,C3,17,250,3.0717169615418802,0.012286867846167521,0.5066666666666667,0.6186666666666667,1.9146666666666667,0.576,0.0013333333333333333
E4_MIXED,C3,17,500,6.384246685862487,0.012768493371724974,0.4980000000000003,0.608,1.9133333333333333,0.5786666666666667,0.0006666666666666666
E4_MIXED,C4,17,25,0.4003350668203585,0.016013402672814342,0.5466666666666665,0.56,2.04,0.6266666666666667,0.17333333333333334
E4_MIXED,C4,17,50,0.6861033933364977,0.013722067866729954,0.5066666666666666,0.58,1.9933333333333334,0.6066666666666667,0.16
E4_MIXED,C4,17,100,1.4309390039319614,0.014309390039319613,0.5166666666666668,0.5633333333333334,1.9833333333333334,0.6166666666666667,0.14333333333333334
E4_MIXED,C4,17,250,3.1839211269743335,0.012735684507897334,0.5053333333333334,0.616,1.9146666666666667,0.576,0.10533333333333333
E4_MIXED,C4,17,500,6.3976370682939745,0.012795274136587948,0.496666666666667,0.6153333333333333,1.9133333333333333,0.5786666666666667,0.08333333333333333
E4_MIXED,C0,18,25,0.3785611347231528,0.015142445388926111,0.4,0.5333333333333333,1.8933333333333333,0.56,0.013333333333333334
E4_MIXED,C0,18,50,0.8182210601948511,0.01636442120389702,0.42666666666666664,0.52,1.8133333333333332,0.5466666666666666,0.006666666666666667
E4_MIXED,C0,18,100,1.710963113332323,0.01710963113332323,0.4433333333333335,0.5233333333333333,1.84,0.5533333333333333,0.0033333333333333335
E4_MIXED,C0,18,250,4.23981040798364,0.01695924163193456,0.4386666666666665,0.528,1.9013333333333333,0.5666666666666667,0.0013333333333333333
E4_MIXED,C0,18,500,8.85344138410142,0.01770688276820284,0.46866666666666656,0.5273333333333333,1.9033333333333333,0.578,0.0006666666666666666
E4_MIXED,C1,18,25,0.3916102887273798,0.015664411549095193,0.4,0.5333333333333333,1.8933333333333333,0.56,0.02666666666666667
E4_MIXED,C1,18,50,0.8312702141990781,0.01662540428398156,0.42666666666666664,0.52,1.8133333333333332,0.5466666666666666,0.013333333333333334
E4_MIXED,C1,18,100,1.7240122673365499,0.0172401226733655,0.4433333333333335,0.5233333333333333,1.84,0.5533333333333333,0.006666666666666667
E4_MIXED,C1,18,250,4.252859561987867,0.01701143824795147,0.4386666666666665,0.528,1.9013333333333333,0.5666666666666667,0.0026666666666666666
E4_MIXED,C1,18,500,8.866490538105648,0.017732981076211296,0.46866666666666656,0.5273333333333333,1.9033333333333333,0.578,0.0013333333333333333
E4_MIXED,C2,18,25,0.3878461874376288,0.01551384749750515,0.4,0.5333333333333333,1.8933333333333333,0.56,0.013333333333333334
E4_MIXED,C2,18,50,0.827506112909327,0.01655012225818654,0.42666666666666664,0.52,1.8133333333333332,0.5466666666666666,0.006666666666666667
E4_MIXED,C2,18,100,1.7202481660467988,0.017202481660467988,0.4433333333333335,0.5233333333333333,1.84,0.5533333333333333,0.0033333333333333335
E4_MIXED,C2,18,250,4.249095460698115,0.01699638184279246,0.4386666666666665,0.528,1.9013333333333333,0.5666666666666667,0.0013333333333333333
E4_MIXED,C2,18,500,8.862726436815894,0.017725452873631788,0.46866666666666656,0.5273333333333333,1.9033333333333333,0.578,0.0006666666666666666
E4_MIXED,C3,18,25,0.3524499618422165,0.01409799847368866,0.4,0.56,1.8933333333333333,0.56,0.013333333333333334
E4_MIXED,C3,18,50,0.7776002984973358,0.015552005969946716,0.42666666666666664,0.5466666666666666,1.8133333333333332,0.5466666666666666,0.05333333333333334
E4_MIXED,C3,18,100,1.5789283545648085,0.015789283545648083,0.4433333333333335,0.5533333333333333,1.84,0.5533333333333333,0.07
E4_MIXED,C3,18,250,3.8087624198068233,0.015235049679227293,0.43999999999999984,0.576,1.9013333333333333,0.5666666666666667,0.10933333333333334
E4_MIXED,C3,18,500,6.266922468546925,0.01253384493709385,0.4759999999999999,0.632,1.9033333333333333,0.578,0.17266666666666666
E4_MIXED,C4,18,25,0.39102180543237836,0.015640872217295133,0.4,0.5333333333333333,1.8933333333333333,0.56,0.05333333333333334
E4_MIXED,C4,18,50,0.8278008297012566,0.01655601659402513,0.42666666666666664,0.5266666666666666,1.8133333333333332,0.5466666666666666,0.03333333333333333
E4_MIXED,C4,18,100,1.661970034082234,0.01661970034082234,0.4433333333333335,0.5333333333333333,1.84,0.5533333333333333,0.03666666666666667
E4_MIXED,C4,18,250,3.7186348373563898,0.014874539349425559,0.44133333333333313,0.5706666666666667,1.9013333333333333,0.5666666666666667,0.06266666666666666
E4_MIXED,C4,18,500,6.4293444621629945,0.012858688924325989,0.4746666666666667,0.6086666666666667,1.9033333333333333,0.578,0.118
E4_MIXED,C0,19,25,0.4235225983476829,0.016940903933907316,0.5599999999999998,0.52,2.1466666666666665,0.6666666666666666,0.0
E4_MIXED,C0,19,50,0.7436305029729993,0.014872610059459985,0.5266666666666667,0.5733333333333334,1.9733333333333334,0.6133333333333333,0.0
E4_MIXED,C0,19,100,1.486388011257911,0.01486388011257911,0.5333333333333333,0.54,1.9233333333333333,0.61,0.0
E4_MIXED,C0,19,250,3.642099668116672,0.014568398672466688,0.5466666666666665,0.5573333333333333,1.9466666666666668,0.6146666666666667,0.0
E4_MIXED,C0,19,500,7.703820733318718,0.015407641466637437,0.5306666666666662,0.546,1.9693333333333334,0.6253333333333333,0.0
E4_MIXED,C1,19,25,0.41836017401491093,0.016734406960596436,0.5599999999999998,0.52,2.1466666666666665,0.6666666666666666,0.013333333333333334
E4_MIXED,C1,19,50,0.7384680786402273,0.014769361572804547,0.5266666666666667,0.5733333333333334,1.9733333333333334,0.6133333333333333,0.006666666666666667
E4_MIXED,C1,19,100,1.4812255869251392,0.014812255869251391,0.5333333333333333,0.54,1.9233333333333333,0.61,0.0033333333333333335
E4_MIXED,C1,19,250,3.6369372437839003,0.014547748975135602,0.5466666666666665,0.5573333333333333,1.9466666666666668,0.6146666666666667,0.0013333333333333333
E4_MIXED,C1,19,500,7.698658308985946,0.015397316617971892,0.5306666666666662,0.546,1.9693333333333334,0.6253333333333333,0.0006666666666666666
E4_MIXED,C2,19,25,0.4075389970897771,0.016301559883591082,0.5599999999999998,0.5333333333333333,2.1466666666666665,0.6666666666666666,0.013333333333333334
E4_MIXED,C2,19,50,0.7276469017150935,0.01455293803430187,0.5266666666666667,0.58,1.9733333333333334,0.6133333333333333,0.006666666666666667
E4_MIXED,C2,19,100,1.4704044100000055,0.014704044100000056,0.5333333333333333,0.5433333333333333,1.9233333333333333,0.61,0.0033333333333333335
E4_MIXED,C2,19,250,3.626116066858766,0.014504464267435065,0.5466666666666665,0.5586666666666666,1.9466666666666668,0.6146666666666667,0.0013333333333333333
E4_MIXED,C2,19,500,7.687837132060812,0.015375674264121625,0.5306666666666662,0.5466666666666666,1.9693333333333334,0.6253333333333333,0.0006666666666666666
E4_MIXED,C3,19,25,0.4235225983476829,0.016940903933907316,0.5599999999999998,0.52,2.1466666666666665,0.6666666666666666,0.0
E4_MIXED,C3,19,50,0.7436305029729993,0.014872610059459985,0.5266666666666667,0.5733333333333334,1.9733333333333334,0.6133333333333333,0.0
E4_MIXED,C3,19,100,1.486388011257911,0.01486388011257911,0.5333333333333333,0.54,1.9233333333333333,0.61,0.0
E4_MIXED,C3,19,250,3.642099668116672,0.014568398672466688,0.5466666666666665,0.5573333333333333,1.9466666666666668,0.6146666666666667,0.0
E4_MIXED,C3,19,500,7.779449320940013,0.015558898641880026,0.5306666666666662,0.5453333333333333,1.9693333333333334,0.6253333333333333,0.004666666666666667
E4_MIXED,C4,19,25,0.3780708596665976,0.015122834386663904,0.5733333333333333,0.5466666666666666,2.1466666666666665,0.6666666666666666,0.08
E4_MIXED,C4,19,50,0.662374752302247,0.013247495046044938,0.5333333333333334,0.6066666666666667,1.9733333333333334,0.6133333333333333,0.08666666666666667
E4_MIXED,C4,19,100,1.363015552234949,0.01363015552234949,0.5366666666666666,0.5633333333333334,1.9233333333333333,0.61,0.05333333333333334
E4_MIXED,C4,19,250,3.415534291721743,0.01366213716688697,0.548,0.5746666666666667,1.9466666666666668,0.6146666666666667,0.03333333333333333
E4_MIXED,C4,19,500,7.109780068964721,0.014219560137929441,0.5319999999999997,0.5646666666666667,1.9693333333333334,0.6253333333333333,0.04
E4_MIXED,C0,20,25,0.4143731922446707,0.016574927689786828,0.46666666666666673,0.48,2.0533333333333332,0.68,0.02666666666666667
E4_MIXED,C0,20,50,0.9087300859702203,0.018174601719404406,0.4933333333333335,0.44,2.066666666666667,0.68,0.013333333333333334
E4_MIXED,C0,20,100,1.7779179412127142,0.01777917941212714,0.49666666666666665,0.44,2.08,0.67,0.006666666666666667
E4_MIXED,C0,20,250,4.055269267283665,0.01622107706913466,0.4946666666666669,0.49333333333333335,2.008,0.632,0.0026666666666666666
E4_MIXED,C0,20,500,8.385181339618578,0.016770362679237157,0.4899999999999999,0.494,1.9873333333333334,0.6326666666666667,0.0013333333333333333
E4_MIXED,C1,20,25,0.40948138683665436,0.016379255473466175,0.46666666666666673,0.49333333333333335,2.0533333333333332,0.68,0.04
E4_MIXED,C1,20,50,0.903838280562204,0.01807676561124408,0.4933333333333335,0.44666666666666666,2.066666666666667,0.68,0.02
E4_MIXED,C1,20,100,1.7730261358046981,0.01773026135804698,0.49666666666666665,0.44333333333333336,2.08,0.67,0.01
E4_MIXED,C1,20,250,4.05037746187565,0.0162015098475026,0.4946666666666669,0.49466666666666664,2.008,0.632,0.004
E4_MIXED,C1,20,500,8.380289534210561,0.016760579068421124,0.4899999999999999,0.49466666666666664,1.9873333333333334,0.6326666666666667,0.002
E4_MIXED,C2,20,25,0.4152976949565024,0.016611907798260096,0.46666666666666673,0.4666666666666667,2.0533333333333332,0.68,0.013333333333333334
E4_MIXED,C2,20,50,0.9096545886820522,0.018193091773641045,0.4933333333333335,0.43333333333333335,2.066666666666667,0.68,0.006666666666666667
E4_MIXED,C2,20,100,1.7788424439245463,0.017788424439245464,0.49666666666666665,0.43666666666666665,2.08,0.67,0.0033333333333333335
E4_MIXED,C2,20,250,4.056193769995498,0.016224775079981994,0.4946666666666669,0.492,2.008,0.632,0.0013333333333333333
E4_MIXED,C2,20,500,8.38610584233041,0.01677221168466082,0.4899999999999999,0.49333333333333335,1.9873333333333334,0.6326666666666667,0.0006666666666666666
E4_MIXED,C3,20,25,0.3625708794225081,0.014502835176900325,0.46666666666666673,0.52,2.0533333333333332,0.68,0.09333333333333334
E4_MIXED,C3,20,50,0.8397569579503066,0.016795139159006132,0.4933333333333335,0.47333333333333333,2.066666666666667,0.68,0.06
E4_MIXED,C3,20,100,1.7089448131928007,0.017089448131928007,0.49666666666666665,0.45666666666666667,2.08,0.67,0.03
E4_MIXED,C3,20,250,3.8459965795247943,0.015383986318099178,0.4960000000000003,0.5093333333333333,2.008,0.632,0.021333333333333333
E4_MIXED,C3,20,500,7.646179905406954,0.015292359810813907,0.4933333333333332,0.5233333333333333,1.9873333333333334,0.6326666666666667,0.038
E4_MIXED,C4,20,25,0.39980788126909944,0.01599231525076398,0.46666666666666673,0.49333333333333335,2.0533333333333332,0.68,0.10666666666666667
E4_MIXED,C4,20,50,0.880216652345323,0.01760433304690646,0.4866666666666668,0.46,2.066666666666667,0.68,0.07333333333333333
E4_MIXED,C4,20,100,1.595952798766828,0.01595952798766828,0.49333333333333335,0.49,2.08,0.67,0.07666666666666666
E4_MIXED,C4,20,250,3.330087953985993,0.013320351815943973,0.4960000000000002,0.572,2.008,0.632,0.116
E4_MIXED,C4,20,500,6.434825014906717,0.012869650029813433,0.49399999999999966,0.5886666666666667,1.9873333333333334,0.6326666666666667,0.13866666666666666
E4_MIXED,C0,21,25,0.5057331427079754,0.020229325708319017,0.5066666666666666,0.48,1.9866666666666666,0.6,0.02666666666666667
E4_MIXED,C0,21,50,1.0439237683784643,0.020878475367569288,0.4866666666666666,0.5066666666666667,1.9333333333333333,0.58,0.013333333333333334
E4_MIXED,C0,21,100,2.2079127500127163,0.022079127500127162,0.4933333333333331,0.49333333333333335,1.9666666666666666,0.5966666666666667,0.006666666666666667
E4_MIXED,C0,21,250,5.002714181829938,0.02001085672731975,0.5093333333333336,0.5266666666666666,1.9266666666666667,0.588,0.0026666666666666666
E4_MIXED,C0,21,500,9.73191196452245,0.019463823929044898,0.5020000000000001,0.526,1.9533333333333334,0.6033333333333334,0.0013333333333333333
E4_MIXED,C1,21,25,0.5000165485086545,0.02000066194034618,0.5066666666666666,0.49333333333333335,1.9866666666666666,0.6,0.04
E4_MIXED,C1,21,50,1.0382071741791434,0.020764143483582867,0.4866666666666666,0.5133333333333333,1.9333333333333333,0.58,0.02
E4_MIXED,C1,21,100,2.202196155813396,0.02202196155813396,0.4933333333333331,0.49666666666666665,1.9666666666666666,0.5966666666666667,0.01
E4_MIXED,C1,21,250,4.996997587630617,0.01998799035052247,0.5093333333333336,0.528,1.9266666666666667,0.588,0.004
E4_MIXED,C1,21,500,9.72619537032313,0.01945239074064626,0.5020000000000001,0.5266666666666666,1.9533333333333334,0.6033333333333334,0.002
E4_MIXED,C2,21,25,0.5108436215773369,0.020433744863093475,0.5066666666666666,0.48,1.9866666666666666,0.6,0.0
E4_MIXED,C2,21,50,1.0490342472478258,0.020980684944956515,0.4866666666666666,0.5066666666666667,1.9333333333333333,0.58,0.0
E4_MIXED,C2,21,100,2.2130232288820784,0.022130232288820783,0.4933333333333331,0.49333333333333335,1.9666666666666666,0.5966666666666667,0.0
E4_MIXED,C2,21,250,5.0078246606993,0.0200312986427972,0.5093333333333336,0.5266666666666666,1.9266666666666667,0.588,0.0
E4_MIXED,C2,21,500,9.737022443391815,0.019474044886783632,0.5020000000000001,0.526,1.9533333333333334,0.6033333333333334,0.0
E4_MIXED,C3,21,25,0.5070912762964985,0.02028365105185994,0.5066666666666666,0.48,1.9866666666666666,0.6,0.013333333333333334
E4_MIXED,C3,21,50,1.0452819019669874,0.020905638039339747,0.4866666666666666,0.5066666666666667,1.9333333333333333,0.58,0.006666666666666667
E4_MIXED,C3,21,100,2.2092708836012394,0.022092708836012394,0.4933333333333331,0.49333333333333335,1.9666666666666666,0.5966666666666667,0.0033333333333333335
E4_MIXED,C3,21,250,5.004072315418461,0.020016289261673845,0.5093333333333336,0.5266666666666666,1.9266666666666667,0.588,0.0013333333333333333
E4_MIXED,C3,21,500,9.733270098110975,0.01946654019622195,0.5020000000000001,0.526,1.9533333333333334,0.6033333333333334,0.0006666666666666666
E4_MIXED,C4,21,25,0.5136601573608504,0.020546406294434015,0.5066666666666666,0.4666666666666667,1.9866666666666666,0.6,0.02666666666666667
E4_MIXED,C4,21,50,1.0518507830313393,0.021037015660626785,0.4866666666666666,0.5,1.9333333333333333,0.58,0.013333333333333334
E4_MIXED,C4,21,100,2.215839764665591,0.022158397646655913,0.4933333333333331,0.49,1.9666666666666666,0.5966666666666667,0.006666666666666667
E4_MIXED,C4,21,250,5.010641196482813,0.020042564785931253,0.5093333333333336,0.5253333333333333,1.9266666666666667,0.588,0.0026666666666666666
E4_MIXED,C4,21,500,9.690443979666174,0.01938088795933235,0.5026666666666668,0.526,1.9533333333333334,0.6033333333333334,0.006
E4_MIXED,C0,22,25,0.3019086054799332,0.012076344219197328,0.4266666666666667,0.5866666666666667,1.7866666666666666,0.5066666666666667,0.0
E4_MIXED,C0,22,50,0.7057090815017775,0.01411418163003555,0.4800000000000002,0.5533333333333333,1.8266666666666667,0.5466666666666666,0.0
E4_MIXED,C0,22,100,1.4795348058045876,0.014795348058045877,0.4966666666666666,0.5133333333333333,1.8766666666666667,0.5733333333333334,0.0
E4_MIXED,C0,22,250,3.892294223351536,0.015569176893406145,0.49466666666666664,0.516,1.896,0.5693333333333334,0.0
E4_MIXED,C0,22,500,7.36889922815172,0.01473779845630344,0.499333333333333,0.5246666666666666,1.872,0.5686666666666667,0.0
E4_MIXED,C1,22,25,0.3019086054799332,0.012076344219197328,0.4266666666666667,0.5866666666666667,1.7866666666666666,0.5066666666666667,0.0
E4_MIXED,C1,22,50,0.7057090815017775,0.01411418163003555,0.4800000000000002,0.5533333333333333,1.8266666666666667,0.5466666666666666,0.0
E4_MIXED,C1,22,100,1.4795348058045876,0.014795348058045877,0.4966666666666666,0.5133333333333333,1.8766666666666667,0.5733333333333334,0.0
E4_MIXED,C1,22,250,3.892294223351536,0.015569176893406145,0.49466666666666664,0.516,1.896,0.5693333333333334,0.0
E4_MIXED,C1,22,500,7.36889922815172,0.01473779845630344,0.499333333333333,0.5246666666666666,1.872,0.5686666666666667,0.0
E4_MIXED,C2,22,25,0.3068800750473759,0.012275203001895036,0.4266666666666667,0.5866666666666667,1.7866666666666666,0.5066666666666667,0.02666666666666667
E4_MIXED,C2,22,50,0.7106805510692202,0.014213611021384404,0.4800000000000002,0.5533333333333333,1.8266666666666667,0.5466666666666666,0.013333333333333334
E4_MIXED,C2,22,100,1.4845062753720306,0.014845062753720306,0.4966666666666666,0.5133333333333333,1.8766666666666667,0.5733333333333334,0.006666666666666667
E4_MIXED,C2,22,250,3.897265692918979,0.015589062771675917,0.49466666666666664,0.516,1.896,0.5693333333333334,0.0026666666666666666
E4_MIXED,C2,22,500,7.373870697719162,0.014747741395438323,0.499333333333333,0.5246666666666666,1.872,0.5686666666666667,0.0013333333333333333
E4_MIXED,C3,22,25,0.3019086054799332,0.012076344219197328,0.4266666666666667,0.5866666666666667,1.7866666666666666,0.5066666666666667,0.0
E4_MIXED,C3,22,50,0.7057090815017775,0.01411418163003555,0.4800000000000002,0.5533333333333333,1.8266666666666667,0.5466666666666666,0.0
E4_MIXED,C3,22,100,1.4795348058045876,0.014795348058045877,0.4966666666666666,0.5133333333333333,1.8766666666666667,0.5733333333333334,0.0
E4_MIXED,C3,22,250,3.901114131274748,0.015604456525098993,0.49466666666666664,0.516,1.896,0.5693333333333334,0.0013333333333333333
E4_MIXED,C3,22,500,7.377719136074931,0.014755438272149861,0.499333333333333,0.5246666666666666,1.872,0.5686666666666667,0.0006666666666666666
E4_MIXED,C4,22,25,0.3019086054799332,0.012076344219197328,0.4266666666666667,0.5866666666666667,1.7866666666666666,0.5066666666666667,0.0
E4_MIXED,C4,22,50,0.7057090815017775,0.01411418163003555,0.4800000000000002,0.5533333333333333,1.8266666666666667,0.5466666666666666,0.0
E4_MIXED,C4,22,100,1.4795348058045876,0.014795348058045877,0.4966666666666666,0.5133333333333333,1.8766666666666667,0.5733333333333334,0.0
E4_MIXED,C4,22,250,3.874908102573263,0.01549963241029305,0.49466666666666664,0.5173333333333333,1.896,0.5693333333333334,0.0013333333333333333
E4_MIXED,C4,22,500,6.789809021891168,0.013579618043782335,0.5006666666666664,0.556,1.872,0.5686666666666667,0.046
E4_MIXED,C0,23,25,0.48302408577330436,0.019320963430932175,0.52,0.5333333333333333,2.0,0.6533333333333333,0.14666666666666667
E4_MIXED,C0,23,50,0.9170449456520126,0.018340898913040252,0.4533333333333333,0.5533333333333333,1.96,0.6133333333333333,0.12
E4_MIXED,C0,23,100,1.5512144326941317,0.015512144326941318,0.48666666666666664,0.5766666666666667,1.9,0.59,0.08
E4_MIXED,C0,23,250,3.8388902388928883,0.015355560955571553,0.484,0.5893333333333334,1.9346666666666668,0.596,0.064
E4_MIXED,C0,23,500,6.954994686969528,0.013909989373939054,0.4966666666666668,0.6073333333333333,1.9426666666666668,0.6,0.08866666666666667
E4_MIXED,C1,23,25,0.5476312078261272,0.02190524831304509,0.52,0.49333333333333335,2.0,0.6533333333333333,0.02666666666666667
E4_MIXED,C1,23,50,1.0585892084384416,0.02117178416876883,0.4533333333333333,0.5,1.96,0.6133333333333333,0.013333333333333334
E4_MIXED,C1,23,100,1.752416152121999,0.01752416152121999,0.48666666666666664,0.5333333333333333,1.9,0.59,0.006666666666666667
E4_MIXED,C1,23,250,4.320153536843969,0.017280614147375875,0.4826666666666667,0.544,1.9346666666666668,0.596,0.0026666666666666666
E4_MIXED,C1,23,500,8.583416362133866,0.017166832724267733,0.4920000000000002,0.5406666666666666,1.9426666666666668,0.6,0.0013333333333333333
E4_MIXED,C2,23,25,0.5554899415598973,0.022219597662395892,0.52,0.48,2.0,0.6533333333333333,0.05333333333333334
E4_MIXED,C2,23,50,1.066447942172212,0.02132895884344424,0.4533333333333333,0.49333333333333335,1.96,0.6133333333333333,0.02666666666666667
E4_MIXED,C2,23,100,1.7602748858557693,0.01760274885855769,0.48666666666666664,0.53,1.9,0.59,0.013333333333333334
E4_MIXED,C2,23,250,4.330949430208093,0.01732379772083237,0.4826666666666667,0.5426666666666666,1.9346666666666668,0.596,0.006666666666666667
E4_MIXED,C2,23,500,8.594212255497991,0.017188424510995982,0.4920000000000002,0.54,1.9426666666666668,0.6,0.0033333333333333335
E4_MIXED,C3,23,25,0.5027763649307397,0.02011105459722959,0.52,0.52,2.0,0.6533333333333333,0.09333333333333334
E4_MIXED,C3,23,50,0.8732450626633128,0.017464901253266257,0.4533333333333333,0.5466666666666666,1.96,0.6133333333333333,0.09333333333333334
E4_MIXED,C3,23,100,1.4599721662855405,0.014599721662855406,0.48666666666666664,0.5833333333333334,1.9,0.59,0.07666666666666666
E4_MIXED,C3,23,250,3.7153711534045253,0.014861484613618102,0.484,0.588,1.9346666666666668,0.596,0.06666666666666667
E4_MIXED,C3,23,500,7.904705450311059,0.015809410900622118,0.4926666666666669,0.566,1.9426666666666668,0.6,0.04066666666666666
E4_MIXED,C4,23,25,0.5697457766711153,0.02278983106684461,0.52,0.49333333333333335,2.0,0.6533333333333333,0.02666666666666667
E4_MIXED,C4,23,50,1.0807037772834298,0.021614075545668597,0.4533333333333333,0.5,1.96,0.6133333333333333,0.013333333333333334
E4_MIXED,C4,23,100,1.7580200494386669,0.017580200494386668,0.48666666666666664,0.5366666666666666,1.9,0.59,0.01
E4_MIXED,C4,23,250,4.283556120524529,0.017134224482098115,0.4826666666666667,0.5493333333333333,1.9346666666666668,0.596,0.010666666666666666
E4_MIXED,C4,23,500,8.547264523718615,0.017094529047437232,0.4920000000000002,0.544,1.9426666666666668,0.6,0.014
E4_MIXED,C0,24,25,0.5019879132151759,0.020079516528607035,0.4533333333333334,0.49333333333333335,2.0933333333333333,0.72,0.04
E4_MIXED,C0,24,50,0.7865635337012795,0.01573127067402559,0.49333333333333335,0.54,2.0,0.6333333333333333,0.02
E4_MIXED,C0,24,100,1.5599127174852563,0.015599127174852562,0.5066666666666666,0.54,2.0,0.6366666666666667,0.01
E4_MIXED,C0,24,250,3.9543467817545044,0.015817387127018016,0.48666666666666664,0.5533333333333333,1.972,0.6173333333333333,0.004
E4_MIXED,C0,24,500,8.223897276905806,0.016447794553811613,0.49133333333333334,0.5366666666666666,1.9833333333333334,0.61,0.002
E4_MIXED,C1,24,25,0.5266489856137286,0.021065959424549145,0.4533333333333334,0.48,2.0933333333333333,0.72,0.02666666666666667
E4_MIXED,C1,24,50,0.8112246060998323,0.016224492121996646,0.49333333333333335,0.5333333333333333,2.0,0.6333333333333333,0.013333333333333334
E4_MIXED,C1,24,100,1.5845737898838093,0.015845737898838093,0.5066666666666666,0.5366666666666666,2.0,0.6366666666666667,0.006666666666666667
E4_MIXED,C1,24,250,3.9790078541530574,0.015916031416612228,0.48666666666666664,0.552,1.972,0.6173333333333333,0.0026666666666666666
E4_MIXED,C1,24,500,8.24855834930436,0.016497116698608722,0.49133333333333334,0.536,1.9833333333333334,0.61,0.0013333333333333333
E4_MIXED,C2,24,25,0.5254103680347211,0.02101641472138884,0.4533333333333334,0.49333333333333335,2.0933333333333333,0.72,0.04
E4_MIXED,C2,24,50,0.8099859885208247,0.016199719770416496,0.49333333333333335,0.54,2.0,0.6333333333333333,0.02
E4_MIXED,C2,24,100,1.583335172304802,0.01583335172304802,0.5066666666666666,0.54,2.0,0.6366666666666667,0.01
E4_MIXED,C2,24,250,3.97776923657405,0.0159110769462962,0.48666666666666664,0.5533333333333333,1.972,0.6173333333333333,0.004
E4_MIXED,C2,24,500,8.247319731725353,0.016494639463450707,0.49133333333333334,0.5366666666666666,1.9833333333333334,0.61,0.002
E4_MIXED,C3,24,25,0.4027272418795521,0.016109089675182084,0.48000000000000015,0.56,2.0933333333333333,0.72,0.2
E4_MIXED,C3,24,50,0.5984987679829423,0.011969975359658847,0.5066666666666667,0.62,2.0,0.6333333333333333,0.15333333333333332
E4_MIXED,C3,24,100,1.1902664174192172,0.011902664174192173,0.5199999999999999,0.6233333333333333,2.0,0.6366666666666667,0.15
E4_MIXED,C3,24,250,2.868602318793489,0.011474409275173956,0.4919999999999998,0.644,1.972,0.6173333333333333,0.15066666666666667
E4_MIXED,C3,24,500,6.219113745601756,0.012438227491203512,0.4966666666666666,0.62,1.9833333333333334,0.61,0.12866666666666668
E4_MIXED,C4,24,25,0.43058403360000186,0.017223361344000074,0.46666666666666684,0.5466666666666666,2.0933333333333333,0.72,0.08
E4_MIXED,C4,24,50,0.7148946607922555,0.01429789321584511,0.5000000000000001,0.5666666666666667,2.0,0.6333333333333333,0.06
E4_MIXED,C4,24,100,1.4794845460209056,0.014794845460209056,0.51,0.5533333333333333,2.0,0.6366666666666667,0.043333333333333335
E4_MIXED,C4,24,250,3.7484415260850157,0.014993766104340063,0.4893333333333332,0.5653333333333334,1.972,0.6173333333333333,0.04133333333333333
E4_MIXED,C4,24,500,7.921791797839493,0.015843583595678987,0.49266666666666664,0.5466666666666666,1.9833333333333334,0.61,0.028666666666666667
E4_MIXED,C0,25,25,0.39846138142299736,0.015938455256919896,0.5733333333333333,0.6133333333333333,1.7866666666666666,0.5466666666666666,0.0
E4_MIXED,C0,25,50,0.8401406186044298,0.016802812372088596,0.5399999999999999,0.6133333333333333,1.8866666666666667,0.58,0.0
E4_MIXED,C0,25,100,1.9367415715188008,0.01936741571518801,0.5233333333333331,0.5633333333333334,1.9366666666666668,0.5966666666666667,0.0
E4_MIXED,C0,25,250,4.530956236274575,0.0181238249450983,0.5186666666666667,0.5746666666666667,1.9053333333333333,0.5853333333333334,0.0
E4_MIXED,C0,25,500,8.99558189673852,0.01799116379347704,0.5119999999999999,0.558,1.9266666666666667,0.5986666666666667,0.0
E4_MIXED,C1,25,25,0.40177152886848,0.0160708611547392,0.5733333333333333,0.6266666666666667,1.7866666666666666,0.5466666666666666,0.02666666666666667
E4_MIXED,C1,25,50,0.8434507660499124,0.01686901532099825,0.5399999999999999,0.62,1.8866666666666667,0.58,0.013333333333333334
E4_MIXED,C1,25,100,1.9400517189642832,0.019400517189642832,0.5233333333333331,0.5666666666666667,1.9366666666666668,0.5966666666666667,0.006666666666666667
E4_MIXED,C1,25,250,4.534266383720057,0.018137065534880228,0.5186666666666667,0.576,1.9053333333333333,0.5853333333333334,0.0026666666666666666
E4_MIXED,C1,25,500,8.998892044184002,0.017997784088368003,0.5119999999999999,0.5586666666666666,1.9266666666666667,0.5986666666666667,0.0013333333333333333
E4_MIXED,C2,25,25,0.3761932129206125,0.0150477285168245,0.5733333333333333,0.6266666666666667,1.7866666666666666,0.5466666666666666,0.04
E4_MIXED,C2,25,50,0.8178724501020449,0.0163574490020409,0.5399999999999999,0.62,1.8866666666666667,0.58,0.02
E4_MIXED,C2,25,100,1.9144734030164154,0.019144734030164156,0.5233333333333331,0.5666666666666667,1.9366666666666668,0.5966666666666667,0.01
E4_MIXED,C2,25,250,4.508688067772189,0.018034752271088757,0.5186666666666667,0.576,1.9053333333333333,0.5853333333333334,0.004
E4_MIXED,C2,25,500,8.973313728236134,0.017946627456472266,0.5119999999999999,0.5586666666666666,1.9266666666666667,0.5986666666666667,0.002
E4_MIXED,C3,25,25,0.4157249256493365,0.01662899702597346,0.5733333333333333,0.6133333333333333,1.7866666666666666,0.5466666666666666,0.10666666666666667
E4_MIXED,C3,25,50,0.8532547552866283,0.017065095105732567,0.5399999999999999,0.6133333333333333,1.8866666666666667,0.58,0.07333333333333333
E4_MIXED,C3,25,100,1.8601603326356078,0.01860160332635608,0.5233333333333331,0.5766666666666667,1.9366666666666668,0.5966666666666667,0.11
E4_MIXED,C3,25,250,4.349989036406981,0.017399956145627924,0.5186666666666667,0.592,1.9053333333333333,0.5853333333333334,0.12533333333333332
E4_MIXED,C3,25,500,8.508078342454098,0.017016156684908197,0.5126666666666666,0.5893333333333334,1.9266666666666667,0.5986666666666667,0.13333333333333333
E4_MIXED,C4,25,25,0.30392395994244525,0.01215695839769781,0.5866666666666666,0.6933333333333334,1.7866666666666666,0.5466666666666666,0.16
E4_MIXED,C4,25,50,0.7216075389026411,0.014432150778052821,0.5466666666666665,0.6533333333333333,1.8866666666666667,0.58,0.16
E4_MIXED,C4,25,100,1.5278500207967298,0.015278500207967298,0.5266666666666664,0.6333333333333333,1.9366666666666668,0.5966666666666667,0.19333333333333333
E4_MIXED,C4,25,250,4.0508167662461565,0.016203267064984626,0.5213333333333332,0.5986666666666667,1.9053333333333333,0.5853333333333334,0.17066666666666666
E4_MIXED,C4,25,500,8.430791126852412,0.016861582253704824,0.5126666666666665,0.5886666666666667,1.9266666666666667,0.5986666666666667,0.16133333333333333
E4_MIXED,C0,26,25,0.45806406311165615,0.018322562524466245,0.52,0.5066666666666667,2.0933333333333333,0.72,0.06666666666666667
E4_MIXED,C0,26,50,0.7275841470678273,0.014551682941356545,0.5200000000000001,0.62,1.9533333333333334,0.62,0.03333333333333333
E4_MIXED,C0,26,100,1.4030496589686552,0.014030496589686551,0.5033333333333334,0.6066666666666667,1.91,0.5933333333333334,0.016666666666666666
E4_MIXED,C0,26,250,3.2422063282420828,0.012968825312968332,0.5040000000000002,0.6106666666666667,1.9133333333333333,0.604,0.006666666666666667
E4_MIXED,C0,26,500,6.756302188652942,0.013512604377305884,0.522,0.6086666666666667,1.9066666666666667,0.5893333333333334,0.0033333333333333335
E4_MIXED,C1,26,25,0.4842511125975306,0.019370044503901226,0.52,0.4666666666666667,2.0933333333333333,0.72,0.013333333333333334
E4_MIXED,C1,26,50,0.7537711965537017,0.015075423931074035,0.5200000000000001,0.6,1.9533333333333334,0.62,0.006666666666666667
E4_MIXED,C1,26,100,1.4292367084545299,0.014292367084545298,0.5033333333333334,0.5966666666666667,1.91,0.5933333333333334,0.0033333333333333335
E4_MIXED,C1,26,250,3.268393377727957,0.013073573510911828,0.5040000000000002,0.6066666666666667,1.9133333333333333,0.604,0.0013333333333333333
E4_MIXED,C1,26,500,6.782489238138815,0.01356497847627763,0.522,0.6066666666666667,1.9066666666666667,0.5893333333333334,0.0006666666666666666
E4_MIXED,C2,26,25,0.49647814845008864,0.019859125938003545,0.52,0.48,2.0933333333333333,0.72,0.05333333333333334
E4_MIXED,C2,26,50,0.7659982324062597,0.015319964648125194,0.5200000000000001,0.6066666666666667,1.9533333333333334,0.62,0.02666666666666667
E4_MIXED,C2,26,100,1.441463744307088,0.01441463744307088,0.5033333333333334,0.6,1.91,0.5933333333333334,0.013333333333333334
E4_MIXED,C2,26,250,3.2806204135805155,0.013122481654322062,0.5040000000000002,0.608,1.9133333333333333,0.604,0.005333333333333333
E4_MIXED,C2,26,500,6.794716273991375,0.01358943254798275,0.522,0.6073333333333333,1.9066666666666667,0.5893333333333334,0.0026666666666666666
E4_MIXED,C3,26,25,0.49578653543238355,0.019831461417295342,0.52,0.4533333333333333,2.0933333333333333,0.72,0.05333333333333334
E4_MIXED,C3,26,50,0.7653066193885547,0.015306132387771095,0.5200000000000001,0.5933333333333334,1.9533333333333334,0.62,0.02666666666666667
E4_MIXED,C3,26,100,1.4396606395326736,0.014396606395326736,0.5033333333333334,0.5966666666666667,1.91,0.5933333333333334,0.016666666666666666
E4_MIXED,C3,26,250,3.243652635971217,0.012974610543884869,0.5040000000000002,0.608,1.9133333333333333,0.604,0.013333333333333334
E4_MIXED,C3,26,500,6.757748496382076,0.013515496992764152,0.522,0.6073333333333333,1.9066666666666667,0.5893333333333334,0.006666666666666667
E4_MIXED,C4,26,25,0.37078057804839626,0.01483122312193585,0.5333333333333334,0.5733333333333334,2.0933333333333333,0.72,0.14666666666666667
E4_MIXED,C4,26,50,0.5067224107414319,0.010134448214828638,0.5333333333333335,0.68,1.9533333333333334,0.62,0.14666666666666667
E4_MIXED,C4,26,100,0.8522562421500192,0.008522562421500192,0.5166666666666667,0.6833333333333333,1.91,0.5933333333333334,0.15666666666666668
E4_MIXED,C4,26,250,2.2481716227474022,0.008992686490989608,0.5120000000000001,0.6693333333333333,1.9133333333333333,0.604,0.11333333333333333
E4_MIXED,C4,26,500,5.108205480203855,0.01021641096040771,0.5260000000000001,0.6553333333333333,1.9066666666666667,0.5893333333333334,0.07733333333333334
E4_MIXED,C0,27,25,0.3162260673173769,0.012649042692695076,0.5466666666666667,0.5466666666666666,1.92,0.5866666666666667,0.04
E4_MIXED,C0,27,50,0.6268305092434976,0.012536610184869951,0.5266666666666668,0.5533333333333333,1.96,0.5866666666666667,0.02
E4_MIXED,C0,27,100,1.3116224923384592,0.013116224923384592,0.5266666666666666,0.5533333333333333,1.97,0.6,0.01
E4_MIXED,C0,27,250,3.2684503659896365,0.013073801463958546,0.5306666666666664,0.5706666666666667,1.9586666666666666,0.608,0.004
E4_MIXED,C0,27,500,6.37195227165028,0.012743904543300561,0.5239999999999998,0.5833333333333334,1.9433333333333334,0.598,0.002
E4_MIXED,C1,27,25,0.3107676169454704,0.012430704677818816,0.5466666666666667,0.5466666666666666,1.92,0.5866666666666667,0.10666666666666667
E4_MIXED,C1,27,50,0.6213720588715912,0.012427441177431824,0.5266666666666668,0.5533333333333333,1.96,0.5866666666666667,0.05333333333333334
E4_MIXED,C1,27,100,1.3061640419665528,0.013061640419665527,0.5266666666666666,0.5533333333333333,1.97,0.6,0.02666666666666667
E4_MIXED,C1,27,250,3.2629919156177305,0.013051967662470921,0.5306666666666664,0.5706666666666667,1.9586666666666666,0.608,0.010666666666666666
E4_MIXED,C1,27,500,6.366493821278374,0.012732987642556749,0.5239999999999998,0.5833333333333334,1.9433333333333334,0.598,0.005333333333333333
E4_MIXED,C2,27,25,0.37205939061026294,0.014882375624410518,0.5466666666666667,0.49333333333333335,1.92,0.5866666666666667,0.12
E4_MIXED,C2,27,50,0.6826638325363836,0.013653276650727672,0.5266666666666668,0.5266666666666666,1.96,0.5866666666666667,0.06
E4_MIXED,C2,27,100,1.3674558156313452,0.013674558156313452,0.5266666666666666,0.54,1.97,0.6,0.03
E4_MIXED,C2,27,250,3.3656747771224538,0.013462699108489816,0.5306666666666664,0.5626666666666666,1.9586666666666666,0.608,0.016
E4_MIXED,C2,27,500,6.491029866083154,0.012982059732166307,0.5239999999999998,0.5793333333333334,1.9433333333333334,0.598,0.009333333333333334
E4_MIXED,C3,27,25,0.3100496816032449,0.012401987264129798,0.5466666666666667,0.56,1.92,0.5866666666666667,0.06666666666666667
E4_MIXED,C3,27,50,0.6206541235293657,0.012413082470587313,0.5266666666666668,0.56,1.96,0.5866666666666667,0.03333333333333333
E4_MIXED,C3,27,100,1.3054461066243275,0.013054461066243275,0.5266666666666666,0.5566666666666666,1.97,0.6,0.016666666666666666
E4_MIXED,C3,27,250,3.2647167625114806,0.013058867050045922,0.5306666666666664,0.572,1.9586666666666666,0.608,0.009333333333333334
E4_MIXED,C3,27,500,6.362030151225814,0.012724060302451629,0.5239999999999998,0.5846666666666667,1.9433333333333334,0.598,0.008
E4_MIXED,C4,27,25,0.3195602717101222,0.012782410868404887,0.5333333333333333,0.56,1.92,0.5866666666666667,0.22666666666666666
E4_MIXED,C4,27,50,0.6237262675376003,0.012474525350752006,0.5200000000000001,0.56,1.96,0.5866666666666667,0.16
E4_MIXED,C4,27,100,1.3341483614543859,0.013341483614543858,0.5233333333333333,0.56,1.97,0.6,0.15666666666666668
E4_MIXED,C4,27,250,3.142649170093808,0.012570596680375232,0.529333333333333,0.5826666666666667,1.9586666666666666,0.608,0.14266666666666666
E4_MIXED,C4,27,500,6.069272820978651,0.012138545641957302,0.523333333333333,0.598,1.9433333333333334,0.598,0.138
E4_MIXED,C0,28,25,0.3088082314313511,0.012352329257254045,0.44,0.64,1.8933333333333333,0.5733333333333334,0.0
E4_MIXED,C0,28,50,0.6143377906216309,0.012286755812432618,0.48,0.6133333333333333,1.9,0.58,0.0
E4_MIXED,C0,28,100,1.3134728957363397,0.013134728957363397,0.5133333333333332,0.59,1.89,0.5733333333333334,0.0
E4_MIXED,C0,28,250,3.6631289923970423,0.01465251596958817,0.526666666666667,0.564,1.956,0.6053333333333333,0.0
E4_MIXED,C0,28,500,7.0874839915180905,0.01417496798303618,0.5246666666666664,0.5726666666666667,1.9666666666666666,0.6126666666666667,0.0
E4_MIXED,C1,28,25,0.3088082314313511,0.012352329257254045,0.44,0.64,1.8933333333333333,0.5733333333333334,0.0
E4_MIXED,C1,28,50,0.6143377906216309,0.012286755812432618,0.48,0.6133333333333333,1.9,0.58,0.0
E4_MIXED,C1,28,100,1.3134728957363397,0.013134728957363397,0.5133333333333332,0.59,1.89,0.5733333333333334,0.0
E4_MIXED,C1,28,250,3.6631289923970423,0.01465251596958817,0.526666666666667,0.564,1.956,0.6053333333333333,0.0
E4_MIXED,C1,28,500,7.0874839915180905,0.01417496798303618,0.5246666666666664,0.5726666666666667,1.9666666666666666,0.6126666666666667,0.0
E4_MIXED,C2,28,25,0.3088082314313511,0.012352329257254045,0.44,0.64,1.8933333333333333,0.5733333333333334,0.0
E4_MIXED,C2,28,50,0.6143377906216309,0.012286755812432618,0.48,0.6133333333333333,1.9,0.58,0.0
E4_MIXED,C2,28,100,1.3134728957363397,0.013134728957363397,0.5133333333333332,0.59,1.89,0.5733333333333334,0.0
E4_MIXED,C2,28,250,3.6631289923970423,0.01465251596958817,0.526666666666667,0.564,1.956,0.6053333333333333,0.0
E4_MIXED,C2,28,500,7.0874839915180905,0.01417496798303618,0.5246666666666664,0.5726666666666667,1.9666666666666666,0.6126666666666667,0.0
E4_MIXED,C3,28,25,0.32074922321744176,0.01282996892869767,0.44,0.64,1.8933333333333333,0.5733333333333334,0.013333333333333334
E4_MIXED,C3,28,50,0.6262787824077215,0.01252557564815443,0.48,0.6133333333333333,1.9,0.58,0.006666666666666667
E4_MIXED,C3,28,100,1.304551736755264,0.013045517367552639,0.5133333333333332,0.59,1.89,0.5733333333333334,0.006666666666666667
E4_MIXED,C3,28,250,3.654207833415966,0.014616831333663864,0.526666666666667,0.564,1.956,0.6053333333333333,0.0026666666666666666
E4_MIXED,C3,28,500,6.956104940053009,0.013912209880106018,0.525333333333333,0.5753333333333334,1.9666666666666666,0.6126666666666667,0.008666666666666666
E4_MIXED,C4,28,25,0.33456385351785256,0.013382554140714103,0.44,0.64,1.8933333333333333,0.5733333333333334,0.13333333333333333
E4_MIXED,C4,28,50,0.6877547906365221,0.013755095812730442,0.4733333333333333,0.5866666666666667,1.9,0.58,0.14666666666666667
E4_MIXED,C4,28,100,1.3867956427754966,0.013867956427754966,0.5099999999999999,0.5733333333333334,1.89,0.5733333333333334,0.09333333333333334
E4_MIXED,C4,28,250,3.7421790448984655,0.014968716179593862,0.5253333333333338,0.5533333333333333,1.956,0.6053333333333333,0.104
E4_MIXED,C4,28,500,7.332561076535357,0.014665122153070713,0.5253333333333331,0.558,1.9666666666666666,0.6126666666666667,0.10533333333333333
E4_MIXED,C0,29,25,0.23828781532956061,0.009531512613182424,0.4,0.5333333333333333,2.08,0.68,0.04
E4_MIXED,C0,29,50,0.5892665652026663,0.011785331304053326,0.49333333333333335,0.56,2.013333333333333,0.64,0.02
E4_MIXED,C0,29,100,1.3075951940253476,0.013075951940253476,0.4933333333333333,0.5666666666666667,1.9933333333333334,0.6266666666666667,0.01
E4_MIXED,C0,29,250,3.25823767093218,0.01303295068372872,0.502666666666667,0.5653333333333334,1.9413333333333334,0.6133333333333333,0.004
E4_MIXED,C0,29,500,6.424644320934844,0.012849288641869688,0.4813333333333339,0.574,1.9606666666666666,0.6173333333333333,0.002
E4_MIXED,C1,29,25,0.2442661177458142,0.009770644709832568,0.4,0.5333333333333333,2.08,0.68,0.02666666666666667
E4_MIXED,C1,29,50,0.5952448676189199,0.011904897352378398,0.49333333333333335,0.56,2.013333333333333,0.64,0.013333333333333334
E4_MIXED,C1,29,100,1.3135734964416013,0.013135734964416012,0.4933333333333333,0.5666666666666667,1.9933333333333334,0.6266666666666667,0.006666666666666667
E4_MIXED,C1,29,250,3.2642159733484335,0.013056863893393734,0.502666666666667,0.5653333333333334,1.9413333333333334,0.6133333333333333,0.0026666666666666666
E4_MIXED,C1,29,500,6.430622623351098,0.012861245246702197,0.4813333333333339,0.574,1.9606666666666666,0.6173333333333333,0.0013333333333333333
E4_MIXED,C2,29,25,0.2287509480242209,0.009150037920968836,0.4,0.5466666666666666,2.08,0.68,0.013333333333333334
E4_MIXED,C2,29,50,0.5797296978973265,0.011594593957946531,0.49333333333333335,0.5666666666666667,2.013333333333333,0.64,0.006666666666666667
E4_MIXED,C2,29,100,1.2980583267200079,0.012980583267200078,0.4933333333333333,0.57,1.9933333333333334,0.6266666666666667,0.0033333333333333335
E4_MIXED,C2,29,250,3.2487008036268397,0.012994803214507359,0.502666666666667,0.5666666666666667,1.9413333333333334,0.6133333333333333,0.0013333333333333333
E4_MIXED,C2,29,500,6.4151074536295045,0.012830214907259009,0.4813333333333339,0.5746666666666667,1.9606666666666666,0.6173333333333333,0.0006666666666666666
E4_MIXED,C3,29,25,0.22856753514331712,0.009142701405732685,0.4,0.56,2.08,0.68,0.04
E4_MIXED,C3,29,50,0.5795462850164228,0.011590925700328457,0.49333333333333335,0.5733333333333334,2.013333333333333,0.64,0.02
E4_MIXED,C3,29,100,1.2978749138391044,0.012978749138391043,0.4933333333333333,0.5733333333333334,1.9933333333333334,0.6266666666666667,0.01
E4_MIXED,C3,29,250,3.1670530114848243,0.012668212045939297,0.5040000000000004,0.5746666666666667,1.9413333333333334,0.6133333333333333,0.021333333333333333
E4_MIXED,C3,29,500,6.2650764232358584,0.012530152846471717,0.48133333333333395,0.5906666666666667,1.9606666666666666,0.6173333333333333,0.04666666666666667
E4_MIXED,C4,29,25,0.3024403010066526,0.012097612040266104,0.4,0.5333333333333333,2.08,0.68,0.2
E4_MIXED,C4,29,50,0.49459711675100976,0.009891942335020195,0.49333333333333335,0.6333333333333333,2.013333333333333,0.64,0.22666666666666666
E4_MIXED,C4,29,100,1.1327067117174474,0.011327067117174475,0.4933333333333333,0.61,1.9933333333333334,0.6266666666666667,0.2633333333333333
E4_MIXED,C4,29,250,2.7828143023894425,0.01113125720955777,0.502666666666667,0.6186666666666667,1.9413333333333334,0.6133333333333333,0.244
E4_MIXED,C4,29,500,5.9699038942183416,0.011939807788436682,0.48133333333333395,0.6066666666666667,1.9606666666666666,0.6173333333333333,0.23666666666666666
E4_MIXED,C0,30,25,0.238811809158692,0.009552472366347679,0.41333333333333333,0.6133333333333333,1.92,0.5866666666666667,0.0
E4_MIXED,C0,30,50,0.5708026547520983,0.011416053095041966,0.4599999999999999,0.5666666666666667,2.033333333333333,0.6266666666666667,0.0
E4_MIXED,C0,30,100,1.0264304258981178,0.010264304258981179,0.4833333333333332,0.6033333333333334,1.9766666666666666,0.5966666666666667,0.0
E4_MIXED,C0,30,250,2.817855089394336,0.011271420357577345,0.49733333333333324,0.612,1.964,0.5933333333333334,0.0
E4_MIXED,C0,30,500,5.563576244166732,0.011127152488333463,0.49866666666666654,0.6113333333333333,1.9593333333333334,0.602,0.0
E4_MIXED,C1,30,25,0.2726284948649492,0.010905139794597968,0.41333333333333333,0.6133333333333333,1.92,0.5866666666666667,0.08
E4_MIXED,C1,30,50,0.6046193404583556,0.012092386809167112,0.4599999999999999,0.5666666666666667,2.033333333333333,0.6266666666666667,0.04
E4_MIXED,C1,30,100,1.0602471116043752,0.010602471116043753,0.4833333333333332,0.6033333333333334,1.9766666666666666,0.5966666666666667,0.02
E4_MIXED,C1,30,250,2.851671775100594,0.011406687100402376,0.49733333333333324,0.612,1.964,0.5933333333333334,0.008
E4_MIXED,C1,30,500,5.597392929872988,0.011194785859745975,0.49866666666666654,0.6113333333333333,1.9593333333333334,0.602,0.004
E4_MIXED,C2,30,25,0.238811809158692,0.009552472366347679,0.41333333333333333,0.6133333333333333,1.92,0.5866666666666667,0.0
E4_MIXED,C2,30,50,0.5708026547520983,0.011416053095041966,0.4599999999999999,0.5666666666666667,2.033333333333333,0.6266666666666667,0.0
E4_MIXED,C2,30,100,1.0264304258981178,0.010264304258981179,0.4833333333333332,0.6033333333333334,1.9766666666666666,0.5966666666666667,0.0
E4_MIXED,C2,30,250,2.817855089394336,0.011271420357577345,0.49733333333333324,0.612,1.964,0.5933333333333334,0.0
E4_MIXED,C2,30,500,5.563576244166732,0.011127152488333463,0.49866666666666654,0.6113333333333333,1.9593333333333334,0.602,0.0
E4_MIXED,C3,30,25,0.2875337669138285,0.011501350676553139,0.41333333333333333,0.5866666666666667,1.92,0.5866666666666667,0.30666666666666664
E4_MIXED,C3,30,50,0.6723111600297792,0.013446223200595584,0.4599999999999999,0.5466666666666666,2.033333333333333,0.6266666666666667,0.26
E4_MIXED,C3,30,100,1.2358459913369442,0.012358459913369441,0.4833333333333332,0.58,1.9766666666666666,0.5966666666666667,0.19
E4_MIXED,C3,30,250,2.976551169742732,0.011906204678970928,0.4986666666666666,0.6093333333333333,1.964,0.5933333333333334,0.11733333333333333
E4_MIXED,C3,30,500,5.792407880879588,0.011584815761759175,0.4993333333333332,0.6053333333333333,1.9593333333333334,0.602,0.08666666666666667
E4_MIXED,C4,30,25,0.2449235772063605,0.00979694308825442,0.41333333333333333,0.6133333333333333,1.92,0.5866666666666667,0.12
E4_MIXED,C4,30,50,0.5215899946798788,0.010431799893597575,0.4599999999999999,0.6,2.033333333333333,0.6266666666666667,0.13333333333333333
E4_MIXED,C4,30,100,0.9055398703801352,0.009055398703801351,0.4866666666666665,0.63,1.9766666666666666,0.5966666666666667,0.14666666666666667
E4_MIXED,C4,30,250,2.549784773612722,0.01019913909445089,0.49999999999999994,0.624,1.964,0.5933333333333334,0.16266666666666665
E4_MIXED,C4,30,500,4.794479128784873,0.009588958257569747,0.5013333333333332,0.6393333333333333,1.9593333333333334,0.602,0.168
E4_MIXED,C0,31,25,0.29240447566488076,0.01169617902659523,0.52,0.5866666666666667,2.1466666666666665,0.6933333333333334,0.06666666666666667
E4_MIXED,C0,31,50,0.6135216159291015,0.01227043231858203,0.5400000000000001,0.58,2.026666666666667,0.6533333333333333,0.03333333333333333
E4_MIXED,C0,31,100,1.1683118453100039,0.01168311845310004,0.5600000000000002,0.6333333333333333,1.97,0.62,0.016666666666666666
E4_MIXED,C0,31,250,2.890931883462713,0.011563727533850852,0.5346666666666668,0.616,1.9733333333333334,0.6133333333333333,0.006666666666666667
E4_MIXED,C0,31,500,6.533660823816767,0.013067321647633533,0.5146666666666668,0.596,1.9953333333333334,0.6086666666666667,0.0033333333333333335
E4_MIXED,C1,31,25,0.27927156772747824,0.01117086270909913,0.52,0.6,2.1466666666666665,0.6933333333333334,0.02666666666666667
E4_MIXED,C1,31,50,0.600388707991699,0.01200777415983398,0.5400000000000001,0.5866666666666667,2.026666666666667,0.6533333333333333,0.013333333333333334
E4_MIXED,C1,31,100,1.1551789373726016,0.011551789373726015,0.5600000000000002,0.6366666666666667,1.97,0.62,0.006666666666666667
E4_MIXED,C1,31,250,2.8777989755253106,0.011511195902101243,0.5346666666666668,0.6173333333333333,1.9733333333333334,0.6133333333333333,0.0026666666666666666
E4_MIXED,C1,31,500,6.520527915879365,0.013041055831758729,0.5146666666666668,0.5966666666666667,1.9953333333333334,0.6086666666666667,0.0013333333333333333
E4_MIXED,C2,31,25,0.3282640087073479,0.013130560348293916,0.52,0.56,2.1466666666666665,0.6933333333333334,0.013333333333333334
E4_MIXED,C2,31,50,0.6493811489715686,0.012987622979431372,0.5400000000000001,0.5666666666666667,2.026666666666667,0.6533333333333333,0.006666666666666667
E4_MIXED,C2,31,100,1.2041713783524712,0.012041713783524713,0.5600000000000002,0.6266666666666667,1.97,0.62,0.0033333333333333335
E4_MIXED,C2,31,250,2.9267914165051803,0.011707165666020721,0.5346666666666668,0.6133333333333333,1.9733333333333334,0.6133333333333333,0.0013333333333333333
E4_MIXED,C2,31,500,6.569520356859234,0.01313904071371847,0.5146666666666668,0.5946666666666667,1.9953333333333334,0.6086666666666667,0.0006666666666666666
E4_MIXED,C3,31,25,0.29156858391779744,0.011662743356711898,0.52,0.5866666666666667,2.1466666666666665,0.6933333333333334,0.04
E4_MIXED,C3,31,50,0.5888732485792112,0.011777464971584224,0.5466666666666669,0.5866666666666667,2.026666666666667,0.6533333333333333,0.02666666666666667
E4_MIXED,C3,31,100,1.1436634779601138,0.011436634779601138,0.5633333333333335,0.6366666666666667,1.97,0.62,0.013333333333333334
E4_MIXED,C3,31,250,2.844996874578591,0.011379987498314363,0.5360000000000001,0.6186666666666667,1.9733333333333334,0.6133333333333333,0.006666666666666667
E4_MIXED,C3,31,500,6.487725814932645,0.01297545162986529,0.5153333333333335,0.5973333333333334,1.9953333333333334,0.6086666666666667,0.0033333333333333335
E4_MIXED,C4,31,25,0.31701247624568796,0.012680499049827518,0.52,0.5733333333333334,2.1466666666666665,0.6933333333333334,0.0
E4_MIXED,C4,31,50,0.6381296165099086,0.012762592330198172,0.5400000000000001,0.5733333333333334,2.026666666666667,0.6533333333333333,0.0
E4_MIXED,C4,31,100,1.1929198458908115,0.011929198458908115,0.5600000000000002,0.63,1.97,0.62,0.0
E4_MIXED,C4,31,250,2.915539884043521,0.011662159536174084,0.5346666666666668,0.6146666666666667,1.9733333333333334,0.6133333333333333,0.0
E4_MIXED,C4,31,500,6.558268824397574,0.013116537648795149,0.5146666666666668,0.5953333333333334,1.9953333333333334,0.6086666666666667,0.0
E4_MIXED,C0,32,25,0.43764233825152904,0.01750569353006116,0.42666666666666664,0.5866666666666667,1.88,0.5866666666666667,0.04
E4_MIXED,C0,32,50,0.8010274714639878,0.016020549429279756,0.4599999999999999,0.5933333333333334,1.88,0.5533333333333333,0.02
E4_MIXED,C0,32,100,1.6391003839537246,0.016391003839537246,0.4733333333333332,0.59,1.8866666666666667,0.5433333333333333,0.01
E4_MIXED,C0,32,250,4.011007892273281,0.016044031569093124,0.48000000000000015,0.5933333333333334,1.9186666666666667,0.584,0.004
E4_MIXED,C0,32,500,7.995279436410622,0.015990558872821244,0.48200000000000026,0.6013333333333334,1.9286666666666668,0.5853333333333334,0.002
E4_MIXED,C1,32,25,0.4144107342741736,0.01657642937096694,0.42666666666666664,0.6133333333333333,1.88,0.5866666666666667,0.0
E4_MIXED,C1,32,50,0.7777958674866323,0.015555917349732646,0.4599999999999999,0.6066666666666667,1.88,0.5533333333333333,0.0
E4_MIXED,C1,32,100,1.615868779976369,0.01615868779976369,0.4733333333333332,0.5966666666666667,1.8866666666666667,0.5433333333333333,0.0
E4_MIXED,C1,32,250,3.987776288295926,0.015951105153183705,0.48000000000000015,0.596,1.9186666666666667,0.584,0.0
E4_MIXED,C1,32,500,7.972047832433266,0.015944095664866532,0.48200000000000026,0.6026666666666667,1.9286666666666668,0.5853333333333334,0.0
E4_MIXED,C2,32,25,0.4144107342741736,0.01657642937096694,0.42666666666666664,0.6133333333333333,1.88,0.5866666666666667,0.0
E4_MIXED,C2,32,50,0.7777958674866323,0.015555917349732646,0.4599999999999999,0.6066666666666667,1.88,0.5533333333333333,0.0
E4_MIXED,C2,32,100,1.615868779976369,0.01615868779976369,0.4733333333333332,0.5966666666666667,1.8866666666666667,0.5433333333333333,0.0
E4_MIXED,C2,32,250,3.987776288295926,0.015951105153183705,0.48000000000000015,0.596,1.9186666666666667,0.584,0.0
E4_MIXED,C2,32,500,7.972047832433266,0.015944095664866532,0.48200000000000026,0.6026666666666667,1.9286666666666668,0.5853333333333334,0.0
E4_MIXED,C3,32,25,0.48049650492740775,0.01921986019709631,0.42666666666666664,0.56,1.88,0.5866666666666667,0.12
E4_MIXED,C3,32,50,0.868351782683342,0.01736703565366684,0.4599999999999999,0.5866666666666667,1.88,0.5533333333333333,0.1
E4_MIXED,C3,32,100,1.7500429291233404,0.017500429291233403,0.46999999999999986,0.58,1.8866666666666667,0.5433333333333333,0.11333333333333333
E4_MIXED,C3,32,250,4.291806422527482,0.017167225690109925,0.4760000000000002,0.5826666666666667,1.9186666666666667,0.584,0.1
E4_MIXED,C3,32,500,8.354432192086795,0.016708864384173593,0.4793333333333337,0.5913333333333334,1.9286666666666668,0.5853333333333334,0.08133333333333333
E4_MIXED,C4,32,25,0.4239975924099102,0.016959903696396408,0.44,0.5466666666666666,1.88,0.5866666666666667,0.17333333333333334
E4_MIXED,C4,32,50,0.79923828807328,0.0159847657614656,0.4666666666666666,0.5733333333333334,1.88,0.5533333333333333,0.17333333333333334
E4_MIXED,C4,32,100,1.7677538704329139,0.01767753870432914,0.47333333333333316,0.56,1.8866666666666667,0.5433333333333333,0.14
E4_MIXED,C4,32,250,4.555771996644885,0.01822308798657954,0.48000000000000015,0.5613333333333334,1.9186666666666667,0.584,0.136
E4_MIXED,C4,32,500,8.676372809106207,0.017352745618212415,0.48133333333333367,0.5773333333333334,1.9286666666666668,0.5853333333333334,0.124
E4_MIXED,C0,33,25,0.35474191409876227,0.01418967656395049,0.4533333333333333,0.6133333333333333,1.9866666666666666,0.5733333333333334,0.0
E4_MIXED,C0,33,50,0.7335270745142499,0.014670541490284999,0.49999999999999983,0.6,2.0,0.5933333333333334,0.0
E4_MIXED,C0,33,100,1.4385565411774042,0.014385565411774041,0.5066666666666666,0.5833333333333334,1.9333333333333333,0.5766666666666667,0.0
E4_MIXED,C0,33,250,3.512841194081056,0.014051364776324224,0.534666666666667,0.5746666666666667,1.9413333333333334,0.588,0.0
E4_MIXED,C0,33,500,6.702655291641597,0.013405310583283194,0.5246666666666665,0.596,1.9066666666666667,0.5793333333333334,0.0
E4_MIXED,C1,33,25,0.35474191409876227,0.01418967656395049,0.4533333333333333,0.6133333333333333,1.9866666666666666,0.5733333333333334,0.0
E4_MIXED,C1,33,50,0.7335270745142499,0.014670541490284999,0.49999999999999983,0.6,2.0,0.5933333333333334,0.0
E4_MIXED,C1,33,100,1.4385565411774042,0.014385565411774041,0.5066666666666666,0.5833333333333334,1.9333333333333333,0.5766666666666667,0.0
E4_MIXED,C1,33,250,3.512841194081056,0.014051364776324224,0.534666666666667,0.5746666666666667,1.9413333333333334,0.588,0.0
E4_MIXED,C1,33,500,6.702655291641597,0.013405310583283194,0.5246666666666665,0.596,1.9066666666666667,0.5793333333333334,0.0
E4_MIXED,C2,33,25,0.35304411317781675,0.01412176452711267,0.4533333333333333,0.6266666666666667,1.9866666666666666,0.5733333333333334,0.013333333333333334
E4_MIXED,C2,33,50,0.7318292735933043,0.014636585471866087,0.49999999999999983,0.6066666666666667,2.0,0.5933333333333334,0.006666666666666667
E4_MIXED,C2,33,100,1.4368587402564585,0.014368587402564586,0.5066666666666666,0.5866666666666667,1.9333333333333333,0.5766666666666667,0.0033333333333333335
E4_MIXED,C2,33,250,3.5111433931601104,0.014044573572640441,0.534666666666667,0.576,1.9413333333333334,0.588,0.0013333333333333333
E4_MIXED,C2,33,500,6.7009574907206515,0.013401914981441302,0.5246666666666665,0.5966666666666667,1.9066666666666667,0.5793333333333334,0.0006666666666666666
E4_MIXED,C3,33,25,0.3301401884328328,0.013205607537313313,0.4533333333333333,0.6133333333333333,1.9866666666666666,0.5733333333333334,0.05333333333333334
E4_MIXED,C3,33,50,0.6448166907660313,0.012896333815320626,0.49999999999999983,0.6266666666666667,2.0,0.5933333333333334,0.09333333333333334
E4_MIXED,C3,33,100,1.311168485177064,0.01311168485177064,0.5066666666666666,0.61,1.9333333333333333,0.5766666666666667,0.07666666666666666
E4_MIXED,C3,33,250,3.2093029058985145,0.012837211623594058,0.5360000000000004,0.6013333333333334,1.9413333333333334,0.588,0.072
E4_MIXED,C3,33,500,6.024391530914397,0.012048783061828794,0.5246666666666665,0.6253333333333333,1.9066666666666667,0.5793333333333334,0.08666666666666667
E4_MIXED,C4,33,25,0.2591043144398101,0.010364172577592402,0.4533333333333333,0.6933333333333334,1.9866666666666666,0.5733333333333334,0.08
E4_MIXED,C4,33,50,0.5953234374309061,0.011906468748618122,0.49999999999999983,0.6533333333333333,2.0,0.5933333333333334,0.09333333333333334
E4_MIXED,C4,33,100,1.3243145273462198,0.013243145273462199,0.5066666666666666,0.6133333333333333,1.9333333333333333,0.5766666666666667,0.07666666666666666
E4_MIXED,C4,33,250,2.972051402460066,0.011888205609840264,0.5373333333333337,0.62,1.9413333333333334,0.588,0.13733333333333334
E4_MIXED,C4,33,500,5.659190758713525,0.01131838151742705,0.5259999999999999,0.6386666666666667,1.9066666666666667,0.5793333333333334,0.16066666666666668
E4_MIXED,C0,34,25,0.4066679529498198,0.016266718117992792,0.5733333333333334,0.56,1.9466666666666668,0.6666666666666666,0.16
E4_MIXED,C0,34,50,0.7158717063985434,0.014317434127970867,0.5266666666666667,0.56,1.8866666666666667,0.5866666666666667,0.08
E4_MIXED,C0,34,100,1.358733065960684,0.01358733065960684,0.49333333333333335,0.58,1.87,0.5666666666666667,0.056666666666666664
E4_MIXED,C0,34,250,3.782118946409911,0.015128475785639644,0.48666666666666675,0.5546666666666666,1.92,0.5906666666666667,0.02666666666666667
E4_MIXED,C0,34,500,7.748975114069233,0.015497950228138466,0.4833333333333332,0.5486666666666666,1.9393333333333334,0.596,0.036
E4_MIXED,C1,34,25,0.42311993304867657,0.01692479732194706,0.5733333333333334,0.5466666666666666,1.9466666666666668,0.6666666666666666,0.013333333333333334
E4_MIXED,C1,34,50,0.7323236864974001,0.014646473729948001,0.5266666666666667,0.5533333333333333,1.8866666666666667,0.5866666666666667,0.006666666666666667
E4_MIXED,C1,34,100,1.3754613678785388,0.013754613678785388,0.49333333333333335,0.5833333333333334,1.87,0.5666666666666667,0.0033333333333333335
E4_MIXED,C1,34,250,3.802809532927204,0.015211238131708816,0.48666666666666675,0.5546666666666666,1.92,0.5906666666666667,0.0013333333333333333
E4_MIXED,C1,34,500,7.692091900954075,0.01538418380190815,0.48533333333333306,0.5526666666666666,1.9393333333333334,0.596,0.0006666666666666666
E4_MIXED,C2,34,25,0.4036838719283567,0.016147354877134267,0.5733333333333334,0.56,1.9466666666666668,0.6666666666666666,0.0
E4_MIXED,C2,34,50,0.7128876253770802,0.014257752507541603,0.5266666666666667,0.56,1.8866666666666667,0.5866666666666667,0.0
E4_MIXED,C2,34,100,1.356025306758219,0.013560253067582191,0.49333333333333335,0.5866666666666667,1.87,0.5666666666666667,0.0
E4_MIXED,C2,34,250,3.783373471806884,0.015133493887227536,0.48666666666666675,0.556,1.92,0.5906666666666667,0.0
E4_MIXED,C2,34,500,7.672655839833755,0.01534531167966751,0.48533333333333306,0.5533333333333333,1.9393333333333334,0.596,0.0
E4_MIXED,C3,34,25,0.42919064965954257,0.017167625986381704,0.5733333333333334,0.56,1.9466666666666668,0.6666666666666666,0.13333333333333333
E4_MIXED,C3,34,50,0.750542983194998,0.01501085966389996,0.5266666666666667,0.5666666666666667,1.8866666666666667,0.5866666666666667,0.1
E4_MIXED,C3,34,100,1.4208003801125213,0.014208003801125213,0.49333333333333335,0.5766666666666667,1.87,0.5666666666666667,0.12666666666666668
E4_MIXED,C3,34,250,3.7940083231744994,0.015176033292697998,0.48666666666666675,0.5586666666666666,1.92,0.5906666666666667,0.07866666666666666
E4_MIXED,C3,34,500,7.67476032988726,0.01534952065977452,0.48466666666666647,0.5553333333333333,1.9393333333333334,0.596,0.05533333333333333
E4_MIXED,C4,34,25,0.42311993304867657,0.01692479732194706,0.5733333333333334,0.5466666666666666,1.9466666666666668,0.6666666666666666,0.013333333333333334
E4_MIXED,C4,34,50,0.7323236864974001,0.014646473729948001,0.5266666666666667,0.5533333333333333,1.8866666666666667,0.5866666666666667,0.006666666666666667
E4_MIXED,C4,34,100,1.371948674019805,0.01371948674019805,0.49333333333333335,0.5766666666666667,1.87,0.5666666666666667,0.03333333333333333
E4_MIXED,C4,34,250,3.721803123993675,0.0148872124959747,0.48666666666666675,0.5586666666666666,1.92,0.5906666666666667,0.072
E4_MIXED,C4,34,500,6.70778646743565,0.013415572934871299,0.48666666666666647,0.584,1.9393333333333334,0.596,0.08533333333333333
E4_MIXED,C0,35,25,0.3273005000748287,0.013092020002993148,0.6133333333333332,0.5866666666666667,2.066666666666667,0.6,0.10666666666666667
E4_MIXED,C0,35,50,0.7370189694856311,0.014740379389712621,0.56,0.6,1.9466666666666668,0.5866666666666667,0.06666666666666667
E4_MIXED,C0,35,100,1.3953855248311764,0.013953855248311765,0.5566666666666666,0.63,1.9133333333333333,0.5733333333333334,0.07666666666666666
E4_MIXED,C0,35,250,4.151681838197977,0.01660672735279191,0.5213333333333334,0.5773333333333334,1.9626666666666666,0.612,0.20266666666666666
E4_MIXED,C0,35,500,8.062201697966776,0.016124403395933552,0.5126666666666667,0.5926666666666667,1.9546666666666668,0.602,0.18333333333333332
E4_MIXED,C1,35,25,0.295393500623085,0.0118157400249234,0.6,0.5866666666666667,2.066666666666667,0.6,0.013333333333333334
E4_MIXED,C1,35,50,0.6967750127444967,0.013935500254889934,0.5533333333333332,0.6,1.9466666666666668,0.5866666666666667,0.006666666666666667
E4_MIXED,C1,35,100,1.324020817182833,0.01324020817182833,0.5533333333333332,0.6233333333333333,1.9133333333333333,0.5733333333333334,0.0033333333333333335
E4_MIXED,C1,35,250,3.4435473876580875,0.01377418955063235,0.5186666666666666,0.6053333333333333,1.9626666666666666,0.612,0.0013333333333333333
E4_MIXED,C1,35,500,6.897987281753092,0.013795974563506183,0.512,0.6146666666666667,1.9546666666666668,0.602,0.0006666666666666666
E4_MIXED,C2,35,25,0.259012887566326,0.01036051550265304,0.6133333333333332,0.64,2.066666666666667,0.6,0.05333333333333334
E4_MIXED,C2,35,50,0.6603943996877377,0.013207887993754754,0.56,0.6266666666666667,1.9466666666666668,0.5866666666666667,0.02666666666666667
E4_MIXED,C2,35,100,1.287640204126074,0.01287640204126074,0.5566666666666666,0.6366666666666667,1.9133333333333333,0.5733333333333334,0.013333333333333334
E4_MIXED,C2,35,250,3.407166774601328,0.013628667098405312,0.5199999999999999,0.6106666666666667,1.9626666666666666,0.612,0.005333333333333333
E4_MIXED,C2,35,500,6.861606668696331,0.013723213337392662,0.5126666666666666,0.6173333333333333,1.9546666666666668,0.602,0.0026666666666666666
E4_MIXED,C3,35,25,0.28838370847624606,0.011535348339049843,0.6133333333333332,0.5866666666666667,2.066666666666667,0.6,0.013333333333333334
E4_MIXED,C3,35,50,0.6385135229701031,0.012770270459402062,0.56,0.62,1.9466666666666668,0.5866666666666667,0.04
E4_MIXED,C3,35,100,1.250262733864993,0.01250262733864993,0.56,0.6366666666666667,1.9133333333333333,0.5733333333333334,0.023333333333333334
E4_MIXED,C3,35,250,3.3497611132153446,0.01339904445286138,0.5213333333333334,0.6146666666666667,1.9626666666666666,0.612,0.014666666666666666
E4_MIXED,C3,35,500,6.748627363250734,0.013497254726501469,0.5133333333333334,0.622,1.9546666666666668,0.602,0.011333333333333334
E4_MIXED,C4,35,25,0.23677067718232508,0.009470827087293004,0.6133333333333332,0.64,2.066666666666667,0.6,0.10666666666666667
E4_MIXED,C4,35,50,0.6418025095837736,0.012836050191675472,0.56,0.6133333333333333,1.9466666666666668,0.5866666666666667,0.06666666666666667
E4_MIXED,C4,35,100,1.2539789505552008,0.012539789505552007,0.5533333333333333,0.63,1.9133333333333333,0.5733333333333334,0.05333333333333334
E4_MIXED,C4,35,250,3.3755481161411183,0.013502192464564473,0.5186666666666666,0.604,1.9626666666666666,0.612,0.04
E4_MIXED,C4,35,500,7.203083854481575,0.01440616770896315,0.5119999999999999,0.5993333333333334,1.9546666666666668,0.602,0.068
E4_MIXED,C0,36,25,0.27802009092607816,0.011120803637043127,0.52,0.6,2.04,0.6533333333333333,0.06666666666666667
E4_MIXED,C0,36,50,0.6429416940177641,0.012858833880355282,0.49999999999999994,0.5933333333333334,1.9666666666666666,0.5933333333333334,0.04
E4_MIXED,C0,36,100,1.270663214206355,0.012706632142063549,0.5633333333333331,0.5766666666666667,1.9566666666666668,0.6033333333333334,0.02
E4_MIXED,C0,36,250,2.9157403608892447,0.011662961443556979,0.5306666666666665,0.5653333333333334,1.956,0.612,0.008
E4_MIXED,C0,36,500,5.938190716279415,0.011876381432558829,0.5033333333333336,0.5726666666666667,1.9186666666666667,0.5933333333333334,0.004666666666666667
E4_MIXED,C1,36,25,0.3011894413622868,0.012047577654491472,0.52,0.5333333333333333,2.04,0.6533333333333333,0.02666666666666667
E4_MIXED,C1,36,50,0.6705356027253058,0.013410712054506115,0.49999999999999994,0.5533333333333333,1.9666666666666666,0.5933333333333334,0.013333333333333334
E4_MIXED,C1,36,100,1.2982571229138966,0.012982571229138967,0.5633333333333331,0.5566666666666666,1.9566666666666668,0.6033333333333334,0.006666666666666667
E4_MIXED,C1,36,250,2.9433342695967863,0.011773337078387146,0.5306666666666665,0.5573333333333333,1.956,0.612,0.0026666666666666666
E4_MIXED,C1,36,500,5.975795689382446,0.011951591378764892,0.5033333333333336,0.568,1.9186666666666667,0.5933333333333334,0.0013333333333333333
E4_MIXED,C2,36,25,0.29164085490100733,0.011665634196040293,0.52,0.56,2.04,0.6533333333333333,0.013333333333333334
E4_MIXED,C2,36,50,0.6609870162640263,0.013219740325280527,0.49999999999999994,0.5666666666666667,1.9666666666666666,0.5933333333333334,0.006666666666666667
E4_MIXED,C2,36,100,1.2887085364526174,0.012887085364526174,0.5633333333333331,0.5633333333333334,1.9566666666666668,0.6033333333333334,0.0033333333333333335
E4_MIXED,C2,36,250,2.933785683135507,0.01173514273254203,0.5306666666666665,0.56,1.956,0.612,0.0013333333333333333
E4_MIXED,C2,36,500,5.966247102921168,0.011932494205842335,0.5033333333333336,0.5693333333333334,1.9186666666666667,0.5933333333333334,0.0006666666666666666
E4_MIXED,C3,36,25,0.2877263100896662,0.011509052403586649,0.52,0.56,2.04,0.6533333333333333,0.013333333333333334
E4_MIXED,C3,36,50,0.625205526351855,0.0125041105270371,0.49999999999999994,0.58,1.9666666666666666,0.5933333333333334,0.02
E4_MIXED,C3,36,100,1.252927046540446,0.01252927046540446,0.5633333333333331,0.57,1.9566666666666668,0.6033333333333334,0.01
E4_MIXED,C3,36,250,2.898004193223336,0.011592016772893343,0.5306666666666665,0.5626666666666666,1.956,0.612,0.004
E4_MIXED,C3,36,500,5.919445583758273,0.011838891167516546,0.5033333333333336,0.5713333333333334,1.9186666666666667,0.5933333333333334,0.0033333333333333335
E4_MIXED,C4,36,25,0.2982112327770289,0.011928449311081155,0.52,0.56,2.04,0.6533333333333333,0.09333333333333334
E4_MIXED,C4,36,50,0.674302068057216,0.01348604136114432,0.49999999999999994,0.5666666666666667,1.9666666666666666,0.5933333333333334,0.08666666666666667
E4_MIXED,C4,36,100,1.3750999701370656,0.013750999701370656,0.5633333333333331,0.56,1.9566666666666668,0.6033333333333334,0.08
E4_MIXED,C4,36,250,3.2021487763490497,0.0128085951053962,0.5266666666666664,0.544,1.956,0.612,0.07733333333333334
E4_MIXED,C4,36,500,6.209668759543501,0.012419337519087002,0.5000000000000003,0.5633333333333334,1.9186666666666667,0.5933333333333334,0.08066666666666666
E4_MIXED,C0,37,25,0.41013720068082665,0.016405488027233066,0.4799999999999999,0.6,1.84,0.5733333333333334,0.08
E4_MIXED,C0,37,50,0.9335559431656416,0.01867111886331283,0.5000000000000001,0.5466666666666666,1.94,0.6266666666666667,0.04
E4_MIXED,C0,37,100,1.8474311609914658,0.018474311609914657,0.4866666666666667,0.5433333333333333,1.9266666666666667,0.6266666666666667,0.02
E4_MIXED,C0,37,250,4.835895551202261,0.019343582204809043,0.5133333333333333,0.5346666666666666,1.9546666666666668,0.62,0.008
E4_MIXED,C0,37,500,9.382957614471657,0.018765915228943313,0.530666666666666,0.5573333333333333,1.9266666666666667,0.6086666666666667,0.004
E4_MIXED,C1,37,25,0.41248224906651537,0.016499289962660615,0.4799999999999999,0.6133333333333333,1.84,0.5733333333333334,0.09333333333333334
E4_MIXED,C1,37,50,0.9359009915513304,0.018718019831026608,0.5000000000000001,0.5533333333333333,1.94,0.6266666666666667,0.04666666666666667
E4_MIXED,C1,37,100,1.8497762093771546,0.018497762093771547,0.4866666666666667,0.5466666666666666,1.9266666666666667,0.6266666666666667,0.023333333333333334
E4_MIXED,C1,37,250,4.838240599587949,0.019352962398351797,0.5133333333333333,0.536,1.9546666666666668,0.62,0.009333333333333334
E4_MIXED,C1,37,500,9.385302662857345,0.01877060532571469,0.530666666666666,0.558,1.9266666666666667,0.6086666666666667,0.004666666666666667
E4_MIXED,C2,37,25,0.4545897751442224,0.018183591005768895,0.4799999999999999,0.5466666666666666,1.84,0.5733333333333334,0.05333333333333334
E4_MIXED,C2,37,50,0.9780085176290373,0.019560170352580744,0.5000000000000001,0.52,1.94,0.6266666666666667,0.02666666666666667
E4_MIXED,C2,37,100,1.8918837354548619,0.01891883735454862,0.4866666666666667,0.53,1.9266666666666667,0.6266666666666667,0.013333333333333334
E4_MIXED,C2,37,250,4.880348125665658,0.019521392502662632,0.5133333333333333,0.5293333333333333,1.9546666666666668,0.62,0.005333333333333333
E4_MIXED,C2,37,500,9.427410188935056,0.01885482037787011,0.530666666666666,0.5546666666666666,1.9266666666666667,0.6086666666666667,0.0026666666666666666
E4_MIXED,C3,37,25,0.5512029553704789,0.022048118214819157,0.4666666666666666,0.5066666666666667,1.84,0.5733333333333334,0.14666666666666667
E4_MIXED,C3,37,50,1.1491852913759004,0.02298370582751801,0.4866666666666668,0.47333333333333333,1.94,0.6266666666666667,0.11333333333333333
E4_MIXED,C3,37,100,2.146477054691476,0.02146477054691476,0.47333333333333344,0.5033333333333333,1.9266666666666667,0.6266666666666667,0.07666666666666666
E4_MIXED,C3,37,250,5.481913723620392,0.021927654894481566,0.5066666666666666,0.5013333333333333,1.9546666666666668,0.62,0.09733333333333333
E4_MIXED,C3,37,500,10.518681803556925,0.02103736360711385,0.5253333333333328,0.524,1.9266666666666667,0.6086666666666667,0.12866666666666668
E4_MIXED,C4,37,25,0.47946589940127976,0.01917863597605119,0.4799999999999999,0.56,1.84,0.5733333333333334,0.22666666666666666
E4_MIXED,C4,37,50,1.0705703296982696,0.02141140659396539,0.5000000000000001,0.5,1.94,0.6266666666666667,0.19333333333333333
E4_MIXED,C4,37,100,2.0376194399874126,0.020376194399874127,0.4800000000000001,0.5333333333333333,1.9266666666666667,0.6266666666666667,0.15333333333333332
E4_MIXED,C4,37,250,5.228055389442903,0.020912221557771612,0.5079999999999999,0.5213333333333333,1.9546666666666668,0.62,0.108
E4_MIXED,C4,37,500,10.06464945074741,0.02012929890149482,0.5266666666666662,0.54,1.9266666666666667,0.6086666666666667,0.086
E4_MIXED,C0,38,25,0.22769326435068016,0.009107730574027206,0.42666666666666664,0.64,1.9466666666666668,0.6266666666666667,0.0
E4_MIXED,C0,38,50,0.4689021472621855,0.00937804294524371,0.4333333333333333,0.6666666666666666,1.8733333333333333,0.5666666666666667,0.0
E4_MIXED,C0,38,100,0.9269892209951838,0.009269892209951837,0.4999999999999998,0.6433333333333333,1.8633333333333333,0.57,0.0
E4_MIXED,C0,38,250,2.7693742898431646,0.011077497159372658,0.5320000000000001,0.5893333333333334,1.9333333333333333,0.616,0.0
E4_MIXED,C0,38,500,5.478163825194968,0.010956327650389936,0.5293333333333338,0.574,1.9746666666666666,0.6213333333333333,0.0
E4_MIXED,C1,38,25,0.23396155260115303,0.009358462104046122,0.42666666666666664,0.6266666666666667,1.9466666666666668,0.6266666666666667,0.02666666666666667
E4_MIXED,C1,38,50,0.47517043551265836,0.009503408710253167,0.4333333333333333,0.66,1.8733333333333333,0.5666666666666667,0.013333333333333334
E4_MIXED,C1,38,100,0.9332575092456565,0.009332575092456566,0.4999999999999998,0.64,1.8633333333333333,0.57,0.006666666666666667
E4_MIXED,C1,38,250,2.7756425780936373,0.011102570312374549,0.5320000000000001,0.588,1.9333333333333333,0.616,0.0026666666666666666
E4_MIXED,C1,38,500,5.484432113445441,0.010968864226890881,0.5293333333333338,0.5733333333333334,1.9746666666666666,0.6213333333333333,0.0013333333333333333
E4_MIXED,C2,38,25,0.22769326435068016,0.009107730574027206,0.42666666666666664,0.64,1.9466666666666668,0.6266666666666667,0.0
E4_MIXED,C2,38,50,0.4689021472621855,0.00937804294524371,0.4333333333333333,0.6666666666666666,1.8733333333333333,0.5666666666666667,0.0
E4_MIXED,C2,38,100,0.9269892209951838,0.009269892209951837,0.4999999999999998,0.6433333333333333,1.8633333333333333,0.57,0.0
E4_MIXED,C2,38,250,2.7693742898431646,0.011077497159372658,0.5320000000000001,0.5893333333333334,1.9333333333333333,0.616,0.0
E4_MIXED,C2,38,500,5.478163825194968,0.010956327650389936,0.5293333333333338,0.574,1.9746666666666666,0.6213333333333333,0.0
E4_MIXED,C3,38,25,0.2430678456296806,0.009722713825187223,0.42666666666666664,0.6266666666666667,1.9466666666666668,0.6266666666666667,0.02666666666666667
E4_MIXED,C3,38,50,0.4842767285411859,0.009685534570823719,0.4333333333333333,0.66,1.8733333333333333,0.5666666666666667,0.013333333333333334
E4_MIXED,C3,38,100,0.9423638022741843,0.009423638022741843,0.4999999999999998,0.64,1.8633333333333333,0.57,0.006666666666666667
E4_MIXED,C3,38,250,2.784748871122165,0.01113899548448866,0.5320000000000001,0.588,1.9333333333333333,0.616,0.0026666666666666666
E4_MIXED,C3,38,500,5.510311330581152,0.011020622661162304,0.5293333333333338,0.5733333333333334,1.9746666666666666,0.6213333333333333,0.002
E4_MIXED,C4,38,25,0.26345073761579846,0.010538029504631938,0.42666666666666664,0.6133333333333333,1.9466666666666668,0.6266666666666667,0.17333333333333334
E4_MIXED,C4,38,50,0.49127589509667285,0.009825517901933457,0.4333333333333333,0.6666666666666666,1.8733333333333333,0.5666666666666667,0.1
E4_MIXED,C4,38,100,0.9107875880049902,0.009107875880049902,0.4999999999999998,0.65,1.8633333333333333,0.57,0.07
E4_MIXED,C4,38,250,2.7060269691942187,0.010824107876776875,0.5320000000000001,0.5946666666666667,1.9333333333333333,0.616,0.048
E4_MIXED,C4,38,500,5.443963749195868,0.010887927498391736,0.528666666666667,0.588,1.9746666666666666,0.6213333333333333,0.06666666666666667
E4_MIXED,C0,39,25,0.22677349668322128,0.009070939867328851,0.44000000000000006,0.7466666666666667,1.8533333333333333,0.52,0.013333333333333334
E4_MIXED,C0,39,50,0.5199559198056025,0.01039911839611205,0.44666666666666666,0.74,1.88,0.58,0.006666666666666667
E4_MIXED,C0,39,100,1.0914503975758412,0.010914503975758412,0.47666666666666674,0.71,1.89,0.5833333333333334,0.0033333333333333335
E4_MIXED,C0,39,250,2.9264917879620223,0.011705967151848089,0.5080000000000001,0.6653333333333333,1.9493333333333334,0.5973333333333334,0.0013333333333333333
E4_MIXED,C0,39,500,5.855664016859632,0.011711328033719264,0.5073333333333331,0.6653333333333333,1.934,0.5913333333333334,0.0006666666666666666
E4_MIXED,C1,39,25,0.22792375292468053,0.00911695011698722,0.44000000000000006,0.7333333333333333,1.8533333333333333,0.52,0.02666666666666667
E4_MIXED,C1,39,50,0.5211061760470618,0.010422123520941235,0.44666666666666666,0.7333333333333333,1.88,0.58,0.013333333333333334
E4_MIXED,C1,39,100,1.0926006538173003,0.010926006538173003,0.47666666666666674,0.7066666666666667,1.89,0.5833333333333334,0.006666666666666667
E4_MIXED,C1,39,250,2.9276420442034805,0.011710568176813922,0.5080000000000001,0.664,1.9493333333333334,0.5973333333333334,0.0026666666666666666
E4_MIXED,C1,39,500,5.856814273101091,0.011713628546202183,0.5073333333333331,0.6646666666666666,1.934,0.5913333333333334,0.0013333333333333333
E4_MIXED,C2,39,25,0.2196399086894813,0.008785596347579252,0.44000000000000006,0.76,1.8533333333333333,0.52,0.0
E4_MIXED,C2,39,50,0.5128223318118625,0.010256446636237251,0.44666666666666666,0.7466666666666667,1.88,0.58,0.0
E4_MIXED,C2,39,100,1.0843168095821012,0.010843168095821011,0.47666666666666674,0.7133333333333334,1.89,0.5833333333333334,0.0
E4_MIXED,C2,39,250,2.919358199968282,0.011677432799873128,0.5080000000000001,0.6666666666666666,1.9493333333333334,0.5973333333333334,0.0
E4_MIXED,C2,39,500,5.8485304288658915,0.011697060857731784,0.5073333333333331,0.666,1.934,0.5913333333333334,0.0
E4_MIXED,C3,39,25,0.22264975183137087,0.008905990073254835,0.44000000000000006,0.7466666666666667,1.8533333333333333,0.52,0.02666666666666667
E4_MIXED,C3,39,50,0.5158321749537521,0.010316643499075042,0.44666666666666666,0.74,1.88,0.58,0.013333333333333334
E4_MIXED,C3,39,100,1.0873266527239906,0.010873266527239906,0.47666666666666674,0.71,1.89,0.5833333333333334,0.006666666666666667
E4_MIXED,C3,39,250,2.922368043110171,0.011689472172440684,0.5080000000000001,0.6653333333333333,1.9493333333333334,0.5973333333333334,0.0026666666666666666
E4_MIXED,C3,39,500,5.851540272007781,0.011703080544015561,0.5073333333333331,0.6653333333333333,1.934,0.5913333333333334,0.0013333333333333333
E4_MIXED,C4,39,25,0.1909945937737631,0.007639783750950524,0.44000000000000006,0.8133333333333334,1.8533333333333333,0.52,0.06666666666666667
E4_MIXED,C4,39,50,0.428453170089516,0.00856906340179032,0.44666666666666666,0.7866666666666666,1.88,0.58,0.08
E4_MIXED,C4,39,100,0.9302811276887768,0.009302811276887767,0.47666666666666674,0.7533333333333333,1.89,0.5833333333333334,0.08666666666666667
E4_MIXED,C4,39,250,2.3303626041402987,0.009321450416561195,0.5093333333333335,0.7253333333333334,1.9493333333333334,0.5973333333333334,0.1
E4_MIXED,C4,39,500,4.526615584448924,0.009053231168897849,0.5099999999999997,0.7146666666666667,1.934,0.5913333333333334,0.09
E4_MIXED,C0,40,25,0.22257411332165367,0.008902964532866146,0.5066666666666666,0.7066666666666667,1.72,0.5333333333333333,0.18666666666666668
E4_MIXED,C0,40,50,0.7807490948152053,0.015614981896304106,0.5266666666666666,0.62,1.86,0.5866666666666667,0.12
E4_MIXED,C0,40,100,1.4818155233415313,0.014818155233415313,0.5066666666666664,0.6133333333333333,1.92,0.61,0.14
E4_MIXED,C0,40,250,3.081294245035043,0.012325176980140172,0.5213333333333335,0.652,1.9453333333333334,0.6053333333333333,0.17866666666666667
E4_MIXED,C0,40,500,5.667686071409059,0.011335372142818118,0.5079999999999998,0.6786666666666666,1.9246666666666667,0.5946666666666667,0.20333333333333334
E4_MIXED,C1,40,25,0.2940860329622915,0.011763441318491661,0.5066666666666666,0.6666666666666666,1.72,0.5333333333333333,0.04
E4_MIXED,C1,40,50,0.8832081436749367,0.017664162873498736,0.5199999999999999,0.5866666666666667,1.86,0.5866666666666667,0.02
E4_MIXED,C1,40,100,1.8608280088036835,0.018608280088036836,0.4933333333333331,0.55,1.92,0.61,0.01
E4_MIXED,C1,40,250,4.22777079597473,0.01691108318389892,0.5146666666666668,0.56,1.9453333333333334,0.6053333333333333,0.004
E4_MIXED,C1,40,500,8.11160787833933,0.01622321575667866,0.5006666666666665,0.574,1.9246666666666667,0.5946666666666667,0.002
E4_MIXED,C2,40,25,0.28278780640399126,0.01131151225615965,0.5066666666666666,0.68,1.72,0.5333333333333333,0.0
E4_MIXED,C2,40,50,0.8719099171166366,0.01743819834233273,0.5199999999999999,0.5933333333333334,1.86,0.5866666666666667,0.0
E4_MIXED,C2,40,100,1.8495297822453833,0.018495297822453835,0.4933333333333331,0.5533333333333333,1.92,0.61,0.0
E4_MIXED,C2,40,250,4.21647256941643,0.01686589027766572,0.5146666666666668,0.5613333333333334,1.9453333333333334,0.6053333333333333,0.0
E4_MIXED,C2,40,500,8.10030965178103,0.01620061930356206,0.5006666666666665,0.5746666666666667,1.9246666666666667,0.5946666666666667,0.0
E4_MIXED,C3,40,25,0.25284302086420646,0.010113720834568258,0.5066666666666666,0.6933333333333334,1.72,0.5333333333333333,0.013333333333333334
E4_MIXED,C3,40,50,0.8419651315768518,0.016839302631537035,0.5199999999999999,0.6,1.86,0.5866666666666667,0.006666666666666667
E4_MIXED,C3,40,100,1.8041774892429394,0.018041774892429394,0.4933333333333331,0.56,1.92,0.61,0.006666666666666667
E4_MIXED,C3,40,250,3.840359349519858,0.015361437398079431,0.5146666666666668,0.5893333333333334,1.9453333333333334,0.6053333333333333,0.034666666666666665
E4_MIXED,C3,40,500,7.001722164857713,0.014003444329715427,0.5033333333333331,0.614,1.9246666666666667,0.5946666666666667,0.056666666666666664
E4_MIXED,C4,40,25,0.3164465263129561,0.012657861052518244,0.5066666666666666,0.6666666666666666,1.72,0.5333333333333333,0.06666666666666667
E4_MIXED,C4,40,50,0.9378580041549445,0.01875716008309889,0.5199999999999999,0.5733333333333334,1.86,0.5866666666666667,0.07333333333333333
E4_MIXED,C4,40,100,2.0518469993307065,0.020518469993307066,0.4933333333333331,0.5233333333333333,1.92,0.61,0.11
E4_MIXED,C4,40,250,4.709698261678631,0.018838793046714524,0.5133333333333336,0.528,1.9453333333333334,0.6053333333333333,0.09866666666666667
E4_MIXED,C4,40,500,8.80193265462465,0.0176038653092493,0.5006666666666665,0.5493333333333333,1.9246666666666667,0.5946666666666667,0.08666666666666667
E4_MIXED,C0,41,25,0.16814907050240213,0.006725962820096085,0.42666666666666664,0.6933333333333334,1.72,0.49333333333333335,0.013333333333333334
E4_MIXED,C0,41,50,0.39602634372800277,0.007920526874560055,0.45333333333333337,0.6666666666666666,1.82,0.5066666666666667,0.006666666666666667
E4_MIXED,C0,41,100,0.7898167291129148,0.007898167291129148,0.48,0.69,1.8666666666666667,0.5433333333333333,0.0033333333333333335
E4_MIXED,C0,41,250,2.1604271900753815,0.008641708760301526,0.5133333333333335,0.656,1.8933333333333333,0.572,0.0013333333333333333
E4_MIXED,C0,41,500,4.475550659510237,0.008951101319020473,0.5126666666666665,0.638,1.9133333333333333,0.582,0.0006666666666666666
E4_MIXED,C1,41,25,0.15304346908284605,0.006121738763313842,0.42666666666666664,0.72,1.72,0.49333333333333335,0.013333333333333334
E4_MIXED,C1,41,50,0.3809207423084467,0.007618414846168934,0.45333333333333337,0.68,1.82,0.5066666666666667,0.006666666666666667
E4_MIXED,C1,41,100,0.7747111276933587,0.007747111276933587,0.48,0.6966666666666667,1.8666666666666667,0.5433333333333333,0.0033333333333333335
E4_MIXED,C1,41,250,2.1453215886558255,0.008581286354623302,0.5133333333333335,0.6586666666666666,1.8933333333333333,0.572,0.0013333333333333333
E4_MIXED,C1,41,500,4.460445058090681,0.008920890116181362,0.5126666666666665,0.6393333333333333,1.9133333333333333,0.582,0.0006666666666666666
E4_MIXED,C2,41,25,0.16285924969880738,0.006514369987952295,0.42666666666666664,0.7066666666666667,1.72,0.49333333333333335,0.02666666666666667
E4_MIXED,C2,41,50,0.390736522924408,0.007814730458488161,0.45333333333333337,0.6733333333333333,1.82,0.5066666666666667,0.013333333333333334
E4_MIXED,C2,41,100,0.78452690830932,0.007845269083093201,0.48,0.6933333333333334,1.8666666666666667,0.5433333333333333,0.006666666666666667
E4_MIXED,C2,41,250,2.1551373692717863,0.008620549477087146,0.5133333333333335,0.6573333333333333,1.8933333333333333,0.572,0.0026666666666666666
E4_MIXED,C2,41,500,4.470260838706642,0.008940521677413283,0.5126666666666665,0.6386666666666667,1.9133333333333333,0.582,0.0013333333333333333
E4_MIXED,C3,41,25,0.1595394529037123,0.006381578116148492,0.42666666666666664,0.7066666666666667,1.72,0.49333333333333335,0.0
E4_MIXED,C3,41,50,0.38741672612931294,0.007748334522586259,0.45333333333333337,0.6733333333333333,1.82,0.5066666666666667,0.0
E4_MIXED,C3,41,100,0.781207111514225,0.007812071115142249,0.48,0.6933333333333334,1.8666666666666667,0.5433333333333333,0.0
E4_MIXED,C3,41,250,2.1431213780883933,0.008572485512353574,0.5133333333333335,0.6586666666666666,1.8933333333333333,0.572,0.0013333333333333333
E4_MIXED,C3,41,500,4.458244847523249,0.008916489695046497,0.5126666666666665,0.6393333333333333,1.9133333333333333,0.582,0.0006666666666666666
E4_MIXED,C4,41,25,0.11807765036653534,0.004723106014661413,0.42666666666666664,0.7733333333333333,1.72,0.49333333333333335,0.14666666666666667
E4_MIXED,C4,41,50,0.30252098765960383,0.006050419753192077,0.44666666666666666,0.7533333333333333,1.82,0.5066666666666667,0.18
E4_MIXED,C4,41,100,0.6814419462929715,0.006814419462929715,0.47666666666666657,0.7433333333333333,1.8666666666666667,0.5433333333333333,0.15
E4_MIXED,C4,41,250,1.9897571485152437,0.007959028594060974,0.5133333333333335,0.6893333333333334,1.8933333333333333,0.572,0.10266666666666667
E4_MIXED,C4,41,500,3.8994532664636474,0.007798906532927295,0.5139999999999999,0.6753333333333333,1.9133333333333333,0.582,0.1
E4_MIXED,C0,42,25,0.17729316454681476,0.0070917265818725905,0.48,0.6666666666666666,1.9866666666666666,0.5866666666666667,0.013333333333333334
E4_MIXED,C0,42,50,0.4946258004614791,0.009892516009229581,0.49333333333333335,0.6,2.046666666666667,0.6266666666666667,0.006666666666666667
E4_MIXED,C0,42,100,1.0075129260812583,0.010075129260812584,0.5066666666666666,0.6066666666666667,2.04,0.6366666666666667,0.0033333333333333335
E4_MIXED,C0,42,250,2.546143105731097,0.010184572422924388,0.5026666666666664,0.6293333333333333,1.984,0.5946666666666667,0.0013333333333333333
E4_MIXED,C0,42,500,5.232000074092061,0.01046400014818412,0.5140000000000001,0.6226666666666667,1.968,0.6053333333333333,0.0006666666666666666
E4_MIXED,C1,42,25,0.18193867638460604,0.007277547055384241,0.48,0.6666666666666666,1.9866666666666666,0.5866666666666667,0.02666666666666667
E4_MIXED,C1,42,50,0.49927131229927035,0.009985426245985408,0.49333333333333335,0.6,2.046666666666667,0.6266666666666667,0.013333333333333334
E4_MIXED,C1,42,100,1.0121584379190496,0.010121584379190496,0.5066666666666666,0.6066666666666667,2.04,0.6366666666666667,0.006666666666666667
E4_MIXED,C1,42,250,2.550788617568888,0.010203154470275552,0.5026666666666664,0.6293333333333333,1.984,0.5946666666666667,0.0026666666666666666
E4_MIXED,C1,42,500,5.236645585929851,0.010473291171859701,0.5140000000000001,0.6226666666666667,1.968,0.6053333333333333,0.0013333333333333333
E4_MIXED,C2,42,25,0.17755870865395007,0.007102348346158003,0.48,0.6533333333333333,1.9866666666666666,0.5866666666666667,0.013333333333333334
E4_MIXED,C2,42,50,0.4948913445686144,0.009897826891372287,0.49333333333333335,0.5933333333333334,2.046666666666667,0.6266666666666667,0.006666666666666667
E4_MIXED,C2,42,100,1.0077784701883936,0.010077784701883936,0.5066666666666666,0.6033333333333334,2.04,0.6366666666666667,0.0033333333333333335
E4_MIXED,C2,42,250,2.546408649838232,0.010185634599352929,0.5026666666666664,0.628,1.984,0.5946666666666667,0.0013333333333333333
E4_MIXED,C2,42,500,5.232265618199196,0.010464531236398391,0.5140000000000001,0.622,1.968,0.6053333333333333,0.0006666666666666666
E4_MIXED,C3,42,25,0.1907319469240064,0.007629277876960256,0.48,0.6533333333333333,1.9866666666666666,0.5866666666666667,0.02666666666666667
E4_MIXED,C3,42,50,0.5139490817088274,0.010278981634176548,0.49333333333333335,0.5866666666666667,2.046666666666667,0.6266666666666667,0.02
E4_MIXED,C3,42,100,1.0268362073286066,0.010268362073286066,0.5066666666666666,0.6,2.04,0.6366666666666667,0.01
E4_MIXED,C3,42,250,2.5588551288946686,0.010235420515578674,0.5026666666666664,0.6266666666666667,1.984,0.5946666666666667,0.032
E4_MIXED,C3,42,500,5.1301024449638115,0.010260204889927623,0.5146666666666667,0.626,1.968,0.6053333333333333,0.07533333333333334
E4_MIXED,C4,42,25,0.13079140999681993,0.0052316563998727975,0.48,0.76,1.9866666666666666,0.5866666666666667,0.12
E4_MIXED,C4,42,50,0.3288891198481585,0.00657778239696317,0.49333333333333335,0.72,2.046666666666667,0.6266666666666667,0.14666666666666667
E4_MIXED,C4,42,100,0.7407557151032388,0.0074075571510323875,0.5166666666666666,0.6933333333333334,2.04,0.6366666666666667,0.12333333333333334
E4_MIXED,C4,42,250,2.0627815006257975,0.00825112600250319,0.5066666666666664,0.6853333333333333,1.984,0.5946666666666667,0.088
E4_MIXED,C4,42,500,4.352967325391223,0.008705934650782446,0.5160000000000001,0.67,1.968,0.6053333333333333,0.08133333333333333
E4_MIXED,C0,43,25,0.37750934318201884,0.015100373727280753,0.5466666666666666,0.6133333333333333,1.8933333333333333,0.6,0.013333333333333334
E4_MIXED,C0,43,50,0.7617651520557907,0.015235303041115813,0.5333333333333332,0.58,1.9266666666666667,0.6066666666666667,0.006666666666666667
E4_MIXED,C0,43,100,1.5382249155415253,0.015382249155415252,0.4733333333333335,0.5766666666666667,1.92,0.6066666666666667,0.0033333333333333335
E4_MIXED,C0,43,250,4.284899995920673,0.017139599983682693,0.5013333333333333,0.556,2.002666666666667,0.6226666666666667,0.0013333333333333333
E4_MIXED,C0,43,500,8.371009057124384,0.016742018114248768,0.4960000000000002,0.5706666666666667,1.96,0.616,0.0006666666666666666
E4_MIXED,C1,43,25,0.37750934318201884,0.015100373727280753,0.5466666666666666,0.6133333333333333,1.8933333333333333,0.6,0.013333333333333334
E4_MIXED,C1,43,50,0.7617651520557907,0.015235303041115813,0.5333333333333332,0.58,1.9266666666666667,0.6066666666666667,0.006666666666666667
E4_MIXED,C1,43,100,1.5382249155415253,0.015382249155415252,0.4733333333333335,0.5766666666666667,1.92,0.6066666666666667,0.0033333333333333335
E4_MIXED,C1,43,250,4.284899995920673,0.017139599983682693,0.5013333333333333,0.556,2.002666666666667,0.6226666666666667,0.0013333333333333333
E4_MIXED,C1,43,500,8.371009057124384,0.016742018114248768,0.4960000000000002,0.5706666666666667,1.96,0.616,0.0006666666666666666
E4_MIXED,C2,43,25,0.4137045599165369,0.016548182396661476,0.5466666666666666,0.5733333333333334,1.8933333333333333,0.6,0.04
E4_MIXED,C2,43,50,0.7979603687903087,0.015959207375806174,0.5333333333333332,0.56,1.9266666666666667,0.6066666666666667,0.02
E4_MIXED,C2,43,100,1.5744201322760434,0.015744201322760432,0.4733333333333335,0.5666666666666667,1.92,0.6066666666666667,0.01
E4_MIXED,C2,43,250,4.328973088231038,0.01731589235292415,0.5013333333333333,0.5506666666666666,2.002666666666667,0.6226666666666667,0.005333333333333333
E4_MIXED,C2,43,500,8.435970721298778,0.016871941442597557,0.4960000000000002,0.5673333333333334,1.96,0.616,0.0033333333333333335
E4_MIXED,C3,43,25,0.4000585400931211,0.016002341603724844,0.5466666666666666,0.5866666666666667,1.8933333333333333,0.6,0.05333333333333334
E4_MIXED,C3,43,50,0.7843143489668929,0.015686286979337858,0.5333333333333332,0.5666666666666667,1.9266666666666667,0.6066666666666667,0.02666666666666667
E4_MIXED,C3,43,100,1.5690438959712831,0.01569043895971283,0.4733333333333335,0.57,1.92,0.6066666666666667,0.016666666666666666
E4_MIXED,C3,43,250,3.987171534533832,0.015948686138135326,0.49999999999999994,0.5706666666666667,2.002666666666667,0.6226666666666667,0.06
E4_MIXED,C3,43,500,7.627486118198634,0.015254972236397268,0.4960000000000002,0.5866666666666667,1.96,0.616,0.06733333333333333
E4_MIXED,C4,43,25,0.37734272654080714,0.015093709061632286,0.5466666666666666,0.6,1.8933333333333333,0.6,0.05333333333333334
E4_MIXED,C4,43,50,0.7615985354145789,0.015231970708291577,0.5333333333333332,0.5733333333333334,1.9266666666666667,0.6066666666666667,0.02666666666666667
E4_MIXED,C4,43,100,1.5995862433246422,0.01599586243324642,0.4733333333333335,0.56,1.92,0.6066666666666667,0.03666666666666667
E4_MIXED,C4,43,250,4.297176101272566,0.017188704405090263,0.5013333333333333,0.5493333333333333,2.002666666666667,0.6226666666666667,0.018666666666666668
E4_MIXED,C4,43,500,8.375193949455623,0.016750387898911246,0.4960000000000002,0.568,1.96,0.616,0.01
E4_MIXED,C0,44,25,0.1942345984906932,0.0077693839396277276,0.41333333333333333,0.7066666666666667,1.7866666666666666,0.5466666666666666,0.16
E4_MIXED,C0,44,50,0.5316301396606841,0.010632602793213682,0.46666666666666673,0.6466666666666666,1.84,0.56,0.09333333333333334
E4_MIXED,C0,44,100,1.303458742688472,0.01303458742688472,0.4433333333333334,0.6,1.92,0.5933333333333334,0.05
E4_MIXED,C0,44,250,3.657021034791681,0.014628084139166725,0.48533333333333356,0.58,1.9346666666666668,0.6013333333333334,0.02
E4_MIXED,C0,44,500,7.562085710967212,0.015124171421934424,0.5053333333333334,0.5733333333333334,1.9173333333333333,0.5833333333333334,0.010666666666666666
E4_MIXED,C1,44,25,0.23880224673218448,0.00955208986928738,0.41333333333333333,0.6533333333333333,1.7866666666666666,0.5466666666666666,0.06666666666666667
E4_MIXED,C1,44,50,0.5979420275375171,0.011958840550750343,0.46666666666666673,0.6066666666666667,1.84,0.56,0.03333333333333333
E4_MIXED,C1,44,100,1.3703463823180173,0.013703463823180172,0.4433333333333334,0.5766666666666667,1.92,0.5933333333333334,0.016666666666666666
E4_MIXED,C1,44,250,3.723908674421226,0.014895634697684904,0.48533333333333356,0.5706666666666667,1.9346666666666668,0.6013333333333334,0.006666666666666667
E4_MIXED,C1,44,500,7.642905831610017,0.015285811663220034,0.5053333333333334,0.568,1.9173333333333333,0.5833333333333334,0.0033333333333333335
E4_MIXED,C2,44,25,0.23847516592527002,0.009539006637010801,0.41333333333333333,0.68,1.7866666666666666,0.5466666666666666,0.0
E4_MIXED,C2,44,50,0.5976149467306027,0.011952298934612053,0.46666666666666673,0.62,1.84,0.56,0.0
E4_MIXED,C2,44,100,1.3700193015111028,0.013700193015111028,0.4433333333333334,0.5833333333333334,1.92,0.5933333333333334,0.0
E4_MIXED,C2,44,250,3.7235815936143117,0.014894326374457248,0.48533333333333356,0.5733333333333334,1.9346666666666668,0.6013333333333334,0.0
E4_MIXED,C2,44,500,7.642578750803102,0.015285157501606203,0.5053333333333334,0.5693333333333334,1.9173333333333333,0.5833333333333334,0.0
E4_MIXED,C3,44,25,0.16543880281139106,0.0066175521124556425,0.4266666666666667,0.72,1.7866666666666666,0.5466666666666666,0.17333333333333334
E4_MIXED,C3,44,50,0.3655470183564016,0.007310940367128031,0.4800000000000001,0.7066666666666667,1.84,0.56,0.18666666666666668
E4_MIXED,C3,44,100,0.8342853336269072,0.008342853336269072,0.4500000000000001,0.7133333333333334,1.92,0.5933333333333334,0.20666666666666667
E4_MIXED,C3,44,250,2.6701515896307546,0.010680606358523019,0.4880000000000002,0.6773333333333333,1.9346666666666668,0.6013333333333334,0.152
E4_MIXED,C3,44,500,6.105040114312869,0.012210080228625738,0.5073333333333334,0.6433333333333333,1.9173333333333333,0.5833333333333334,0.12866666666666668
E4_MIXED,C4,44,25,0.24065969548240057,0.009626387819296024,0.41333333333333333,0.68,1.7866666666666666,0.5466666666666666,0.02666666666666667
E4_MIXED,C4,44,50,0.5984720215053115,0.011969440430106231,0.46666666666666673,0.6266666666666667,1.84,0.56,0.02
E4_MIXED,C4,44,100,1.3682779930352789,0.013682779930352789,0.4433333333333334,0.5866666666666667,1.92,0.5933333333333334,0.02
E4_MIXED,C4,44,250,3.7809583388382246,0.015123833355352898,0.48533333333333356,0.576,1.9346666666666668,0.6013333333333334,0.10666666666666667
E4_MIXED,C4,44,500,7.692019028663939,0.015384038057327878,0.504,0.5826666666666667,1.9173333333333333,0.5833333333333334,0.16333333333333333
E4_MIXED,C0,45,25,0.48745001783437225,0.01949800071337489,0.5199999999999999,0.56,2.1333333333333333,0.68,0.013333333333333334
E4_MIXED,C0,45,50,0.7044504364647575,0.014089008729295149,0.49999999999999994,0.6533333333333333,1.9333333333333333,0.5933333333333334,0.006666666666666667
E4_MIXED,C0,45,100,1.386797411010497,0.01386797411010497,0.5100000000000001,0.6133333333333333,1.9966666666666666,0.6133333333333333,0.0033333333333333335
E4_MIXED,C0,45,250,3.425399962959708,0.013701599851838832,0.5053333333333334,0.5906666666666667,2.005333333333333,0.6293333333333333,0.0013333333333333333
E4_MIXED,C0,45,500,6.788883980114809,0.013577767960229619,0.5019999999999999,0.594,1.99,0.6273333333333333,0.0006666666666666666
E4_MIXED,C1,45,25,0.5387616898085824,0.021550467592343296,0.5199999999999999,0.5333333333333333,2.1333333333333333,0.68,0.14666666666666667
E4_MIXED,C1,45,50,0.7557621084389676,0.015115242168779353,0.49999999999999994,0.64,1.9333333333333333,0.5933333333333334,0.07333333333333333
E4_MIXED,C1,45,100,1.4381090829847072,0.014381090829847072,0.5100000000000001,0.6066666666666667,1.9966666666666666,0.6133333333333333,0.03666666666666667
E4_MIXED,C1,45,250,3.4767116349339178,0.013906846539735672,0.5053333333333334,0.588,2.005333333333333,0.6293333333333333,0.014666666666666666
E4_MIXED,C1,45,500,6.840195652089019,0.013680391304178037,0.5019999999999999,0.5926666666666667,1.99,0.6273333333333333,0.007333333333333333
E4_MIXED,C2,45,25,0.46274093043062503,0.018509637217225,0.5199999999999999,0.56,2.1333333333333333,0.68,0.06666666666666667
E4_MIXED,C2,45,50,0.6797413490610102,0.013594826981220205,0.49999999999999994,0.6533333333333333,1.9333333333333333,0.5933333333333334,0.03333333333333333
E4_MIXED,C2,45,100,1.36208832360675,0.013620883236067501,0.5100000000000001,0.6133333333333333,1.9966666666666666,0.6133333333333333,0.016666666666666666
E4_MIXED,C2,45,250,3.399147385012803,0.013596589540051213,0.5053333333333334,0.5906666666666667,2.005333333333333,0.6293333333333333,0.008
E4_MIXED,C2,45,500,6.762631402167903,0.013525262804335806,0.5019999999999999,0.594,1.99,0.6273333333333333,0.004
E4_MIXED,C3,45,25,0.46062648303910925,0.01842505932156437,0.5199999999999999,0.5733333333333334,2.1333333333333333,0.68,0.13333333333333333
E4_MIXED,C3,45,50,0.6776269016694945,0.01355253803338989,0.49999999999999994,0.66,1.9333333333333333,0.5933333333333334,0.06666666666666667
E4_MIXED,C3,45,100,1.3745332695760062,0.013745332695760061,0.5100000000000001,0.6166666666666667,1.9966666666666666,0.6133333333333333,0.03666666666666667
E4_MIXED,C3,45,250,3.413135821525217,0.013652543286100868,0.5053333333333334,0.592,2.005333333333333,0.6293333333333333,0.014666666666666666
E4_MIXED,C3,45,500,6.847659267360444,0.013695318534720889,0.5013333333333333,0.592,1.99,0.6273333333333333,0.013333333333333334
E4_MIXED,C4,45,25,0.5524810048555057,0.022099240194220226,0.5199999999999999,0.5066666666666667,2.1333333333333333,0.68,0.10666666666666667
E4_MIXED,C4,45,50,0.8077786462393668,0.016155572924787337,0.4933333333333333,0.62,1.9333333333333333,0.5933333333333334,0.07333333333333333
E4_MIXED,C4,45,100,1.4737399263608169,0.014737399263608168,0.5066666666666667,0.5966666666666667,1.9966666666666666,0.6133333333333333,0.06
E4_MIXED,C4,45,250,3.555871125628731,0.014223484502514925,0.504,0.584,2.005333333333333,0.6293333333333333,0.04133333333333333
E4_MIXED,C4,45,500,6.959901651227626,0.013919803302455252,0.502,0.5893333333333334,1.99,0.6273333333333333,0.07933333333333334
E4_MIXED,C0,46,25,0.4260755976427719,0.017043023905710875,0.46666666666666656,0.5466666666666666,1.88,0.5466666666666666,0.0
E4_MIXED,C0,46,50,1.026076823568521,0.02052153647137042,0.4733333333333334,0.47333333333333333,2.0533333333333332,0.62,0.0
E4_MIXED,C0,46,100,1.7138002006131836,0.017138002006131837,0.5166666666666666,0.5333333333333333,1.9466666666666668,0.5766666666666667,0.0
E4_MIXED,C0,46,250,4.363087418895406,0.01745234967558162,0.5079999999999997,0.5226666666666666,1.9413333333333334,0.5786666666666667,0.0
E4_MIXED,C0,46,500,9.073898792701593,0.018147797585403184,0.5013333333333334,0.5126666666666667,1.9346666666666668,0.59,0.0
E4_MIXED,C1,46,25,0.4260755976427719,0.017043023905710875,0.46666666666666656,0.5466666666666666,1.88,0.5466666666666666,0.0
E4_MIXED,C1,46,50,1.026076823568521,0.02052153647137042,0.4733333333333334,0.47333333333333333,2.0533333333333332,0.62,0.0
E4_MIXED,C1,46,100,1.7138002006131836,0.017138002006131837,0.5166666666666666,0.5333333333333333,1.9466666666666668,0.5766666666666667,0.0
E4_MIXED,C1,46,250,4.363087418895406,0.01745234967558162,0.5079999999999997,0.5226666666666666,1.9413333333333334,0.5786666666666667,0.0
E4_MIXED,C1,46,500,9.073898792701593,0.018147797585403184,0.5013333333333334,0.5126666666666667,1.9346666666666668,0.59,0.0
E4_MIXED,C2,46,25,0.4260755976427719,0.017043023905710875,0.46666666666666656,0.5466666666666666,1.88,0.5466666666666666,0.0
E4_MIXED,C2,46,50,1.026076823568521,0.02052153647137042,0.4733333333333334,0.47333333333333333,2.0533333333333332,0.62,0.0
E4_MIXED,C2,46,100,1.7138002006131836,0.017138002006131837,0.5166666666666666,0.5333333333333333,1.9466666666666668,0.5766666666666667,0.0
E4_MIXED,C2,46,250,4.363087418895406,0.01745234967558162,0.5079999999999997,0.5226666666666666,1.9413333333333334,0.5786666666666667,0.0
E4_MIXED,C2,46,500,9.073898792701593,0.018147797585403184,0.5013333333333334,0.5126666666666667,1.9346666666666668,0.59,0.0
E4_MIXED,C3,46,25,0.41862759398061605,0.016745103759224642,0.46666666666666656,0.56,1.88,0.5466666666666666,0.013333333333333334
E4_MIXED,C3,46,50,1.0248650564903345,0.020497301129806692,0.4733333333333334,0.47333333333333333,2.0533333333333332,0.62,0.013333333333333334
E4_MIXED,C3,46,100,1.7125884335349972,0.01712588433534997,0.5166666666666666,0.5333333333333333,1.9466666666666668,0.5766666666666667,0.006666666666666667
E4_MIXED,C3,46,250,4.361875651817218,0.017447502607268874,0.5079999999999997,0.5226666666666666,1.9413333333333334,0.5786666666666667,0.0026666666666666666
E4_MIXED,C3,46,500,8.9736473556992,0.017947294711398398,0.5013333333333334,0.5166666666666667,1.9346666666666668,0.59,0.006666666666666667
E4_MIXED,C4,46,25,0.3102793801131475,0.0124111752045259,0.46666666666666656,0.6,1.88,0.5466666666666666,0.09333333333333334
E4_MIXED,C4,46,50,0.6419852451746584,0.012839704903493168,0.48,0.5866666666666667,2.0533333333333332,0.62,0.13333333333333333
E4_MIXED,C4,46,100,1.1324746732737965,0.011324746732737964,0.5233333333333333,0.6333333333333333,1.9466666666666668,0.5766666666666667,0.15666666666666668
E4_MIXED,C4,46,250,3.053034588573298,0.012212138354293191,0.5119999999999997,0.62,1.9413333333333334,0.5786666666666667,0.15333333333333332
E4_MIXED,C4,46,500,6.808664282856052,0.013617328565712104,0.5046666666666668,0.5946666666666667,1.9346666666666668,0.59,0.12866666666666668
E4_MIXED,C0,47,25,0.294245378516691,0.01176981514066764,0.5066666666666668,0.68,2.0,0.6,0.28
E4_MIXED,C0,47,50,0.7035563213185316,0.014071126426370633,0.49333333333333335,0.6,2.0,0.6133333333333333,0.16666666666666666
E4_MIXED,C0,47,100,1.2782388783626562,0.012782388783626562,0.48666666666666664,0.61,1.88,0.55,0.08666666666666667
E4_MIXED,C0,47,250,3.7004596863779584,0.014801838745511834,0.5120000000000001,0.5573333333333333,1.932,0.5866666666666667,0.036
E4_MIXED,C0,47,500,8.029016242466122,0.016058032484932244,0.49933333333333385,0.5273333333333333,1.9473333333333334,0.6,0.018
E4_MIXED,C1,47,25,0.4658955017362179,0.018635820069448715,0.5066666666666668,0.4533333333333333,2.0,0.6,0.02666666666666667
E4_MIXED,C1,47,50,0.900602589868498,0.01801205179736996,0.49333333333333335,0.46,2.0,0.6133333333333333,0.013333333333333334
E4_MIXED,C1,47,100,1.4838080764248167,0.014838080764248167,0.48666666666666664,0.5366666666666666,1.88,0.55,0.006666666666666667
E4_MIXED,C1,47,250,3.9042153932788333,0.015616861573115332,0.5120000000000001,0.5293333333333333,1.932,0.5866666666666667,0.0026666666666666666
E4_MIXED,C1,47,500,8.232771949366997,0.016465543898733993,0.49933333333333385,0.5133333333333333,1.9473333333333334,0.6,0.0013333333333333333
E4_MIXED,C2,47,25,0.4298670431936718,0.017194681727746873,0.5066666666666668,0.49333333333333335,2.0,0.6,0.02666666666666667
E4_MIXED,C2,47,50,0.8645741313259518,0.01729148262651904,0.49333333333333335,0.48,2.0,0.6133333333333333,0.013333333333333334
E4_MIXED,C2,47,100,1.4477796178822706,0.014477796178822706,0.48666666666666664,0.5466666666666666,1.88,0.55,0.006666666666666667
E4_MIXED,C2,47,250,3.868186934736287,0.015472747738945148,0.5120000000000001,0.5333333333333333,1.932,0.5866666666666667,0.0026666666666666666
E4_MIXED,C2,47,500,8.196743490824451,0.016393486981648903,0.49933333333333385,0.5153333333333333,1.9473333333333334,0.6,0.0013333333333333333
E4_MIXED,C3,47,25,0.4373097945614005,0.01749239178245602,0.5066666666666668,0.49333333333333335,2.0,0.6,0.05333333333333334
E4_MIXED,C3,47,50,0.8462381938619257,0.016924763877238513,0.49333333333333335,0.4866666666666667,2.0,0.6133333333333333,0.04
E4_MIXED,C3,47,100,1.3906174479597782,0.013906174479597782,0.48666666666666664,0.5633333333333334,1.88,0.55,0.05
E4_MIXED,C3,47,250,3.4250213773424303,0.01370008550936972,0.5146666666666668,0.5733333333333334,1.932,0.5866666666666667,0.072
E4_MIXED,C3,47,500,6.9806562676345925,0.013961312535269185,0.5026666666666672,0.57,1.9473333333333334,0.6,0.084
E4_MIXED,C4,47,25,0.4137756148947848,0.016551024595791393,0.5066666666666668,0.49333333333333335,2.0,0.6,0.12
E4_MIXED,C4,47,50,0.7540401357523541,0.015080802715047081,0.49333333333333335,0.5266666666666666,2.0,0.6133333333333333,0.12666666666666668
E4_MIXED,C4,47,100,1.2531827436419734,0.012531827436419734,0.48666666666666664,0.5933333333333334,1.88,0.55,0.10333333333333333
E4_MIXED,C4,47,250,3.177894953185385,0.01271157981274154,0.5173333333333336,0.5946666666666667,1.932,0.5866666666666667,0.12
E4_MIXED,C4,47,500,6.261620390824756,0.012523240781649512,0.5046666666666672,0.5953333333333334,1.9473333333333334,0.6,0.14866666666666667
E4_MIXED,C0,48,25,0.4139900984516273,0.016559603938065093,0.4800000000000001,0.5733333333333334,1.9066666666666667,0.6533333333333333,0.02666666666666667
E4_MIXED,C0,48,50,0.7795129761845874,0.015590259523691747,0.47333333333333344,0.5733333333333334,1.8866666666666667,0.6266666666666667,0.013333333333333334
E4_MIXED,C0,48,100,1.639217462096766,0.01639217462096766,0.4933333333333335,0.5633333333333334,1.9366666666666668,0.61,0.006666666666666667
E4_MIXED,C0,48,250,3.4480477136242955,0.013792190854497182,0.46533333333333354,0.604,1.9026666666666667,0.5826666666666667,0.0026666666666666666
E4_MIXED,C0,48,500,6.969117481146269,0.013938234962292538,0.48266666666666663,0.5953333333333334,1.92,0.58,0.0013333333333333333
E4_MIXED,C1,48,25,0.3964812119642733,0.015859248478570932,0.4800000000000001,0.5733333333333334,1.9066666666666667,0.6533333333333333,0.02666666666666667
E4_MIXED,C1,48,50,0.7620040896972333,0.015240081793944666,0.47333333333333344,0.5733333333333334,1.8866666666666667,0.6266666666666667,0.013333333333333334
E4_MIXED,C1,48,100,1.621708575609412,0.01621708575609412,0.4933333333333335,0.5633333333333334,1.9366666666666668,0.61,0.006666666666666667
E4_MIXED,C1,48,250,3.4305388271369415,0.013722155308547765,0.46533333333333354,0.604,1.9026666666666667,0.5826666666666667,0.0026666666666666666
E4_MIXED,C1,48,500,6.951608594658915,0.013903217189317831,0.48266666666666663,0.5953333333333334,1.92,0.58,0.0013333333333333333
E4_MIXED,C2,48,25,0.4259846288014543,0.017039385152058172,0.4800000000000001,0.5466666666666666,1.9066666666666667,0.6533333333333333,0.02666666666666667
E4_MIXED,C2,48,50,0.7915075065344144,0.015830150130688288,0.47333333333333344,0.56,1.8866666666666667,0.6266666666666667,0.013333333333333334
E4_MIXED,C2,48,100,1.6512119924465933,0.016512119924465933,0.4933333333333335,0.5566666666666666,1.9366666666666668,0.61,0.006666666666666667
E4_MIXED,C2,48,250,3.460042243974123,0.013840168975896492,0.46533333333333354,0.6013333333333334,1.9026666666666667,0.5826666666666667,0.0026666666666666666
E4_MIXED,C2,48,500,6.981112011496097,0.013962224022992194,0.48266666666666663,0.594,1.92,0.58,0.0013333333333333333
E4_MIXED,C3,48,25,0.3700997151442399,0.014803988605769597,0.4800000000000001,0.5733333333333334,1.9066666666666667,0.6533333333333333,0.10666666666666667
E4_MIXED,C3,48,50,0.6891207598815827,0.013782415197631655,0.4800000000000001,0.5666666666666667,1.8866666666666667,0.6266666666666667,0.09333333333333334
E4_MIXED,C3,48,100,1.4791970960278724,0.014791970960278724,0.5000000000000001,0.5733333333333334,1.9366666666666668,0.61,0.13
E4_MIXED,C3,48,250,3.2149589844852247,0.012859835937940899,0.4680000000000002,0.6093333333333333,1.9026666666666667,0.5826666666666667,0.10666666666666667
E4_MIXED,C3,48,500,6.664729768925927,0.013329459537851853,0.4833333333333333,0.5986666666666667,1.92,0.58,0.11733333333333333
E4_MIXED,C4,48,25,0.411741854287569,0.01646967417150276,0.4800000000000001,0.56,1.9066666666666667,0.6533333333333333,0.02666666666666667
E4_MIXED,C4,48,50,0.712190675577791,0.014243813511555821,0.47333333333333344,0.5933333333333334,1.8866666666666667,0.6266666666666667,0.04666666666666667
E4_MIXED,C4,48,100,1.3972505107895024,0.013972505107895024,0.4933333333333335,0.6133333333333333,1.9366666666666668,0.61,0.1
E4_MIXED,C4,48,250,2.9641995555616454,0.011856798222246582,0.46533333333333354,0.6453333333333333,1.9026666666666667,0.5826666666666667,0.088
E4_MIXED,C4,48,500,6.091964971482003,0.012183929942964007,0.48199999999999993,0.636,1.92,0.58,0.09533333333333334
E4_MIXED,C0,49,25,0.3042464438524434,0.012169857754097737,0.45333333333333337,0.6,1.9333333333333333,0.6266666666666667,0.013333333333333334
E4_MIXED,C0,49,50,0.6833352506809267,0.013666705013618535,0.4666666666666666,0.5866666666666667,1.8866666666666667,0.5933333333333334,0.006666666666666667
E4_MIXED,C0,49,100,1.3419851253091122,0.013419851253091121,0.5233333333333333,0.5633333333333334,1.89,0.59,0.0033333333333333335
E4_MIXED,C0,49,250,3.689087930413817,0.014756351721655268,0.512,0.572,1.8946666666666667,0.58,0.0013333333333333333
E4_MIXED,C0,49,500,7.620168266603219,0.015240336533206437,0.5073333333333334,0.5786666666666667,1.928,0.5953333333333334,0.0006666666666666666
E4_MIXED,C1,49,25,0.3361909975984104,0.013447639903936416,0.45333333333333337,0.6,1.9333333333333333,0.6266666666666667,0.05333333333333334
E4_MIXED,C1,49,50,0.7152798044268938,0.014305596088537875,0.4666666666666666,0.5866666666666667,1.8866666666666667,0.5933333333333334,0.02666666666666667
E4_MIXED,C1,49,100,1.3739296790550788,0.013739296790550788,0.5233333333333333,0.5633333333333334,1.89,0.59,0.013333333333333334
E4_MIXED,C1,49,250,3.7210324841597835,0.014884129936639134,0.512,0.572,1.8946666666666667,0.58,0.005333333333333333
E4_MIXED,C1,49,500,7.652112820349185,0.01530422564069837,0.5073333333333334,0.5786666666666667,1.928,0.5953333333333334,0.0026666666666666666
E4_MIXED,C2,49,25,0.33561378576568796,0.013424551430627518,0.4666666666666666,0.5733333333333334,1.9333333333333333,0.6266666666666667,0.06666666666666667
E4_MIXED,C2,49,50,0.7147025925941712,0.014294051851883425,0.4733333333333333,0.5733333333333334,1.8866666666666667,0.5933333333333334,0.03333333333333333
E4_MIXED,C2,49,100,1.3733524672223565,0.013733524672223565,0.5266666666666666,0.5566666666666666,1.89,0.59,0.016666666666666666
E4_MIXED,C2,49,250,3.7204552723270616,0.014881821089308247,0.5133333333333335,0.5693333333333334,1.8946666666666667,0.58,0.006666666666666667
E4_MIXED,C2,49,500,7.651535608516463,0.015303071217032926,0.5080000000000001,0.5773333333333334,1.928,0.5953333333333334,0.0033333333333333335
E4_MIXED,C3,49,25,0.28247262540349255,0.011298905016139702,0.4666666666666666,0.6,1.9333333333333333,0.6266666666666667,0.09333333333333334
E4_MIXED,C3,49,50,0.6615614322319758,0.013231228644639517,0.4733333333333333,0.5866666666666667,1.8866666666666667,0.5933333333333334,0.04666666666666667
E4_MIXED,C3,49,100,1.3202113068601613,0.013202113068601614,0.5266666666666666,0.5633333333333334,1.89,0.59,0.023333333333333334
E4_MIXED,C3,49,250,3.6689689774845604,0.014675875909938242,0.5133333333333335,0.5706666666666667,1.8946666666666667,0.58,0.012
E4_MIXED,C3,49,500,7.601495376734139,0.015202990753468277,0.5080000000000001,0.578,1.928,0.5953333333333334,0.006666666666666667
E4_MIXED,C4,49,25,0.28860358984457773,0.01154414359378311,0.4666666666666666,0.56,1.9333333333333333,0.6266666666666667,0.12
E4_MIXED,C4,49,50,0.6414270505275195,0.01282854101055039,0.4666666666666666,0.5733333333333334,1.8866666666666667,0.5933333333333334,0.08
E4_MIXED,C4,49,100,1.2593777245356044,0.012593777245356043,0.5233333333333333,0.5666666666666667,1.89,0.59,0.06666666666666667
E4_MIXED,C4,49,250,3.5479324941374886,0.014191729976549954,0.512,0.572,1.8946666666666667,0.58,0.058666666666666666
E4_MIXED,C4,49,500,7.119167077017622,0.014238334154035243,0.5073333333333334,0.5926666666666667,1.928,0.5953333333333334,0.09
