environment,threshold,seed,eligible_arm_count,count,rate
E0_NO_CONTEXT,0.0,0,1,1500,1.0
E0_NO_CONTEXT,0.0,0,2,0,0.0
E0_NO_CONTEXT,0.0,0,3,0,0.0
E0_NO_CONTEXT,0.0,0,4,0,0.0
E0_NO_CONTEXT,0.0,1,1,1500,1.0
E0_NO_CONTEXT,0.0,1,2,0,0.0
E0_NO_CONTEXT,0.0,1,3,0,0.0
E0_NO_CONTEXT,0.0,1,4,0,0.0
E0_NO_CONTEXT,0.0,2,1,1500,1.0
E0_NO_CONTEXT,0.0,2,2,0,0.0
E0_NO_CONTEXT,0.0,2,3,0,0.0
E0_NO_CONTEXT,0.0,2,4,0,0.0
E0_NO_CONTEXT,0.0,3,1,1500,1.0
E0_NO_CONTEXT,0.0,3,2,0,0.0
E0_NO_CONTEXT,0.0,3,3,0,0.0
E0_NO_CONTEXT,0.0,3,4,0,0.0
E0_NO_CONTEXT,0.0,4,1,1500,1.0
E0_NO_CONTEXT,0.0,4,2,0,0.0
E0_NO_CONTEXT,0.0,4,3,0,0.0
E0_NO_CONTEXT,0.0,4,4,0,0.0
E0_NO_CONTEXT,0.0,5,1,1500,1.0
E0_NO_CONTEXT,0.0,5,2,0,0.0
E0_NO_CONTEXT,0.0,5,3,0,0.0
E0_NO_CONTEXT,0.0,5,4,0,0.0
E0_NO_CONTEXT,0.0,6,1,1500,1.0
E0_NO_CONTEXT,0.0,6,2,0,0.0
E0_NO_CONTEXT,0.0,6,3,0,0.0
E0_NO_CONTEXT,0.0,6,4,0,0.0
E0_NO_CONTEXT,0.0,7,1,1500,1.0
E0_NO_CONTEXT,0.0,7,2,0,0.0
E0_NO_CONTEXT,0.0,7,3,0,0.0
E0_NO_CONTEXT,0.0,7,4,0,0.0
E0_NO_CONTEXT,0.0,8,1,1500,1.0
E0_NO_CONTEXT,0.0,8,2,0,0.0
E0_NO_CONTEXT,0.0,8,3,0,0.0
E0_NO_CONTEXT,0.0,8,4,0,0.0
E0_NO_CONTEXT,0.0,9,1,1500,1.0
E0_NO_CONTEXT,0.0,9,2,0,0.0
E0_NO_CONTEXT,0.0,9,3,0,0.0
E0_NO_CONTEXT,0.0,9,4,0,0.0
E0_NO_CONTEXT,0.0,10,1,1500,1.0
E0_NO_CONTEXT,0.0,10,2,0,0.0
E0_NO_CONTEXT,0.0,10,3,0,0.0
E0_NO_CONTEXT,0.0,10,4,0,0.0
E0_NO_CONTEXT,0.0,11,1,1500,1.0
E0_NO_CONTEXT,0.0,11,2,0,0.0
E0_NO_CONTEXT,0.0,11,3,0,0.0
E0_NO_CONTEXT,0.0,11,4,0,0.0
E0_NO_CONTEXT,0.0,12,1,1500,1.0
E0_NO_CONTEXT,0.0,12,2,0,0.0
E0_NO_CONTEXT,0.0,12,3,0,0.0
E0_NO_CONTEXT,0.0,12,4,0,0.0
E0_NO_CONTEXT,0.0,13,1,1500,1.0
E0_NO_CONTEXT,0.0,13,2,0,0.0
E0_NO_CONTEXT,0.0,13,3,0,0.0
E0_NO_CONTEXT,0.0,13,4,0,0.0
E0_NO_CONTEXT,0.0,14,1,1500,1.0
E0_NO_CONTEXT,0.0,14,2,0,0.0
E0_NO_CONTEXT,0.0,14,3,0,0.0
E0_NO_CONTEXT,0.0,14,4,0,0.0
E0_NO_CONTEXT,0.0,15,1,1500,1.0
E0_NO_CONTEXT,0.0,15,2,0,0.0
E0_NO_CONTEXT,0.0,15,3,0,0.0
E0_NO_CONTEXT,0.0,15,4,0,0.0
E0_NO_CONTEXT,0.0,16,1,1500,1.0
E0_NO_CONTEXT,0.0,16,2,0,0.0
E0_NO_CONTEXT,0.0,16,3,0,0.0
E0_NO_CONTEXT,0.0,16,4,0,0.0
E0_NO_CONTEXT,0.0,17,1,1500,1.0
E0_NO_CONTEXT,0.0,17,2,0,0.0
E0_NO_CONTEXT,0.0,17,3,0,0.0
E0_NO_CONTEXT,0.0,17,4,0,0.0
E0_NO_CONTEXT,0.0,18,1,1500,1.0
E0_NO_CONTEXT,0.0,18,2,0,0.0
E0_NO_CONTEXT,0.0,18,3,0,0.0
E0_NO_CONTEXT,0.0,18,4,0,0.0
E0_NO_CONTEXT,0.0,19,1,1500,1.0
E0_NO_CONTEXT,0.0,19,2,0,0.0
E0_NO_CONTEXT,0.0,19,3,0,0.0
E0_NO_CONTEXT,0.0,19,4,0,0.0
E0_NO_CONTEXT,0.0,20,1,1500,1.0
E0_NO_CONTEXT,0.0,20,2,0,0.0
E0_NO_CONTEXT,0.0,20,3,0,0.0
E0_NO_CONTEXT,0.0,20,4,0,0.0
E0_NO_CONTEXT,0.0,21,1,1500,1.0
E0_NO_CONTEXT,0.0,21,2,0,0.0
E0_NO_CONTEXT,0.0,21,3,0,0.0
E0_NO_CONTEXT,0.0,21,4,0,0.0
E0_NO_CONTEXT,0.0,22,1,1500,1.0
E0_NO_CONTEXT,0.0,22,2,0,0.0
E0_NO_CONTEXT,0.0,22,3,0,0.0
E0_NO_CONTEXT,0.0,22,4,0,0.0
E0_NO_CONTEXT,0.0,23,1,1500,1.0
E0_NO_CONTEXT,0.0,23,2,0,0.0
E0_NO_CONTEXT,0.0,23,3,0,0.0
E0_NO_CONTEXT,0.0,23,4,0,0.0
E0_NO_CONTEXT,0.0,24,1,1500,1.0
E0_NO_CONTEXT,0.0,24,2,0,0.0
E0_NO_CONTEXT,0.0,24,3,0,0.0
E0_NO_CONTEXT,0.0,24,4,0,0.0
E0_NO_CONTEXT,0.0,25,1,1500,1.0
E0_NO_CONTEXT,0.0,25,2,0,0.0
E0_NO_CONTEXT,0.0,25,3,0,0.0
E0_NO_CONTEXT,0.0,25,4,0,0.0
E0_NO_CONTEXT,0.0,26,1,1500,1.0
E0_NO_CONTEXT,0.0,26,2,0,0.0
E0_NO_CONTEXT,0.0,26,3,0,0.0
E0_NO_CONTEXT,0.0,26,4,0,0.0
E0_NO_CONTEXT,0.0,27,1,1500,1.0
E0_NO_CONTEXT,0.0,27,2,0,0.0
E0_NO_CONTEXT,0.0,27,3,0,0.0
E0_NO_CONTEXT,0.0,27,4,0,0.0
E0_NO_CONTEXT,0.0,28,1,1500,1.0
E0_NO_CONTEXT,0.0,28,2,0,0.0
E0_NO_CONTEXT,0.0,28,3,0,0.0
E0_NO_CONTEXT,0.0,28,4,0,0.0
E0_NO_CONTEXT,0.0,29,1,1500,1.0
E0_NO_CONTEXT,0.0,29,2,0,0.0
E0_NO_CONTEXT,0.0,29,3,0,0.0
E0_NO_CONTEXT,0.0,29,4,0,0.0
E0_NO_CONTEXT,0.0,30,1,1500,1.0
E0_NO_CONTEXT,0.0,30,2,0,0.0
E0_NO_CONTEXT,0.0,30,3,0,0.0
E0_NO_CONTEXT,0.0,30,4,0,0.0
E0_NO_CONTEXT,0.0,31,1,1500,1.0
E0_NO_CONTEXT,0.0,31,2,0,0.0
E0_NO_CONTEXT,0.0,31,3,0,0.0
E0_NO_CONTEXT,0.0,31,4,0,0.0
E0_NO_CONTEXT,0.0,32,1,1500,1.0
E0_NO_CONTEXT,0.0,32,2,0,0.0
E0_NO_CONTEXT,0.0,32,3,0,0.0
E0_NO_CONTEXT,0.0,32,4,0,0.0
E0_NO_CONTEXT,0.0,33,1,1500,1.0
E0_NO_CONTEXT,0.0,33,2,0,0.0
E0_NO_CONTEXT,0.0,33,3,0,0.0
E0_NO_CONTEXT,0.0,33,4,0,0.0
E0_NO_CONTEXT,0.0,34,1,1500,1.0
E0_NO_CONTEXT,0.0,34,2,0,0.0
E0_NO_CONTEXT,0.0,34,3,0,0.0
E0_NO_CONTEXT,0.0,34,4,0,0.0
E0_NO_CONTEXT,0.0,35,1,1500,1.0
E0_NO_CONTEXT,0.0,35,2,0,0.0
E0_NO_CONTEXT,0.0,35,3,0,0.0
E0_NO_CONTEXT,0.0,35,4,0,0.0
E0_NO_CONTEXT,0.0,36,1,1500,1.0
E0_NO_CONTEXT,0.0,36,2,0,0.0
E0_NO_CONTEXT,0.0,36,3,0,0.0
E0_NO_CONTEXT,0.0,36,4,0,0.0
E0_NO_CONTEXT,0.0,37,1,1500,1.0
E0_NO_CONTEXT,0.0,37,2,0,0.0
E0_NO_CONTEXT,0.0,37,3,0,0.0
E0_NO_CONTEXT,0.0,37,4,0,0.0
E0_NO_CONTEXT,0.0,38,1,1500,1.0
E0_NO_CONTEXT,0.0,38,2,0,0.0
E0_NO_CONTEXT,0.0,38,3,0,0.0
E0_NO_CONTEXT,0.0,38,4,0,0.0
E0_NO_CONTEXT,0.0,39,1,1500,1.0
E0_NO_CONTEXT,0.0,39,2,0,0.0
E0_NO_CONTEXT,0.0,39,3,0,0.0
E0_NO_CONTEXT,0.0,39,4,0,0.0
E0_NO_CONTEXT,0.0,40,1,1500,1.0
E0_NO_CONTEXT,0.0,40,2,0,0.0
E0_NO_CONTEXT,0.0,40,3,0,0.0
E0_NO_CONTEXT,0.0,40,4,0,0.0
E0_NO_CONTEXT,0.0,41,1,1500,1.0
E0_NO_CONTEXT,0.0,41,2,0,0.0
E0_NO_CONTEXT,0.0,41,3,0,0.0
E0_NO_CONTEXT,0.0,41,4,0,0.0
E0_NO_CONTEXT,0.0,42,1,1500,1.0
E0_NO_CONTEXT,0.0,42,2,0,0.0
E0_NO_CONTEXT,0.0,42,3,0,0.0
E0_NO_CONTEXT,0.0,42,4,0,0.0
E0_NO_CONTEXT,0.0,43,1,1500,1.0
E0_NO_CONTEXT,0.0,43,2,0,0.0
E0_NO_CONTEXT,0.0,43,3,0,0.0
E0_NO_CONTEXT,0.0,43,4,0,0.0
E0_NO_CONTEXT,0.0,44,1,1500,1.0
E0_NO_CONTEXT,0.0,44,2,0,0.0
E0_NO_CONTEXT,0.0,44,3,0,0.0
E0_NO_CONTEXT,0.0,44,4,0,0.0
E0_NO_CONTEXT,0.0,45,1,1500,1.0
E0_NO_CONTEXT,0.0,45,2,0,0.0
E0_NO_CONTEXT,0.0,45,3,0,0.0
E0_NO_CONTEXT,0.0,45,4,0,0.0
E0_NO_CONTEXT,0.0,46,1,1500,1.0
E0_NO_CONTEXT,0.0,46,2,0,0.0
E0_NO_CONTEXT,0.0,46,3,0,0.0
E0_NO_CONTEXT,0.0,46,4,0,0.0
E0_NO_CONTEXT,0.0,47,1,1500,1.0
E0_NO_CONTEXT,0.0,47,2,0,0.0
E0_NO_CONTEXT,0.0,47,3,0,0.0
E0_NO_CONTEXT,0.0,47,4,0,0.0
E0_NO_CONTEXT,0.0,48,1,1500,1.0
E0_NO_CONTEXT,0.0,48,2,0,0.0
E0_NO_CONTEXT,0.0,48,3,0,0.0
E0_NO_CONTEXT,0.0,48,4,0,0.0
E0_NO_CONTEXT,0.0,49,1,1500,1.0
E0_NO_CONTEXT,0.0,49,2,0,0.0
E0_NO_CONTEXT,0.0,49,3,0,0.0
E0_NO_CONTEXT,0.0,49,4,0,0.0
E0_NO_CONTEXT,0.05,0,1,994,0.6626666666666666
E0_NO_CONTEXT,0.05,0,2,398,0.2653333333333333
E0_NO_CONTEXT,0.05,0,3,99,0.066
E0_NO_CONTEXT,0.05,0,4,9,0.006
E0_NO_CONTEXT,0.05,1,1,980,0.6533333333333333
E0_NO_CONTEXT,0.05,1,2,412,0.27466666666666667
E0_NO_CONTEXT,0.05,1,3,94,0.06266666666666666
E0_NO_CONTEXT,0.05,1,4,14,0.009333333333333334
E0_NO_CONTEXT,0.05,2,1,988,0.6586666666666666
E0_NO_CONTEXT,0.05,2,2,404,0.2693333333333333
E0_NO_CONTEXT,0.05,2,3,95,0.06333333333333334
E0_NO_CONTEXT,0.05,2,4,13,0.008666666666666666
E0_NO_CONTEXT,0.05,3,1,1010,0.6733333333333333
E0_NO_CONTEXT,0.05,3,2,388,0.25866666666666666
E0_NO_CONTEXT,0.05,3,3,93,0.062
E0_NO_CONTEXT,0.05,3,4,9,0.006
E0_NO_CONTEXT,0.05,4,1,990,0.66
E0_NO_CONTEXT,0.05,4,2,403,0.26866666666666666
E0_NO_CONTEXT,0.05,4,3,94,0.06266666666666666
E0_NO_CONTEXT,0.05,4,4,13,0.008666666666666666
E0_NO_CONTEXT,0.05,5,1,972,0.648
E0_NO_CONTEXT,0.05,5,2,422,0.2813333333333333
E0_NO_CONTEXT,0.05,5,3,94,0.06266666666666666
E0_NO_CONTEXT,0.05,5,4,12,0.008
E0_NO_CONTEXT,0.05,6,1,979,0.6526666666666666
E0_NO_CONTEXT,0.05,6,2,402,0.268
E0_NO_CONTEXT,0.05,6,3,112,0.07466666666666667
E0_NO_CONTEXT,0.05,6,4,7,0.004666666666666667
E0_NO_CONTEXT,0.05,7,1,1003,0.6686666666666666
E0_NO_CONTEXT,0.05,7,2,381,0.254
E0_NO_CONTEXT,0.05,7,3,102,0.068
E0_NO_CONTEXT,0.05,7,4,14,0.009333333333333334
E0_NO_CONTEXT,0.05,8,1,963,0.642
E0_NO_CONTEXT,0.05,8,2,412,0.27466666666666667
E0_NO_CONTEXT,0.05,8,3,111,0.074
E0_NO_CONTEXT,0.05,8,4,14,0.009333333333333334
E0_NO_CONTEXT,0.05,9,1,1015,0.6766666666666666
E0_NO_CONTEXT,0.05,9,2,386,0.25733333333333336
E0_NO_CONTEXT,0.05,9,3,87,0.058
E0_NO_CONTEXT,0.05,9,4,12,0.008
E0_NO_CONTEXT,0.05,10,1,983,0.6553333333333333
E0_NO_CONTEXT,0.05,10,2,392,0.2613333333333333
E0_NO_CONTEXT,0.05,10,3,108,0.072
E0_NO_CONTEXT,0.05,10,4,17,0.011333333333333334
E0_NO_CONTEXT,0.05,11,1,1001,0.6673333333333333
E0_NO_CONTEXT,0.05,11,2,393,0.262
E0_NO_CONTEXT,0.05,11,3,96,0.064
E0_NO_CONTEXT,0.05,11,4,10,0.006666666666666667
E0_NO_CONTEXT,0.05,12,1,964,0.6426666666666667
E0_NO_CONTEXT,0.05,12,2,402,0.268
E0_NO_CONTEXT,0.05,12,3,111,0.074
E0_NO_CONTEXT,0.05,12,4,23,0.015333333333333332
E0_NO_CONTEXT,0.05,13,1,974,0.6493333333333333
E0_NO_CONTEXT,0.05,13,2,407,0.2713333333333333
E0_NO_CONTEXT,0.05,13,3,112,0.07466666666666667
E0_NO_CONTEXT,0.05,13,4,7,0.004666666666666667
E0_NO_CONTEXT,0.05,14,1,978,0.652
E0_NO_CONTEXT,0.05,14,2,394,0.26266666666666666
E0_NO_CONTEXT,0.05,14,3,114,0.076
E0_NO_CONTEXT,0.05,14,4,14,0.009333333333333334
E0_NO_CONTEXT,0.05,15,1,969,0.646
E0_NO_CONTEXT,0.05,15,2,413,0.2753333333333333
E0_NO_CONTEXT,0.05,15,3,103,0.06866666666666667
E0_NO_CONTEXT,0.05,15,4,15,0.01
E0_NO_CONTEXT,0.05,16,1,999,0.666
E0_NO_CONTEXT,0.05,16,2,383,0.25533333333333336
E0_NO_CONTEXT,0.05,16,3,109,0.07266666666666667
E0_NO_CONTEXT,0.05,16,4,9,0.006
E0_NO_CONTEXT,0.05,17,1,961,0.6406666666666667
E0_NO_CONTEXT,0.05,17,2,424,0.2826666666666667
E0_NO_CONTEXT,0.05,17,3,99,0.066
E0_NO_CONTEXT,0.05,17,4,16,0.010666666666666666
E0_NO_CONTEXT,0.05,18,1,991,0.6606666666666666
E0_NO_CONTEXT,0.05,18,2,378,0.252
E0_NO_CONTEXT,0.05,18,3,118,0.07866666666666666
E0_NO_CONTEXT,0.05,18,4,13,0.008666666666666666
E0_NO_CONTEXT,0.05,19,1,972,0.648
E0_NO_CONTEXT,0.05,19,2,406,0.27066666666666667
E0_NO_CONTEXT,0.05,19,3,109,0.07266666666666667
E0_NO_CONTEXT,0.05,19,4,13,0.008666666666666666
E0_NO_CONTEXT,0.05,20,1,997,0.6646666666666666
E0_NO_CONTEXT,0.05,20,2,380,0.25333333333333335
E0_NO_CONTEXT,0.05,20,3,106,0.07066666666666667
E0_NO_CONTEXT,0.05,20,4,17,0.011333333333333334
E0_NO_CONTEXT,0.05,21,1,986,0.6573333333333333
E0_NO_CONTEXT,0.05,21,2,405,0.27
E0_NO_CONTEXT,0.05,21,3,101,0.06733333333333333
E0_NO_CONTEXT,0.05,21,4,8,0.005333333333333333
E0_NO_CONTEXT,0.05,22,1,981,0.654
E0_NO_CONTEXT,0.05,22,2,410,0.2733333333333333
E0_NO_CONTEXT,0.05,22,3,98,0.06533333333333333
E0_NO_CONTEXT,0.05,22,4,11,0.007333333333333333
E0_NO_CONTEXT,0.05,23,1,964,0.6426666666666667
E0_NO_CONTEXT,0.05,23,2,413,0.2753333333333333
E0_NO_CONTEXT,0.05,23,3,115,0.07666666666666666
E0_NO_CONTEXT,0.05,23,4,8,0.005333333333333333
E0_NO_CONTEXT,0.05,24,1,987,0.658
E0_NO_CONTEXT,0.05,24,2,399,0.266
E0_NO_CONTEXT,0.05,24,3,101,0.06733333333333333
E0_NO_CONTEXT,0.05,24,4,13,0.008666666666666666
E0_NO_CONTEXT,0.05,25,1,1000,0.6666666666666666
E0_NO_CONTEXT,0.05,25,2,381,0.254
E0_NO_CONTEXT,0.05,25,3,105,0.07
E0_NO_CONTEXT,0.05,25,4,14,0.009333333333333334
E0_NO_CONTEXT,0.05,26,1,993,0.662
E0_NO_CONTEXT,0.05,26,2,388,0.25866666666666666
E0_NO_CONTEXT,0.05,26,3,102,0.068
E0_NO_CONTEXT,0.05,26,4,17,0.011333333333333334
E0_NO_CONTEXT,0.05,27,1,987,0.658
E0_NO_CONTEXT,0.05,27,2,394,0.26266666666666666
E0_NO_CONTEXT,0.05,27,3,98,0.06533333333333333
E0_NO_CONTEXT,0.05,27,4,21,0.014
E0_NO_CONTEXT,0.05,28,1,1025,0.6833333333333333
E0_NO_CONTEXT,0.05,28,2,355,0.23666666666666666
E0_NO_CONTEXT,0.05,28,3,110,0.07333333333333333
E0_NO_CONTEXT,0.05,28,4,10,0.006666666666666667
E0_NO_CONTEXT,0.05,29,1,940,0.6266666666666667
E0_NO_CONTEXT,0.05,29,2,429,0.286
E0_NO_CONTEXT,0.05,29,3,120,0.08
E0_NO_CONTEXT,0.05,29,4,11,0.007333333333333333
E0_NO_CONTEXT,0.05,30,1,985,0.6566666666666666
E0_NO_CONTEXT,0.05,30,2,396,0.264
E0_NO_CONTEXT,0.05,30,3,110,0.07333333333333333
E0_NO_CONTEXT,0.05,30,4,9,0.006
E0_NO_CONTEXT,0.05,31,1,996,0.664
E0_NO_CONTEXT,0.05,31,2,388,0.25866666666666666
E0_NO_CONTEXT,0.05,31,3,104,0.06933333333333333
E0_NO_CONTEXT,0.05,31,4,12,0.008
E0_NO_CONTEXT,0.05,32,1,996,0.664
E0_NO_CONTEXT,0.05,32,2,391,0.26066666666666666
E0_NO_CONTEXT,0.05,32,3,101,0.06733333333333333
E0_NO_CONTEXT,0.05,32,4,12,0.008
E0_NO_CONTEXT,0.05,33,1,997,0.6646666666666666
E0_NO_CONTEXT,0.05,33,2,395,0.2633333333333333
E0_NO_CONTEXT,0.05,33,3,89,0.059333333333333335
E0_NO_CONTEXT,0.05,33,4,19,0.012666666666666666
E0_NO_CONTEXT,0.05,34,1,946,0.6306666666666667
E0_NO_CONTEXT,0.05,34,2,422,0.2813333333333333
E0_NO_CONTEXT,0.05,34,3,116,0.07733333333333334
E0_NO_CONTEXT,0.05,34,4,16,0.010666666666666666
E0_NO_CONTEXT,0.05,35,1,975,0.65
E0_NO_CONTEXT,0.05,35,2,412,0.27466666666666667
E0_NO_CONTEXT,0.05,35,3,98,0.06533333333333333
E0_NO_CONTEXT,0.05,35,4,15,0.01
E0_NO_CONTEXT,0.05,36,1,962,0.6413333333333333
E0_NO_CONTEXT,0.05,36,2,409,0.27266666666666667
E0_NO_CONTEXT,0.05,36,3,115,0.07666666666666666
E0_NO_CONTEXT,0.05,36,4,14,0.009333333333333334
E0_NO_CONTEXT,0.05,37,1,963,0.642
E0_NO_CONTEXT,0.05,37,2,402,0.268
E0_NO_CONTEXT,0.05,37,3,123,0.082
E0_NO_CONTEXT,0.05,37,4,12,0.008
E0_NO_CONTEXT,0.05,38,1,983,0.6553333333333333
E0_NO_CONTEXT,0.05,38,2,389,0.25933333333333336
E0_NO_CONTEXT,0.05,38,3,114,0.076
E0_NO_CONTEXT,0.05,38,4,14,0.009333333333333334
E0_NO_CONTEXT,0.05,39,1,1012,0.6746666666666666
E0_NO_CONTEXT,0.05,39,2,372,0.248
E0_NO_CONTEXT,0.05,39,3,102,0.068
E0_NO_CONTEXT,0.05,39,4,14,0.009333333333333334
E0_NO_CONTEXT,0.05,40,1,979,0.6526666666666666
E0_NO_CONTEXT,0.05,40,2,416,0.2773333333333333
E0_NO_CONTEXT,0.05,40,3,92,0.06133333333333333
E0_NO_CONTEXT,0.05,40,4,13,0.008666666666666666
E0_NO_CONTEXT,0.05,41,1,969,0.646
E0_NO_CONTEXT,0.05,41,2,406,0.27066666666666667
E0_NO_CONTEXT,0.05,41,3,113,0.07533333333333334
E0_NO_CONTEXT,0.05,41,4,12,0.008
E0_NO_CONTEXT,0.05,42,1,928,0.6186666666666667
E0_NO_CONTEXT,0.05,42,2,434,0.28933333333333333
E0_NO_CONTEXT,0.05,42,3,124,0.08266666666666667
E0_NO_CONTEXT,0.05,42,4,14,0.009333333333333334
E0_NO_CONTEXT,0.05,43,1,990,0.66
E0_NO_CONTEXT,0.05,43,2,389,0.25933333333333336
E0_NO_CONTEXT,0.05,43,3,105,0.07
E0_NO_CONTEXT,0.05,43,4,16,0.010666666666666666
E0_NO_CONTEXT,0.05,44,1,970,0.6466666666666666
E0_NO_CONTEXT,0.05,44,2,409,0.27266666666666667
E0_NO_CONTEXT,0.05,44,3,101,0.06733333333333333
E0_NO_CONTEXT,0.05,44,4,20,0.013333333333333334
E0_NO_CONTEXT,0.05,45,1,988,0.6586666666666666
E0_NO_CONTEXT,0.05,45,2,401,0.2673333333333333
E0_NO_CONTEXT,0.05,45,3,98,0.06533333333333333
E0_NO_CONTEXT,0.05,45,4,13,0.008666666666666666
E0_NO_CONTEXT,0.05,46,1,984,0.656
E0_NO_CONTEXT,0.05,46,2,398,0.2653333333333333
E0_NO_CONTEXT,0.05,46,3,102,0.068
E0_NO_CONTEXT,0.05,46,4,16,0.010666666666666666
E0_NO_CONTEXT,0.05,47,1,957,0.638
E0_NO_CONTEXT,0.05,47,2,418,0.2786666666666667
E0_NO_CONTEXT,0.05,47,3,112,0.07466666666666667
E0_NO_CONTEXT,0.05,47,4,13,0.008666666666666666
E0_NO_CONTEXT,0.05,48,1,978,0.652
E0_NO_CONTEXT,0.05,48,2,398,0.2653333333333333
E0_NO_CONTEXT,0.05,48,3,111,0.074
E0_NO_CONTEXT,0.05,48,4,13,0.008666666666666666
E0_NO_CONTEXT,0.05,49,1,1000,0.6666666666666666
E0_NO_CONTEXT,0.05,49,2,394,0.26266666666666666
E0_NO_CONTEXT,0.05,49,3,96,0.064
E0_NO_CONTEXT,0.05,49,4,10,0.006666666666666667
E0_NO_CONTEXT,0.1,0,1,585,0.39
E0_NO_CONTEXT,0.1,0,2,525,0.35
E0_NO_CONTEXT,0.1,0,3,292,0.19466666666666665
E0_NO_CONTEXT,0.1,0,4,98,0.06533333333333333
E0_NO_CONTEXT,0.1,1,1,597,0.398
E0_NO_CONTEXT,0.1,1,2,507,0.338
E0_NO_CONTEXT,0.1,1,3,273,0.182
E0_NO_CONTEXT,0.1,1,4,123,0.082
E0_NO_CONTEXT,0.1,2,1,608,0.4053333333333333
E0_NO_CONTEXT,0.1,2,2,508,0.33866666666666667
E0_NO_CONTEXT,0.1,2,3,290,0.19333333333333333
E0_NO_CONTEXT,0.1,2,4,94,0.06266666666666666
E0_NO_CONTEXT,0.1,3,1,632,0.42133333333333334
E0_NO_CONTEXT,0.1,3,2,458,0.30533333333333335
E0_NO_CONTEXT,0.1,3,3,307,0.20466666666666666
E0_NO_CONTEXT,0.1,3,4,103,0.06866666666666667
E0_NO_CONTEXT,0.1,4,1,604,0.4026666666666667
E0_NO_CONTEXT,0.1,4,2,502,0.33466666666666667
E0_NO_CONTEXT,0.1,4,3,299,0.19933333333333333
E0_NO_CONTEXT,0.1,4,4,95,0.06333333333333334
E0_NO_CONTEXT,0.1,5,1,606,0.404
E0_NO_CONTEXT,0.1,5,2,486,0.324
E0_NO_CONTEXT,0.1,5,3,317,0.21133333333333335
E0_NO_CONTEXT,0.1,5,4,91,0.06066666666666667
E0_NO_CONTEXT,0.1,6,1,602,0.4013333333333333
E0_NO_CONTEXT,0.1,6,2,483,0.322
E0_NO_CONTEXT,0.1,6,3,292,0.19466666666666665
E0_NO_CONTEXT,0.1,6,4,123,0.082
E0_NO_CONTEXT,0.1,7,1,577,0.38466666666666666
E0_NO_CONTEXT,0.1,7,2,498,0.332
E0_NO_CONTEXT,0.1,7,3,308,0.20533333333333334
E0_NO_CONTEXT,0.1,7,4,117,0.078
E0_NO_CONTEXT,0.1,8,1,583,0.38866666666666666
E0_NO_CONTEXT,0.1,8,2,485,0.3233333333333333
E0_NO_CONTEXT,0.1,8,3,321,0.214
E0_NO_CONTEXT,0.1,8,4,111,0.074
E0_NO_CONTEXT,0.1,9,1,634,0.4226666666666667
E0_NO_CONTEXT,0.1,9,2,476,0.31733333333333336
E0_NO_CONTEXT,0.1,9,3,291,0.194
E0_NO_CONTEXT,0.1,9,4,99,0.066
E0_NO_CONTEXT,0.1,10,1,572,0.38133333333333336
E0_NO_CONTEXT,0.1,10,2,512,0.3413333333333333
E0_NO_CONTEXT,0.1,10,3,301,0.20066666666666666
E0_NO_CONTEXT,0.1,10,4,115,0.07666666666666666
E0_NO_CONTEXT,0.1,11,1,617,0.41133333333333333
E0_NO_CONTEXT,0.1,11,2,519,0.346
E0_NO_CONTEXT,0.1,11,3,252,0.168
E0_NO_CONTEXT,0.1,11,4,112,0.07466666666666667
E0_NO_CONTEXT,0.1,12,1,612,0.408
E0_NO_CONTEXT,0.1,12,2,508,0.33866666666666667
E0_NO_CONTEXT,0.1,12,3,269,0.17933333333333334
E0_NO_CONTEXT,0.1,12,4,111,0.074
E0_NO_CONTEXT,0.1,13,1,589,0.39266666666666666
E0_NO_CONTEXT,0.1,13,2,489,0.326
E0_NO_CONTEXT,0.1,13,3,311,0.20733333333333334
E0_NO_CONTEXT,0.1,13,4,111,0.074
E0_NO_CONTEXT,0.1,14,1,597,0.398
E0_NO_CONTEXT,0.1,14,2,481,0.32066666666666666
E0_NO_CONTEXT,0.1,14,3,315,0.21
E0_NO_CONTEXT,0.1,14,4,107,0.07133333333333333
E0_NO_CONTEXT,0.1,15,1,585,0.39
E0_NO_CONTEXT,0.1,15,2,487,0.32466666666666666
E0_NO_CONTEXT,0.1,15,3,327,0.218
E0_NO_CONTEXT,0.1,15,4,101,0.06733333333333333
E0_NO_CONTEXT,0.1,16,1,622,0.4146666666666667
E0_NO_CONTEXT,0.1,16,2,489,0.326
E0_NO_CONTEXT,0.1,16,3,276,0.184
E0_NO_CONTEXT,0.1,16,4,113,0.07533333333333334
E0_NO_CONTEXT,0.1,17,1,592,0.39466666666666667
E0_NO_CONTEXT,0.1,17,2,518,0.3453333333333333
E0_NO_CONTEXT,0.1,17,3,287,0.19133333333333333
E0_NO_CONTEXT,0.1,17,4,103,0.06866666666666667
E0_NO_CONTEXT,0.1,18,1,609,0.406
E0_NO_CONTEXT,0.1,18,2,488,0.3253333333333333
E0_NO_CONTEXT,0.1,18,3,298,0.19866666666666666
E0_NO_CONTEXT,0.1,18,4,105,0.07
E0_NO_CONTEXT,0.1,19,1,614,0.4093333333333333
E0_NO_CONTEXT,0.1,19,2,486,0.324
E0_NO_CONTEXT,0.1,19,3,301,0.20066666666666666
E0_NO_CONTEXT,0.1,19,4,99,0.066
E0_NO_CONTEXT,0.1,20,1,627,0.418
E0_NO_CONTEXT,0.1,20,2,482,0.32133333333333336
E0_NO_CONTEXT,0.1,20,3,270,0.18
E0_NO_CONTEXT,0.1,20,4,121,0.08066666666666666
E0_NO_CONTEXT,0.1,21,1,584,0.3893333333333333
E0_NO_CONTEXT,0.1,21,2,499,0.33266666666666667
E0_NO_CONTEXT,0.1,21,3,308,0.20533333333333334
E0_NO_CONTEXT,0.1,21,4,109,0.07266666666666667
E0_NO_CONTEXT,0.1,22,1,623,0.41533333333333333
E0_NO_CONTEXT,0.1,22,2,480,0.32
E0_NO_CONTEXT,0.1,22,3,304,0.20266666666666666
E0_NO_CONTEXT,0.1,22,4,93,0.062
E0_NO_CONTEXT,0.1,23,1,603,0.402
E0_NO_CONTEXT,0.1,23,2,491,0.3273333333333333
E0_NO_CONTEXT,0.1,23,3,310,0.20666666666666667
E0_NO_CONTEXT,0.1,23,4,96,0.064
E0_NO_CONTEXT,0.1,24,1,576,0.384
E0_NO_CONTEXT,0.1,24,2,522,0.348
E0_NO_CONTEXT,0.1,24,3,295,0.19666666666666666
E0_NO_CONTEXT,0.1,24,4,107,0.07133333333333333
E0_NO_CONTEXT,0.1,25,1,599,0.3993333333333333
E0_NO_CONTEXT,0.1,25,2,507,0.338
E0_NO_CONTEXT,0.1,25,3,295,0.19666666666666666
E0_NO_CONTEXT,0.1,25,4,99,0.066
E0_NO_CONTEXT,0.1,26,1,602,0.4013333333333333
E0_NO_CONTEXT,0.1,26,2,508,0.33866666666666667
E0_NO_CONTEXT,0.1,26,3,289,0.19266666666666668
E0_NO_CONTEXT,0.1,26,4,101,0.06733333333333333
E0_NO_CONTEXT,0.1,27,1,574,0.38266666666666665
E0_NO_CONTEXT,0.1,27,2,494,0.3293333333333333
E0_NO_CONTEXT,0.1,27,3,315,0.21
E0_NO_CONTEXT,0.1,27,4,117,0.078
E0_NO_CONTEXT,0.1,28,1,630,0.42
E0_NO_CONTEXT,0.1,28,2,492,0.328
E0_NO_CONTEXT,0.1,28,3,285,0.19
E0_NO_CONTEXT,0.1,28,4,93,0.062
E0_NO_CONTEXT,0.1,29,1,590,0.3933333333333333
E0_NO_CONTEXT,0.1,29,2,484,0.32266666666666666
E0_NO_CONTEXT,0.1,29,3,323,0.21533333333333332
E0_NO_CONTEXT,0.1,29,4,103,0.06866666666666667
E0_NO_CONTEXT,0.1,30,1,611,0.4073333333333333
E0_NO_CONTEXT,0.1,30,2,502,0.33466666666666667
E0_NO_CONTEXT,0.1,30,3,283,0.18866666666666668
E0_NO_CONTEXT,0.1,30,4,104,0.06933333333333333
E0_NO_CONTEXT,0.1,31,1,630,0.42
E0_NO_CONTEXT,0.1,31,2,477,0.318
E0_NO_CONTEXT,0.1,31,3,299,0.19933333333333333
E0_NO_CONTEXT,0.1,31,4,94,0.06266666666666666
E0_NO_CONTEXT,0.1,32,1,622,0.4146666666666667
E0_NO_CONTEXT,0.1,32,2,495,0.33
E0_NO_CONTEXT,0.1,32,3,283,0.18866666666666668
E0_NO_CONTEXT,0.1,32,4,100,0.06666666666666667
E0_NO_CONTEXT,0.1,33,1,600,0.4
E0_NO_CONTEXT,0.1,33,2,505,0.33666666666666667
E0_NO_CONTEXT,0.1,33,3,274,0.18266666666666667
E0_NO_CONTEXT,0.1,33,4,121,0.08066666666666666
E0_NO_CONTEXT,0.1,34,1,577,0.38466666666666666
E0_NO_CONTEXT,0.1,34,2,491,0.3273333333333333
E0_NO_CONTEXT,0.1,34,3,315,0.21
E0_NO_CONTEXT,0.1,34,4,117,0.078
E0_NO_CONTEXT,0.1,35,1,609,0.406
E0_NO_CONTEXT,0.1,35,2,496,0.33066666666666666
E0_NO_CONTEXT,0.1,35,3,305,0.20333333333333334
E0_NO_CONTEXT,0.1,35,4,90,0.06
E0_NO_CONTEXT,0.1,36,1,580,0.38666666666666666
E0_NO_CONTEXT,0.1,36,2,490,0.32666666666666666
E0_NO_CONTEXT,0.1,36,3,316,0.21066666666666667
E0_NO_CONTEXT,0.1,36,4,114,0.076
E0_NO_CONTEXT,0.1,37,1,603,0.402
E0_NO_CONTEXT,0.1,37,2,493,0.32866666666666666
E0_NO_CONTEXT,0.1,37,3,291,0.194
E0_NO_CONTEXT,0.1,37,4,113,0.07533333333333334
E0_NO_CONTEXT,0.1,38,1,605,0.4033333333333333
E0_NO_CONTEXT,0.1,38,2,483,0.322
E0_NO_CONTEXT,0.1,38,3,303,0.202
E0_NO_CONTEXT,0.1,38,4,109,0.07266666666666667
E0_NO_CONTEXT,0.1,39,1,647,0.43133333333333335
E0_NO_CONTEXT,0.1,39,2,480,0.32
E0_NO_CONTEXT,0.1,39,3,287,0.19133333333333333
E0_NO_CONTEXT,0.1,39,4,86,0.05733333333333333
E0_NO_CONTEXT,0.1,40,1,605,0.4033333333333333
E0_NO_CONTEXT,0.1,40,2,491,0.3273333333333333
E0_NO_CONTEXT,0.1,40,3,287,0.19133333333333333
E0_NO_CONTEXT,0.1,40,4,117,0.078
E0_NO_CONTEXT,0.1,41,1,588,0.392
E0_NO_CONTEXT,0.1,41,2,497,0.3313333333333333
E0_NO_CONTEXT,0.1,41,3,303,0.202
E0_NO_CONTEXT,0.1,41,4,112,0.07466666666666667
E0_NO_CONTEXT,0.1,42,1,559,0.37266666666666665
E0_NO_CONTEXT,0.1,42,2,462,0.308
E0_NO_CONTEXT,0.1,42,3,363,0.242
E0_NO_CONTEXT,0.1,42,4,116,0.07733333333333334
E0_NO_CONTEXT,0.1,43,1,626,0.41733333333333333
E0_NO_CONTEXT,0.1,43,2,497,0.3313333333333333
E0_NO_CONTEXT,0.1,43,3,275,0.18333333333333332
E0_NO_CONTEXT,0.1,43,4,102,0.068
E0_NO_CONTEXT,0.1,44,1,595,0.39666666666666667
E0_NO_CONTEXT,0.1,44,2,499,0.33266666666666667
E0_NO_CONTEXT,0.1,44,3,285,0.19
E0_NO_CONTEXT,0.1,44,4,121,0.08066666666666666
E0_NO_CONTEXT,0.1,45,1,606,0.404
E0_NO_CONTEXT,0.1,45,2,490,0.32666666666666666
E0_NO_CONTEXT,0.1,45,3,309,0.206
E0_NO_CONTEXT,0.1,45,4,95,0.06333333333333334
E0_NO_CONTEXT,0.1,46,1,586,0.39066666666666666
E0_NO_CONTEXT,0.1,46,2,509,0.3393333333333333
E0_NO_CONTEXT,0.1,46,3,297,0.198
E0_NO_CONTEXT,0.1,46,4,108,0.072
E0_NO_CONTEXT,0.1,47,1,564,0.376
E0_NO_CONTEXT,0.1,47,2,496,0.33066666666666666
E0_NO_CONTEXT,0.1,47,3,314,0.20933333333333334
E0_NO_CONTEXT,0.1,47,4,126,0.084
E0_NO_CONTEXT,0.1,48,1,584,0.3893333333333333
E0_NO_CONTEXT,0.1,48,2,503,0.3353333333333333
E0_NO_CONTEXT,0.1,48,3,311,0.20733333333333334
E0_NO_CONTEXT,0.1,48,4,102,0.068
E0_NO_CONTEXT,0.1,49,1,572,0.38133333333333336
E0_NO_CONTEXT,0.1,49,2,521,0.3473333333333333
E0_NO_CONTEXT,0.1,49,3,305,0.20333333333333334
E0_NO_CONTEXT,0.1,49,4,102,0.068
E0_NO_CONTEXT,0.15,0,1,329,0.21933333333333332
E0_NO_CONTEXT,0.15,0,2,434,0.28933333333333333
E0_NO_CONTEXT,0.15,0,3,446,0.29733333333333334
E0_NO_CONTEXT,0.15,0,4,291,0.194
E0_NO_CONTEXT,0.15,1,1,330,0.22
E0_NO_CONTEXT,0.15,1,2,429,0.286
E0_NO_CONTEXT,0.15,1,3,417,0.278
E0_NO_CONTEXT,0.15,1,4,324,0.216
E0_NO_CONTEXT,0.15,2,1,353,0.23533333333333334
E0_NO_CONTEXT,0.15,2,2,422,0.2813333333333333
E0_NO_CONTEXT,0.15,2,3,420,0.28
E0_NO_CONTEXT,0.15,2,4,305,0.20333333333333334
E0_NO_CONTEXT,0.15,3,1,352,0.23466666666666666
E0_NO_CONTEXT,0.15,3,2,415,0.27666666666666667
E0_NO_CONTEXT,0.15,3,3,442,0.2946666666666667
E0_NO_CONTEXT,0.15,3,4,291,0.194
E0_NO_CONTEXT,0.15,4,1,354,0.236
E0_NO_CONTEXT,0.15,4,2,408,0.272
E0_NO_CONTEXT,0.15,4,3,430,0.2866666666666667
E0_NO_CONTEXT,0.15,4,4,308,0.20533333333333334
E0_NO_CONTEXT,0.15,5,1,360,0.24
E0_NO_CONTEXT,0.15,5,2,392,0.2613333333333333
E0_NO_CONTEXT,0.15,5,3,429,0.286
E0_NO_CONTEXT,0.15,5,4,319,0.21266666666666667
E0_NO_CONTEXT,0.15,6,1,365,0.24333333333333335
E0_NO_CONTEXT,0.15,6,2,377,0.25133333333333335
E0_NO_CONTEXT,0.15,6,3,415,0.27666666666666667
E0_NO_CONTEXT,0.15,6,4,343,0.22866666666666666
E0_NO_CONTEXT,0.15,7,1,323,0.21533333333333332
E0_NO_CONTEXT,0.15,7,2,428,0.2853333333333333
E0_NO_CONTEXT,0.15,7,3,426,0.284
E0_NO_CONTEXT,0.15,7,4,323,0.21533333333333332
E0_NO_CONTEXT,0.15,8,1,343,0.22866666666666666
E0_NO_CONTEXT,0.15,8,2,425,0.2833333333333333
E0_NO_CONTEXT,0.15,8,3,423,0.282
E0_NO_CONTEXT,0.15,8,4,309,0.206
E0_NO_CONTEXT,0.15,9,1,375,0.25
E0_NO_CONTEXT,0.15,9,2,438,0.292
E0_NO_CONTEXT,0.15,9,3,373,0.24866666666666667
E0_NO_CONTEXT,0.15,9,4,314,0.20933333333333334
E0_NO_CONTEXT,0.15,10,1,320,0.21333333333333335
E0_NO_CONTEXT,0.15,10,2,440,0.29333333333333333
E0_NO_CONTEXT,0.15,10,3,409,0.27266666666666667
E0_NO_CONTEXT,0.15,10,4,331,0.22066666666666668
E0_NO_CONTEXT,0.15,11,1,344,0.22933333333333333
E0_NO_CONTEXT,0.15,11,2,434,0.28933333333333333
E0_NO_CONTEXT,0.15,11,3,416,0.2773333333333333
E0_NO_CONTEXT,0.15,11,4,306,0.204
E0_NO_CONTEXT,0.15,12,1,350,0.23333333333333334
E0_NO_CONTEXT,0.15,12,2,426,0.284
E0_NO_CONTEXT,0.15,12,3,410,0.2733333333333333
E0_NO_CONTEXT,0.15,12,4,314,0.20933333333333334
E0_NO_CONTEXT,0.15,13,1,316,0.21066666666666667
E0_NO_CONTEXT,0.15,13,2,429,0.286
E0_NO_CONTEXT,0.15,13,3,415,0.27666666666666667
E0_NO_CONTEXT,0.15,13,4,340,0.22666666666666666
E0_NO_CONTEXT,0.15,14,1,322,0.21466666666666667
E0_NO_CONTEXT,0.15,14,2,427,0.2846666666666667
E0_NO_CONTEXT,0.15,14,3,426,0.284
E0_NO_CONTEXT,0.15,14,4,325,0.21666666666666667
E0_NO_CONTEXT,0.15,15,1,333,0.222
E0_NO_CONTEXT,0.15,15,2,409,0.27266666666666667
E0_NO_CONTEXT,0.15,15,3,440,0.29333333333333333
E0_NO_CONTEXT,0.15,15,4,318,0.212
E0_NO_CONTEXT,0.15,16,1,363,0.242
E0_NO_CONTEXT,0.15,16,2,429,0.286
E0_NO_CONTEXT,0.15,16,3,387,0.258
E0_NO_CONTEXT,0.15,16,4,321,0.214
E0_NO_CONTEXT,0.15,17,1,351,0.234
E0_NO_CONTEXT,0.15,17,2,431,0.28733333333333333
E0_NO_CONTEXT,0.15,17,3,412,0.27466666666666667
E0_NO_CONTEXT,0.15,17,4,306,0.204
E0_NO_CONTEXT,0.15,18,1,343,0.22866666666666666
E0_NO_CONTEXT,0.15,18,2,437,0.29133333333333333
E0_NO_CONTEXT,0.15,18,3,410,0.2733333333333333
E0_NO_CONTEXT,0.15,18,4,310,0.20666666666666667
E0_NO_CONTEXT,0.15,19,1,328,0.21866666666666668
E0_NO_CONTEXT,0.15,19,2,428,0.2853333333333333
E0_NO_CONTEXT,0.15,19,3,429,0.286
E0_NO_CONTEXT,0.15,19,4,315,0.21
E0_NO_CONTEXT,0.15,20,1,344,0.22933333333333333
E0_NO_CONTEXT,0.15,20,2,411,0.274
E0_NO_CONTEXT,0.15,20,3,416,0.2773333333333333
E0_NO_CONTEXT,0.15,20,4,329,0.21933333333333332
E0_NO_CONTEXT,0.15,21,1,355,0.23666666666666666
E0_NO_CONTEXT,0.15,21,2,415,0.27666666666666667
E0_NO_CONTEXT,0.15,21,3,415,0.27666666666666667
E0_NO_CONTEXT,0.15,21,4,315,0.21
E0_NO_CONTEXT,0.15,22,1,355,0.23666666666666666
E0_NO_CONTEXT,0.15,22,2,432,0.288
E0_NO_CONTEXT,0.15,22,3,413,0.2753333333333333
E0_NO_CONTEXT,0.15,22,4,300,0.2
E0_NO_CONTEXT,0.15,23,1,330,0.22
E0_NO_CONTEXT,0.15,23,2,444,0.296
E0_NO_CONTEXT,0.15,23,3,433,0.2886666666666667
E0_NO_CONTEXT,0.15,23,4,293,0.19533333333333333
E0_NO_CONTEXT,0.15,24,1,347,0.23133333333333334
E0_NO_CONTEXT,0.15,24,2,363,0.242
E0_NO_CONTEXT,0.15,24,3,455,0.30333333333333334
E0_NO_CONTEXT,0.15,24,4,335,0.22333333333333333
E0_NO_CONTEXT,0.15,25,1,323,0.21533333333333332
E0_NO_CONTEXT,0.15,25,2,455,0.30333333333333334
E0_NO_CONTEXT,0.15,25,3,427,0.2846666666666667
E0_NO_CONTEXT,0.15,25,4,295,0.19666666666666666
E0_NO_CONTEXT,0.15,26,1,331,0.22066666666666668
E0_NO_CONTEXT,0.15,26,2,456,0.304
E0_NO_CONTEXT,0.15,26,3,405,0.27
E0_NO_CONTEXT,0.15,26,4,308,0.20533333333333334
E0_NO_CONTEXT,0.15,27,1,318,0.212
E0_NO_CONTEXT,0.15,27,2,421,0.2806666666666667
E0_NO_CONTEXT,0.15,27,3,420,0.28
E0_NO_CONTEXT,0.15,27,4,341,0.22733333333333333
E0_NO_CONTEXT,0.15,28,1,351,0.234
E0_NO_CONTEXT,0.15,28,2,437,0.29133333333333333
E0_NO_CONTEXT,0.15,28,3,436,0.2906666666666667
E0_NO_CONTEXT,0.15,28,4,276,0.184
E0_NO_CONTEXT,0.15,29,1,327,0.218
E0_NO_CONTEXT,0.15,29,2,436,0.2906666666666667
E0_NO_CONTEXT,0.15,29,3,414,0.276
E0_NO_CONTEXT,0.15,29,4,323,0.21533333333333332
E0_NO_CONTEXT,0.15,30,1,347,0.23133333333333334
E0_NO_CONTEXT,0.15,30,2,433,0.2886666666666667
E0_NO_CONTEXT,0.15,30,3,425,0.2833333333333333
E0_NO_CONTEXT,0.15,30,4,295,0.19666666666666666
E0_NO_CONTEXT,0.15,31,1,364,0.24266666666666667
E0_NO_CONTEXT,0.15,31,2,437,0.29133333333333333
E0_NO_CONTEXT,0.15,31,3,413,0.2753333333333333
E0_NO_CONTEXT,0.15,31,4,286,0.19066666666666668
E0_NO_CONTEXT,0.15,32,1,342,0.228
E0_NO_CONTEXT,0.15,32,2,436,0.2906666666666667
E0_NO_CONTEXT,0.15,32,3,414,0.276
E0_NO_CONTEXT,0.15,32,4,308,0.20533333333333334
E0_NO_CONTEXT,0.15,33,1,342,0.228
E0_NO_CONTEXT,0.15,33,2,423,0.282
E0_NO_CONTEXT,0.15,33,3,436,0.2906666666666667
E0_NO_CONTEXT,0.15,33,4,299,0.19933333333333333
E0_NO_CONTEXT,0.15,34,1,336,0.224
E0_NO_CONTEXT,0.15,34,2,395,0.2633333333333333
E0_NO_CONTEXT,0.15,34,3,419,0.2793333333333333
E0_NO_CONTEXT,0.15,34,4,350,0.23333333333333334
E0_NO_CONTEXT,0.15,35,1,352,0.23466666666666666
E0_NO_CONTEXT,0.15,35,2,428,0.2853333333333333
E0_NO_CONTEXT,0.15,35,3,417,0.278
E0_NO_CONTEXT,0.15,35,4,303,0.202
E0_NO_CONTEXT,0.15,36,1,348,0.232
E0_NO_CONTEXT,0.15,36,2,411,0.274
E0_NO_CONTEXT,0.15,36,3,403,0.26866666666666666
E0_NO_CONTEXT,0.15,36,4,338,0.22533333333333333
E0_NO_CONTEXT,0.15,37,1,340,0.22666666666666666
E0_NO_CONTEXT,0.15,37,2,425,0.2833333333333333
E0_NO_CONTEXT,0.15,37,3,421,0.2806666666666667
E0_NO_CONTEXT,0.15,37,4,314,0.20933333333333334
E0_NO_CONTEXT,0.15,38,1,357,0.238
E0_NO_CONTEXT,0.15,38,2,424,0.2826666666666667
E0_NO_CONTEXT,0.15,38,3,406,0.27066666666666667
E0_NO_CONTEXT,0.15,38,4,313,0.20866666666666667
E0_NO_CONTEXT,0.15,39,1,371,0.24733333333333332
E0_NO_CONTEXT,0.15,39,2,422,0.2813333333333333
E0_NO_CONTEXT,0.15,39,3,418,0.2786666666666667
E0_NO_CONTEXT,0.15,39,4,289,0.19266666666666668
E0_NO_CONTEXT,0.15,40,1,344,0.22933333333333333
E0_NO_CONTEXT,0.15,40,2,412,0.27466666666666667
E0_NO_CONTEXT,0.15,40,3,439,0.2926666666666667
E0_NO_CONTEXT,0.15,40,4,305,0.20333333333333334
E0_NO_CONTEXT,0.15,41,1,355,0.23666666666666666
E0_NO_CONTEXT,0.15,41,2,402,0.268
E0_NO_CONTEXT,0.15,41,3,421,0.2806666666666667
E0_NO_CONTEXT,0.15,41,4,322,0.21466666666666667
E0_NO_CONTEXT,0.15,42,1,320,0.21333333333333335
E0_NO_CONTEXT,0.15,42,2,400,0.26666666666666666
E0_NO_CONTEXT,0.15,42,3,427,0.2846666666666667
E0_NO_CONTEXT,0.15,42,4,353,0.23533333333333334
E0_NO_CONTEXT,0.15,43,1,349,0.23266666666666666
E0_NO_CONTEXT,0.15,43,2,393,0.262
E0_NO_CONTEXT,0.15,43,3,450,0.3
E0_NO_CONTEXT,0.15,43,4,308,0.20533333333333334
E0_NO_CONTEXT,0.15,44,1,338,0.22533333333333333
E0_NO_CONTEXT,0.15,44,2,448,0.2986666666666667
E0_NO_CONTEXT,0.15,44,3,388,0.25866666666666666
E0_NO_CONTEXT,0.15,44,4,326,0.21733333333333332
E0_NO_CONTEXT,0.15,45,1,372,0.248
E0_NO_CONTEXT,0.15,45,2,398,0.2653333333333333
E0_NO_CONTEXT,0.15,45,3,417,0.278
E0_NO_CONTEXT,0.15,45,4,313,0.20866666666666667
E0_NO_CONTEXT,0.15,46,1,336,0.224
E0_NO_CONTEXT,0.15,46,2,405,0.27
E0_NO_CONTEXT,0.15,46,3,453,0.302
E0_NO_CONTEXT,0.15,46,4,306,0.204
E0_NO_CONTEXT,0.15,47,1,330,0.22
E0_NO_CONTEXT,0.15,47,2,409,0.27266666666666667
E0_NO_CONTEXT,0.15,47,3,412,0.27466666666666667
E0_NO_CONTEXT,0.15,47,4,349,0.23266666666666666
E0_NO_CONTEXT,0.15,48,1,353,0.23533333333333334
E0_NO_CONTEXT,0.15,48,2,402,0.268
E0_NO_CONTEXT,0.15,48,3,435,0.29
E0_NO_CONTEXT,0.15,48,4,310,0.20666666666666667
E0_NO_CONTEXT,0.15,49,1,359,0.23933333333333334
E0_NO_CONTEXT,0.15,49,2,391,0.26066666666666666
E0_NO_CONTEXT,0.15,49,3,439,0.2926666666666667
E0_NO_CONTEXT,0.15,49,4,311,0.20733333333333334
E0_NO_CONTEXT,0.2,0,1,172,0.11466666666666667
E0_NO_CONTEXT,0.2,0,2,276,0.184
E0_NO_CONTEXT,0.2,0,3,446,0.29733333333333334
E0_NO_CONTEXT,0.2,0,4,606,0.404
E0_NO_CONTEXT,0.2,1,1,190,0.12666666666666668
E0_NO_CONTEXT,0.2,1,2,263,0.17533333333333334
E0_NO_CONTEXT,0.2,1,3,432,0.288
E0_NO_CONTEXT,0.2,1,4,615,0.41
E0_NO_CONTEXT,0.2,2,1,196,0.13066666666666665
E0_NO_CONTEXT,0.2,2,2,294,0.196
E0_NO_CONTEXT,0.2,2,3,404,0.2693333333333333
E0_NO_CONTEXT,0.2,2,4,606,0.404
E0_NO_CONTEXT,0.2,3,1,200,0.13333333333333333
E0_NO_CONTEXT,0.2,3,2,265,0.17666666666666667
E0_NO_CONTEXT,0.2,3,3,442,0.2946666666666667
E0_NO_CONTEXT,0.2,3,4,593,0.3953333333333333
E0_NO_CONTEXT,0.2,4,1,211,0.14066666666666666
E0_NO_CONTEXT,0.2,4,2,256,0.17066666666666666
E0_NO_CONTEXT,0.2,4,3,436,0.2906666666666667
E0_NO_CONTEXT,0.2,4,4,597,0.398
E0_NO_CONTEXT,0.2,5,1,186,0.124
E0_NO_CONTEXT,0.2,5,2,296,0.19733333333333333
E0_NO_CONTEXT,0.2,5,3,390,0.26
E0_NO_CONTEXT,0.2,5,4,628,0.4186666666666667
E0_NO_CONTEXT,0.2,6,1,186,0.124
E0_NO_CONTEXT,0.2,6,2,292,0.19466666666666665
E0_NO_CONTEXT,0.2,6,3,391,0.26066666666666666
E0_NO_CONTEXT,0.2,6,4,631,0.4206666666666667
E0_NO_CONTEXT,0.2,7,1,164,0.10933333333333334
E0_NO_CONTEXT,0.2,7,2,287,0.19133333333333333
E0_NO_CONTEXT,0.2,7,3,434,0.28933333333333333
E0_NO_CONTEXT,0.2,7,4,615,0.41
E0_NO_CONTEXT,0.2,8,1,166,0.11066666666666666
E0_NO_CONTEXT,0.2,8,2,301,0.20066666666666666
E0_NO_CONTEXT,0.2,8,3,449,0.29933333333333334
E0_NO_CONTEXT,0.2,8,4,584,0.3893333333333333
E0_NO_CONTEXT,0.2,9,1,208,0.13866666666666666
E0_NO_CONTEXT,0.2,9,2,301,0.20066666666666666
E0_NO_CONTEXT,0.2,9,3,407,0.2713333333333333
E0_NO_CONTEXT,0.2,9,4,584,0.3893333333333333
E0_NO_CONTEXT,0.2,10,1,185,0.12333333333333334
E0_NO_CONTEXT,0.2,10,2,287,0.19133333333333333
E0_NO_CONTEXT,0.2,10,3,413,0.2753333333333333
E0_NO_CONTEXT,0.2,10,4,615,0.41
E0_NO_CONTEXT,0.2,11,1,186,0.124
E0_NO_CONTEXT,0.2,11,2,284,0.18933333333333333
E0_NO_CONTEXT,0.2,11,3,432,0.288
E0_NO_CONTEXT,0.2,11,4,598,0.39866666666666667
E0_NO_CONTEXT,0.2,12,1,194,0.12933333333333333
E0_NO_CONTEXT,0.2,12,2,278,0.18533333333333332
E0_NO_CONTEXT,0.2,12,3,425,0.2833333333333333
E0_NO_CONTEXT,0.2,12,4,603,0.402
E0_NO_CONTEXT,0.2,13,1,176,0.11733333333333333
E0_NO_CONTEXT,0.2,13,2,284,0.18933333333333333
E0_NO_CONTEXT,0.2,13,3,409,0.27266666666666667
E0_NO_CONTEXT,0.2,13,4,631,0.4206666666666667
E0_NO_CONTEXT,0.2,14,1,156,0.104
E0_NO_CONTEXT,0.2,14,2,301,0.20066666666666666
E0_NO_CONTEXT,0.2,14,3,412,0.27466666666666667
E0_NO_CONTEXT,0.2,14,4,631,0.4206666666666667
E0_NO_CONTEXT,0.2,15,1,172,0.11466666666666667
E0_NO_CONTEXT,0.2,15,2,284,0.18933333333333333
E0_NO_CONTEXT,0.2,15,3,381,0.254
E0_NO_CONTEXT,0.2,15,4,663,0.442
E0_NO_CONTEXT,0.2,16,1,196,0.13066666666666665
E0_NO_CONTEXT,0.2,16,2,295,0.19666666666666666
E0_NO_CONTEXT,0.2,16,3,412,0.27466666666666667
E0_NO_CONTEXT,0.2,16,4,597,0.398
E0_NO_CONTEXT,0.2,17,1,189,0.126
E0_NO_CONTEXT,0.2,17,2,293,0.19533333333333333
E0_NO_CONTEXT,0.2,17,3,420,0.28
E0_NO_CONTEXT,0.2,17,4,598,0.39866666666666667
E0_NO_CONTEXT,0.2,18,1,187,0.12466666666666666
E0_NO_CONTEXT,0.2,18,2,280,0.18666666666666668
E0_NO_CONTEXT,0.2,18,3,442,0.2946666666666667
E0_NO_CONTEXT,0.2,18,4,591,0.394
E0_NO_CONTEXT,0.2,19,1,155,0.10333333333333333
E0_NO_CONTEXT,0.2,19,2,302,0.20133333333333334
E0_NO_CONTEXT,0.2,19,3,444,0.296
E0_NO_CONTEXT,0.2,19,4,599,0.3993333333333333
E0_NO_CONTEXT,0.2,20,1,196,0.13066666666666665
E0_NO_CONTEXT,0.2,20,2,260,0.17333333333333334
E0_NO_CONTEXT,0.2,20,3,418,0.2786666666666667
E0_NO_CONTEXT,0.2,20,4,626,0.41733333333333333
E0_NO_CONTEXT,0.2,21,1,185,0.12333333333333334
E0_NO_CONTEXT,0.2,21,2,304,0.20266666666666666
E0_NO_CONTEXT,0.2,21,3,394,0.26266666666666666
E0_NO_CONTEXT,0.2,21,4,617,0.41133333333333333
E0_NO_CONTEXT,0.2,22,1,184,0.12266666666666666
E0_NO_CONTEXT,0.2,22,2,309,0.206
E0_NO_CONTEXT,0.2,22,3,412,0.27466666666666667
E0_NO_CONTEXT,0.2,22,4,595,0.39666666666666667
E0_NO_CONTEXT,0.2,23,1,183,0.122
E0_NO_CONTEXT,0.2,23,2,284,0.18933333333333333
E0_NO_CONTEXT,0.2,23,3,400,0.26666666666666666
E0_NO_CONTEXT,0.2,23,4,633,0.422
E0_NO_CONTEXT,0.2,24,1,181,0.12066666666666667
E0_NO_CONTEXT,0.2,24,2,272,0.18133333333333335
E0_NO_CONTEXT,0.2,24,3,400,0.26666666666666666
E0_NO_CONTEXT,0.2,24,4,647,0.43133333333333335
E0_NO_CONTEXT,0.2,25,1,169,0.11266666666666666
E0_NO_CONTEXT,0.2,25,2,305,0.20333333333333334
E0_NO_CONTEXT,0.2,25,3,422,0.2813333333333333
E0_NO_CONTEXT,0.2,25,4,604,0.4026666666666667
E0_NO_CONTEXT,0.2,26,1,177,0.118
E0_NO_CONTEXT,0.2,26,2,287,0.19133333333333333
E0_NO_CONTEXT,0.2,26,3,452,0.30133333333333334
E0_NO_CONTEXT,0.2,26,4,584,0.3893333333333333
E0_NO_CONTEXT,0.2,27,1,168,0.112
E0_NO_CONTEXT,0.2,27,2,277,0.18466666666666667
E0_NO_CONTEXT,0.2,27,3,380,0.25333333333333335
E0_NO_CONTEXT,0.2,27,4,675,0.45
E0_NO_CONTEXT,0.2,28,1,179,0.11933333333333333
E0_NO_CONTEXT,0.2,28,2,308,0.20533333333333334
E0_NO_CONTEXT,0.2,28,3,430,0.2866666666666667
E0_NO_CONTEXT,0.2,28,4,583,0.38866666666666666
E0_NO_CONTEXT,0.2,29,1,169,0.11266666666666666
E0_NO_CONTEXT,0.2,29,2,298,0.19866666666666666
E0_NO_CONTEXT,0.2,29,3,439,0.2926666666666667
E0_NO_CONTEXT,0.2,29,4,594,0.396
E0_NO_CONTEXT,0.2,30,1,187,0.12466666666666666
E0_NO_CONTEXT,0.2,30,2,331,0.22066666666666668
E0_NO_CONTEXT,0.2,30,3,387,0.258
E0_NO_CONTEXT,0.2,30,4,595,0.39666666666666667
E0_NO_CONTEXT,0.2,31,1,203,0.13533333333333333
E0_NO_CONTEXT,0.2,31,2,290,0.19333333333333333
E0_NO_CONTEXT,0.2,31,3,417,0.278
E0_NO_CONTEXT,0.2,31,4,590,0.3933333333333333
E0_NO_CONTEXT,0.2,32,1,204,0.136
E0_NO_CONTEXT,0.2,32,2,279,0.186
E0_NO_CONTEXT,0.2,32,3,406,0.27066666666666667
E0_NO_CONTEXT,0.2,32,4,611,0.4073333333333333
E0_NO_CONTEXT,0.2,33,1,179,0.11933333333333333
E0_NO_CONTEXT,0.2,33,2,297,0.198
E0_NO_CONTEXT,0.2,33,3,414,0.276
E0_NO_CONTEXT,0.2,33,4,610,0.4066666666666667
E0_NO_CONTEXT,0.2,34,1,180,0.12
E0_NO_CONTEXT,0.2,34,2,257,0.17133333333333334
E0_NO_CONTEXT,0.2,34,3,434,0.28933333333333333
E0_NO_CONTEXT,0.2,34,4,629,0.41933333333333334
E0_NO_CONTEXT,0.2,35,1,187,0.12466666666666666
E0_NO_CONTEXT,0.2,35,2,287,0.19133333333333333
E0_NO_CONTEXT,0.2,35,3,406,0.27066666666666667
E0_NO_CONTEXT,0.2,35,4,620,0.41333333333333333
E0_NO_CONTEXT,0.2,36,1,192,0.128
E0_NO_CONTEXT,0.2,36,2,288,0.192
E0_NO_CONTEXT,0.2,36,3,400,0.26666666666666666
E0_NO_CONTEXT,0.2,36,4,620,0.41333333333333333
E0_NO_CONTEXT,0.2,37,1,196,0.13066666666666665
E0_NO_CONTEXT,0.2,37,2,286,0.19066666666666668
E0_NO_CONTEXT,0.2,37,3,415,0.27666666666666667
E0_NO_CONTEXT,0.2,37,4,603,0.402
E0_NO_CONTEXT,0.2,38,1,192,0.128
E0_NO_CONTEXT,0.2,38,2,273,0.182
E0_NO_CONTEXT,0.2,38,3,410,0.2733333333333333
E0_NO_CONTEXT,0.2,38,4,625,0.4166666666666667
E0_NO_CONTEXT,0.2,39,1,192,0.128
E0_NO_CONTEXT,0.2,39,2,316,0.21066666666666667
E0_NO_CONTEXT,0.2,39,3,415,0.27666666666666667
E0_NO_CONTEXT,0.2,39,4,577,0.38466666666666666
E0_NO_CONTEXT,0.2,40,1,197,0.13133333333333333
E0_NO_CONTEXT,0.2,40,2,277,0.18466666666666667
E0_NO_CONTEXT,0.2,40,3,405,0.27
E0_NO_CONTEXT,0.2,40,4,621,0.414
E0_NO_CONTEXT,0.2,41,1,192,0.128
E0_NO_CONTEXT,0.2,41,2,287,0.19133333333333333
E0_NO_CONTEXT,0.2,41,3,396,0.264
E0_NO_CONTEXT,0.2,41,4,625,0.4166666666666667
E0_NO_CONTEXT,0.2,42,1,170,0.11333333333333333
E0_NO_CONTEXT,0.2,42,2,282,0.188
E0_NO_CONTEXT,0.2,42,3,390,0.26
E0_NO_CONTEXT,0.2,42,4,658,0.43866666666666665
E0_NO_CONTEXT,0.2,43,1,180,0.12
E0_NO_CONTEXT,0.2,43,2,297,0.198
E0_NO_CONTEXT,0.2,43,3,420,0.28
E0_NO_CONTEXT,0.2,43,4,603,0.402
E0_NO_CONTEXT,0.2,44,1,193,0.12866666666666668
E0_NO_CONTEXT,0.2,44,2,309,0.206
E0_NO_CONTEXT,0.2,44,3,413,0.2753333333333333
E0_NO_CONTEXT,0.2,44,4,585,0.39
E0_NO_CONTEXT,0.2,45,1,206,0.13733333333333334
E0_NO_CONTEXT,0.2,45,2,283,0.18866666666666668
E0_NO_CONTEXT,0.2,45,3,423,0.282
E0_NO_CONTEXT,0.2,45,4,588,0.392
E0_NO_CONTEXT,0.2,46,1,182,0.12133333333333333
E0_NO_CONTEXT,0.2,46,2,293,0.19533333333333333
E0_NO_CONTEXT,0.2,46,3,416,0.2773333333333333
E0_NO_CONTEXT,0.2,46,4,609,0.406
E0_NO_CONTEXT,0.2,47,1,169,0.11266666666666666
E0_NO_CONTEXT,0.2,47,2,273,0.182
E0_NO_CONTEXT,0.2,47,3,405,0.27
E0_NO_CONTEXT,0.2,47,4,653,0.43533333333333335
E0_NO_CONTEXT,0.2,48,1,185,0.12333333333333334
E0_NO_CONTEXT,0.2,48,2,278,0.18533333333333332
E0_NO_CONTEXT,0.2,48,3,418,0.2786666666666667
E0_NO_CONTEXT,0.2,48,4,619,0.4126666666666667
E0_NO_CONTEXT,0.2,49,1,172,0.11466666666666667
E0_NO_CONTEXT,0.2,49,2,287,0.19133333333333333
E0_NO_CONTEXT,0.2,49,3,420,0.28
E0_NO_CONTEXT,0.2,49,4,621,0.414
E0_NO_CONTEXT,0.3,0,1,40,0.02666666666666667
E0_NO_CONTEXT,0.3,0,2,86,0.05733333333333333
E0_NO_CONTEXT,0.3,0,3,177,0.118
E0_NO_CONTEXT,0.3,0,4,1197,0.798
E0_NO_CONTEXT,0.3,1,1,43,0.028666666666666667
E0_NO_CONTEXT,0.3,1,2,96,0.064
E0_NO_CONTEXT,0.3,1,3,192,0.128
E0_NO_CONTEXT,0.3,1,4,1169,0.7793333333333333
E0_NO_CONTEXT,0.3,2,1,45,0.03
E0_NO_CONTEXT,0.3,2,2,86,0.05733333333333333
E0_NO_CONTEXT,0.3,2,3,198,0.132
E0_NO_CONTEXT,0.3,2,4,1171,0.7806666666666666
E0_NO_CONTEXT,0.3,3,1,47,0.03133333333333333
E0_NO_CONTEXT,0.3,3,2,92,0.06133333333333333
E0_NO_CONTEXT,0.3,3,3,193,0.12866666666666668
E0_NO_CONTEXT,0.3,3,4,1168,0.7786666666666666
E0_NO_CONTEXT,0.3,4,1,49,0.03266666666666666
E0_NO_CONTEXT,0.3,4,2,101,0.06733333333333333
E0_NO_CONTEXT,0.3,4,3,196,0.13066666666666665
E0_NO_CONTEXT,0.3,4,4,1154,0.7693333333333333
E0_NO_CONTEXT,0.3,5,1,37,0.024666666666666667
E0_NO_CONTEXT,0.3,5,2,111,0.074
E0_NO_CONTEXT,0.3,5,3,185,0.12333333333333334
E0_NO_CONTEXT,0.3,5,4,1167,0.778
E0_NO_CONTEXT,0.3,6,1,40,0.02666666666666667
E0_NO_CONTEXT,0.3,6,2,94,0.06266666666666666
E0_NO_CONTEXT,0.3,6,3,205,0.13666666666666666
E0_NO_CONTEXT,0.3,6,4,1161,0.774
E0_NO_CONTEXT,0.3,7,1,43,0.028666666666666667
E0_NO_CONTEXT,0.3,7,2,69,0.046
E0_NO_CONTEXT,0.3,7,3,185,0.12333333333333334
E0_NO_CONTEXT,0.3,7,4,1203,0.802
E0_NO_CONTEXT,0.3,8,1,32,0.021333333333333333
E0_NO_CONTEXT,0.3,8,2,85,0.056666666666666664
E0_NO_CONTEXT,0.3,8,3,188,0.12533333333333332
E0_NO_CONTEXT,0.3,8,4,1195,0.7966666666666666
E0_NO_CONTEXT,0.3,9,1,40,0.02666666666666667
E0_NO_CONTEXT,0.3,9,2,84,0.056
E0_NO_CONTEXT,0.3,9,3,215,0.14333333333333334
E0_NO_CONTEXT,0.3,9,4,1161,0.774
E0_NO_CONTEXT,0.3,10,1,40,0.02666666666666667
E0_NO_CONTEXT,0.3,10,2,79,0.05266666666666667
E0_NO_CONTEXT,0.3,10,3,186,0.124
E0_NO_CONTEXT,0.3,10,4,1195,0.7966666666666666
E0_NO_CONTEXT,0.3,11,1,40,0.02666666666666667
E0_NO_CONTEXT,0.3,11,2,90,0.06
E0_NO_CONTEXT,0.3,11,3,215,0.14333333333333334
E0_NO_CONTEXT,0.3,11,4,1155,0.77
E0_NO_CONTEXT,0.3,12,1,44,0.029333333333333333
E0_NO_CONTEXT,0.3,12,2,82,0.05466666666666667
E0_NO_CONTEXT,0.3,12,3,197,0.13133333333333333
E0_NO_CONTEXT,0.3,12,4,1177,0.7846666666666666
E0_NO_CONTEXT,0.3,13,1,41,0.027333333333333334
E0_NO_CONTEXT,0.3,13,2,91,0.06066666666666667
E0_NO_CONTEXT,0.3,13,3,187,0.12466666666666666
E0_NO_CONTEXT,0.3,13,4,1181,0.7873333333333333
E0_NO_CONTEXT,0.3,14,1,39,0.026
E0_NO_CONTEXT,0.3,14,2,78,0.052
E0_NO_CONTEXT,0.3,14,3,191,0.12733333333333333
E0_NO_CONTEXT,0.3,14,4,1192,0.7946666666666666
E0_NO_CONTEXT,0.3,15,1,30,0.02
E0_NO_CONTEXT,0.3,15,2,76,0.050666666666666665
E0_NO_CONTEXT,0.3,15,3,173,0.11533333333333333
E0_NO_CONTEXT,0.3,15,4,1221,0.814
E0_NO_CONTEXT,0.3,16,1,44,0.029333333333333333
E0_NO_CONTEXT,0.3,16,2,94,0.06266666666666666
E0_NO_CONTEXT,0.3,16,3,188,0.12533333333333332
E0_NO_CONTEXT,0.3,16,4,1174,0.7826666666666666
E0_NO_CONTEXT,0.3,17,1,55,0.03666666666666667
E0_NO_CONTEXT,0.3,17,2,83,0.05533333333333333
E0_NO_CONTEXT,0.3,17,3,166,0.11066666666666666
E0_NO_CONTEXT,0.3,17,4,1196,0.7973333333333333
E0_NO_CONTEXT,0.3,18,1,50,0.03333333333333333
E0_NO_CONTEXT,0.3,18,2,85,0.056666666666666664
E0_NO_CONTEXT,0.3,18,3,171,0.114
E0_NO_CONTEXT,0.3,18,4,1194,0.796
E0_NO_CONTEXT,0.3,19,1,41,0.027333333333333334
E0_NO_CONTEXT,0.3,19,2,74,0.04933333333333333
E0_NO_CONTEXT,0.3,19,3,174,0.116
E0_NO_CONTEXT,0.3,19,4,1211,0.8073333333333333
E0_NO_CONTEXT,0.3,20,1,47,0.03133333333333333
E0_NO_CONTEXT,0.3,20,2,87,0.058
E0_NO_CONTEXT,0.3,20,3,177,0.118
E0_NO_CONTEXT,0.3,20,4,1189,0.7926666666666666
E0_NO_CONTEXT,0.3,21,1,42,0.028
E0_NO_CONTEXT,0.3,21,2,81,0.054
E0_NO_CONTEXT,0.3,21,3,195,0.13
E0_NO_CONTEXT,0.3,21,4,1182,0.788
E0_NO_CONTEXT,0.3,22,1,36,0.024
E0_NO_CONTEXT,0.3,22,2,95,0.06333333333333334
E0_NO_CONTEXT,0.3,22,3,204,0.136
E0_NO_CONTEXT,0.3,22,4,1165,0.7766666666666666
E0_NO_CONTEXT,0.3,23,1,48,0.032
E0_NO_CONTEXT,0.3,23,2,79,0.05266666666666667
E0_NO_CONTEXT,0.3,23,3,196,0.13066666666666665
E0_NO_CONTEXT,0.3,23,4,1177,0.7846666666666666
E0_NO_CONTEXT,0.3,24,1,42,0.028
E0_NO_CONTEXT,0.3,24,2,92,0.06133333333333333
E0_NO_CONTEXT,0.3,24,3,206,0.13733333333333334
E0_NO_CONTEXT,0.3,24,4,1160,0.7733333333333333
E0_NO_CONTEXT,0.3,25,1,37,0.024666666666666667
E0_NO_CONTEXT,0.3,25,2,88,0.058666666666666666
E0_NO_CONTEXT,0.3,25,3,201,0.134
E0_NO_CONTEXT,0.3,25,4,1174,0.7826666666666666
E0_NO_CONTEXT,0.3,26,1,33,0.022
E0_NO_CONTEXT,0.3,26,2,79,0.05266666666666667
E0_NO_CONTEXT,0.3,26,3,208,0.13866666666666666
E0_NO_CONTEXT,0.3,26,4,1180,0.7866666666666666
E0_NO_CONTEXT,0.3,27,1,34,0.02266666666666667
E0_NO_CONTEXT,0.3,27,2,83,0.05533333333333333
E0_NO_CONTEXT,0.3,27,3,193,0.12866666666666668
E0_NO_CONTEXT,0.3,27,4,1190,0.7933333333333333
E0_NO_CONTEXT,0.3,28,1,43,0.028666666666666667
E0_NO_CONTEXT,0.3,28,2,93,0.062
E0_NO_CONTEXT,0.3,28,3,190,0.12666666666666668
E0_NO_CONTEXT,0.3,28,4,1174,0.7826666666666666
E0_NO_CONTEXT,0.3,29,1,38,0.025333333333333333
E0_NO_CONTEXT,0.3,29,2,81,0.054
E0_NO_CONTEXT,0.3,29,3,187,0.12466666666666666
E0_NO_CONTEXT,0.3,29,4,1194,0.796
E0_NO_CONTEXT,0.3,30,1,49,0.03266666666666666
E0_NO_CONTEXT,0.3,30,2,73,0.048666666666666664
E0_NO_CONTEXT,0.3,30,3,192,0.128
E0_NO_CONTEXT,0.3,30,4,1186,0.7906666666666666
E0_NO_CONTEXT,0.3,31,1,50,0.03333333333333333
E0_NO_CONTEXT,0.3,31,2,92,0.06133333333333333
E0_NO_CONTEXT,0.3,31,3,195,0.13
E0_NO_CONTEXT,0.3,31,4,1163,0.7753333333333333
E0_NO_CONTEXT,0.3,32,1,42,0.028
E0_NO_CONTEXT,0.3,32,2,84,0.056
E0_NO_CONTEXT,0.3,32,3,188,0.12533333333333332
E0_NO_CONTEXT,0.3,32,4,1186,0.7906666666666666
E0_NO_CONTEXT,0.3,33,1,35,0.023333333333333334
E0_NO_CONTEXT,0.3,33,2,89,0.059333333333333335
E0_NO_CONTEXT,0.3,33,3,182,0.12133333333333333
E0_NO_CONTEXT,0.3,33,4,1194,0.796
E0_NO_CONTEXT,0.3,34,1,36,0.024
E0_NO_CONTEXT,0.3,34,2,94,0.06266666666666666
E0_NO_CONTEXT,0.3,34,3,178,0.11866666666666667
E0_NO_CONTEXT,0.3,34,4,1192,0.7946666666666666
E0_NO_CONTEXT,0.3,35,1,37,0.024666666666666667
E0_NO_CONTEXT,0.3,35,2,92,0.06133333333333333
E0_NO_CONTEXT,0.3,35,3,192,0.128
E0_NO_CONTEXT,0.3,35,4,1179,0.786
E0_NO_CONTEXT,0.3,36,1,52,0.034666666666666665
E0_NO_CONTEXT,0.3,36,2,82,0.05466666666666667
E0_NO_CONTEXT,0.3,36,3,172,0.11466666666666667
E0_NO_CONTEXT,0.3,36,4,1194,0.796
E0_NO_CONTEXT,0.3,37,1,44,0.029333333333333333
E0_NO_CONTEXT,0.3,37,2,83,0.05533333333333333
E0_NO_CONTEXT,0.3,37,3,196,0.13066666666666665
E0_NO_CONTEXT,0.3,37,4,1177,0.7846666666666666
E0_NO_CONTEXT,0.3,38,1,48,0.032
E0_NO_CONTEXT,0.3,38,2,79,0.05266666666666667
E0_NO_CONTEXT,0.3,38,3,191,0.12733333333333333
E0_NO_CONTEXT,0.3,38,4,1182,0.788
E0_NO_CONTEXT,0.3,39,1,51,0.034
E0_NO_CONTEXT,0.3,39,2,92,0.06133333333333333
E0_NO_CONTEXT,0.3,39,3,206,0.13733333333333334
E0_NO_CONTEXT,0.3,39,4,1151,0.7673333333333333
E0_NO_CONTEXT,0.3,40,1,45,0.03
E0_NO_CONTEXT,0.3,40,2,83,0.05533333333333333
E0_NO_CONTEXT,0.3,40,3,181,0.12066666666666667
E0_NO_CONTEXT,0.3,40,4,1191,0.794
E0_NO_CONTEXT,0.3,41,1,46,0.030666666666666665
E0_NO_CONTEXT,0.3,41,2,85,0.056666666666666664
E0_NO_CONTEXT,0.3,41,3,191,0.12733333333333333
E0_NO_CONTEXT,0.3,41,4,1178,0.7853333333333333
E0_NO_CONTEXT,0.3,42,1,35,0.023333333333333334
E0_NO_CONTEXT,0.3,42,2,79,0.05266666666666667
E0_NO_CONTEXT,0.3,42,3,177,0.118
E0_NO_CONTEXT,0.3,42,4,1209,0.806
E0_NO_CONTEXT,0.3,43,1,34,0.02266666666666667
E0_NO_CONTEXT,0.3,43,2,83,0.05533333333333333
E0_NO_CONTEXT,0.3,43,3,196,0.13066666666666665
E0_NO_CONTEXT,0.3,43,4,1187,0.7913333333333333
E0_NO_CONTEXT,0.3,44,1,49,0.03266666666666666
E0_NO_CONTEXT,0.3,44,2,102,0.068
E0_NO_CONTEXT,0.3,44,3,186,0.124
E0_NO_CONTEXT,0.3,44,4,1163,0.7753333333333333
E0_NO_CONTEXT,0.3,45,1,45,0.03
E0_NO_CONTEXT,0.3,45,2,106,0.07066666666666667
E0_NO_CONTEXT,0.3,45,3,196,0.13066666666666665
E0_NO_CONTEXT,0.3,45,4,1153,0.7686666666666667
E0_NO_CONTEXT,0.3,46,1,42,0.028
E0_NO_CONTEXT,0.3,46,2,64,0.042666666666666665
E0_NO_CONTEXT,0.3,46,3,203,0.13533333333333333
E0_NO_CONTEXT,0.3,46,4,1191,0.794
E0_NO_CONTEXT,0.3,47,1,43,0.028666666666666667
E0_NO_CONTEXT,0.3,47,2,74,0.04933333333333333
E0_NO_CONTEXT,0.3,47,3,184,0.12266666666666666
E0_NO_CONTEXT,0.3,47,4,1199,0.7993333333333333
E0_NO_CONTEXT,0.3,48,1,41,0.027333333333333334
E0_NO_CONTEXT,0.3,48,2,82,0.05466666666666667
E0_NO_CONTEXT,0.3,48,3,201,0.134
E0_NO_CONTEXT,0.3,48,4,1176,0.784
E0_NO_CONTEXT,0.3,49,1,40,0.02666666666666667
E0_NO_CONTEXT,0.3,49,2,87,0.058
E0_NO_CONTEXT,0.3,49,3,190,0.12666666666666668
E0_NO_CONTEXT,0.3,49,4,1183,0.7886666666666666
E3_QUALITY,0.0,0,1,1500,1.0
E3_QUALITY,0.0,0,2,0,0.0
E3_QUALITY,0.0,0,3,0,0.0
E3_QUALITY,0.0,0,4,0,0.0
E3_QUALITY,0.0,1,1,1500,1.0
E3_QUALITY,0.0,1,2,0,0.0
E3_QUALITY,0.0,1,3,0,0.0
E3_QUALITY,0.0,1,4,0,0.0
E3_QUALITY,0.0,2,1,1500,1.0
E3_QUALITY,0.0,2,2,0,0.0
E3_QUALITY,0.0,2,3,0,0.0
E3_QUALITY,0.0,2,4,0,0.0
E3_QUALITY,0.0,3,1,1500,1.0
E3_QUALITY,0.0,3,2,0,0.0
E3_QUALITY,0.0,3,3,0,0.0
E3_QUALITY,0.0,3,4,0,0.0
E3_QUALITY,0.0,4,1,1500,1.0
E3_QUALITY,0.0,4,2,0,0.0
E3_QUALITY,0.0,4,3,0,0.0
E3_QUALITY,0.0,4,4,0,0.0
E3_QUALITY,0.0,5,1,1500,1.0
E3_QUALITY,0.0,5,2,0,0.0
E3_QUALITY,0.0,5,3,0,0.0
E3_QUALITY,0.0,5,4,0,0.0
E3_QUALITY,0.0,6,1,1500,1.0
E3_QUALITY,0.0,6,2,0,0.0
E3_QUALITY,0.0,6,3,0,0.0
E3_QUALITY,0.0,6,4,0,0.0
E3_QUALITY,0.0,7,1,1500,1.0
E3_QUALITY,0.0,7,2,0,0.0
E3_QUALITY,0.0,7,3,0,0.0
E3_QUALITY,0.0,7,4,0,0.0
E3_QUALITY,0.0,8,1,1500,1.0
E3_QUALITY,0.0,8,2,0,0.0
E3_QUALITY,0.0,8,3,0,0.0
E3_QUALITY,0.0,8,4,0,0.0
E3_QUALITY,0.0,9,1,1500,1.0
E3_QUALITY,0.0,9,2,0,0.0
E3_QUALITY,0.0,9,3,0,0.0
E3_QUALITY,0.0,9,4,0,0.0
E3_QUALITY,0.0,10,1,1500,1.0
E3_QUALITY,0.0,10,2,0,0.0
E3_QUALITY,0.0,10,3,0,0.0
E3_QUALITY,0.0,10,4,0,0.0
E3_QUALITY,0.0,11,1,1500,1.0
E3_QUALITY,0.0,11,2,0,0.0
E3_QUALITY,0.0,11,3,0,0.0
E3_QUALITY,0.0,11,4,0,0.0
E3_QUALITY,0.0,12,1,1500,1.0
E3_QUALITY,0.0,12,2,0,0.0
E3_QUALITY,0.0,12,3,0,0.0
E3_QUALITY,0.0,12,4,0,0.0
E3_QUALITY,0.0,13,1,1500,1.0
E3_QUALITY,0.0,13,2,0,0.0
E3_QUALITY,0.0,13,3,0,0.0
E3_QUALITY,0.0,13,4,0,0.0
E3_QUALITY,0.0,14,1,1500,1.0
E3_QUALITY,0.0,14,2,0,0.0
E3_QUALITY,0.0,14,3,0,0.0
E3_QUALITY,0.0,14,4,0,0.0
E3_QUALITY,0.0,15,1,1500,1.0
E3_QUALITY,0.0,15,2,0,0.0
E3_QUALITY,0.0,15,3,0,0.0
E3_QUALITY,0.0,15,4,0,0.0
E3_QUALITY,0.0,16,1,1500,1.0
E3_QUALITY,0.0,16,2,0,0.0
E3_QUALITY,0.0,16,3,0,0.0
E3_QUALITY,0.0,16,4,0,0.0
E3_QUALITY,0.0,17,1,1500,1.0
E3_QUALITY,0.0,17,2,0,0.0
E3_QUALITY,0.0,17,3,0,0.0
E3_QUALITY,0.0,17,4,0,0.0
E3_QUALITY,0.0,18,1,1500,1.0
E3_QUALITY,0.0,18,2,0,0.0
E3_QUALITY,0.0,18,3,0,0.0
E3_QUALITY,0.0,18,4,0,0.0
E3_QUALITY,0.0,19,1,1500,1.0
E3_QUALITY,0.0,19,2,0,0.0
E3_QUALITY,0.0,19,3,0,0.0
E3_QUALITY,0.0,19,4,0,0.0
E3_QUALITY,0.0,20,1,1500,1.0
E3_QUALITY,0.0,20,2,0,0.0
E3_QUALITY,0.0,20,3,0,0.0
E3_QUALITY,0.0,20,4,0,0.0
E3_QUALITY,0.0,21,1,1500,1.0
E3_QUALITY,0.0,21,2,0,0.0
E3_QUALITY,0.0,21,3,0,0.0
E3_QUALITY,0.0,21,4,0,0.0
E3_QUALITY,0.0,22,1,1500,1.0
E3_QUALITY,0.0,22,2,0,0.0
E3_QUALITY,0.0,22,3,0,0.0
E3_QUALITY,0.0,22,4,0,0.0
E3_QUALITY,0.0,23,1,1500,1.0
E3_QUALITY,0.0,23,2,0,0.0
E3_QUALITY,0.0,23,3,0,0.0
E3_QUALITY,0.0,23,4,0,0.0
E3_QUALITY,0.0,24,1,1500,1.0
E3_QUALITY,0.0,24,2,0,0.0
E3_QUALITY,0.0,24,3,0,0.0
E3_QUALITY,0.0,24,4,0,0.0
E3_QUALITY,0.0,25,1,1500,1.0
E3_QUALITY,0.0,25,2,0,0.0
E3_QUALITY,0.0,25,3,0,0.0
E3_QUALITY,0.0,25,4,0,0.0
E3_QUALITY,0.0,26,1,1500,1.0
E3_QUALITY,0.0,26,2,0,0.0
E3_QUALITY,0.0,26,3,0,0.0
E3_QUALITY,0.0,26,4,0,0.0
E3_QUALITY,0.0,27,1,1500,1.0
E3_QUALITY,0.0,27,2,0,0.0
E3_QUALITY,0.0,27,3,0,0.0
E3_QUALITY,0.0,27,4,0,0.0
E3_QUALITY,0.0,28,1,1500,1.0
E3_QUALITY,0.0,28,2,0,0.0
E3_QUALITY,0.0,28,3,0,0.0
E3_QUALITY,0.0,28,4,0,0.0
E3_QUALITY,0.0,29,1,1500,1.0
E3_QUALITY,0.0,29,2,0,0.0
E3_QUALITY,0.0,29,3,0,0.0
E3_QUALITY,0.0,29,4,0,0.0
E3_QUALITY,0.0,30,1,1500,1.0
E3_QUALITY,0.0,30,2,0,0.0
E3_QUALITY,0.0,30,3,0,0.0
E3_QUALITY,0.0,30,4,0,0.0
E3_QUALITY,0.0,31,1,1500,1.0
E3_QUALITY,0.0,31,2,0,0.0
E3_QUALITY,0.0,31,3,0,0.0
E3_QUALITY,0.0,31,4,0,0.0
E3_QUALITY,0.0,32,1,1500,1.0
E3_QUALITY,0.0,32,2,0,0.0
E3_QUALITY,0.0,32,3,0,0.0
E3_QUALITY,0.0,32,4,0,0.0
E3_QUALITY,0.0,33,1,1500,1.0
E3_QUALITY,0.0,33,2,0,0.0
E3_QUALITY,0.0,33,3,0,0.0
E3_QUALITY,0.0,33,4,0,0.0
E3_QUALITY,0.0,34,1,1500,1.0
E3_QUALITY,0.0,34,2,0,0.0
E3_QUALITY,0.0,34,3,0,0.0
E3_QUALITY,0.0,34,4,0,0.0
E3_QUALITY,0.0,35,1,1500,1.0
E3_QUALITY,0.0,35,2,0,0.0
E3_QUALITY,0.0,35,3,0,0.0
E3_QUALITY,0.0,35,4,0,0.0
E3_QUALITY,0.0,36,1,1500,1.0
E3_QUALITY,0.0,36,2,0,0.0
E3_QUALITY,0.0,36,3,0,0.0
E3_QUALITY,0.0,36,4,0,0.0
E3_QUALITY,0.0,37,1,1500,1.0
E3_QUALITY,0.0,37,2,0,0.0
E3_QUALITY,0.0,37,3,0,0.0
E3_QUALITY,0.0,37,4,0,0.0
E3_QUALITY,0.0,38,1,1500,1.0
E3_QUALITY,0.0,38,2,0,0.0
E3_QUALITY,0.0,38,3,0,0.0
E3_QUALITY,0.0,38,4,0,0.0
E3_QUALITY,0.0,39,1,1500,1.0
E3_QUALITY,0.0,39,2,0,0.0
E3_QUALITY,0.0,39,3,0,0.0
E3_QUALITY,0.0,39,4,0,0.0
E3_QUALITY,0.0,40,1,1500,1.0
E3_QUALITY,0.0,40,2,0,0.0
E3_QUALITY,0.0,40,3,0,0.0
E3_QUALITY,0.0,40,4,0,0.0
E3_QUALITY,0.0,41,1,1500,1.0
E3_QUALITY,0.0,41,2,0,0.0
E3_QUALITY,0.0,41,3,0,0.0
E3_QUALITY,0.0,41,4,0,0.0
E3_QUALITY,0.0,42,1,1500,1.0
E3_QUALITY,0.0,42,2,0,0.0
E3_QUALITY,0.0,42,3,0,0.0
E3_QUALITY,0.0,42,4,0,0.0
E3_QUALITY,0.0,43,1,1500,1.0
E3_QUALITY,0.0,43,2,0,0.0
E3_QUALITY,0.0,43,3,0,0.0
E3_QUALITY,0.0,43,4,0,0.0
E3_QUALITY,0.0,44,1,1500,1.0
E3_QUALITY,0.0,44,2,0,0.0
E3_QUALITY,0.0,44,3,0,0.0
E3_QUALITY,0.0,44,4,0,0.0
E3_QUALITY,0.0,45,1,1500,1.0
E3_QUALITY,0.0,45,2,0,0.0
E3_QUALITY,0.0,45,3,0,0.0
E3_QUALITY,0.0,45,4,0,0.0
E3_QUALITY,0.0,46,1,1500,1.0
E3_QUALITY,0.0,46,2,0,0.0
E3_QUALITY,0.0,46,3,0,0.0
E3_QUALITY,0.0,46,4,0,0.0
E3_QUALITY,0.0,47,1,1500,1.0
E3_QUALITY,0.0,47,2,0,0.0
E3_QUALITY,0.0,47,3,0,0.0
E3_QUALITY,0.0,47,4,0,0.0
E3_QUALITY,0.0,48,1,1500,1.0
E3_QUALITY,0.0,48,2,0,0.0
E3_QUALITY,0.0,48,3,0,0.0
E3_QUALITY,0.0,48,4,0,0.0
E3_QUALITY,0.0,49,1,1500,1.0
E3_QUALITY,0.0,49,2,0,0.0
E3_QUALITY,0.0,49,3,0,0.0
E3_QUALITY,0.0,49,4,0,0.0
E3_QUALITY,0.05,0,1,977,0.6513333333333333
E3_QUALITY,0.05,0,2,409,0.27266666666666667
E3_QUALITY,0.05,0,3,101,0.06733333333333333
E3_QUALITY,0.05,0,4,13,0.008666666666666666
E3_QUALITY,0.05,1,1,990,0.66
E3_QUALITY,0.05,1,2,401,0.2673333333333333
E3_QUALITY,0.05,1,3,95,0.06333333333333334
E3_QUALITY,0.05,1,4,14,0.009333333333333334
E3_QUALITY,0.05,2,1,973,0.6486666666666666
E3_QUALITY,0.05,2,2,419,0.2793333333333333
E3_QUALITY,0.05,2,3,98,0.06533333333333333
E3_QUALITY,0.05,2,4,10,0.006666666666666667
E3_QUALITY,0.05,3,1,986,0.6573333333333333
E3_QUALITY,0.05,3,2,408,0.272
E3_QUALITY,0.05,3,3,91,0.06066666666666667
E3_QUALITY,0.05,3,4,15,0.01
E3_QUALITY,0.05,4,1,982,0.6546666666666666
E3_QUALITY,0.05,4,2,401,0.2673333333333333
E3_QUALITY,0.05,4,3,101,0.06733333333333333
E3_QUALITY,0.05,4,4,16,0.010666666666666666
E3_QUALITY,0.05,5,1,963,0.642
E3_QUALITY,0.05,5,2,413,0.2753333333333333
E3_QUALITY,0.05,5,3,110,0.07333333333333333
E3_QUALITY,0.05,5,4,14,0.009333333333333334
E3_QUALITY,0.05,6,1,971,0.6473333333333333
E3_QUALITY,0.05,6,2,404,0.2693333333333333
E3_QUALITY,0.05,6,3,110,0.07333333333333333
E3_QUALITY,0.05,6,4,15,0.01
E3_QUALITY,0.05,7,1,997,0.6646666666666666
E3_QUALITY,0.05,7,2,369,0.246
E3_QUALITY,0.05,7,3,118,0.07866666666666666
E3_QUALITY,0.05,7,4,16,0.010666666666666666
E3_QUALITY,0.05,8,1,996,0.664
E3_QUALITY,0.05,8,2,382,0.25466666666666665
E3_QUALITY,0.05,8,3,107,0.07133333333333333
E3_QUALITY,0.05,8,4,15,0.01
E3_QUALITY,0.05,9,1,988,0.6586666666666666
E3_QUALITY,0.05,9,2,395,0.2633333333333333
E3_QUALITY,0.05,9,3,105,0.07
E3_QUALITY,0.05,9,4,12,0.008
E3_QUALITY,0.05,10,1,953,0.6353333333333333
E3_QUALITY,0.05,10,2,427,0.2846666666666667
E3_QUALITY,0.05,10,3,106,0.07066666666666667
E3_QUALITY,0.05,10,4,14,0.009333333333333334
E3_QUALITY,0.05,11,1,974,0.6493333333333333
E3_QUALITY,0.05,11,2,387,0.258
E3_QUALITY,0.05,11,3,113,0.07533333333333334
E3_QUALITY,0.05,11,4,26,0.017333333333333333
E3_QUALITY,0.05,12,1,1002,0.668
E3_QUALITY,0.05,12,2,381,0.254
E3_QUALITY,0.05,12,3,107,0.07133333333333333
E3_QUALITY,0.05,12,4,10,0.006666666666666667
E3_QUALITY,0.05,13,1,919,0.6126666666666667
E3_QUALITY,0.05,13,2,457,0.30466666666666664
E3_QUALITY,0.05,13,3,110,0.07333333333333333
E3_QUALITY,0.05,13,4,14,0.009333333333333334
E3_QUALITY,0.05,14,1,994,0.6626666666666666
E3_QUALITY,0.05,14,2,385,0.25666666666666665
E3_QUALITY,0.05,14,3,105,0.07
E3_QUALITY,0.05,14,4,16,0.010666666666666666
E3_QUALITY,0.05,15,1,961,0.6406666666666667
E3_QUALITY,0.05,15,2,406,0.27066666666666667
E3_QUALITY,0.05,15,3,116,0.07733333333333334
E3_QUALITY,0.05,15,4,17,0.011333333333333334
E3_QUALITY,0.05,16,1,999,0.666
E3_QUALITY,0.05,16,2,381,0.254
E3_QUALITY,0.05,16,3,109,0.07266666666666667
E3_QUALITY,0.05,16,4,11,0.007333333333333333
E3_QUALITY,0.05,17,1,997,0.6646666666666666
E3_QUALITY,0.05,17,2,374,0.24933333333333332
E3_QUALITY,0.05,17,3,114,0.076
E3_QUALITY,0.05,17,4,15,0.01
E3_QUALITY,0.05,18,1,991,0.6606666666666666
E3_QUALITY,0.05,18,2,392,0.2613333333333333
E3_QUALITY,0.05,18,3,108,0.072
E3_QUALITY,0.05,18,4,9,0.006
E3_QUALITY,0.05,19,1,1012,0.6746666666666666
E3_QUALITY,0.05,19,2,389,0.25933333333333336
E3_QUALITY,0.05,19,3,92,0.06133333333333333
E3_QUALITY,0.05,19,4,7,0.004666666666666667
E3_QUALITY,0.05,20,1,972,0.648
E3_QUALITY,0.05,20,2,403,0.26866666666666666
E3_QUALITY,0.05,20,3,108,0.072
E3_QUALITY,0.05,20,4,17,0.011333333333333334
E3_QUALITY,0.05,21,1,960,0.64
E3_QUALITY,0.05,21,2,410,0.2733333333333333
E3_QUALITY,0.05,21,3,119,0.07933333333333334
E3_QUALITY,0.05,21,4,11,0.007333333333333333
E3_QUALITY,0.05,22,1,1008,0.672
E3_QUALITY,0.05,22,2,365,0.24333333333333335
E3_QUALITY,0.05,22,3,107,0.07133333333333333
E3_QUALITY,0.05,22,4,20,0.013333333333333334
E3_QUALITY,0.05,23,1,1009,0.6726666666666666
E3_QUALITY,0.05,23,2,374,0.24933333333333332
E3_QUALITY,0.05,23,3,102,0.068
E3_QUALITY,0.05,23,4,15,0.01
E3_QUALITY,0.05,24,1,1030,0.6866666666666666
E3_QUALITY,0.05,24,2,361,0.24066666666666667
E3_QUALITY,0.05,24,3,101,0.06733333333333333
E3_QUALITY,0.05,24,4,8,0.005333333333333333
E3_QUALITY,0.05,25,1,968,0.6453333333333333
E3_QUALITY,0.05,25,2,407,0.2713333333333333
E3_QUALITY,0.05,25,3,110,0.07333333333333333
E3_QUALITY,0.05,25,4,15,0.01
E3_QUALITY,0.05,26,1,999,0.666
E3_QUALITY,0.05,26,2,393,0.262
E3_QUALITY,0.05,26,3,97,0.06466666666666666
E3_QUALITY,0.05,26,4,11,0.007333333333333333
E3_QUALITY,0.05,27,1,988,0.6586666666666666
E3_QUALITY,0.05,27,2,391,0.26066666666666666
E3_QUALITY,0.05,27,3,109,0.07266666666666667
E3_QUALITY,0.05,27,4,12,0.008
E3_QUALITY,0.05,28,1,998,0.6653333333333333
E3_QUALITY,0.05,28,2,366,0.244
E3_QUALITY,0.05,28,3,124,0.08266666666666667
E3_QUALITY,0.05,28,4,12,0.008
E3_QUALITY,0.05,29,1,962,0.6413333333333333
E3_QUALITY,0.05,29,2,403,0.26866666666666666
E3_QUALITY,0.05,29,3,117,0.078
E3_QUALITY,0.05,29,4,18,0.012
E3_QUALITY,0.05,30,1,976,0.6506666666666666
E3_QUALITY,0.05,30,2,398,0.2653333333333333
E3_QUALITY,0.05,30,3,107,0.07133333333333333
E3_QUALITY,0.05,30,4,19,0.012666666666666666
E3_QUALITY,0.05,31,1,981,0.654
E3_QUALITY,0.05,31,2,400,0.26666666666666666
E3_QUALITY,0.05,31,3,106,0.07066666666666667
E3_QUALITY,0.05,31,4,13,0.008666666666666666
E3_QUALITY,0.05,32,1,995,0.6633333333333333
E3_QUALITY,0.05,32,2,386,0.25733333333333336
E3_QUALITY,0.05,32,3,110,0.07333333333333333
E3_QUALITY,0.05,32,4,9,0.006
E3_QUALITY,0.05,33,1,991,0.6606666666666666
E3_QUALITY,0.05,33,2,400,0.26666666666666666
E3_QUALITY,0.05,33,3,98,0.06533333333333333
E3_QUALITY,0.05,33,4,11,0.007333333333333333
E3_QUALITY,0.05,34,1,1007,0.6713333333333333
E3_QUALITY,0.05,34,2,388,0.25866666666666666
E3_QUALITY,0.05,34,3,90,0.06
E3_QUALITY,0.05,34,4,15,0.01
E3_QUALITY,0.05,35,1,980,0.6533333333333333
E3_QUALITY,0.05,35,2,424,0.2826666666666667
E3_QUALITY,0.05,35,3,90,0.06
E3_QUALITY,0.05,35,4,6,0.004
E3_QUALITY,0.05,36,1,973,0.6486666666666666
E3_QUALITY,0.05,36,2,406,0.27066666666666667
E3_QUALITY,0.05,36,3,108,0.072
E3_QUALITY,0.05,36,4,13,0.008666666666666666
E3_QUALITY,0.05,37,1,993,0.662
E3_QUALITY,0.05,37,2,384,0.256
E3_QUALITY,0.05,37,3,106,0.07066666666666667
E3_QUALITY,0.05,37,4,17,0.011333333333333334
E3_QUALITY,0.05,38,1,961,0.6406666666666667
E3_QUALITY,0.05,38,2,403,0.26866666666666666
E3_QUALITY,0.05,38,3,116,0.07733333333333334
E3_QUALITY,0.05,38,4,20,0.013333333333333334
E3_QUALITY,0.05,39,1,987,0.658
E3_QUALITY,0.05,39,2,401,0.2673333333333333
E3_QUALITY,0.05,39,3,104,0.06933333333333333
E3_QUALITY,0.05,39,4,8,0.005333333333333333
E3_QUALITY,0.05,40,1,1012,0.6746666666666666
E3_QUALITY,0.05,40,2,374,0.24933333333333332
E3_QUALITY,0.05,40,3,104,0.06933333333333333
E3_QUALITY,0.05,40,4,10,0.006666666666666667
E3_QUALITY,0.05,41,1,980,0.6533333333333333
E3_QUALITY,0.05,41,2,393,0.262
E3_QUALITY,0.05,41,3,114,0.076
E3_QUALITY,0.05,41,4,13,0.008666666666666666
E3_QUALITY,0.05,42,1,985,0.6566666666666666
E3_QUALITY,0.05,42,2,392,0.2613333333333333
E3_QUALITY,0.05,42,3,103,0.06866666666666667
E3_QUALITY,0.05,42,4,20,0.013333333333333334
E3_QUALITY,0.05,43,1,966,0.644
E3_QUALITY,0.05,43,2,392,0.2613333333333333
E3_QUALITY,0.05,43,3,129,0.086
E3_QUALITY,0.05,43,4,13,0.008666666666666666
E3_QUALITY,0.05,44,1,1014,0.676
E3_QUALITY,0.05,44,2,374,0.24933333333333332
E3_QUALITY,0.05,44,3,102,0.068
E3_QUALITY,0.05,44,4,10,0.006666666666666667
E3_QUALITY,0.05,45,1,990,0.66
E3_QUALITY,0.05,45,2,400,0.26666666666666666
E3_QUALITY,0.05,45,3,94,0.06266666666666666
E3_QUALITY,0.05,45,4,16,0.010666666666666666
E3_QUALITY,0.05,46,1,970,0.6466666666666666
E3_QUALITY,0.05,46,2,409,0.27266666666666667
E3_QUALITY,0.05,46,3,104,0.06933333333333333
E3_QUALITY,0.05,46,4,17,0.011333333333333334
E3_QUALITY,0.05,47,1,981,0.654
E3_QUALITY,0.05,47,2,391,0.26066666666666666
E3_QUALITY,0.05,47,3,111,0.074
E3_QUALITY,0.05,47,4,17,0.011333333333333334
E3_QUALITY,0.05,48,1,983,0.6553333333333333
E3_QUALITY,0.05,48,2,395,0.2633333333333333
E3_QUALITY,0.05,48,3,108,0.072
E3_QUALITY,0.05,48,4,14,0.009333333333333334
E3_QUALITY,0.05,49,1,985,0.6566666666666666
E3_QUALITY,0.05,49,2,407,0.2713333333333333
E3_QUALITY,0.05,49,3,96,0.064
E3_QUALITY,0.05,49,4,12,0.008
E3_QUALITY,0.1,0,1,589,0.39266666666666666
E3_QUALITY,0.1,0,2,504,0.336
E3_QUALITY,0.1,0,3,304,0.20266666666666666
E3_QUALITY,0.1,0,4,103,0.06866666666666667
E3_QUALITY,0.1,1,1,582,0.388
E3_QUALITY,0.1,1,2,522,0.348
E3_QUALITY,0.1,1,3,300,0.2
E3_QUALITY,0.1,1,4,96,0.064
E3_QUALITY,0.1,2,1,609,0.406
E3_QUALITY,0.1,2,2,488,0.3253333333333333
E3_QUALITY,0.1,2,3,312,0.208
E3_QUALITY,0.1,2,4,91,0.06066666666666667
E3_QUALITY,0.1,3,1,598,0.39866666666666667
E3_QUALITY,0.1,3,2,485,0.3233333333333333
E3_QUALITY,0.1,3,3,302,0.20133333333333334
E3_QUALITY,0.1,3,4,115,0.07666666666666666
E3_QUALITY,0.1,4,1,611,0.4073333333333333
E3_QUALITY,0.1,4,2,465,0.31
E3_QUALITY,0.1,4,3,304,0.20266666666666666
E3_QUALITY,0.1,4,4,120,0.08
E3_QUALITY,0.1,5,1,607,0.4046666666666667
E3_QUALITY,0.1,5,2,479,0.31933333333333336
E3_QUALITY,0.1,5,3,307,0.20466666666666666
E3_QUALITY,0.1,5,4,107,0.07133333333333333
E3_QUALITY,0.1,6,1,579,0.386
E3_QUALITY,0.1,6,2,499,0.33266666666666667
E3_QUALITY,0.1,6,3,308,0.20533333333333334
E3_QUALITY,0.1,6,4,114,0.076
E3_QUALITY,0.1,7,1,589,0.39266666666666666
E3_QUALITY,0.1,7,2,499,0.33266666666666667
E3_QUALITY,0.1,7,3,306,0.204
E3_QUALITY,0.1,7,4,106,0.07066666666666667
E3_QUALITY,0.1,8,1,575,0.38333333333333336
E3_QUALITY,0.1,8,2,506,0.3373333333333333
E3_QUALITY,0.1,8,3,304,0.20266666666666666
E3_QUALITY,0.1,8,4,115,0.07666666666666666
E3_QUALITY,0.1,9,1,641,0.42733333333333334
E3_QUALITY,0.1,9,2,478,0.31866666666666665
E3_QUALITY,0.1,9,3,282,0.188
E3_QUALITY,0.1,9,4,99,0.066
E3_QUALITY,0.1,10,1,591,0.394
E3_QUALITY,0.1,10,2,529,0.3526666666666667
E3_QUALITY,0.1,10,3,270,0.18
E3_QUALITY,0.1,10,4,110,0.07333333333333333
E3_QUALITY,0.1,11,1,584,0.3893333333333333
E3_QUALITY,0.1,11,2,494,0.3293333333333333
E3_QUALITY,0.1,11,3,286,0.19066666666666668
E3_QUALITY,0.1,11,4,136,0.09066666666666667
E3_QUALITY,0.1,12,1,616,0.4106666666666667
E3_QUALITY,0.1,12,2,465,0.31
E3_QUALITY,0.1,12,3,318,0.212
E3_QUALITY,0.1,12,4,101,0.06733333333333333
E3_QUALITY,0.1,13,1,574,0.38266666666666665
E3_QUALITY,0.1,13,2,509,0.3393333333333333
E3_QUALITY,0.1,13,3,308,0.20533333333333334
E3_QUALITY,0.1,13,4,109,0.07266666666666667
E3_QUALITY,0.1,14,1,627,0.418
E3_QUALITY,0.1,14,2,478,0.31866666666666665
E3_QUALITY,0.1,14,3,294,0.196
E3_QUALITY,0.1,14,4,101,0.06733333333333333
E3_QUALITY,0.1,15,1,575,0.38333333333333336
E3_QUALITY,0.1,15,2,507,0.338
E3_QUALITY,0.1,15,3,294,0.196
E3_QUALITY,0.1,15,4,124,0.08266666666666667
E3_QUALITY,0.1,16,1,640,0.4266666666666667
E3_QUALITY,0.1,16,2,469,0.31266666666666665
E3_QUALITY,0.1,16,3,284,0.18933333333333333
E3_QUALITY,0.1,16,4,107,0.07133333333333333
E3_QUALITY,0.1,17,1,612,0.408
E3_QUALITY,0.1,17,2,507,0.338
E3_QUALITY,0.1,17,3,291,0.194
E3_QUALITY,0.1,17,4,90,0.06
E3_QUALITY,0.1,18,1,590,0.3933333333333333
E3_QUALITY,0.1,18,2,510,0.34
E3_QUALITY,0.1,18,3,287,0.19133333333333333
E3_QUALITY,0.1,18,4,113,0.07533333333333334
E3_QUALITY,0.1,19,1,626,0.41733333333333333
E3_QUALITY,0.1,19,2,484,0.32266666666666666
E3_QUALITY,0.1,19,3,295,0.19666666666666666
E3_QUALITY,0.1,19,4,95,0.06333333333333334
E3_QUALITY,0.1,20,1,580,0.38666666666666666
E3_QUALITY,0.1,20,2,547,0.36466666666666664
E3_QUALITY,0.1,20,3,265,0.17666666666666667
E3_QUALITY,0.1,20,4,108,0.072
E3_QUALITY,0.1,21,1,551,0.36733333333333335
E3_QUALITY,0.1,21,2,524,0.34933333333333333
E3_QUALITY,0.1,21,3,321,0.214
E3_QUALITY,0.1,21,4,104,0.06933333333333333
E3_QUALITY,0.1,22,1,625,0.4166666666666667
E3_QUALITY,0.1,22,2,477,0.318
E3_QUALITY,0.1,22,3,297,0.198
E3_QUALITY,0.1,22,4,101,0.06733333333333333
E3_QUALITY,0.1,23,1,618,0.412
E3_QUALITY,0.1,23,2,480,0.32
E3_QUALITY,0.1,23,3,307,0.20466666666666666
E3_QUALITY,0.1,23,4,95,0.06333333333333334
E3_QUALITY,0.1,24,1,659,0.43933333333333335
E3_QUALITY,0.1,24,2,468,0.312
E3_QUALITY,0.1,24,3,280,0.18666666666666668
E3_QUALITY,0.1,24,4,93,0.062
E3_QUALITY,0.1,25,1,606,0.404
E3_QUALITY,0.1,25,2,467,0.31133333333333335
E3_QUALITY,0.1,25,3,313,0.20866666666666667
E3_QUALITY,0.1,25,4,114,0.076
E3_QUALITY,0.1,26,1,642,0.428
E3_QUALITY,0.1,26,2,481,0.32066666666666666
E3_QUALITY,0.1,26,3,276,0.184
E3_QUALITY,0.1,26,4,101,0.06733333333333333
E3_QUALITY,0.1,27,1,614,0.4093333333333333
E3_QUALITY,0.1,27,2,497,0.3313333333333333
E3_QUALITY,0.1,27,3,276,0.184
E3_QUALITY,0.1,27,4,113,0.07533333333333334
E3_QUALITY,0.1,28,1,591,0.394
E3_QUALITY,0.1,28,2,496,0.33066666666666666
E3_QUALITY,0.1,28,3,298,0.19866666666666666
E3_QUALITY,0.1,28,4,115,0.07666666666666666
E3_QUALITY,0.1,29,1,605,0.4033333333333333
E3_QUALITY,0.1,29,2,477,0.318
E3_QUALITY,0.1,29,3,317,0.21133333333333335
E3_QUALITY,0.1,29,4,101,0.06733333333333333
E3_QUALITY,0.1,30,1,606,0.404
E3_QUALITY,0.1,30,2,489,0.326
E3_QUALITY,0.1,30,3,301,0.20066666666666666
E3_QUALITY,0.1,30,4,104,0.06933333333333333
E3_QUALITY,0.1,31,1,627,0.418
E3_QUALITY,0.1,31,2,463,0.30866666666666664
E3_QUALITY,0.1,31,3,306,0.204
E3_QUALITY,0.1,31,4,104,0.06933333333333333
E3_QUALITY,0.1,32,1,607,0.4046666666666667
E3_QUALITY,0.1,32,2,479,0.31933333333333336
E3_QUALITY,0.1,32,3,320,0.21333333333333335
E3_QUALITY,0.1,32,4,94,0.06266666666666666
E3_QUALITY,0.1,33,1,604,0.4026666666666667
E3_QUALITY,0.1,33,2,486,0.324
E3_QUALITY,0.1,33,3,314,0.20933333333333334
E3_QUALITY,0.1,33,4,96,0.064
E3_QUALITY,0.1,34,1,602,0.4013333333333333
E3_QUALITY,0.1,34,2,514,0.3426666666666667
E3_QUALITY,0.1,34,3,286,0.19066666666666668
E3_QUALITY,0.1,34,4,98,0.06533333333333333
E3_QUALITY,0.1,35,1,580,0.38666666666666666
E3_QUALITY,0.1,35,2,512,0.3413333333333333
E3_QUALITY,0.1,35,3,319,0.21266666666666667
E3_QUALITY,0.1,35,4,89,0.059333333333333335
E3_QUALITY,0.1,36,1,617,0.41133333333333333
E3_QUALITY,0.1,36,2,467,0.31133333333333335
E3_QUALITY,0.1,36,3,303,0.202
E3_QUALITY,0.1,36,4,113,0.07533333333333334
E3_QUALITY,0.1,37,1,616,0.4106666666666667
E3_QUALITY,0.1,37,2,479,0.31933333333333336
E3_QUALITY,0.1,37,3,299,0.19933333333333333
E3_QUALITY,0.1,37,4,106,0.07066666666666667
E3_QUALITY,0.1,38,1,591,0.394
E3_QUALITY,0.1,38,2,490,0.32666666666666666
E3_QUALITY,0.1,38,3,288,0.192
E3_QUALITY,0.1,38,4,131,0.08733333333333333
E3_QUALITY,0.1,39,1,600,0.4
E3_QUALITY,0.1,39,2,504,0.336
E3_QUALITY,0.1,39,3,297,0.198
E3_QUALITY,0.1,39,4,99,0.066
E3_QUALITY,0.1,40,1,616,0.4106666666666667
E3_QUALITY,0.1,40,2,481,0.32066666666666666
E3_QUALITY,0.1,40,3,306,0.204
E3_QUALITY,0.1,40,4,97,0.06466666666666666
E3_QUALITY,0.1,41,1,605,0.4033333333333333
E3_QUALITY,0.1,41,2,485,0.3233333333333333
E3_QUALITY,0.1,41,3,290,0.19333333333333333
E3_QUALITY,0.1,41,4,120,0.08
E3_QUALITY,0.1,42,1,596,0.3973333333333333
E3_QUALITY,0.1,42,2,513,0.342
E3_QUALITY,0.1,42,3,285,0.19
E3_QUALITY,0.1,42,4,106,0.07066666666666667
E3_QUALITY,0.1,43,1,582,0.388
E3_QUALITY,0.1,43,2,523,0.3486666666666667
E3_QUALITY,0.1,43,3,286,0.19066666666666668
E3_QUALITY,0.1,43,4,109,0.07266666666666667
E3_QUALITY,0.1,44,1,613,0.4086666666666667
E3_QUALITY,0.1,44,2,491,0.3273333333333333
E3_QUALITY,0.1,44,3,303,0.202
E3_QUALITY,0.1,44,4,93,0.062
E3_QUALITY,0.1,45,1,598,0.39866666666666667
E3_QUALITY,0.1,45,2,500,0.3333333333333333
E3_QUALITY,0.1,45,3,291,0.194
E3_QUALITY,0.1,45,4,111,0.074
E3_QUALITY,0.1,46,1,561,0.374
E3_QUALITY,0.1,46,2,510,0.34
E3_QUALITY,0.1,46,3,309,0.206
E3_QUALITY,0.1,46,4,120,0.08
E3_QUALITY,0.1,47,1,608,0.4053333333333333
E3_QUALITY,0.1,47,2,483,0.322
E3_QUALITY,0.1,47,3,294,0.196
E3_QUALITY,0.1,47,4,115,0.07666666666666666
E3_QUALITY,0.1,48,1,608,0.4053333333333333
E3_QUALITY,0.1,48,2,494,0.3293333333333333
E3_QUALITY,0.1,48,3,290,0.19333333333333333
E3_QUALITY,0.1,48,4,108,0.072
E3_QUALITY,0.1,49,1,628,0.4186666666666667
E3_QUALITY,0.1,49,2,468,0.312
E3_QUALITY,0.1,49,3,308,0.20533333333333334
E3_QUALITY,0.1,49,4,96,0.064
E3_QUALITY,0.15,0,1,331,0.22066666666666668
E3_QUALITY,0.15,0,2,399,0.266
E3_QUALITY,0.15,0,3,445,0.2966666666666667
E3_QUALITY,0.15,0,4,325,0.21666666666666667
E3_QUALITY,0.15,1,1,346,0.23066666666666666
E3_QUALITY,0.15,1,2,419,0.2793333333333333
E3_QUALITY,0.15,1,3,439,0.2926666666666667
E3_QUALITY,0.15,1,4,296,0.19733333333333333
E3_QUALITY,0.15,2,1,373,0.24866666666666667
E3_QUALITY,0.15,2,2,428,0.2853333333333333
E3_QUALITY,0.15,2,3,415,0.27666666666666667
E3_QUALITY,0.15,2,4,284,0.18933333333333333
E3_QUALITY,0.15,3,1,345,0.23
E3_QUALITY,0.15,3,2,428,0.2853333333333333
E3_QUALITY,0.15,3,3,402,0.268
E3_QUALITY,0.15,3,4,325,0.21666666666666667
E3_QUALITY,0.15,4,1,344,0.22933333333333333
E3_QUALITY,0.15,4,2,417,0.278
E3_QUALITY,0.15,4,3,417,0.278
E3_QUALITY,0.15,4,4,322,0.21466666666666667
E3_QUALITY,0.15,5,1,350,0.23333333333333334
E3_QUALITY,0.15,5,2,392,0.2613333333333333
E3_QUALITY,0.15,5,3,429,0.286
E3_QUALITY,0.15,5,4,329,0.21933333333333332
E3_QUALITY,0.15,6,1,344,0.22933333333333333
E3_QUALITY,0.15,6,2,408,0.272
E3_QUALITY,0.15,6,3,444,0.296
E3_QUALITY,0.15,6,4,304,0.20266666666666666
E3_QUALITY,0.15,7,1,347,0.23133333333333334
E3_QUALITY,0.15,7,2,442,0.2946666666666667
E3_QUALITY,0.15,7,3,413,0.2753333333333333
E3_QUALITY,0.15,7,4,298,0.19866666666666666
E3_QUALITY,0.15,8,1,311,0.20733333333333334
E3_QUALITY,0.15,8,2,427,0.2846666666666667
E3_QUALITY,0.15,8,3,433,0.2886666666666667
E3_QUALITY,0.15,8,4,329,0.21933333333333332
E3_QUALITY,0.15,9,1,369,0.246
E3_QUALITY,0.15,9,2,418,0.2786666666666667
E3_QUALITY,0.15,9,3,422,0.2813333333333333
E3_QUALITY,0.15,9,4,291,0.194
E3_QUALITY,0.15,10,1,327,0.218
E3_QUALITY,0.15,10,2,435,0.29
E3_QUALITY,0.15,10,3,423,0.282
E3_QUALITY,0.15,10,4,315,0.21
E3_QUALITY,0.15,11,1,326,0.21733333333333332
E3_QUALITY,0.15,11,2,417,0.278
E3_QUALITY,0.15,11,3,414,0.276
E3_QUALITY,0.15,11,4,343,0.22866666666666666
E3_QUALITY,0.15,12,1,350,0.23333333333333334
E3_QUALITY,0.15,12,2,385,0.25666666666666665
E3_QUALITY,0.15,12,3,443,0.29533333333333334
E3_QUALITY,0.15,12,4,322,0.21466666666666667
E3_QUALITY,0.15,13,1,333,0.222
E3_QUALITY,0.15,13,2,427,0.2846666666666667
E3_QUALITY,0.15,13,3,426,0.284
E3_QUALITY,0.15,13,4,314,0.20933333333333334
E3_QUALITY,0.15,14,1,358,0.23866666666666667
E3_QUALITY,0.15,14,2,419,0.2793333333333333
E3_QUALITY,0.15,14,3,393,0.262
E3_QUALITY,0.15,14,4,330,0.22
E3_QUALITY,0.15,15,1,320,0.21333333333333335
E3_QUALITY,0.15,15,2,426,0.284
E3_QUALITY,0.15,15,3,442,0.2946666666666667
E3_QUALITY,0.15,15,4,312,0.208
E3_QUALITY,0.15,16,1,375,0.25
E3_QUALITY,0.15,16,2,424,0.2826666666666667
E3_QUALITY,0.15,16,3,407,0.2713333333333333
E3_QUALITY,0.15,16,4,294,0.196
E3_QUALITY,0.15,17,1,364,0.24266666666666667
E3_QUALITY,0.15,17,2,414,0.276
E3_QUALITY,0.15,17,3,425,0.2833333333333333
E3_QUALITY,0.15,17,4,297,0.198
E3_QUALITY,0.15,18,1,348,0.232
E3_QUALITY,0.15,18,2,424,0.2826666666666667
E3_QUALITY,0.15,18,3,402,0.268
E3_QUALITY,0.15,18,4,326,0.21733333333333332
E3_QUALITY,0.15,19,1,366,0.244
E3_QUALITY,0.15,19,2,421,0.2806666666666667
E3_QUALITY,0.15,19,3,396,0.264
E3_QUALITY,0.15,19,4,317,0.21133333333333335
E3_QUALITY,0.15,20,1,337,0.22466666666666665
E3_QUALITY,0.15,20,2,459,0.306
E3_QUALITY,0.15,20,3,415,0.27666666666666667
E3_QUALITY,0.15,20,4,289,0.19266666666666668
E3_QUALITY,0.15,21,1,305,0.20333333333333334
E3_QUALITY,0.15,21,2,436,0.2906666666666667
E3_QUALITY,0.15,21,3,409,0.27266666666666667
E3_QUALITY,0.15,21,4,350,0.23333333333333334
E3_QUALITY,0.15,22,1,365,0.24333333333333335
E3_QUALITY,0.15,22,2,404,0.2693333333333333
E3_QUALITY,0.15,22,3,431,0.28733333333333333
E3_QUALITY,0.15,22,4,300,0.2
E3_QUALITY,0.15,23,1,350,0.23333333333333334
E3_QUALITY,0.15,23,2,412,0.27466666666666667
E3_QUALITY,0.15,23,3,433,0.2886666666666667
E3_QUALITY,0.15,23,4,305,0.20333333333333334
E3_QUALITY,0.15,24,1,391,0.26066666666666666
E3_QUALITY,0.15,24,2,448,0.2986666666666667
E3_QUALITY,0.15,24,3,371,0.24733333333333332
E3_QUALITY,0.15,24,4,290,0.19333333333333333
E3_QUALITY,0.15,25,1,342,0.228
E3_QUALITY,0.15,25,2,393,0.262
E3_QUALITY,0.15,25,3,451,0.3006666666666667
E3_QUALITY,0.15,25,4,314,0.20933333333333334
E3_QUALITY,0.15,26,1,378,0.252
E3_QUALITY,0.15,26,2,422,0.2813333333333333
E3_QUALITY,0.15,26,3,397,0.26466666666666666
E3_QUALITY,0.15,26,4,303,0.202
E3_QUALITY,0.15,27,1,344,0.22933333333333333
E3_QUALITY,0.15,27,2,422,0.2813333333333333
E3_QUALITY,0.15,27,3,422,0.2813333333333333
E3_QUALITY,0.15,27,4,312,0.208
E3_QUALITY,0.15,28,1,344,0.22933333333333333
E3_QUALITY,0.15,28,2,396,0.264
E3_QUALITY,0.15,28,3,422,0.2813333333333333
E3_QUALITY,0.15,28,4,338,0.22533333333333333
E3_QUALITY,0.15,29,1,336,0.224
E3_QUALITY,0.15,29,2,442,0.2946666666666667
E3_QUALITY,0.15,29,3,388,0.25866666666666666
E3_QUALITY,0.15,29,4,334,0.22266666666666668
E3_QUALITY,0.15,30,1,361,0.24066666666666667
E3_QUALITY,0.15,30,2,410,0.2733333333333333
E3_QUALITY,0.15,30,3,424,0.2826666666666667
E3_QUALITY,0.15,30,4,305,0.20333333333333334
E3_QUALITY,0.15,31,1,351,0.234
E3_QUALITY,0.15,31,2,424,0.2826666666666667
E3_QUALITY,0.15,31,3,422,0.2813333333333333
E3_QUALITY,0.15,31,4,303,0.202
E3_QUALITY,0.15,32,1,324,0.216
E3_QUALITY,0.15,32,2,426,0.284
E3_QUALITY,0.15,32,3,442,0.2946666666666667
E3_QUALITY,0.15,32,4,308,0.20533333333333334
E3_QUALITY,0.15,33,1,345,0.23
E3_QUALITY,0.15,33,2,411,0.274
E3_QUALITY,0.15,33,3,400,0.26666666666666666
E3_QUALITY,0.15,33,4,344,0.22933333333333333
E3_QUALITY,0.15,34,1,358,0.23866666666666667
E3_QUALITY,0.15,34,2,412,0.27466666666666667
E3_QUALITY,0.15,34,3,442,0.2946666666666667
E3_QUALITY,0.15,34,4,288,0.192
E3_QUALITY,0.15,35,1,325,0.21666666666666667
E3_QUALITY,0.15,35,2,416,0.2773333333333333
E3_QUALITY,0.15,35,3,452,0.30133333333333334
E3_QUALITY,0.15,35,4,307,0.20466666666666666
E3_QUALITY,0.15,36,1,367,0.24466666666666667
E3_QUALITY,0.15,36,2,426,0.284
E3_QUALITY,0.15,36,3,393,0.262
E3_QUALITY,0.15,36,4,314,0.20933333333333334
E3_QUALITY,0.15,37,1,356,0.23733333333333334
E3_QUALITY,0.15,37,2,417,0.278
E3_QUALITY,0.15,37,3,421,0.2806666666666667
E3_QUALITY,0.15,37,4,306,0.204
E3_QUALITY,0.15,38,1,330,0.22
E3_QUALITY,0.15,38,2,430,0.2866666666666667
E3_QUALITY,0.15,38,3,413,0.2753333333333333
E3_QUALITY,0.15,38,4,327,0.218
E3_QUALITY,0.15,39,1,329,0.21933333333333332
E3_QUALITY,0.15,39,2,461,0.30733333333333335
E3_QUALITY,0.15,39,3,419,0.2793333333333333
E3_QUALITY,0.15,39,4,291,0.194
E3_QUALITY,0.15,40,1,346,0.23066666666666666
E3_QUALITY,0.15,40,2,419,0.2793333333333333
E3_QUALITY,0.15,40,3,435,0.29
E3_QUALITY,0.15,40,4,300,0.2
E3_QUALITY,0.15,41,1,337,0.22466666666666665
E3_QUALITY,0.15,41,2,415,0.27666666666666667
E3_QUALITY,0.15,41,3,423,0.282
E3_QUALITY,0.15,41,4,325,0.21666666666666667
E3_QUALITY,0.15,42,1,359,0.23933333333333334
E3_QUALITY,0.15,42,2,419,0.2793333333333333
E3_QUALITY,0.15,42,3,413,0.2753333333333333
E3_QUALITY,0.15,42,4,309,0.206
E3_QUALITY,0.15,43,1,343,0.22866666666666666
E3_QUALITY,0.15,43,2,434,0.28933333333333333
E3_QUALITY,0.15,43,3,426,0.284
E3_QUALITY,0.15,43,4,297,0.198
E3_QUALITY,0.15,44,1,348,0.232
E3_QUALITY,0.15,44,2,445,0.2966666666666667
E3_QUALITY,0.15,44,3,396,0.264
E3_QUALITY,0.15,44,4,311,0.20733333333333334
E3_QUALITY,0.15,45,1,344,0.22933333333333333
E3_QUALITY,0.15,45,2,421,0.2806666666666667
E3_QUALITY,0.15,45,3,423,0.282
E3_QUALITY,0.15,45,4,312,0.208
E3_QUALITY,0.15,46,1,320,0.21333333333333335
E3_QUALITY,0.15,46,2,436,0.2906666666666667
E3_QUALITY,0.15,46,3,418,0.2786666666666667
E3_QUALITY,0.15,46,4,326,0.21733333333333332
E3_QUALITY,0.15,47,1,313,0.20866666666666667
E3_QUALITY,0.15,47,2,437,0.29133333333333333
E3_QUALITY,0.15,47,3,424,0.2826666666666667
E3_QUALITY,0.15,47,4,326,0.21733333333333332
E3_QUALITY,0.15,48,1,357,0.238
E3_QUALITY,0.15,48,2,433,0.2886666666666667
E3_QUALITY,0.15,48,3,386,0.25733333333333336
E3_QUALITY,0.15,48,4,324,0.216
E3_QUALITY,0.15,49,1,355,0.23666666666666666
E3_QUALITY,0.15,49,2,431,0.28733333333333333
E3_QUALITY,0.15,49,3,422,0.2813333333333333
E3_QUALITY,0.15,49,4,292,0.19466666666666665
E3_QUALITY,0.2,0,1,184,0.12266666666666666
E3_QUALITY,0.2,0,2,274,0.18266666666666667
E3_QUALITY,0.2,0,3,416,0.2773333333333333
E3_QUALITY,0.2,0,4,626,0.41733333333333333
E3_QUALITY,0.2,1,1,183,0.122
E3_QUALITY,0.2,1,2,313,0.20866666666666667
E3_QUALITY,0.2,1,3,409,0.27266666666666667
E3_QUALITY,0.2,1,4,595,0.39666666666666667
E3_QUALITY,0.2,2,1,204,0.136
E3_QUALITY,0.2,2,2,296,0.19733333333333333
E3_QUALITY,0.2,2,3,427,0.2846666666666667
E3_QUALITY,0.2,2,4,573,0.382
E3_QUALITY,0.2,3,1,186,0.124
E3_QUALITY,0.2,3,2,281,0.18733333333333332
E3_QUALITY,0.2,3,3,406,0.27066666666666667
E3_QUALITY,0.2,3,4,627,0.418
E3_QUALITY,0.2,4,1,164,0.10933333333333334
E3_QUALITY,0.2,4,2,274,0.18266666666666667
E3_QUALITY,0.2,4,3,445,0.2966666666666667
E3_QUALITY,0.2,4,4,617,0.41133333333333333
E3_QUALITY,0.2,5,1,170,0.11333333333333333
E3_QUALITY,0.2,5,2,279,0.186
E3_QUALITY,0.2,5,3,448,0.2986666666666667
E3_QUALITY,0.2,5,4,603,0.402
E3_QUALITY,0.2,6,1,202,0.13466666666666666
E3_QUALITY,0.2,6,2,274,0.18266666666666667
E3_QUALITY,0.2,6,3,406,0.27066666666666667
E3_QUALITY,0.2,6,4,618,0.412
E3_QUALITY,0.2,7,1,191,0.12733333333333333
E3_QUALITY,0.2,7,2,289,0.19266666666666668
E3_QUALITY,0.2,7,3,437,0.29133333333333333
E3_QUALITY,0.2,7,4,583,0.38866666666666666
E3_QUALITY,0.2,8,1,174,0.116
E3_QUALITY,0.2,8,2,271,0.18066666666666667
E3_QUALITY,0.2,8,3,435,0.29
E3_QUALITY,0.2,8,4,620,0.41333333333333333
E3_QUALITY,0.2,9,1,203,0.13533333333333333
E3_QUALITY,0.2,9,2,293,0.19533333333333333
E3_QUALITY,0.2,9,3,425,0.2833333333333333
E3_QUALITY,0.2,9,4,579,0.386
E3_QUALITY,0.2,10,1,178,0.11866666666666667
E3_QUALITY,0.2,10,2,284,0.18933333333333333
E3_QUALITY,0.2,10,3,414,0.276
E3_QUALITY,0.2,10,4,624,0.416
E3_QUALITY,0.2,11,1,169,0.11266666666666666
E3_QUALITY,0.2,11,2,273,0.182
E3_QUALITY,0.2,11,3,431,0.28733333333333333
E3_QUALITY,0.2,11,4,627,0.418
E3_QUALITY,0.2,12,1,187,0.12466666666666666
E3_QUALITY,0.2,12,2,264,0.176
E3_QUALITY,0.2,12,3,433,0.2886666666666667
E3_QUALITY,0.2,12,4,616,0.4106666666666667
E3_QUALITY,0.2,13,1,180,0.12
E3_QUALITY,0.2,13,2,270,0.18
E3_QUALITY,0.2,13,3,420,0.28
E3_QUALITY,0.2,13,4,630,0.42
E3_QUALITY,0.2,14,1,181,0.12066666666666667
E3_QUALITY,0.2,14,2,328,0.21866666666666668
E3_QUALITY,0.2,14,3,383,0.25533333333333336
E3_QUALITY,0.2,14,4,608,0.4053333333333333
E3_QUALITY,0.2,15,1,173,0.11533333333333333
E3_QUALITY,0.2,15,2,274,0.18266666666666667
E3_QUALITY,0.2,15,3,442,0.2946666666666667
E3_QUALITY,0.2,15,4,611,0.4073333333333333
E3_QUALITY,0.2,16,1,192,0.128
E3_QUALITY,0.2,16,2,310,0.20666666666666667
E3_QUALITY,0.2,16,3,420,0.28
E3_QUALITY,0.2,16,4,578,0.38533333333333336
E3_QUALITY,0.2,17,1,208,0.13866666666666666
E3_QUALITY,0.2,17,2,275,0.18333333333333332
E3_QUALITY,0.2,17,3,410,0.2733333333333333
E3_QUALITY,0.2,17,4,607,0.4046666666666667
E3_QUALITY,0.2,18,1,196,0.13066666666666665
E3_QUALITY,0.2,18,2,287,0.19133333333333333
E3_QUALITY,0.2,18,3,396,0.264
E3_QUALITY,0.2,18,4,621,0.414
E3_QUALITY,0.2,19,1,206,0.13733333333333334
E3_QUALITY,0.2,19,2,276,0.184
E3_QUALITY,0.2,19,3,426,0.284
E3_QUALITY,0.2,19,4,592,0.39466666666666667
E3_QUALITY,0.2,20,1,203,0.13533333333333333
E3_QUALITY,0.2,20,2,288,0.192
E3_QUALITY,0.2,20,3,435,0.29
E3_QUALITY,0.2,20,4,574,0.38266666666666665
E3_QUALITY,0.2,21,1,179,0.11933333333333333
E3_QUALITY,0.2,21,2,281,0.18733333333333332
E3_QUALITY,0.2,21,3,366,0.244
E3_QUALITY,0.2,21,4,674,0.4493333333333333
E3_QUALITY,0.2,22,1,199,0.13266666666666665
E3_QUALITY,0.2,22,2,288,0.192
E3_QUALITY,0.2,22,3,406,0.27066666666666667
E3_QUALITY,0.2,22,4,607,0.4046666666666667
E3_QUALITY,0.2,23,1,182,0.12133333333333333
E3_QUALITY,0.2,23,2,276,0.184
E3_QUALITY,0.2,23,3,436,0.2906666666666667
E3_QUALITY,0.2,23,4,606,0.404
E3_QUALITY,0.2,24,1,227,0.15133333333333332
E3_QUALITY,0.2,24,2,282,0.188
E3_QUALITY,0.2,24,3,423,0.282
E3_QUALITY,0.2,24,4,568,0.37866666666666665
E3_QUALITY,0.2,25,1,205,0.13666666666666666
E3_QUALITY,0.2,25,2,251,0.16733333333333333
E3_QUALITY,0.2,25,3,420,0.28
E3_QUALITY,0.2,25,4,624,0.416
E3_QUALITY,0.2,26,1,207,0.138
E3_QUALITY,0.2,26,2,297,0.198
E3_QUALITY,0.2,26,3,396,0.264
E3_QUALITY,0.2,26,4,600,0.4
E3_QUALITY,0.2,27,1,179,0.11933333333333333
E3_QUALITY,0.2,27,2,300,0.2
E3_QUALITY,0.2,27,3,442,0.2946666666666667
E3_QUALITY,0.2,27,4,579,0.386
E3_QUALITY,0.2,28,1,179,0.11933333333333333
E3_QUALITY,0.2,28,2,282,0.188
E3_QUALITY,0.2,28,3,395,0.2633333333333333
E3_QUALITY,0.2,28,4,644,0.42933333333333334
E3_QUALITY,0.2,29,1,186,0.124
E3_QUALITY,0.2,29,2,293,0.19533333333333333
E3_QUALITY,0.2,29,3,390,0.26
E3_QUALITY,0.2,29,4,631,0.4206666666666667
E3_QUALITY,0.2,30,1,208,0.13866666666666666
E3_QUALITY,0.2,30,2,254,0.16933333333333334
E3_QUALITY,0.2,30,3,427,0.2846666666666667
E3_QUALITY,0.2,30,4,611,0.4073333333333333
E3_QUALITY,0.2,31,1,189,0.126
E3_QUALITY,0.2,31,2,294,0.196
E3_QUALITY,0.2,31,3,408,0.272
E3_QUALITY,0.2,31,4,609,0.406
E3_QUALITY,0.2,32,1,171,0.114
E3_QUALITY,0.2,32,2,288,0.192
E3_QUALITY,0.2,32,3,436,0.2906666666666667
E3_QUALITY,0.2,32,4,605,0.4033333333333333
E3_QUALITY,0.2,33,1,181,0.12066666666666667
E3_QUALITY,0.2,33,2,291,0.194
E3_QUALITY,0.2,33,3,398,0.2653333333333333
E3_QUALITY,0.2,33,4,630,0.42
E3_QUALITY,0.2,34,1,185,0.12333333333333334
E3_QUALITY,0.2,34,2,306,0.204
E3_QUALITY,0.2,34,3,429,0.286
E3_QUALITY,0.2,34,4,580,0.38666666666666666
E3_QUALITY,0.2,35,1,163,0.10866666666666666
E3_QUALITY,0.2,35,2,266,0.17733333333333334
E3_QUALITY,0.2,35,3,439,0.2926666666666667
E3_QUALITY,0.2,35,4,632,0.42133333333333334
E3_QUALITY,0.2,36,1,194,0.12933333333333333
E3_QUALITY,0.2,36,2,312,0.208
E3_QUALITY,0.2,36,3,400,0.26666666666666666
E3_QUALITY,0.2,36,4,594,0.396
E3_QUALITY,0.2,37,1,187,0.12466666666666666
E3_QUALITY,0.2,37,2,302,0.20133333333333334
E3_QUALITY,0.2,37,3,418,0.2786666666666667
E3_QUALITY,0.2,37,4,593,0.3953333333333333
E3_QUALITY,0.2,38,1,172,0.11466666666666667
E3_QUALITY,0.2,38,2,282,0.188
E3_QUALITY,0.2,38,3,415,0.27666666666666667
E3_QUALITY,0.2,38,4,631,0.4206666666666667
E3_QUALITY,0.2,39,1,169,0.11266666666666666
E3_QUALITY,0.2,39,2,326,0.21733333333333332
E3_QUALITY,0.2,39,3,429,0.286
E3_QUALITY,0.2,39,4,576,0.384
E3_QUALITY,0.2,40,1,175,0.11666666666666667
E3_QUALITY,0.2,40,2,304,0.20266666666666666
E3_QUALITY,0.2,40,3,419,0.2793333333333333
E3_QUALITY,0.2,40,4,602,0.4013333333333333
E3_QUALITY,0.2,41,1,182,0.12133333333333333
E3_QUALITY,0.2,41,2,283,0.18866666666666668
E3_QUALITY,0.2,41,3,425,0.2833333333333333
E3_QUALITY,0.2,41,4,610,0.4066666666666667
E3_QUALITY,0.2,42,1,186,0.124
E3_QUALITY,0.2,42,2,289,0.19266666666666668
E3_QUALITY,0.2,42,3,437,0.29133333333333333
E3_QUALITY,0.2,42,4,588,0.392
E3_QUALITY,0.2,43,1,183,0.122
E3_QUALITY,0.2,43,2,316,0.21066666666666667
E3_QUALITY,0.2,43,3,398,0.2653333333333333
E3_QUALITY,0.2,43,4,603,0.402
E3_QUALITY,0.2,44,1,192,0.128
E3_QUALITY,0.2,44,2,306,0.204
E3_QUALITY,0.2,44,3,405,0.27
E3_QUALITY,0.2,44,4,597,0.398
E3_QUALITY,0.2,45,1,170,0.11333333333333333
E3_QUALITY,0.2,45,2,302,0.20133333333333334
E3_QUALITY,0.2,45,3,414,0.276
E3_QUALITY,0.2,45,4,614,0.4093333333333333
E3_QUALITY,0.2,46,1,165,0.11
E3_QUALITY,0.2,46,2,291,0.194
E3_QUALITY,0.2,46,3,407,0.2713333333333333
E3_QUALITY,0.2,46,4,637,0.4246666666666667
E3_QUALITY,0.2,47,1,171,0.114
E3_QUALITY,0.2,47,2,283,0.18866666666666668
E3_QUALITY,0.2,47,3,413,0.2753333333333333
E3_QUALITY,0.2,47,4,633,0.422
E3_QUALITY,0.2,48,1,179,0.11933333333333333
E3_QUALITY,0.2,48,2,330,0.22
E3_QUALITY,0.2,48,3,395,0.2633333333333333
E3_QUALITY,0.2,48,4,596,0.3973333333333333
E3_QUALITY,0.2,49,1,201,0.134
E3_QUALITY,0.2,49,2,277,0.18466666666666667
E3_QUALITY,0.2,49,3,422,0.2813333333333333
E3_QUALITY,0.2,49,4,600,0.4
E3_QUALITY,0.3,0,1,38,0.025333333333333333
E3_QUALITY,0.3,0,2,86,0.05733333333333333
E3_QUALITY,0.3,0,3,187,0.12466666666666666
E3_QUALITY,0.3,0,4,1189,0.7926666666666666
E3_QUALITY,0.3,1,1,42,0.028
E3_QUALITY,0.3,1,2,80,0.05333333333333334
E3_QUALITY,0.3,1,3,204,0.136
E3_QUALITY,0.3,1,4,1174,0.7826666666666666
E3_QUALITY,0.3,2,1,34,0.02266666666666667
E3_QUALITY,0.3,2,2,105,0.07
E3_QUALITY,0.3,2,3,196,0.13066666666666665
E3_QUALITY,0.3,2,4,1165,0.7766666666666666
E3_QUALITY,0.3,3,1,51,0.034
E3_QUALITY,0.3,3,2,83,0.05533333333333333
E3_QUALITY,0.3,3,3,191,0.12733333333333333
E3_QUALITY,0.3,3,4,1175,0.7833333333333333
E3_QUALITY,0.3,4,1,34,0.02266666666666667
E3_QUALITY,0.3,4,2,69,0.046
E3_QUALITY,0.3,4,3,194,0.12933333333333333
E3_QUALITY,0.3,4,4,1203,0.802
E3_QUALITY,0.3,5,1,36,0.024
E3_QUALITY,0.3,5,2,83,0.05533333333333333
E3_QUALITY,0.3,5,3,189,0.126
E3_QUALITY,0.3,5,4,1192,0.7946666666666666
E3_QUALITY,0.3,6,1,41,0.027333333333333334
E3_QUALITY,0.3,6,2,95,0.06333333333333334
E3_QUALITY,0.3,6,3,182,0.12133333333333333
E3_QUALITY,0.3,6,4,1182,0.788
E3_QUALITY,0.3,7,1,43,0.028666666666666667
E3_QUALITY,0.3,7,2,89,0.059333333333333335
E3_QUALITY,0.3,7,3,206,0.13733333333333334
E3_QUALITY,0.3,7,4,1162,0.7746666666666666
E3_QUALITY,0.3,8,1,43,0.028666666666666667
E3_QUALITY,0.3,8,2,74,0.04933333333333333
E3_QUALITY,0.3,8,3,184,0.12266666666666666
E3_QUALITY,0.3,8,4,1199,0.7993333333333333
E3_QUALITY,0.3,9,1,55,0.03666666666666667
E3_QUALITY,0.3,9,2,99,0.066
E3_QUALITY,0.3,9,3,211,0.14066666666666666
E3_QUALITY,0.3,9,4,1135,0.7566666666666667
E3_QUALITY,0.3,10,1,40,0.02666666666666667
E3_QUALITY,0.3,10,2,74,0.04933333333333333
E3_QUALITY,0.3,10,3,195,0.13
E3_QUALITY,0.3,10,4,1191,0.794
E3_QUALITY,0.3,11,1,35,0.023333333333333334
E3_QUALITY,0.3,11,2,92,0.06133333333333333
E3_QUALITY,0.3,11,3,178,0.11866666666666667
E3_QUALITY,0.3,11,4,1195,0.7966666666666666
E3_QUALITY,0.3,12,1,39,0.026
E3_QUALITY,0.3,12,2,90,0.06
E3_QUALITY,0.3,12,3,189,0.126
E3_QUALITY,0.3,12,4,1182,0.788
E3_QUALITY,0.3,13,1,39,0.026
E3_QUALITY,0.3,13,2,77,0.051333333333333335
E3_QUALITY,0.3,13,3,188,0.12533333333333332
E3_QUALITY,0.3,13,4,1196,0.7973333333333333
E3_QUALITY,0.3,14,1,36,0.024
E3_QUALITY,0.3,14,2,100,0.06666666666666667
E3_QUALITY,0.3,14,3,206,0.13733333333333334
E3_QUALITY,0.3,14,4,1158,0.772
E3_QUALITY,0.3,15,1,33,0.022
E3_QUALITY,0.3,15,2,80,0.05333333333333334
E3_QUALITY,0.3,15,3,173,0.11533333333333333
E3_QUALITY,0.3,15,4,1214,0.8093333333333333
E3_QUALITY,0.3,16,1,40,0.02666666666666667
E3_QUALITY,0.3,16,2,88,0.058666666666666666
E3_QUALITY,0.3,16,3,220,0.14666666666666667
E3_QUALITY,0.3,16,4,1152,0.768
E3_QUALITY,0.3,17,1,56,0.037333333333333336
E3_QUALITY,0.3,17,2,85,0.056666666666666664
E3_QUALITY,0.3,17,3,168,0.112
E3_QUALITY,0.3,17,4,1191,0.794
E3_QUALITY,0.3,18,1,51,0.034
E3_QUALITY,0.3,18,2,77,0.051333333333333335
E3_QUALITY,0.3,18,3,201,0.134
E3_QUALITY,0.3,18,4,1171,0.7806666666666666
E3_QUALITY,0.3,19,1,43,0.028666666666666667
E3_QUALITY,0.3,19,2,97,0.06466666666666666
E3_QUALITY,0.3,19,3,186,0.124
E3_QUALITY,0.3,19,4,1174,0.7826666666666666
E3_QUALITY,0.3,20,1,49,0.03266666666666666
E3_QUALITY,0.3,20,2,95,0.06333333333333334
E3_QUALITY,0.3,20,3,197,0.13133333333333333
E3_QUALITY,0.3,20,4,1159,0.7726666666666666
E3_QUALITY,0.3,21,1,33,0.022
E3_QUALITY,0.3,21,2,86,0.05733333333333333
E3_QUALITY,0.3,21,3,179,0.11933333333333333
E3_QUALITY,0.3,21,4,1202,0.8013333333333333
E3_QUALITY,0.3,22,1,39,0.026
E3_QUALITY,0.3,22,2,89,0.059333333333333335
E3_QUALITY,0.3,22,3,205,0.13666666666666666
E3_QUALITY,0.3,22,4,1167,0.778
E3_QUALITY,0.3,23,1,45,0.03
E3_QUALITY,0.3,23,2,93,0.062
E3_QUALITY,0.3,23,3,177,0.118
E3_QUALITY,0.3,23,4,1185,0.79
E3_QUALITY,0.3,24,1,47,0.03133333333333333
E3_QUALITY,0.3,24,2,107,0.07133333333333333
E3_QUALITY,0.3,24,3,209,0.13933333333333334
E3_QUALITY,0.3,24,4,1137,0.758
E3_QUALITY,0.3,25,1,39,0.026
E3_QUALITY,0.3,25,2,86,0.05733333333333333
E3_QUALITY,0.3,25,3,182,0.12133333333333333
E3_QUALITY,0.3,25,4,1193,0.7953333333333333
E3_QUALITY,0.3,26,1,44,0.029333333333333333
E3_QUALITY,0.3,26,2,99,0.066
E3_QUALITY,0.3,26,3,186,0.124
E3_QUALITY,0.3,26,4,1171,0.7806666666666666
E3_QUALITY,0.3,27,1,41,0.027333333333333334
E3_QUALITY,0.3,27,2,75,0.05
E3_QUALITY,0.3,27,3,202,0.13466666666666666
E3_QUALITY,0.3,27,4,1182,0.788
E3_QUALITY,0.3,28,1,45,0.03
E3_QUALITY,0.3,28,2,84,0.056
E3_QUALITY,0.3,28,3,216,0.144
E3_QUALITY,0.3,28,4,1155,0.77
E3_QUALITY,0.3,29,1,41,0.027333333333333334
E3_QUALITY,0.3,29,2,86,0.05733333333333333
E3_QUALITY,0.3,29,3,187,0.12466666666666666
E3_QUALITY,0.3,29,4,1186,0.7906666666666666
E3_QUALITY,0.3,30,1,56,0.037333333333333336
E3_QUALITY,0.3,30,2,72,0.048
E3_QUALITY,0.3,30,3,200,0.13333333333333333
E3_QUALITY,0.3,30,4,1172,0.7813333333333333
E3_QUALITY,0.3,31,1,47,0.03133333333333333
E3_QUALITY,0.3,31,2,73,0.048666666666666664
E3_QUALITY,0.3,31,3,203,0.13533333333333333
E3_QUALITY,0.3,31,4,1177,0.7846666666666666
E3_QUALITY,0.3,32,1,37,0.024666666666666667
E3_QUALITY,0.3,32,2,81,0.054
E3_QUALITY,0.3,32,3,207,0.138
E3_QUALITY,0.3,32,4,1175,0.7833333333333333
E3_QUALITY,0.3,33,1,41,0.027333333333333334
E3_QUALITY,0.3,33,2,81,0.054
E3_QUALITY,0.3,33,3,207,0.138
E3_QUALITY,0.3,33,4,1171,0.7806666666666666
E3_QUALITY,0.3,34,1,42,0.028
E3_QUALITY,0.3,34,2,97,0.06466666666666666
E3_QUALITY,0.3,34,3,182,0.12133333333333333
E3_QUALITY,0.3,34,4,1179,0.786
E3_QUALITY,0.3,35,1,40,0.02666666666666667
E3_QUALITY,0.3,35,2,84,0.056
E3_QUALITY,0.3,35,3,208,0.13866666666666666
E3_QUALITY,0.3,35,4,1168,0.7786666666666666
E3_QUALITY,0.3,36,1,49,0.03266666666666666
E3_QUALITY,0.3,36,2,77,0.051333333333333335
E3_QUALITY,0.3,36,3,197,0.13133333333333333
E3_QUALITY,0.3,36,4,1177,0.7846666666666666
E3_QUALITY,0.3,37,1,42,0.028
E3_QUALITY,0.3,37,2,108,0.072
E3_QUALITY,0.3,37,3,189,0.126
E3_QUALITY,0.3,37,4,1161,0.774
E3_QUALITY,0.3,38,1,41,0.027333333333333334
E3_QUALITY,0.3,38,2,77,0.051333333333333335
E3_QUALITY,0.3,38,3,167,0.11133333333333334
E3_QUALITY,0.3,38,4,1215,0.81
E3_QUALITY,0.3,39,1,44,0.029333333333333333
E3_QUALITY,0.3,39,2,84,0.056
E3_QUALITY,0.3,39,3,208,0.13866666666666666
E3_QUALITY,0.3,39,4,1164,0.776
E3_QUALITY,0.3,40,1,32,0.021333333333333333
E3_QUALITY,0.3,40,2,94,0.06266666666666666
E3_QUALITY,0.3,40,3,193,0.12866666666666668
E3_QUALITY,0.3,40,4,1181,0.7873333333333333
E3_QUALITY,0.3,41,1,45,0.03
E3_QUALITY,0.3,41,2,77,0.051333333333333335
E3_QUALITY,0.3,41,3,185,0.12333333333333334
E3_QUALITY,0.3,41,4,1193,0.7953333333333333
E3_QUALITY,0.3,42,1,42,0.028
E3_QUALITY,0.3,42,2,98,0.06533333333333333
E3_QUALITY,0.3,42,3,189,0.126
E3_QUALITY,0.3,42,4,1171,0.7806666666666666
E3_QUALITY,0.3,43,1,42,0.028
E3_QUALITY,0.3,43,2,92,0.06133333333333333
E3_QUALITY,0.3,43,3,170,0.11333333333333333
E3_QUALITY,0.3,43,4,1196,0.7973333333333333
E3_QUALITY,0.3,44,1,47,0.03133333333333333
E3_QUALITY,0.3,44,2,93,0.062
E3_QUALITY,0.3,44,3,202,0.13466666666666666
E3_QUALITY,0.3,44,4,1158,0.772
E3_QUALITY,0.3,45,1,37,0.024666666666666667
E3_QUALITY,0.3,45,2,101,0.06733333333333333
E3_QUALITY,0.3,45,3,176,0.11733333333333333
E3_QUALITY,0.3,45,4,1186,0.7906666666666666
E3_QUALITY,0.3,46,1,24,0.016
E3_QUALITY,0.3,46,2,90,0.06
E3_QUALITY,0.3,46,3,157,0.10466666666666667
E3_QUALITY,0.3,46,4,1229,0.8193333333333334
E3_QUALITY,0.3,47,1,40,0.02666666666666667
E3_QUALITY,0.3,47,2,77,0.051333333333333335
E3_QUALITY,0.3,47,3,196,0.13066666666666665
E3_QUALITY,0.3,47,4,1187,0.7913333333333333
E3_QUALITY,0.3,48,1,44,0.029333333333333333
E3_QUALITY,0.3,48,2,95,0.06333333333333334
E3_QUALITY,0.3,48,3,216,0.144
E3_QUALITY,0.3,48,4,1145,0.7633333333333333
E3_QUALITY,0.3,49,1,47,0.03133333333333333
E3_QUALITY,0.3,49,2,80,0.05333333333333334
E3_QUALITY,0.3,49,3,189,0.126
E3_QUALITY,0.3,49,4,1184,0.7893333333333333
E4_MIXED,0.0,0,1,1500,1.0
E4_MIXED,0.0,0,2,0,0.0
E4_MIXED,0.0,0,3,0,0.0
E4_MIXED,0.0,0,4,0,0.0
E4_MIXED,0.0,1,1,1500,1.0
E4_MIXED,0.0,1,2,0,0.0
E4_MIXED,0.0,1,3,0,0.0
E4_MIXED,0.0,1,4,0,0.0
E4_MIXED,0.0,2,1,1500,1.0
E4_MIXED,0.0,2,2,0,0.0
E4_MIXED,0.0,2,3,0,0.0
E4_MIXED,0.0,2,4,0,0.0
E4_MIXED,0.0,3,1,1500,1.0
E4_MIXED,0.0,3,2,0,0.0
E4_MIXED,0.0,3,3,0,0.0
E4_MIXED,0.0,3,4,0,0.0
E4_MIXED,0.0,4,1,1500,1.0
E4_MIXED,0.0,4,2,0,0.0
E4_MIXED,0.0,4,3,0,0.0
E4_MIXED,0.0,4,4,0,0.0
E4_MIXED,0.0,5,1,1500,1.0
E4_MIXED,0.0,5,2,0,0.0
E4_MIXED,0.0,5,3,0,0.0
E4_MIXED,0.0,5,4,0,0.0
E4_MIXED,0.0,6,1,1500,1.0
E4_MIXED,0.0,6,2,0,0.0
E4_MIXED,0.0,6,3,0,0.0
E4_MIXED,0.0,6,4,0,0.0
E4_MIXED,0.0,7,1,1500,1.0
E4_MIXED,0.0,7,2,0,0.0
E4_MIXED,0.0,7,3,0,0.0
E4_MIXED,0.0,7,4,0,0.0
E4_MIXED,0.0,8,1,1500,1.0
E4_MIXED,0.0,8,2,0,0.0
E4_MIXED,0.0,8,3,0,0.0
E4_MIXED,0.0,8,4,0,0.0
E4_MIXED,0.0,9,1,1500,1.0
E4_MIXED,0.0,9,2,0,0.0
E4_MIXED,0.0,9,3,0,0.0
E4_MIXED,0.0,9,4,0,0.0
E4_MIXED,0.0,10,1,1500,1.0
E4_MIXED,0.0,10,2,0,0.0
E4_MIXED,0.0,10,3,0,0.0
E4_MIXED,0.0,10,4,0,0.0
E4_MIXED,0.0,11,1,1500,1.0
E4_MIXED,0.0,11,2,0,0.0
E4_MIXED,0.0,11,3,0,0.0
E4_MIXED,0.0,11,4,0,0.0
E4_MIXED,0.0,12,1,1500,1.0
E4_MIXED,0.0,12,2,0,0.0
E4_MIXED,0.0,12,3,0,0.0
E4_MIXED,0.0,12,4,0,0.0
E4_MIXED,0.0,13,1,1500,1.0
E4_MIXED,0.0,13,2,0,0.0
E4_MIXED,0.0,13,3,0,0.0
E4_MIXED,0.0,13,4,0,0.0
E4_MIXED,0.0,14,1,1500,1.0
E4_MIXED,0.0,14,2,0,0.0
E4_MIXED,0.0,14,3,0,0.0
E4_MIXED,0.0,14,4,0,0.0
E4_MIXED,0.0,15,1,1500,1.0
E4_MIXED,0.0,15,2,0,0.0
E4_MIXED,0.0,15,3,0,0.0
E4_MIXED,0.0,15,4,0,0.0
E4_MIXED,0.0,16,1,1500,1.0
E4_MIXED,0.0,16,2,0,0.0
E4_MIXED,0.0,16,3,0,0.0
E4_MIXED,0.0,16,4,0,0.0
E4_MIXED,0.0,17,1,1500,1.0
E4_MIXED,0.0,17,2,0,0.0
E4_MIXED,0.0,17,3,0,0.0
E4_MIXED,0.0,17,4,0,0.0
E4_MIXED,0.0,18,1,1500,1.0
E4_MIXED,0.0,18,2,0,0.0
E4_MIXED,0.0,18,3,0,0.0
E4_MIXED,0.0,18,4,0,0.0
E4_MIXED,0.0,19,1,1500,1.0
E4_MIXED,0.0,19,2,0,0.0
E4_MIXED,0.0,19,3,0,0.0
E4_MIXED,0.0,19,4,0,0.0
E4_MIXED,0.0,20,1,1500,1.0
E4_MIXED,0.0,20,2,0,0.0
E4_MIXED,0.0,20,3,0,0.0
E4_MIXED,0.0,20,4,0,0.0
E4_MIXED,0.0,21,1,1500,1.0
E4_MIXED,0.0,21,2,0,0.0
E4_MIXED,0.0,21,3,0,0.0
E4_MIXED,0.0,21,4,0,0.0
E4_MIXED,0.0,22,1,1500,1.0
E4_MIXED,0.0,22,2,0,0.0
E4_MIXED,0.0,22,3,0,0.0
E4_MIXED,0.0,22,4,0,0.0
E4_MIXED,0.0,23,1,1500,1.0
E4_MIXED,0.0,23,2,0,0.0
E4_MIXED,0.0,23,3,0,0.0
E4_MIXED,0.0,23,4,0,0.0
E4_MIXED,0.0,24,1,1500,1.0
E4_MIXED,0.0,24,2,0,0.0
E4_MIXED,0.0,24,3,0,0.0
E4_MIXED,0.0,24,4,0,0.0
E4_MIXED,0.0,25,1,1500,1.0
E4_MIXED,0.0,25,2,0,0.0
E4_MIXED,0.0,25,3,0,0.0
E4_MIXED,0.0,25,4,0,0.0
E4_MIXED,0.0,26,1,1500,1.0
E4_MIXED,0.0,26,2,0,0.0
E4_MIXED,0.0,26,3,0,0.0
E4_MIXED,0.0,26,4,0,0.0
E4_MIXED,0.0,27,1,1500,1.0
E4_MIXED,0.0,27,2,0,0.0
E4_MIXED,0.0,27,3,0,0.0
E4_MIXED,0.0,27,4,0,0.0
E4_MIXED,0.0,28,1,1500,1.0
E4_MIXED,0.0,28,2,0,0.0
E4_MIXED,0.0,28,3,0,0.0
E4_MIXED,0.0,28,4,0,0.0
E4_MIXED,0.0,29,1,1500,1.0
E4_MIXED,0.0,29,2,0,0.0
E4_MIXED,0.0,29,3,0,0.0
E4_MIXED,0.0,29,4,0,0.0
E4_MIXED,0.0,30,1,1500,1.0
E4_MIXED,0.0,30,2,0,0.0
E4_MIXED,0.0,30,3,0,0.0
E4_MIXED,0.0,30,4,0,0.0
E4_MIXED,0.0,31,1,1500,1.0
E4_MIXED,0.0,31,2,0,0.0
E4_MIXED,0.0,31,3,0,0.0
E4_MIXED,0.0,31,4,0,0.0
E4_MIXED,0.0,32,1,1500,1.0
E4_MIXED,0.0,32,2,0,0.0
E4_MIXED,0.0,32,3,0,0.0
E4_MIXED,0.0,32,4,0,0.0
E4_MIXED,0.0,33,1,1500,1.0
E4_MIXED,0.0,33,2,0,0.0
E4_MIXED,0.0,33,3,0,0.0
E4_MIXED,0.0,33,4,0,0.0
E4_MIXED,0.0,34,1,1500,1.0
E4_MIXED,0.0,34,2,0,0.0
E4_MIXED,0.0,34,3,0,0.0
E4_MIXED,0.0,34,4,0,0.0
E4_MIXED,0.0,35,1,1500,1.0
E4_MIXED,0.0,35,2,0,0.0
E4_MIXED,0.0,35,3,0,0.0
E4_MIXED,0.0,35,4,0,0.0
E4_MIXED,0.0,36,1,1500,1.0
E4_MIXED,0.0,36,2,0,0.0
E4_MIXED,0.0,36,3,0,0.0
E4_MIXED,0.0,36,4,0,0.0
E4_MIXED,0.0,37,1,1500,1.0
E4_MIXED,0.0,37,2,0,0.0
E4_MIXED,0.0,37,3,0,0.0
E4_MIXED,0.0,37,4,0,0.0
E4_MIXED,0.0,38,1,1500,1.0
E4_MIXED,0.0,38,2,0,0.0
E4_MIXED,0.0,38,3,0,0.0
E4_MIXED,0.0,38,4,0,0.0
E4_MIXED,0.0,39,1,1500,1.0
E4_MIXED,0.0,39,2,0,0.0
E4_MIXED,0.0,39,3,0,0.0
E4_MIXED,0.0,39,4,0,0.0
E4_MIXED,0.0,40,1,1500,1.0
E4_MIXED,0.0,40,2,0,0.0
E4_MIXED,0.0,40,3,0,0.0
E4_MIXED,0.0,40,4,0,0.0
E4_MIXED,0.0,41,1,1500,1.0
E4_MIXED,0.0,41,2,0,0.0
E4_MIXED,0.0,41,3,0,0.0
E4_MIXED,0.0,41,4,0,0.0
E4_MIXED,0.0,42,1,1500,1.0
E4_MIXED,0.0,42,2,0,0.0
E4_MIXED,0.0,42,3,0,0.0
E4_MIXED,0.0,42,4,0,0.0
E4_MIXED,0.0,43,1,1500,1.0
E4_MIXED,0.0,43,2,0,0.0
E4_MIXED,0.0,43,3,0,0.0
E4_MIXED,0.0,43,4,0,0.0
E4_MIXED,0.0,44,1,1500,1.0
E4_MIXED,0.0,44,2,0,0.0
E4_MIXED,0.0,44,3,0,0.0
E4_MIXED,0.0,44,4,0,0.0
E4_MIXED,0.0,45,1,1500,1.0
E4_MIXED,0.0,45,2,0,0.0
E4_MIXED,0.0,45,3,0,0.0
E4_MIXED,0.0,45,4,0,0.0
E4_MIXED,0.0,46,1,1500,1.0
E4_MIXED,0.0,46,2,0,0.0
E4_MIXED,0.0,46,3,0,0.0
E4_MIXED,0.0,46,4,0,0.0
E4_MIXED,0.0,47,1,1500,1.0
E4_MIXED,0.0,47,2,0,0.0
E4_MIXED,0.0,47,3,0,0.0
E4_MIXED,0.0,47,4,0,0.0
E4_MIXED,0.0,48,1,1500,1.0
E4_MIXED,0.0,48,2,0,0.0
E4_MIXED,0.0,48,3,0,0.0
E4_MIXED,0.0,48,4,0,0.0
E4_MIXED,0.0,49,1,1500,1.0
E4_MIXED,0.0,49,2,0,0.0
E4_MIXED,0.0,49,3,0,0.0
E4_MIXED,0.0,49,4,0,0.0
E4_MIXED,0.05,0,1,958,0.6386666666666667
E4_MIXED,0.05,0,2,426,0.284
E4_MIXED,0.05,0,3,106,0.07066666666666667
E4_MIXED,0.05,0,4,10,0.006666666666666667
E4_MIXED,0.05,1,1,1007,0.6713333333333333
E4_MIXED,0.05,1,2,386,0.25733333333333336
E4_MIXED,0.05,1,3,96,0.064
E4_MIXED,0.05,1,4,11,0.007333333333333333
E4_MIXED,0.05,2,1,960,0.64
E4_MIXED,0.05,2,2,419,0.2793333333333333
E4_MIXED,0.05,2,3,101,0.06733333333333333
E4_MIXED,0.05,2,4,20,0.013333333333333334
E4_MIXED,0.05,3,1,977,0.6513333333333333
E4_MIXED,0.05,3,2,401,0.2673333333333333
E4_MIXED,0.05,3,3,108,0.072
E4_MIXED,0.05,3,4,14,0.009333333333333334
E4_MIXED,0.05,4,1,968,0.6453333333333333
E4_MIXED,0.05,4,2,407,0.2713333333333333
E4_MIXED,0.05,4,3,110,0.07333333333333333
E4_MIXED,0.05,4,4,15,0.01
E4_MIXED,0.05,5,1,967,0.6446666666666667
E4_MIXED,0.05,5,2,397,0.26466666666666666
E4_MIXED,0.05,5,3,123,0.082
E4_MIXED,0.05,5,4,13,0.008666666666666666
E4_MIXED,0.05,6,1,983,0.6553333333333333
E4_MIXED,0.05,6,2,398,0.2653333333333333
E4_MIXED,0.05,6,3,104,0.06933333333333333
E4_MIXED,0.05,6,4,15,0.01
E4_MIXED,0.05,7,1,992,0.6613333333333333
E4_MIXED,0.05,7,2,399,0.266
E4_MIXED,0.05,7,3,90,0.06
E4_MIXED,0.05,7,4,19,0.012666666666666666
E4_MIXED,0.05,8,1,992,0.6613333333333333
E4_MIXED,0.05,8,2,373,0.24866666666666667
E4_MIXED,0.05,8,3,119,0.07933333333333334
E4_MIXED,0.05,8,4,16,0.010666666666666666
E4_MIXED,0.05,9,1,993,0.662
E4_MIXED,0.05,9,2,389,0.25933333333333336
E4_MIXED,0.05,9,3,108,0.072
E4_MIXED,0.05,9,4,10,0.006666666666666667
E4_MIXED,0.05,10,1,984,0.656
E4_MIXED,0.05,10,2,401,0.2673333333333333
E4_MIXED,0.05,10,3,101,0.06733333333333333
E4_MIXED,0.05,10,4,14,0.009333333333333334
E4_MIXED,0.05,11,1,1032,0.688
E4_MIXED,0.05,11,2,366,0.244
E4_MIXED,0.05,11,3,85,0.056666666666666664
E4_MIXED,0.05,11,4,17,0.011333333333333334
E4_MIXED,0.05,12,1,1005,0.67
E4_MIXED,0.05,12,2,388,0.25866666666666666
E4_MIXED,0.05,12,3,92,0.06133333333333333
E4_MIXED,0.05,12,4,15,0.01
E4_MIXED,0.05,13,1,983,0.6553333333333333
E4_MIXED,0.05,13,2,426,0.284
E4_MIXED,0.05,13,3,79,0.05266666666666667
E4_MIXED,0.05,13,4,12,0.008
E4_MIXED,0.05,14,1,952,0.6346666666666667
E4_MIXED,0.05,14,2,419,0.2793333333333333
E4_MIXED,0.05,14,3,112,0.07466666666666667
E4_MIXED,0.05,14,4,17,0.011333333333333334
E4_MIXED,0.05,15,1,990,0.66
E4_MIXED,0.05,15,2,369,0.246
E4_MIXED,0.05,15,3,128,0.08533333333333333
E4_MIXED,0.05,15,4,13,0.008666666666666666
E4_MIXED,0.05,16,1,968,0.6453333333333333
E4_MIXED,0.05,16,2,402,0.268
E4_MIXED,0.05,16,3,115,0.07666666666666666
E4_MIXED,0.05,16,4,15,0.01
E4_MIXED,0.05,17,1,1012,0.6746666666666666
E4_MIXED,0.05,17,2,371,0.24733333333333332
E4_MIXED,0.05,17,3,104,0.06933333333333333
E4_MIXED,0.05,17,4,13,0.008666666666666666
E4_MIXED,0.05,18,1,992,0.6613333333333333
E4_MIXED,0.05,18,2,409,0.27266666666666667
E4_MIXED,0.05,18,3,82,0.05466666666666667
E4_MIXED,0.05,18,4,17,0.011333333333333334
E4_MIXED,0.05,19,1,962,0.6413333333333333
E4_MIXED,0.05,19,2,392,0.2613333333333333
E4_MIXED,0.05,19,3,134,0.08933333333333333
E4_MIXED,0.05,19,4,12,0.008
E4_MIXED,0.05,20,1,955,0.6366666666666667
E4_MIXED,0.05,20,2,413,0.2753333333333333
E4_MIXED,0.05,20,3,115,0.07666666666666666
E4_MIXED,0.05,20,4,17,0.011333333333333334
E4_MIXED,0.05,21,1,973,0.6486666666666666
E4_MIXED,0.05,21,2,409,0.27266666666666667
E4_MIXED,0.05,21,3,104,0.06933333333333333
E4_MIXED,0.05,21,4,14,0.009333333333333334
E4_MIXED,0.05,22,1,1015,0.6766666666666666
E4_MIXED,0.05,22,2,371,0.24733333333333332
E4_MIXED,0.05,22,3,108,0.072
E4_MIXED,0.05,22,4,6,0.004
E4_MIXED,0.05,23,1,969,0.646
E4_MIXED,0.05,23,2,418,0.2786666666666667
E4_MIXED,0.05,23,3,103,0.06866666666666667
E4_MIXED,0.05,23,4,10,0.006666666666666667
E4_MIXED,0.05,24,1,978,0.652
E4_MIXED,0.05,24,2,422,0.2813333333333333
E4_MIXED,0.05,24,3,86,0.05733333333333333
E4_MIXED,0.05,24,4,14,0.009333333333333334
E4_MIXED,0.05,25,1,978,0.652
E4_MIXED,0.05,25,2,399,0.266
E4_MIXED,0.05,25,3,108,0.072
E4_MIXED,0.05,25,4,15,0.01
E4_MIXED,0.05,26,1,1019,0.6793333333333333
E4_MIXED,0.05,26,2,364,0.24266666666666667
E4_MIXED,0.05,26,3,107,0.07133333333333333
E4_MIXED,0.05,26,4,10,0.006666666666666667
E4_MIXED,0.05,27,1,972,0.648
E4_MIXED,0.05,27,2,401,0.2673333333333333
E4_MIXED,0.05,27,3,111,0.074
E4_MIXED,0.05,27,4,16,0.010666666666666666
E4_MIXED,0.05,28,1,954,0.636
E4_MIXED,0.05,28,2,409,0.27266666666666667
E4_MIXED,0.05,28,3,123,0.082
E4_MIXED,0.05,28,4,14,0.009333333333333334
E4_MIXED,0.05,29,1,975,0.65
E4_MIXED,0.05,29,2,401,0.2673333333333333
E4_MIXED,0.05,29,3,112,0.07466666666666667
E4_MIXED,0.05,29,4,12,0.008
E4_MIXED,0.05,30,1,971,0.6473333333333333
E4_MIXED,0.05,30,2,397,0.26466666666666666
E4_MIXED,0.05,30,3,122,0.08133333333333333
E4_MIXED,0.05,30,4,10,0.006666666666666667
E4_MIXED,0.05,31,1,955,0.6366666666666667
E4_MIXED,0.05,31,2,416,0.2773333333333333
E4_MIXED,0.05,31,3,115,0.07666666666666666
E4_MIXED,0.05,31,4,14,0.009333333333333334
E4_MIXED,0.05,32,1,1004,0.6693333333333333
E4_MIXED,0.05,32,2,370,0.24666666666666667
E4_MIXED,0.05,32,3,112,0.07466666666666667
E4_MIXED,0.05,32,4,14,0.009333333333333334
E4_MIXED,0.05,33,1,992,0.6613333333333333
E4_MIXED,0.05,33,2,385,0.25666666666666665
E4_MIXED,0.05,33,3,101,0.06733333333333333
E4_MIXED,0.05,33,4,22,0.014666666666666666
E4_MIXED,0.05,34,1,987,0.658
E4_MIXED,0.05,34,2,388,0.25866666666666666
E4_MIXED,0.05,34,3,110,0.07333333333333333
E4_MIXED,0.05,34,4,15,0.01
E4_MIXED,0.05,35,1,933,0.622
E4_MIXED,0.05,35,2,427,0.2846666666666667
E4_MIXED,0.05,35,3,118,0.07866666666666666
E4_MIXED,0.05,35,4,22,0.014666666666666666
E4_MIXED,0.05,36,1,1007,0.6713333333333333
E4_MIXED,0.05,36,2,386,0.25733333333333336
E4_MIXED,0.05,36,3,90,0.06
E4_MIXED,0.05,36,4,17,0.011333333333333334
E4_MIXED,0.05,37,1,990,0.66
E4_MIXED,0.05,37,2,400,0.26666666666666666
E4_MIXED,0.05,37,3,96,0.064
E4_MIXED,0.05,37,4,14,0.009333333333333334
E4_MIXED,0.05,38,1,956,0.6373333333333333
E4_MIXED,0.05,38,2,432,0.288
E4_MIXED,0.05,38,3,100,0.06666666666666667
E4_MIXED,0.05,38,4,12,0.008
E4_MIXED,0.05,39,1,992,0.6613333333333333
E4_MIXED,0.05,39,2,370,0.24666666666666667
E4_MIXED,0.05,39,3,124,0.08266666666666667
E4_MIXED,0.05,39,4,14,0.009333333333333334
E4_MIXED,0.05,40,1,986,0.6573333333333333
E4_MIXED,0.05,40,2,417,0.278
E4_MIXED,0.05,40,3,80,0.05333333333333334
E4_MIXED,0.05,40,4,17,0.011333333333333334
E4_MIXED,0.05,41,1,999,0.666
E4_MIXED,0.05,41,2,365,0.24333333333333335
E4_MIXED,0.05,41,3,123,0.082
E4_MIXED,0.05,41,4,13,0.008666666666666666
E4_MIXED,0.05,42,1,994,0.6626666666666666
E4_MIXED,0.05,42,2,384,0.256
E4_MIXED,0.05,42,3,103,0.06866666666666667
E4_MIXED,0.05,42,4,19,0.012666666666666666
E4_MIXED,0.05,43,1,959,0.6393333333333333
E4_MIXED,0.05,43,2,419,0.2793333333333333
E4_MIXED,0.05,43,3,101,0.06733333333333333
E4_MIXED,0.05,43,4,21,0.014
E4_MIXED,0.05,44,1,1003,0.6686666666666666
E4_MIXED,0.05,44,2,386,0.25733333333333336
E4_MIXED,0.05,44,3,101,0.06733333333333333
E4_MIXED,0.05,44,4,10,0.006666666666666667
E4_MIXED,0.05,45,1,971,0.6473333333333333
E4_MIXED,0.05,45,2,418,0.2786666666666667
E4_MIXED,0.05,45,3,100,0.06666666666666667
E4_MIXED,0.05,45,4,11,0.007333333333333333
E4_MIXED,0.05,46,1,971,0.6473333333333333
E4_MIXED,0.05,46,2,417,0.278
E4_MIXED,0.05,46,3,98,0.06533333333333333
E4_MIXED,0.05,46,4,14,0.009333333333333334
E4_MIXED,0.05,47,1,1008,0.672
E4_MIXED,0.05,47,2,366,0.244
E4_MIXED,0.05,47,3,110,0.07333333333333333
E4_MIXED,0.05,47,4,16,0.010666666666666666
E4_MIXED,0.05,48,1,983,0.6553333333333333
E4_MIXED,0.05,48,2,395,0.2633333333333333
E4_MIXED,0.05,48,3,108,0.072
E4_MIXED,0.05,48,4,14,0.009333333333333334
E4_MIXED,0.05,49,1,989,0.6593333333333333
E4_MIXED,0.05,49,2,397,0.26466666666666666
E4_MIXED,0.05,49,3,97,0.06466666666666666
E4_MIXED,0.05,49,4,17,0.011333333333333334
E4_MIXED,0.1,0,1,599,0.3993333333333333
E4_MIXED,0.1,0,2,494,0.3293333333333333
E4_MIXED,0.1,0,3,297,0.198
E4_MIXED,0.1,0,4,110,0.07333333333333333
E4_MIXED,0.1,1,1,606,0.404
E4_MIXED,0.1,1,2,514,0.3426666666666667
E4_MIXED,0.1,1,3,279,0.186
E4_MIXED,0.1,1,4,101,0.06733333333333333
E4_MIXED,0.1,2,1,581,0.3873333333333333
E4_MIXED,0.1,2,2,477,0.318
E4_MIXED,0.1,2,3,323,0.21533333333333332
E4_MIXED,0.1,2,4,119,0.07933333333333334
E4_MIXED,0.1,3,1,581,0.3873333333333333
E4_MIXED,0.1,3,2,505,0.33666666666666667
E4_MIXED,0.1,3,3,306,0.204
E4_MIXED,0.1,3,4,108,0.072
E4_MIXED,0.1,4,1,612,0.408
E4_MIXED,0.1,4,2,469,0.31266666666666665
E4_MIXED,0.1,4,3,304,0.20266666666666666
E4_MIXED,0.1,4,4,115,0.07666666666666666
E4_MIXED,0.1,5,1,604,0.4026666666666667
E4_MIXED,0.1,5,2,484,0.32266666666666666
E4_MIXED,0.1,5,3,304,0.20266666666666666
E4_MIXED,0.1,5,4,108,0.072
E4_MIXED,0.1,6,1,611,0.4073333333333333
E4_MIXED,0.1,6,2,512,0.3413333333333333
E4_MIXED,0.1,6,3,279,0.186
E4_MIXED,0.1,6,4,98,0.06533333333333333
E4_MIXED,0.1,7,1,617,0.41133333333333333
E4_MIXED,0.1,7,2,486,0.324
E4_MIXED,0.1,7,3,283,0.18866666666666668
E4_MIXED,0.1,7,4,114,0.076
E4_MIXED,0.1,8,1,632,0.42133333333333334
E4_MIXED,0.1,8,2,480,0.32
E4_MIXED,0.1,8,3,288,0.192
E4_MIXED,0.1,8,4,100,0.06666666666666667
E4_MIXED,0.1,9,1,608,0.4053333333333333
E4_MIXED,0.1,9,2,517,0.3446666666666667
E4_MIXED,0.1,9,3,272,0.18133333333333335
E4_MIXED,0.1,9,4,103,0.06866666666666667
E4_MIXED,0.1,10,1,590,0.3933333333333333
E4_MIXED,0.1,10,2,499,0.33266666666666667
E4_MIXED,0.1,10,3,326,0.21733333333333332
E4_MIXED,0.1,10,4,85,0.056666666666666664
E4_MIXED,0.1,11,1,619,0.4126666666666667
E4_MIXED,0.1,11,2,520,0.3466666666666667
E4_MIXED,0.1,11,3,267,0.178
E4_MIXED,0.1,11,4,94,0.06266666666666666
E4_MIXED,0.1,12,1,622,0.4146666666666667
E4_MIXED,0.1,12,2,513,0.342
E4_MIXED,0.1,12,3,254,0.16933333333333334
E4_MIXED,0.1,12,4,111,0.074
E4_MIXED,0.1,13,1,608,0.4053333333333333
E4_MIXED,0.1,13,2,503,0.3353333333333333
E4_MIXED,0.1,13,3,284,0.18933333333333333
E4_MIXED,0.1,13,4,105,0.07
E4_MIXED,0.1,14,1,624,0.416
E4_MIXED,0.1,14,2,444,0.296
E4_MIXED,0.1,14,3,315,0.21
E4_MIXED,0.1,14,4,117,0.078
E4_MIXED,0.1,15,1,608,0.4053333333333333
E4_MIXED,0.1,15,2,487,0.32466666666666666
E4_MIXED,0.1,15,3,303,0.202
E4_MIXED,0.1,15,4,102,0.068
E4_MIXED,0.1,16,1,594,0.396
E4_MIXED,0.1,16,2,480,0.32
E4_MIXED,0.1,16,3,316,0.21066666666666667
E4_MIXED,0.1,16,4,110,0.07333333333333333
E4_MIXED,0.1,17,1,632,0.42133333333333334
E4_MIXED,0.1,17,2,473,0.31533333333333335
E4_MIXED,0.1,17,3,288,0.192
E4_MIXED,0.1,17,4,107,0.07133333333333333
E4_MIXED,0.1,18,1,633,0.422
E4_MIXED,0.1,18,2,482,0.32133333333333336
E4_MIXED,0.1,18,3,282,0.188
E4_MIXED,0.1,18,4,103,0.06866666666666667
E4_MIXED,0.1,19,1,562,0.37466666666666665
E4_MIXED,0.1,19,2,530,0.35333333333333333
E4_MIXED,0.1,19,3,300,0.2
E4_MIXED,0.1,19,4,108,0.072
E4_MIXED,0.1,20,1,551,0.36733333333333335
E4_MIXED,0.1,20,2,520,0.3466666666666667
E4_MIXED,0.1,20,3,326,0.21733333333333332
E4_MIXED,0.1,20,4,103,0.06866666666666667
E4_MIXED,0.1,21,1,595,0.39666666666666667
E4_MIXED,0.1,21,2,488,0.3253333333333333
E4_MIXED,0.1,21,3,309,0.206
E4_MIXED,0.1,21,4,108,0.072
E4_MIXED,0.1,22,1,647,0.43133333333333335
E4_MIXED,0.1,22,2,478,0.31866666666666665
E4_MIXED,0.1,22,3,295,0.19666666666666666
E4_MIXED,0.1,22,4,80,0.05333333333333334
E4_MIXED,0.1,23,1,600,0.4
E4_MIXED,0.1,23,2,485,0.3233333333333333
E4_MIXED,0.1,23,3,316,0.21066666666666667
E4_MIXED,0.1,23,4,99,0.066
E4_MIXED,0.1,24,1,585,0.39
E4_MIXED,0.1,24,2,480,0.32
E4_MIXED,0.1,24,3,310,0.20666666666666667
E4_MIXED,0.1,24,4,125,0.08333333333333333
E4_MIXED,0.1,25,1,602,0.4013333333333333
E4_MIXED,0.1,25,2,516,0.344
E4_MIXED,0.1,25,3,272,0.18133333333333335
E4_MIXED,0.1,25,4,110,0.07333333333333333
E4_MIXED,0.1,26,1,616,0.4106666666666667
E4_MIXED,0.1,26,2,511,0.3406666666666667
E4_MIXED,0.1,26,3,270,0.18
E4_MIXED,0.1,26,4,103,0.06866666666666667
E4_MIXED,0.1,27,1,603,0.402
E4_MIXED,0.1,27,2,502,0.33466666666666667
E4_MIXED,0.1,27,3,272,0.18133333333333335
E4_MIXED,0.1,27,4,123,0.082
E4_MIXED,0.1,28,1,581,0.3873333333333333
E4_MIXED,0.1,28,2,497,0.3313333333333333
E4_MIXED,0.1,28,3,313,0.20866666666666667
E4_MIXED,0.1,28,4,109,0.07266666666666667
E4_MIXED,0.1,29,1,574,0.38266666666666665
E4_MIXED,0.1,29,2,519,0.346
E4_MIXED,0.1,29,3,299,0.19933333333333333
E4_MIXED,0.1,29,4,108,0.072
E4_MIXED,0.1,30,1,597,0.398
E4_MIXED,0.1,30,2,480,0.32
E4_MIXED,0.1,30,3,310,0.20666666666666667
E4_MIXED,0.1,30,4,113,0.07533333333333334
E4_MIXED,0.1,31,1,587,0.3913333333333333
E4_MIXED,0.1,31,2,469,0.31266666666666665
E4_MIXED,0.1,31,3,308,0.20533333333333334
E4_MIXED,0.1,31,4,136,0.09066666666666667
E4_MIXED,0.1,32,1,622,0.4146666666666667
E4_MIXED,0.1,32,2,474,0.316
E4_MIXED,0.1,32,3,293,0.19533333333333333
E4_MIXED,0.1,32,4,111,0.074
E4_MIXED,0.1,33,1,631,0.4206666666666667
E4_MIXED,0.1,33,2,491,0.3273333333333333
E4_MIXED,0.1,33,3,265,0.17666666666666667
E4_MIXED,0.1,33,4,113,0.07533333333333334
E4_MIXED,0.1,34,1,606,0.404
E4_MIXED,0.1,34,2,493,0.32866666666666666
E4_MIXED,0.1,34,3,287,0.19133333333333333
E4_MIXED,0.1,34,4,114,0.076
E4_MIXED,0.1,35,1,597,0.398
E4_MIXED,0.1,35,2,504,0.336
E4_MIXED,0.1,35,3,269,0.17933333333333334
E4_MIXED,0.1,35,4,130,0.08666666666666667
E4_MIXED,0.1,36,1,610,0.4066666666666667
E4_MIXED,0.1,36,2,506,0.3373333333333333
E4_MIXED,0.1,36,3,280,0.18666666666666668
E4_MIXED,0.1,36,4,104,0.06933333333333333
E4_MIXED,0.1,37,1,587,0.3913333333333333
E4_MIXED,0.1,37,2,532,0.3546666666666667
E4_MIXED,0.1,37,3,285,0.19
E4_MIXED,0.1,37,4,96,0.064
E4_MIXED,0.1,38,1,568,0.37866666666666665
E4_MIXED,0.1,38,2,508,0.33866666666666667
E4_MIXED,0.1,38,3,318,0.212
E4_MIXED,0.1,38,4,106,0.07066666666666667
E4_MIXED,0.1,39,1,613,0.4086666666666667
E4_MIXED,0.1,39,2,478,0.31866666666666665
E4_MIXED,0.1,39,3,304,0.20266666666666666
E4_MIXED,0.1,39,4,105,0.07
E4_MIXED,0.1,40,1,608,0.4053333333333333
E4_MIXED,0.1,40,2,496,0.33066666666666666
E4_MIXED,0.1,40,3,297,0.198
E4_MIXED,0.1,40,4,99,0.066
E4_MIXED,0.1,41,1,627,0.418
E4_MIXED,0.1,41,2,475,0.31666666666666665
E4_MIXED,0.1,41,3,299,0.19933333333333333
E4_MIXED,0.1,41,4,99,0.066
E4_MIXED,0.1,42,1,592,0.39466666666666667
E4_MIXED,0.1,42,2,486,0.324
E4_MIXED,0.1,42,3,300,0.2
E4_MIXED,0.1,42,4,122,0.08133333333333333
E4_MIXED,0.1,43,1,576,0.384
E4_MIXED,0.1,43,2,517,0.3446666666666667
E4_MIXED,0.1,43,3,298,0.19866666666666666
E4_MIXED,0.1,43,4,109,0.07266666666666667
E4_MIXED,0.1,44,1,625,0.4166666666666667
E4_MIXED,0.1,44,2,489,0.326
E4_MIXED,0.1,44,3,271,0.18066666666666667
E4_MIXED,0.1,44,4,115,0.07666666666666666
E4_MIXED,0.1,45,1,559,0.37266666666666665
E4_MIXED,0.1,45,2,514,0.3426666666666667
E4_MIXED,0.1,45,3,310,0.20666666666666667
E4_MIXED,0.1,45,4,117,0.078
E4_MIXED,0.1,46,1,615,0.41
E4_MIXED,0.1,46,2,478,0.31866666666666665
E4_MIXED,0.1,46,3,297,0.198
E4_MIXED,0.1,46,4,110,0.07333333333333333
E4_MIXED,0.1,47,1,600,0.4
E4_MIXED,0.1,47,2,479,0.31933333333333336
E4_MIXED,0.1,47,3,321,0.214
E4_MIXED,0.1,47,4,100,0.06666666666666667
E4_MIXED,0.1,48,1,630,0.42
E4_MIXED,0.1,48,2,473,0.31533333333333335
E4_MIXED,0.1,48,3,284,0.18933333333333333
E4_MIXED,0.1,48,4,113,0.07533333333333334
E4_MIXED,0.1,49,1,607,0.4046666666666667
E4_MIXED,0.1,49,2,487,0.32466666666666666
E4_MIXED,0.1,49,3,313,0.20866666666666667
E4_MIXED,0.1,49,4,93,0.062
E4_MIXED,0.15,0,1,353,0.23533333333333334
E4_MIXED,0.15,0,2,420,0.28
E4_MIXED,0.15,0,3,407,0.2713333333333333
E4_MIXED,0.15,0,4,320,0.21333333333333335
E4_MIXED,0.15,1,1,343,0.22866666666666666
E4_MIXED,0.15,1,2,421,0.2806666666666667
E4_MIXED,0.15,1,3,429,0.286
E4_MIXED,0.15,1,4,307,0.20466666666666666
E4_MIXED,0.15,2,1,322,0.21466666666666667
E4_MIXED,0.15,2,2,410,0.2733333333333333
E4_MIXED,0.15,2,3,431,0.28733333333333333
E4_MIXED,0.15,2,4,337,0.22466666666666665
E4_MIXED,0.15,3,1,308,0.20533333333333334
E4_MIXED,0.15,3,2,431,0.28733333333333333
E4_MIXED,0.15,3,3,430,0.2866666666666667
E4_MIXED,0.15,3,4,331,0.22066666666666668
E4_MIXED,0.15,4,1,353,0.23533333333333334
E4_MIXED,0.15,4,2,393,0.262
E4_MIXED,0.15,4,3,426,0.284
E4_MIXED,0.15,4,4,328,0.21866666666666668
E4_MIXED,0.15,5,1,348,0.232
E4_MIXED,0.15,5,2,432,0.288
E4_MIXED,0.15,5,3,395,0.2633333333333333
E4_MIXED,0.15,5,4,325,0.21666666666666667
E4_MIXED,0.15,6,1,364,0.24266666666666667
E4_MIXED,0.15,6,2,446,0.29733333333333334
E4_MIXED,0.15,6,3,418,0.2786666666666667
E4_MIXED,0.15,6,4,272,0.18133333333333335
E4_MIXED,0.15,7,1,364,0.24266666666666667
E4_MIXED,0.15,7,2,407,0.2713333333333333
E4_MIXED,0.15,7,3,427,0.2846666666666667
E4_MIXED,0.15,7,4,302,0.20133333333333334
E4_MIXED,0.15,8,1,357,0.238
E4_MIXED,0.15,8,2,429,0.286
E4_MIXED,0.15,8,3,391,0.26066666666666666
E4_MIXED,0.15,8,4,323,0.21533333333333332
E4_MIXED,0.15,9,1,363,0.242
E4_MIXED,0.15,9,2,423,0.282
E4_MIXED,0.15,9,3,406,0.27066666666666667
E4_MIXED,0.15,9,4,308,0.20533333333333334
E4_MIXED,0.15,10,1,316,0.21066666666666667
E4_MIXED,0.15,10,2,433,0.2886666666666667
E4_MIXED,0.15,10,3,437,0.29133333333333333
E4_MIXED,0.15,10,4,314,0.20933333333333334
E4_MIXED,0.15,11,1,365,0.24333333333333335
E4_MIXED,0.15,11,2,464,0.30933333333333335
E4_MIXED,0.15,11,3,393,0.262
E4_MIXED,0.15,11,4,278,0.18533333333333332
E4_MIXED,0.15,12,1,353,0.23533333333333334
E4_MIXED,0.15,12,2,438,0.292
E4_MIXED,0.15,12,3,419,0.2793333333333333
E4_MIXED,0.15,12,4,290,0.19333333333333333
E4_MIXED,0.15,13,1,329,0.21933333333333332
E4_MIXED,0.15,13,2,439,0.2926666666666667
E4_MIXED,0.15,13,3,403,0.26866666666666666
E4_MIXED,0.15,13,4,329,0.21933333333333332
E4_MIXED,0.15,14,1,333,0.222
E4_MIXED,0.15,14,2,401,0.2673333333333333
E4_MIXED,0.15,14,3,452,0.30133333333333334
E4_MIXED,0.15,14,4,314,0.20933333333333334
E4_MIXED,0.15,15,1,334,0.22266666666666668
E4_MIXED,0.15,15,2,446,0.29733333333333334
E4_MIXED,0.15,15,3,420,0.28
E4_MIXED,0.15,15,4,300,0.2
E4_MIXED,0.15,16,1,327,0.218
E4_MIXED,0.15,16,2,413,0.2753333333333333
E4_MIXED,0.15,16,3,418,0.2786666666666667
E4_MIXED,0.15,16,4,342,0.228
E4_MIXED,0.15,17,1,366,0.244
E4_MIXED,0.15,17,2,403,0.26866666666666666
E4_MIXED,0.15,17,3,419,0.2793333333333333
E4_MIXED,0.15,17,4,312,0.208
E4_MIXED,0.15,18,1,353,0.23533333333333334
E4_MIXED,0.15,18,2,419,0.2793333333333333
E4_MIXED,0.15,18,3,426,0.284
E4_MIXED,0.15,18,4,302,0.20133333333333334
E4_MIXED,0.15,19,1,333,0.222
E4_MIXED,0.15,19,2,421,0.2806666666666667
E4_MIXED,0.15,19,3,428,0.2853333333333333
E4_MIXED,0.15,19,4,318,0.212
E4_MIXED,0.15,20,1,328,0.21866666666666668
E4_MIXED,0.15,20,2,410,0.2733333333333333
E4_MIXED,0.15,20,3,432,0.288
E4_MIXED,0.15,20,4,330,0.22
E4_MIXED,0.15,21,1,358,0.23866666666666667
E4_MIXED,0.15,21,2,407,0.2713333333333333
E4_MIXED,0.15,21,3,420,0.28
E4_MIXED,0.15,21,4,315,0.21
E4_MIXED,0.15,22,1,364,0.24266666666666667
E4_MIXED,0.15,22,2,449,0.29933333333333334
E4_MIXED,0.15,22,3,406,0.27066666666666667
E4_MIXED,0.15,22,4,281,0.18733333333333332
E4_MIXED,0.15,23,1,337,0.22466666666666665
E4_MIXED,0.15,23,2,421,0.2806666666666667
E4_MIXED,0.15,23,3,433,0.2886666666666667
E4_MIXED,0.15,23,4,309,0.206
E4_MIXED,0.15,24,1,331,0.22066666666666668
E4_MIXED,0.15,24,2,395,0.2633333333333333
E4_MIXED,0.15,24,3,423,0.282
E4_MIXED,0.15,24,4,351,0.234
E4_MIXED,0.15,25,1,335,0.22333333333333333
E4_MIXED,0.15,25,2,424,0.2826666666666667
E4_MIXED,0.15,25,3,422,0.2813333333333333
E4_MIXED,0.15,25,4,319,0.21266666666666667
E4_MIXED,0.15,26,1,374,0.24933333333333332
E4_MIXED,0.15,26,2,430,0.2866666666666667
E4_MIXED,0.15,26,3,404,0.2693333333333333
E4_MIXED,0.15,26,4,292,0.19466666666666665
E4_MIXED,0.15,27,1,374,0.24933333333333332
E4_MIXED,0.15,27,2,410,0.2733333333333333
E4_MIXED,0.15,27,3,381,0.254
E4_MIXED,0.15,27,4,335,0.22333333333333333
E4_MIXED,0.15,28,1,339,0.226
E4_MIXED,0.15,28,2,411,0.274
E4_MIXED,0.15,28,3,440,0.29333333333333333
E4_MIXED,0.15,28,4,310,0.20666666666666667
E4_MIXED,0.15,29,1,310,0.20666666666666667
E4_MIXED,0.15,29,2,436,0.2906666666666667
E4_MIXED,0.15,29,3,419,0.2793333333333333
E4_MIXED,0.15,29,4,335,0.22333333333333333
E4_MIXED,0.15,30,1,336,0.224
E4_MIXED,0.15,30,2,394,0.26266666666666666
E4_MIXED,0.15,30,3,474,0.316
E4_MIXED,0.15,30,4,296,0.19733333333333333
E4_MIXED,0.15,31,1,333,0.222
E4_MIXED,0.15,31,2,409,0.27266666666666667
E4_MIXED,0.15,31,3,424,0.2826666666666667
E4_MIXED,0.15,31,4,334,0.22266666666666668
E4_MIXED,0.15,32,1,343,0.22866666666666666
E4_MIXED,0.15,32,2,445,0.2966666666666667
E4_MIXED,0.15,32,3,400,0.26666666666666666
E4_MIXED,0.15,32,4,312,0.208
E4_MIXED,0.15,33,1,367,0.24466666666666667
E4_MIXED,0.15,33,2,404,0.2693333333333333
E4_MIXED,0.15,33,3,427,0.2846666666666667
E4_MIXED,0.15,33,4,302,0.20133333333333334
E4_MIXED,0.15,34,1,347,0.23133333333333334
E4_MIXED,0.15,34,2,429,0.286
E4_MIXED,0.15,34,3,412,0.27466666666666667
E4_MIXED,0.15,34,4,312,0.208
E4_MIXED,0.15,35,1,344,0.22933333333333333
E4_MIXED,0.15,35,2,397,0.26466666666666666
E4_MIXED,0.15,35,3,421,0.2806666666666667
E4_MIXED,0.15,35,4,338,0.22533333333333333
E4_MIXED,0.15,36,1,363,0.242
E4_MIXED,0.15,36,2,429,0.286
E4_MIXED,0.15,36,3,414,0.276
E4_MIXED,0.15,36,4,294,0.196
E4_MIXED,0.15,37,1,318,0.212
E4_MIXED,0.15,37,2,435,0.29
E4_MIXED,0.15,37,3,440,0.29333333333333333
E4_MIXED,0.15,37,4,307,0.20466666666666666
E4_MIXED,0.15,38,1,304,0.20266666666666666
E4_MIXED,0.15,38,2,417,0.278
E4_MIXED,0.15,38,3,466,0.31066666666666665
E4_MIXED,0.15,38,4,313,0.20866666666666667
E4_MIXED,0.15,39,1,352,0.23466666666666666
E4_MIXED,0.15,39,2,405,0.27
E4_MIXED,0.15,39,3,436,0.2906666666666667
E4_MIXED,0.15,39,4,307,0.20466666666666666
E4_MIXED,0.15,40,1,344,0.22933333333333333
E4_MIXED,0.15,40,2,421,0.2806666666666667
E4_MIXED,0.15,40,3,413,0.2753333333333333
E4_MIXED,0.15,40,4,322,0.21466666666666667
E4_MIXED,0.15,41,1,368,0.24533333333333332
E4_MIXED,0.15,41,2,424,0.2826666666666667
E4_MIXED,0.15,41,3,402,0.268
E4_MIXED,0.15,41,4,306,0.204
E4_MIXED,0.15,42,1,340,0.22666666666666666
E4_MIXED,0.15,42,2,411,0.274
E4_MIXED,0.15,42,3,427,0.2846666666666667
E4_MIXED,0.15,42,4,322,0.21466666666666667
E4_MIXED,0.15,43,1,329,0.21933333333333332
E4_MIXED,0.15,43,2,423,0.282
E4_MIXED,0.15,43,3,432,0.288
E4_MIXED,0.15,43,4,316,0.21066666666666667
E4_MIXED,0.15,44,1,356,0.23733333333333334
E4_MIXED,0.15,44,2,416,0.2773333333333333
E4_MIXED,0.15,44,3,407,0.2713333333333333
E4_MIXED,0.15,44,4,321,0.214
E4_MIXED,0.15,45,1,331,0.22066666666666668
E4_MIXED,0.15,45,2,426,0.284
E4_MIXED,0.15,45,3,408,0.272
E4_MIXED,0.15,45,4,335,0.22333333333333333
E4_MIXED,0.15,46,1,357,0.238
E4_MIXED,0.15,46,2,427,0.2846666666666667
E4_MIXED,0.15,46,3,419,0.2793333333333333
E4_MIXED,0.15,46,4,297,0.198
E4_MIXED,0.15,47,1,359,0.23933333333333334
E4_MIXED,0.15,47,2,418,0.2786666666666667
E4_MIXED,0.15,47,3,413,0.2753333333333333
E4_MIXED,0.15,47,4,310,0.20666666666666667
E4_MIXED,0.15,48,1,376,0.25066666666666665
E4_MIXED,0.15,48,2,386,0.25733333333333336
E4_MIXED,0.15,48,3,439,0.2926666666666667
E4_MIXED,0.15,48,4,299,0.19933333333333333
E4_MIXED,0.15,49,1,346,0.23066666666666666
E4_MIXED,0.15,49,2,414,0.276
E4_MIXED,0.15,49,3,427,0.2846666666666667
E4_MIXED,0.15,49,4,313,0.20866666666666667
E4_MIXED,0.2,0,1,187,0.12466666666666666
E4_MIXED,0.2,0,2,302,0.20133333333333334
E4_MIXED,0.2,0,3,397,0.26466666666666666
E4_MIXED,0.2,0,4,614,0.4093333333333333
E4_MIXED,0.2,1,1,197,0.13133333333333333
E4_MIXED,0.2,1,2,274,0.18266666666666667
E4_MIXED,0.2,1,3,413,0.2753333333333333
E4_MIXED,0.2,1,4,616,0.4106666666666667
E4_MIXED,0.2,2,1,171,0.114
E4_MIXED,0.2,2,2,277,0.18466666666666667
E4_MIXED,0.2,2,3,401,0.2673333333333333
E4_MIXED,0.2,2,4,651,0.434
E4_MIXED,0.2,3,1,160,0.10666666666666667
E4_MIXED,0.2,3,2,302,0.20133333333333334
E4_MIXED,0.2,3,3,425,0.2833333333333333
E4_MIXED,0.2,3,4,613,0.4086666666666667
E4_MIXED,0.2,4,1,199,0.13266666666666665
E4_MIXED,0.2,4,2,266,0.17733333333333334
E4_MIXED,0.2,4,3,399,0.266
E4_MIXED,0.2,4,4,636,0.424
E4_MIXED,0.2,5,1,179,0.11933333333333333
E4_MIXED,0.2,5,2,297,0.198
E4_MIXED,0.2,5,3,421,0.2806666666666667
E4_MIXED,0.2,5,4,603,0.402
E4_MIXED,0.2,6,1,184,0.12266666666666666
E4_MIXED,0.2,6,2,320,0.21333333333333335
E4_MIXED,0.2,6,3,429,0.286
E4_MIXED,0.2,6,4,567,0.378
E4_MIXED,0.2,7,1,184,0.12266666666666666
E4_MIXED,0.2,7,2,285,0.19
E4_MIXED,0.2,7,3,437,0.29133333333333333
E4_MIXED,0.2,7,4,594,0.396
E4_MIXED,0.2,8,1,208,0.13866666666666666
E4_MIXED,0.2,8,2,289,0.19266666666666668
E4_MIXED,0.2,8,3,391,0.26066666666666666
E4_MIXED,0.2,8,4,612,0.408
E4_MIXED,0.2,9,1,193,0.12866666666666668
E4_MIXED,0.2,9,2,314,0.20933333333333334
E4_MIXED,0.2,9,3,389,0.25933333333333336
E4_MIXED,0.2,9,4,604,0.4026666666666667
E4_MIXED,0.2,10,1,167,0.11133333333333334
E4_MIXED,0.2,10,2,286,0.19066666666666668
E4_MIXED,0.2,10,3,440,0.29333333333333333
E4_MIXED,0.2,10,4,607,0.4046666666666667
E4_MIXED,0.2,11,1,180,0.12
E4_MIXED,0.2,11,2,319,0.21266666666666667
E4_MIXED,0.2,11,3,423,0.282
E4_MIXED,0.2,11,4,578,0.38533333333333336
E4_MIXED,0.2,12,1,192,0.128
E4_MIXED,0.2,12,2,299,0.19933333333333333
E4_MIXED,0.2,12,3,415,0.27666666666666667
E4_MIXED,0.2,12,4,594,0.396
E4_MIXED,0.2,13,1,185,0.12333333333333334
E4_MIXED,0.2,13,2,295,0.19666666666666666
E4_MIXED,0.2,13,3,400,0.26666666666666666
E4_MIXED,0.2,13,4,620,0.41333333333333333
E4_MIXED,0.2,14,1,158,0.10533333333333333
E4_MIXED,0.2,14,2,266,0.17733333333333334
E4_MIXED,0.2,14,3,450,0.3
E4_MIXED,0.2,14,4,626,0.41733333333333333
E4_MIXED,0.2,15,1,169,0.11266666666666666
E4_MIXED,0.2,15,2,285,0.19
E4_MIXED,0.2,15,3,432,0.288
E4_MIXED,0.2,15,4,614,0.4093333333333333
E4_MIXED,0.2,16,1,172,0.11466666666666667
E4_MIXED,0.2,16,2,261,0.174
E4_MIXED,0.2,16,3,417,0.278
E4_MIXED,0.2,16,4,650,0.43333333333333335
E4_MIXED,0.2,17,1,204,0.136
E4_MIXED,0.2,17,2,290,0.19333333333333333
E4_MIXED,0.2,17,3,397,0.26466666666666666
E4_MIXED,0.2,17,4,609,0.406
E4_MIXED,0.2,18,1,177,0.118
E4_MIXED,0.2,18,2,301,0.20066666666666666
E4_MIXED,0.2,18,3,436,0.2906666666666667
E4_MIXED,0.2,18,4,586,0.39066666666666666
E4_MIXED,0.2,19,1,170,0.11333333333333333
E4_MIXED,0.2,19,2,280,0.18666666666666668
E4_MIXED,0.2,19,3,439,0.2926666666666667
E4_MIXED,0.2,19,4,611,0.4073333333333333
E4_MIXED,0.2,20,1,177,0.118
E4_MIXED,0.2,20,2,264,0.176
E4_MIXED,0.2,20,3,429,0.286
E4_MIXED,0.2,20,4,630,0.42
E4_MIXED,0.2,21,1,195,0.13
E4_MIXED,0.2,21,2,285,0.19
E4_MIXED,0.2,21,3,410,0.2733333333333333
E4_MIXED,0.2,21,4,610,0.4066666666666667
E4_MIXED,0.2,22,1,187,0.12466666666666666
E4_MIXED,0.2,22,2,305,0.20333333333333334
E4_MIXED,0.2,22,3,447,0.298
E4_MIXED,0.2,22,4,561,0.374
E4_MIXED,0.2,23,1,176,0.11733333333333333
E4_MIXED,0.2,23,2,317,0.21133333333333335
E4_MIXED,0.2,23,3,407,0.2713333333333333
E4_MIXED,0.2,23,4,600,0.4
E4_MIXED,0.2,24,1,177,0.118
E4_MIXED,0.2,24,2,272,0.18133333333333335
E4_MIXED,0.2,24,3,432,0.288
E4_MIXED,0.2,24,4,619,0.4126666666666667
E4_MIXED,0.2,25,1,175,0.11666666666666667
E4_MIXED,0.2,25,2,300,0.2
E4_MIXED,0.2,25,3,401,0.2673333333333333
E4_MIXED,0.2,25,4,624,0.416
E4_MIXED,0.2,26,1,200,0.13333333333333333
E4_MIXED,0.2,26,2,315,0.21
E4_MIXED,0.2,26,3,384,0.256
E4_MIXED,0.2,26,4,601,0.40066666666666667
E4_MIXED,0.2,27,1,202,0.13466666666666666
E4_MIXED,0.2,27,2,270,0.18
E4_MIXED,0.2,27,3,411,0.274
E4_MIXED,0.2,27,4,617,0.41133333333333333
E4_MIXED,0.2,28,1,195,0.13
E4_MIXED,0.2,28,2,254,0.16933333333333334
E4_MIXED,0.2,28,3,403,0.26866666666666666
E4_MIXED,0.2,28,4,648,0.432
E4_MIXED,0.2,29,1,156,0.104
E4_MIXED,0.2,29,2,289,0.19266666666666668
E4_MIXED,0.2,29,3,440,0.29333333333333333
E4_MIXED,0.2,29,4,615,0.41
E4_MIXED,0.2,30,1,172,0.11466666666666667
E4_MIXED,0.2,30,2,277,0.18466666666666667
E4_MIXED,0.2,30,3,433,0.2886666666666667
E4_MIXED,0.2,30,4,618,0.412
E4_MIXED,0.2,31,1,177,0.118
E4_MIXED,0.2,31,2,278,0.18533333333333332
E4_MIXED,0.2,31,3,433,0.2886666666666667
E4_MIXED,0.2,31,4,612,0.408
E4_MIXED,0.2,32,1,180,0.12
E4_MIXED,0.2,32,2,304,0.20266666666666666
E4_MIXED,0.2,32,3,406,0.27066666666666667
E4_MIXED,0.2,32,4,610,0.4066666666666667
E4_MIXED,0.2,33,1,200,0.13333333333333333
E4_MIXED,0.2,33,2,276,0.184
E4_MIXED,0.2,33,3,431,0.28733333333333333
E4_MIXED,0.2,33,4,593,0.3953333333333333
E4_MIXED,0.2,34,1,196,0.13066666666666665
E4_MIXED,0.2,34,2,307,0.20466666666666666
E4_MIXED,0.2,34,3,388,0.25866666666666666
E4_MIXED,0.2,34,4,609,0.406
E4_MIXED,0.2,35,1,193,0.12866666666666668
E4_MIXED,0.2,35,2,258,0.172
E4_MIXED,0.2,35,3,414,0.276
E4_MIXED,0.2,35,4,635,0.42333333333333334
E4_MIXED,0.2,36,1,205,0.13666666666666666
E4_MIXED,0.2,36,2,283,0.18866666666666668
E4_MIXED,0.2,36,3,441,0.294
E4_MIXED,0.2,36,4,571,0.38066666666666665
E4_MIXED,0.2,37,1,174,0.116
E4_MIXED,0.2,37,2,289,0.19266666666666668
E4_MIXED,0.2,37,3,433,0.2886666666666667
E4_MIXED,0.2,37,4,604,0.4026666666666667
E4_MIXED,0.2,38,1,164,0.10933333333333334
E4_MIXED,0.2,38,2,274,0.18266666666666667
E4_MIXED,0.2,38,3,434,0.28933333333333333
E4_MIXED,0.2,38,4,628,0.4186666666666667
E4_MIXED,0.2,39,1,212,0.14133333333333334
E4_MIXED,0.2,39,2,275,0.18333333333333332
E4_MIXED,0.2,39,3,411,0.274
E4_MIXED,0.2,39,4,602,0.4013333333333333
E4_MIXED,0.2,40,1,187,0.12466666666666666
E4_MIXED,0.2,40,2,285,0.19
E4_MIXED,0.2,40,3,422,0.2813333333333333
E4_MIXED,0.2,40,4,606,0.404
E4_MIXED,0.2,41,1,191,0.12733333333333333
E4_MIXED,0.2,41,2,304,0.20266666666666666
E4_MIXED,0.2,41,3,426,0.284
E4_MIXED,0.2,41,4,579,0.386
E4_MIXED,0.2,42,1,174,0.116
E4_MIXED,0.2,42,2,292,0.19466666666666665
E4_MIXED,0.2,42,3,413,0.2753333333333333
E4_MIXED,0.2,42,4,621,0.414
E4_MIXED,0.2,43,1,182,0.12133333333333333
E4_MIXED,0.2,43,2,282,0.188
E4_MIXED,0.2,43,3,401,0.2673333333333333
E4_MIXED,0.2,43,4,635,0.42333333333333334
E4_MIXED,0.2,44,1,190,0.12666666666666668
E4_MIXED,0.2,44,2,290,0.19333333333333333
E4_MIXED,0.2,44,3,394,0.26266666666666666
E4_MIXED,0.2,44,4,626,0.41733333333333333
E4_MIXED,0.2,45,1,193,0.12866666666666668
E4_MIXED,0.2,45,2,271,0.18066666666666667
E4_MIXED,0.2,45,3,418,0.2786666666666667
E4_MIXED,0.2,45,4,618,0.412
E4_MIXED,0.2,46,1,196,0.13066666666666665
E4_MIXED,0.2,46,2,292,0.19466666666666665
E4_MIXED,0.2,46,3,411,0.274
E4_MIXED,0.2,46,4,601,0.40066666666666667
E4_MIXED,0.2,47,1,193,0.12866666666666668
E4_MIXED,0.2,47,2,301,0.20066666666666666
E4_MIXED,0.2,47,3,403,0.26866666666666666
E4_MIXED,0.2,47,4,603,0.402
E4_MIXED,0.2,48,1,199,0.13266666666666665
E4_MIXED,0.2,48,2,283,0.18866666666666668
E4_MIXED,0.2,48,3,413,0.2753333333333333
E4_MIXED,0.2,48,4,605,0.4033333333333333
E4_MIXED,0.2,49,1,189,0.126
E4_MIXED,0.2,49,2,281,0.18733333333333332
E4_MIXED,0.2,49,3,422,0.2813333333333333
E4_MIXED,0.2,49,4,608,0.4053333333333333
E4_MIXED,0.3,0,1,46,0.030666666666666665
E4_MIXED,0.3,0,2,88,0.058666666666666666
E4_MIXED,0.3,0,3,179,0.11933333333333333
E4_MIXED,0.3,0,4,1187,0.7913333333333333
E4_MIXED,0.3,1,1,49,0.03266666666666666
E4_MIXED,0.3,1,2,78,0.052
E4_MIXED,0.3,1,3,196,0.13066666666666665
E4_MIXED,0.3,1,4,1177,0.7846666666666666
E4_MIXED,0.3,2,1,42,0.028
E4_MIXED,0.3,2,2,85,0.056666666666666664
E4_MIXED,0.3,2,3,201,0.134
E4_MIXED,0.3,2,4,1172,0.7813333333333333
E4_MIXED,0.3,3,1,44,0.029333333333333333
E4_MIXED,0.3,3,2,68,0.04533333333333334
E4_MIXED,0.3,3,3,205,0.13666666666666666
E4_MIXED,0.3,3,4,1183,0.7886666666666666
E4_MIXED,0.3,4,1,58,0.03866666666666667
E4_MIXED,0.3,4,2,89,0.059333333333333335
E4_MIXED,0.3,4,3,164,0.10933333333333334
E4_MIXED,0.3,4,4,1189,0.7926666666666666
E4_MIXED,0.3,5,1,45,0.03
E4_MIXED,0.3,5,2,87,0.058
E4_MIXED,0.3,5,3,185,0.12333333333333334
E4_MIXED,0.3,5,4,1183,0.7886666666666666
E4_MIXED,0.3,6,1,57,0.038
E4_MIXED,0.3,6,2,71,0.04733333333333333
E4_MIXED,0.3,6,3,210,0.14
E4_MIXED,0.3,6,4,1162,0.7746666666666666
E4_MIXED,0.3,7,1,37,0.024666666666666667
E4_MIXED,0.3,7,2,89,0.059333333333333335
E4_MIXED,0.3,7,3,175,0.11666666666666667
E4_MIXED,0.3,7,4,1199,0.7993333333333333
E4_MIXED,0.3,8,1,49,0.03266666666666666
E4_MIXED,0.3,8,2,91,0.06066666666666667
E4_MIXED,0.3,8,3,188,0.12533333333333332
E4_MIXED,0.3,8,4,1172,0.7813333333333333
E4_MIXED,0.3,9,1,41,0.027333333333333334
E4_MIXED,0.3,9,2,74,0.04933333333333333
E4_MIXED,0.3,9,3,212,0.14133333333333334
E4_MIXED,0.3,9,4,1173,0.782
E4_MIXED,0.3,10,1,39,0.026
E4_MIXED,0.3,10,2,85,0.056666666666666664
E4_MIXED,0.3,10,3,167,0.11133333333333334
E4_MIXED,0.3,10,4,1209,0.806
E4_MIXED,0.3,11,1,37,0.024666666666666667
E4_MIXED,0.3,11,2,89,0.059333333333333335
E4_MIXED,0.3,11,3,208,0.13866666666666666
E4_MIXED,0.3,11,4,1166,0.7773333333333333
E4_MIXED,0.3,12,1,45,0.03
E4_MIXED,0.3,12,2,81,0.054
E4_MIXED,0.3,12,3,187,0.12466666666666666
E4_MIXED,0.3,12,4,1187,0.7913333333333333
E4_MIXED,0.3,13,1,49,0.03266666666666666
E4_MIXED,0.3,13,2,84,0.056
E4_MIXED,0.3,13,3,211,0.14066666666666666
E4_MIXED,0.3,13,4,1156,0.7706666666666667
E4_MIXED,0.3,14,1,39,0.026
E4_MIXED,0.3,14,2,72,0.048
E4_MIXED,0.3,14,3,187,0.12466666666666666
E4_MIXED,0.3,14,4,1202,0.8013333333333333
E4_MIXED,0.3,15,1,37,0.024666666666666667
E4_MIXED,0.3,15,2,74,0.04933333333333333
E4_MIXED,0.3,15,3,187,0.12466666666666666
E4_MIXED,0.3,15,4,1202,0.8013333333333333
E4_MIXED,0.3,16,1,40,0.02666666666666667
E4_MIXED,0.3,16,2,87,0.058
E4_MIXED,0.3,16,3,184,0.12266666666666666
E4_MIXED,0.3,16,4,1189,0.7926666666666666
E4_MIXED,0.3,17,1,47,0.03133333333333333
E4_MIXED,0.3,17,2,89,0.059333333333333335
E4_MIXED,0.3,17,3,191,0.12733333333333333
E4_MIXED,0.3,17,4,1173,0.782
E4_MIXED,0.3,18,1,28,0.018666666666666668
E4_MIXED,0.3,18,2,95,0.06333333333333334
E4_MIXED,0.3,18,3,175,0.11666666666666667
E4_MIXED,0.3,18,4,1202,0.8013333333333333
E4_MIXED,0.3,19,1,33,0.022
E4_MIXED,0.3,19,2,87,0.058
E4_MIXED,0.3,19,3,193,0.12866666666666668
E4_MIXED,0.3,19,4,1187,0.7913333333333333
E4_MIXED,0.3,20,1,32,0.021333333333333333
E4_MIXED,0.3,20,2,86,0.05733333333333333
E4_MIXED,0.3,20,3,199,0.13266666666666665
E4_MIXED,0.3,20,4,1183,0.7886666666666666
E4_MIXED,0.3,21,1,53,0.035333333333333335
E4_MIXED,0.3,21,2,79,0.05266666666666667
E4_MIXED,0.3,21,3,199,0.13266666666666665
E4_MIXED,0.3,21,4,1169,0.7793333333333333
E4_MIXED,0.3,22,1,55,0.03666666666666667
E4_MIXED,0.3,22,2,86,0.05733333333333333
E4_MIXED,0.3,22,3,205,0.13666666666666666
E4_MIXED,0.3,22,4,1154,0.7693333333333333
E4_MIXED,0.3,23,1,37,0.024666666666666667
E4_MIXED,0.3,23,2,97,0.06466666666666666
E4_MIXED,0.3,23,3,198,0.132
E4_MIXED,0.3,23,4,1168,0.7786666666666666
E4_MIXED,0.3,24,1,34,0.02266666666666667
E4_MIXED,0.3,24,2,83,0.05533333333333333
E4_MIXED,0.3,24,3,179,0.11933333333333333
E4_MIXED,0.3,24,4,1204,0.8026666666666666
E4_MIXED,0.3,25,1,40,0.02666666666666667
E4_MIXED,0.3,25,2,75,0.05
E4_MIXED,0.3,25,3,198,0.132
E4_MIXED,0.3,25,4,1187,0.7913333333333333
E4_MIXED,0.3,26,1,38,0.025333333333333333
E4_MIXED,0.3,26,2,108,0.072
E4_MIXED,0.3,26,3,212,0.14133333333333334
E4_MIXED,0.3,26,4,1142,0.7613333333333333
E4_MIXED,0.3,27,1,39,0.026
E4_MIXED,0.3,27,2,89,0.059333333333333335
E4_MIXED,0.3,27,3,190,0.12666666666666668
E4_MIXED,0.3,27,4,1182,0.788
E4_MIXED,0.3,28,1,52,0.034666666666666665
E4_MIXED,0.3,28,2,70,0.04666666666666667
E4_MIXED,0.3,28,3,195,0.13
E4_MIXED,0.3,28,4,1183,0.7886666666666666
E4_MIXED,0.3,29,1,39,0.026
E4_MIXED,0.3,29,2,82,0.05466666666666667
E4_MIXED,0.3,29,3,171,0.114
E4_MIXED,0.3,29,4,1208,0.8053333333333333
E4_MIXED,0.3,30,1,44,0.029333333333333333
E4_MIXED,0.3,30,2,85,0.056666666666666664
E4_MIXED,0.3,30,3,181,0.12066666666666667
E4_MIXED,0.3,30,4,1190,0.7933333333333333
E4_MIXED,0.3,31,1,33,0.022
E4_MIXED,0.3,31,2,82,0.05466666666666667
E4_MIXED,0.3,31,3,175,0.11666666666666667
E4_MIXED,0.3,31,4,1210,0.8066666666666666
E4_MIXED,0.3,32,1,36,0.024
E4_MIXED,0.3,32,2,96,0.064
E4_MIXED,0.3,32,3,193,0.12866666666666668
E4_MIXED,0.3,32,4,1175,0.7833333333333333
E4_MIXED,0.3,33,1,48,0.032
E4_MIXED,0.3,33,2,93,0.062
E4_MIXED,0.3,33,3,196,0.13066666666666665
E4_MIXED,0.3,33,4,1163,0.7753333333333333
E4_MIXED,0.3,34,1,36,0.024
E4_MIXED,0.3,34,2,91,0.06066666666666667
E4_MIXED,0.3,34,3,189,0.126
E4_MIXED,0.3,34,4,1184,0.7893333333333333
E4_MIXED,0.3,35,1,46,0.030666666666666665
E4_MIXED,0.3,35,2,91,0.06066666666666667
E4_MIXED,0.3,35,3,196,0.13066666666666665
E4_MIXED,0.3,35,4,1167,0.778
E4_MIXED,0.3,36,1,43,0.028666666666666667
E4_MIXED,0.3,36,2,94,0.06266666666666666
E4_MIXED,0.3,36,3,197,0.13133333333333333
E4_MIXED,0.3,36,4,1166,0.7773333333333333
E4_MIXED,0.3,37,1,43,0.028666666666666667
E4_MIXED,0.3,37,2,85,0.056666666666666664
E4_MIXED,0.3,37,3,173,0.11533333333333333
E4_MIXED,0.3,37,4,1199,0.7993333333333333
E4_MIXED,0.3,38,1,31,0.020666666666666667
E4_MIXED,0.3,38,2,84,0.056
E4_MIXED,0.3,38,3,185,0.12333333333333334
E4_MIXED,0.3,38,4,1200,0.8
E4_MIXED,0.3,39,1,55,0.03666666666666667
E4_MIXED,0.3,39,2,101,0.06733333333333333
E4_MIXED,0.3,39,3,194,0.12933333333333333
E4_MIXED,0.3,39,4,1150,0.7666666666666667
E4_MIXED,0.3,40,1,44,0.029333333333333333
E4_MIXED,0.3,40,2,91,0.06066666666666667
E4_MIXED,0.3,40,3,188,0.12533333333333332
E4_MIXED,0.3,40,4,1177,0.7846666666666666
E4_MIXED,0.3,41,1,45,0.03
E4_MIXED,0.3,41,2,98,0.06533333333333333
E4_MIXED,0.3,41,3,200,0.13333333333333333
E4_MIXED,0.3,41,4,1157,0.7713333333333333
E4_MIXED,0.3,42,1,47,0.03133333333333333
E4_MIXED,0.3,42,2,90,0.06
E4_MIXED,0.3,42,3,166,0.11066666666666666
E4_MIXED,0.3,42,4,1197,0.798
E4_MIXED,0.3,43,1,36,0.024
E4_MIXED,0.3,43,2,86,0.05733333333333333
E4_MIXED,0.3,43,3,184,0.12266666666666666
E4_MIXED,0.3,43,4,1194,0.796
E4_MIXED,0.3,44,1,38,0.025333333333333333
E4_MIXED,0.3,44,2,89,0.059333333333333335
E4_MIXED,0.3,44,3,189,0.126
E4_MIXED,0.3,44,4,1184,0.7893333333333333
E4_MIXED,0.3,45,1,54,0.036
E4_MIXED,0.3,45,2,76,0.050666666666666665
E4_MIXED,0.3,45,3,207,0.138
E4_MIXED,0.3,45,4,1163,0.7753333333333333
E4_MIXED,0.3,46,1,47,0.03133333333333333
E4_MIXED,0.3,46,2,90,0.06
E4_MIXED,0.3,46,3,189,0.126
E4_MIXED,0.3,46,4,1174,0.7826666666666666
E4_MIXED,0.3,47,1,34,0.02266666666666667
E4_MIXED,0.3,47,2,86,0.05733333333333333
E4_MIXED,0.3,47,3,201,0.134
E4_MIXED,0.3,47,4,1179,0.786
E4_MIXED,0.3,48,1,49,0.03266666666666666
E4_MIXED,0.3,48,2,95,0.06333333333333334
E4_MIXED,0.3,48,3,191,0.12733333333333333
E4_MIXED,0.3,48,4,1165,0.7766666666666666
E4_MIXED,0.3,49,1,46,0.030666666666666665
E4_MIXED,0.3,49,2,73,0.048666666666666664
E4_MIXED,0.3,49,3,196,0.13066666666666665
E4_MIXED,0.3,49,4,1185,0.79
