environment,threshold,checkpoint,n_seeds,cumulative_regret_n_valid_seeds,cumulative_regret_mean,cumulative_regret_sd,cumulative_regret_median,cumulative_regret_ci_low,cumulative_regret_ci_high,mean_reward_n_valid_seeds,mean_reward_mean,mean_reward_sd,mean_reward_median,mean_reward_ci_low,mean_reward_ci_high,optimal_arm_rate_n_valid_seeds,optimal_arm_rate_mean,optimal_arm_rate_sd,optimal_arm_rate_median,optimal_arm_rate_ci_low,optimal_arm_rate_ci_high,mean_eligible_arm_count_n_valid_seeds,mean_eligible_arm_count_mean,mean_eligible_arm_count_sd,mean_eligible_arm_count_median,mean_eligible_arm_count_ci_low,mean_eligible_arm_count_ci_high,baseline_only_rate_n_valid_seeds,baseline_only_rate_mean,baseline_only_rate_sd,baseline_only_rate_median,baseline_only_rate_ci_low,baseline_only_rate_ci_high,at_least_one_alternative_rate_n_valid_seeds,at_least_one_alternative_rate_mean,at_least_one_alternative_rate_sd,at_least_one_alternative_rate_median,at_least_one_alternative_rate_ci_low,at_least_one_alternative_rate_ci_high,at_least_two_alternatives_rate_n_valid_seeds,at_least_two_alternatives_rate_mean,at_least_two_alternatives_rate_sd,at_least_two_alternatives_rate_median,at_least_two_alternatives_rate_ci_low,at_least_two_alternatives_rate_ci_high,override_rate_n_valid_seeds,override_rate_mean,override_rate_sd,override_rate_median,override_rate_ci_low,override_rate_ci_high,bias_arm_selection_rate_n_valid_seeds,bias_arm_selection_rate_mean,bias_arm_selection_rate_sd,bias_arm_selection_rate_median,bias_arm_selection_rate_ci_low,bias_arm_selection_rate_ci_high,baseline_selection_rate_n_valid_seeds,baseline_selection_rate_mean,baseline_selection_rate_sd,baseline_selection_rate_median,baseline_selection_rate_ci_low,baseline_selection_rate_ci_high,mean_override_gap_n_valid_seeds,mean_override_gap_mean,mean_override_gap_sd,mean_override_gap_median,mean_override_gap_ci_low,mean_override_gap_ci_high,median_override_gap_n_valid_seeds,median_override_gap_mean,median_override_gap_sd,median_override_gap_median,median_override_gap_ci_low,median_override_gap_ci_high,p90_override_gap_n_valid_seeds,p90_override_gap_mean,p90_override_gap_sd,p90_override_gap_median,p90_override_gap_ci_low,p90_override_gap_ci_high,max_override_gap_n_valid_seeds,max_override_gap_mean,max_override_gap_sd,max_override_gap_median,max_override_gap_ci_low,max_override_gap_ci_high
E0_NO_CONTEXT,0.0,25,50,50,0.0,0.0,0.0,0.0,0.0,50,0.49493333333333334,0.06332524115864424,0.5,0.47653333333333336,0.5117333333333334,50,1.0,0.0,1.0,0.9999999999999999,1.0,50,1.0,0.0,1.0,0.9999999999999999,1.0,50,1.0,0.0,1.0,0.9999999999999999,1.0,50,0.0,0.0,0.0,0.0,0.0,50,0.0,0.0,0.0,0.0,0.0,50,0.0,0.0,0.0,0.0,0.0,50,0.0,0.0,0.0,0.0,0.0,50,1.0,0.0,1.0,0.9999999999999999,1.0,0,,,,,,0,,,,,,0,,,,,,0,,,,,
E0_NO_CONTEXT,0.0,50,50,50,0.0,0.0,0.0,0.0,0.0,50,0.4991999999999999,0.041853648480824984,0.4966666666666667,0.4872,0.50987,50,1.0,0.0,1.0,0.9999999999999999,1.0,50,1.0,0.0,1.0,0.9999999999999999,1.0,50,1.0,0.0,1.0,0.9999999999999999,1.0,50,0.0,0.0,0.0,0.0,0.0,50,0.0,0.0,0.0,0.0,0.0,50,0.0,0.0,0.0,0.0,0.0,50,0.0,0.0,0.0,0.0,0.0,50,1.0,0.0,1.0,0.9999999999999999,1.0,0,,,,,,0,,,,,,0,,,,,,0,,,,,
E0_NO_CONTEXT,0.0,100,50,50,0.0,0.0,0.0,0.0,0.0,50,0.49853333333333333,0.028911939173244118,0.49833333333333335,0.49039833333333327,0.506135,50,1.0,0.0,1.0,0.9999999999999999,1.0,50,1.0,0.0,1.0,0.9999999999999999,1.0,50,1.0,0.0,1.0,0.9999999999999999,1.0,50,0.0,0.0,0.0,0.0,0.0,50,0.0,0.0,0.0,0.0,0.0,50,0.0,0.0,0.0,0.0,0.0,50,0.0,0.0,0.0,0.0,0.0,50,1.0,0.0,1.0,0.9999999999999999,1.0,0,,,,,,0,,,,,,0,,,,,,0,,,,,
E0_NO_CONTEXT,0.0,250,50,50,0.0,0.0,0.0,0.0,0.0,50,0.49952000000000013,0.02119814307530903,0.5000000000000001,0.4937593333333334,0.5048006666666667,50,1.0,0.0,1.0,0.9999999999999999,1.0,50,1.0,0.0,1.0,0.9999999999999999,1.0,50,1.0,0.0,1.0,0.9999999999999999,1.0,50,0.0,0.0,0.0,0.0,0.0,50,0.0,0.0,0.0,0.0,0.0,50,0.0,0.0,0.0,0.0,0.0,50,0.0,0.0,0.0,0.0,0.0,50,1.0,0.0,1.0,0.9999999999999999,1.0,0,,,,,,0,,,,,,0,,,,,,0,,,,,
E0_NO_CONTEXT,0.0,500,50,50,0.0,0.0,0.0,0.0,0.0,50,0.5011733333333334,0.015079868997428025,0.5003333333333337,0.497093,0.5052399999999999,50,1.0,0.0,1.0,0.9999999999999999,1.0,50,1.0,0.0,1.0,0.9999999999999999,1.0,50,1.0,0.0,1.0,0.9999999999999999,1.0,50,0.0,0.0,0.0,0.0,0.0,50,0.0,0.0,0.0,0.0,0.0,50,0.0,0.0,0.0,0.0,0.0,50,0.0,0.0,0.0,0.0,0.0,50,1.0,0.0,1.0,0.9999999999999999,1.0,0,,,,,,0,,,,,,0,,,,,,0,,,,,
E0_NO_CONTEXT,0.05,25,50,50,0.11433439814355024,0.03568707729279552,0.11735944155343506,0.10430356941162536,0.12428539947838178,50,0.49493333333333334,0.06332524115864424,0.5,0.47653333333333336,0.5117333333333334,50,0.7797333333333332,0.05859983825134588,0.7733333333333333,0.764,0.7962666666666666,50,1.4378666666666666,0.07491116431936257,1.4466666666666668,1.4178666666666666,1.4584,50,0.6538666666666667,0.05559555929345371,0.6533333333333333,0.6389266666666665,0.6685333333333334,50,0.3461333333333333,0.05559555929345372,0.3466666666666667,0.3314666666666667,0.3610733333333333,50,0.08266666666666664,0.026116779430099216,0.08,0.07572666666666662,0.08986666666666664,50,0.019199999999999974,0.025859905140536585,0.0133333333333333,0.012799999999999976,0.02693333333333331,50,0.019199999999999974,0.025859905140536585,0.0133333333333333,0.012799999999999976,0.02693333333333331,50,0.9808,0.025859905140536602,0.9866666666666668,0.9730666666666666,0.9872000000000002,31,0.022342149405310305,0.011585117887843489,0.0204774261434371,0.018372985516564442,0.026333095753099698,31,0.02239776295451761,0.012365420716868017,0.0204774261434371,0.01810574736336239,0.026652894126183026,31,0.02734267435674085,0.012717345557934714,0.0254032970952729,0.022778517729527256,0.031719994568752366,31,0.029039595394425466,0.013614990269053738,0.028207162427683,0.024204182448876215,0.03372207258669684
E0_NO_CONTEXT,0.05,50,50,50,0.23685361794639131,0.06781240357815563,0.23454784786087784,0.21897988997370704,0.2558745713900187,50,0.4991999999999999,0.041853648480824984,0.4966666666666667,0.4872,0.50987,50,0.7757333333333333,0.054523456018816585,0.78,0.7604000000000001,0.79001,50,1.4394666666666667,0.05919857815293201,1.44,1.4234666666666667,1.45614,50,0.6497333333333334,0.04261753123133682,0.6466666666666666,0.6381333333333333,0.6609333333333334,50,0.3502666666666666,0.04261753123133682,0.3533333333333333,0.3390666666666667,0.36186666666666667,50,0.07919999999999996,0.02041030374262503,0.08,0.07386666666666662,0.0849333333333333,50,0.011999999999999969,0.017817416127494955,0.0066666666666666,0.007466666666666647,0.017333333333333298,50,0.011999999999999969,0.017817416127494955,0.0066666666666666,0.007466666666666647,0.017333333333333298,50,0.988,0.01781741612749495,0.9933333333333332,0.9826666666666666,0.9925333333333332,32,0.021954815526051386,0.010778781655384864,0.02055979928792135,0.018367561198368385,0.025667041181520245,32,0.02186497586846632,0.011857962642392788,0.01975098554809815,0.018047962705941917,0.025843835502423633,32,0.027796689016096558,0.013095348307015161,0.0260389551503636,0.02307468658802078,0.032276878175837236,32,0.029430776460282627,0.014135692173018318,0.028215380667180552,0.02432341240030641,0.0342636874513432
E0_NO_CONTEXT,0.05,100,50,50,0.47508564883488374,0.1131462654519202,0.47988826535341067,0.4447807564194398,0.5067872711792697,50,0.49853333333333333,0.028911939173244118,0.49833333333333335,0.49039833333333327,0.506135,50,0.7744,0.04393584273283022,0.7766666666666666,0.7625983333333334,0.7858666666666667,50,1.4394000000000002,0.04013972195857324,1.4366666666666668,1.4285999999999999,1.4506683333333332,50,0.6502666666666667,0.030153349561796928,0.6566666666666666,0.6414666666666666,0.6585333333333333,50,0.3497333333333333,0.030153349561796917,0.3433333333333333,0.3414666666666667,0.3585333333333333,50,0.07999999999999997,0.015327120894696268,0.07833333333333331,0.0757983333333333,0.08413333333333331,50,0.008999999999999973,0.015753918275879294,0.0033333333333333,0.005064999999999972,0.013799999999999972,50,0.008999999999999973,0.015753918275879294,0.0033333333333333,0.005064999999999972,0.013799999999999972,50,0.9910000000000001,0.015753918275879318,0.9966666666666668,0.9862000000000001,0.9949350000000001,32,0.02294665010192901,0.010320312495067917,0.023073517796618398,0.019463299091598704,0.026455473468366714,32,0.023435269601253993,0.011110589507348419,0.02201649541665315,0.01966180170693728,0.02704129558466132,32,0.029893803335163727,0.012755030634090806,0.0274491060560662,0.025336869807205967,0.03401632816274821,32,0.03150559245261989,0.013829491881683125,0.02883115692827455,0.026519638748852718,0.03600359648418494
E0_NO_CONTEXT,0.05,250,50,50,1.1648804966607702,0.2869180773592692,1.2012581321980014,1.086760615921362,1.2440999084904187,50,0.4994666666666667,0.021236173306161933,0.49933333333333346,0.49373333333333336,0.5047473333333333,50,0.7782399999999999,0.042220833966913514,0.7886666666666666,0.7668526666666666,0.789228,50,1.4335199999999997,0.023053143769163554,1.4333333333333331,1.4272526666666665,1.4398406666666668,50,0.6543733333333333,0.016472149242896996,0.656,0.64992,0.6588006666666666,50,0.3456266666666666,0.016472149242896996,0.344,0.34119933333333335,0.35008,50,0.07882666666666661,0.009688630922942497,0.0786666666666666,0.0761333333333333,0.08162733333333329,50,0.007839999999999974,0.0132750836458754,0.0026666666666666,0.004506666666666639,0.011653999999999973,50,0.007839999999999974,0.0132750836458754,0.0026666666666666,0.004506666666666639,0.011653999999999973,50,0.9921599999999998,0.013275083645875391,0.9973333333333332,0.9883460000000001,0.9954933333333333,36,0.022882660997477402,0.009439933278213993,0.023579932441953652,0.019842788362817575,0.02580530246448942,36,0.02318999303759106,0.010636802429640626,0.0215617795576505,0.01963385672567379,0.02651664817485927,36,0.03222715045974997,0.013478279339899982,0.0374033211830853,0.02784070842852112,0.03668072989176371,36,0.034240673787875965,0.014584906793420095,0.03948416207851675,0.02949914571635361,0.03887155076447471
E0_NO_CONTEXT,0.05,500,50,50,2.317222202176292,0.6049241012525102,2.3068766939093903,2.149520532655056,2.4786961591716743,50,0.5011733333333334,0.015163842900771343,0.5003333333333337,0.4971196666666666,0.5052666666666666,50,0.7791733333333332,0.04477701062232838,0.79,0.7674916666666667,0.7910136666666667,50,1.4328,0.017694817771418833,1.431,1.4281459999999997,1.4378666666666664,50,0.65472,0.012595820492431239,0.6556666666666666,0.651199,0.6580003333333334,50,0.3452799999999999,0.012595820492431247,0.3443333333333333,0.34199966666666665,0.348801,50,0.07870666666666665,0.00614475422902718,0.0793333333333333,0.0770133333333333,0.0804533333333333,50,0.008186666666666632,0.013838091960803206,0.0013333333333333,0.004746333333333295,0.012106666666666628,50,0.008186666666666632,0.013838091960803206,0.0013333333333333,0.004746333333333295,0.012106666666666628,50,0.9918133333333333,0.013838091960803172,0.9986666666666668,0.9878933333333334,0.9952536666666667,40,0.024014854536267387,0.008744309512164173,0.02480309993282125,0.0213908220662558,0.026766270862496545,40,0.024543404998193234,0.009809662824781833,0.02397626198141525,0.02163090916002243,0.027525027874887288,40,0.033869545139958365,0.012848875934210562,0.03839599675477645,0.029904742825646154,0.03750756167974326,40,0.036178511930929115,0.01433063550816372,0.04303123455468695,0.031776470914082325,0.04024421780658403
E0_NO_CONTEXT,0.1,25,50,50,0.22988953481703753,0.0575569375606535,0.2312265177686049,0.2144470764634477,0.24591448905074825,50,0.4954666666666666,0.06376601217255176,0.5066666666666665,0.47706666666666664,0.5122666666666666,50,0.5885333333333334,0.07666566104043218,0.5933333333333333,0.5672,0.6101333333333333,50,1.963733333333333,0.0846297525184723,1.9466666666666668,1.9426599999999998,1.988533333333333,50,0.3965333333333333,0.05152090476804454,0.4,0.38239999999999996,0.40986666666666666,50,0.6034666666666667,0.05152090476804452,0.6,0.5901333333333333,0.6176000000000001,50,0.28106666666666663,0.03911399700752612,0.28,0.2703999999999999,0.2922666666666666,50,0.07333333333333329,0.0748089024253542,0.04,0.05253333333333331,0.09467333333333328,50,0.07333333333333329,0.0748089024253542,0.04,0.05253333333333331,0.09467333333333328,50,0.9266666666666667,0.07480890242535423,0.96,0.9053266666666667,0.9474666666666667,43,0.05290539574922692,0.019147968522062297,0.0505902034587357,0.047437597257405005,0.058786708298389535,43,0.05235350614151293,0.022559012613077644,0.0526907349997975,0.045940605814566465,0.05906547383515517,43,0.07495064938090572,0.022613935505956678,0.0812966287628477,0.06793664804682203,0.0812330694248588,43,0.07988601877261033,0.02448112953088792,0.0897765463815994,0.07234301611950701,0.08674929682744043
E0_NO_CONTEXT,0.1,50,50,50,0.47427204993556743,0.1131387961692257,0.49557073801186236,0.44433270341474196,0.5060514306643877,50,0.49946666666666667,0.042181768423118396,0.4966666666666667,0.48733,0.5102666666666666,50,0.5802666666666666,0.06666612244675828,0.5766666666666667,0.56173,0.5981366666666666,50,1.9594666666666667,0.07599785174192593,1.96,1.9398666666666669,1.9810666666666665,50,0.39280000000000004,0.04146610232133418,0.38999999999999996,0.3809333333333333,0.4036,50,0.6072,0.04146610232133418,0.61,0.5964,0.6190666666666667,50,0.2766666666666666,0.03277768169400575,0.2733333333333333,0.26813333333333333,0.28586666666666666,50,0.0565333333333333,0.06122320784750112,0.0266666666666666,0.039999999999999966,0.0741333333333333,50,0.0565333333333333,0.06122320784750112,0.0266666666666666,0.039999999999999966,0.0741333333333333,50,0.9434666666666667,0.0612232078475011,0.9733333333333334,0.9258666666666667,0.96,44,0.05054232950238364,0.018807810450991815,0.048946514137766295,0.0451537501031889,0.05609680512500789,44,0.04987000656173591,0.021681362993438674,0.049891368140844994,0.043706671675591016,0.05631842062078301,44,0.07416634011153928,0.023661741419389485,0.0810455445612984,0.06725749388497215,0.08087923869843912,44,0.08052499767737965,0.025937761605123674,0.09083748210884475,0.07261081154537781,0.08765149482626174
E0_NO_CONTEXT,0.1,100,50,50,0.9543511596082626,0.2168781589156032,0.9826262982284565,0.8955009611840972,1.0131819902603976,50,0.49893333333333323,0.02919509790181558,0.49999999999999994,0.4906633333333333,0.5066683333333334,50,0.5769333333333333,0.05933050516839895,0.5883333333333334,0.5607333333333335,0.5928683333333334,50,1.9528,0.05347074135829703,1.95,1.9386616666666665,1.9689366666666666,50,0.39486666666666664,0.028165448993524012,0.3966666666666666,0.38653333333333334,0.4026666666666666,50,0.6051333333333333,0.028165448993524005,0.6033333333333334,0.5973333333333333,0.6134666666666667,50,0.2740666666666667,0.027695215169964968,0.27166666666666667,0.2665333333333333,0.28153666666666666,50,0.04866666666666664,0.05797020111822172,0.0183333333333333,0.03339999999999998,0.06520333333333328,50,0.04866666666666664,0.05797020111822172,0.0183333333333333,0.03339999999999998,0.06520333333333328,50,0.9513333333333334,0.05797020111822173,0.9816666666666666,0.9347966666666666,0.9666000000000001,45,0.05089813696020453,0.016334545631335046,0.0502762803247115,0.04620432001927351,0.0555195426700376,45,0.050639781519799344,0.01909931407502331,0.0506023060029558,0.04508234803545205,0.056054998003006104,45,0.07594691634672601,0.020860939705428974,0.0824149959410378,0.06972145898425078,0.08162093154763687,45,0.08332601559729552,0.023002301193078965,0.0910584053746078,0.07645412619842173,0.08967068880488048
E0_NO_CONTEXT,0.1,250,50,50,2.3472642526966707,0.5704852838128487,2.42136153668584,2.194364750908034,2.504222758257889,50,0.49978666666666677,0.021270929135885373,0.4993333333333335,0.4938933333333334,0.5050666666666668,50,0.5803733333333334,0.06328801242736892,0.5900000000000001,0.5630586666666667,0.597096,50,1.9393333333333331,0.0339830556684115,1.9386666666666668,1.9297859999999998,1.9487526666666666,50,0.4003466666666667,0.016916623605052264,0.3973333333333333,0.395626,0.4051466666666667,50,0.5996533333333334,0.016916623605052254,0.6026666666666667,0.5948533333333333,0.6043740000000001,50,0.26858666666666664,0.017405730544344106,0.2653333333333333,0.26365266666666665,0.27336,50,0.04471999999999997,0.05009430381167521,0.022,0.03079999999999997,0.05861399999999995,50,0.04471999999999997,0.05009430381167521,0.022,0.03079999999999997,0.05861399999999995,50,0.9552800000000002,0.05009430381167522,0.978,0.9413860000000001,0.9692,47,0.05037931265537602,0.01487845214682501,0.0513004926488893,0.04612589691337127,0.05452481746597207,47,0.051634256002078834,0.016653364049844355,0.0508861212014148,0.046903058015095055,0.05643060037481146,47,0.07815096779406107,0.019828200352978824,0.0842659378293734,0.0719115223388152,0.08338489600191507,47,0.08618494290480756,0.022082300086777657,0.096282163520397,0.07931065188231096,0.09180775360121514
E0_NO_CONTEXT,0.1,500,50,50,4.6871622300745805,1.1823645932047657,4.832481861425951,4.365237230330469,5.000913272099223,50,0.50148,0.015222783974274774,0.5013333333333336,0.4973333333333334,0.5055870000000001,50,0.5808533333333333,0.06610649554192438,0.5943333333333334,0.562612,0.598441,50,1.9406666666666663,0.028933891339175413,1.939,1.9324933333333334,1.948602333333333,50,0.4001866666666667,0.013265842793958241,0.4013333333333333,0.39656,0.40382833333333334,50,0.5998133333333333,0.013265842793958229,0.5986666666666667,0.5961716666666667,0.60344,50,0.2699333333333333,0.013567501520385728,0.2693333333333333,0.2662260000000001,0.2737876666666666,50,0.04790666666666664,0.05397438041790381,0.0233333333333333,0.03314599999999996,0.06213733333333327,50,0.04790666666666664,0.05397438041790381,0.0233333333333333,0.03314599999999996,0.06213733333333327,50,0.9520933333333333,0.05397438041790381,0.9766666666666666,0.9378626666666666,0.966854,49,0.050897359886785724,0.011426430096536567,0.051672982620703,0.04760507736605999,0.0539474505155804,49,0.051870325021109845,0.012946509846627903,0.0524040649579774,0.04811503775397336,0.055363798947383205,49,0.08119098403045243,0.016577995604207082,0.0874424557882283,0.07598978970561215,0.08553485007145518,49,0.08964753555318299,0.018379808526481682,0.0984849786756701,0.08398792229983755,0.09447449938856628
E0_NO_CONTEXT,0.15,25,50,50,0.33258999779258436,0.07886413949455401,0.34468381868369236,0.3106821399398666,0.35407870596503693,50,0.4954666666666667,0.06376601217255176,0.5066666666666666,0.47705999999999993,0.5122733333333332,50,0.4261333333333333,0.08998704870280147,0.4133333333333333,0.4016,0.45119999999999993,50,2.4954666666666663,0.09799291936103321,2.4866666666666664,2.46906,2.521866666666667,50,0.22586666666666663,0.04429626090494242,0.21999999999999995,0.2143933333333333,0.23759999999999998,50,0.7741333333333332,0.04429626090494242,0.78,0.7624,0.7856066666666667,50,0.49573333333333336,0.04935428861799816,0.4933333333333333,0.4832,0.5090666666666667,50,0.1461333333333333,0.13968438671217503,0.1066666666666666,0.10959333333333329,0.18693999999999997,50,0.1461333333333333,0.13968438671217503,0.1066666666666666,0.10959333333333329,0.18693999999999997,50,0.8538666666666669,0.13968438671217506,0.8933333333333333,0.81306,0.8904066666666667,47,0.07801850812978996,0.02434088124056249,0.0786340161965826,0.07112427166953987,0.08469230517675622,47,0.08013251982326906,0.02666762028154097,0.0836035848679302,0.07258213918378673,0.08737483729326558,47,0.11549814791912041,0.03216638705552048,0.1245757732115836,0.10596817639968618,0.12410697417664009,47,0.12374781719717268,0.03508424015739496,0.1413738842377941,0.11351200466370308,0.13317827142876507
E0_NO_CONTEXT,0.15,50,50,50,0.6901189220746556,0.1591138629537126,0.7002146875509933,0.6470181875027535,0.7329516924460803,50,0.49946666666666667,0.04211721038282142,0.5,0.48746333333333325,0.5104,50,0.4150666666666666,0.08557459516625529,0.4066666666666667,0.3917266666666666,0.4389366666666666,50,2.494,0.08461999892275508,2.4966666666666666,2.4711966666666667,2.5178666666666665,50,0.2244,0.03214507928826712,0.2266666666666666,0.21546666666666667,0.2332,50,0.7756000000000001,0.03214507928826711,0.7733333333333333,0.7668,0.7845333333333333,50,0.4974666666666666,0.039126285450473426,0.5,0.4873333333333333,0.5082666666666666,50,0.11639999999999998,0.12334866608130095,0.0633333333333333,0.0837333333333333,0.15306666666666663,50,0.11639999999999998,0.12334866608130095,0.0633333333333333,0.0837333333333333,0.15306666666666663,50,0.8835999999999999,0.12334866608130095,0.9366666666666665,0.8469333333333333,0.9162666666666667,47,0.07715232993545956,0.021736312616299547,0.0788440515555227,0.07099724517152899,0.08298188289000781,47,0.07924793172557419,0.02409518700837783,0.0836035848679302,0.07259106062227703,0.0857431526818357,47,0.11770322621210483,0.031474329487828204,0.1276144457316714,0.10816154092477391,0.12592599553950562,47,0.12643870490681366,0.03468090812438884,0.142909525561365,0.11595258049977133,0.13578393798330712
E0_NO_CONTEXT,0.15,100,50,50,1.3890684094869328,0.3210933828077986,1.3717997969330695,1.3029246906598304,1.4772051805017212,50,0.4988666666666666,0.029071886818275168,0.5016666666666667,0.49073333333333335,0.5067999999999999,50,0.4116666666666666,0.08091946109356803,0.405,0.38913333333333333,0.4328,50,2.485,0.05054016610600597,2.4816666666666665,2.4712650000000003,2.4995999999999996,50,0.22413333333333327,0.01882681543946922,0.2233333333333333,0.2189333333333333,0.2289333333333333,50,0.7758666666666666,0.018826815439469225,0.7766666666666666,0.7710666666666667,0.7810666666666666,50,0.4931999999999999,0.02475237912017437,0.49,0.4864,0.5002666666666666,50,0.10139999999999999,0.10766979418805846,0.08,0.07366333333333333,0.13293666666666665,50,0.10139999999999999,0.10766979418805846,0.08,0.07366333333333333,0.13293666666666665,50,0.8986,0.10766979418805846,0.92,0.8670633333333332,0.9263366666666668,48,0.07603956678905026,0.0175168006784072,0.07814981883056579,0.07105679542652256,0.08070240957440601,48,0.07794478100603162,0.019725502956598147,0.0797442753737327,0.07218308440186327,0.08332342652002461,48,0.11806302769359502,0.0305252306657774,0.12794678853596095,0.10925771272827654,0.12621009692414648,48,0.12851551347286164,0.03451842326676238,0.14485515333145335,0.11857164976560741,0.1376964243120613
E0_NO_CONTEXT,0.15,250,50,50,3.467881461566469,0.8504263787923955,3.3737609006235685,3.2450119987983346,3.6992700647809222,50,0.49989333333333336,0.02120170275111146,0.5000000000000002,0.494026,0.5052540000000001,50,0.41413333333333324,0.08274387441275921,0.41466666666666663,0.3917319999999999,0.43584666666666666,50,2.4715999999999996,0.038296847469172994,2.476,2.4608526666666664,2.482080666666667,50,0.2278133333333333,0.015354342306474705,0.22599999999999995,0.22376,0.23226666666666665,50,0.7721866666666667,0.015354342306474708,0.774,0.7677333333333334,0.77624,50,0.48954666666666663,0.01871976897739109,0.48999999999999994,0.48413266666666666,0.4946413333333333,50,0.09573333333333331,0.09963816624334071,0.078,0.07013199999999996,0.12424133333333329,50,0.09573333333333331,0.09963816624334071,0.078,0.07013199999999996,0.12424133333333329,50,0.9042666666666667,0.09963816624334071,0.922,0.8757586666666668,0.929868,49,0.08041388880132909,0.01786104702324118,0.0803576875062514,0.07557700577551052,0.08530649193207553,49,0.08278472839593079,0.020018632543164435,0.0838446487586966,0.07721828861507615,0.0883831230090266,49,0.12686781039012912,0.022504682264950997,0.1322017256679513,0.11994994315318505,0.13230825471246788,49,0.13917784436083697,0.023564554217491072,0.147609968065504,0.13174794112304333,0.14467227517544579
E0_NO_CONTEXT,0.15,500,50,50,6.925810935846313,1.7057278518251082,6.830715950225663,6.472958616760956,7.392959279894195,50,0.5018266666666666,0.015231433067442507,0.5010000000000003,0.49769266666666667,0.5059733333333333,50,0.41650666666666664,0.08404248574638211,0.4246666666666667,0.39277266666666666,0.4392003333333333,50,2.4709866666666667,0.02884668677454105,2.467,2.462892666666667,2.478854666666667,50,0.22919999999999996,0.010027626238639903,0.2293333333333333,0.22645299999999996,0.23193333333333327,50,0.7707999999999999,0.010027626238639894,0.7706666666666667,0.7680666666666667,0.773547,50,0.49050666666666665,0.013676243533522228,0.49066666666666664,0.4866796666666667,0.4944403333333333,50,0.10090666666666664,0.0928363600674159,0.08066666666666665,0.07649066666666664,0.12761666666666663,50,0.10090666666666664,0.0928363600674159,0.08066666666666665,0.07649066666666664,0.12761666666666663,50,0.8990933333333334,0.09283636006741591,0.9193333333333333,0.8723833333333333,0.9235093333333333,50,0.07882942517665079,0.014887693404974957,0.07878570047237335,0.07455657277548816,0.08280936902671072,50,0.08066207188073447,0.016208927703602705,0.08031505639173461,0.07595450697045147,0.08505736676220231,50,0.12996145170945492,0.019250905801119083,0.1335406233808888,0.12421100109528199,0.13403795363533266,50,0.14222724844264256,0.020924147990735605,0.14886328593905418,0.13575051709341995,0.1466407521082397
E0_NO_CONTEXT,0.2,25,50,50,0.41439468712745847,0.10312087384055546,0.4283789670152348,0.3858737403910089,0.4416895030196266,50,0.49653333333333327,0.06360650004577018,0.5066666666666666,0.4781333333333333,0.5130666666666667,50,0.3138666666666666,0.11680431141671477,0.28,0.28346,0.3464,50,2.9960000000000004,0.10582148147253986,2.973333333333333,2.9674666666666667,3.0237399999999997,50,0.11439999999999997,0.032669859624601345,0.12,0.10586666666666664,0.12346666666666664,50,0.8856,0.03266985962460131,0.88,0.8765333333333333,0.8941333333333334,50,0.6845333333333333,0.05150681878113208,0.6866666666666668,0.6709333333333333,0.6983999999999999,50,0.21386666666666662,0.19953615145371892,0.15333333333333332,0.15946666666666665,0.27147999999999994,50,0.21386666666666662,0.19953615145371892,0.15333333333333332,0.15946666666666665,0.27147999999999994,50,0.7861333333333335,0.19953615145371892,0.8466666666666667,0.72852,0.8405333333333334,48,0.10486152674418144,0.027967318698576646,0.10380378813461541,0.09711633421384766,0.11283376961038881,48,0.1078541465961254,0.0306741870406528,0.1051499890055053,0.09952627550094159,0.11712181694761395,48,0.1590425951910847,0.03528919280043207,0.1688770172894927,0.14812162934732168,0.16829835180434635,48,0.17104179083556317,0.03821006858971924,0.18508101595810106,0.15935954364681126,0.18082656752557222
E0_NO_CONTEXT,0.2,50,50,50,0.8475815935613566,0.1864060870143129,0.8406628155772607,0.7981446492808142,0.8993079518335911,50,0.5004,0.04182698409686572,0.5033333333333334,0.4885333333333334,0.5112,50,0.30279999999999996,0.0991125245214085,0.28,0.2763966666666666,0.3306699999999999,50,2.993333333333333,0.07748893564498285,2.9833333333333334,2.9729333333333336,3.0156066666666668,50,0.11479999999999997,0.021771436903718765,0.1133333333333333,0.10879999999999998,0.12040333333333329,50,0.8852000000000001,0.021771436903718775,0.8866666666666667,0.8795966666666667,0.8912,50,0.6888,0.03577303105087538,0.6866666666666666,0.6789333333333334,0.6989333333333333,50,0.17959999999999998,0.1850729340819592,0.1166666666666666,0.13026333333333331,0.23626999999999998,50,0.17959999999999998,0.1850729340819592,0.1166666666666666,0.13026333333333331,0.23626999999999998,50,0.8204,0.1850729340819592,0.8833333333333333,0.76373,0.8697366666666667,48,0.10455232851987832,0.027419316989034312,0.10334310359509245,0.09708727800417818,0.11265130477836616,48,0.10688700123632845,0.03138729553163568,0.103471600617552,0.09832186145470559,0.11616823517304911,48,0.16270344046036478,0.03391923761645741,0.17327381524790905,0.15217888278049777,0.17128837760488438,48,0.1762509974759454,0.036762808032389446,0.19154610098823566,0.1648413639233809,0.18592986195011815
E0_NO_CONTEXT,0.2,100,50,50,1.7007431148807766,0.39720111965854477,1.6755538610146066,1.5946768318269697,1.8085888479670862,50,0.4998666666666666,0.028776722767588196,0.49833333333333335,0.49160000000000004,0.5075999999999999,50,0.3048666666666666,0.10203420794927913,0.29833333333333334,0.278125,0.33313499999999996,50,2.982066666666667,0.05327756437951296,2.9733333333333336,2.9676,2.997,50,0.11693333333333329,0.01303823089428193,0.1166666666666666,0.11326666666666661,0.12046666666666662,50,0.8830666666666667,0.013038230894281914,0.8833333333333333,0.8795333333333334,0.8867333333333334,50,0.6878666666666667,0.025597264593087404,0.6866666666666666,0.6807333333333333,0.695,50,0.1667333333333333,0.17209854530777463,0.12999999999999995,0.1217283333333333,0.22006833333333328,50,0.1667333333333333,0.17209854530777463,0.12999999999999995,0.1217283333333333,0.22006833333333328,50,0.8332666666666668,0.1720985453077746,0.87,0.7799316666666667,0.8782716666666666,48,0.10407474789247277,0.021071590680838994,0.10555609538202021,0.09794638627883262,0.11013991468387575,48,0.10724311019359006,0.025094910924262262,0.10734882305170546,0.10022628498184938,0.11425747340780867,48,0.16610919524570888,0.03180257171218826,0.1768413653166409,0.15625989972308818,0.17414672170877546,48,0.1826816634384644,0.03555946693422674,0.19594254686506218,0.17184968324212185,0.19188427970150246
E0_NO_CONTEXT,0.2,250,50,50,4.268142557905418,1.0158467069672898,4.241711814780145,3.9923910351664302,4.5330052291509295,50,0.50064,0.021210941428451056,0.5026666666666668,0.49498666666666674,0.5060273333333334,50,0.3072266666666666,0.10159689676907743,0.29266666666666663,0.28004799999999996,0.33674866666666664,50,2.9727200000000007,0.04102205368931317,2.9813333333333336,2.9609066666666672,2.983948,50,0.12111999999999996,0.011621732710823026,0.1213333333333333,0.11807999999999996,0.12447999999999997,50,0.8788799999999999,0.011621732710823033,0.8786666666666667,0.8755200000000001,0.8819199999999999,50,0.6863466666666668,0.01681929568926693,0.6893333333333334,0.6816,0.6907740000000001,50,0.16210666666666662,0.157759388535839,0.14400000000000002,0.12109133333333331,0.21056933333333325,50,0.16210666666666662,0.157759388535839,0.14400000000000002,0.12109133333333331,0.21056933333333325,50,0.8378933333333335,0.15775938853583898,0.856,0.7894306666666667,0.8789086666666667,49,0.10472536319003242,0.013448955086160213,0.1048258374421745,0.10119999121403239,0.10860215069053662,49,0.10595344079343355,0.01796060427962804,0.1048814833529407,0.10132675812486445,0.11107912754389528,49,0.17224971781731566,0.01810277960201728,0.1785536941107538,0.16695577996509678,0.17675156382192939,49,0.19111299611804192,0.01702385619067305,0.1983870855839269,0.18616639439064442,0.19528467222035603
E0_NO_CONTEXT,0.2,500,50,50,8.535247610320262,2.043927225608986,8.296007840165212,7.968716970154518,9.074208298504502,50,0.5027333333333334,0.015491494264848124,0.5029999999999999,0.4985463333333333,0.5069733333333333,50,0.31139999999999995,0.10394916339936831,0.293,0.2841053333333333,0.342228,50,2.970186666666667,0.029098640592882346,2.9686666666666666,2.962093,2.978387,50,0.12298666666666662,0.008622325080621723,0.12366666666666665,0.12067999999999997,0.12529366666666664,50,0.8770133333333334,0.008622325080621725,0.8763333333333334,0.8747063333333333,0.87932,50,0.6851066666666668,0.011786929230307278,0.6853333333333333,0.681892,0.6883870000000001,50,0.16979999999999998,0.14869593378981008,0.161,0.13072566666666666,0.21551333333333325,50,0.16979999999999998,0.14869593378981008,0.161,0.13072566666666666,0.21551333333333325,50,0.8301999999999999,0.14869593378981008,0.839,0.7844866666666668,0.8692743333333334,50,0.10370945439280123,0.01071600098906215,0.1038615233319301,0.10073325825965997,0.10662148269517654,50,0.10604074362570143,0.012115952464520722,0.10504839015998291,0.10274083903339509,0.1093227878881396,50,0.17411966837339649,0.014488556932570004,0.17914493194179698,0.16985383711620874,0.1778600486340568,50,0.19399257074438964,0.01433744121990073,0.19913002758342463,0.18981976005110046,0.19752182499962057
E0_NO_CONTEXT,0.3,25,50,50,0.5231910712249875,0.160077541995255,0.5450744773126179,0.47721883818232486,0.5652320301778153,50,0.4978666666666667,0.061521745505699256,0.5066666666666666,0.4799933333333333,0.5141333333333333,50,0.2229333333333333,0.15792394621815795,0.17999999999999994,0.18185999999999997,0.26880666666666664,50,3.666933333333333,0.08784608266942132,3.6666666666666665,3.6426600000000002,3.6904066666666666,50,0.030399999999999955,0.01961812295555616,0.0266666666666666,0.025066666666666636,0.03599999999999996,50,0.9696000000000001,0.019618122955556185,0.9733333333333334,0.964,0.9749333333333333,50,0.9141333333333332,0.03355409887063589,0.92,0.9050666666666667,0.9226666666666667,50,0.42773333333333335,0.2628135229507892,0.4666666666666667,0.3567933333333333,0.5002733333333332,50,0.42773333333333335,0.2628135229507892,0.4666666666666667,0.3567933333333333,0.5002733333333332,50,0.5722666666666667,0.2628135229507892,0.5333333333333333,0.4997266666666667,0.6432066666666666,49,0.1481926272978059,0.016547805924408795,0.147913620493928,0.14371685845038495,0.15261474831522087,49,0.1486047175388623,0.026333265816363055,0.1466461103329044,0.14142785916533251,0.15614278124590286,49,0.24804718721166935,0.02354510699427395,0.2529015297177603,0.2412154766073512,0.2540000748897292,49,0.28059733255446706,0.027215303587232915,0.2918965474703476,0.27260463856093176,0.28697366557919646
E0_NO_CONTEXT,0.3,50,50,50,1.0458589966946044,0.3175590700369315,1.0593143414987485,0.9550898457984367,1.1317151961271414,50,0.5036,0.04129886647212111,0.5066666666666668,0.4917333333333333,0.5144033333333334,50,0.2206666666666666,0.16399352899130018,0.1533333333333333,0.1792,0.2670666666666666,50,3.6798666666666664,0.05433564954789236,3.673333333333333,3.6654666666666667,3.6950666666666665,50,0.02666666666666662,0.011895234282663618,0.0266666666666666,0.023599999999999954,0.030133333333333297,50,0.9733333333333333,0.011895234282663583,0.9733333333333334,0.9698666666666668,0.9764,50,0.9150666666666667,0.022770072254522825,0.92,0.9089333333333335,0.9214666666666665,50,0.41586666666666666,0.2743084977309993,0.41,0.3401166666666666,0.4896033333333333,50,0.41586666666666666,0.2743084977309993,0.41,0.3401166666666666,0.4896033333333333,50,0.5841333333333333,0.2743084977309993,0.5900000000000001,0.5103966666666667,0.6598833333333333,49,0.1456487021602104,0.014663066356142847,0.1459620860125036,0.14166332632043382,0.14965798392046037,49,0.14251649808838146,0.019383123124626662,0.1440081644621644,0.13717343697831058,0.14790653778501742,49,0.24951827084182496,0.02180094227186176,0.2543906305233295,0.24289225572830433,0.2548318395410955,49,0.28425872932354446,0.025966070811305895,0.2935557722639921,0.2760578831166637,0.29040962162490114
E0_NO_CONTEXT,0.3,100,50,50,2.0787965878112353,0.657836123016332,2.127061345145802,1.894167461639878,2.2546504622140127,50,0.5025333333333333,0.02973473045129778,0.4999999999999999,0.49440000000000006,0.5104666666666666,50,0.22806666666666664,0.16588946679263203,0.18166666666666664,0.18498999999999996,0.27413499999999996,50,3.6774666666666667,0.032960912740812906,3.683333333333333,3.6691333333333334,3.6866666666666665,50,0.02766666666666662,0.0076561596146731085,0.0266666666666666,0.02546666666666662,0.02973333333333329,50,0.9723333333333334,0.007656159614673094,0.9733333333333334,0.9702666666666667,0.9745333333333334,50,0.9159999999999999,0.013519113872931799,0.9166666666666666,0.9125333333333333,0.9196666666666666,50,0.4151333333333333,0.2703673573797472,0.41333333333333333,0.3405983333333333,0.490675,50,0.4151333333333333,0.2703673573797472,0.41333333333333333,0.3405983333333333,0.490675,50,0.5848666666666665,0.2703673573797472,0.5866666666666667,0.509325,0.6594016666666667,49,0.14623181011407443,0.011817416611508641,0.1465271498383616,0.14301660220671217,0.14952782421417318,49,0.1442646785807514,0.015535616575335724,0.1438758253548294,0.14012089106931566,0.14850650000262228,49,0.25430820372999696,0.014106597994667359,0.256531650779868,0.2502512012115069,0.2579293262898263,49,0.29280046810164717,0.01111175608320648,0.2965035032961291,0.28936171451105613,0.2955065267786151
E0_NO_CONTEXT,0.3,250,50,50,5.104185771992384,1.661680069439688,5.208852472137849,4.652293104721429,5.5609571917366125,50,0.5033333333333334,0.021758101157646925,0.5040000000000002,0.4975980000000001,0.5088266666666666,50,0.23968,0.17265162858371105,0.17866666666666664,0.19281933333333331,0.2884313333333333,50,3.6796800000000003,0.027146111751408485,3.678,3.67216,3.6869066666666668,50,0.026719999999999966,0.005339859952132641,0.02599999999999995,0.025306666666666634,0.028239999999999967,50,0.97328,0.005339859952132619,0.9740000000000001,0.97176,0.9746933333333333,50,0.9170933333333333,0.009852204882313599,0.9173333333333332,0.9143733333333333,0.9196533333333334,50,0.4097866666666667,0.2579764421736087,0.4073333333333333,0.33919800000000006,0.4823240000000001,50,0.4097866666666667,0.2579764421736087,0.4073333333333333,0.33919800000000006,0.4823240000000001,50,0.5902133333333333,0.2579764421736087,0.5926666666666667,0.5176759999999999,0.660802,49,0.1461366816656433,0.010605926246055431,0.1470569531146134,0.1432169066921281,0.14917835010987235,49,0.1446098468213738,0.014226340414533306,0.1439168664138654,0.1407730189651315,0.14859083772494966,49,0.25728260491517463,0.01052299277814392,0.2582461029445562,0.2542932997633449,0.260041714453229,49,0.29635930734125293,0.006240507722222434,0.2988547659435286,0.29458109178678493,0.2979641016655375
E0_NO_CONTEXT,0.3,500,50,50,10.123721803225184,3.2931153086507763,10.531476001317532,9.21772295999191,11.022384744460902,50,0.5054133333333333,0.01621546530916526,0.505,0.5011066666666667,0.5096806666666666,50,0.24593333333333334,0.17263665591636787,0.2283333333333333,0.20037766666666662,0.2951506666666667,50,3.674053333333333,0.018611600020653717,3.6723333333333334,3.668906,3.679402,50,0.028053333333333298,0.003756391378767151,0.028,0.02702633333333329,0.029106999999999963,50,0.9719466666666667,0.0037563913787671543,0.972,0.970893,0.9729736666666668,50,0.9146266666666666,0.007296021343008925,0.9153333333333332,0.9126396666666665,0.9166403333333334,50,0.40989333333333333,0.24587161297723498,0.43866666666666665,0.3425996666666667,0.4770049999999999,50,0.40989333333333333,0.24587161297723498,0.43866666666666665,0.3425996666666667,0.4770049999999999,50,0.5901066666666667,0.24587161297723498,0.5613333333333334,0.522995,0.6574003333333334,50,0.1460094141537015,0.00999565623703902,0.1471307868427894,0.1432538919093235,0.1486335604239671,50,0.14518320777163626,0.014119531295212462,0.14653538699411905,0.14131232134641455,0.1488960585272303,50,0.2578238229736274,0.008079907382017965,0.25788478833997697,0.2555017106820186,0.25988831145182023,50,0.297396001907762,0.004770810520008627,0.2992800860014597,0.2959962070707381,0.2985634849040867
E3_QUALITY,0.0,25,50,50,0.0,0.0,0.0,0.0,0.0,50,0.4952,0.04579437428935226,0.4933333333333333,0.48319333333333325,0.5074666666666666,50,1.0,0.0,1.0,0.9999999999999999,1.0,50,1.0,0.0,1.0,0.9999999999999999,1.0,50,1.0,0.0,1.0,0.9999999999999999,1.0,50,0.0,0.0,0.0,0.0,0.0,50,0.0,0.0,0.0,0.0,0.0,50,0.0,0.0,0.0,0.0,0.0,50,0.0,0.0,0.0,0.0,0.0,50,1.0,0.0,1.0,0.9999999999999999,1.0,0,,,,,,0,,,,,,0,,,,,,0,,,,,
E3_QUALITY,0.0,50,50,50,0.0,0.0,0.0,0.0,0.0,50,0.4938666666666666,0.03947133636650558,0.49333333333333323,0.4828,0.5042666666666666,50,1.0,0.0,1.0,0.9999999999999999,1.0,50,1.0,0.0,1.0,0.9999999999999999,1.0,50,1.0,0.0,1.0,0.9999999999999999,1.0,50,0.0,0.0,0.0,0.0,0.0,50,0.0,0.0,0.0,0.0,0.0,50,0.0,0.0,0.0,0.0,0.0,50,0.0,0.0,0.0,0.0,0.0,50,1.0,0.0,1.0,0.9999999999999999,1.0,0,,,,,,0,,,,,,0,,,,,,0,,,,,
E3_QUALITY,0.0,100,50,50,0.0,0.0,0.0,0.0,0.0,50,0.5024,0.029106419798205798,0.5066666666666667,0.49406666666666665,0.5104666666666666,50,1.0,0.0,1.0,0.9999999999999999,1.0,50,1.0,0.0,1.0,0.9999999999999999,1.0,50,1.0,0.0,1.0,0.9999999999999999,1.0,50,0.0,0.0,0.0,0.0,0.0,50,0.0,0.0,0.0,0.0,0.0,50,0.0,0.0,0.0,0.0,0.0,50,0.0,0.0,0.0,0.0,0.0,50,1.0,0.0,1.0,0.9999999999999999,1.0,0,,,,,,0,,,,,,0,,,,,,0,,,,,
E3_QUALITY,0.0,250,50,50,0.0,0.0,0.0,0.0,0.0,50,0.5004,0.017482871436088374,0.49800000000000016,0.4955993333333334,0.5053073333333333,50,1.0,0.0,1.0,0.9999999999999999,1.0,50,1.0,0.0,1.0,0.9999999999999999,1.0,50,1.0,0.0,1.0,0.9999999999999999,1.0,50,0.0,0.0,0.0,0.0,0.0,50,0.0,0.0,0.0,0.0,0.0,50,0.0,0.0,0.0,0.0,0.0,50,0.0,0.0,0.0,0.0,0.0,50,1.0,0.0,1.0,0.9999999999999999,1.0,0,,,,,,0,,,,,,0,,,,,,0,,,,,
E3_QUALITY,0.0,500,50,50,0.0,0.0,0.0,0.0,0.0,50,0.4968666666666666,0.012988220723063592,0.497,0.4933186666666667,0.5003466666666666,50,1.0,0.0,1.0,0.9999999999999999,1.0,50,1.0,0.0,1.0,0.9999999999999999,1.0,50,1.0,0.0,1.0,0.9999999999999999,1.0,50,0.0,0.0,0.0,0.0,0.0,50,0.0,0.0,0.0,0.0,0.0,50,0.0,0.0,0.0,0.0,0.0,50,0.0,0.0,0.0,0.0,0.0,50,1.0,0.0,1.0,0.9999999999999999,1.0,0,,,,,,0,,,,,,0,,,,,,0,,,,,
E3_QUALITY,0.05,25,50,50,0.16461713472216657,0.06316091233529901,0.1610756560774202,0.14803039712782032,0.18160159678599502,50,0.49573333333333336,0.04655496836391449,0.4933333333333333,0.48346666666666666,0.5082666666666666,50,0.7770666666666667,0.05777680096854386,0.7733333333333333,0.7615999999999999,0.79334,50,1.4264,0.08972581060338981,1.4266666666666667,1.4021266666666665,1.4512,50,0.6597333333333333,0.06078787323866346,0.6666666666666666,0.6429333333333332,0.6765333333333333,50,0.34026666666666655,0.06078787323866347,0.3333333333333333,0.3234666666666666,0.35706666666666664,50,0.0765333333333333,0.03510244159450581,0.08,0.06719999999999995,0.08693999999999993,50,0.020799999999999975,0.029650725672061017,0.0133333333333333,0.013599999999999975,0.02959999999999998,50,0.020799999999999975,0.029650725672061017,0.0133333333333333,0.013599999999999975,0.02959999999999998,50,0.9792000000000002,0.029650725672061024,0.9866666666666668,0.9704,0.9864,31,0.028661603810644084,0.008690101694680123,0.0287074262683327,0.02571052876902528,0.03171088756461346,31,0.029465294355049545,0.009015217433057608,0.0300276020604086,0.02638725054701478,0.03262237047984784,31,0.03397250992522723,0.009340748664207693,0.0349533468194434,0.030594647962337376,0.03715811083592261,31,0.03496914817956677,0.009889544879552133,0.0365148269572211,0.03133773095808107,0.03838032908513351
E3_QUALITY,0.05,50,50,50,0.3366671855155657,0.10017213041878459,0.33078133902298035,0.3106829921893025,0.3637586857435323,50,0.494,0.03993759304049862,0.49333333333333323,0.4829333333333333,0.5045333333333333,50,0.7689333333333334,0.04215531158447984,0.7533333333333333,0.7574633333333333,0.7802666666666666,50,1.4307999999999998,0.062421142996347975,1.44,1.4133333333333336,1.4480000000000002,50,0.6564000000000001,0.04483701904279532,0.6533333333333333,0.6441299999999999,0.6689333333333333,50,0.3436,0.04483701904279532,0.3466666666666667,0.3310666666666667,0.35586999999999996,50,0.07719999999999998,0.024947654950482703,0.08,0.07052999999999997,0.08440333333333329,50,0.013199999999999974,0.019679518457320494,0.0066666666666666,0.008266666666666641,0.019199999999999964,50,0.013199999999999974,0.019679518457320494,0.0066666666666666,0.008266666666666641,0.019199999999999964,50,0.9867999999999999,0.01967951845732048,0.9933333333333332,0.9808,0.9917333333333334,33,0.027374685322753833,0.00903614553220964,0.026696138490801,0.024318247320454442,0.030407466765313793,33,0.0280822185048373,0.009716146891062361,0.0280338513142208,0.02486506478131754,0.03135644710550823,33,0.03309435353139302,0.010192383199242169,0.0349533468194434,0.029400074036699045,0.03650990161725332,33,0.03412700190320815,0.01085776129503756,0.0365148269572211,0.030193454824477432,0.03786359123632655
E3_QUALITY,0.05,100,50,50,0.6723584861671829,0.19026593103670197,0.6590636708200643,0.6229795378934108,0.7241551956754257,50,0.5024666666666666,0.029151337079364608,0.5066666666666668,0.4941333333333333,0.51047,50,0.7710000000000001,0.03525900280653957,0.7633333333333333,0.7613333333333334,0.7800666666666667,50,1.4300666666666666,0.04322849694178372,1.4266666666666667,1.4181300000000001,1.4416,50,0.6598666666666666,0.029237940126779504,0.6616666666666666,0.6520666666666667,0.6681333333333334,50,0.34013333333333334,0.029237940126779494,0.3383333333333333,0.33186666666666664,0.3479333333333333,50,0.08099999999999996,0.01866581630716155,0.08,0.07593333333333331,0.0860683333333333,50,0.00926666666666664,0.016430848703449435,0.0033333333333333,0.005264999999999973,0.014266666666666641,50,0.00926666666666664,0.016430848703449435,0.0033333333333333,0.005264999999999973,0.014266666666666641,50,0.9907333333333334,0.016430848703449484,0.9966666666666668,0.9857333333333334,0.9947350000000001,34,0.027736474715911057,0.008947491811403195,0.026458153202659297,0.0247903866857714,0.030668592075195518,34,0.028520506823397712,0.009352451089448204,0.0279973328353201,0.025475895939381866,0.03146500213309955,34,0.03464613745188984,0.010461879554698534,0.037895794935554,0.030998192442445154,0.037977750703628625,34,0.03570193132044213,0.01113134865109012,0.03846458637533625,0.03185842085417164,0.03917204766682346
E3_QUALITY,0.05,250,50,50,1.6769394493837984,0.4264976802550522,1.6854707292083648,1.5664235530221913,1.7899786940979503,50,0.5004266666666666,0.017474962977521886,0.49800000000000016,0.49560000000000004,0.505308,50,0.7706933333333332,0.02844095925360652,0.7686666666666666,0.762932,0.7784806666666667,50,1.4301866666666667,0.023724434623104123,1.4273333333333333,1.4237326666666665,1.4366133333333333,50,0.6574933333333334,0.01697193094227339,0.6566666666666667,0.6528526666666666,0.6620006666666667,50,0.3425066666666666,0.016971930942273398,0.3433333333333333,0.3379993333333333,0.3471473333333333,50,0.07925333333333329,0.009397872099576578,0.0786666666666666,0.07666599999999997,0.08178666666666662,50,0.008106666666666644,0.015048438796236683,0.0013333333333333,0.004319333333333313,0.012479999999999974,50,0.008106666666666644,0.015048438796236683,0.0013333333333333,0.004319333333333313,0.012479999999999974,50,0.9918933333333334,0.0150484387962367,0.9986666666666668,0.9875200000000001,0.9956806666666668,34,0.02766568286744414,0.00859711760949002,0.02655740362392755,0.024826949276191727,0.030463304629702433,34,0.02798550964484709,0.00942389328830125,0.0279973328353201,0.024959390229874538,0.03100136837791351,34,0.036264846399075505,0.010336594546711899,0.038389422939482054,0.032611893387499244,0.03948635150825357,34,0.0381228122847436,0.011354360025951218,0.0422401236266374,0.03414867074169687,0.04153628712542035
E3_QUALITY,0.05,500,50,50,3.356736533826492,0.7599713973887404,3.402288289068948,3.154162559157337,3.559218385588469,50,0.4969466666666667,0.012981822281581467,0.497,0.493412,0.5003866666666666,50,0.7706533333333333,0.027344610250478373,0.7653333333333333,0.7633453333333333,0.7782936666666668,50,1.43284,0.01801073502008511,1.4313333333333331,1.4279196666666667,1.4378009999999999,50,0.6563866666666667,0.012639132264482912,0.657,0.6529586666666666,0.6598273333333333,50,0.34361333333333327,0.012639132264482909,0.34299999999999997,0.3401726666666667,0.3470413333333333,50,0.0800133333333333,0.0067632325993376595,0.0806666666666666,0.0782263333333333,0.08187999999999995,50,0.008706666666666633,0.01468607868116872,0.00166666666666665,0.004986666666666634,0.01293366666666663,50,0.008706666666666633,0.01468607868116872,0.00166666666666665,0.004986666666666634,0.01293366666666663,50,0.9912933333333334,0.014686078681168705,0.9983333333333334,0.9870663333333333,0.9950133333333334,38,0.025765564979056292,0.006757153691921299,0.0265351632413396,0.023384675307515014,0.027679801228089586,38,0.026255485279167178,0.007473539121759857,0.028041254056081003,0.023708030859860986,0.028394299177163997,38,0.037555994119893354,0.011442624412132743,0.0417748811410761,0.0337071528370503,0.04093089899917793,38,0.03996505907371527,0.012514412501072329,0.0459908332981609,0.035880208581864824,0.04361483587584677
E3_QUALITY,0.1,25,50,50,0.30648180978851264,0.08504676332682647,0.29971184828497827,0.2835632953515324,0.3289221958771883,50,0.4960000000000001,0.04650116425041411,0.4933333333333333,0.4837333333333333,0.5087999999999999,50,0.5922666666666667,0.07183200355477966,0.5933333333333333,0.5730666666666667,0.61174,50,1.9146666666666663,0.1010780888489265,1.92,1.8866666666666665,1.9418666666666664,50,0.4114666666666667,0.054478188441549856,0.4133333333333333,0.39680000000000004,0.4264,50,0.5885333333333334,0.05447818844154985,0.5866666666666667,0.5736,0.6032,50,0.25599999999999995,0.04981598792617913,0.2533333333333333,0.24266666666666664,0.2698733333333333,50,0.07466666666666665,0.08099158714464494,0.04666666666666665,0.05413333333333331,0.10053999999999993,50,0.07466666666666665,0.08099158714464494,0.04666666666666665,0.05413333333333331,0.10053999999999993,50,0.9253333333333335,0.08099158714464495,0.9533333333333334,0.8994599999999999,0.9458666666666667,40,0.05354233268647814,0.013843981451036958,0.0530199857633379,0.04954254896791001,0.05799481417734042,40,0.05437966451241916,0.017064460799961576,0.0567719242023888,0.049325798729053204,0.059811776682426834,40,0.0771452123604101,0.0170001548245599,0.0837535009848206,0.07158874196677407,0.08199958206522846,40,0.08418941544691808,0.018408092040785286,0.0911591065731803,0.07818517086763467,0.08940988849127193
E3_QUALITY,0.1,50,50,50,0.6191435458595484,0.15116141138394978,0.614594829482064,0.5784397678547878,0.6594019411110681,50,0.49439999999999995,0.039597979746446695,0.49333333333333323,0.4837299999999999,0.5048,50,0.5841333333333333,0.056502603636355335,0.5833333333333333,0.5690633333333333,0.5997333333333335,50,1.9278666666666668,0.07736816011478159,1.9333333333333331,1.90613,1.9489366666666665,50,0.4076000000000001,0.04125052050795081,0.4033333333333333,0.39640000000000003,0.41866666666666663,50,0.5923999999999999,0.04125052050795081,0.5966666666666667,0.5813333333333333,0.6035999999999999,50,0.2650666666666667,0.03650390591967236,0.2733333333333333,0.25453333333333333,0.27507,50,0.0553333333333333,0.06660200946217082,0.02999999999999995,0.0386633333333333,0.07639999999999997,50,0.0553333333333333,0.06660200946217082,0.02999999999999995,0.0386633333333333,0.07639999999999997,50,0.9446666666666665,0.06660200946217083,0.9700000000000001,0.9236000000000001,0.9613366666666667,42,0.05152195435175407,0.011765399370610705,0.05352273229728145,0.04791173672294,0.055140478175208285,42,0.052519179232358694,0.0157648608840755,0.05627063265284715,0.04766480416610003,0.057502331741272956,42,0.07786894113939866,0.018977721195512373,0.0836942099408572,0.07183990715094538,0.08299135496659825,42,0.08348046197367216,0.020519266250895465,0.09148429291183141,0.07700628396582418,0.08894482881399779
E3_QUALITY,0.1,100,50,50,1.2623476542029726,0.31683964215442445,1.2448378532362874,1.1782141886801758,1.3445002559848238,50,0.5029333333333333,0.029212180232274707,0.5066666666666668,0.4945333333333334,0.5109999999999999,50,0.5800666666666667,0.0519658443556134,0.5700000000000001,0.5658000000000001,0.5940666666666666,50,1.9287333333333334,0.06049639707418049,1.9283333333333332,1.9119983333333335,1.9456716666666667,50,0.4047333333333333,0.03200828974257917,0.40166666666666667,0.395865,0.4139333333333333,50,0.5952666666666666,0.03200828974257916,0.5983333333333334,0.5860666666666667,0.6041350000000001,50,0.26473333333333327,0.025324112177850827,0.2666666666666666,0.25766666666666665,0.2717333333333333,50,0.04599999999999997,0.05802493794943929,0.0233333333333333,0.03113166666666663,0.0641366666666666,50,0.04599999999999997,0.05802493794943929,0.0233333333333333,0.03113166666666663,0.0641366666666666,50,0.9540000000000001,0.05802493794943931,0.9766666666666668,0.9358633333333333,0.9688683333333334,43,0.05373983099759627,0.011741002602186927,0.055150935818626,0.05049847320735366,0.05724491748030927,43,0.05308946258243068,0.015345993481051012,0.0565701166534006,0.048692046071809186,0.05764946114177136,43,0.08146578999746831,0.01651522993755052,0.0858839497490615,0.07614132151898069,0.08575802769914621,43,0.08745482346786417,0.017782983599065275,0.0952599042066274,0.08152576943868306,0.09222399643397279
E3_QUALITY,0.1,250,50,50,3.1549175628541617,0.7583882630937505,3.066994435134439,2.9508614737792076,3.3499352538651843,50,0.50088,0.017520931440672727,0.4993333333333334,0.49615866666666664,0.505814,50,0.5828800000000001,0.04753849186308692,0.5793333333333333,0.5702386666666668,0.5957073333333334,50,1.92776,0.03446375992690467,1.9226666666666665,1.9182913333333331,1.9370399999999999,50,0.40565333333333337,0.018916807964949232,0.4053333333333333,0.4007193333333333,0.41104066666666667,50,0.5943466666666667,0.018916807964949225,0.5946666666666667,0.5889593333333334,0.5992806666666666,50,0.2656266666666666,0.01364610033752386,0.264,0.2620533333333333,0.2693606666666666,50,0.044239999999999974,0.050675036902595,0.02999999999999995,0.030957333333333305,0.0600273333333333,50,0.044239999999999974,0.050675036902595,0.02999999999999995,0.030957333333333305,0.0600273333333333,50,0.9557599999999999,0.050675036902595005,0.9700000000000001,0.9399726666666667,0.9690426666666667,43,0.05304337205057533,0.008802163813030098,0.0539723698816476,0.05034108949161292,0.05544836145148904,43,0.053166953605392225,0.010620173327294298,0.0549834547932595,0.05004223314419795,0.05621153219742616,43,0.08401679829638002,0.01509560348928058,0.0888579419263126,0.07902056651356187,0.087951714052668,43,0.0908464892908566,0.016840382809037126,0.098205048968435,0.08526390664547932,0.0952008264490558
E3_QUALITY,0.1,500,50,50,6.32842126550883,1.5136599197760654,6.243560441617001,5.929567647387739,6.716360627450058,50,0.49729333333333336,0.013117580939533531,0.497,0.49370666666666674,0.5007343333333334,50,0.58028,0.046742812512106616,0.573,0.5679413333333334,0.5930139999999999,50,1.9378933333333332,0.02516966824466473,1.9356666666666666,1.9310243333333332,1.944573333333333,50,0.40228,0.014300367088512565,0.4036666666666667,0.3981996666666667,0.4063336666666667,50,0.59772,0.014300367088512556,0.5963333333333334,0.5936663333333332,0.6018003333333335,50,0.2694266666666667,0.009801670457844037,0.27,0.2668663333333333,0.27192,50,0.048319999999999974,0.04670964784510861,0.037,0.035863999999999965,0.06252199999999995,50,0.048319999999999974,0.04670964784510861,0.037,0.035863999999999965,0.06252199999999995,50,0.95168,0.04670964784510861,0.963,0.937478,0.964136,48,0.0505431500607,0.01087945079232768,0.05259300401781335,0.0471696707117551,0.05323857330273701,48,0.05163985183570307,0.011907683114122597,0.05463449911811495,0.0480976946266331,0.05468384391331933,48,0.08135184868117429,0.019299192339034293,0.08886338974310426,0.07528546891835142,0.08634064562512793,48,0.08953966523333233,0.021107993727880896,0.09877044614918179,0.082907741090139,0.09481472657414577
E3_QUALITY,0.15,25,50,50,0.43985397009767235,0.11039680270342853,0.4365095386934139,0.4087520081189953,0.4683116722698864,50,0.4965333333333334,0.046074769166448315,0.4933333333333333,0.4845333333333333,0.5090666666666666,50,0.44186666666666663,0.08539666017568252,0.43333333333333335,0.41999333333333333,0.46614000000000005,50,2.4511999999999996,0.13614344842390633,2.44,2.4138533333333334,2.4893333333333327,50,0.23333333333333328,0.04775219480655876,0.2266666666666666,0.2205266666666666,0.24666666666666662,50,0.7666666666666667,0.04775219480655877,0.7733333333333333,0.7533333333333334,0.7794733333333334,50,0.48266666666666663,0.060474315681476355,0.48,0.4656,0.4992066666666667,50,0.13679999999999998,0.12070270443176846,0.09999999999999995,0.10639999999999998,0.1725333333333333,50,0.13679999999999998,0.12070270443176846,0.09999999999999995,0.10639999999999998,0.1725333333333333,50,0.8632,0.12070270443176848,0.8999999999999999,0.8274666666666668,0.8936000000000001,46,0.08344905627529015,0.02049854761818996,0.07905689849303099,0.07799245656480083,0.089720336331409,46,0.08407929963752196,0.02509435820564988,0.08208062315770376,0.07738228788087205,0.09140354685797347,46,0.12163665496301457,0.018275996645694178,0.12405826613084961,0.11645879426004953,0.1266387038246348,46,0.1320048926012414,0.01894159499340499,0.14099251438621505,0.12648308505559683,0.1372368639651679
E3_QUALITY,0.15,50,50,50,0.880525493102528,0.20688037730805814,0.9005203172229407,0.8237675762667717,0.9343817304168186,50,0.49439999999999995,0.03964376518336566,0.49,0.48346666666666666,0.5049333333333333,50,0.43733333333333335,0.07139681833901454,0.4266666666666667,0.4184,0.4573333333333333,50,2.4690666666666665,0.09990253753935745,2.466666666666667,2.440533333333333,2.4958699999999996,50,0.23159999999999997,0.03865798635853984,0.22999999999999995,0.22119666666666665,0.24266999999999997,50,0.7684000000000001,0.03865798635853984,0.77,0.75733,0.7788033333333334,50,0.49280000000000007,0.04535253694899274,0.4933333333333333,0.47973333333333334,0.5050666666666667,50,0.10933333333333332,0.10634304649301227,0.0733333333333333,0.0833333333333333,0.14134666666666656,50,0.10933333333333332,0.10634304649301227,0.0733333333333333,0.0833333333333333,0.14134666666666656,50,0.8906666666666665,0.10634304649301227,0.9266666666666666,0.8586533333333334,0.9166666666666666,46,0.08184989366127363,0.016022781444743193,0.0795792667207822,0.07757851035374866,0.08674342138404822,46,0.08152312337995155,0.02007475298818612,0.08191755064382455,0.07586552286966335,0.08759292441600552,46,0.12625723159976282,0.015399430460744866,0.1266446874217843,0.12171150931058637,0.13054061210198187,46,0.13757341752008564,0.01438960749019498,0.14342649360753457,0.13323850586033562,0.1415470838115844
E3_QUALITY,0.15,100,50,50,1.772302488966807,0.4053590289596568,1.769348380351435,1.6629389982054161,1.8755259778259703,50,0.5028666666666667,0.028761352880230306,0.5066666666666668,0.49466666666666664,0.5108016666666667,50,0.43553333333333333,0.06156540684286827,0.4266666666666667,0.4192,0.45240166666666665,50,2.465,0.07402656261632788,2.466666666666667,2.4441966666666666,2.4856700000000003,50,0.23006666666666664,0.02515701260974189,0.23,0.2229316666666666,0.23700166666666664,50,0.7699333333333332,0.025157012609741892,0.77,0.7629983333333333,0.7770683333333332,50,0.48893333333333333,0.032341993370035085,0.49166666666666664,0.47966499999999995,0.49806666666666666,50,0.09379999999999995,0.09374547003416986,0.07499999999999996,0.06966666666666664,0.1226683333333333,50,0.09379999999999995,0.09374547003416986,0.07499999999999996,0.06966666666666664,0.1226683333333333,50,0.9062,0.09374547003416984,0.9249999999999999,0.8773316666666667,0.9303333333333332,46,0.08051442781382719,0.0131358923209538,0.0802544037582466,0.07697494368633434,0.08436476905836561,46,0.08089832158236142,0.016958497274334884,0.07975724119555065,0.07641317090564348,0.08592195695506134,46,0.12993340623386576,0.01421047175025685,0.13303771558273345,0.12569980604100264,0.13377465319249454,46,0.14123314903694376,0.013283560158012117,0.1471165713857991,0.13713319597968804,0.1446201805661441
E3_QUALITY,0.15,250,50,50,4.405148587816621,1.0206493867307893,4.441823247507485,4.126107206156858,4.666557298285511,50,0.5014133333333334,0.017553618538908862,0.5000000000000002,0.4967193333333334,0.50632,50,0.4391999999999999,0.055819599285547486,0.434,0.42455933333333334,0.45498666666666665,50,2.4571466666666666,0.04362030357933958,2.453333333333333,2.4448779999999997,2.468960666666667,50,0.23301333333333332,0.016326731971547406,0.23399999999999996,0.2285326666666666,0.23736066666666664,50,0.7669866666666667,0.016326731971547406,0.766,0.7626393333333333,0.7714673333333334,50,0.48541333333333325,0.019591122058015546,0.48466666666666663,0.4800786666666666,0.49056066666666664,50,0.09151999999999998,0.08860143270597277,0.0773333333333333,0.06927266666666664,0.11789333333333331,50,0.09151999999999998,0.08860143270597277,0.0773333333333333,0.06927266666666664,0.11789333333333331,50,0.90848,0.08860143270597275,0.9226666666666666,0.8821066666666667,0.9307273333333332,47,0.07921716754769646,0.011531552763427395,0.0784510950777222,0.076113305223961,0.08260916426819391,47,0.08033347000920786,0.014296765916779218,0.0778599264485731,0.07614800776477688,0.08447892473718888,47,0.13035290311379003,0.013248244763064182,0.1338477517708845,0.1260229965479012,0.1338129339910524,47,0.14262482083608014,0.013566698579899958,0.1480778288551905,0.13815487129524853,0.1460576991919572
E3_QUALITY,0.15,500,50,50,8.761917368457022,1.9737401874506408,8.749330833798613,8.219370404723318,9.2653125693525,50,0.49792000000000003,0.012676787936261699,0.49766666666666654,0.49442600000000003,0.5012533333333333,50,0.43982666666666664,0.055033580348605296,0.43566666666666665,0.42557100000000003,0.454615,50,2.4656266666666666,0.03233194049878904,2.4656666666666665,2.4565189999999997,2.4739619999999998,50,0.2304933333333333,0.012053403467377677,0.2303333333333333,0.22718633333333332,0.2337613333333333,50,0.7695066666666667,0.012053403467377679,0.7696666666666667,0.7662386666666667,0.7728136666666667,50,0.48781333333333327,0.014589804783756299,0.4883333333333333,0.4837596666666666,0.49150666666666665,50,0.09626666666666664,0.08656529917009564,0.0863333333333333,0.07369299999999997,0.1212813333333333,50,0.09626666666666664,0.08656529917009564,0.0863333333333333,0.07369299999999997,0.1212813333333333,50,0.9037333333333332,0.08656529917009566,0.9136666666666666,0.8787186666666668,0.9263070000000001,50,0.07944905015534254,0.010851873164151935,0.07829882120820264,0.07664011820863283,0.0826528178671834,50,0.0793136346798998,0.012309526020746489,0.078491828461594,0.0759556830798758,0.08273250432665956,50,0.13229362301825548,0.010816935090381069,0.13487872017875835,0.12907980857462506,0.13484030024308402,50,0.14526690487750277,0.011235878082171217,0.1488825375500486,0.1418760644835788,0.14785559816926555
E3_QUALITY,0.2,25,50,50,0.529467039097363,0.1510372318993659,0.5112003548830379,0.4895269374300202,0.5684100405121346,50,0.49760000000000004,0.04661338065658645,0.4933333333333333,0.48506666666666665,0.5101333333333333,50,0.3671999999999999,0.10007561766834458,0.36666666666666664,0.3410666666666667,0.3946733333333334,50,2.9434666666666662,0.13159575288310318,2.94,2.906133333333333,2.9797533333333335,50,0.13066666666666663,0.03949798353014804,0.12666666666666665,0.11999999999999997,0.1421333333333333,50,0.8693333333333335,0.039497983530148044,0.8733333333333333,0.8578666666666666,0.8800000000000001,50,0.6738666666666666,0.05721963096525924,0.68,0.6584,0.6898666666666667,50,0.28586666666666666,0.2264209953166477,0.2,0.22666666666666666,0.35200666666666663,50,0.28586666666666666,0.2264209953166477,0.2,0.22666666666666666,0.35200666666666663,50,0.7141333333333333,0.22642099531664772,0.8,0.6479933333333332,0.7733333333333333,47,0.10622373775702486,0.017129676733619616,0.1030299250567272,0.10150200384424421,0.11123642071193583,47,0.10829635706481568,0.021708434153985767,0.1051433970487414,0.10197990923556291,0.11436388985548968,47,0.16861697260904132,0.015721020112540195,0.1725309820565703,0.16395198535240965,0.1727581689104682,47,0.18514731705756599,0.016408425638712247,0.1898276386979681,0.1804384147286274,0.18948061528127566
E3_QUALITY,0.2,50,50,50,1.0662375351885158,0.28329599718823295,1.0243400830402312,0.9901894369564739,1.138140148010258,50,0.4958666666666667,0.03965588946374801,0.49333333333333323,0.4849333333333333,0.5062666666666666,50,0.35559999999999997,0.08894044989833319,0.3433333333333334,0.3330666666666666,0.37987,50,2.961333333333333,0.0987265859609772,2.96,2.9343933333333334,2.988,50,0.12639999999999996,0.02866524280596131,0.1266666666666666,0.11853333333333331,0.1341333333333333,50,0.8736,0.028665242805961288,0.8733333333333333,0.8658666666666667,0.8814666666666666,50,0.6819999999999999,0.04070244885020591,0.69,0.6707966666666666,0.6930666666666666,50,0.24439999999999998,0.19019793962035358,0.1933333333333333,0.19613,0.3020133333333332,50,0.24439999999999998,0.19019793962035358,0.1933333333333333,0.19613,0.3020133333333332,50,0.7555999999999998,0.19019793962035358,0.8066666666666666,0.6979866666666666,0.8038700000000001,47,0.1056792878235203,0.012824621023064411,0.1061072885848216,0.10207508148514868,0.10941008282862127,47,0.10868399326234915,0.018559089078217253,0.1098501004367382,0.10308424785161967,0.1137968255478676,47,0.17262428918694334,0.014461268576866703,0.1752743250584127,0.16805103723168463,0.17642843737134356,47,0.18968857268672076,0.01225501011398052,0.1942632752671067,0.18604796192781856,0.19296483521017593
E3_QUALITY,0.2,100,50,50,2.152030104822003,0.5325759255245825,2.1477868615101987,2.009805334196221,2.285554386259104,50,0.5038666666666667,0.029457375332015683,0.5066666666666667,0.4954,0.51207,50,0.34759999999999996,0.0763956760538703,0.3333333333333333,0.3279966666666666,0.3686733333333333,50,2.9649333333333328,0.07092278065844948,2.9716666666666667,2.944666666666667,2.985138333333333,50,0.12459999999999996,0.022506134210421518,0.1233333333333333,0.11826666666666664,0.13086666666666663,50,0.8754,0.022506134210421504,0.8766666666666667,0.8691333333333333,0.8817333333333333,50,0.6822000000000001,0.028345215595679155,0.68,0.6745333333333333,0.6902016666666666,50,0.2184,0.16528713420800142,0.18666666666666665,0.17531666666666668,0.26659999999999995,50,0.2184,0.16528713420800142,0.18666666666666665,0.17531666666666668,0.26659999999999995,50,0.7816,0.16528713420800142,0.8133333333333332,0.7334000000000002,0.8246833333333331,47,0.10508945185124899,0.011470978885737525,0.1057290151042596,0.10200336380068543,0.1083447679946894,47,0.10805673195946702,0.01814598388962958,0.1076009915463318,0.10266003301550493,0.11296894347101501,47,0.17510418433042396,0.01044084686179379,0.1755480189263696,0.17212509375591448,0.177999727582538,47,0.19354542520753662,0.010260861684385664,0.1979706509599068,0.19045589328854157,0.19626484208116352
E3_QUALITY,0.2,250,50,50,5.418355534264197,1.3744604355275718,5.471415007775406,5.061639615277764,5.756303901999695,50,0.5018133333333333,0.01800531037816509,0.5000000000000002,0.49701266666666666,0.5067473333333333,50,0.34373333333333334,0.07353713178093699,0.3393333333333333,0.32492999999999994,0.3638173333333333,50,2.9562666666666666,0.04042405606059374,2.952,2.944692666666666,2.9675480000000003,50,0.12562666666666666,0.012603969428377474,0.1233333333333333,0.12226666666666663,0.12928066666666663,50,0.8743733333333332,0.012603969428377474,0.8766666666666667,0.8707193333333333,0.8777333333333334,50,0.6798133333333334,0.018234073907033646,0.6786666666666666,0.6746920000000001,0.6845613333333334,50,0.20229333333333333,0.14517286029103155,0.18466666666666665,0.16446666666666665,0.2449913333333333,50,0.20229333333333333,0.14517286029103155,0.18466666666666665,0.16446666666666665,0.2449913333333333,50,0.7977066666666666,0.14517286029103155,0.8153333333333332,0.7550086666666668,0.8355333333333332,48,0.10408805766028045,0.01042737451333951,0.1036871604326734,0.10122286942508542,0.10704347481774767,48,0.10649042184012907,0.01463571634058211,0.10473384589678185,0.10238088775690897,0.11046877134545395,48,0.17602136764957468,0.008540496187956862,0.17753579183376594,0.17367901470042257,0.1783029812037565,48,0.19620446773679276,0.00854054062503262,0.1991807846411699,0.19362432943401167,0.19825311983158866
E3_QUALITY,0.2,500,50,50,10.78270592895721,2.7516858380800118,10.966911615919209,10.048192634538127,11.46588903550726,50,0.4980133333333334,0.012627213889542003,0.49700000000000005,0.49460000000000004,0.5013599999999999,50,0.34206666666666663,0.0753613517217767,0.3373333333333333,0.3227596666666666,0.36252066666666666,50,2.96504,0.03194870037704685,2.961,2.9562926666666667,2.973787333333333,50,0.12399999999999999,0.009379864573139147,0.1223333333333333,0.12142666666666664,0.1267603333333333,50,0.8759999999999999,0.009379864573139156,0.8776666666666666,0.8732396666666666,0.8785733333333333,50,0.6836666666666666,0.01402572951526494,0.6819999999999999,0.6798933333333333,0.687427,50,0.20102666666666663,0.12603380822750113,0.1943333333333333,0.16781966666666662,0.23710733333333328,50,0.20102666666666663,0.12603380822750113,0.1943333333333333,0.16781966666666662,0.23710733333333328,50,0.7989733333333335,0.12603380822750113,0.8056666666666668,0.7628926666666668,0.8321803333333333,50,0.10432189996461064,0.010108459714274095,0.10352970510492321,0.1016948898089541,0.10722159215314053,50,0.10624508746856277,0.012884989523373106,0.1048153615365432,0.10270978758029564,0.10993687128320996,50,0.1766933356960278,0.009939473103058464,0.17970320427761044,0.17389227296685106,0.17931330699166323,50,0.19598878975770945,0.012130309828757173,0.19952441930806902,0.19257841963434785,0.19875872903396974
E3_QUALITY,0.3,25,50,50,0.6741936172818649,0.20278793576739151,0.6459461507224792,0.6206206321931604,0.7287402365536196,50,0.49599999999999994,0.045872741252542065,0.4933333333333333,0.48373333333333335,0.5082666666666666,50,0.2567999999999999,0.12419894800201511,0.2266666666666666,0.22586666666666666,0.2901466666666666,50,3.6615999999999995,0.07167019450263368,3.6666666666666665,3.6413266666666666,3.6818666666666666,50,0.028799999999999958,0.017941198993244364,0.0266666666666666,0.023999999999999962,0.03386666666666663,50,0.9712,0.017941198993244402,0.9733333333333334,0.9661333333333334,0.9760000000000001,50,0.9106666666666666,0.026151486129039968,0.9066666666666666,0.9034666666666666,0.91814,50,0.5216,0.2880619736797485,0.5133333333333334,0.44826000000000005,0.60454,50,0.5216,0.2880619736797485,0.5133333333333334,0.44826000000000005,0.60454,50,0.47840000000000005,0.2880619736797485,0.48666666666666664,0.39546000000000003,0.55174,50,0.14511676986847946,0.01989332779415993,0.1417289560441862,0.1394243417278939,0.1503285983222672,50,0.1429400248610407,0.028900962415587844,0.14051264209933123,0.13478366537007325,0.15075206302546887,50,0.24193579619575056,0.02792064871551618,0.24854895563350782,0.23364273039235223,0.2489701212812103,50,0.2784273860534088,0.030220635758983518,0.28839515310522845,0.26943369024011765,0.28607908342505295
E3_QUALITY,0.3,50,50,50,1.3404964364852043,0.38511796588698505,1.3596971718445685,1.2410954781046366,1.4454309074160856,50,0.4938666666666667,0.0394023377185552,0.48666666666666664,0.48306666666666664,0.5042666666666666,50,0.2525333333333333,0.1243551347813401,0.21666666666666665,0.2208,0.28626999999999997,50,3.6737333333333333,0.05817184644500171,3.663333333333333,3.657863333333333,3.6897366666666667,50,0.02826666666666664,0.013166300692407974,0.0266666666666666,0.02466666666666664,0.03199999999999997,50,0.9717333333333333,0.01316630069240797,0.9733333333333334,0.9680000000000002,0.9753333333333334,50,0.9157333333333334,0.019413626371414715,0.9099999999999999,0.9104000000000001,0.92107,50,0.49946666666666656,0.2710083296491623,0.49333333333333335,0.43012999999999996,0.5766733333333333,50,0.49946666666666656,0.2710083296491623,0.49333333333333335,0.43012999999999996,0.5766733333333333,50,0.5005333333333334,0.2710083296491623,0.5066666666666666,0.4233266666666667,0.5698700000000001,50,0.14296706710973495,0.0168064816108016,0.1417297569106312,0.13809221238278585,0.14756778621724545,50,0.1427345317984529,0.021407386032021785,0.1375908185748954,0.13684425660060529,0.14872841790343627,50,0.24203514273230933,0.02533780465260168,0.24547790753558912,0.23490084949084575,0.24879369505133717,50,0.28463050272074764,0.02599525655792271,0.29446268906803363,0.276916347496617,0.2910605081886587
E3_QUALITY,0.3,100,50,50,2.663352869962157,0.7882730956763565,2.7525886985147894,2.4567225790329568,2.879734810503002,50,0.5024666666666666,0.029698484809834984,0.5033333333333332,0.4938666666666666,0.5106666666666667,50,0.24946666666666664,0.13094001673231684,0.19499999999999995,0.21597666666666665,0.28586833333333334,50,3.673866666666666,0.04085458977482139,3.66,3.6633316666666667,3.6854033333333334,50,0.029399999999999968,0.009201449161228177,0.03,0.026933333333333302,0.031999999999999966,50,0.9705999999999999,0.009201449161228177,0.97,0.9680000000000001,0.9730666666666667,50,0.9145333333333333,0.013780922762991836,0.9166666666666666,0.9107333333333334,0.9183999999999999,50,0.47206666666666663,0.25837525663776395,0.4433333333333333,0.4057950000000001,0.5446083333333334,50,0.47206666666666663,0.25837525663776395,0.4433333333333333,0.4057950000000001,0.5446083333333334,50,0.5279333333333333,0.25837525663776395,0.5566666666666666,0.4553916666666666,0.5942049999999999,50,0.1437286456209603,0.013948490062138993,0.14273818616008022,0.13978163785934075,0.14759294741505358,50,0.14355859358245554,0.01857864806876266,0.14140091006211955,0.1384386863436014,0.14887108332410823,50,0.24691032222784431,0.01756983093429507,0.25054338740097454,0.2419157776372232,0.25169091257668136,50,0.29055017922193843,0.018205945886565565,0.2973517883471538,0.2850685739724456,0.2951154748046332
E3_QUALITY,0.3,250,50,50,6.633634545733384,1.9277962811572251,6.8950899868082995,6.136052078187004,7.157219044048532,50,0.50176,0.018436757133656757,0.5000000000000001,0.49674666666666667,0.5070146666666666,50,0.24453333333333332,0.12158768287063595,0.20666666666666667,0.21369666666666665,0.27832599999999996,50,3.6700533333333336,0.031112651727322645,3.671333333333333,3.6614626666666665,3.6786399999999997,50,0.028426666666666642,0.006817025504917367,0.028,0.026612666666666642,0.03029333333333331,50,0.9715733333333333,0.00681702550491736,0.972,0.9697066666666667,0.9733873333333334,50,0.9137866666666666,0.011347681993311022,0.9146666666666666,0.9106393333333332,0.9168006666666667,50,0.44941333333333333,0.23945158960460536,0.448,0.3854619999999999,0.5174173333333332,50,0.44941333333333333,0.23945158960460536,0.448,0.3854619999999999,0.5174173333333332,50,0.5505866666666667,0.23945158960460533,0.552,0.48258266666666666,0.6145379999999999,50,0.14387237243900117,0.011524972037607493,0.14429233881448006,0.14060323805972172,0.14696496830255454,50,0.14275777732491893,0.0158078349718485,0.14343184407507945,0.13839165890741947,0.14694606958946885,50,0.2512244496057466,0.014867270920713936,0.2526625828352106,0.24675569170395578,0.2550390991190134,50,0.2957971373236925,0.011079094813353448,0.2990218257691324,0.2922125721563728,0.29824887844834147
E3_QUALITY,0.3,500,50,50,13.106736607351763,3.5923457734601567,13.443519815037234,12.169365303847673,14.051930006737852,50,0.49896,0.012559994800466824,0.4996666666666665,0.4955733333333333,0.5023346666666666,50,0.2463333333333333,0.11403641460022884,0.21399999999999994,0.21687699999999996,0.2778853333333333,50,3.671866666666667,0.02106635666696916,3.6710000000000003,3.665959,3.677613333333333,50,0.027879999999999967,0.004172450407569645,0.027666666666666652,0.026719999999999973,0.028959999999999965,50,0.97212,0.004172450407569636,0.9723333333333334,0.97104,0.97328,50,0.9140666666666668,0.0073872476993416545,0.9146666666666666,0.9119999999999999,0.9160536666666668,50,0.42849333333333334,0.22241391863328622,0.42399999999999993,0.36858033333333334,0.4916723333333333,50,0.42849333333333334,0.22241391863328622,0.42399999999999993,0.36858033333333334,0.4916723333333333,50,0.5715066666666666,0.22241391863328622,0.5760000000000001,0.5083276666666666,0.6314196666666666,50,0.1441026656110412,0.010040718737503666,0.1449095346014809,0.14140261911615246,0.14671755186328322,50,0.14285742020139613,0.012804636435109568,0.14374930656291052,0.13938769191996317,0.14621888766353913,50,0.2538164054518043,0.012812986491544661,0.2565726706774999,0.24969096544974184,0.2569464606655318,50,0.2976428393138319,0.009527271330537435,0.2995474206848562,0.2947738696505297,0.29922670857627676
E4_MIXED,0.0,25,50,50,0.0,0.0,0.0,0.0,0.0,50,0.4904,0.05127242609828927,0.4933333333333333,0.47626666666666667,0.50454,50,1.0,0.0,1.0,0.9999999999999999,1.0,50,1.0,0.0,1.0,0.9999999999999999,1.0,50,1.0,0.0,1.0,0.9999999999999999,1.0,50,0.0,0.0,0.0,0.0,0.0,50,0.0,0.0,0.0,0.0,0.0,50,0.0,0.0,0.0,0.0,0.0,50,0.0,0.0,0.0,0.0,0.0,50,1.0,0.0,1.0,0.9999999999999999,1.0,0,,,,,,0,,,,,,0,,,,,,0,,,,,
E4_MIXED,0.0,50,50,50,0.0,0.0,0.0,0.0,0.0,50,0.4897333333333333,0.03179326644720894,0.4933333333333333,0.48106,0.49879999999999997,50,1.0,0.0,1.0,0.9999999999999999,1.0,50,1.0,0.0,1.0,0.9999999999999999,1.0,50,1.0,0.0,1.0,0.9999999999999999,1.0,50,0.0,0.0,0.0,0.0,0.0,50,0.0,0.0,0.0,0.0,0.0,50,0.0,0.0,0.0,0.0,0.0,50,0.0,0.0,0.0,0.0,0.0,50,1.0,0.0,1.0,0.9999999999999999,1.0,0,,,,,,0,,,,,,0,,,,,,0,,,,,
E4_MIXED,0.0,100,50,50,0.0,0.0,0.0,0.0,0.0,50,0.49993333333333323,0.02486690193392378,0.4966666666666668,0.4934666666666667,0.5065999999999999,50,1.0,0.0,1.0,0.9999999999999999,1.0,50,1.0,0.0,1.0,0.9999999999999999,1.0,50,1.0,0.0,1.0,0.9999999999999999,1.0,50,0.0,0.0,0.0,0.0,0.0,50,0.0,0.0,0.0,0.0,0.0,50,0.0,0.0,0.0,0.0,0.0,50,0.0,0.0,0.0,0.0,0.0,50,1.0,0.0,1.0,0.9999999999999999,1.0,0,,,,,,0,,,,,,0,,,,,,0,,,,,
E4_MIXED,0.0,250,50,50,0.0,0.0,0.0,0.0,0.0,50,0.5038666666666667,0.02065283715472727,0.5053333333333334,0.49813333333333343,0.5090946666666667,50,1.0,0.0,1.0,0.9999999999999999,1.0,50,1.0,0.0,1.0,0.9999999999999999,1.0,50,1.0,0.0,1.0,0.9999999999999999,1.0,50,0.0,0.0,0.0,0.0,0.0,50,0.0,0.0,0.0,0.0,0.0,50,0.0,0.0,0.0,0.0,0.0,50,0.0,0.0,0.0,0.0,0.0,50,1.0,0.0,1.0,0.9999999999999999,1.0,0,,,,,,0,,,,,,0,,,,,,0,,,,,
E4_MIXED,0.0,500,50,50,0.0,0.0,0.0,0.0,0.0,50,0.5037866666666667,0.015403530531487393,0.5030000000000002,0.4995863333333334,0.5077870000000001,50,1.0,0.0,1.0,0.9999999999999999,1.0,50,1.0,0.0,1.0,0.9999999999999999,1.0,50,1.0,0.0,1.0,0.9999999999999999,1.0,50,0.0,0.0,0.0,0.0,0.0,50,0.0,0.0,0.0,0.0,0.0,50,0.0,0.0,0.0,0.0,0.0,50,0.0,0.0,0.0,0.0,0.0,50,1.0,0.0,1.0,0.9999999999999999,1.0,0,,,,,,0,,,,,,0,,,,,,0,,,,,
E4_MIXED,0.05,25,50,50,0.17231884446536447,0.06017085744532626,0.1714946434526377,0.15656269348124213,0.1888693065242004,50,0.49119999999999997,0.05211952076184549,0.4933333333333333,0.4768,0.5056,50,0.7810666666666668,0.048043064581912015,0.78,0.768,0.7944000000000001,50,1.4413333333333334,0.06905911234393639,1.4466666666666668,1.4218666666666668,1.4589333333333334,50,0.6528,0.05032033440292073,0.64,0.64,0.6672,50,0.3472,0.05032033440292074,0.36,0.33280000000000004,0.36,50,0.08479999999999997,0.028856985698141904,0.08,0.0773333333333333,0.0925333333333333,50,0.02853333333333331,0.0295096740354414,0.0133333333333333,0.021066666666666643,0.037066666666666644,50,0.02853333333333331,0.0295096740354414,0.0133333333333333,0.021066666666666643,0.037066666666666644,50,0.9714666666666666,0.02950967403544143,0.9866666666666668,0.9629333333333333,0.9789333333333334,39,0.027768217275402168,0.011715332660537864,0.0291391224391323,0.02416091367032269,0.031419261282989795,39,0.02814105892834436,0.012888573036005876,0.0301604500033783,0.024147033969204534,0.03214622456663883,39,0.03409555841213911,0.01319208427291957,0.0387135686372652,0.02984339809155302,0.038180341132521264,39,0.035399742485835696,0.013661675669595601,0.0410041046337021,0.03087663813745843,0.03970589001385373
E4_MIXED,0.05,50,50,50,0.35525717914199356,0.09059512757344448,0.34516788430444056,0.3326027319426235,0.38044889424565637,50,0.4902666666666666,0.03227461531375387,0.4933333333333333,0.48133,0.49946666666666667,50,0.7778666666666667,0.03577303105087537,0.78,0.7679966666666667,0.7878666666666666,50,1.4325333333333332,0.04080016006371165,1.4266666666666667,1.4210666666666667,1.4433333333333334,50,0.6578666666666666,0.03275525956970053,0.6499999999999999,0.6495966666666666,0.6669366666666667,50,0.34213333333333323,0.03275525956970052,0.35,0.33306333333333327,0.3504033333333333,50,0.08039999999999997,0.0175822008533651,0.08,0.07572999999999996,0.08533333333333329,50,0.020533333333333306,0.0226113771455264,0.0133333333333333,0.014799999999999973,0.026933333333333306,50,0.020533333333333306,0.0226113771455264,0.0133333333333333,0.014799999999999973,0.026933333333333306,50,0.9794666666666666,0.02261137714552638,0.9866666666666668,0.9730666666666666,0.9852,40,0.02692241325878244,0.011120065947668257,0.028766688758650148,0.02343290530541949,0.030315309323628227,40,0.027586057641566696,0.01257226765752389,0.03025840358084085,0.02361214263267797,0.031426278149033225,40,0.0347986591740206,0.013551771790066388,0.0396414919727347,0.030261268175084784,0.038760193787075334,40,0.03596217125149197,0.013824960600885958,0.0412313097885633,0.03139024754227398,0.03998414777343291
E4_MIXED,0.05,100,50,50,0.716575107047647,0.16720959398842677,0.7086996659603423,0.6727608508858922,0.7632776235981195,50,0.5004,0.025355879691318823,0.4966666666666668,0.4938,0.5072016666666667,50,0.7759333333333331,0.03151711912891057,0.7749999999999999,0.7673316666666666,0.7845333333333333,50,1.4331333333333334,0.02949622367158812,1.4333333333333331,1.425533333333333,1.4410016666666665,50,0.6569333333333333,0.024372766482936358,0.6533333333333333,0.6504633333333333,0.6635350000000001,50,0.34306666666666674,0.02437276648293636,0.3466666666666667,0.336465,0.34953666666666666,50,0.08046666666666664,0.014333412434523074,0.07833333333333331,0.07693166666666663,0.08446666666666663,50,0.014799999999999973,0.017984119979264242,0.01,0.01026666666666664,0.019999999999999976,50,0.014799999999999973,0.017984119979264242,0.01,0.01026666666666664,0.019999999999999976,50,0.9852000000000001,0.017984119979264267,0.99,0.9800000000000002,0.9897333333333335,42,0.0262464684752728,0.010788669965788764,0.02863565278539695,0.023050853212405156,0.02938680515870583,42,0.02700669620960159,0.01200000552920146,0.029943695210880653,0.023421080442060753,0.030651635451466937,42,0.03501021315119082,0.013772490241570637,0.040494587762368695,0.030864921261765245,0.038992495007470214,42,0.03676746262271626,0.01444143083295871,0.043153920470188595,0.03230820499840623,0.04088070312707688
E4_MIXED,0.05,250,50,50,1.827329606275581,0.4093344350274287,1.8507644557293632,1.716306295295563,1.9383411989212849,50,0.5041066666666667,0.02063629983180851,0.506,0.4983993333333334,0.5093333333333334,50,0.7731466666666669,0.028565091360687862,0.7713333333333334,0.7653853333333334,0.780774,50,1.4366400000000001,0.022999934930401904,1.4346666666666668,1.4303986666666668,1.4428813333333332,50,0.6551733333333333,0.018524022522952162,0.6533333333333333,0.6501859999999999,0.6602666666666666,50,0.34482666666666667,0.018524022522952162,0.3466666666666667,0.33973333333333333,0.34981399999999996,50,0.0818933333333333,0.00971648901250646,0.08199999999999995,0.07930599999999997,0.08464066666666663,50,0.010826666666666629,0.013912952577835749,0.004666666666666651,0.007306666666666634,0.014800666666666629,50,0.010826666666666629,0.013912952577835749,0.004666666666666651,0.007306666666666634,0.014800666666666629,50,0.9891733333333333,0.013912952577835761,0.9953333333333334,0.9851993333333334,0.9926933333333333,45,0.026641066677562896,0.010345945299071312,0.0269394899661807,0.02362362534489087,0.029565626483860477,45,0.02708651126497602,0.010875850222634757,0.0293691886116132,0.023918485043201716,0.030084686725052323,45,0.036497240385147386,0.013065153509619426,0.0414585149434245,0.03264768606405336,0.03999768105263667,45,0.03890135742290608,0.013953195058320161,0.044681262702755,0.03471187350614474,0.042620166164729315
E4_MIXED,0.05,500,50,50,3.685451828880416,0.7956949712947826,3.715418798254227,3.4746943382062194,3.9001353864580537,50,0.5038800000000001,0.015414273210051182,0.5030000000000002,0.4997200000000001,0.5078933333333333,50,0.7729600000000001,0.02647076340404152,0.7736666666666667,0.765639,0.7798533333333334,50,1.4348266666666667,0.018888170721308096,1.4353333333333331,1.429732,1.4400533333333334,50,0.6548666666666666,0.013521294199350768,0.6553333333333333,0.6511463333333332,0.6585466666666666,50,0.34513333333333335,0.013521294199350775,0.3446666666666667,0.34145333333333333,0.3488536666666667,50,0.08006666666666665,0.008181889186342996,0.08099999999999995,0.07783966666666664,0.08226733333333332,50,0.010666666666666626,0.01363668521575055,0.0033333333333333,0.007279999999999959,0.01446766666666663,50,0.010666666666666626,0.01363668521575055,0.0033333333333333,0.007279999999999959,0.01446766666666663,50,0.9893333333333332,0.01363668521575051,0.9966666666666668,0.9855323333333332,0.9927199999999999,46,0.02514669161451583,0.009358315295343662,0.0265911247642919,0.02248301949894413,0.02776500821246676,46,0.024808717648549358,0.010068681461199947,0.0260343882105613,0.021942591563362195,0.027609264906781842,46,0.03740201940376071,0.013637104471267182,0.0437859314408299,0.033620066338499656,0.040936367158639894,46,0.0396057736141086,0.014736421579539387,0.0472469748750297,0.03546121993952125,0.04350145810039171
E4_MIXED,0.1,25,50,50,0.34061162718479976,0.09609899831872419,0.32836165842327547,0.3148682591889464,0.36747284310233436,50,0.4922666666666666,0.05159338669849467,0.4933333333333333,0.47812666666666664,0.5064,50,0.5805333333333333,0.06670529493137772,0.5666666666666667,0.5624,0.5992,50,1.9541333333333333,0.1143859877564177,1.9466666666666668,1.9234666666666667,1.9856066666666667,50,0.3928000000000001,0.059213897982532064,0.4,0.3768,0.40906666666666663,50,0.6072,0.05921389798253206,0.6,0.5909333333333333,0.6232,50,0.2749333333333333,0.05208679308236822,0.2733333333333333,0.26132666666666665,0.28879999999999995,50,0.07893333333333329,0.09074506414492563,0.04666666666666665,0.056533333333333304,0.10479999999999998,50,0.07893333333333329,0.09074506414492563,0.04666666666666665,0.056533333333333304,0.10479999999999998,50,0.9210666666666667,0.09074506414492564,0.9533333333333334,0.8952,0.9434666666666668,45,0.052197970551852504,0.0201182396286439,0.0530540128508679,0.046313212898863594,0.05789107365131087,45,0.05385224487291707,0.02199061837499897,0.0527123110805178,0.04732771620078625,0.05989375229539505,45,0.07164365366793475,0.025567561318616264,0.0816189565237785,0.06374559237361524,0.07842532464974787,45,0.07504930807200808,0.027099551777442207,0.0866184737155286,0.06671859618630939,0.08225230383721396
E4_MIXED,0.1,50,50,50,0.6948633703616673,0.1652334824048998,0.6833738307755386,0.6504810174875655,0.7427635428401944,50,0.49066666666666664,0.03201473583613643,0.4933333333333333,0.48186666666666667,0.4998666666666667,50,0.5833333333333334,0.05902073120538359,0.5766666666666667,0.5669333333333333,0.5994700000000001,50,1.9364000000000001,0.06932404438037137,1.9366666666666665,1.9177333333333333,1.95587,50,0.40159999999999996,0.03328050235099665,0.4066666666666667,0.39213333333333333,0.4105333333333333,50,0.5983999999999999,0.03328050235099665,0.5933333333333334,0.5894666666666666,0.6078666666666667,50,0.26559999999999995,0.03582167980098327,0.2633333333333333,0.25626666666666664,0.27573333333333333,50,0.06186666666666663,0.07646426995988954,0.0333333333333333,0.04279666666666663,0.08360666666666661,50,0.06186666666666663,0.07646426995988954,0.0333333333333333,0.04279666666666663,0.08360666666666661,50,0.9381333333333334,0.07646426995988954,0.9666666666666668,0.9163933333333332,0.9572033333333334,45,0.049254169781032725,0.01855005385638606,0.0518704149263061,0.043766792387064546,0.054288506326720776,45,0.05075131849918837,0.020750613755429744,0.0483339609292315,0.04464118183779007,0.056420168466391175,45,0.07184246098984315,0.024906674338920527,0.0814877790607644,0.06429832707324543,0.07855731318969879,45,0.077762815013864,0.02708388088734293,0.089266683848074,0.0694816019033403,0.08505583541519339
E4_MIXED,0.1,100,50,50,1.3808810224487686,0.3181652654220749,1.3706408245855692,1.2958871740441251,1.4712291489058213,50,0.5004666666666666,0.025215713345977043,0.4983333333333334,0.4940633333333333,0.5072666666666666,50,0.5849333333333333,0.054043905893008296,0.5783333333333334,0.5696666666666667,0.5999333333333333,50,1.9339333333333335,0.04868190051386369,1.9333333333333331,1.9217316666666666,1.947535,50,0.4045333333333334,0.026149405026117796,0.4033333333333333,0.39706499999999995,0.4115333333333333,50,0.5954666666666666,0.026149405026117796,0.5966666666666667,0.5884666666666667,0.602935,50,0.26533333333333325,0.02459651727646659,0.26499999999999996,0.2591333333333333,0.2723999999999999,50,0.05473333333333331,0.07131130055819757,0.0233333333333333,0.03706666666666663,0.07446999999999995,50,0.05473333333333331,0.07131130055819757,0.0233333333333333,0.03706666666666663,0.07446999999999995,50,0.9452666666666666,0.07131130055819755,0.9766666666666668,0.9255299999999999,0.9629333333333333,45,0.0490318290448581,0.015951267998931786,0.0496532687538067,0.04409964018521041,0.053511083700579436,45,0.04896864634069254,0.018273631939566985,0.0487643098400228,0.043337075354884305,0.05406879877230969,45,0.07506568728920182,0.02281035047898021,0.0852674979115985,0.0678404831602551,0.08119240888999066,45,0.0826555506566359,0.025012215967628555,0.0954756501566564,0.07471141095785255,0.08928759410080067
E4_MIXED,0.1,250,50,50,3.4217634256530602,0.6942890616194477,3.3034741939852466,3.2364236517257865,3.621180117033056,50,0.5043466666666667,0.020065760370068852,0.5053333333333334,0.4989053333333334,0.5093333333333334,50,0.5893333333333334,0.04336837933945206,0.588,0.5771986666666667,0.6007753333333333,50,1.9388266666666665,0.031074647890146703,1.9413333333333331,1.9308533333333333,1.9476006666666663,50,0.40143999999999996,0.015791935138528817,0.40066666666666667,0.3972793333333333,0.4057606666666666,50,0.59856,0.015791935138528817,0.5993333333333333,0.5942393333333333,0.6027206666666667,50,0.26792,0.016317507257050647,0.268,0.263866,0.27256,50,0.05122666666666663,0.05683478223460814,0.0213333333333333,0.03671933333333329,0.06751999999999996,50,0.05122666666666663,0.05683478223460814,0.0213333333333333,0.03671933333333329,0.06751999999999996,50,0.9487733333333332,0.05683478223460814,0.9786666666666668,0.93248,0.9632806666666667,49,0.04906162752875992,0.015891565113958346,0.0519669393826956,0.044418995248831576,0.05331585373755888,49,0.04992415850325529,0.01846928419649704,0.0511883848400632,0.044627966939463436,0.05518869627683521,49,0.07567542008056842,0.025944942827653292,0.0883514820662948,0.06771760014744596,0.08231193868532193,49,0.08252176041279664,0.028709908967550875,0.0976496059809126,0.07395129417754427,0.08983931937287049
E4_MIXED,0.1,500,50,50,6.841188015775754,1.3248772902679247,6.753187929816406,6.4930414789272195,7.212142172458321,50,0.5045733333333334,0.014587299169214004,0.5033333333333334,0.500626,0.5083343333333334,50,0.5914666666666667,0.04075789922464538,0.591,0.5796929999999999,0.6022823333333333,50,1.93852,0.02774594493466491,1.936,1.931333,1.9461609999999996,50,0.4020533333333334,0.013930074806941434,0.404,0.39830599999999994,0.40560033333333334,50,0.5979466666666666,0.013930074806941422,0.596,0.5943996666666667,0.601694,50,0.2686933333333333,0.01342009864416234,0.2703333333333333,0.26513333333333333,0.2723333333333333,50,0.054026666666666626,0.05694807437133564,0.043666666666666604,0.03954599999999995,0.0704296666666666,50,0.054026666666666626,0.05694807437133564,0.043666666666666604,0.03954599999999995,0.0704296666666666,50,0.9459733333333333,0.05694807437133562,0.9563333333333334,0.9295703333333333,0.960454,50,0.048966413608135965,0.01242698243768706,0.05220702177494725,0.04537278219259074,0.052021511088871784,50,0.05030606375812042,0.014826389546906198,0.051592809609142795,0.04613745936964447,0.05407894028459474,50,0.08073581138381267,0.02276611191082423,0.08936707811966704,0.07419777732453411,0.08636493337994869,50,0.08814953415730555,0.024727715076878713,0.0986840602204532,0.08080858075295695,0.09413736753786005
E4_MIXED,0.15,25,50,50,0.48388498482718234,0.14621290237589413,0.4607586004940464,0.44497191757655913,0.5264340077455679,50,0.4928,0.05216127093870549,0.4933333333333333,0.47866,0.5074666666666666,50,0.4453333333333333,0.08298293680301702,0.44,0.42346666666666666,0.46934,50,2.4890666666666665,0.11838489822179235,2.4866666666666664,2.4570533333333326,2.5226666666666664,50,0.22346666666666665,0.047775742191515064,0.2133333333333333,0.21066,0.23707333333333327,50,0.7765333333333334,0.04777574219151507,0.7866666666666666,0.7629266666666666,0.7893399999999999,50,0.5013333333333333,0.0569520624294326,0.5066666666666667,0.4861333333333333,0.5165333333333333,50,0.1565333333333333,0.13416908139965825,0.1333333333333333,0.12185999999999998,0.19333999999999996,50,0.1565333333333333,0.13416908139965825,0.1333333333333333,0.12185999999999998,0.19333999999999996,50,0.8434666666666666,0.13416908139965825,0.8666666666666667,0.8066599999999999,0.8781399999999999,47,0.07657024054026418,0.01974087477974268,0.0771546773037057,0.07048072796405476,0.08203507467666304,47,0.07737193422523829,0.02458597825568954,0.0809281095353036,0.07032821625411227,0.0843197097464139,47,0.12131899394056532,0.029304619435225818,0.1308850694128387,0.11237228171546822,0.12866203148461683,47,0.1302874210019314,0.031121709996674234,0.1417675848017713,0.12041811989774508,0.13816556529839713
E4_MIXED,0.15,50,50,50,0.9748074189981827,0.23984683561515716,0.9590755363189636,0.9139737761989982,1.045179819225572,50,0.49053333333333327,0.0324673916302862,0.4933333333333333,0.4819966666666666,0.49973333333333325,50,0.45106666666666667,0.06938158969540935,0.4433333333333333,0.4323966666666666,0.47000333333333333,50,2.4682666666666666,0.08367478346404672,2.46,2.4445333333333332,2.490536666666667,50,0.23106666666666664,0.03352624450031326,0.2333333333333333,0.22186666666666663,0.24106666666666665,50,0.7689333333333335,0.03352624450031325,0.7666666666666667,0.7589333333333335,0.7781333333333333,50,0.4889333333333332,0.04558732369456067,0.48,0.4762666666666667,0.5012,50,0.12906666666666664,0.12582073415322748,0.08999999999999994,0.09639999999999997,0.16413999999999995,50,0.12906666666666664,0.12582073415322748,0.08999999999999994,0.09639999999999997,0.16413999999999995,50,0.8709333333333333,0.12582073415322748,0.9099999999999999,0.8358599999999999,0.9036000000000001,47,0.0751820710827152,0.018899443309846938,0.0771107247201533,0.06931651804133294,0.08051256598643758,47,0.0739756807707129,0.023612124208877955,0.0763218593349019,0.06679324813465588,0.08069301049001323,47,0.12317695313175506,0.027879944422176846,0.1329966174786094,0.11443618159318987,0.1302857612429206,47,0.13411119486920456,0.030215657104164354,0.1433178390241813,0.1243197542742787,0.14166222271380186
E4_MIXED,0.15,100,50,50,1.9638827445332014,0.456805176638106,1.848055472674012,1.8456720555917252,2.0954948597101994,50,0.5003333333333333,0.025610460589571154,0.49833333333333335,0.49366499999999996,0.5075999999999998,50,0.44333333333333336,0.06009818119727048,0.43,0.4264,0.4600699999999999,50,2.469733333333333,0.06703584853391606,2.4783333333333335,2.4506000000000006,2.4884033333333337,50,0.22959999999999994,0.024840899637182643,0.23,0.22266499999999995,0.23633499999999993,50,0.7704,0.02484089963718264,0.77,0.7636649999999999,0.777335,50,0.4887999999999999,0.033318091753508916,0.485,0.47946500000000003,0.4982016666666667,50,0.11753333333333328,0.11072388079261752,0.07833333333333331,0.08886333333333331,0.1478033333333333,50,0.11753333333333328,0.11072388079261752,0.07833333333333331,0.08886333333333331,0.1478033333333333,50,0.8824666666666665,0.11072388079261754,0.9216666666666666,0.8521966666666665,0.9111366666666667,47,0.07663693955118547,0.017060943250908043,0.0791281560928399,0.07131657745346419,0.08121081085499672,47,0.07758244905464283,0.01989738178578079,0.080183353399047,0.0712831766386868,0.0829528702530592,47,0.12630221355142185,0.02744022060092439,0.1334576923535258,0.11756355686244488,0.13307275973381505,47,0.1371086910350447,0.029514500505066106,0.147229930169463,0.12758007389192594,0.144175031396159
E4_MIXED,0.15,250,50,50,4.874790859070607,1.0382195549754731,4.665006147796793,4.586955051978458,5.173490234167249,50,0.5043733333333333,0.020479583329094723,0.504,0.49882666666666675,0.5096013333333334,50,0.44549333333333335,0.049189818831176756,0.44199999999999995,0.43128,0.45875,50,2.4688,0.037755629094807404,2.4713333333333334,2.4585853333333327,2.479893333333333,50,0.22962666666666665,0.011963026941599777,0.2273333333333333,0.22639999999999996,0.23296066666666665,50,0.7703733333333332,0.011963026941599775,0.7726666666666666,0.7670393333333333,0.7736,50,0.4897599999999999,0.020103027152154777,0.48999999999999994,0.4844793333333333,0.495494,50,0.11402666666666664,0.1017885371928238,0.09466666666666665,0.08738466666666664,0.14205399999999996,50,0.11402666666666664,0.1017885371928238,0.09466666666666665,0.08738466666666664,0.14205399999999996,50,0.8859733333333333,0.10178853719282382,0.9053333333333333,0.8579460000000001,0.9126153333333334,50,0.07161170227763841,0.019012384108266993,0.0766033014111283,0.06584226645178771,0.07617842561672805,50,0.07143611637799158,0.020289279377663026,0.0770339408758674,0.0654170972553928,0.07632335716056401,50,0.12157928772236669,0.03626371939512602,0.13430450026311624,0.11077125809024059,0.1303316954422198,50,0.13201391256832612,0.04005969012480708,0.14785824122447838,0.12018478207277136,0.14155335048462123
E4_MIXED,0.15,500,50,50,9.765902634124174,2.0278773683937312,9.099143183202418,9.215525630522249,10.312784205285308,50,0.5044533333333333,0.014812166354346725,0.504,0.50036,0.5082,50,0.4453733333333333,0.04935050445790228,0.44899999999999995,0.431772,0.458388,50,2.4690533333333335,0.03416568672893703,2.466,2.46012,2.478493333333333,50,0.22996,0.012077159342236807,0.22999999999999995,0.22657266666666664,0.23326699999999997,50,0.7700400000000001,0.012077159342236802,0.77,0.766733,0.7734273333333334,50,0.48988,0.01568782187246021,0.4903333333333333,0.48577300000000007,0.49412066666666665,50,0.11415999999999997,0.09538869616473993,0.09966666666666665,0.08917266666666664,0.1398273333333333,50,0.11415999999999997,0.09538869616473993,0.09966666666666665,0.08917266666666664,0.1398273333333333,50,0.8858400000000001,0.09538869616473993,0.9003333333333334,0.8601726666666667,0.9108273333333333,50,0.07485914855609438,0.012557696339763103,0.07750120334714325,0.07066885416830032,0.0776089041696543,50,0.07536351425812873,0.014724675380864942,0.0777253383502933,0.07096779157293671,0.0787540703658315,50,0.12946727046703763,0.023394552683050192,0.1347327267231782,0.12171260325413256,0.13466024414515945,50,0.14266122130471623,0.025452455480688946,0.1491890412702879,0.13421368195790603,0.14807822231442858
E4_MIXED,0.2,25,50,50,0.619607625352903,0.17449387815750977,0.5750606177674968,0.5762500087187541,0.6714887417467577,50,0.49066666666666664,0.05160463689197737,0.4933333333333333,0.47626666666666667,0.50454,50,0.32933333333333326,0.07891555232711087,0.33999999999999997,0.30666666666666664,0.3504,50,2.9754666666666667,0.12017704249127668,2.98,2.9418666666666664,3.010133333333333,50,0.1157333333333333,0.03259759461376215,0.1066666666666666,0.10666666666666665,0.12533333333333332,50,0.8842666666666666,0.03259759461376214,0.8933333333333333,0.8746666666666667,0.8933333333333332,50,0.6880000000000002,0.05068241788819075,0.6933333333333334,0.6743933333333333,0.7018666666666666,50,0.23786666666666662,0.18610917723298906,0.1733333333333333,0.18933333333333333,0.28933333333333333,50,0.23786666666666662,0.18610917723298906,0.1733333333333333,0.18933333333333333,0.28933333333333333,50,0.7621333333333333,0.18610917723298911,0.8266666666666667,0.7106666666666668,0.8106666666666668,49,0.1046448823914981,0.0197767929954878,0.1040248139512115,0.09940769893228983,0.11040855383497436,49,0.10232108500730709,0.027224548894020408,0.1009317019761968,0.09509489868059552,0.10999601566985089,49,0.17011987186449215,0.0175569062878429,0.1747106934852437,0.16504543383592532,0.1745855386276105,49,0.18437023281756987,0.01819427382563549,0.1902302220479526,0.1791427447017171,0.18889903662672236
E4_MIXED,0.2,50,50,50,1.2414207740782448,0.3068972893573177,1.1684535617658345,1.1631510239804588,1.3327627053904034,50,0.48946666666666666,0.0322993369209475,0.4933333333333333,0.48026666666666673,0.4988,50,0.33146666666666663,0.08043013616003077,0.3133333333333333,0.3089333333333333,0.35346999999999995,50,2.9608,0.08562577440601862,2.94,2.93613,2.9850666666666665,50,0.12106666666666661,0.029580897188186326,0.12,0.11266666666666664,0.12946666666666662,50,0.8789333333333333,0.02958089718818633,0.88,0.8705333333333335,0.8873333333333333,50,0.6813333333333332,0.04038364770878893,0.68,0.67,0.6930666666666667,50,0.19413333333333335,0.17747863721210694,0.1433333333333333,0.1491933333333333,0.24226999999999996,50,0.19413333333333335,0.17747863721210694,0.1433333333333333,0.1491933333333333,0.24226999999999996,50,0.8058666666666667,0.17747863721210697,0.8566666666666667,0.75773,0.8508066666666666,49,0.10462864113190914,0.01844926103927633,0.1016311633737583,0.0995775902481319,0.11006438181594445,49,0.10385125003422123,0.022842525420729842,0.1066694527646047,0.09760752314749485,0.11022571095455456,49,0.1712633995845887,0.016795479604143997,0.1760738595185933,0.1663779874298854,0.1754037775361188,49,0.1866605925111977,0.018565338540051594,0.194218296600312,0.18108500333306407,0.19126954364997015
E4_MIXED,0.2,100,50,50,2.4302283077958755,0.5855951458882896,2.3532185752261787,2.2756167372713834,2.5980168839142026,50,0.5000666666666667,0.024848657555548662,0.4999999999999998,0.4934666666666666,0.5069333333333332,50,0.33666666666666667,0.08356023531064324,0.3183333333333333,0.31366666666666665,0.3601366666666666,50,2.9673333333333334,0.06388055747708188,2.96,2.9503316666666666,2.9849366666666666,50,0.12059999999999998,0.021493974265017052,0.1233333333333333,0.11479999999999996,0.1262683333333333,50,0.8794,0.021493974265017035,0.8766666666666667,0.8737316666666666,0.8851999999999999,50,0.6827333333333333,0.030946446317510187,0.68,0.6743316666666667,0.6912,50,0.17439999999999994,0.1587971223829245,0.12666666666666665,0.13306666666666667,0.21653666666666663,50,0.17439999999999994,0.1587971223829245,0.12666666666666665,0.13306666666666667,0.21653666666666663,50,0.8256,0.1587971223829245,0.8733333333333333,0.7834633333333334,0.8669333333333333,49,0.103254850406674,0.013803385218392328,0.1030873906843058,0.09937541616669941,0.10718616244852876,49,0.10414823876162184,0.019704336265307536,0.1051598514189289,0.09884570531597567,0.10934637048776637,49,0.17233353816833288,0.01474033435083152,0.1759793687021313,0.167865850049393,0.1760772147402845,49,0.19037500314813316,0.016403930073928923,0.196707221577818,0.1850837406630119,0.19427108397136492
E4_MIXED,0.2,250,50,50,5.946109366777603,1.3947902032212958,5.715540153322245,5.588139640833388,6.336439850486523,50,0.5050666666666668,0.01975082879514777,0.5086666666666668,0.4996533333333334,0.5101073333333334,50,0.34416,0.07621553873503226,0.32999999999999996,0.32311866666666667,0.36541533333333337,50,2.9705333333333335,0.03609033764950574,2.964,2.96104,2.9806693333333327,50,0.12231999999999996,0.010432149853548563,0.124,0.1194133333333333,0.12506666666666663,50,0.87768,0.01043214985354858,0.876,0.8749333333333335,0.8805866666666666,50,0.68608,0.018062446478512142,0.6873333333333334,0.6811986666666667,0.6911200000000001,50,0.1714666666666666,0.1376074142388946,0.13799999999999996,0.1330126666666666,0.2089073333333333,50,0.1714666666666666,0.1376074142388946,0.13799999999999996,0.1330126666666666,0.2089073333333333,50,0.8285333333333333,0.1376074142388946,0.862,0.7910926666666667,0.8669873333333332,50,0.10142545543532899,0.017740425061147286,0.1032232428949051,0.09603230432784378,0.10584512191100583,50,0.10354030027999561,0.02227210374160585,0.10659778978348555,0.09704352173496969,0.10942320136683056,50,0.17211994241695103,0.027637974422528574,0.180163270745452,0.16390637772906813,0.17814732936300567,50,0.19026508487167693,0.03051742875700625,0.19897776920816324,0.18096642218525522,0.19686240321444634
E4_MIXED,0.2,500,50,50,11.722307846117968,2.6114880326913674,11.620824608160099,11.024735498016513,12.451875461608754,50,0.5054533333333333,0.014752802109024066,0.5036666666666666,0.5014930000000001,0.5092409999999999,50,0.3485733333333333,0.0735513160981722,0.33766666666666667,0.32924833333333337,0.3685606666666666,50,2.968626666666666,0.029924291469551122,2.965333333333333,2.9603593333333333,2.9769200000000002,50,0.12323999999999996,0.008974653146109348,0.12399999999999994,0.12075966666666664,0.1257203333333333,50,0.87676,0.008974653146109367,0.876,0.8742796666666666,0.8792403333333334,50,0.6850133333333334,0.014055439308312634,0.6843333333333333,0.6811323333333333,0.68892,50,0.1781466666666666,0.12833758558199493,0.1683333333333333,0.1431583333333333,0.21333399999999997,50,0.1781466666666666,0.12833758558199493,0.1683333333333333,0.1431583333333333,0.21333399999999997,50,0.8218533333333333,0.12833758558199493,0.8316666666666667,0.7866660000000001,0.8568416666666667,50,0.10151327665651494,0.010138102958318733,0.10305264668337949,0.09860940670830562,0.10414679654525343,50,0.10337842033147418,0.015140270303920995,0.10468477717824426,0.09917777963469555,0.10761982166188322,50,0.17505779379598593,0.015184630930397035,0.17850266201285064,0.170442651393859,0.17867336370634437,50,0.1946140741873178,0.013841153592641316,0.1993955755823421,0.19056390479417537,0.19790402245380548
E4_MIXED,0.3,25,50,50,0.7487194062027872,0.21857378010628406,0.7000679946540157,0.6882268716336511,0.8099190052691629,50,0.49013333333333337,0.05275605950086641,0.4933333333333333,0.47546666666666665,0.5048,50,0.2538666666666667,0.102041208162513,0.23333333333333328,0.22798666666666662,0.2829333333333333,50,3.683466666666667,0.08053381988410031,3.693333333333333,3.6615999999999995,3.7050666666666663,50,0.022399999999999965,0.01713015402355589,0.01999999999999995,0.017866666666666645,0.02719999999999997,50,0.9775999999999999,0.01713015402355592,0.9800000000000001,0.9728,0.9821333333333333,50,0.9149333333333333,0.03308917381918566,0.92,0.9056,0.9239999999999999,50,0.45813333333333334,0.281154213217546,0.3999999999999999,0.3871866666666667,0.5336,50,0.45813333333333334,0.281154213217546,0.3999999999999999,0.3871866666666667,0.5336,50,0.5418666666666667,0.281154213217546,0.6,0.46640000000000004,0.6128133333333333,50,0.14015375243630296,0.019861210456475566,0.13784750183961125,0.13491104971282203,0.14596548833022746,50,0.13669588650732684,0.026550693284504927,0.13381595945487512,0.12956496776540657,0.14423188910539445,50,0.24265993633553862,0.030055020676131965,0.24937432399248366,0.23431857458256214,0.25039641209048463,50,0.2773239574218541,0.029780254597832595,0.2903361639312444,0.2688681064272643,0.2847314119770186
E4_MIXED,0.3,50,50,50,1.4992887818639458,0.41359510507880676,1.441521613899953,1.38748619915986,1.610461723376574,50,0.49,0.03272229055735143,0.4933333333333335,0.4806633333333333,0.4990666666666667,50,0.24639999999999998,0.09861590898870695,0.2233333333333333,0.22013,0.27479999999999993,50,3.6733333333333333,0.056246944991365344,3.6766666666666667,3.6581333333333332,3.688536666666667,50,0.02479999999999996,0.011898283951802974,0.0233333333333333,0.021599999999999963,0.028136666666666615,50,0.9752,0.011898283951802972,0.9766666666666667,0.9718633333333333,0.9784000000000002,50,0.9108000000000002,0.02344056990476804,0.9133333333333332,0.9044,0.9171999999999999,50,0.4233333333333333,0.28894129997273144,0.35333333333333333,0.34812999999999994,0.5032099999999999,50,0.4233333333333333,0.28894129997273144,0.35333333333333333,0.34812999999999994,0.5032099999999999,50,0.5766666666666667,0.2889412999727315,0.6466666666666667,0.49679,0.6518700000000001,50,0.14120323749033092,0.017383720885167153,0.14012509219053884,0.13660252249752752,0.14613013007675082,50,0.1365863625959955,0.02323192251001964,0.13827644342119688,0.13048411781910232,0.14285041440914298,50,0.24673802599705003,0.024211169251692075,0.25336060974407637,0.23984857228470546,0.252901429894811,50,0.2832883820992726,0.02511482465209133,0.2943506413750361,0.27624304530651006,0.2893244018516068
E4_MIXED,0.3,100,50,50,2.915645017661353,0.8577625267404673,2.7925420024326417,2.684353653836763,3.1495291983293243,50,0.5011999999999999,0.025552932922707345,0.5033333333333332,0.4944666666666666,0.5082683333333332,50,0.25873333333333337,0.1112165055695921,0.23166666666666666,0.22785999999999998,0.28934,50,3.6724,0.043079002466569954,3.6783333333333332,3.6599333333333335,3.683935,50,0.0259333333333333,0.008364973945903615,0.0233333333333333,0.023799999999999964,0.028333333333333297,50,0.9740666666666666,0.008364973945903595,0.9766666666666668,0.9716666666666668,0.9762000000000002,50,0.9134666666666666,0.018107264174165465,0.9166666666666666,0.9086666666666666,0.9184683333333334,50,0.41013333333333335,0.28351291627745134,0.3783333333333333,0.33446333333333333,0.48762499999999986,50,0.41013333333333335,0.28351291627745134,0.3783333333333333,0.33446333333333333,0.48762499999999986,50,0.5898666666666667,0.28351291627745134,0.6216666666666666,0.5123749999999999,0.6655366666666667,50,0.14191773193786122,0.01625017845101735,0.14204477644268104,0.13764525649014972,0.14657020924719608,50,0.13899384599408715,0.01944818475612124,0.14035848840811022,0.13377204075949214,0.1442675554699985,50,0.2453473785978054,0.022786944674096532,0.2521307190412405,0.2386922262404063,0.2511024626869901,50,0.2876009792294998,0.022747102173258787,0.29614919835040915,0.28079319344967674,0.29289047664343565
E4_MIXED,0.3,250,50,50,7.100888964872719,2.070944281012776,7.110689350683586,6.532079057530658,7.637283290446119,50,0.5061866666666667,0.02095889076360716,0.5066666666666666,0.5005333333333334,0.5115466666666667,50,0.26802666666666664,0.114233476950655,0.2493333333333333,0.23781266666666662,0.29866933333333334,50,3.6695466666666663,0.021716557942935807,3.669333333333333,3.6635459999999993,3.675362,50,0.028746666666666636,0.005521575903083714,0.028,0.027279999999999967,0.030239999999999972,50,0.9712533333333334,0.005521575903083728,0.972,0.96976,0.9727200000000001,50,0.9132266666666666,0.008917215635717107,0.9146666666666666,0.9107466666666667,0.9155999999999999,50,0.4125599999999999,0.268801669630923,0.3946666666666666,0.34092999999999996,0.48682466666666646,50,0.4125599999999999,0.268801669630923,0.3946666666666666,0.34092999999999996,0.48682466666666646,50,0.58744,0.268801669630923,0.6053333333333333,0.5131753333333333,0.6590699999999999,50,0.1429734408870254,0.011920246645926861,0.14440910039261595,0.13959233352463365,0.14629551247041378,50,0.14028499460160515,0.017514840356633227,0.14347173974679472,0.1352180843804289,0.14492962925049938,50,0.24892038851808557,0.016397990391279295,0.2540886379835051,0.24427190211857122,0.25304424594395264,50,0.29322781105660534,0.01800810760936921,0.2987646035314019,0.28799111982551523,0.29727129083501946
E4_MIXED,0.3,500,50,50,13.98947583288312,3.984152636420712,14.38908840037141,12.9083964681368,15.026092557132765,50,0.5063066666666667,0.01540810517926902,0.5046666666666666,0.5022260000000001,0.5102399999999999,50,0.2737733333333333,0.11528189722443156,0.254,0.2436073333333333,0.3038803333333333,50,3.6728399999999994,0.019483493798912035,3.6739999999999995,3.667546333333333,3.6781066666666664,50,0.028479999999999964,0.004805590093331378,0.0286666666666666,0.027159666666666627,0.029799999999999962,50,0.9715200000000002,0.0048055900933313645,0.9713333333333334,0.9702,0.9728403333333334,50,0.9142666666666668,0.006814683359999348,0.9149999999999999,0.9123333333333333,0.9160806666666665,50,0.4059199999999999,0.2539855063981358,0.4046666666666666,0.33847533333333335,0.4727389999999999,50,0.4059199999999999,0.2539855063981358,0.4046666666666666,0.33847533333333335,0.4727389999999999,50,0.59408,0.2539855063981358,0.5953333333333333,0.527261,0.6615246666666666,50,0.14248232361074994,0.010203547596777843,0.14328693949120647,0.13942387866963843,0.14528433840647245,50,0.14020702263407572,0.01539309842349515,0.1424948123238725,0.13547160296652194,0.14434642425244112,50,0.2517944862294005,0.012695679992199003,0.25387420283436973,0.2481522342724489,0.2551056268894231,50,0.29682087897876225,0.007334943360966028,0.29946414351355666,0.2946492402942361,0.29860381489838617
