text,skill_id,skill_code,skill_name,canonical_name,category,source,template_group
I need help with Box and Whisker,3e4b471b-18f2-5449-a2f6-f268c1456483,SKILL_1,Box and Whisker,math :: statistics & probability :: box and whisker,Statistics & Probability,ontology_template,help_request
Can you explain Box and Whisker?,3e4b471b-18f2-5449-a2f6-f268c1456483,SKILL_1,Box and Whisker,math :: statistics & probability :: box and whisker,Statistics & Probability,ontology_template,explanation_request
How do I solve problems about Box and Whisker?,3e4b471b-18f2-5449-a2f6-f268c1456483,SKILL_1,Box and Whisker,math :: statistics & probability :: box and whisker,Statistics & Probability,ontology_template,problem_solving
I don't understand Box and Whisker,3e4b471b-18f2-5449-a2f6-f268c1456483,SKILL_1,Box and Whisker,math :: statistics & probability :: box and whisker,Statistics & Probability,ontology_template,misunderstanding_statement
Show me how Box and Whisker works,3e4b471b-18f2-5449-a2f6-f268c1456483,SKILL_1,Box and Whisker,math :: statistics & probability :: box and whisker,Statistics & Probability,ontology_template,instruction_request
I need to practice Box and Whisker,3e4b471b-18f2-5449-a2f6-f268c1456483,SKILL_1,Box and Whisker,math :: statistics & probability :: box and whisker,Statistics & Probability,ontology_template,practice_request
Can you help me learn Box and Whisker?,3e4b471b-18f2-5449-a2f6-f268c1456483,SKILL_1,Box and Whisker,math :: statistics & probability :: box and whisker,Statistics & Probability,ontology_template,learning_request
What does Box and Whisker mean?,3e4b471b-18f2-5449-a2f6-f268c1456483,SKILL_1,Box and Whisker,math :: statistics & probability :: box and whisker,Statistics & Probability,ontology_template,definition_request
Give me an example of Box and Whisker,3e4b471b-18f2-5449-a2f6-f268c1456483,SKILL_1,Box and Whisker,math :: statistics & probability :: box and whisker,Statistics & Probability,ontology_template,example_request
How does Box and Whisker work in math?,3e4b471b-18f2-5449-a2f6-f268c1456483,SKILL_1,Box and Whisker,math :: statistics & probability :: box and whisker,Statistics & Probability,ontology_template,concept_question
I am having trouble with Box and Whisker,3e4b471b-18f2-5449-a2f6-f268c1456483,SKILL_1,Box and Whisker,math :: statistics & probability :: box and whisker,Statistics & Probability,ontology_template,struggle_statement
Can we review Box and Whisker together?,3e4b471b-18f2-5449-a2f6-f268c1456483,SKILL_1,Box and Whisker,math :: statistics & probability :: box and whisker,Statistics & Probability,ontology_template,review_request
Explain the concept of Box and Whisker,3e4b471b-18f2-5449-a2f6-f268c1456483,SKILL_1,Box and Whisker,math :: statistics & probability :: box and whisker,Statistics & Probability,ontology_template,explanation_request
What is the rule for Box and Whisker?,3e4b471b-18f2-5449-a2f6-f268c1456483,SKILL_1,Box and Whisker,math :: statistics & probability :: box and whisker,Statistics & Probability,ontology_template,rule_question
Help me understand Box and Whisker,3e4b471b-18f2-5449-a2f6-f268c1456483,SKILL_1,Box and Whisker,math :: statistics & probability :: box and whisker,Statistics & Probability,ontology_template,help_request
Teach me about Box and Whisker,3e4b471b-18f2-5449-a2f6-f268c1456483,SKILL_1,Box and Whisker,math :: statistics & probability :: box and whisker,Statistics & Probability,ontology_template,learning_request
How do you calculate Box and Whisker?,3e4b471b-18f2-5449-a2f6-f268c1456483,SKILL_1,Box and Whisker,math :: statistics & probability :: box and whisker,Statistics & Probability,ontology_template,calculation_question
Box and Whisker,3e4b471b-18f2-5449-a2f6-f268c1456483,SKILL_1,Box and Whisker,math :: statistics & probability :: box and whisker,Statistics & Probability,ontology_template,direct_mention
I need help with Circle Graph,93a7efd8-f0a9-5fb6-83ae-f00b8a902f52,SKILL_2,Circle Graph,math :: statistics & probability :: circle graph,Statistics & Probability,ontology_template,help_request
Can you explain Circle Graph?,93a7efd8-f0a9-5fb6-83ae-f00b8a902f52,SKILL_2,Circle Graph,math :: statistics & probability :: circle graph,Statistics & Probability,ontology_template,explanation_request
How do I solve problems about Circle Graph?,93a7efd8-f0a9-5fb6-83ae-f00b8a902f52,SKILL_2,Circle Graph,math :: statistics & probability :: circle graph,Statistics & Probability,ontology_template,problem_solving
I don't understand Circle Graph,93a7efd8-f0a9-5fb6-83ae-f00b8a902f52,SKILL_2,Circle Graph,math :: statistics & probability :: circle graph,Statistics & Probability,ontology_template,misunderstanding_statement
Show me how Circle Graph works,93a7efd8-f0a9-5fb6-83ae-f00b8a902f52,SKILL_2,Circle Graph,math :: statistics & probability :: circle graph,Statistics & Probability,ontology_template,instruction_request
I need to practice Circle Graph,93a7efd8-f0a9-5fb6-83ae-f00b8a902f52,SKILL_2,Circle Graph,math :: statistics & probability :: circle graph,Statistics & Probability,ontology_template,practice_request
Can you help me learn Circle Graph?,93a7efd8-f0a9-5fb6-83ae-f00b8a902f52,SKILL_2,Circle Graph,math :: statistics & probability :: circle graph,Statistics & Probability,ontology_template,learning_request
What does Circle Graph mean?,93a7efd8-f0a9-5fb6-83ae-f00b8a902f52,SKILL_2,Circle Graph,math :: statistics & probability :: circle graph,Statistics & Probability,ontology_template,definition_request
Give me an example of Circle Graph,93a7efd8-f0a9-5fb6-83ae-f00b8a902f52,SKILL_2,Circle Graph,math :: statistics & probability :: circle graph,Statistics & Probability,ontology_template,example_request
How does Circle Graph work in math?,93a7efd8-f0a9-5fb6-83ae-f00b8a902f52,SKILL_2,Circle Graph,math :: statistics & probability :: circle graph,Statistics & Probability,ontology_template,concept_question
I am having trouble with Circle Graph,93a7efd8-f0a9-5fb6-83ae-f00b8a902f52,SKILL_2,Circle Graph,math :: statistics & probability :: circle graph,Statistics & Probability,ontology_template,struggle_statement
Can we review Circle Graph together?,93a7efd8-f0a9-5fb6-83ae-f00b8a902f52,SKILL_2,Circle Graph,math :: statistics & probability :: circle graph,Statistics & Probability,ontology_template,review_request
Explain the concept of Circle Graph,93a7efd8-f0a9-5fb6-83ae-f00b8a902f52,SKILL_2,Circle Graph,math :: statistics & probability :: circle graph,Statistics & Probability,ontology_template,explanation_request
What is the rule for Circle Graph?,93a7efd8-f0a9-5fb6-83ae-f00b8a902f52,SKILL_2,Circle Graph,math :: statistics & probability :: circle graph,Statistics & Probability,ontology_template,rule_question
Help me understand Circle Graph,93a7efd8-f0a9-5fb6-83ae-f00b8a902f52,SKILL_2,Circle Graph,math :: statistics & probability :: circle graph,Statistics & Probability,ontology_template,help_request
Teach me about Circle Graph,93a7efd8-f0a9-5fb6-83ae-f00b8a902f52,SKILL_2,Circle Graph,math :: statistics & probability :: circle graph,Statistics & Probability,ontology_template,learning_request
How do you calculate Circle Graph?,93a7efd8-f0a9-5fb6-83ae-f00b8a902f52,SKILL_2,Circle Graph,math :: statistics & probability :: circle graph,Statistics & Probability,ontology_template,calculation_question
Circle Graph,93a7efd8-f0a9-5fb6-83ae-f00b8a902f52,SKILL_2,Circle Graph,math :: statistics & probability :: circle graph,Statistics & Probability,ontology_template,direct_mention
I need help with Histogram as Table or Graph,e0d9e4c8-10ff-5664-a233-85fe55e0bbe4,SKILL_4,Histogram as Table or Graph,math :: statistics & probability :: histogram as table or graph,Statistics & Probability,ontology_template,help_request
Can you explain Histogram as Table or Graph?,e0d9e4c8-10ff-5664-a233-85fe55e0bbe4,SKILL_4,Histogram as Table or Graph,math :: statistics & probability :: histogram as table or graph,Statistics & Probability,ontology_template,explanation_request
How do I solve problems about Histogram as Table or Graph?,e0d9e4c8-10ff-5664-a233-85fe55e0bbe4,SKILL_4,Histogram as Table or Graph,math :: statistics & probability :: histogram as table or graph,Statistics & Probability,ontology_template,problem_solving
I don't understand Histogram as Table or Graph,e0d9e4c8-10ff-5664-a233-85fe55e0bbe4,SKILL_4,Histogram as Table or Graph,math :: statistics & probability :: histogram as table or graph,Statistics & Probability,ontology_template,misunderstanding_statement
Show me how Histogram as Table or Graph works,e0d9e4c8-10ff-5664-a233-85fe55e0bbe4,SKILL_4,Histogram as Table or Graph,math :: statistics & probability :: histogram as table or graph,Statistics & Probability,ontology_template,instruction_request
I need to practice Histogram as Table or Graph,e0d9e4c8-10ff-5664-a233-85fe55e0bbe4,SKILL_4,Histogram as Table or Graph,math :: statistics & probability :: histogram as table or graph,Statistics & Probability,ontology_template,practice_request
Can you help me learn Histogram as Table or Graph?,e0d9e4c8-10ff-5664-a233-85fe55e0bbe4,SKILL_4,Histogram as Table or Graph,math :: statistics & probability :: histogram as table or graph,Statistics & Probability,ontology_template,learning_request
What does Histogram as Table or Graph mean?,e0d9e4c8-10ff-5664-a233-85fe55e0bbe4,SKILL_4,Histogram as Table or Graph,math :: statistics & probability :: histogram as table or graph,Statistics & Probability,ontology_template,definition_request
Give me an example of Histogram as Table or Graph,e0d9e4c8-10ff-5664-a233-85fe55e0bbe4,SKILL_4,Histogram as Table or Graph,math :: statistics & probability :: histogram as table or graph,Statistics & Probability,ontology_template,example_request
How does Histogram as Table or Graph work in math?,e0d9e4c8-10ff-5664-a233-85fe55e0bbe4,SKILL_4,Histogram as Table or Graph,math :: statistics & probability :: histogram as table or graph,Statistics & Probability,ontology_template,concept_question
I am having trouble with Histogram as Table or Graph,e0d9e4c8-10ff-5664-a233-85fe55e0bbe4,SKILL_4,Histogram as Table or Graph,math :: statistics & probability :: histogram as table or graph,Statistics & Probability,ontology_template,struggle_statement
Can we review Histogram as Table or Graph together?,e0d9e4c8-10ff-5664-a233-85fe55e0bbe4,SKILL_4,Histogram as Table or Graph,math :: statistics & probability :: histogram as table or graph,Statistics & Probability,ontology_template,review_request
Explain the concept of Histogram as Table or Graph,e0d9e4c8-10ff-5664-a233-85fe55e0bbe4,SKILL_4,Histogram as Table or Graph,math :: statistics & probability :: histogram as table or graph,Statistics & Probability,ontology_template,explanation_request
What is the rule for Histogram as Table or Graph?,e0d9e4c8-10ff-5664-a233-85fe55e0bbe4,SKILL_4,Histogram as Table or Graph,math :: statistics & probability :: histogram as table or graph,Statistics & Probability,ontology_template,rule_question
Help me understand Histogram as Table or Graph,e0d9e4c8-10ff-5664-a233-85fe55e0bbe4,SKILL_4,Histogram as Table or Graph,math :: statistics & probability :: histogram as table or graph,Statistics & Probability,ontology_template,help_request
Teach me about Histogram as Table or Graph,e0d9e4c8-10ff-5664-a233-85fe55e0bbe4,SKILL_4,Histogram as Table or Graph,math :: statistics & probability :: histogram as table or graph,Statistics & Probability,ontology_template,learning_request
How do you calculate Histogram as Table or Graph?,e0d9e4c8-10ff-5664-a233-85fe55e0bbe4,SKILL_4,Histogram as Table or Graph,math :: statistics & probability :: histogram as table or graph,Statistics & Probability,ontology_template,calculation_question
Histogram as Table or Graph,e0d9e4c8-10ff-5664-a233-85fe55e0bbe4,SKILL_4,Histogram as Table or Graph,math :: statistics & probability :: histogram as table or graph,Statistics & Probability,ontology_template,direct_mention
I need help with Number Line,c193cc06-8a5f-5d43-bf05-aaf7fdffeef8,SKILL_5,Number Line,math :: number sense & operations :: number line,Number Sense & Operations,ontology_template,help_request
Can you explain Number Line?,c193cc06-8a5f-5d43-bf05-aaf7fdffeef8,SKILL_5,Number Line,math :: number sense & operations :: number line,Number Sense & Operations,ontology_template,explanation_request
How do I solve problems about Number Line?,c193cc06-8a5f-5d43-bf05-aaf7fdffeef8,SKILL_5,Number Line,math :: number sense & operations :: number line,Number Sense & Operations,ontology_template,problem_solving
I don't understand Number Line,c193cc06-8a5f-5d43-bf05-aaf7fdffeef8,SKILL_5,Number Line,math :: number sense & operations :: number line,Number Sense & Operations,ontology_template,misunderstanding_statement
Show me how Number Line works,c193cc06-8a5f-5d43-bf05-aaf7fdffeef8,SKILL_5,Number Line,math :: number sense & operations :: number line,Number Sense & Operations,ontology_template,instruction_request
I need to practice Number Line,c193cc06-8a5f-5d43-bf05-aaf7fdffeef8,SKILL_5,Number Line,math :: number sense & operations :: number line,Number Sense & Operations,ontology_template,practice_request
Can you help me learn Number Line?,c193cc06-8a5f-5d43-bf05-aaf7fdffeef8,SKILL_5,Number Line,math :: number sense & operations :: number line,Number Sense & Operations,ontology_template,learning_request
What does Number Line mean?,c193cc06-8a5f-5d43-bf05-aaf7fdffeef8,SKILL_5,Number Line,math :: number sense & operations :: number line,Number Sense & Operations,ontology_template,definition_request
Give me an example of Number Line,c193cc06-8a5f-5d43-bf05-aaf7fdffeef8,SKILL_5,Number Line,math :: number sense & operations :: number line,Number Sense & Operations,ontology_template,example_request
How does Number Line work in math?,c193cc06-8a5f-5d43-bf05-aaf7fdffeef8,SKILL_5,Number Line,math :: number sense & operations :: number line,Number Sense & Operations,ontology_template,concept_question
I am having trouble with Number Line,c193cc06-8a5f-5d43-bf05-aaf7fdffeef8,SKILL_5,Number Line,math :: number sense & operations :: number line,Number Sense & Operations,ontology_template,struggle_statement
Can we review Number Line together?,c193cc06-8a5f-5d43-bf05-aaf7fdffeef8,SKILL_5,Number Line,math :: number sense & operations :: number line,Number Sense & Operations,ontology_template,review_request
Explain the concept of Number Line,c193cc06-8a5f-5d43-bf05-aaf7fdffeef8,SKILL_5,Number Line,math :: number sense & operations :: number line,Number Sense & Operations,ontology_template,explanation_request
What is the rule for Number Line?,c193cc06-8a5f-5d43-bf05-aaf7fdffeef8,SKILL_5,Number Line,math :: number sense & operations :: number line,Number Sense & Operations,ontology_template,rule_question
Help me understand Number Line,c193cc06-8a5f-5d43-bf05-aaf7fdffeef8,SKILL_5,Number Line,math :: number sense & operations :: number line,Number Sense & Operations,ontology_template,help_request
Teach me about Number Line,c193cc06-8a5f-5d43-bf05-aaf7fdffeef8,SKILL_5,Number Line,math :: number sense & operations :: number line,Number Sense & Operations,ontology_template,learning_request
How do you calculate Number Line?,c193cc06-8a5f-5d43-bf05-aaf7fdffeef8,SKILL_5,Number Line,math :: number sense & operations :: number line,Number Sense & Operations,ontology_template,calculation_question
Number Line,c193cc06-8a5f-5d43-bf05-aaf7fdffeef8,SKILL_5,Number Line,math :: number sense & operations :: number line,Number Sense & Operations,ontology_template,direct_mention
I need help with Scatter Plot,f0443b1b-7bc1-501d-bdbb-408b101df357,SKILL_8,Scatter Plot,math :: statistics & probability :: scatter plot,Statistics & Probability,ontology_template,help_request
Can you explain Scatter Plot?,f0443b1b-7bc1-501d-bdbb-408b101df357,SKILL_8,Scatter Plot,math :: statistics & probability :: scatter plot,Statistics & Probability,ontology_template,explanation_request
How do I solve problems about Scatter Plot?,f0443b1b-7bc1-501d-bdbb-408b101df357,SKILL_8,Scatter Plot,math :: statistics & probability :: scatter plot,Statistics & Probability,ontology_template,problem_solving
I don't understand Scatter Plot,f0443b1b-7bc1-501d-bdbb-408b101df357,SKILL_8,Scatter Plot,math :: statistics & probability :: scatter plot,Statistics & Probability,ontology_template,misunderstanding_statement
Show me how Scatter Plot works,f0443b1b-7bc1-501d-bdbb-408b101df357,SKILL_8,Scatter Plot,math :: statistics & probability :: scatter plot,Statistics & Probability,ontology_template,instruction_request
I need to practice Scatter Plot,f0443b1b-7bc1-501d-bdbb-408b101df357,SKILL_8,Scatter Plot,math :: statistics & probability :: scatter plot,Statistics & Probability,ontology_template,practice_request
Can you help me learn Scatter Plot?,f0443b1b-7bc1-501d-bdbb-408b101df357,SKILL_8,Scatter Plot,math :: statistics & probability :: scatter plot,Statistics & Probability,ontology_template,learning_request
What does Scatter Plot mean?,f0443b1b-7bc1-501d-bdbb-408b101df357,SKILL_8,Scatter Plot,math :: statistics & probability :: scatter plot,Statistics & Probability,ontology_template,definition_request
Give me an example of Scatter Plot,f0443b1b-7bc1-501d-bdbb-408b101df357,SKILL_8,Scatter Plot,math :: statistics & probability :: scatter plot,Statistics & Probability,ontology_template,example_request
How does Scatter Plot work in math?,f0443b1b-7bc1-501d-bdbb-408b101df357,SKILL_8,Scatter Plot,math :: statistics & probability :: scatter plot,Statistics & Probability,ontology_template,concept_question
I am having trouble with Scatter Plot,f0443b1b-7bc1-501d-bdbb-408b101df357,SKILL_8,Scatter Plot,math :: statistics & probability :: scatter plot,Statistics & Probability,ontology_template,struggle_statement
Can we review Scatter Plot together?,f0443b1b-7bc1-501d-bdbb-408b101df357,SKILL_8,Scatter Plot,math :: statistics & probability :: scatter plot,Statistics & Probability,ontology_template,review_request
Explain the concept of Scatter Plot,f0443b1b-7bc1-501d-bdbb-408b101df357,SKILL_8,Scatter Plot,math :: statistics & probability :: scatter plot,Statistics & Probability,ontology_template,explanation_request
What is the rule for Scatter Plot?,f0443b1b-7bc1-501d-bdbb-408b101df357,SKILL_8,Scatter Plot,math :: statistics & probability :: scatter plot,Statistics & Probability,ontology_template,rule_question
Help me understand Scatter Plot,f0443b1b-7bc1-501d-bdbb-408b101df357,SKILL_8,Scatter Plot,math :: statistics & probability :: scatter plot,Statistics & Probability,ontology_template,help_request
Teach me about Scatter Plot,f0443b1b-7bc1-501d-bdbb-408b101df357,SKILL_8,Scatter Plot,math :: statistics & probability :: scatter plot,Statistics & Probability,ontology_template,learning_request
How do you calculate Scatter Plot?,f0443b1b-7bc1-501d-bdbb-408b101df357,SKILL_8,Scatter Plot,math :: statistics & probability :: scatter plot,Statistics & Probability,ontology_template,calculation_question
Scatter Plot,f0443b1b-7bc1-501d-bdbb-408b101df357,SKILL_8,Scatter Plot,math :: statistics & probability :: scatter plot,Statistics & Probability,ontology_template,direct_mention
I need help with Stem and Leaf Plot,1ef6b951-eaad-5e10-9bce-5bcd15de31b4,SKILL_9,Stem and Leaf Plot,math :: statistics & probability :: stem and leaf plot,Statistics & Probability,ontology_template,help_request
Can you explain Stem and Leaf Plot?,1ef6b951-eaad-5e10-9bce-5bcd15de31b4,SKILL_9,Stem and Leaf Plot,math :: statistics & probability :: stem and leaf plot,Statistics & Probability,ontology_template,explanation_request
How do I solve problems about Stem and Leaf Plot?,1ef6b951-eaad-5e10-9bce-5bcd15de31b4,SKILL_9,Stem and Leaf Plot,math :: statistics & probability :: stem and leaf plot,Statistics & Probability,ontology_template,problem_solving
I don't understand Stem and Leaf Plot,1ef6b951-eaad-5e10-9bce-5bcd15de31b4,SKILL_9,Stem and Leaf Plot,math :: statistics & probability :: stem and leaf plot,Statistics & Probability,ontology_template,misunderstanding_statement
Show me how Stem and Leaf Plot works,1ef6b951-eaad-5e10-9bce-5bcd15de31b4,SKILL_9,Stem and Leaf Plot,math :: statistics & probability :: stem and leaf plot,Statistics & Probability,ontology_template,instruction_request
I need to practice Stem and Leaf Plot,1ef6b951-eaad-5e10-9bce-5bcd15de31b4,SKILL_9,Stem and Leaf Plot,math :: statistics & probability :: stem and leaf plot,Statistics & Probability,ontology_template,practice_request
Can you help me learn Stem and Leaf Plot?,1ef6b951-eaad-5e10-9bce-5bcd15de31b4,SKILL_9,Stem and Leaf Plot,math :: statistics & probability :: stem and leaf plot,Statistics & Probability,ontology_template,learning_request
What does Stem and Leaf Plot mean?,1ef6b951-eaad-5e10-9bce-5bcd15de31b4,SKILL_9,Stem and Leaf Plot,math :: statistics & probability :: stem and leaf plot,Statistics & Probability,ontology_template,definition_request
Give me an example of Stem and Leaf Plot,1ef6b951-eaad-5e10-9bce-5bcd15de31b4,SKILL_9,Stem and Leaf Plot,math :: statistics & probability :: stem and leaf plot,Statistics & Probability,ontology_template,example_request
How does Stem and Leaf Plot work in math?,1ef6b951-eaad-5e10-9bce-5bcd15de31b4,SKILL_9,Stem and Leaf Plot,math :: statistics & probability :: stem and leaf plot,Statistics & Probability,ontology_template,concept_question
I am having trouble with Stem and Leaf Plot,1ef6b951-eaad-5e10-9bce-5bcd15de31b4,SKILL_9,Stem and Leaf Plot,math :: statistics & probability :: stem and leaf plot,Statistics & Probability,ontology_template,struggle_statement
Can we review Stem and Leaf Plot together?,1ef6b951-eaad-5e10-9bce-5bcd15de31b4,SKILL_9,Stem and Leaf Plot,math :: statistics & probability :: stem and leaf plot,Statistics & Probability,ontology_template,review_request
Explain the concept of Stem and Leaf Plot,1ef6b951-eaad-5e10-9bce-5bcd15de31b4,SKILL_9,Stem and Leaf Plot,math :: statistics & probability :: stem and leaf plot,Statistics & Probability,ontology_template,explanation_request
What is the rule for Stem and Leaf Plot?,1ef6b951-eaad-5e10-9bce-5bcd15de31b4,SKILL_9,Stem and Leaf Plot,math :: statistics & probability :: stem and leaf plot,Statistics & Probability,ontology_template,rule_question
Help me understand Stem and Leaf Plot,1ef6b951-eaad-5e10-9bce-5bcd15de31b4,SKILL_9,Stem and Leaf Plot,math :: statistics & probability :: stem and leaf plot,Statistics & Probability,ontology_template,help_request
Teach me about Stem and Leaf Plot,1ef6b951-eaad-5e10-9bce-5bcd15de31b4,SKILL_9,Stem and Leaf Plot,math :: statistics & probability :: stem and leaf plot,Statistics & Probability,ontology_template,learning_request
How do you calculate Stem and Leaf Plot?,1ef6b951-eaad-5e10-9bce-5bcd15de31b4,SKILL_9,Stem and Leaf Plot,math :: statistics & probability :: stem and leaf plot,Statistics & Probability,ontology_template,calculation_question
Stem and Leaf Plot,1ef6b951-eaad-5e10-9bce-5bcd15de31b4,SKILL_9,Stem and Leaf Plot,math :: statistics & probability :: stem and leaf plot,Statistics & Probability,ontology_template,direct_mention
I need help with Table,850f4024-077c-5029-a647-01c2aa444c94,SKILL_10,Table,math :: statistics & probability :: table,Statistics & Probability,ontology_template,help_request
Can you explain Table?,850f4024-077c-5029-a647-01c2aa444c94,SKILL_10,Table,math :: statistics & probability :: table,Statistics & Probability,ontology_template,explanation_request
How do I solve problems about Table?,850f4024-077c-5029-a647-01c2aa444c94,SKILL_10,Table,math :: statistics & probability :: table,Statistics & Probability,ontology_template,problem_solving
I don't understand Table,850f4024-077c-5029-a647-01c2aa444c94,SKILL_10,Table,math :: statistics & probability :: table,Statistics & Probability,ontology_template,misunderstanding_statement
Show me how Table works,850f4024-077c-5029-a647-01c2aa444c94,SKILL_10,Table,math :: statistics & probability :: table,Statistics & Probability,ontology_template,instruction_request
I need to practice Table,850f4024-077c-5029-a647-01c2aa444c94,SKILL_10,Table,math :: statistics & probability :: table,Statistics & Probability,ontology_template,practice_request
Can you help me learn Table?,850f4024-077c-5029-a647-01c2aa444c94,SKILL_10,Table,math :: statistics & probability :: table,Statistics & Probability,ontology_template,learning_request
What does Table mean?,850f4024-077c-5029-a647-01c2aa444c94,SKILL_10,Table,math :: statistics & probability :: table,Statistics & Probability,ontology_template,definition_request
Give me an example of Table,850f4024-077c-5029-a647-01c2aa444c94,SKILL_10,Table,math :: statistics & probability :: table,Statistics & Probability,ontology_template,example_request
How does Table work in math?,850f4024-077c-5029-a647-01c2aa444c94,SKILL_10,Table,math :: statistics & probability :: table,Statistics & Probability,ontology_template,concept_question
I am having trouble with Table,850f4024-077c-5029-a647-01c2aa444c94,SKILL_10,Table,math :: statistics & probability :: table,Statistics & Probability,ontology_template,struggle_statement
Can we review Table together?,850f4024-077c-5029-a647-01c2aa444c94,SKILL_10,Table,math :: statistics & probability :: table,Statistics & Probability,ontology_template,review_request
Explain the concept of Table,850f4024-077c-5029-a647-01c2aa444c94,SKILL_10,Table,math :: statistics & probability :: table,Statistics & Probability,ontology_template,explanation_request
What is the rule for Table?,850f4024-077c-5029-a647-01c2aa444c94,SKILL_10,Table,math :: statistics & probability :: table,Statistics & Probability,ontology_template,rule_question
Help me understand Table,850f4024-077c-5029-a647-01c2aa444c94,SKILL_10,Table,math :: statistics & probability :: table,Statistics & Probability,ontology_template,help_request
Teach me about Table,850f4024-077c-5029-a647-01c2aa444c94,SKILL_10,Table,math :: statistics & probability :: table,Statistics & Probability,ontology_template,learning_request
How do you calculate Table?,850f4024-077c-5029-a647-01c2aa444c94,SKILL_10,Table,math :: statistics & probability :: table,Statistics & Probability,ontology_template,calculation_question
Table,850f4024-077c-5029-a647-01c2aa444c94,SKILL_10,Table,math :: statistics & probability :: table,Statistics & Probability,ontology_template,direct_mention
I need help with Venn Diagram,b0e38723-9db7-57ca-927d-af8fd9d6af98,SKILL_11,Venn Diagram,math :: statistics & probability :: venn diagram,Statistics & Probability,ontology_template,help_request
Can you explain Venn Diagram?,b0e38723-9db7-57ca-927d-af8fd9d6af98,SKILL_11,Venn Diagram,math :: statistics & probability :: venn diagram,Statistics & Probability,ontology_template,explanation_request
How do I solve problems about Venn Diagram?,b0e38723-9db7-57ca-927d-af8fd9d6af98,SKILL_11,Venn Diagram,math :: statistics & probability :: venn diagram,Statistics & Probability,ontology_template,problem_solving
I don't understand Venn Diagram,b0e38723-9db7-57ca-927d-af8fd9d6af98,SKILL_11,Venn Diagram,math :: statistics & probability :: venn diagram,Statistics & Probability,ontology_template,misunderstanding_statement
Show me how Venn Diagram works,b0e38723-9db7-57ca-927d-af8fd9d6af98,SKILL_11,Venn Diagram,math :: statistics & probability :: venn diagram,Statistics & Probability,ontology_template,instruction_request
I need to practice Venn Diagram,b0e38723-9db7-57ca-927d-af8fd9d6af98,SKILL_11,Venn Diagram,math :: statistics & probability :: venn diagram,Statistics & Probability,ontology_template,practice_request
Can you help me learn Venn Diagram?,b0e38723-9db7-57ca-927d-af8fd9d6af98,SKILL_11,Venn Diagram,math :: statistics & probability :: venn diagram,Statistics & Probability,ontology_template,learning_request
What does Venn Diagram mean?,b0e38723-9db7-57ca-927d-af8fd9d6af98,SKILL_11,Venn Diagram,math :: statistics & probability :: venn diagram,Statistics & Probability,ontology_template,definition_request
Give me an example of Venn Diagram,b0e38723-9db7-57ca-927d-af8fd9d6af98,SKILL_11,Venn Diagram,math :: statistics & probability :: venn diagram,Statistics & Probability,ontology_template,example_request
How does Venn Diagram work in math?,b0e38723-9db7-57ca-927d-af8fd9d6af98,SKILL_11,Venn Diagram,math :: statistics & probability :: venn diagram,Statistics & Probability,ontology_template,concept_question
I am having trouble with Venn Diagram,b0e38723-9db7-57ca-927d-af8fd9d6af98,SKILL_11,Venn Diagram,math :: statistics & probability :: venn diagram,Statistics & Probability,ontology_template,struggle_statement
Can we review Venn Diagram together?,b0e38723-9db7-57ca-927d-af8fd9d6af98,SKILL_11,Venn Diagram,math :: statistics & probability :: venn diagram,Statistics & Probability,ontology_template,review_request
Explain the concept of Venn Diagram,b0e38723-9db7-57ca-927d-af8fd9d6af98,SKILL_11,Venn Diagram,math :: statistics & probability :: venn diagram,Statistics & Probability,ontology_template,explanation_request
What is the rule for Venn Diagram?,b0e38723-9db7-57ca-927d-af8fd9d6af98,SKILL_11,Venn Diagram,math :: statistics & probability :: venn diagram,Statistics & Probability,ontology_template,rule_question
Help me understand Venn Diagram,b0e38723-9db7-57ca-927d-af8fd9d6af98,SKILL_11,Venn Diagram,math :: statistics & probability :: venn diagram,Statistics & Probability,ontology_template,help_request
Teach me about Venn Diagram,b0e38723-9db7-57ca-927d-af8fd9d6af98,SKILL_11,Venn Diagram,math :: statistics & probability :: venn diagram,Statistics & Probability,ontology_template,learning_request
How do you calculate Venn Diagram?,b0e38723-9db7-57ca-927d-af8fd9d6af98,SKILL_11,Venn Diagram,math :: statistics & probability :: venn diagram,Statistics & Probability,ontology_template,calculation_question
Venn Diagram,b0e38723-9db7-57ca-927d-af8fd9d6af98,SKILL_11,Venn Diagram,math :: statistics & probability :: venn diagram,Statistics & Probability,ontology_template,direct_mention
I need help with Mean,19ef97bc-e806-53f0-bf2e-0014c19cc3d4,SKILL_12,Mean,math :: statistics & probability :: mean,Statistics & Probability,ontology_template,help_request
Can you explain Mean?,19ef97bc-e806-53f0-bf2e-0014c19cc3d4,SKILL_12,Mean,math :: statistics & probability :: mean,Statistics & Probability,ontology_template,explanation_request
How do I solve problems about Mean?,19ef97bc-e806-53f0-bf2e-0014c19cc3d4,SKILL_12,Mean,math :: statistics & probability :: mean,Statistics & Probability,ontology_template,problem_solving
I don't understand Mean,19ef97bc-e806-53f0-bf2e-0014c19cc3d4,SKILL_12,Mean,math :: statistics & probability :: mean,Statistics & Probability,ontology_template,misunderstanding_statement
Show me how Mean works,19ef97bc-e806-53f0-bf2e-0014c19cc3d4,SKILL_12,Mean,math :: statistics & probability :: mean,Statistics & Probability,ontology_template,instruction_request
I need to practice Mean,19ef97bc-e806-53f0-bf2e-0014c19cc3d4,SKILL_12,Mean,math :: statistics & probability :: mean,Statistics & Probability,ontology_template,practice_request
Can you help me learn Mean?,19ef97bc-e806-53f0-bf2e-0014c19cc3d4,SKILL_12,Mean,math :: statistics & probability :: mean,Statistics & Probability,ontology_template,learning_request
What does Mean mean?,19ef97bc-e806-53f0-bf2e-0014c19cc3d4,SKILL_12,Mean,math :: statistics & probability :: mean,Statistics & Probability,ontology_template,definition_request
Give me an example of Mean,19ef97bc-e806-53f0-bf2e-0014c19cc3d4,SKILL_12,Mean,math :: statistics & probability :: mean,Statistics & Probability,ontology_template,example_request
How does Mean work in math?,19ef97bc-e806-53f0-bf2e-0014c19cc3d4,SKILL_12,Mean,math :: statistics & probability :: mean,Statistics & Probability,ontology_template,concept_question
I am having trouble with Mean,19ef97bc-e806-53f0-bf2e-0014c19cc3d4,SKILL_12,Mean,math :: statistics & probability :: mean,Statistics & Probability,ontology_template,struggle_statement
Can we review Mean together?,19ef97bc-e806-53f0-bf2e-0014c19cc3d4,SKILL_12,Mean,math :: statistics & probability :: mean,Statistics & Probability,ontology_template,review_request
Explain the concept of Mean,19ef97bc-e806-53f0-bf2e-0014c19cc3d4,SKILL_12,Mean,math :: statistics & probability :: mean,Statistics & Probability,ontology_template,explanation_request
What is the rule for Mean?,19ef97bc-e806-53f0-bf2e-0014c19cc3d4,SKILL_12,Mean,math :: statistics & probability :: mean,Statistics & Probability,ontology_template,rule_question
Help me understand Mean,19ef97bc-e806-53f0-bf2e-0014c19cc3d4,SKILL_12,Mean,math :: statistics & probability :: mean,Statistics & Probability,ontology_template,help_request
Teach me about Mean,19ef97bc-e806-53f0-bf2e-0014c19cc3d4,SKILL_12,Mean,math :: statistics & probability :: mean,Statistics & Probability,ontology_template,learning_request
How do you calculate Mean?,19ef97bc-e806-53f0-bf2e-0014c19cc3d4,SKILL_12,Mean,math :: statistics & probability :: mean,Statistics & Probability,ontology_template,calculation_question
Mean,19ef97bc-e806-53f0-bf2e-0014c19cc3d4,SKILL_12,Mean,math :: statistics & probability :: mean,Statistics & Probability,ontology_template,direct_mention
I need help with Median,1d3f7c35-9783-585d-9f46-a1d91c80af88,SKILL_13,Median,math :: statistics & probability :: median,Statistics & Probability,ontology_template,help_request
Can you explain Median?,1d3f7c35-9783-585d-9f46-a1d91c80af88,SKILL_13,Median,math :: statistics & probability :: median,Statistics & Probability,ontology_template,explanation_request
How do I solve problems about Median?,1d3f7c35-9783-585d-9f46-a1d91c80af88,SKILL_13,Median,math :: statistics & probability :: median,Statistics & Probability,ontology_template,problem_solving
I don't understand Median,1d3f7c35-9783-585d-9f46-a1d91c80af88,SKILL_13,Median,math :: statistics & probability :: median,Statistics & Probability,ontology_template,misunderstanding_statement
Show me how Median works,1d3f7c35-9783-585d-9f46-a1d91c80af88,SKILL_13,Median,math :: statistics & probability :: median,Statistics & Probability,ontology_template,instruction_request
I need to practice Median,1d3f7c35-9783-585d-9f46-a1d91c80af88,SKILL_13,Median,math :: statistics & probability :: median,Statistics & Probability,ontology_template,practice_request
Can you help me learn Median?,1d3f7c35-9783-585d-9f46-a1d91c80af88,SKILL_13,Median,math :: statistics & probability :: median,Statistics & Probability,ontology_template,learning_request
What does Median mean?,1d3f7c35-9783-585d-9f46-a1d91c80af88,SKILL_13,Median,math :: statistics & probability :: median,Statistics & Probability,ontology_template,definition_request
Give me an example of Median,1d3f7c35-9783-585d-9f46-a1d91c80af88,SKILL_13,Median,math :: statistics & probability :: median,Statistics & Probability,ontology_template,example_request
How does Median work in math?,1d3f7c35-9783-585d-9f46-a1d91c80af88,SKILL_13,Median,math :: statistics & probability :: median,Statistics & Probability,ontology_template,concept_question
I am having trouble with Median,1d3f7c35-9783-585d-9f46-a1d91c80af88,SKILL_13,Median,math :: statistics & probability :: median,Statistics & Probability,ontology_template,struggle_statement
Can we review Median together?,1d3f7c35-9783-585d-9f46-a1d91c80af88,SKILL_13,Median,math :: statistics & probability :: median,Statistics & Probability,ontology_template,review_request
Explain the concept of Median,1d3f7c35-9783-585d-9f46-a1d91c80af88,SKILL_13,Median,math :: statistics & probability :: median,Statistics & Probability,ontology_template,explanation_request
What is the rule for Median?,1d3f7c35-9783-585d-9f46-a1d91c80af88,SKILL_13,Median,math :: statistics & probability :: median,Statistics & Probability,ontology_template,rule_question
Help me understand Median,1d3f7c35-9783-585d-9f46-a1d91c80af88,SKILL_13,Median,math :: statistics & probability :: median,Statistics & Probability,ontology_template,help_request
Teach me about Median,1d3f7c35-9783-585d-9f46-a1d91c80af88,SKILL_13,Median,math :: statistics & probability :: median,Statistics & Probability,ontology_template,learning_request
How do you calculate Median?,1d3f7c35-9783-585d-9f46-a1d91c80af88,SKILL_13,Median,math :: statistics & probability :: median,Statistics & Probability,ontology_template,calculation_question
Median,1d3f7c35-9783-585d-9f46-a1d91c80af88,SKILL_13,Median,math :: statistics & probability :: median,Statistics & Probability,ontology_template,direct_mention
I need help with Mode,c71fa8de-3b15-585b-bd1b-3bb0b2718021,SKILL_14,Mode,math :: statistics & probability :: mode,Statistics & Probability,ontology_template,help_request
Can you explain Mode?,c71fa8de-3b15-585b-bd1b-3bb0b2718021,SKILL_14,Mode,math :: statistics & probability :: mode,Statistics & Probability,ontology_template,explanation_request
How do I solve problems about Mode?,c71fa8de-3b15-585b-bd1b-3bb0b2718021,SKILL_14,Mode,math :: statistics & probability :: mode,Statistics & Probability,ontology_template,problem_solving
I don't understand Mode,c71fa8de-3b15-585b-bd1b-3bb0b2718021,SKILL_14,Mode,math :: statistics & probability :: mode,Statistics & Probability,ontology_template,misunderstanding_statement
Show me how Mode works,c71fa8de-3b15-585b-bd1b-3bb0b2718021,SKILL_14,Mode,math :: statistics & probability :: mode,Statistics & Probability,ontology_template,instruction_request
I need to practice Mode,c71fa8de-3b15-585b-bd1b-3bb0b2718021,SKILL_14,Mode,math :: statistics & probability :: mode,Statistics & Probability,ontology_template,practice_request
Can you help me learn Mode?,c71fa8de-3b15-585b-bd1b-3bb0b2718021,SKILL_14,Mode,math :: statistics & probability :: mode,Statistics & Probability,ontology_template,learning_request
What does Mode mean?,c71fa8de-3b15-585b-bd1b-3bb0b2718021,SKILL_14,Mode,math :: statistics & probability :: mode,Statistics & Probability,ontology_template,definition_request
Give me an example of Mode,c71fa8de-3b15-585b-bd1b-3bb0b2718021,SKILL_14,Mode,math :: statistics & probability :: mode,Statistics & Probability,ontology_template,example_request
How does Mode work in math?,c71fa8de-3b15-585b-bd1b-3bb0b2718021,SKILL_14,Mode,math :: statistics & probability :: mode,Statistics & Probability,ontology_template,concept_question
I am having trouble with Mode,c71fa8de-3b15-585b-bd1b-3bb0b2718021,SKILL_14,Mode,math :: statistics & probability :: mode,Statistics & Probability,ontology_template,struggle_statement
Can we review Mode together?,c71fa8de-3b15-585b-bd1b-3bb0b2718021,SKILL_14,Mode,math :: statistics & probability :: mode,Statistics & Probability,ontology_template,review_request
Explain the concept of Mode,c71fa8de-3b15-585b-bd1b-3bb0b2718021,SKILL_14,Mode,math :: statistics & probability :: mode,Statistics & Probability,ontology_template,explanation_request
What is the rule for Mode?,c71fa8de-3b15-585b-bd1b-3bb0b2718021,SKILL_14,Mode,math :: statistics & probability :: mode,Statistics & Probability,ontology_template,rule_question
Help me understand Mode,c71fa8de-3b15-585b-bd1b-3bb0b2718021,SKILL_14,Mode,math :: statistics & probability :: mode,Statistics & Probability,ontology_template,help_request
Teach me about Mode,c71fa8de-3b15-585b-bd1b-3bb0b2718021,SKILL_14,Mode,math :: statistics & probability :: mode,Statistics & Probability,ontology_template,learning_request
How do you calculate Mode?,c71fa8de-3b15-585b-bd1b-3bb0b2718021,SKILL_14,Mode,math :: statistics & probability :: mode,Statistics & Probability,ontology_template,calculation_question
Mode,c71fa8de-3b15-585b-bd1b-3bb0b2718021,SKILL_14,Mode,math :: statistics & probability :: mode,Statistics & Probability,ontology_template,direct_mention
I need help with Range,40a6bf42-30de-529f-8c82-15994ebaa314,SKILL_15,Range,math :: statistics & probability :: range,Statistics & Probability,ontology_template,help_request
Can you explain Range?,40a6bf42-30de-529f-8c82-15994ebaa314,SKILL_15,Range,math :: statistics & probability :: range,Statistics & Probability,ontology_template,explanation_request
How do I solve problems about Range?,40a6bf42-30de-529f-8c82-15994ebaa314,SKILL_15,Range,math :: statistics & probability :: range,Statistics & Probability,ontology_template,problem_solving
I don't understand Range,40a6bf42-30de-529f-8c82-15994ebaa314,SKILL_15,Range,math :: statistics & probability :: range,Statistics & Probability,ontology_template,misunderstanding_statement
Show me how Range works,40a6bf42-30de-529f-8c82-15994ebaa314,SKILL_15,Range,math :: statistics & probability :: range,Statistics & Probability,ontology_template,instruction_request
I need to practice Range,40a6bf42-30de-529f-8c82-15994ebaa314,SKILL_15,Range,math :: statistics & probability :: range,Statistics & Probability,ontology_template,practice_request
Can you help me learn Range?,40a6bf42-30de-529f-8c82-15994ebaa314,SKILL_15,Range,math :: statistics & probability :: range,Statistics & Probability,ontology_template,learning_request
What does Range mean?,40a6bf42-30de-529f-8c82-15994ebaa314,SKILL_15,Range,math :: statistics & probability :: range,Statistics & Probability,ontology_template,definition_request
Give me an example of Range,40a6bf42-30de-529f-8c82-15994ebaa314,SKILL_15,Range,math :: statistics & probability :: range,Statistics & Probability,ontology_template,example_request
How does Range work in math?,40a6bf42-30de-529f-8c82-15994ebaa314,SKILL_15,Range,math :: statistics & probability :: range,Statistics & Probability,ontology_template,concept_question
I am having trouble with Range,40a6bf42-30de-529f-8c82-15994ebaa314,SKILL_15,Range,math :: statistics & probability :: range,Statistics & Probability,ontology_template,struggle_statement
Can we review Range together?,40a6bf42-30de-529f-8c82-15994ebaa314,SKILL_15,Range,math :: statistics & probability :: range,Statistics & Probability,ontology_template,review_request
Explain the concept of Range,40a6bf42-30de-529f-8c82-15994ebaa314,SKILL_15,Range,math :: statistics & probability :: range,Statistics & Probability,ontology_template,explanation_request
What is the rule for Range?,40a6bf42-30de-529f-8c82-15994ebaa314,SKILL_15,Range,math :: statistics & probability :: range,Statistics & Probability,ontology_template,rule_question
Help me understand Range,40a6bf42-30de-529f-8c82-15994ebaa314,SKILL_15,Range,math :: statistics & probability :: range,Statistics & Probability,ontology_template,help_request
Teach me about Range,40a6bf42-30de-529f-8c82-15994ebaa314,SKILL_15,Range,math :: statistics & probability :: range,Statistics & Probability,ontology_template,learning_request
How do you calculate Range?,40a6bf42-30de-529f-8c82-15994ebaa314,SKILL_15,Range,math :: statistics & probability :: range,Statistics & Probability,ontology_template,calculation_question
Range,40a6bf42-30de-529f-8c82-15994ebaa314,SKILL_15,Range,math :: statistics & probability :: range,Statistics & Probability,ontology_template,direct_mention
I need help with Counting Methods,be0d5e92-c42f-5bc8-a0d3-eb03501e963f,SKILL_16,Counting Methods,math :: statistics & probability :: counting methods,Statistics & Probability,ontology_template,help_request
Can you explain Counting Methods?,be0d5e92-c42f-5bc8-a0d3-eb03501e963f,SKILL_16,Counting Methods,math :: statistics & probability :: counting methods,Statistics & Probability,ontology_template,explanation_request
How do I solve problems about Counting Methods?,be0d5e92-c42f-5bc8-a0d3-eb03501e963f,SKILL_16,Counting Methods,math :: statistics & probability :: counting methods,Statistics & Probability,ontology_template,problem_solving
I don't understand Counting Methods,be0d5e92-c42f-5bc8-a0d3-eb03501e963f,SKILL_16,Counting Methods,math :: statistics & probability :: counting methods,Statistics & Probability,ontology_template,misunderstanding_statement
Show me how Counting Methods works,be0d5e92-c42f-5bc8-a0d3-eb03501e963f,SKILL_16,Counting Methods,math :: statistics & probability :: counting methods,Statistics & Probability,ontology_template,instruction_request
I need to practice Counting Methods,be0d5e92-c42f-5bc8-a0d3-eb03501e963f,SKILL_16,Counting Methods,math :: statistics & probability :: counting methods,Statistics & Probability,ontology_template,practice_request
Can you help me learn Counting Methods?,be0d5e92-c42f-5bc8-a0d3-eb03501e963f,SKILL_16,Counting Methods,math :: statistics & probability :: counting methods,Statistics & Probability,ontology_template,learning_request
What does Counting Methods mean?,be0d5e92-c42f-5bc8-a0d3-eb03501e963f,SKILL_16,Counting Methods,math :: statistics & probability :: counting methods,Statistics & Probability,ontology_template,definition_request
Give me an example of Counting Methods,be0d5e92-c42f-5bc8-a0d3-eb03501e963f,SKILL_16,Counting Methods,math :: statistics & probability :: counting methods,Statistics & Probability,ontology_template,example_request
How does Counting Methods work in math?,be0d5e92-c42f-5bc8-a0d3-eb03501e963f,SKILL_16,Counting Methods,math :: statistics & probability :: counting methods,Statistics & Probability,ontology_template,concept_question
I am having trouble with Counting Methods,be0d5e92-c42f-5bc8-a0d3-eb03501e963f,SKILL_16,Counting Methods,math :: statistics & probability :: counting methods,Statistics & Probability,ontology_template,struggle_statement
Can we review Counting Methods together?,be0d5e92-c42f-5bc8-a0d3-eb03501e963f,SKILL_16,Counting Methods,math :: statistics & probability :: counting methods,Statistics & Probability,ontology_template,review_request
Explain the concept of Counting Methods,be0d5e92-c42f-5bc8-a0d3-eb03501e963f,SKILL_16,Counting Methods,math :: statistics & probability :: counting methods,Statistics & Probability,ontology_template,explanation_request
What is the rule for Counting Methods?,be0d5e92-c42f-5bc8-a0d3-eb03501e963f,SKILL_16,Counting Methods,math :: statistics & probability :: counting methods,Statistics & Probability,ontology_template,rule_question
Help me understand Counting Methods,be0d5e92-c42f-5bc8-a0d3-eb03501e963f,SKILL_16,Counting Methods,math :: statistics & probability :: counting methods,Statistics & Probability,ontology_template,help_request
Teach me about Counting Methods,be0d5e92-c42f-5bc8-a0d3-eb03501e963f,SKILL_16,Counting Methods,math :: statistics & probability :: counting methods,Statistics & Probability,ontology_template,learning_request
How do you calculate Counting Methods?,be0d5e92-c42f-5bc8-a0d3-eb03501e963f,SKILL_16,Counting Methods,math :: statistics & probability :: counting methods,Statistics & Probability,ontology_template,calculation_question
Counting Methods,be0d5e92-c42f-5bc8-a0d3-eb03501e963f,SKILL_16,Counting Methods,math :: statistics & probability :: counting methods,Statistics & Probability,ontology_template,direct_mention
I need help with Probability of Two Distinct Events,30e8e8d9-80cb-59c2-92b1-1ec33ddfe404,SKILL_17,Probability of Two Distinct Events,math :: statistics & probability :: probability of two distinct events,Statistics & Probability,ontology_template,help_request
Can you explain Probability of Two Distinct Events?,30e8e8d9-80cb-59c2-92b1-1ec33ddfe404,SKILL_17,Probability of Two Distinct Events,math :: statistics & probability :: probability of two distinct events,Statistics & Probability,ontology_template,explanation_request
How do I solve problems about Probability of Two Distinct Events?,30e8e8d9-80cb-59c2-92b1-1ec33ddfe404,SKILL_17,Probability of Two Distinct Events,math :: statistics & probability :: probability of two distinct events,Statistics & Probability,ontology_template,problem_solving
I don't understand Probability of Two Distinct Events,30e8e8d9-80cb-59c2-92b1-1ec33ddfe404,SKILL_17,Probability of Two Distinct Events,math :: statistics & probability :: probability of two distinct events,Statistics & Probability,ontology_template,misunderstanding_statement
Show me how Probability of Two Distinct Events works,30e8e8d9-80cb-59c2-92b1-1ec33ddfe404,SKILL_17,Probability of Two Distinct Events,math :: statistics & probability :: probability of two distinct events,Statistics & Probability,ontology_template,instruction_request
I need to practice Probability of Two Distinct Events,30e8e8d9-80cb-59c2-92b1-1ec33ddfe404,SKILL_17,Probability of Two Distinct Events,math :: statistics & probability :: probability of two distinct events,Statistics & Probability,ontology_template,practice_request
Can you help me learn Probability of Two Distinct Events?,30e8e8d9-80cb-59c2-92b1-1ec33ddfe404,SKILL_17,Probability of Two Distinct Events,math :: statistics & probability :: probability of two distinct events,Statistics & Probability,ontology_template,learning_request
What does Probability of Two Distinct Events mean?,30e8e8d9-80cb-59c2-92b1-1ec33ddfe404,SKILL_17,Probability of Two Distinct Events,math :: statistics & probability :: probability of two distinct events,Statistics & Probability,ontology_template,definition_request
Give me an example of Probability of Two Distinct Events,30e8e8d9-80cb-59c2-92b1-1ec33ddfe404,SKILL_17,Probability of Two Distinct Events,math :: statistics & probability :: probability of two distinct events,Statistics & Probability,ontology_template,example_request
How does Probability of Two Distinct Events work in math?,30e8e8d9-80cb-59c2-92b1-1ec33ddfe404,SKILL_17,Probability of Two Distinct Events,math :: statistics & probability :: probability of two distinct events,Statistics & Probability,ontology_template,concept_question
I am having trouble with Probability of Two Distinct Events,30e8e8d9-80cb-59c2-92b1-1ec33ddfe404,SKILL_17,Probability of Two Distinct Events,math :: statistics & probability :: probability of two distinct events,Statistics & Probability,ontology_template,struggle_statement
Can we review Probability of Two Distinct Events together?,30e8e8d9-80cb-59c2-92b1-1ec33ddfe404,SKILL_17,Probability of Two Distinct Events,math :: statistics & probability :: probability of two distinct events,Statistics & Probability,ontology_template,review_request
Explain the concept of Probability of Two Distinct Events,30e8e8d9-80cb-59c2-92b1-1ec33ddfe404,SKILL_17,Probability of Two Distinct Events,math :: statistics & probability :: probability of two distinct events,Statistics & Probability,ontology_template,explanation_request
What is the rule for Probability of Two Distinct Events?,30e8e8d9-80cb-59c2-92b1-1ec33ddfe404,SKILL_17,Probability of Two Distinct Events,math :: statistics & probability :: probability of two distinct events,Statistics & Probability,ontology_template,rule_question
Help me understand Probability of Two Distinct Events,30e8e8d9-80cb-59c2-92b1-1ec33ddfe404,SKILL_17,Probability of Two Distinct Events,math :: statistics & probability :: probability of two distinct events,Statistics & Probability,ontology_template,help_request
Teach me about Probability of Two Distinct Events,30e8e8d9-80cb-59c2-92b1-1ec33ddfe404,SKILL_17,Probability of Two Distinct Events,math :: statistics & probability :: probability of two distinct events,Statistics & Probability,ontology_template,learning_request
How do you calculate Probability of Two Distinct Events?,30e8e8d9-80cb-59c2-92b1-1ec33ddfe404,SKILL_17,Probability of Two Distinct Events,math :: statistics & probability :: probability of two distinct events,Statistics & Probability,ontology_template,calculation_question
Probability of Two Distinct Events,30e8e8d9-80cb-59c2-92b1-1ec33ddfe404,SKILL_17,Probability of Two Distinct Events,math :: statistics & probability :: probability of two distinct events,Statistics & Probability,ontology_template,direct_mention
I need help with Probability of a Single Event,714f4fc6-3dc6-5610-b441-c8bee4f2c82d,SKILL_18,Probability of a Single Event,math :: statistics & probability :: probability of a single event,Statistics & Probability,ontology_template,help_request
Can you explain Probability of a Single Event?,714f4fc6-3dc6-5610-b441-c8bee4f2c82d,SKILL_18,Probability of a Single Event,math :: statistics & probability :: probability of a single event,Statistics & Probability,ontology_template,explanation_request
How do I solve problems about Probability of a Single Event?,714f4fc6-3dc6-5610-b441-c8bee4f2c82d,SKILL_18,Probability of a Single Event,math :: statistics & probability :: probability of a single event,Statistics & Probability,ontology_template,problem_solving
I don't understand Probability of a Single Event,714f4fc6-3dc6-5610-b441-c8bee4f2c82d,SKILL_18,Probability of a Single Event,math :: statistics & probability :: probability of a single event,Statistics & Probability,ontology_template,misunderstanding_statement
Show me how Probability of a Single Event works,714f4fc6-3dc6-5610-b441-c8bee4f2c82d,SKILL_18,Probability of a Single Event,math :: statistics & probability :: probability of a single event,Statistics & Probability,ontology_template,instruction_request
I need to practice Probability of a Single Event,714f4fc6-3dc6-5610-b441-c8bee4f2c82d,SKILL_18,Probability of a Single Event,math :: statistics & probability :: probability of a single event,Statistics & Probability,ontology_template,practice_request
Can you help me learn Probability of a Single Event?,714f4fc6-3dc6-5610-b441-c8bee4f2c82d,SKILL_18,Probability of a Single Event,math :: statistics & probability :: probability of a single event,Statistics & Probability,ontology_template,learning_request
What does Probability of a Single Event mean?,714f4fc6-3dc6-5610-b441-c8bee4f2c82d,SKILL_18,Probability of a Single Event,math :: statistics & probability :: probability of a single event,Statistics & Probability,ontology_template,definition_request
Give me an example of Probability of a Single Event,714f4fc6-3dc6-5610-b441-c8bee4f2c82d,SKILL_18,Probability of a Single Event,math :: statistics & probability :: probability of a single event,Statistics & Probability,ontology_template,example_request
How does Probability of a Single Event work in math?,714f4fc6-3dc6-5610-b441-c8bee4f2c82d,SKILL_18,Probability of a Single Event,math :: statistics & probability :: probability of a single event,Statistics & Probability,ontology_template,concept_question
I am having trouble with Probability of a Single Event,714f4fc6-3dc6-5610-b441-c8bee4f2c82d,SKILL_18,Probability of a Single Event,math :: statistics & probability :: probability of a single event,Statistics & Probability,ontology_template,struggle_statement
Can we review Probability of a Single Event together?,714f4fc6-3dc6-5610-b441-c8bee4f2c82d,SKILL_18,Probability of a Single Event,math :: statistics & probability :: probability of a single event,Statistics & Probability,ontology_template,review_request
Explain the concept of Probability of a Single Event,714f4fc6-3dc6-5610-b441-c8bee4f2c82d,SKILL_18,Probability of a Single Event,math :: statistics & probability :: probability of a single event,Statistics & Probability,ontology_template,explanation_request
What is the rule for Probability of a Single Event?,714f4fc6-3dc6-5610-b441-c8bee4f2c82d,SKILL_18,Probability of a Single Event,math :: statistics & probability :: probability of a single event,Statistics & Probability,ontology_template,rule_question
Help me understand Probability of a Single Event,714f4fc6-3dc6-5610-b441-c8bee4f2c82d,SKILL_18,Probability of a Single Event,math :: statistics & probability :: probability of a single event,Statistics & Probability,ontology_template,help_request
Teach me about Probability of a Single Event,714f4fc6-3dc6-5610-b441-c8bee4f2c82d,SKILL_18,Probability of a Single Event,math :: statistics & probability :: probability of a single event,Statistics & Probability,ontology_template,learning_request
How do you calculate Probability of a Single Event?,714f4fc6-3dc6-5610-b441-c8bee4f2c82d,SKILL_18,Probability of a Single Event,math :: statistics & probability :: probability of a single event,Statistics & Probability,ontology_template,calculation_question
Probability of a Single Event,714f4fc6-3dc6-5610-b441-c8bee4f2c82d,SKILL_18,Probability of a Single Event,math :: statistics & probability :: probability of a single event,Statistics & Probability,ontology_template,direct_mention
I need help with Interior Angles Figures with More than 3 Sides,022c358f-782b-5951-a475-8613c8117806,SKILL_21,Interior Angles Figures with More than 3 Sides,math :: geometry & measurement :: interior angles figures with more than 3 sides,Geometry & Measurement,ontology_template,help_request
Can you explain Interior Angles Figures with More than 3 Sides?,022c358f-782b-5951-a475-8613c8117806,SKILL_21,Interior Angles Figures with More than 3 Sides,math :: geometry & measurement :: interior angles figures with more than 3 sides,Geometry & Measurement,ontology_template,explanation_request
How do I solve problems about Interior Angles Figures with More than 3 Sides?,022c358f-782b-5951-a475-8613c8117806,SKILL_21,Interior Angles Figures with More than 3 Sides,math :: geometry & measurement :: interior angles figures with more than 3 sides,Geometry & Measurement,ontology_template,problem_solving
I don't understand Interior Angles Figures with More than 3 Sides,022c358f-782b-5951-a475-8613c8117806,SKILL_21,Interior Angles Figures with More than 3 Sides,math :: geometry & measurement :: interior angles figures with more than 3 sides,Geometry & Measurement,ontology_template,misunderstanding_statement
Show me how Interior Angles Figures with More than 3 Sides works,022c358f-782b-5951-a475-8613c8117806,SKILL_21,Interior Angles Figures with More than 3 Sides,math :: geometry & measurement :: interior angles figures with more than 3 sides,Geometry & Measurement,ontology_template,instruction_request
I need to practice Interior Angles Figures with More than 3 Sides,022c358f-782b-5951-a475-8613c8117806,SKILL_21,Interior Angles Figures with More than 3 Sides,math :: geometry & measurement :: interior angles figures with more than 3 sides,Geometry & Measurement,ontology_template,practice_request
Can you help me learn Interior Angles Figures with More than 3 Sides?,022c358f-782b-5951-a475-8613c8117806,SKILL_21,Interior Angles Figures with More than 3 Sides,math :: geometry & measurement :: interior angles figures with more than 3 sides,Geometry & Measurement,ontology_template,learning_request
What does Interior Angles Figures with More than 3 Sides mean?,022c358f-782b-5951-a475-8613c8117806,SKILL_21,Interior Angles Figures with More than 3 Sides,math :: geometry & measurement :: interior angles figures with more than 3 sides,Geometry & Measurement,ontology_template,definition_request
Give me an example of Interior Angles Figures with More than 3 Sides,022c358f-782b-5951-a475-8613c8117806,SKILL_21,Interior Angles Figures with More than 3 Sides,math :: geometry & measurement :: interior angles figures with more than 3 sides,Geometry & Measurement,ontology_template,example_request
How does Interior Angles Figures with More than 3 Sides work in math?,022c358f-782b-5951-a475-8613c8117806,SKILL_21,Interior Angles Figures with More than 3 Sides,math :: geometry & measurement :: interior angles figures with more than 3 sides,Geometry & Measurement,ontology_template,concept_question
I am having trouble with Interior Angles Figures with More than 3 Sides,022c358f-782b-5951-a475-8613c8117806,SKILL_21,Interior Angles Figures with More than 3 Sides,math :: geometry & measurement :: interior angles figures with more than 3 sides,Geometry & Measurement,ontology_template,struggle_statement
Can we review Interior Angles Figures with More than 3 Sides together?,022c358f-782b-5951-a475-8613c8117806,SKILL_21,Interior Angles Figures with More than 3 Sides,math :: geometry & measurement :: interior angles figures with more than 3 sides,Geometry & Measurement,ontology_template,review_request
Explain the concept of Interior Angles Figures with More than 3 Sides,022c358f-782b-5951-a475-8613c8117806,SKILL_21,Interior Angles Figures with More than 3 Sides,math :: geometry & measurement :: interior angles figures with more than 3 sides,Geometry & Measurement,ontology_template,explanation_request
What is the rule for Interior Angles Figures with More than 3 Sides?,022c358f-782b-5951-a475-8613c8117806,SKILL_21,Interior Angles Figures with More than 3 Sides,math :: geometry & measurement :: interior angles figures with more than 3 sides,Geometry & Measurement,ontology_template,rule_question
Help me understand Interior Angles Figures with More than 3 Sides,022c358f-782b-5951-a475-8613c8117806,SKILL_21,Interior Angles Figures with More than 3 Sides,math :: geometry & measurement :: interior angles figures with more than 3 sides,Geometry & Measurement,ontology_template,help_request
Teach me about Interior Angles Figures with More than 3 Sides,022c358f-782b-5951-a475-8613c8117806,SKILL_21,Interior Angles Figures with More than 3 Sides,math :: geometry & measurement :: interior angles figures with more than 3 sides,Geometry & Measurement,ontology_template,learning_request
How do you calculate Interior Angles Figures with More than 3 Sides?,022c358f-782b-5951-a475-8613c8117806,SKILL_21,Interior Angles Figures with More than 3 Sides,math :: geometry & measurement :: interior angles figures with more than 3 sides,Geometry & Measurement,ontology_template,calculation_question
Interior Angles Figures with More than 3 Sides,022c358f-782b-5951-a475-8613c8117806,SKILL_21,Interior Angles Figures with More than 3 Sides,math :: geometry & measurement :: interior angles figures with more than 3 sides,Geometry & Measurement,ontology_template,direct_mention
I need help with Interior Angles Triangle,a178f1c8-9484-5fe4-98e9-d49dcf5098ca,SKILL_22,Interior Angles Triangle,math :: geometry & measurement :: interior angles triangle,Geometry & Measurement,ontology_template,help_request
Can you explain Interior Angles Triangle?,a178f1c8-9484-5fe4-98e9-d49dcf5098ca,SKILL_22,Interior Angles Triangle,math :: geometry & measurement :: interior angles triangle,Geometry & Measurement,ontology_template,explanation_request
How do I solve problems about Interior Angles Triangle?,a178f1c8-9484-5fe4-98e9-d49dcf5098ca,SKILL_22,Interior Angles Triangle,math :: geometry & measurement :: interior angles triangle,Geometry & Measurement,ontology_template,problem_solving
I don't understand Interior Angles Triangle,a178f1c8-9484-5fe4-98e9-d49dcf5098ca,SKILL_22,Interior Angles Triangle,math :: geometry & measurement :: interior angles triangle,Geometry & Measurement,ontology_template,misunderstanding_statement
Show me how Interior Angles Triangle works,a178f1c8-9484-5fe4-98e9-d49dcf5098ca,SKILL_22,Interior Angles Triangle,math :: geometry & measurement :: interior angles triangle,Geometry & Measurement,ontology_template,instruction_request
I need to practice Interior Angles Triangle,a178f1c8-9484-5fe4-98e9-d49dcf5098ca,SKILL_22,Interior Angles Triangle,math :: geometry & measurement :: interior angles triangle,Geometry & Measurement,ontology_template,practice_request
Can you help me learn Interior Angles Triangle?,a178f1c8-9484-5fe4-98e9-d49dcf5098ca,SKILL_22,Interior Angles Triangle,math :: geometry & measurement :: interior angles triangle,Geometry & Measurement,ontology_template,learning_request
What does Interior Angles Triangle mean?,a178f1c8-9484-5fe4-98e9-d49dcf5098ca,SKILL_22,Interior Angles Triangle,math :: geometry & measurement :: interior angles triangle,Geometry & Measurement,ontology_template,definition_request
Give me an example of Interior Angles Triangle,a178f1c8-9484-5fe4-98e9-d49dcf5098ca,SKILL_22,Interior Angles Triangle,math :: geometry & measurement :: interior angles triangle,Geometry & Measurement,ontology_template,example_request
How does Interior Angles Triangle work in math?,a178f1c8-9484-5fe4-98e9-d49dcf5098ca,SKILL_22,Interior Angles Triangle,math :: geometry & measurement :: interior angles triangle,Geometry & Measurement,ontology_template,concept_question
I am having trouble with Interior Angles Triangle,a178f1c8-9484-5fe4-98e9-d49dcf5098ca,SKILL_22,Interior Angles Triangle,math :: geometry & measurement :: interior angles triangle,Geometry & Measurement,ontology_template,struggle_statement
Can we review Interior Angles Triangle together?,a178f1c8-9484-5fe4-98e9-d49dcf5098ca,SKILL_22,Interior Angles Triangle,math :: geometry & measurement :: interior angles triangle,Geometry & Measurement,ontology_template,review_request
Explain the concept of Interior Angles Triangle,a178f1c8-9484-5fe4-98e9-d49dcf5098ca,SKILL_22,Interior Angles Triangle,math :: geometry & measurement :: interior angles triangle,Geometry & Measurement,ontology_template,explanation_request
What is the rule for Interior Angles Triangle?,a178f1c8-9484-5fe4-98e9-d49dcf5098ca,SKILL_22,Interior Angles Triangle,math :: geometry & measurement :: interior angles triangle,Geometry & Measurement,ontology_template,rule_question
Help me understand Interior Angles Triangle,a178f1c8-9484-5fe4-98e9-d49dcf5098ca,SKILL_22,Interior Angles Triangle,math :: geometry & measurement :: interior angles triangle,Geometry & Measurement,ontology_template,help_request
Teach me about Interior Angles Triangle,a178f1c8-9484-5fe4-98e9-d49dcf5098ca,SKILL_22,Interior Angles Triangle,math :: geometry & measurement :: interior angles triangle,Geometry & Measurement,ontology_template,learning_request
How do you calculate Interior Angles Triangle?,a178f1c8-9484-5fe4-98e9-d49dcf5098ca,SKILL_22,Interior Angles Triangle,math :: geometry & measurement :: interior angles triangle,Geometry & Measurement,ontology_template,calculation_question
Interior Angles Triangle,a178f1c8-9484-5fe4-98e9-d49dcf5098ca,SKILL_22,Interior Angles Triangle,math :: geometry & measurement :: interior angles triangle,Geometry & Measurement,ontology_template,direct_mention
I need help with Congruence,e6332752-8c50-534a-931f-d5272e834e5e,SKILL_24,Congruence,math :: geometry & measurement :: congruence,Geometry & Measurement,ontology_template,help_request
Can you explain Congruence?,e6332752-8c50-534a-931f-d5272e834e5e,SKILL_24,Congruence,math :: geometry & measurement :: congruence,Geometry & Measurement,ontology_template,explanation_request
How do I solve problems about Congruence?,e6332752-8c50-534a-931f-d5272e834e5e,SKILL_24,Congruence,math :: geometry & measurement :: congruence,Geometry & Measurement,ontology_template,problem_solving
I don't understand Congruence,e6332752-8c50-534a-931f-d5272e834e5e,SKILL_24,Congruence,math :: geometry & measurement :: congruence,Geometry & Measurement,ontology_template,misunderstanding_statement
Show me how Congruence works,e6332752-8c50-534a-931f-d5272e834e5e,SKILL_24,Congruence,math :: geometry & measurement :: congruence,Geometry & Measurement,ontology_template,instruction_request
I need to practice Congruence,e6332752-8c50-534a-931f-d5272e834e5e,SKILL_24,Congruence,math :: geometry & measurement :: congruence,Geometry & Measurement,ontology_template,practice_request
Can you help me learn Congruence?,e6332752-8c50-534a-931f-d5272e834e5e,SKILL_24,Congruence,math :: geometry & measurement :: congruence,Geometry & Measurement,ontology_template,learning_request
What does Congruence mean?,e6332752-8c50-534a-931f-d5272e834e5e,SKILL_24,Congruence,math :: geometry & measurement :: congruence,Geometry & Measurement,ontology_template,definition_request
Give me an example of Congruence,e6332752-8c50-534a-931f-d5272e834e5e,SKILL_24,Congruence,math :: geometry & measurement :: congruence,Geometry & Measurement,ontology_template,example_request
How does Congruence work in math?,e6332752-8c50-534a-931f-d5272e834e5e,SKILL_24,Congruence,math :: geometry & measurement :: congruence,Geometry & Measurement,ontology_template,concept_question
I am having trouble with Congruence,e6332752-8c50-534a-931f-d5272e834e5e,SKILL_24,Congruence,math :: geometry & measurement :: congruence,Geometry & Measurement,ontology_template,struggle_statement
Can we review Congruence together?,e6332752-8c50-534a-931f-d5272e834e5e,SKILL_24,Congruence,math :: geometry & measurement :: congruence,Geometry & Measurement,ontology_template,review_request
Explain the concept of Congruence,e6332752-8c50-534a-931f-d5272e834e5e,SKILL_24,Congruence,math :: geometry & measurement :: congruence,Geometry & Measurement,ontology_template,explanation_request
What is the rule for Congruence?,e6332752-8c50-534a-931f-d5272e834e5e,SKILL_24,Congruence,math :: geometry & measurement :: congruence,Geometry & Measurement,ontology_template,rule_question
Help me understand Congruence,e6332752-8c50-534a-931f-d5272e834e5e,SKILL_24,Congruence,math :: geometry & measurement :: congruence,Geometry & Measurement,ontology_template,help_request
Teach me about Congruence,e6332752-8c50-534a-931f-d5272e834e5e,SKILL_24,Congruence,math :: geometry & measurement :: congruence,Geometry & Measurement,ontology_template,learning_request
How do you calculate Congruence?,e6332752-8c50-534a-931f-d5272e834e5e,SKILL_24,Congruence,math :: geometry & measurement :: congruence,Geometry & Measurement,ontology_template,calculation_question
Congruence,e6332752-8c50-534a-931f-d5272e834e5e,SKILL_24,Congruence,math :: geometry & measurement :: congruence,Geometry & Measurement,ontology_template,direct_mention
I need help with Complementary and Supplementary Angles,f7daf83d-bbfa-5d86-b50f-b25789cf0864,SKILL_25,Complementary and Supplementary Angles,math :: geometry & measurement :: complementary and supplementary angles,Geometry & Measurement,ontology_template,help_request
Can you explain Complementary and Supplementary Angles?,f7daf83d-bbfa-5d86-b50f-b25789cf0864,SKILL_25,Complementary and Supplementary Angles,math :: geometry & measurement :: complementary and supplementary angles,Geometry & Measurement,ontology_template,explanation_request
How do I solve problems about Complementary and Supplementary Angles?,f7daf83d-bbfa-5d86-b50f-b25789cf0864,SKILL_25,Complementary and Supplementary Angles,math :: geometry & measurement :: complementary and supplementary angles,Geometry & Measurement,ontology_template,problem_solving
I don't understand Complementary and Supplementary Angles,f7daf83d-bbfa-5d86-b50f-b25789cf0864,SKILL_25,Complementary and Supplementary Angles,math :: geometry & measurement :: complementary and supplementary angles,Geometry & Measurement,ontology_template,misunderstanding_statement
Show me how Complementary and Supplementary Angles works,f7daf83d-bbfa-5d86-b50f-b25789cf0864,SKILL_25,Complementary and Supplementary Angles,math :: geometry & measurement :: complementary and supplementary angles,Geometry & Measurement,ontology_template,instruction_request
I need to practice Complementary and Supplementary Angles,f7daf83d-bbfa-5d86-b50f-b25789cf0864,SKILL_25,Complementary and Supplementary Angles,math :: geometry & measurement :: complementary and supplementary angles,Geometry & Measurement,ontology_template,practice_request
Can you help me learn Complementary and Supplementary Angles?,f7daf83d-bbfa-5d86-b50f-b25789cf0864,SKILL_25,Complementary and Supplementary Angles,math :: geometry & measurement :: complementary and supplementary angles,Geometry & Measurement,ontology_template,learning_request
What does Complementary and Supplementary Angles mean?,f7daf83d-bbfa-5d86-b50f-b25789cf0864,SKILL_25,Complementary and Supplementary Angles,math :: geometry & measurement :: complementary and supplementary angles,Geometry & Measurement,ontology_template,definition_request
Give me an example of Complementary and Supplementary Angles,f7daf83d-bbfa-5d86-b50f-b25789cf0864,SKILL_25,Complementary and Supplementary Angles,math :: geometry & measurement :: complementary and supplementary angles,Geometry & Measurement,ontology_template,example_request
How does Complementary and Supplementary Angles work in math?,f7daf83d-bbfa-5d86-b50f-b25789cf0864,SKILL_25,Complementary and Supplementary Angles,math :: geometry & measurement :: complementary and supplementary angles,Geometry & Measurement,ontology_template,concept_question
I am having trouble with Complementary and Supplementary Angles,f7daf83d-bbfa-5d86-b50f-b25789cf0864,SKILL_25,Complementary and Supplementary Angles,math :: geometry & measurement :: complementary and supplementary angles,Geometry & Measurement,ontology_template,struggle_statement
Can we review Complementary and Supplementary Angles together?,f7daf83d-bbfa-5d86-b50f-b25789cf0864,SKILL_25,Complementary and Supplementary Angles,math :: geometry & measurement :: complementary and supplementary angles,Geometry & Measurement,ontology_template,review_request
Explain the concept of Complementary and Supplementary Angles,f7daf83d-bbfa-5d86-b50f-b25789cf0864,SKILL_25,Complementary and Supplementary Angles,math :: geometry & measurement :: complementary and supplementary angles,Geometry & Measurement,ontology_template,explanation_request
What is the rule for Complementary and Supplementary Angles?,f7daf83d-bbfa-5d86-b50f-b25789cf0864,SKILL_25,Complementary and Supplementary Angles,math :: geometry & measurement :: complementary and supplementary angles,Geometry & Measurement,ontology_template,rule_question
Help me understand Complementary and Supplementary Angles,f7daf83d-bbfa-5d86-b50f-b25789cf0864,SKILL_25,Complementary and Supplementary Angles,math :: geometry & measurement :: complementary and supplementary angles,Geometry & Measurement,ontology_template,help_request
Teach me about Complementary and Supplementary Angles,f7daf83d-bbfa-5d86-b50f-b25789cf0864,SKILL_25,Complementary and Supplementary Angles,math :: geometry & measurement :: complementary and supplementary angles,Geometry & Measurement,ontology_template,learning_request
How do you calculate Complementary and Supplementary Angles?,f7daf83d-bbfa-5d86-b50f-b25789cf0864,SKILL_25,Complementary and Supplementary Angles,math :: geometry & measurement :: complementary and supplementary angles,Geometry & Measurement,ontology_template,calculation_question
Complementary and Supplementary Angles,f7daf83d-bbfa-5d86-b50f-b25789cf0864,SKILL_25,Complementary and Supplementary Angles,math :: geometry & measurement :: complementary and supplementary angles,Geometry & Measurement,ontology_template,direct_mention
I need help with Angles on Parallel Lines Cut by a Transversal,7fdb2c43-c557-5537-8086-64e407be1b60,SKILL_26,Angles on Parallel Lines Cut by a Transversal,math :: geometry & measurement :: angles on parallel lines cut by a transversal,Geometry & Measurement,ontology_template,help_request
Can you explain Angles on Parallel Lines Cut by a Transversal?,7fdb2c43-c557-5537-8086-64e407be1b60,SKILL_26,Angles on Parallel Lines Cut by a Transversal,math :: geometry & measurement :: angles on parallel lines cut by a transversal,Geometry & Measurement,ontology_template,explanation_request
How do I solve problems about Angles on Parallel Lines Cut by a Transversal?,7fdb2c43-c557-5537-8086-64e407be1b60,SKILL_26,Angles on Parallel Lines Cut by a Transversal,math :: geometry & measurement :: angles on parallel lines cut by a transversal,Geometry & Measurement,ontology_template,problem_solving
I don't understand Angles on Parallel Lines Cut by a Transversal,7fdb2c43-c557-5537-8086-64e407be1b60,SKILL_26,Angles on Parallel Lines Cut by a Transversal,math :: geometry & measurement :: angles on parallel lines cut by a transversal,Geometry & Measurement,ontology_template,misunderstanding_statement
Show me how Angles on Parallel Lines Cut by a Transversal works,7fdb2c43-c557-5537-8086-64e407be1b60,SKILL_26,Angles on Parallel Lines Cut by a Transversal,math :: geometry & measurement :: angles on parallel lines cut by a transversal,Geometry & Measurement,ontology_template,instruction_request
I need to practice Angles on Parallel Lines Cut by a Transversal,7fdb2c43-c557-5537-8086-64e407be1b60,SKILL_26,Angles on Parallel Lines Cut by a Transversal,math :: geometry & measurement :: angles on parallel lines cut by a transversal,Geometry & Measurement,ontology_template,practice_request
Can you help me learn Angles on Parallel Lines Cut by a Transversal?,7fdb2c43-c557-5537-8086-64e407be1b60,SKILL_26,Angles on Parallel Lines Cut by a Transversal,math :: geometry & measurement :: angles on parallel lines cut by a transversal,Geometry & Measurement,ontology_template,learning_request
What does Angles on Parallel Lines Cut by a Transversal mean?,7fdb2c43-c557-5537-8086-64e407be1b60,SKILL_26,Angles on Parallel Lines Cut by a Transversal,math :: geometry & measurement :: angles on parallel lines cut by a transversal,Geometry & Measurement,ontology_template,definition_request
Give me an example of Angles on Parallel Lines Cut by a Transversal,7fdb2c43-c557-5537-8086-64e407be1b60,SKILL_26,Angles on Parallel Lines Cut by a Transversal,math :: geometry & measurement :: angles on parallel lines cut by a transversal,Geometry & Measurement,ontology_template,example_request
How does Angles on Parallel Lines Cut by a Transversal work in math?,7fdb2c43-c557-5537-8086-64e407be1b60,SKILL_26,Angles on Parallel Lines Cut by a Transversal,math :: geometry & measurement :: angles on parallel lines cut by a transversal,Geometry & Measurement,ontology_template,concept_question
I am having trouble with Angles on Parallel Lines Cut by a Transversal,7fdb2c43-c557-5537-8086-64e407be1b60,SKILL_26,Angles on Parallel Lines Cut by a Transversal,math :: geometry & measurement :: angles on parallel lines cut by a transversal,Geometry & Measurement,ontology_template,struggle_statement
Can we review Angles on Parallel Lines Cut by a Transversal together?,7fdb2c43-c557-5537-8086-64e407be1b60,SKILL_26,Angles on Parallel Lines Cut by a Transversal,math :: geometry & measurement :: angles on parallel lines cut by a transversal,Geometry & Measurement,ontology_template,review_request
Explain the concept of Angles on Parallel Lines Cut by a Transversal,7fdb2c43-c557-5537-8086-64e407be1b60,SKILL_26,Angles on Parallel Lines Cut by a Transversal,math :: geometry & measurement :: angles on parallel lines cut by a transversal,Geometry & Measurement,ontology_template,explanation_request
What is the rule for Angles on Parallel Lines Cut by a Transversal?,7fdb2c43-c557-5537-8086-64e407be1b60,SKILL_26,Angles on Parallel Lines Cut by a Transversal,math :: geometry & measurement :: angles on parallel lines cut by a transversal,Geometry & Measurement,ontology_template,rule_question
Help me understand Angles on Parallel Lines Cut by a Transversal,7fdb2c43-c557-5537-8086-64e407be1b60,SKILL_26,Angles on Parallel Lines Cut by a Transversal,math :: geometry & measurement :: angles on parallel lines cut by a transversal,Geometry & Measurement,ontology_template,help_request
Teach me about Angles on Parallel Lines Cut by a Transversal,7fdb2c43-c557-5537-8086-64e407be1b60,SKILL_26,Angles on Parallel Lines Cut by a Transversal,math :: geometry & measurement :: angles on parallel lines cut by a transversal,Geometry & Measurement,ontology_template,learning_request
How do you calculate Angles on Parallel Lines Cut by a Transversal?,7fdb2c43-c557-5537-8086-64e407be1b60,SKILL_26,Angles on Parallel Lines Cut by a Transversal,math :: geometry & measurement :: angles on parallel lines cut by a transversal,Geometry & Measurement,ontology_template,calculation_question
Angles on Parallel Lines Cut by a Transversal,7fdb2c43-c557-5537-8086-64e407be1b60,SKILL_26,Angles on Parallel Lines Cut by a Transversal,math :: geometry & measurement :: angles on parallel lines cut by a transversal,Geometry & Measurement,ontology_template,direct_mention
I need help with Pythagoras Theorem,4d6e2a61-86ba-52da-aebd-157f90b096b2,SKILL_27,Pythagorean Theorem,math :: geometry & measurement :: pythagorean theorem,Geometry & Measurement,ontology_template,help_request
Can you explain Pythagoras Theorem?,4d6e2a61-86ba-52da-aebd-157f90b096b2,SKILL_27,Pythagorean Theorem,math :: geometry & measurement :: pythagorean theorem,Geometry & Measurement,ontology_template,explanation_request
How do I solve problems about Pythagoras Theorem?,4d6e2a61-86ba-52da-aebd-157f90b096b2,SKILL_27,Pythagorean Theorem,math :: geometry & measurement :: pythagorean theorem,Geometry & Measurement,ontology_template,problem_solving
I don't understand Pythagoras Theorem,4d6e2a61-86ba-52da-aebd-157f90b096b2,SKILL_27,Pythagorean Theorem,math :: geometry & measurement :: pythagorean theorem,Geometry & Measurement,ontology_template,misunderstanding_statement
Show me how Pythagoras Theorem works,4d6e2a61-86ba-52da-aebd-157f90b096b2,SKILL_27,Pythagorean Theorem,math :: geometry & measurement :: pythagorean theorem,Geometry & Measurement,ontology_template,instruction_request
I need to practice Pythagoras Theorem,4d6e2a61-86ba-52da-aebd-157f90b096b2,SKILL_27,Pythagorean Theorem,math :: geometry & measurement :: pythagorean theorem,Geometry & Measurement,ontology_template,practice_request
Can you help me learn Pythagoras Theorem?,4d6e2a61-86ba-52da-aebd-157f90b096b2,SKILL_27,Pythagorean Theorem,math :: geometry & measurement :: pythagorean theorem,Geometry & Measurement,ontology_template,learning_request
What does Pythagoras Theorem mean?,4d6e2a61-86ba-52da-aebd-157f90b096b2,SKILL_27,Pythagorean Theorem,math :: geometry & measurement :: pythagorean theorem,Geometry & Measurement,ontology_template,definition_request
Give me an example of Pythagoras Theorem,4d6e2a61-86ba-52da-aebd-157f90b096b2,SKILL_27,Pythagorean Theorem,math :: geometry & measurement :: pythagorean theorem,Geometry & Measurement,ontology_template,example_request
How does Pythagoras Theorem work in math?,4d6e2a61-86ba-52da-aebd-157f90b096b2,SKILL_27,Pythagorean Theorem,math :: geometry & measurement :: pythagorean theorem,Geometry & Measurement,ontology_template,concept_question
I am having trouble with Pythagoras Theorem,4d6e2a61-86ba-52da-aebd-157f90b096b2,SKILL_27,Pythagorean Theorem,math :: geometry & measurement :: pythagorean theorem,Geometry & Measurement,ontology_template,struggle_statement
Can we review Pythagoras Theorem together?,4d6e2a61-86ba-52da-aebd-157f90b096b2,SKILL_27,Pythagorean Theorem,math :: geometry & measurement :: pythagorean theorem,Geometry & Measurement,ontology_template,review_request
Explain the concept of Pythagoras Theorem,4d6e2a61-86ba-52da-aebd-157f90b096b2,SKILL_27,Pythagorean Theorem,math :: geometry & measurement :: pythagorean theorem,Geometry & Measurement,ontology_template,explanation_request
What is the rule for Pythagoras Theorem?,4d6e2a61-86ba-52da-aebd-157f90b096b2,SKILL_27,Pythagorean Theorem,math :: geometry & measurement :: pythagorean theorem,Geometry & Measurement,ontology_template,rule_question
Help me understand Pythagoras Theorem,4d6e2a61-86ba-52da-aebd-157f90b096b2,SKILL_27,Pythagorean Theorem,math :: geometry & measurement :: pythagorean theorem,Geometry & Measurement,ontology_template,help_request
Teach me about Pythagoras Theorem,4d6e2a61-86ba-52da-aebd-157f90b096b2,SKILL_27,Pythagorean Theorem,math :: geometry & measurement :: pythagorean theorem,Geometry & Measurement,ontology_template,learning_request
How do you calculate Pythagoras Theorem?,4d6e2a61-86ba-52da-aebd-157f90b096b2,SKILL_27,Pythagorean Theorem,math :: geometry & measurement :: pythagorean theorem,Geometry & Measurement,ontology_template,calculation_question
Pythagoras Theorem,4d6e2a61-86ba-52da-aebd-157f90b096b2,SKILL_27,Pythagorean Theorem,math :: geometry & measurement :: pythagorean theorem,Geometry & Measurement,ontology_template,direct_mention
I need help with Pythagorean Equation,4d6e2a61-86ba-52da-aebd-157f90b096b2,SKILL_27,Pythagorean Theorem,math :: geometry & measurement :: pythagorean theorem,Geometry & Measurement,ontology_template,help_request
Can you explain Pythagorean Equation?,4d6e2a61-86ba-52da-aebd-157f90b096b2,SKILL_27,Pythagorean Theorem,math :: geometry & measurement :: pythagorean theorem,Geometry & Measurement,ontology_template,explanation_request
How do I solve problems about Pythagorean Equation?,4d6e2a61-86ba-52da-aebd-157f90b096b2,SKILL_27,Pythagorean Theorem,math :: geometry & measurement :: pythagorean theorem,Geometry & Measurement,ontology_template,problem_solving
I don't understand Pythagorean Equation,4d6e2a61-86ba-52da-aebd-157f90b096b2,SKILL_27,Pythagorean Theorem,math :: geometry & measurement :: pythagorean theorem,Geometry & Measurement,ontology_template,misunderstanding_statement
Show me how Pythagorean Equation works,4d6e2a61-86ba-52da-aebd-157f90b096b2,SKILL_27,Pythagorean Theorem,math :: geometry & measurement :: pythagorean theorem,Geometry & Measurement,ontology_template,instruction_request
I need to practice Pythagorean Equation,4d6e2a61-86ba-52da-aebd-157f90b096b2,SKILL_27,Pythagorean Theorem,math :: geometry & measurement :: pythagorean theorem,Geometry & Measurement,ontology_template,practice_request
Can you help me learn Pythagorean Equation?,4d6e2a61-86ba-52da-aebd-157f90b096b2,SKILL_27,Pythagorean Theorem,math :: geometry & measurement :: pythagorean theorem,Geometry & Measurement,ontology_template,learning_request
What does Pythagorean Equation mean?,4d6e2a61-86ba-52da-aebd-157f90b096b2,SKILL_27,Pythagorean Theorem,math :: geometry & measurement :: pythagorean theorem,Geometry & Measurement,ontology_template,definition_request
Give me an example of Pythagorean Equation,4d6e2a61-86ba-52da-aebd-157f90b096b2,SKILL_27,Pythagorean Theorem,math :: geometry & measurement :: pythagorean theorem,Geometry & Measurement,ontology_template,example_request
How does Pythagorean Equation work in math?,4d6e2a61-86ba-52da-aebd-157f90b096b2,SKILL_27,Pythagorean Theorem,math :: geometry & measurement :: pythagorean theorem,Geometry & Measurement,ontology_template,concept_question
I am having trouble with Pythagorean Equation,4d6e2a61-86ba-52da-aebd-157f90b096b2,SKILL_27,Pythagorean Theorem,math :: geometry & measurement :: pythagorean theorem,Geometry & Measurement,ontology_template,struggle_statement
Can we review Pythagorean Equation together?,4d6e2a61-86ba-52da-aebd-157f90b096b2,SKILL_27,Pythagorean Theorem,math :: geometry & measurement :: pythagorean theorem,Geometry & Measurement,ontology_template,review_request
Explain the concept of Pythagorean Equation,4d6e2a61-86ba-52da-aebd-157f90b096b2,SKILL_27,Pythagorean Theorem,math :: geometry & measurement :: pythagorean theorem,Geometry & Measurement,ontology_template,explanation_request
What is the rule for Pythagorean Equation?,4d6e2a61-86ba-52da-aebd-157f90b096b2,SKILL_27,Pythagorean Theorem,math :: geometry & measurement :: pythagorean theorem,Geometry & Measurement,ontology_template,rule_question
Help me understand Pythagorean Equation,4d6e2a61-86ba-52da-aebd-157f90b096b2,SKILL_27,Pythagorean Theorem,math :: geometry & measurement :: pythagorean theorem,Geometry & Measurement,ontology_template,help_request
Teach me about Pythagorean Equation,4d6e2a61-86ba-52da-aebd-157f90b096b2,SKILL_27,Pythagorean Theorem,math :: geometry & measurement :: pythagorean theorem,Geometry & Measurement,ontology_template,learning_request
How do you calculate Pythagorean Equation?,4d6e2a61-86ba-52da-aebd-157f90b096b2,SKILL_27,Pythagorean Theorem,math :: geometry & measurement :: pythagorean theorem,Geometry & Measurement,ontology_template,calculation_question
Pythagorean Equation,4d6e2a61-86ba-52da-aebd-157f90b096b2,SKILL_27,Pythagorean Theorem,math :: geometry & measurement :: pythagorean theorem,Geometry & Measurement,ontology_template,direct_mention
I need help with Pythagorean Theorem,4d6e2a61-86ba-52da-aebd-157f90b096b2,SKILL_27,Pythagorean Theorem,math :: geometry & measurement :: pythagorean theorem,Geometry & Measurement,ontology_template,help_request
Can you explain Pythagorean Theorem?,4d6e2a61-86ba-52da-aebd-157f90b096b2,SKILL_27,Pythagorean Theorem,math :: geometry & measurement :: pythagorean theorem,Geometry & Measurement,ontology_template,explanation_request
How do I solve problems about Pythagorean Theorem?,4d6e2a61-86ba-52da-aebd-157f90b096b2,SKILL_27,Pythagorean Theorem,math :: geometry & measurement :: pythagorean theorem,Geometry & Measurement,ontology_template,problem_solving
I don't understand Pythagorean Theorem,4d6e2a61-86ba-52da-aebd-157f90b096b2,SKILL_27,Pythagorean Theorem,math :: geometry & measurement :: pythagorean theorem,Geometry & Measurement,ontology_template,misunderstanding_statement
Show me how Pythagorean Theorem works,4d6e2a61-86ba-52da-aebd-157f90b096b2,SKILL_27,Pythagorean Theorem,math :: geometry & measurement :: pythagorean theorem,Geometry & Measurement,ontology_template,instruction_request
I need to practice Pythagorean Theorem,4d6e2a61-86ba-52da-aebd-157f90b096b2,SKILL_27,Pythagorean Theorem,math :: geometry & measurement :: pythagorean theorem,Geometry & Measurement,ontology_template,practice_request
Can you help me learn Pythagorean Theorem?,4d6e2a61-86ba-52da-aebd-157f90b096b2,SKILL_27,Pythagorean Theorem,math :: geometry & measurement :: pythagorean theorem,Geometry & Measurement,ontology_template,learning_request
What does Pythagorean Theorem mean?,4d6e2a61-86ba-52da-aebd-157f90b096b2,SKILL_27,Pythagorean Theorem,math :: geometry & measurement :: pythagorean theorem,Geometry & Measurement,ontology_template,definition_request
Give me an example of Pythagorean Theorem,4d6e2a61-86ba-52da-aebd-157f90b096b2,SKILL_27,Pythagorean Theorem,math :: geometry & measurement :: pythagorean theorem,Geometry & Measurement,ontology_template,example_request
How does Pythagorean Theorem work in math?,4d6e2a61-86ba-52da-aebd-157f90b096b2,SKILL_27,Pythagorean Theorem,math :: geometry & measurement :: pythagorean theorem,Geometry & Measurement,ontology_template,concept_question
I am having trouble with Pythagorean Theorem,4d6e2a61-86ba-52da-aebd-157f90b096b2,SKILL_27,Pythagorean Theorem,math :: geometry & measurement :: pythagorean theorem,Geometry & Measurement,ontology_template,struggle_statement
Can we review Pythagorean Theorem together?,4d6e2a61-86ba-52da-aebd-157f90b096b2,SKILL_27,Pythagorean Theorem,math :: geometry & measurement :: pythagorean theorem,Geometry & Measurement,ontology_template,review_request
Explain the concept of Pythagorean Theorem,4d6e2a61-86ba-52da-aebd-157f90b096b2,SKILL_27,Pythagorean Theorem,math :: geometry & measurement :: pythagorean theorem,Geometry & Measurement,ontology_template,explanation_request
What is the rule for Pythagorean Theorem?,4d6e2a61-86ba-52da-aebd-157f90b096b2,SKILL_27,Pythagorean Theorem,math :: geometry & measurement :: pythagorean theorem,Geometry & Measurement,ontology_template,rule_question
Help me understand Pythagorean Theorem,4d6e2a61-86ba-52da-aebd-157f90b096b2,SKILL_27,Pythagorean Theorem,math :: geometry & measurement :: pythagorean theorem,Geometry & Measurement,ontology_template,help_request
Teach me about Pythagorean Theorem,4d6e2a61-86ba-52da-aebd-157f90b096b2,SKILL_27,Pythagorean Theorem,math :: geometry & measurement :: pythagorean theorem,Geometry & Measurement,ontology_template,learning_request
How do you calculate Pythagorean Theorem?,4d6e2a61-86ba-52da-aebd-157f90b096b2,SKILL_27,Pythagorean Theorem,math :: geometry & measurement :: pythagorean theorem,Geometry & Measurement,ontology_template,calculation_question
Pythagorean Theorem,4d6e2a61-86ba-52da-aebd-157f90b096b2,SKILL_27,Pythagorean Theorem,math :: geometry & measurement :: pythagorean theorem,Geometry & Measurement,ontology_template,direct_mention
I need help with Nets of 3D Figures,43188160-cffc-58e2-848b-0cbd2884be19,SKILL_32,Nets of 3D Figures,math :: geometry & measurement :: nets of 3d figures,Geometry & Measurement,ontology_template,help_request
Can you explain Nets of 3D Figures?,43188160-cffc-58e2-848b-0cbd2884be19,SKILL_32,Nets of 3D Figures,math :: geometry & measurement :: nets of 3d figures,Geometry & Measurement,ontology_template,explanation_request
How do I solve problems about Nets of 3D Figures?,43188160-cffc-58e2-848b-0cbd2884be19,SKILL_32,Nets of 3D Figures,math :: geometry & measurement :: nets of 3d figures,Geometry & Measurement,ontology_template,problem_solving
I don't understand Nets of 3D Figures,43188160-cffc-58e2-848b-0cbd2884be19,SKILL_32,Nets of 3D Figures,math :: geometry & measurement :: nets of 3d figures,Geometry & Measurement,ontology_template,misunderstanding_statement
Show me how Nets of 3D Figures works,43188160-cffc-58e2-848b-0cbd2884be19,SKILL_32,Nets of 3D Figures,math :: geometry & measurement :: nets of 3d figures,Geometry & Measurement,ontology_template,instruction_request
I need to practice Nets of 3D Figures,43188160-cffc-58e2-848b-0cbd2884be19,SKILL_32,Nets of 3D Figures,math :: geometry & measurement :: nets of 3d figures,Geometry & Measurement,ontology_template,practice_request
Can you help me learn Nets of 3D Figures?,43188160-cffc-58e2-848b-0cbd2884be19,SKILL_32,Nets of 3D Figures,math :: geometry & measurement :: nets of 3d figures,Geometry & Measurement,ontology_template,learning_request
What does Nets of 3D Figures mean?,43188160-cffc-58e2-848b-0cbd2884be19,SKILL_32,Nets of 3D Figures,math :: geometry & measurement :: nets of 3d figures,Geometry & Measurement,ontology_template,definition_request
Give me an example of Nets of 3D Figures,43188160-cffc-58e2-848b-0cbd2884be19,SKILL_32,Nets of 3D Figures,math :: geometry & measurement :: nets of 3d figures,Geometry & Measurement,ontology_template,example_request
How does Nets of 3D Figures work in math?,43188160-cffc-58e2-848b-0cbd2884be19,SKILL_32,Nets of 3D Figures,math :: geometry & measurement :: nets of 3d figures,Geometry & Measurement,ontology_template,concept_question
I am having trouble with Nets of 3D Figures,43188160-cffc-58e2-848b-0cbd2884be19,SKILL_32,Nets of 3D Figures,math :: geometry & measurement :: nets of 3d figures,Geometry & Measurement,ontology_template,struggle_statement
Can we review Nets of 3D Figures together?,43188160-cffc-58e2-848b-0cbd2884be19,SKILL_32,Nets of 3D Figures,math :: geometry & measurement :: nets of 3d figures,Geometry & Measurement,ontology_template,review_request
Explain the concept of Nets of 3D Figures,43188160-cffc-58e2-848b-0cbd2884be19,SKILL_32,Nets of 3D Figures,math :: geometry & measurement :: nets of 3d figures,Geometry & Measurement,ontology_template,explanation_request
What is the rule for Nets of 3D Figures?,43188160-cffc-58e2-848b-0cbd2884be19,SKILL_32,Nets of 3D Figures,math :: geometry & measurement :: nets of 3d figures,Geometry & Measurement,ontology_template,rule_question
Help me understand Nets of 3D Figures,43188160-cffc-58e2-848b-0cbd2884be19,SKILL_32,Nets of 3D Figures,math :: geometry & measurement :: nets of 3d figures,Geometry & Measurement,ontology_template,help_request
Teach me about Nets of 3D Figures,43188160-cffc-58e2-848b-0cbd2884be19,SKILL_32,Nets of 3D Figures,math :: geometry & measurement :: nets of 3d figures,Geometry & Measurement,ontology_template,learning_request
How do you calculate Nets of 3D Figures?,43188160-cffc-58e2-848b-0cbd2884be19,SKILL_32,Nets of 3D Figures,math :: geometry & measurement :: nets of 3d figures,Geometry & Measurement,ontology_template,calculation_question
Nets of 3D Figures,43188160-cffc-58e2-848b-0cbd2884be19,SKILL_32,Nets of 3D Figures,math :: geometry & measurement :: nets of 3d figures,Geometry & Measurement,ontology_template,direct_mention
I need help with Unit Conversion Within a System,dc3d0d19-619e-51ac-ae6e-caab9a40a399,SKILL_34,Unit Conversion Within a System,math :: geometry & measurement :: unit conversion within a system,Geometry & Measurement,ontology_template,help_request
Can you explain Unit Conversion Within a System?,dc3d0d19-619e-51ac-ae6e-caab9a40a399,SKILL_34,Unit Conversion Within a System,math :: geometry & measurement :: unit conversion within a system,Geometry & Measurement,ontology_template,explanation_request
How do I solve problems about Unit Conversion Within a System?,dc3d0d19-619e-51ac-ae6e-caab9a40a399,SKILL_34,Unit Conversion Within a System,math :: geometry & measurement :: unit conversion within a system,Geometry & Measurement,ontology_template,problem_solving
I don't understand Unit Conversion Within a System,dc3d0d19-619e-51ac-ae6e-caab9a40a399,SKILL_34,Unit Conversion Within a System,math :: geometry & measurement :: unit conversion within a system,Geometry & Measurement,ontology_template,misunderstanding_statement
Show me how Unit Conversion Within a System works,dc3d0d19-619e-51ac-ae6e-caab9a40a399,SKILL_34,Unit Conversion Within a System,math :: geometry & measurement :: unit conversion within a system,Geometry & Measurement,ontology_template,instruction_request
I need to practice Unit Conversion Within a System,dc3d0d19-619e-51ac-ae6e-caab9a40a399,SKILL_34,Unit Conversion Within a System,math :: geometry & measurement :: unit conversion within a system,Geometry & Measurement,ontology_template,practice_request
Can you help me learn Unit Conversion Within a System?,dc3d0d19-619e-51ac-ae6e-caab9a40a399,SKILL_34,Unit Conversion Within a System,math :: geometry & measurement :: unit conversion within a system,Geometry & Measurement,ontology_template,learning_request
What does Unit Conversion Within a System mean?,dc3d0d19-619e-51ac-ae6e-caab9a40a399,SKILL_34,Unit Conversion Within a System,math :: geometry & measurement :: unit conversion within a system,Geometry & Measurement,ontology_template,definition_request
Give me an example of Unit Conversion Within a System,dc3d0d19-619e-51ac-ae6e-caab9a40a399,SKILL_34,Unit Conversion Within a System,math :: geometry & measurement :: unit conversion within a system,Geometry & Measurement,ontology_template,example_request
How does Unit Conversion Within a System work in math?,dc3d0d19-619e-51ac-ae6e-caab9a40a399,SKILL_34,Unit Conversion Within a System,math :: geometry & measurement :: unit conversion within a system,Geometry & Measurement,ontology_template,concept_question
I am having trouble with Unit Conversion Within a System,dc3d0d19-619e-51ac-ae6e-caab9a40a399,SKILL_34,Unit Conversion Within a System,math :: geometry & measurement :: unit conversion within a system,Geometry & Measurement,ontology_template,struggle_statement
Can we review Unit Conversion Within a System together?,dc3d0d19-619e-51ac-ae6e-caab9a40a399,SKILL_34,Unit Conversion Within a System,math :: geometry & measurement :: unit conversion within a system,Geometry & Measurement,ontology_template,review_request
Explain the concept of Unit Conversion Within a System,dc3d0d19-619e-51ac-ae6e-caab9a40a399,SKILL_34,Unit Conversion Within a System,math :: geometry & measurement :: unit conversion within a system,Geometry & Measurement,ontology_template,explanation_request
What is the rule for Unit Conversion Within a System?,dc3d0d19-619e-51ac-ae6e-caab9a40a399,SKILL_34,Unit Conversion Within a System,math :: geometry & measurement :: unit conversion within a system,Geometry & Measurement,ontology_template,rule_question
Help me understand Unit Conversion Within a System,dc3d0d19-619e-51ac-ae6e-caab9a40a399,SKILL_34,Unit Conversion Within a System,math :: geometry & measurement :: unit conversion within a system,Geometry & Measurement,ontology_template,help_request
Teach me about Unit Conversion Within a System,dc3d0d19-619e-51ac-ae6e-caab9a40a399,SKILL_34,Unit Conversion Within a System,math :: geometry & measurement :: unit conversion within a system,Geometry & Measurement,ontology_template,learning_request
How do you calculate Unit Conversion Within a System?,dc3d0d19-619e-51ac-ae6e-caab9a40a399,SKILL_34,Unit Conversion Within a System,math :: geometry & measurement :: unit conversion within a system,Geometry & Measurement,ontology_template,calculation_question
Unit Conversion Within a System,dc3d0d19-619e-51ac-ae6e-caab9a40a399,SKILL_34,Unit Conversion Within a System,math :: geometry & measurement :: unit conversion within a system,Geometry & Measurement,ontology_template,direct_mention
I need help with Effect of Changing Dimensions of a Shape Prportionally,a271865d-190c-5868-aad3-12e54734e2dd,SKILL_35,Effect of Changing Dimensions of a Shape Prportionally,math :: geometry & measurement :: effect of changing dimensions of a shape prportionally,Geometry & Measurement,ontology_template,help_request
Can you explain Effect of Changing Dimensions of a Shape Prportionally?,a271865d-190c-5868-aad3-12e54734e2dd,SKILL_35,Effect of Changing Dimensions of a Shape Prportionally,math :: geometry & measurement :: effect of changing dimensions of a shape prportionally,Geometry & Measurement,ontology_template,explanation_request
How do I solve problems about Effect of Changing Dimensions of a Shape Prportionally?,a271865d-190c-5868-aad3-12e54734e2dd,SKILL_35,Effect of Changing Dimensions of a Shape Prportionally,math :: geometry & measurement :: effect of changing dimensions of a shape prportionally,Geometry & Measurement,ontology_template,problem_solving
I don't understand Effect of Changing Dimensions of a Shape Prportionally,a271865d-190c-5868-aad3-12e54734e2dd,SKILL_35,Effect of Changing Dimensions of a Shape Prportionally,math :: geometry & measurement :: effect of changing dimensions of a shape prportionally,Geometry & Measurement,ontology_template,misunderstanding_statement
Show me how Effect of Changing Dimensions of a Shape Prportionally works,a271865d-190c-5868-aad3-12e54734e2dd,SKILL_35,Effect of Changing Dimensions of a Shape Prportionally,math :: geometry & measurement :: effect of changing dimensions of a shape prportionally,Geometry & Measurement,ontology_template,instruction_request
I need to practice Effect of Changing Dimensions of a Shape Prportionally,a271865d-190c-5868-aad3-12e54734e2dd,SKILL_35,Effect of Changing Dimensions of a Shape Prportionally,math :: geometry & measurement :: effect of changing dimensions of a shape prportionally,Geometry & Measurement,ontology_template,practice_request
Can you help me learn Effect of Changing Dimensions of a Shape Prportionally?,a271865d-190c-5868-aad3-12e54734e2dd,SKILL_35,Effect of Changing Dimensions of a Shape Prportionally,math :: geometry & measurement :: effect of changing dimensions of a shape prportionally,Geometry & Measurement,ontology_template,learning_request
What does Effect of Changing Dimensions of a Shape Prportionally mean?,a271865d-190c-5868-aad3-12e54734e2dd,SKILL_35,Effect of Changing Dimensions of a Shape Prportionally,math :: geometry & measurement :: effect of changing dimensions of a shape prportionally,Geometry & Measurement,ontology_template,definition_request
Give me an example of Effect of Changing Dimensions of a Shape Prportionally,a271865d-190c-5868-aad3-12e54734e2dd,SKILL_35,Effect of Changing Dimensions of a Shape Prportionally,math :: geometry & measurement :: effect of changing dimensions of a shape prportionally,Geometry & Measurement,ontology_template,example_request
How does Effect of Changing Dimensions of a Shape Prportionally work in math?,a271865d-190c-5868-aad3-12e54734e2dd,SKILL_35,Effect of Changing Dimensions of a Shape Prportionally,math :: geometry & measurement :: effect of changing dimensions of a shape prportionally,Geometry & Measurement,ontology_template,concept_question
I am having trouble with Effect of Changing Dimensions of a Shape Prportionally,a271865d-190c-5868-aad3-12e54734e2dd,SKILL_35,Effect of Changing Dimensions of a Shape Prportionally,math :: geometry & measurement :: effect of changing dimensions of a shape prportionally,Geometry & Measurement,ontology_template,struggle_statement
Can we review Effect of Changing Dimensions of a Shape Prportionally together?,a271865d-190c-5868-aad3-12e54734e2dd,SKILL_35,Effect of Changing Dimensions of a Shape Prportionally,math :: geometry & measurement :: effect of changing dimensions of a shape prportionally,Geometry & Measurement,ontology_template,review_request
Explain the concept of Effect of Changing Dimensions of a Shape Prportionally,a271865d-190c-5868-aad3-12e54734e2dd,SKILL_35,Effect of Changing Dimensions of a Shape Prportionally,math :: geometry & measurement :: effect of changing dimensions of a shape prportionally,Geometry & Measurement,ontology_template,explanation_request
What is the rule for Effect of Changing Dimensions of a Shape Prportionally?,a271865d-190c-5868-aad3-12e54734e2dd,SKILL_35,Effect of Changing Dimensions of a Shape Prportionally,math :: geometry & measurement :: effect of changing dimensions of a shape prportionally,Geometry & Measurement,ontology_template,rule_question
Help me understand Effect of Changing Dimensions of a Shape Prportionally,a271865d-190c-5868-aad3-12e54734e2dd,SKILL_35,Effect of Changing Dimensions of a Shape Prportionally,math :: geometry & measurement :: effect of changing dimensions of a shape prportionally,Geometry & Measurement,ontology_template,help_request
Teach me about Effect of Changing Dimensions of a Shape Prportionally,a271865d-190c-5868-aad3-12e54734e2dd,SKILL_35,Effect of Changing Dimensions of a Shape Prportionally,math :: geometry & measurement :: effect of changing dimensions of a shape prportionally,Geometry & Measurement,ontology_template,learning_request
How do you calculate Effect of Changing Dimensions of a Shape Prportionally?,a271865d-190c-5868-aad3-12e54734e2dd,SKILL_35,Effect of Changing Dimensions of a Shape Prportionally,math :: geometry & measurement :: effect of changing dimensions of a shape prportionally,Geometry & Measurement,ontology_template,calculation_question
Effect of Changing Dimensions of a Shape Prportionally,a271865d-190c-5868-aad3-12e54734e2dd,SKILL_35,Effect of Changing Dimensions of a Shape Prportionally,math :: geometry & measurement :: effect of changing dimensions of a shape prportionally,Geometry & Measurement,ontology_template,direct_mention
I need help with Area Circle,a6ab2d2f-4cb1-5519-b7e8-c13ba1683a14,SKILL_39,Area Circle,math :: geometry & measurement :: area circle,Geometry & Measurement,ontology_template,help_request
Can you explain Area Circle?,a6ab2d2f-4cb1-5519-b7e8-c13ba1683a14,SKILL_39,Area Circle,math :: geometry & measurement :: area circle,Geometry & Measurement,ontology_template,explanation_request
How do I solve problems about Area Circle?,a6ab2d2f-4cb1-5519-b7e8-c13ba1683a14,SKILL_39,Area Circle,math :: geometry & measurement :: area circle,Geometry & Measurement,ontology_template,problem_solving
I don't understand Area Circle,a6ab2d2f-4cb1-5519-b7e8-c13ba1683a14,SKILL_39,Area Circle,math :: geometry & measurement :: area circle,Geometry & Measurement,ontology_template,misunderstanding_statement
Show me how Area Circle works,a6ab2d2f-4cb1-5519-b7e8-c13ba1683a14,SKILL_39,Area Circle,math :: geometry & measurement :: area circle,Geometry & Measurement,ontology_template,instruction_request
I need to practice Area Circle,a6ab2d2f-4cb1-5519-b7e8-c13ba1683a14,SKILL_39,Area Circle,math :: geometry & measurement :: area circle,Geometry & Measurement,ontology_template,practice_request
Can you help me learn Area Circle?,a6ab2d2f-4cb1-5519-b7e8-c13ba1683a14,SKILL_39,Area Circle,math :: geometry & measurement :: area circle,Geometry & Measurement,ontology_template,learning_request
What does Area Circle mean?,a6ab2d2f-4cb1-5519-b7e8-c13ba1683a14,SKILL_39,Area Circle,math :: geometry & measurement :: area circle,Geometry & Measurement,ontology_template,definition_request
Give me an example of Area Circle,a6ab2d2f-4cb1-5519-b7e8-c13ba1683a14,SKILL_39,Area Circle,math :: geometry & measurement :: area circle,Geometry & Measurement,ontology_template,example_request
How does Area Circle work in math?,a6ab2d2f-4cb1-5519-b7e8-c13ba1683a14,SKILL_39,Area Circle,math :: geometry & measurement :: area circle,Geometry & Measurement,ontology_template,concept_question
I am having trouble with Area Circle,a6ab2d2f-4cb1-5519-b7e8-c13ba1683a14,SKILL_39,Area Circle,math :: geometry & measurement :: area circle,Geometry & Measurement,ontology_template,struggle_statement
Can we review Area Circle together?,a6ab2d2f-4cb1-5519-b7e8-c13ba1683a14,SKILL_39,Area Circle,math :: geometry & measurement :: area circle,Geometry & Measurement,ontology_template,review_request
Explain the concept of Area Circle,a6ab2d2f-4cb1-5519-b7e8-c13ba1683a14,SKILL_39,Area Circle,math :: geometry & measurement :: area circle,Geometry & Measurement,ontology_template,explanation_request
What is the rule for Area Circle?,a6ab2d2f-4cb1-5519-b7e8-c13ba1683a14,SKILL_39,Area Circle,math :: geometry & measurement :: area circle,Geometry & Measurement,ontology_template,rule_question
Help me understand Area Circle,a6ab2d2f-4cb1-5519-b7e8-c13ba1683a14,SKILL_39,Area Circle,math :: geometry & measurement :: area circle,Geometry & Measurement,ontology_template,help_request
Teach me about Area Circle,a6ab2d2f-4cb1-5519-b7e8-c13ba1683a14,SKILL_39,Area Circle,math :: geometry & measurement :: area circle,Geometry & Measurement,ontology_template,learning_request
How do you calculate Area Circle?,a6ab2d2f-4cb1-5519-b7e8-c13ba1683a14,SKILL_39,Area Circle,math :: geometry & measurement :: area circle,Geometry & Measurement,ontology_template,calculation_question
Area Circle,a6ab2d2f-4cb1-5519-b7e8-c13ba1683a14,SKILL_39,Area Circle,math :: geometry & measurement :: area circle,Geometry & Measurement,ontology_template,direct_mention
I need help with Circumference,bed6bdab-3948-5027-b11b-23f22e4e2d36,SKILL_40,Circumference,math :: geometry & measurement :: circumference,Geometry & Measurement,ontology_template,help_request
Can you explain Circumference?,bed6bdab-3948-5027-b11b-23f22e4e2d36,SKILL_40,Circumference,math :: geometry & measurement :: circumference,Geometry & Measurement,ontology_template,explanation_request
How do I solve problems about Circumference?,bed6bdab-3948-5027-b11b-23f22e4e2d36,SKILL_40,Circumference,math :: geometry & measurement :: circumference,Geometry & Measurement,ontology_template,problem_solving
I don't understand Circumference,bed6bdab-3948-5027-b11b-23f22e4e2d36,SKILL_40,Circumference,math :: geometry & measurement :: circumference,Geometry & Measurement,ontology_template,misunderstanding_statement
Show me how Circumference works,bed6bdab-3948-5027-b11b-23f22e4e2d36,SKILL_40,Circumference,math :: geometry & measurement :: circumference,Geometry & Measurement,ontology_template,instruction_request
I need to practice Circumference,bed6bdab-3948-5027-b11b-23f22e4e2d36,SKILL_40,Circumference,math :: geometry & measurement :: circumference,Geometry & Measurement,ontology_template,practice_request
Can you help me learn Circumference?,bed6bdab-3948-5027-b11b-23f22e4e2d36,SKILL_40,Circumference,math :: geometry & measurement :: circumference,Geometry & Measurement,ontology_template,learning_request
What does Circumference mean?,bed6bdab-3948-5027-b11b-23f22e4e2d36,SKILL_40,Circumference,math :: geometry & measurement :: circumference,Geometry & Measurement,ontology_template,definition_request
Give me an example of Circumference,bed6bdab-3948-5027-b11b-23f22e4e2d36,SKILL_40,Circumference,math :: geometry & measurement :: circumference,Geometry & Measurement,ontology_template,example_request
How does Circumference work in math?,bed6bdab-3948-5027-b11b-23f22e4e2d36,SKILL_40,Circumference,math :: geometry & measurement :: circumference,Geometry & Measurement,ontology_template,concept_question
I am having trouble with Circumference,bed6bdab-3948-5027-b11b-23f22e4e2d36,SKILL_40,Circumference,math :: geometry & measurement :: circumference,Geometry & Measurement,ontology_template,struggle_statement
Can we review Circumference together?,bed6bdab-3948-5027-b11b-23f22e4e2d36,SKILL_40,Circumference,math :: geometry & measurement :: circumference,Geometry & Measurement,ontology_template,review_request
Explain the concept of Circumference,bed6bdab-3948-5027-b11b-23f22e4e2d36,SKILL_40,Circumference,math :: geometry & measurement :: circumference,Geometry & Measurement,ontology_template,explanation_request
What is the rule for Circumference?,bed6bdab-3948-5027-b11b-23f22e4e2d36,SKILL_40,Circumference,math :: geometry & measurement :: circumference,Geometry & Measurement,ontology_template,rule_question
Help me understand Circumference,bed6bdab-3948-5027-b11b-23f22e4e2d36,SKILL_40,Circumference,math :: geometry & measurement :: circumference,Geometry & Measurement,ontology_template,help_request
Teach me about Circumference,bed6bdab-3948-5027-b11b-23f22e4e2d36,SKILL_40,Circumference,math :: geometry & measurement :: circumference,Geometry & Measurement,ontology_template,learning_request
How do you calculate Circumference?,bed6bdab-3948-5027-b11b-23f22e4e2d36,SKILL_40,Circumference,math :: geometry & measurement :: circumference,Geometry & Measurement,ontology_template,calculation_question
Circumference,bed6bdab-3948-5027-b11b-23f22e4e2d36,SKILL_40,Circumference,math :: geometry & measurement :: circumference,Geometry & Measurement,ontology_template,direct_mention
I need help with Perimeter of a Polygon,1ee70505-78f5-5046-8b6f-488092ef76f8,SKILL_42,Perimeter of a Polygon,math :: geometry & measurement :: perimeter of a polygon,Geometry & Measurement,ontology_template,help_request
Can you explain Perimeter of a Polygon?,1ee70505-78f5-5046-8b6f-488092ef76f8,SKILL_42,Perimeter of a Polygon,math :: geometry & measurement :: perimeter of a polygon,Geometry & Measurement,ontology_template,explanation_request
How do I solve problems about Perimeter of a Polygon?,1ee70505-78f5-5046-8b6f-488092ef76f8,SKILL_42,Perimeter of a Polygon,math :: geometry & measurement :: perimeter of a polygon,Geometry & Measurement,ontology_template,problem_solving
I don't understand Perimeter of a Polygon,1ee70505-78f5-5046-8b6f-488092ef76f8,SKILL_42,Perimeter of a Polygon,math :: geometry & measurement :: perimeter of a polygon,Geometry & Measurement,ontology_template,misunderstanding_statement
Show me how Perimeter of a Polygon works,1ee70505-78f5-5046-8b6f-488092ef76f8,SKILL_42,Perimeter of a Polygon,math :: geometry & measurement :: perimeter of a polygon,Geometry & Measurement,ontology_template,instruction_request
I need to practice Perimeter of a Polygon,1ee70505-78f5-5046-8b6f-488092ef76f8,SKILL_42,Perimeter of a Polygon,math :: geometry & measurement :: perimeter of a polygon,Geometry & Measurement,ontology_template,practice_request
Can you help me learn Perimeter of a Polygon?,1ee70505-78f5-5046-8b6f-488092ef76f8,SKILL_42,Perimeter of a Polygon,math :: geometry & measurement :: perimeter of a polygon,Geometry & Measurement,ontology_template,learning_request
What does Perimeter of a Polygon mean?,1ee70505-78f5-5046-8b6f-488092ef76f8,SKILL_42,Perimeter of a Polygon,math :: geometry & measurement :: perimeter of a polygon,Geometry & Measurement,ontology_template,definition_request
Give me an example of Perimeter of a Polygon,1ee70505-78f5-5046-8b6f-488092ef76f8,SKILL_42,Perimeter of a Polygon,math :: geometry & measurement :: perimeter of a polygon,Geometry & Measurement,ontology_template,example_request
How does Perimeter of a Polygon work in math?,1ee70505-78f5-5046-8b6f-488092ef76f8,SKILL_42,Perimeter of a Polygon,math :: geometry & measurement :: perimeter of a polygon,Geometry & Measurement,ontology_template,concept_question
I am having trouble with Perimeter of a Polygon,1ee70505-78f5-5046-8b6f-488092ef76f8,SKILL_42,Perimeter of a Polygon,math :: geometry & measurement :: perimeter of a polygon,Geometry & Measurement,ontology_template,struggle_statement
Can we review Perimeter of a Polygon together?,1ee70505-78f5-5046-8b6f-488092ef76f8,SKILL_42,Perimeter of a Polygon,math :: geometry & measurement :: perimeter of a polygon,Geometry & Measurement,ontology_template,review_request
Explain the concept of Perimeter of a Polygon,1ee70505-78f5-5046-8b6f-488092ef76f8,SKILL_42,Perimeter of a Polygon,math :: geometry & measurement :: perimeter of a polygon,Geometry & Measurement,ontology_template,explanation_request
What is the rule for Perimeter of a Polygon?,1ee70505-78f5-5046-8b6f-488092ef76f8,SKILL_42,Perimeter of a Polygon,math :: geometry & measurement :: perimeter of a polygon,Geometry & Measurement,ontology_template,rule_question
Help me understand Perimeter of a Polygon,1ee70505-78f5-5046-8b6f-488092ef76f8,SKILL_42,Perimeter of a Polygon,math :: geometry & measurement :: perimeter of a polygon,Geometry & Measurement,ontology_template,help_request
Teach me about Perimeter of a Polygon,1ee70505-78f5-5046-8b6f-488092ef76f8,SKILL_42,Perimeter of a Polygon,math :: geometry & measurement :: perimeter of a polygon,Geometry & Measurement,ontology_template,learning_request
How do you calculate Perimeter of a Polygon?,1ee70505-78f5-5046-8b6f-488092ef76f8,SKILL_42,Perimeter of a Polygon,math :: geometry & measurement :: perimeter of a polygon,Geometry & Measurement,ontology_template,calculation_question
Perimeter of a Polygon,1ee70505-78f5-5046-8b6f-488092ef76f8,SKILL_42,Perimeter of a Polygon,math :: geometry & measurement :: perimeter of a polygon,Geometry & Measurement,ontology_template,direct_mention
I need help with Reading a Ruler or Scale,f7ecc4ab-2963-526c-b82d-9c1f8bd0d910,SKILL_43,Reading a Ruler or Scale,math :: geometry & measurement :: reading a ruler or scale,Geometry & Measurement,ontology_template,help_request
Can you explain Reading a Ruler or Scale?,f7ecc4ab-2963-526c-b82d-9c1f8bd0d910,SKILL_43,Reading a Ruler or Scale,math :: geometry & measurement :: reading a ruler or scale,Geometry & Measurement,ontology_template,explanation_request
How do I solve problems about Reading a Ruler or Scale?,f7ecc4ab-2963-526c-b82d-9c1f8bd0d910,SKILL_43,Reading a Ruler or Scale,math :: geometry & measurement :: reading a ruler or scale,Geometry & Measurement,ontology_template,problem_solving
I don't understand Reading a Ruler or Scale,f7ecc4ab-2963-526c-b82d-9c1f8bd0d910,SKILL_43,Reading a Ruler or Scale,math :: geometry & measurement :: reading a ruler or scale,Geometry & Measurement,ontology_template,misunderstanding_statement
Show me how Reading a Ruler or Scale works,f7ecc4ab-2963-526c-b82d-9c1f8bd0d910,SKILL_43,Reading a Ruler or Scale,math :: geometry & measurement :: reading a ruler or scale,Geometry & Measurement,ontology_template,instruction_request
I need to practice Reading a Ruler or Scale,f7ecc4ab-2963-526c-b82d-9c1f8bd0d910,SKILL_43,Reading a Ruler or Scale,math :: geometry & measurement :: reading a ruler or scale,Geometry & Measurement,ontology_template,practice_request
Can you help me learn Reading a Ruler or Scale?,f7ecc4ab-2963-526c-b82d-9c1f8bd0d910,SKILL_43,Reading a Ruler or Scale,math :: geometry & measurement :: reading a ruler or scale,Geometry & Measurement,ontology_template,learning_request
What does Reading a Ruler or Scale mean?,f7ecc4ab-2963-526c-b82d-9c1f8bd0d910,SKILL_43,Reading a Ruler or Scale,math :: geometry & measurement :: reading a ruler or scale,Geometry & Measurement,ontology_template,definition_request
Give me an example of Reading a Ruler or Scale,f7ecc4ab-2963-526c-b82d-9c1f8bd0d910,SKILL_43,Reading a Ruler or Scale,math :: geometry & measurement :: reading a ruler or scale,Geometry & Measurement,ontology_template,example_request
How does Reading a Ruler or Scale work in math?,f7ecc4ab-2963-526c-b82d-9c1f8bd0d910,SKILL_43,Reading a Ruler or Scale,math :: geometry & measurement :: reading a ruler or scale,Geometry & Measurement,ontology_template,concept_question
I am having trouble with Reading a Ruler or Scale,f7ecc4ab-2963-526c-b82d-9c1f8bd0d910,SKILL_43,Reading a Ruler or Scale,math :: geometry & measurement :: reading a ruler or scale,Geometry & Measurement,ontology_template,struggle_statement
Can we review Reading a Ruler or Scale together?,f7ecc4ab-2963-526c-b82d-9c1f8bd0d910,SKILL_43,Reading a Ruler or Scale,math :: geometry & measurement :: reading a ruler or scale,Geometry & Measurement,ontology_template,review_request
Explain the concept of Reading a Ruler or Scale,f7ecc4ab-2963-526c-b82d-9c1f8bd0d910,SKILL_43,Reading a Ruler or Scale,math :: geometry & measurement :: reading a ruler or scale,Geometry & Measurement,ontology_template,explanation_request
What is the rule for Reading a Ruler or Scale?,f7ecc4ab-2963-526c-b82d-9c1f8bd0d910,SKILL_43,Reading a Ruler or Scale,math :: geometry & measurement :: reading a ruler or scale,Geometry & Measurement,ontology_template,rule_question
Help me understand Reading a Ruler or Scale,f7ecc4ab-2963-526c-b82d-9c1f8bd0d910,SKILL_43,Reading a Ruler or Scale,math :: geometry & measurement :: reading a ruler or scale,Geometry & Measurement,ontology_template,help_request
Teach me about Reading a Ruler or Scale,f7ecc4ab-2963-526c-b82d-9c1f8bd0d910,SKILL_43,Reading a Ruler or Scale,math :: geometry & measurement :: reading a ruler or scale,Geometry & Measurement,ontology_template,learning_request
How do you calculate Reading a Ruler or Scale?,f7ecc4ab-2963-526c-b82d-9c1f8bd0d910,SKILL_43,Reading a Ruler or Scale,math :: geometry & measurement :: reading a ruler or scale,Geometry & Measurement,ontology_template,calculation_question
Reading a Ruler or Scale,f7ecc4ab-2963-526c-b82d-9c1f8bd0d910,SKILL_43,Reading a Ruler or Scale,math :: geometry & measurement :: reading a ruler or scale,Geometry & Measurement,ontology_template,direct_mention
I need help with Calculations with Similar Figures,ca45ede8-f677-5863-bb3a-7ea6a196fc1e,SKILL_46,Calculations with Similar Figures,math :: geometry & measurement :: calculations with similar figures,Geometry & Measurement,ontology_template,help_request
Can you explain Calculations with Similar Figures?,ca45ede8-f677-5863-bb3a-7ea6a196fc1e,SKILL_46,Calculations with Similar Figures,math :: geometry & measurement :: calculations with similar figures,Geometry & Measurement,ontology_template,explanation_request
How do I solve problems about Calculations with Similar Figures?,ca45ede8-f677-5863-bb3a-7ea6a196fc1e,SKILL_46,Calculations with Similar Figures,math :: geometry & measurement :: calculations with similar figures,Geometry & Measurement,ontology_template,problem_solving
I don't understand Calculations with Similar Figures,ca45ede8-f677-5863-bb3a-7ea6a196fc1e,SKILL_46,Calculations with Similar Figures,math :: geometry & measurement :: calculations with similar figures,Geometry & Measurement,ontology_template,misunderstanding_statement
Show me how Calculations with Similar Figures works,ca45ede8-f677-5863-bb3a-7ea6a196fc1e,SKILL_46,Calculations with Similar Figures,math :: geometry & measurement :: calculations with similar figures,Geometry & Measurement,ontology_template,instruction_request
I need to practice Calculations with Similar Figures,ca45ede8-f677-5863-bb3a-7ea6a196fc1e,SKILL_46,Calculations with Similar Figures,math :: geometry & measurement :: calculations with similar figures,Geometry & Measurement,ontology_template,practice_request
Can you help me learn Calculations with Similar Figures?,ca45ede8-f677-5863-bb3a-7ea6a196fc1e,SKILL_46,Calculations with Similar Figures,math :: geometry & measurement :: calculations with similar figures,Geometry & Measurement,ontology_template,learning_request
What does Calculations with Similar Figures mean?,ca45ede8-f677-5863-bb3a-7ea6a196fc1e,SKILL_46,Calculations with Similar Figures,math :: geometry & measurement :: calculations with similar figures,Geometry & Measurement,ontology_template,definition_request
Give me an example of Calculations with Similar Figures,ca45ede8-f677-5863-bb3a-7ea6a196fc1e,SKILL_46,Calculations with Similar Figures,math :: geometry & measurement :: calculations with similar figures,Geometry & Measurement,ontology_template,example_request
How does Calculations with Similar Figures work in math?,ca45ede8-f677-5863-bb3a-7ea6a196fc1e,SKILL_46,Calculations with Similar Figures,math :: geometry & measurement :: calculations with similar figures,Geometry & Measurement,ontology_template,concept_question
I am having trouble with Calculations with Similar Figures,ca45ede8-f677-5863-bb3a-7ea6a196fc1e,SKILL_46,Calculations with Similar Figures,math :: geometry & measurement :: calculations with similar figures,Geometry & Measurement,ontology_template,struggle_statement
Can we review Calculations with Similar Figures together?,ca45ede8-f677-5863-bb3a-7ea6a196fc1e,SKILL_46,Calculations with Similar Figures,math :: geometry & measurement :: calculations with similar figures,Geometry & Measurement,ontology_template,review_request
Explain the concept of Calculations with Similar Figures,ca45ede8-f677-5863-bb3a-7ea6a196fc1e,SKILL_46,Calculations with Similar Figures,math :: geometry & measurement :: calculations with similar figures,Geometry & Measurement,ontology_template,explanation_request
What is the rule for Calculations with Similar Figures?,ca45ede8-f677-5863-bb3a-7ea6a196fc1e,SKILL_46,Calculations with Similar Figures,math :: geometry & measurement :: calculations with similar figures,Geometry & Measurement,ontology_template,rule_question
Help me understand Calculations with Similar Figures,ca45ede8-f677-5863-bb3a-7ea6a196fc1e,SKILL_46,Calculations with Similar Figures,math :: geometry & measurement :: calculations with similar figures,Geometry & Measurement,ontology_template,help_request
Teach me about Calculations with Similar Figures,ca45ede8-f677-5863-bb3a-7ea6a196fc1e,SKILL_46,Calculations with Similar Figures,math :: geometry & measurement :: calculations with similar figures,Geometry & Measurement,ontology_template,learning_request
How do you calculate Calculations with Similar Figures?,ca45ede8-f677-5863-bb3a-7ea6a196fc1e,SKILL_46,Calculations with Similar Figures,math :: geometry & measurement :: calculations with similar figures,Geometry & Measurement,ontology_template,calculation_question
Calculations with Similar Figures,ca45ede8-f677-5863-bb3a-7ea6a196fc1e,SKILL_46,Calculations with Similar Figures,math :: geometry & measurement :: calculations with similar figures,Geometry & Measurement,ontology_template,direct_mention
I need help with Conversion of Fraction Decimals Percents,3ba08c70-a312-53a9-a076-00d950c445a1,SKILL_47,Conversion of Fraction Decimals Percents,math :: proportional reasoning & percents :: conversion of fraction decimals percents,Proportional Reasoning & Percents,ontology_template,help_request
Can you explain Conversion of Fraction Decimals Percents?,3ba08c70-a312-53a9-a076-00d950c445a1,SKILL_47,Conversion of Fraction Decimals Percents,math :: proportional reasoning & percents :: conversion of fraction decimals percents,Proportional Reasoning & Percents,ontology_template,explanation_request
How do I solve problems about Conversion of Fraction Decimals Percents?,3ba08c70-a312-53a9-a076-00d950c445a1,SKILL_47,Conversion of Fraction Decimals Percents,math :: proportional reasoning & percents :: conversion of fraction decimals percents,Proportional Reasoning & Percents,ontology_template,problem_solving
I don't understand Conversion of Fraction Decimals Percents,3ba08c70-a312-53a9-a076-00d950c445a1,SKILL_47,Conversion of Fraction Decimals Percents,math :: proportional reasoning & percents :: conversion of fraction decimals percents,Proportional Reasoning & Percents,ontology_template,misunderstanding_statement
Show me how Conversion of Fraction Decimals Percents works,3ba08c70-a312-53a9-a076-00d950c445a1,SKILL_47,Conversion of Fraction Decimals Percents,math :: proportional reasoning & percents :: conversion of fraction decimals percents,Proportional Reasoning & Percents,ontology_template,instruction_request
I need to practice Conversion of Fraction Decimals Percents,3ba08c70-a312-53a9-a076-00d950c445a1,SKILL_47,Conversion of Fraction Decimals Percents,math :: proportional reasoning & percents :: conversion of fraction decimals percents,Proportional Reasoning & Percents,ontology_template,practice_request
Can you help me learn Conversion of Fraction Decimals Percents?,3ba08c70-a312-53a9-a076-00d950c445a1,SKILL_47,Conversion of Fraction Decimals Percents,math :: proportional reasoning & percents :: conversion of fraction decimals percents,Proportional Reasoning & Percents,ontology_template,learning_request
What does Conversion of Fraction Decimals Percents mean?,3ba08c70-a312-53a9-a076-00d950c445a1,SKILL_47,Conversion of Fraction Decimals Percents,math :: proportional reasoning & percents :: conversion of fraction decimals percents,Proportional Reasoning & Percents,ontology_template,definition_request
Give me an example of Conversion of Fraction Decimals Percents,3ba08c70-a312-53a9-a076-00d950c445a1,SKILL_47,Conversion of Fraction Decimals Percents,math :: proportional reasoning & percents :: conversion of fraction decimals percents,Proportional Reasoning & Percents,ontology_template,example_request
How does Conversion of Fraction Decimals Percents work in math?,3ba08c70-a312-53a9-a076-00d950c445a1,SKILL_47,Conversion of Fraction Decimals Percents,math :: proportional reasoning & percents :: conversion of fraction decimals percents,Proportional Reasoning & Percents,ontology_template,concept_question
I am having trouble with Conversion of Fraction Decimals Percents,3ba08c70-a312-53a9-a076-00d950c445a1,SKILL_47,Conversion of Fraction Decimals Percents,math :: proportional reasoning & percents :: conversion of fraction decimals percents,Proportional Reasoning & Percents,ontology_template,struggle_statement
Can we review Conversion of Fraction Decimals Percents together?,3ba08c70-a312-53a9-a076-00d950c445a1,SKILL_47,Conversion of Fraction Decimals Percents,math :: proportional reasoning & percents :: conversion of fraction decimals percents,Proportional Reasoning & Percents,ontology_template,review_request
Explain the concept of Conversion of Fraction Decimals Percents,3ba08c70-a312-53a9-a076-00d950c445a1,SKILL_47,Conversion of Fraction Decimals Percents,math :: proportional reasoning & percents :: conversion of fraction decimals percents,Proportional Reasoning & Percents,ontology_template,explanation_request
What is the rule for Conversion of Fraction Decimals Percents?,3ba08c70-a312-53a9-a076-00d950c445a1,SKILL_47,Conversion of Fraction Decimals Percents,math :: proportional reasoning & percents :: conversion of fraction decimals percents,Proportional Reasoning & Percents,ontology_template,rule_question
Help me understand Conversion of Fraction Decimals Percents,3ba08c70-a312-53a9-a076-00d950c445a1,SKILL_47,Conversion of Fraction Decimals Percents,math :: proportional reasoning & percents :: conversion of fraction decimals percents,Proportional Reasoning & Percents,ontology_template,help_request
Teach me about Conversion of Fraction Decimals Percents,3ba08c70-a312-53a9-a076-00d950c445a1,SKILL_47,Conversion of Fraction Decimals Percents,math :: proportional reasoning & percents :: conversion of fraction decimals percents,Proportional Reasoning & Percents,ontology_template,learning_request
How do you calculate Conversion of Fraction Decimals Percents?,3ba08c70-a312-53a9-a076-00d950c445a1,SKILL_47,Conversion of Fraction Decimals Percents,math :: proportional reasoning & percents :: conversion of fraction decimals percents,Proportional Reasoning & Percents,ontology_template,calculation_question
Conversion of Fraction Decimals Percents,3ba08c70-a312-53a9-a076-00d950c445a1,SKILL_47,Conversion of Fraction Decimals Percents,math :: proportional reasoning & percents :: conversion of fraction decimals percents,Proportional Reasoning & Percents,ontology_template,direct_mention
I need help with Equivalent Fractions,5f2dbe6c-1fad-5ebd-9391-4a32553be163,SKILL_48,Equivalent Fractions,math :: number sense & operations :: equivalent fractions,Number Sense & Operations,ontology_template,help_request
Can you explain Equivalent Fractions?,5f2dbe6c-1fad-5ebd-9391-4a32553be163,SKILL_48,Equivalent Fractions,math :: number sense & operations :: equivalent fractions,Number Sense & Operations,ontology_template,explanation_request
How do I solve problems about Equivalent Fractions?,5f2dbe6c-1fad-5ebd-9391-4a32553be163,SKILL_48,Equivalent Fractions,math :: number sense & operations :: equivalent fractions,Number Sense & Operations,ontology_template,problem_solving
I don't understand Equivalent Fractions,5f2dbe6c-1fad-5ebd-9391-4a32553be163,SKILL_48,Equivalent Fractions,math :: number sense & operations :: equivalent fractions,Number Sense & Operations,ontology_template,misunderstanding_statement
Show me how Equivalent Fractions works,5f2dbe6c-1fad-5ebd-9391-4a32553be163,SKILL_48,Equivalent Fractions,math :: number sense & operations :: equivalent fractions,Number Sense & Operations,ontology_template,instruction_request
I need to practice Equivalent Fractions,5f2dbe6c-1fad-5ebd-9391-4a32553be163,SKILL_48,Equivalent Fractions,math :: number sense & operations :: equivalent fractions,Number Sense & Operations,ontology_template,practice_request
Can you help me learn Equivalent Fractions?,5f2dbe6c-1fad-5ebd-9391-4a32553be163,SKILL_48,Equivalent Fractions,math :: number sense & operations :: equivalent fractions,Number Sense & Operations,ontology_template,learning_request
What does Equivalent Fractions mean?,5f2dbe6c-1fad-5ebd-9391-4a32553be163,SKILL_48,Equivalent Fractions,math :: number sense & operations :: equivalent fractions,Number Sense & Operations,ontology_template,definition_request
Give me an example of Equivalent Fractions,5f2dbe6c-1fad-5ebd-9391-4a32553be163,SKILL_48,Equivalent Fractions,math :: number sense & operations :: equivalent fractions,Number Sense & Operations,ontology_template,example_request
How does Equivalent Fractions work in math?,5f2dbe6c-1fad-5ebd-9391-4a32553be163,SKILL_48,Equivalent Fractions,math :: number sense & operations :: equivalent fractions,Number Sense & Operations,ontology_template,concept_question
I am having trouble with Equivalent Fractions,5f2dbe6c-1fad-5ebd-9391-4a32553be163,SKILL_48,Equivalent Fractions,math :: number sense & operations :: equivalent fractions,Number Sense & Operations,ontology_template,struggle_statement
Can we review Equivalent Fractions together?,5f2dbe6c-1fad-5ebd-9391-4a32553be163,SKILL_48,Equivalent Fractions,math :: number sense & operations :: equivalent fractions,Number Sense & Operations,ontology_template,review_request
Explain the concept of Equivalent Fractions,5f2dbe6c-1fad-5ebd-9391-4a32553be163,SKILL_48,Equivalent Fractions,math :: number sense & operations :: equivalent fractions,Number Sense & Operations,ontology_template,explanation_request
What is the rule for Equivalent Fractions?,5f2dbe6c-1fad-5ebd-9391-4a32553be163,SKILL_48,Equivalent Fractions,math :: number sense & operations :: equivalent fractions,Number Sense & Operations,ontology_template,rule_question
Help me understand Equivalent Fractions,5f2dbe6c-1fad-5ebd-9391-4a32553be163,SKILL_48,Equivalent Fractions,math :: number sense & operations :: equivalent fractions,Number Sense & Operations,ontology_template,help_request
Teach me about Equivalent Fractions,5f2dbe6c-1fad-5ebd-9391-4a32553be163,SKILL_48,Equivalent Fractions,math :: number sense & operations :: equivalent fractions,Number Sense & Operations,ontology_template,learning_request
How do you calculate Equivalent Fractions?,5f2dbe6c-1fad-5ebd-9391-4a32553be163,SKILL_48,Equivalent Fractions,math :: number sense & operations :: equivalent fractions,Number Sense & Operations,ontology_template,calculation_question
Equivalent Fractions,5f2dbe6c-1fad-5ebd-9391-4a32553be163,SKILL_48,Equivalent Fractions,math :: number sense & operations :: equivalent fractions,Number Sense & Operations,ontology_template,direct_mention
I need help with Ordering Positive Decimals,1c71d474-d900-54d2-a6bc-ba24107c642d,SKILL_49,Ordering Positive Decimals,math :: number sense & operations :: ordering positive decimals,Number Sense & Operations,ontology_template,help_request
Can you explain Ordering Positive Decimals?,1c71d474-d900-54d2-a6bc-ba24107c642d,SKILL_49,Ordering Positive Decimals,math :: number sense & operations :: ordering positive decimals,Number Sense & Operations,ontology_template,explanation_request
How do I solve problems about Ordering Positive Decimals?,1c71d474-d900-54d2-a6bc-ba24107c642d,SKILL_49,Ordering Positive Decimals,math :: number sense & operations :: ordering positive decimals,Number Sense & Operations,ontology_template,problem_solving
I don't understand Ordering Positive Decimals,1c71d474-d900-54d2-a6bc-ba24107c642d,SKILL_49,Ordering Positive Decimals,math :: number sense & operations :: ordering positive decimals,Number Sense & Operations,ontology_template,misunderstanding_statement
Show me how Ordering Positive Decimals works,1c71d474-d900-54d2-a6bc-ba24107c642d,SKILL_49,Ordering Positive Decimals,math :: number sense & operations :: ordering positive decimals,Number Sense & Operations,ontology_template,instruction_request
I need to practice Ordering Positive Decimals,1c71d474-d900-54d2-a6bc-ba24107c642d,SKILL_49,Ordering Positive Decimals,math :: number sense & operations :: ordering positive decimals,Number Sense & Operations,ontology_template,practice_request
Can you help me learn Ordering Positive Decimals?,1c71d474-d900-54d2-a6bc-ba24107c642d,SKILL_49,Ordering Positive Decimals,math :: number sense & operations :: ordering positive decimals,Number Sense & Operations,ontology_template,learning_request
What does Ordering Positive Decimals mean?,1c71d474-d900-54d2-a6bc-ba24107c642d,SKILL_49,Ordering Positive Decimals,math :: number sense & operations :: ordering positive decimals,Number Sense & Operations,ontology_template,definition_request
Give me an example of Ordering Positive Decimals,1c71d474-d900-54d2-a6bc-ba24107c642d,SKILL_49,Ordering Positive Decimals,math :: number sense & operations :: ordering positive decimals,Number Sense & Operations,ontology_template,example_request
How does Ordering Positive Decimals work in math?,1c71d474-d900-54d2-a6bc-ba24107c642d,SKILL_49,Ordering Positive Decimals,math :: number sense & operations :: ordering positive decimals,Number Sense & Operations,ontology_template,concept_question
I am having trouble with Ordering Positive Decimals,1c71d474-d900-54d2-a6bc-ba24107c642d,SKILL_49,Ordering Positive Decimals,math :: number sense & operations :: ordering positive decimals,Number Sense & Operations,ontology_template,struggle_statement
Can we review Ordering Positive Decimals together?,1c71d474-d900-54d2-a6bc-ba24107c642d,SKILL_49,Ordering Positive Decimals,math :: number sense & operations :: ordering positive decimals,Number Sense & Operations,ontology_template,review_request
Explain the concept of Ordering Positive Decimals,1c71d474-d900-54d2-a6bc-ba24107c642d,SKILL_49,Ordering Positive Decimals,math :: number sense & operations :: ordering positive decimals,Number Sense & Operations,ontology_template,explanation_request
What is the rule for Ordering Positive Decimals?,1c71d474-d900-54d2-a6bc-ba24107c642d,SKILL_49,Ordering Positive Decimals,math :: number sense & operations :: ordering positive decimals,Number Sense & Operations,ontology_template,rule_question
Help me understand Ordering Positive Decimals,1c71d474-d900-54d2-a6bc-ba24107c642d,SKILL_49,Ordering Positive Decimals,math :: number sense & operations :: ordering positive decimals,Number Sense & Operations,ontology_template,help_request
Teach me about Ordering Positive Decimals,1c71d474-d900-54d2-a6bc-ba24107c642d,SKILL_49,Ordering Positive Decimals,math :: number sense & operations :: ordering positive decimals,Number Sense & Operations,ontology_template,learning_request
How do you calculate Ordering Positive Decimals?,1c71d474-d900-54d2-a6bc-ba24107c642d,SKILL_49,Ordering Positive Decimals,math :: number sense & operations :: ordering positive decimals,Number Sense & Operations,ontology_template,calculation_question
Ordering Positive Decimals,1c71d474-d900-54d2-a6bc-ba24107c642d,SKILL_49,Ordering Positive Decimals,math :: number sense & operations :: ordering positive decimals,Number Sense & Operations,ontology_template,direct_mention
I need help with Ordering Fractions,048ef00a-c0e8-5d83-912a-d5b89cdd3c61,SKILL_50,Ordering Fractions,math :: number sense & operations :: ordering fractions,Number Sense & Operations,ontology_template,help_request
Can you explain Ordering Fractions?,048ef00a-c0e8-5d83-912a-d5b89cdd3c61,SKILL_50,Ordering Fractions,math :: number sense & operations :: ordering fractions,Number Sense & Operations,ontology_template,explanation_request
How do I solve problems about Ordering Fractions?,048ef00a-c0e8-5d83-912a-d5b89cdd3c61,SKILL_50,Ordering Fractions,math :: number sense & operations :: ordering fractions,Number Sense & Operations,ontology_template,problem_solving
I don't understand Ordering Fractions,048ef00a-c0e8-5d83-912a-d5b89cdd3c61,SKILL_50,Ordering Fractions,math :: number sense & operations :: ordering fractions,Number Sense & Operations,ontology_template,misunderstanding_statement
Show me how Ordering Fractions works,048ef00a-c0e8-5d83-912a-d5b89cdd3c61,SKILL_50,Ordering Fractions,math :: number sense & operations :: ordering fractions,Number Sense & Operations,ontology_template,instruction_request
I need to practice Ordering Fractions,048ef00a-c0e8-5d83-912a-d5b89cdd3c61,SKILL_50,Ordering Fractions,math :: number sense & operations :: ordering fractions,Number Sense & Operations,ontology_template,practice_request
Can you help me learn Ordering Fractions?,048ef00a-c0e8-5d83-912a-d5b89cdd3c61,SKILL_50,Ordering Fractions,math :: number sense & operations :: ordering fractions,Number Sense & Operations,ontology_template,learning_request
What does Ordering Fractions mean?,048ef00a-c0e8-5d83-912a-d5b89cdd3c61,SKILL_50,Ordering Fractions,math :: number sense & operations :: ordering fractions,Number Sense & Operations,ontology_template,definition_request
Give me an example of Ordering Fractions,048ef00a-c0e8-5d83-912a-d5b89cdd3c61,SKILL_50,Ordering Fractions,math :: number sense & operations :: ordering fractions,Number Sense & Operations,ontology_template,example_request
How does Ordering Fractions work in math?,048ef00a-c0e8-5d83-912a-d5b89cdd3c61,SKILL_50,Ordering Fractions,math :: number sense & operations :: ordering fractions,Number Sense & Operations,ontology_template,concept_question
I am having trouble with Ordering Fractions,048ef00a-c0e8-5d83-912a-d5b89cdd3c61,SKILL_50,Ordering Fractions,math :: number sense & operations :: ordering fractions,Number Sense & Operations,ontology_template,struggle_statement
Can we review Ordering Fractions together?,048ef00a-c0e8-5d83-912a-d5b89cdd3c61,SKILL_50,Ordering Fractions,math :: number sense & operations :: ordering fractions,Number Sense & Operations,ontology_template,review_request
Explain the concept of Ordering Fractions,048ef00a-c0e8-5d83-912a-d5b89cdd3c61,SKILL_50,Ordering Fractions,math :: number sense & operations :: ordering fractions,Number Sense & Operations,ontology_template,explanation_request
What is the rule for Ordering Fractions?,048ef00a-c0e8-5d83-912a-d5b89cdd3c61,SKILL_50,Ordering Fractions,math :: number sense & operations :: ordering fractions,Number Sense & Operations,ontology_template,rule_question
Help me understand Ordering Fractions,048ef00a-c0e8-5d83-912a-d5b89cdd3c61,SKILL_50,Ordering Fractions,math :: number sense & operations :: ordering fractions,Number Sense & Operations,ontology_template,help_request
Teach me about Ordering Fractions,048ef00a-c0e8-5d83-912a-d5b89cdd3c61,SKILL_50,Ordering Fractions,math :: number sense & operations :: ordering fractions,Number Sense & Operations,ontology_template,learning_request
How do you calculate Ordering Fractions?,048ef00a-c0e8-5d83-912a-d5b89cdd3c61,SKILL_50,Ordering Fractions,math :: number sense & operations :: ordering fractions,Number Sense & Operations,ontology_template,calculation_question
Ordering Fractions,048ef00a-c0e8-5d83-912a-d5b89cdd3c61,SKILL_50,Ordering Fractions,math :: number sense & operations :: ordering fractions,Number Sense & Operations,ontology_template,direct_mention
I need help with Ordering Integers,07001026-7ca3-5212-8115-b418e91d64a2,SKILL_51,Ordering Integers,math :: number sense & operations :: ordering integers,Number Sense & Operations,ontology_template,help_request
Can you explain Ordering Integers?,07001026-7ca3-5212-8115-b418e91d64a2,SKILL_51,Ordering Integers,math :: number sense & operations :: ordering integers,Number Sense & Operations,ontology_template,explanation_request
How do I solve problems about Ordering Integers?,07001026-7ca3-5212-8115-b418e91d64a2,SKILL_51,Ordering Integers,math :: number sense & operations :: ordering integers,Number Sense & Operations,ontology_template,problem_solving
I don't understand Ordering Integers,07001026-7ca3-5212-8115-b418e91d64a2,SKILL_51,Ordering Integers,math :: number sense & operations :: ordering integers,Number Sense & Operations,ontology_template,misunderstanding_statement
Show me how Ordering Integers works,07001026-7ca3-5212-8115-b418e91d64a2,SKILL_51,Ordering Integers,math :: number sense & operations :: ordering integers,Number Sense & Operations,ontology_template,instruction_request
I need to practice Ordering Integers,07001026-7ca3-5212-8115-b418e91d64a2,SKILL_51,Ordering Integers,math :: number sense & operations :: ordering integers,Number Sense & Operations,ontology_template,practice_request
Can you help me learn Ordering Integers?,07001026-7ca3-5212-8115-b418e91d64a2,SKILL_51,Ordering Integers,math :: number sense & operations :: ordering integers,Number Sense & Operations,ontology_template,learning_request
What does Ordering Integers mean?,07001026-7ca3-5212-8115-b418e91d64a2,SKILL_51,Ordering Integers,math :: number sense & operations :: ordering integers,Number Sense & Operations,ontology_template,definition_request
Give me an example of Ordering Integers,07001026-7ca3-5212-8115-b418e91d64a2,SKILL_51,Ordering Integers,math :: number sense & operations :: ordering integers,Number Sense & Operations,ontology_template,example_request
How does Ordering Integers work in math?,07001026-7ca3-5212-8115-b418e91d64a2,SKILL_51,Ordering Integers,math :: number sense & operations :: ordering integers,Number Sense & Operations,ontology_template,concept_question
I am having trouble with Ordering Integers,07001026-7ca3-5212-8115-b418e91d64a2,SKILL_51,Ordering Integers,math :: number sense & operations :: ordering integers,Number Sense & Operations,ontology_template,struggle_statement
Can we review Ordering Integers together?,07001026-7ca3-5212-8115-b418e91d64a2,SKILL_51,Ordering Integers,math :: number sense & operations :: ordering integers,Number Sense & Operations,ontology_template,review_request
Explain the concept of Ordering Integers,07001026-7ca3-5212-8115-b418e91d64a2,SKILL_51,Ordering Integers,math :: number sense & operations :: ordering integers,Number Sense & Operations,ontology_template,explanation_request
What is the rule for Ordering Integers?,07001026-7ca3-5212-8115-b418e91d64a2,SKILL_51,Ordering Integers,math :: number sense & operations :: ordering integers,Number Sense & Operations,ontology_template,rule_question
Help me understand Ordering Integers,07001026-7ca3-5212-8115-b418e91d64a2,SKILL_51,Ordering Integers,math :: number sense & operations :: ordering integers,Number Sense & Operations,ontology_template,help_request
Teach me about Ordering Integers,07001026-7ca3-5212-8115-b418e91d64a2,SKILL_51,Ordering Integers,math :: number sense & operations :: ordering integers,Number Sense & Operations,ontology_template,learning_request
How do you calculate Ordering Integers?,07001026-7ca3-5212-8115-b418e91d64a2,SKILL_51,Ordering Integers,math :: number sense & operations :: ordering integers,Number Sense & Operations,ontology_template,calculation_question
Ordering Integers,07001026-7ca3-5212-8115-b418e91d64a2,SKILL_51,Ordering Integers,math :: number sense & operations :: ordering integers,Number Sense & Operations,ontology_template,direct_mention
I need help with Ordering Real Numbers,75c0da01-6adc-595a-a3c8-f0313e01e2fd,SKILL_53,Ordering Real Numbers,math :: number sense & operations :: ordering real numbers,Number Sense & Operations,ontology_template,help_request
Can you explain Ordering Real Numbers?,75c0da01-6adc-595a-a3c8-f0313e01e2fd,SKILL_53,Ordering Real Numbers,math :: number sense & operations :: ordering real numbers,Number Sense & Operations,ontology_template,explanation_request
How do I solve problems about Ordering Real Numbers?,75c0da01-6adc-595a-a3c8-f0313e01e2fd,SKILL_53,Ordering Real Numbers,math :: number sense & operations :: ordering real numbers,Number Sense & Operations,ontology_template,problem_solving
I don't understand Ordering Real Numbers,75c0da01-6adc-595a-a3c8-f0313e01e2fd,SKILL_53,Ordering Real Numbers,math :: number sense & operations :: ordering real numbers,Number Sense & Operations,ontology_template,misunderstanding_statement
Show me how Ordering Real Numbers works,75c0da01-6adc-595a-a3c8-f0313e01e2fd,SKILL_53,Ordering Real Numbers,math :: number sense & operations :: ordering real numbers,Number Sense & Operations,ontology_template,instruction_request
I need to practice Ordering Real Numbers,75c0da01-6adc-595a-a3c8-f0313e01e2fd,SKILL_53,Ordering Real Numbers,math :: number sense & operations :: ordering real numbers,Number Sense & Operations,ontology_template,practice_request
Can you help me learn Ordering Real Numbers?,75c0da01-6adc-595a-a3c8-f0313e01e2fd,SKILL_53,Ordering Real Numbers,math :: number sense & operations :: ordering real numbers,Number Sense & Operations,ontology_template,learning_request
What does Ordering Real Numbers mean?,75c0da01-6adc-595a-a3c8-f0313e01e2fd,SKILL_53,Ordering Real Numbers,math :: number sense & operations :: ordering real numbers,Number Sense & Operations,ontology_template,definition_request
Give me an example of Ordering Real Numbers,75c0da01-6adc-595a-a3c8-f0313e01e2fd,SKILL_53,Ordering Real Numbers,math :: number sense & operations :: ordering real numbers,Number Sense & Operations,ontology_template,example_request
How does Ordering Real Numbers work in math?,75c0da01-6adc-595a-a3c8-f0313e01e2fd,SKILL_53,Ordering Real Numbers,math :: number sense & operations :: ordering real numbers,Number Sense & Operations,ontology_template,concept_question
I am having trouble with Ordering Real Numbers,75c0da01-6adc-595a-a3c8-f0313e01e2fd,SKILL_53,Ordering Real Numbers,math :: number sense & operations :: ordering real numbers,Number Sense & Operations,ontology_template,struggle_statement
Can we review Ordering Real Numbers together?,75c0da01-6adc-595a-a3c8-f0313e01e2fd,SKILL_53,Ordering Real Numbers,math :: number sense & operations :: ordering real numbers,Number Sense & Operations,ontology_template,review_request
Explain the concept of Ordering Real Numbers,75c0da01-6adc-595a-a3c8-f0313e01e2fd,SKILL_53,Ordering Real Numbers,math :: number sense & operations :: ordering real numbers,Number Sense & Operations,ontology_template,explanation_request
What is the rule for Ordering Real Numbers?,75c0da01-6adc-595a-a3c8-f0313e01e2fd,SKILL_53,Ordering Real Numbers,math :: number sense & operations :: ordering real numbers,Number Sense & Operations,ontology_template,rule_question
Help me understand Ordering Real Numbers,75c0da01-6adc-595a-a3c8-f0313e01e2fd,SKILL_53,Ordering Real Numbers,math :: number sense & operations :: ordering real numbers,Number Sense & Operations,ontology_template,help_request
Teach me about Ordering Real Numbers,75c0da01-6adc-595a-a3c8-f0313e01e2fd,SKILL_53,Ordering Real Numbers,math :: number sense & operations :: ordering real numbers,Number Sense & Operations,ontology_template,learning_request
How do you calculate Ordering Real Numbers?,75c0da01-6adc-595a-a3c8-f0313e01e2fd,SKILL_53,Ordering Real Numbers,math :: number sense & operations :: ordering real numbers,Number Sense & Operations,ontology_template,calculation_question
Ordering Real Numbers,75c0da01-6adc-595a-a3c8-f0313e01e2fd,SKILL_53,Ordering Real Numbers,math :: number sense & operations :: ordering real numbers,Number Sense & Operations,ontology_template,direct_mention
I need help with Rounding,5c6d5aab-fcf2-51b6-b82f-781cbb9fee9c,SKILL_54,Rounding,math :: number sense & operations :: rounding,Number Sense & Operations,ontology_template,help_request
Can you explain Rounding?,5c6d5aab-fcf2-51b6-b82f-781cbb9fee9c,SKILL_54,Rounding,math :: number sense & operations :: rounding,Number Sense & Operations,ontology_template,explanation_request
How do I solve problems about Rounding?,5c6d5aab-fcf2-51b6-b82f-781cbb9fee9c,SKILL_54,Rounding,math :: number sense & operations :: rounding,Number Sense & Operations,ontology_template,problem_solving
I don't understand Rounding,5c6d5aab-fcf2-51b6-b82f-781cbb9fee9c,SKILL_54,Rounding,math :: number sense & operations :: rounding,Number Sense & Operations,ontology_template,misunderstanding_statement
Show me how Rounding works,5c6d5aab-fcf2-51b6-b82f-781cbb9fee9c,SKILL_54,Rounding,math :: number sense & operations :: rounding,Number Sense & Operations,ontology_template,instruction_request
I need to practice Rounding,5c6d5aab-fcf2-51b6-b82f-781cbb9fee9c,SKILL_54,Rounding,math :: number sense & operations :: rounding,Number Sense & Operations,ontology_template,practice_request
Can you help me learn Rounding?,5c6d5aab-fcf2-51b6-b82f-781cbb9fee9c,SKILL_54,Rounding,math :: number sense & operations :: rounding,Number Sense & Operations,ontology_template,learning_request
What does Rounding mean?,5c6d5aab-fcf2-51b6-b82f-781cbb9fee9c,SKILL_54,Rounding,math :: number sense & operations :: rounding,Number Sense & Operations,ontology_template,definition_request
Give me an example of Rounding,5c6d5aab-fcf2-51b6-b82f-781cbb9fee9c,SKILL_54,Rounding,math :: number sense & operations :: rounding,Number Sense & Operations,ontology_template,example_request
How does Rounding work in math?,5c6d5aab-fcf2-51b6-b82f-781cbb9fee9c,SKILL_54,Rounding,math :: number sense & operations :: rounding,Number Sense & Operations,ontology_template,concept_question
I am having trouble with Rounding,5c6d5aab-fcf2-51b6-b82f-781cbb9fee9c,SKILL_54,Rounding,math :: number sense & operations :: rounding,Number Sense & Operations,ontology_template,struggle_statement
Can we review Rounding together?,5c6d5aab-fcf2-51b6-b82f-781cbb9fee9c,SKILL_54,Rounding,math :: number sense & operations :: rounding,Number Sense & Operations,ontology_template,review_request
Explain the concept of Rounding,5c6d5aab-fcf2-51b6-b82f-781cbb9fee9c,SKILL_54,Rounding,math :: number sense & operations :: rounding,Number Sense & Operations,ontology_template,explanation_request
What is the rule for Rounding?,5c6d5aab-fcf2-51b6-b82f-781cbb9fee9c,SKILL_54,Rounding,math :: number sense & operations :: rounding,Number Sense & Operations,ontology_template,rule_question
Help me understand Rounding,5c6d5aab-fcf2-51b6-b82f-781cbb9fee9c,SKILL_54,Rounding,math :: number sense & operations :: rounding,Number Sense & Operations,ontology_template,help_request
Teach me about Rounding,5c6d5aab-fcf2-51b6-b82f-781cbb9fee9c,SKILL_54,Rounding,math :: number sense & operations :: rounding,Number Sense & Operations,ontology_template,learning_request
How do you calculate Rounding?,5c6d5aab-fcf2-51b6-b82f-781cbb9fee9c,SKILL_54,Rounding,math :: number sense & operations :: rounding,Number Sense & Operations,ontology_template,calculation_question
Rounding,5c6d5aab-fcf2-51b6-b82f-781cbb9fee9c,SKILL_54,Rounding,math :: number sense & operations :: rounding,Number Sense & Operations,ontology_template,direct_mention
I need help with Addition Whole Numbers,25f93139-9d48-5f8b-a69c-15f2d1736abd,SKILL_58,Addition Whole Numbers,math :: number sense & operations :: addition whole numbers,Number Sense & Operations,ontology_template,help_request
Can you explain Addition Whole Numbers?,25f93139-9d48-5f8b-a69c-15f2d1736abd,SKILL_58,Addition Whole Numbers,math :: number sense & operations :: addition whole numbers,Number Sense & Operations,ontology_template,explanation_request
How do I solve problems about Addition Whole Numbers?,25f93139-9d48-5f8b-a69c-15f2d1736abd,SKILL_58,Addition Whole Numbers,math :: number sense & operations :: addition whole numbers,Number Sense & Operations,ontology_template,problem_solving
I don't understand Addition Whole Numbers,25f93139-9d48-5f8b-a69c-15f2d1736abd,SKILL_58,Addition Whole Numbers,math :: number sense & operations :: addition whole numbers,Number Sense & Operations,ontology_template,misunderstanding_statement
Show me how Addition Whole Numbers works,25f93139-9d48-5f8b-a69c-15f2d1736abd,SKILL_58,Addition Whole Numbers,math :: number sense & operations :: addition whole numbers,Number Sense & Operations,ontology_template,instruction_request
I need to practice Addition Whole Numbers,25f93139-9d48-5f8b-a69c-15f2d1736abd,SKILL_58,Addition Whole Numbers,math :: number sense & operations :: addition whole numbers,Number Sense & Operations,ontology_template,practice_request
Can you help me learn Addition Whole Numbers?,25f93139-9d48-5f8b-a69c-15f2d1736abd,SKILL_58,Addition Whole Numbers,math :: number sense & operations :: addition whole numbers,Number Sense & Operations,ontology_template,learning_request
What does Addition Whole Numbers mean?,25f93139-9d48-5f8b-a69c-15f2d1736abd,SKILL_58,Addition Whole Numbers,math :: number sense & operations :: addition whole numbers,Number Sense & Operations,ontology_template,definition_request
Give me an example of Addition Whole Numbers,25f93139-9d48-5f8b-a69c-15f2d1736abd,SKILL_58,Addition Whole Numbers,math :: number sense & operations :: addition whole numbers,Number Sense & Operations,ontology_template,example_request
How does Addition Whole Numbers work in math?,25f93139-9d48-5f8b-a69c-15f2d1736abd,SKILL_58,Addition Whole Numbers,math :: number sense & operations :: addition whole numbers,Number Sense & Operations,ontology_template,concept_question
I am having trouble with Addition Whole Numbers,25f93139-9d48-5f8b-a69c-15f2d1736abd,SKILL_58,Addition Whole Numbers,math :: number sense & operations :: addition whole numbers,Number Sense & Operations,ontology_template,struggle_statement
Can we review Addition Whole Numbers together?,25f93139-9d48-5f8b-a69c-15f2d1736abd,SKILL_58,Addition Whole Numbers,math :: number sense & operations :: addition whole numbers,Number Sense & Operations,ontology_template,review_request
Explain the concept of Addition Whole Numbers,25f93139-9d48-5f8b-a69c-15f2d1736abd,SKILL_58,Addition Whole Numbers,math :: number sense & operations :: addition whole numbers,Number Sense & Operations,ontology_template,explanation_request
What is the rule for Addition Whole Numbers?,25f93139-9d48-5f8b-a69c-15f2d1736abd,SKILL_58,Addition Whole Numbers,math :: number sense & operations :: addition whole numbers,Number Sense & Operations,ontology_template,rule_question
Help me understand Addition Whole Numbers,25f93139-9d48-5f8b-a69c-15f2d1736abd,SKILL_58,Addition Whole Numbers,math :: number sense & operations :: addition whole numbers,Number Sense & Operations,ontology_template,help_request
Teach me about Addition Whole Numbers,25f93139-9d48-5f8b-a69c-15f2d1736abd,SKILL_58,Addition Whole Numbers,math :: number sense & operations :: addition whole numbers,Number Sense & Operations,ontology_template,learning_request
How do you calculate Addition Whole Numbers?,25f93139-9d48-5f8b-a69c-15f2d1736abd,SKILL_58,Addition Whole Numbers,math :: number sense & operations :: addition whole numbers,Number Sense & Operations,ontology_template,calculation_question
Addition Whole Numbers,25f93139-9d48-5f8b-a69c-15f2d1736abd,SKILL_58,Addition Whole Numbers,math :: number sense & operations :: addition whole numbers,Number Sense & Operations,ontology_template,direct_mention
I need help with Division Fractions,a7428e95-0c02-5675-ba91-85b302803850,SKILL_61,Division Fractions,math :: number sense & operations :: division fractions,Number Sense & Operations,ontology_template,help_request
Can you explain Division Fractions?,a7428e95-0c02-5675-ba91-85b302803850,SKILL_61,Division Fractions,math :: number sense & operations :: division fractions,Number Sense & Operations,ontology_template,explanation_request
How do I solve problems about Division Fractions?,a7428e95-0c02-5675-ba91-85b302803850,SKILL_61,Division Fractions,math :: number sense & operations :: division fractions,Number Sense & Operations,ontology_template,problem_solving
I don't understand Division Fractions,a7428e95-0c02-5675-ba91-85b302803850,SKILL_61,Division Fractions,math :: number sense & operations :: division fractions,Number Sense & Operations,ontology_template,misunderstanding_statement
Show me how Division Fractions works,a7428e95-0c02-5675-ba91-85b302803850,SKILL_61,Division Fractions,math :: number sense & operations :: division fractions,Number Sense & Operations,ontology_template,instruction_request
I need to practice Division Fractions,a7428e95-0c02-5675-ba91-85b302803850,SKILL_61,Division Fractions,math :: number sense & operations :: division fractions,Number Sense & Operations,ontology_template,practice_request
Can you help me learn Division Fractions?,a7428e95-0c02-5675-ba91-85b302803850,SKILL_61,Division Fractions,math :: number sense & operations :: division fractions,Number Sense & Operations,ontology_template,learning_request
What does Division Fractions mean?,a7428e95-0c02-5675-ba91-85b302803850,SKILL_61,Division Fractions,math :: number sense & operations :: division fractions,Number Sense & Operations,ontology_template,definition_request
Give me an example of Division Fractions,a7428e95-0c02-5675-ba91-85b302803850,SKILL_61,Division Fractions,math :: number sense & operations :: division fractions,Number Sense & Operations,ontology_template,example_request
How does Division Fractions work in math?,a7428e95-0c02-5675-ba91-85b302803850,SKILL_61,Division Fractions,math :: number sense & operations :: division fractions,Number Sense & Operations,ontology_template,concept_question
I am having trouble with Division Fractions,a7428e95-0c02-5675-ba91-85b302803850,SKILL_61,Division Fractions,math :: number sense & operations :: division fractions,Number Sense & Operations,ontology_template,struggle_statement
Can we review Division Fractions together?,a7428e95-0c02-5675-ba91-85b302803850,SKILL_61,Division Fractions,math :: number sense & operations :: division fractions,Number Sense & Operations,ontology_template,review_request
Explain the concept of Division Fractions,a7428e95-0c02-5675-ba91-85b302803850,SKILL_61,Division Fractions,math :: number sense & operations :: division fractions,Number Sense & Operations,ontology_template,explanation_request
What is the rule for Division Fractions?,a7428e95-0c02-5675-ba91-85b302803850,SKILL_61,Division Fractions,math :: number sense & operations :: division fractions,Number Sense & Operations,ontology_template,rule_question
Help me understand Division Fractions,a7428e95-0c02-5675-ba91-85b302803850,SKILL_61,Division Fractions,math :: number sense & operations :: division fractions,Number Sense & Operations,ontology_template,help_request
Teach me about Division Fractions,a7428e95-0c02-5675-ba91-85b302803850,SKILL_61,Division Fractions,math :: number sense & operations :: division fractions,Number Sense & Operations,ontology_template,learning_request
How do you calculate Division Fractions?,a7428e95-0c02-5675-ba91-85b302803850,SKILL_61,Division Fractions,math :: number sense & operations :: division fractions,Number Sense & Operations,ontology_template,calculation_question
Division Fractions,a7428e95-0c02-5675-ba91-85b302803850,SKILL_61,Division Fractions,math :: number sense & operations :: division fractions,Number Sense & Operations,ontology_template,direct_mention
I need help with Estimation,be3f82a1-29af-5fbc-be16-7c329773c4a8,SKILL_63,Estimation,math :: number sense & operations :: estimation,Number Sense & Operations,ontology_template,help_request
Can you explain Estimation?,be3f82a1-29af-5fbc-be16-7c329773c4a8,SKILL_63,Estimation,math :: number sense & operations :: estimation,Number Sense & Operations,ontology_template,explanation_request
How do I solve problems about Estimation?,be3f82a1-29af-5fbc-be16-7c329773c4a8,SKILL_63,Estimation,math :: number sense & operations :: estimation,Number Sense & Operations,ontology_template,problem_solving
I don't understand Estimation,be3f82a1-29af-5fbc-be16-7c329773c4a8,SKILL_63,Estimation,math :: number sense & operations :: estimation,Number Sense & Operations,ontology_template,misunderstanding_statement
Show me how Estimation works,be3f82a1-29af-5fbc-be16-7c329773c4a8,SKILL_63,Estimation,math :: number sense & operations :: estimation,Number Sense & Operations,ontology_template,instruction_request
I need to practice Estimation,be3f82a1-29af-5fbc-be16-7c329773c4a8,SKILL_63,Estimation,math :: number sense & operations :: estimation,Number Sense & Operations,ontology_template,practice_request
Can you help me learn Estimation?,be3f82a1-29af-5fbc-be16-7c329773c4a8,SKILL_63,Estimation,math :: number sense & operations :: estimation,Number Sense & Operations,ontology_template,learning_request
What does Estimation mean?,be3f82a1-29af-5fbc-be16-7c329773c4a8,SKILL_63,Estimation,math :: number sense & operations :: estimation,Number Sense & Operations,ontology_template,definition_request
Give me an example of Estimation,be3f82a1-29af-5fbc-be16-7c329773c4a8,SKILL_63,Estimation,math :: number sense & operations :: estimation,Number Sense & Operations,ontology_template,example_request
How does Estimation work in math?,be3f82a1-29af-5fbc-be16-7c329773c4a8,SKILL_63,Estimation,math :: number sense & operations :: estimation,Number Sense & Operations,ontology_template,concept_question
I am having trouble with Estimation,be3f82a1-29af-5fbc-be16-7c329773c4a8,SKILL_63,Estimation,math :: number sense & operations :: estimation,Number Sense & Operations,ontology_template,struggle_statement
Can we review Estimation together?,be3f82a1-29af-5fbc-be16-7c329773c4a8,SKILL_63,Estimation,math :: number sense & operations :: estimation,Number Sense & Operations,ontology_template,review_request
Explain the concept of Estimation,be3f82a1-29af-5fbc-be16-7c329773c4a8,SKILL_63,Estimation,math :: number sense & operations :: estimation,Number Sense & Operations,ontology_template,explanation_request
What is the rule for Estimation?,be3f82a1-29af-5fbc-be16-7c329773c4a8,SKILL_63,Estimation,math :: number sense & operations :: estimation,Number Sense & Operations,ontology_template,rule_question
Help me understand Estimation,be3f82a1-29af-5fbc-be16-7c329773c4a8,SKILL_63,Estimation,math :: number sense & operations :: estimation,Number Sense & Operations,ontology_template,help_request
Teach me about Estimation,be3f82a1-29af-5fbc-be16-7c329773c4a8,SKILL_63,Estimation,math :: number sense & operations :: estimation,Number Sense & Operations,ontology_template,learning_request
How do you calculate Estimation?,be3f82a1-29af-5fbc-be16-7c329773c4a8,SKILL_63,Estimation,math :: number sense & operations :: estimation,Number Sense & Operations,ontology_template,calculation_question
Estimation,be3f82a1-29af-5fbc-be16-7c329773c4a8,SKILL_63,Estimation,math :: number sense & operations :: estimation,Number Sense & Operations,ontology_template,direct_mention
I need help with Fraction Of,a7c57f50-4c57-5593-bafc-d63dfebb33f0,SKILL_64,Fraction Of,math :: number sense & operations :: fraction of,Number Sense & Operations,ontology_template,help_request
Can you explain Fraction Of?,a7c57f50-4c57-5593-bafc-d63dfebb33f0,SKILL_64,Fraction Of,math :: number sense & operations :: fraction of,Number Sense & Operations,ontology_template,explanation_request
How do I solve problems about Fraction Of?,a7c57f50-4c57-5593-bafc-d63dfebb33f0,SKILL_64,Fraction Of,math :: number sense & operations :: fraction of,Number Sense & Operations,ontology_template,problem_solving
I don't understand Fraction Of,a7c57f50-4c57-5593-bafc-d63dfebb33f0,SKILL_64,Fraction Of,math :: number sense & operations :: fraction of,Number Sense & Operations,ontology_template,misunderstanding_statement
Show me how Fraction Of works,a7c57f50-4c57-5593-bafc-d63dfebb33f0,SKILL_64,Fraction Of,math :: number sense & operations :: fraction of,Number Sense & Operations,ontology_template,instruction_request
I need to practice Fraction Of,a7c57f50-4c57-5593-bafc-d63dfebb33f0,SKILL_64,Fraction Of,math :: number sense & operations :: fraction of,Number Sense & Operations,ontology_template,practice_request
Can you help me learn Fraction Of?,a7c57f50-4c57-5593-bafc-d63dfebb33f0,SKILL_64,Fraction Of,math :: number sense & operations :: fraction of,Number Sense & Operations,ontology_template,learning_request
What does Fraction Of mean?,a7c57f50-4c57-5593-bafc-d63dfebb33f0,SKILL_64,Fraction Of,math :: number sense & operations :: fraction of,Number Sense & Operations,ontology_template,definition_request
Give me an example of Fraction Of,a7c57f50-4c57-5593-bafc-d63dfebb33f0,SKILL_64,Fraction Of,math :: number sense & operations :: fraction of,Number Sense & Operations,ontology_template,example_request
How does Fraction Of work in math?,a7c57f50-4c57-5593-bafc-d63dfebb33f0,SKILL_64,Fraction Of,math :: number sense & operations :: fraction of,Number Sense & Operations,ontology_template,concept_question
I am having trouble with Fraction Of,a7c57f50-4c57-5593-bafc-d63dfebb33f0,SKILL_64,Fraction Of,math :: number sense & operations :: fraction of,Number Sense & Operations,ontology_template,struggle_statement
Can we review Fraction Of together?,a7c57f50-4c57-5593-bafc-d63dfebb33f0,SKILL_64,Fraction Of,math :: number sense & operations :: fraction of,Number Sense & Operations,ontology_template,review_request
Explain the concept of Fraction Of,a7c57f50-4c57-5593-bafc-d63dfebb33f0,SKILL_64,Fraction Of,math :: number sense & operations :: fraction of,Number Sense & Operations,ontology_template,explanation_request
What is the rule for Fraction Of?,a7c57f50-4c57-5593-bafc-d63dfebb33f0,SKILL_64,Fraction Of,math :: number sense & operations :: fraction of,Number Sense & Operations,ontology_template,rule_question
Help me understand Fraction Of,a7c57f50-4c57-5593-bafc-d63dfebb33f0,SKILL_64,Fraction Of,math :: number sense & operations :: fraction of,Number Sense & Operations,ontology_template,help_request
Teach me about Fraction Of,a7c57f50-4c57-5593-bafc-d63dfebb33f0,SKILL_64,Fraction Of,math :: number sense & operations :: fraction of,Number Sense & Operations,ontology_template,learning_request
How do you calculate Fraction Of?,a7c57f50-4c57-5593-bafc-d63dfebb33f0,SKILL_64,Fraction Of,math :: number sense & operations :: fraction of,Number Sense & Operations,ontology_template,calculation_question
Fraction Of,a7c57f50-4c57-5593-bafc-d63dfebb33f0,SKILL_64,Fraction Of,math :: number sense & operations :: fraction of,Number Sense & Operations,ontology_template,direct_mention
I need help with LCM,e47ea862-2784-5ae5-a71d-df57f9eca5ce,SKILL_65,Least Common Multiple,math :: number sense & operations :: least common multiple,Number Sense & Operations,ontology_template,help_request
Can you explain LCM?,e47ea862-2784-5ae5-a71d-df57f9eca5ce,SKILL_65,Least Common Multiple,math :: number sense & operations :: least common multiple,Number Sense & Operations,ontology_template,explanation_request
How do I solve problems about LCM?,e47ea862-2784-5ae5-a71d-df57f9eca5ce,SKILL_65,Least Common Multiple,math :: number sense & operations :: least common multiple,Number Sense & Operations,ontology_template,problem_solving
I don't understand LCM,e47ea862-2784-5ae5-a71d-df57f9eca5ce,SKILL_65,Least Common Multiple,math :: number sense & operations :: least common multiple,Number Sense & Operations,ontology_template,misunderstanding_statement
Show me how LCM works,e47ea862-2784-5ae5-a71d-df57f9eca5ce,SKILL_65,Least Common Multiple,math :: number sense & operations :: least common multiple,Number Sense & Operations,ontology_template,instruction_request
I need to practice LCM,e47ea862-2784-5ae5-a71d-df57f9eca5ce,SKILL_65,Least Common Multiple,math :: number sense & operations :: least common multiple,Number Sense & Operations,ontology_template,practice_request
Can you help me learn LCM?,e47ea862-2784-5ae5-a71d-df57f9eca5ce,SKILL_65,Least Common Multiple,math :: number sense & operations :: least common multiple,Number Sense & Operations,ontology_template,learning_request
What does LCM mean?,e47ea862-2784-5ae5-a71d-df57f9eca5ce,SKILL_65,Least Common Multiple,math :: number sense & operations :: least common multiple,Number Sense & Operations,ontology_template,definition_request
Give me an example of LCM,e47ea862-2784-5ae5-a71d-df57f9eca5ce,SKILL_65,Least Common Multiple,math :: number sense & operations :: least common multiple,Number Sense & Operations,ontology_template,example_request
How does LCM work in math?,e47ea862-2784-5ae5-a71d-df57f9eca5ce,SKILL_65,Least Common Multiple,math :: number sense & operations :: least common multiple,Number Sense & Operations,ontology_template,concept_question
I am having trouble with LCM,e47ea862-2784-5ae5-a71d-df57f9eca5ce,SKILL_65,Least Common Multiple,math :: number sense & operations :: least common multiple,Number Sense & Operations,ontology_template,struggle_statement
Can we review LCM together?,e47ea862-2784-5ae5-a71d-df57f9eca5ce,SKILL_65,Least Common Multiple,math :: number sense & operations :: least common multiple,Number Sense & Operations,ontology_template,review_request
Explain the concept of LCM,e47ea862-2784-5ae5-a71d-df57f9eca5ce,SKILL_65,Least Common Multiple,math :: number sense & operations :: least common multiple,Number Sense & Operations,ontology_template,explanation_request
What is the rule for LCM?,e47ea862-2784-5ae5-a71d-df57f9eca5ce,SKILL_65,Least Common Multiple,math :: number sense & operations :: least common multiple,Number Sense & Operations,ontology_template,rule_question
Help me understand LCM,e47ea862-2784-5ae5-a71d-df57f9eca5ce,SKILL_65,Least Common Multiple,math :: number sense & operations :: least common multiple,Number Sense & Operations,ontology_template,help_request
Teach me about LCM,e47ea862-2784-5ae5-a71d-df57f9eca5ce,SKILL_65,Least Common Multiple,math :: number sense & operations :: least common multiple,Number Sense & Operations,ontology_template,learning_request
How do you calculate LCM?,e47ea862-2784-5ae5-a71d-df57f9eca5ce,SKILL_65,Least Common Multiple,math :: number sense & operations :: least common multiple,Number Sense & Operations,ontology_template,calculation_question
LCM,e47ea862-2784-5ae5-a71d-df57f9eca5ce,SKILL_65,Least Common Multiple,math :: number sense & operations :: least common multiple,Number Sense & Operations,ontology_template,direct_mention
I need help with Least Common Multiple,e47ea862-2784-5ae5-a71d-df57f9eca5ce,SKILL_65,Least Common Multiple,math :: number sense & operations :: least common multiple,Number Sense & Operations,ontology_template,help_request
Can you explain Least Common Multiple?,e47ea862-2784-5ae5-a71d-df57f9eca5ce,SKILL_65,Least Common Multiple,math :: number sense & operations :: least common multiple,Number Sense & Operations,ontology_template,explanation_request
How do I solve problems about Least Common Multiple?,e47ea862-2784-5ae5-a71d-df57f9eca5ce,SKILL_65,Least Common Multiple,math :: number sense & operations :: least common multiple,Number Sense & Operations,ontology_template,problem_solving
I don't understand Least Common Multiple,e47ea862-2784-5ae5-a71d-df57f9eca5ce,SKILL_65,Least Common Multiple,math :: number sense & operations :: least common multiple,Number Sense & Operations,ontology_template,misunderstanding_statement
Show me how Least Common Multiple works,e47ea862-2784-5ae5-a71d-df57f9eca5ce,SKILL_65,Least Common Multiple,math :: number sense & operations :: least common multiple,Number Sense & Operations,ontology_template,instruction_request
I need to practice Least Common Multiple,e47ea862-2784-5ae5-a71d-df57f9eca5ce,SKILL_65,Least Common Multiple,math :: number sense & operations :: least common multiple,Number Sense & Operations,ontology_template,practice_request
Can you help me learn Least Common Multiple?,e47ea862-2784-5ae5-a71d-df57f9eca5ce,SKILL_65,Least Common Multiple,math :: number sense & operations :: least common multiple,Number Sense & Operations,ontology_template,learning_request
What does Least Common Multiple mean?,e47ea862-2784-5ae5-a71d-df57f9eca5ce,SKILL_65,Least Common Multiple,math :: number sense & operations :: least common multiple,Number Sense & Operations,ontology_template,definition_request
Give me an example of Least Common Multiple,e47ea862-2784-5ae5-a71d-df57f9eca5ce,SKILL_65,Least Common Multiple,math :: number sense & operations :: least common multiple,Number Sense & Operations,ontology_template,example_request
How does Least Common Multiple work in math?,e47ea862-2784-5ae5-a71d-df57f9eca5ce,SKILL_65,Least Common Multiple,math :: number sense & operations :: least common multiple,Number Sense & Operations,ontology_template,concept_question
I am having trouble with Least Common Multiple,e47ea862-2784-5ae5-a71d-df57f9eca5ce,SKILL_65,Least Common Multiple,math :: number sense & operations :: least common multiple,Number Sense & Operations,ontology_template,struggle_statement
Can we review Least Common Multiple together?,e47ea862-2784-5ae5-a71d-df57f9eca5ce,SKILL_65,Least Common Multiple,math :: number sense & operations :: least common multiple,Number Sense & Operations,ontology_template,review_request
Explain the concept of Least Common Multiple,e47ea862-2784-5ae5-a71d-df57f9eca5ce,SKILL_65,Least Common Multiple,math :: number sense & operations :: least common multiple,Number Sense & Operations,ontology_template,explanation_request
What is the rule for Least Common Multiple?,e47ea862-2784-5ae5-a71d-df57f9eca5ce,SKILL_65,Least Common Multiple,math :: number sense & operations :: least common multiple,Number Sense & Operations,ontology_template,rule_question
Help me understand Least Common Multiple,e47ea862-2784-5ae5-a71d-df57f9eca5ce,SKILL_65,Least Common Multiple,math :: number sense & operations :: least common multiple,Number Sense & Operations,ontology_template,help_request
Teach me about Least Common Multiple,e47ea862-2784-5ae5-a71d-df57f9eca5ce,SKILL_65,Least Common Multiple,math :: number sense & operations :: least common multiple,Number Sense & Operations,ontology_template,learning_request
How do you calculate Least Common Multiple?,e47ea862-2784-5ae5-a71d-df57f9eca5ce,SKILL_65,Least Common Multiple,math :: number sense & operations :: least common multiple,Number Sense & Operations,ontology_template,calculation_question
Least Common Multiple,e47ea862-2784-5ae5-a71d-df57f9eca5ce,SKILL_65,Least Common Multiple,math :: number sense & operations :: least common multiple,Number Sense & Operations,ontology_template,direct_mention
I need help with Multiplication Fractions,b92d15ca-d989-530c-bd40-d345a5613899,SKILL_67,Multiplication Fractions,math :: number sense & operations :: multiplication fractions,Number Sense & Operations,ontology_template,help_request
Can you explain Multiplication Fractions?,b92d15ca-d989-530c-bd40-d345a5613899,SKILL_67,Multiplication Fractions,math :: number sense & operations :: multiplication fractions,Number Sense & Operations,ontology_template,explanation_request
How do I solve problems about Multiplication Fractions?,b92d15ca-d989-530c-bd40-d345a5613899,SKILL_67,Multiplication Fractions,math :: number sense & operations :: multiplication fractions,Number Sense & Operations,ontology_template,problem_solving
I don't understand Multiplication Fractions,b92d15ca-d989-530c-bd40-d345a5613899,SKILL_67,Multiplication Fractions,math :: number sense & operations :: multiplication fractions,Number Sense & Operations,ontology_template,misunderstanding_statement
Show me how Multiplication Fractions works,b92d15ca-d989-530c-bd40-d345a5613899,SKILL_67,Multiplication Fractions,math :: number sense & operations :: multiplication fractions,Number Sense & Operations,ontology_template,instruction_request
I need to practice Multiplication Fractions,b92d15ca-d989-530c-bd40-d345a5613899,SKILL_67,Multiplication Fractions,math :: number sense & operations :: multiplication fractions,Number Sense & Operations,ontology_template,practice_request
Can you help me learn Multiplication Fractions?,b92d15ca-d989-530c-bd40-d345a5613899,SKILL_67,Multiplication Fractions,math :: number sense & operations :: multiplication fractions,Number Sense & Operations,ontology_template,learning_request
What does Multiplication Fractions mean?,b92d15ca-d989-530c-bd40-d345a5613899,SKILL_67,Multiplication Fractions,math :: number sense & operations :: multiplication fractions,Number Sense & Operations,ontology_template,definition_request
Give me an example of Multiplication Fractions,b92d15ca-d989-530c-bd40-d345a5613899,SKILL_67,Multiplication Fractions,math :: number sense & operations :: multiplication fractions,Number Sense & Operations,ontology_template,example_request
How does Multiplication Fractions work in math?,b92d15ca-d989-530c-bd40-d345a5613899,SKILL_67,Multiplication Fractions,math :: number sense & operations :: multiplication fractions,Number Sense & Operations,ontology_template,concept_question
I am having trouble with Multiplication Fractions,b92d15ca-d989-530c-bd40-d345a5613899,SKILL_67,Multiplication Fractions,math :: number sense & operations :: multiplication fractions,Number Sense & Operations,ontology_template,struggle_statement
Can we review Multiplication Fractions together?,b92d15ca-d989-530c-bd40-d345a5613899,SKILL_67,Multiplication Fractions,math :: number sense & operations :: multiplication fractions,Number Sense & Operations,ontology_template,review_request
Explain the concept of Multiplication Fractions,b92d15ca-d989-530c-bd40-d345a5613899,SKILL_67,Multiplication Fractions,math :: number sense & operations :: multiplication fractions,Number Sense & Operations,ontology_template,explanation_request
What is the rule for Multiplication Fractions?,b92d15ca-d989-530c-bd40-d345a5613899,SKILL_67,Multiplication Fractions,math :: number sense & operations :: multiplication fractions,Number Sense & Operations,ontology_template,rule_question
Help me understand Multiplication Fractions,b92d15ca-d989-530c-bd40-d345a5613899,SKILL_67,Multiplication Fractions,math :: number sense & operations :: multiplication fractions,Number Sense & Operations,ontology_template,help_request
Teach me about Multiplication Fractions,b92d15ca-d989-530c-bd40-d345a5613899,SKILL_67,Multiplication Fractions,math :: number sense & operations :: multiplication fractions,Number Sense & Operations,ontology_template,learning_request
How do you calculate Multiplication Fractions?,b92d15ca-d989-530c-bd40-d345a5613899,SKILL_67,Multiplication Fractions,math :: number sense & operations :: multiplication fractions,Number Sense & Operations,ontology_template,calculation_question
Multiplication Fractions,b92d15ca-d989-530c-bd40-d345a5613899,SKILL_67,Multiplication Fractions,math :: number sense & operations :: multiplication fractions,Number Sense & Operations,ontology_template,direct_mention
I need help with Multiplication Whole Numbers,2918f347-36f6-5652-9d73-1be2701eecfb,SKILL_69,Multiplication Whole Numbers,math :: number sense & operations :: multiplication whole numbers,Number Sense & Operations,ontology_template,help_request
Can you explain Multiplication Whole Numbers?,2918f347-36f6-5652-9d73-1be2701eecfb,SKILL_69,Multiplication Whole Numbers,math :: number sense & operations :: multiplication whole numbers,Number Sense & Operations,ontology_template,explanation_request
How do I solve problems about Multiplication Whole Numbers?,2918f347-36f6-5652-9d73-1be2701eecfb,SKILL_69,Multiplication Whole Numbers,math :: number sense & operations :: multiplication whole numbers,Number Sense & Operations,ontology_template,problem_solving
I don't understand Multiplication Whole Numbers,2918f347-36f6-5652-9d73-1be2701eecfb,SKILL_69,Multiplication Whole Numbers,math :: number sense & operations :: multiplication whole numbers,Number Sense & Operations,ontology_template,misunderstanding_statement
Show me how Multiplication Whole Numbers works,2918f347-36f6-5652-9d73-1be2701eecfb,SKILL_69,Multiplication Whole Numbers,math :: number sense & operations :: multiplication whole numbers,Number Sense & Operations,ontology_template,instruction_request
I need to practice Multiplication Whole Numbers,2918f347-36f6-5652-9d73-1be2701eecfb,SKILL_69,Multiplication Whole Numbers,math :: number sense & operations :: multiplication whole numbers,Number Sense & Operations,ontology_template,practice_request
Can you help me learn Multiplication Whole Numbers?,2918f347-36f6-5652-9d73-1be2701eecfb,SKILL_69,Multiplication Whole Numbers,math :: number sense & operations :: multiplication whole numbers,Number Sense & Operations,ontology_template,learning_request
What does Multiplication Whole Numbers mean?,2918f347-36f6-5652-9d73-1be2701eecfb,SKILL_69,Multiplication Whole Numbers,math :: number sense & operations :: multiplication whole numbers,Number Sense & Operations,ontology_template,definition_request
Give me an example of Multiplication Whole Numbers,2918f347-36f6-5652-9d73-1be2701eecfb,SKILL_69,Multiplication Whole Numbers,math :: number sense & operations :: multiplication whole numbers,Number Sense & Operations,ontology_template,example_request
How does Multiplication Whole Numbers work in math?,2918f347-36f6-5652-9d73-1be2701eecfb,SKILL_69,Multiplication Whole Numbers,math :: number sense & operations :: multiplication whole numbers,Number Sense & Operations,ontology_template,concept_question
I am having trouble with Multiplication Whole Numbers,2918f347-36f6-5652-9d73-1be2701eecfb,SKILL_69,Multiplication Whole Numbers,math :: number sense & operations :: multiplication whole numbers,Number Sense & Operations,ontology_template,struggle_statement
Can we review Multiplication Whole Numbers together?,2918f347-36f6-5652-9d73-1be2701eecfb,SKILL_69,Multiplication Whole Numbers,math :: number sense & operations :: multiplication whole numbers,Number Sense & Operations,ontology_template,review_request
Explain the concept of Multiplication Whole Numbers,2918f347-36f6-5652-9d73-1be2701eecfb,SKILL_69,Multiplication Whole Numbers,math :: number sense & operations :: multiplication whole numbers,Number Sense & Operations,ontology_template,explanation_request
What is the rule for Multiplication Whole Numbers?,2918f347-36f6-5652-9d73-1be2701eecfb,SKILL_69,Multiplication Whole Numbers,math :: number sense & operations :: multiplication whole numbers,Number Sense & Operations,ontology_template,rule_question
Help me understand Multiplication Whole Numbers,2918f347-36f6-5652-9d73-1be2701eecfb,SKILL_69,Multiplication Whole Numbers,math :: number sense & operations :: multiplication whole numbers,Number Sense & Operations,ontology_template,help_request
Teach me about Multiplication Whole Numbers,2918f347-36f6-5652-9d73-1be2701eecfb,SKILL_69,Multiplication Whole Numbers,math :: number sense & operations :: multiplication whole numbers,Number Sense & Operations,ontology_template,learning_request
How do you calculate Multiplication Whole Numbers?,2918f347-36f6-5652-9d73-1be2701eecfb,SKILL_69,Multiplication Whole Numbers,math :: number sense & operations :: multiplication whole numbers,Number Sense & Operations,ontology_template,calculation_question
Multiplication Whole Numbers,2918f347-36f6-5652-9d73-1be2701eecfb,SKILL_69,Multiplication Whole Numbers,math :: number sense & operations :: multiplication whole numbers,Number Sense & Operations,ontology_template,direct_mention
I need help with Percent Of,4c9df4a5-90a2-5f5b-bb7e-d735065c44d0,SKILL_70,Percent Of,math :: proportional reasoning & percents :: percent of,Proportional Reasoning & Percents,ontology_template,help_request
Can you explain Percent Of?,4c9df4a5-90a2-5f5b-bb7e-d735065c44d0,SKILL_70,Percent Of,math :: proportional reasoning & percents :: percent of,Proportional Reasoning & Percents,ontology_template,explanation_request
How do I solve problems about Percent Of?,4c9df4a5-90a2-5f5b-bb7e-d735065c44d0,SKILL_70,Percent Of,math :: proportional reasoning & percents :: percent of,Proportional Reasoning & Percents,ontology_template,problem_solving
I don't understand Percent Of,4c9df4a5-90a2-5f5b-bb7e-d735065c44d0,SKILL_70,Percent Of,math :: proportional reasoning & percents :: percent of,Proportional Reasoning & Percents,ontology_template,misunderstanding_statement
Show me how Percent Of works,4c9df4a5-90a2-5f5b-bb7e-d735065c44d0,SKILL_70,Percent Of,math :: proportional reasoning & percents :: percent of,Proportional Reasoning & Percents,ontology_template,instruction_request
I need to practice Percent Of,4c9df4a5-90a2-5f5b-bb7e-d735065c44d0,SKILL_70,Percent Of,math :: proportional reasoning & percents :: percent of,Proportional Reasoning & Percents,ontology_template,practice_request
Can you help me learn Percent Of?,4c9df4a5-90a2-5f5b-bb7e-d735065c44d0,SKILL_70,Percent Of,math :: proportional reasoning & percents :: percent of,Proportional Reasoning & Percents,ontology_template,learning_request
What does Percent Of mean?,4c9df4a5-90a2-5f5b-bb7e-d735065c44d0,SKILL_70,Percent Of,math :: proportional reasoning & percents :: percent of,Proportional Reasoning & Percents,ontology_template,definition_request
Give me an example of Percent Of,4c9df4a5-90a2-5f5b-bb7e-d735065c44d0,SKILL_70,Percent Of,math :: proportional reasoning & percents :: percent of,Proportional Reasoning & Percents,ontology_template,example_request
How does Percent Of work in math?,4c9df4a5-90a2-5f5b-bb7e-d735065c44d0,SKILL_70,Percent Of,math :: proportional reasoning & percents :: percent of,Proportional Reasoning & Percents,ontology_template,concept_question
I am having trouble with Percent Of,4c9df4a5-90a2-5f5b-bb7e-d735065c44d0,SKILL_70,Percent Of,math :: proportional reasoning & percents :: percent of,Proportional Reasoning & Percents,ontology_template,struggle_statement
Can we review Percent Of together?,4c9df4a5-90a2-5f5b-bb7e-d735065c44d0,SKILL_70,Percent Of,math :: proportional reasoning & percents :: percent of,Proportional Reasoning & Percents,ontology_template,review_request
Explain the concept of Percent Of,4c9df4a5-90a2-5f5b-bb7e-d735065c44d0,SKILL_70,Percent Of,math :: proportional reasoning & percents :: percent of,Proportional Reasoning & Percents,ontology_template,explanation_request
What is the rule for Percent Of?,4c9df4a5-90a2-5f5b-bb7e-d735065c44d0,SKILL_70,Percent Of,math :: proportional reasoning & percents :: percent of,Proportional Reasoning & Percents,ontology_template,rule_question
Help me understand Percent Of,4c9df4a5-90a2-5f5b-bb7e-d735065c44d0,SKILL_70,Percent Of,math :: proportional reasoning & percents :: percent of,Proportional Reasoning & Percents,ontology_template,help_request
Teach me about Percent Of,4c9df4a5-90a2-5f5b-bb7e-d735065c44d0,SKILL_70,Percent Of,math :: proportional reasoning & percents :: percent of,Proportional Reasoning & Percents,ontology_template,learning_request
How do you calculate Percent Of?,4c9df4a5-90a2-5f5b-bb7e-d735065c44d0,SKILL_70,Percent Of,math :: proportional reasoning & percents :: percent of,Proportional Reasoning & Percents,ontology_template,calculation_question
Percent Of,4c9df4a5-90a2-5f5b-bb7e-d735065c44d0,SKILL_70,Percent Of,math :: proportional reasoning & percents :: percent of,Proportional Reasoning & Percents,ontology_template,direct_mention
I need help with Subtraction Whole Numbers,1d3acc65-cc2b-5214-8e98-ee305a52c17a,SKILL_74,Subtraction Whole Numbers,math :: number sense & operations :: subtraction whole numbers,Number Sense & Operations,ontology_template,help_request
Can you explain Subtraction Whole Numbers?,1d3acc65-cc2b-5214-8e98-ee305a52c17a,SKILL_74,Subtraction Whole Numbers,math :: number sense & operations :: subtraction whole numbers,Number Sense & Operations,ontology_template,explanation_request
How do I solve problems about Subtraction Whole Numbers?,1d3acc65-cc2b-5214-8e98-ee305a52c17a,SKILL_74,Subtraction Whole Numbers,math :: number sense & operations :: subtraction whole numbers,Number Sense & Operations,ontology_template,problem_solving
I don't understand Subtraction Whole Numbers,1d3acc65-cc2b-5214-8e98-ee305a52c17a,SKILL_74,Subtraction Whole Numbers,math :: number sense & operations :: subtraction whole numbers,Number Sense & Operations,ontology_template,misunderstanding_statement
Show me how Subtraction Whole Numbers works,1d3acc65-cc2b-5214-8e98-ee305a52c17a,SKILL_74,Subtraction Whole Numbers,math :: number sense & operations :: subtraction whole numbers,Number Sense & Operations,ontology_template,instruction_request
I need to practice Subtraction Whole Numbers,1d3acc65-cc2b-5214-8e98-ee305a52c17a,SKILL_74,Subtraction Whole Numbers,math :: number sense & operations :: subtraction whole numbers,Number Sense & Operations,ontology_template,practice_request
Can you help me learn Subtraction Whole Numbers?,1d3acc65-cc2b-5214-8e98-ee305a52c17a,SKILL_74,Subtraction Whole Numbers,math :: number sense & operations :: subtraction whole numbers,Number Sense & Operations,ontology_template,learning_request
What does Subtraction Whole Numbers mean?,1d3acc65-cc2b-5214-8e98-ee305a52c17a,SKILL_74,Subtraction Whole Numbers,math :: number sense & operations :: subtraction whole numbers,Number Sense & Operations,ontology_template,definition_request
Give me an example of Subtraction Whole Numbers,1d3acc65-cc2b-5214-8e98-ee305a52c17a,SKILL_74,Subtraction Whole Numbers,math :: number sense & operations :: subtraction whole numbers,Number Sense & Operations,ontology_template,example_request
How does Subtraction Whole Numbers work in math?,1d3acc65-cc2b-5214-8e98-ee305a52c17a,SKILL_74,Subtraction Whole Numbers,math :: number sense & operations :: subtraction whole numbers,Number Sense & Operations,ontology_template,concept_question
I am having trouble with Subtraction Whole Numbers,1d3acc65-cc2b-5214-8e98-ee305a52c17a,SKILL_74,Subtraction Whole Numbers,math :: number sense & operations :: subtraction whole numbers,Number Sense & Operations,ontology_template,struggle_statement
Can we review Subtraction Whole Numbers together?,1d3acc65-cc2b-5214-8e98-ee305a52c17a,SKILL_74,Subtraction Whole Numbers,math :: number sense & operations :: subtraction whole numbers,Number Sense & Operations,ontology_template,review_request
Explain the concept of Subtraction Whole Numbers,1d3acc65-cc2b-5214-8e98-ee305a52c17a,SKILL_74,Subtraction Whole Numbers,math :: number sense & operations :: subtraction whole numbers,Number Sense & Operations,ontology_template,explanation_request
What is the rule for Subtraction Whole Numbers?,1d3acc65-cc2b-5214-8e98-ee305a52c17a,SKILL_74,Subtraction Whole Numbers,math :: number sense & operations :: subtraction whole numbers,Number Sense & Operations,ontology_template,rule_question
Help me understand Subtraction Whole Numbers,1d3acc65-cc2b-5214-8e98-ee305a52c17a,SKILL_74,Subtraction Whole Numbers,math :: number sense & operations :: subtraction whole numbers,Number Sense & Operations,ontology_template,help_request
Teach me about Subtraction Whole Numbers,1d3acc65-cc2b-5214-8e98-ee305a52c17a,SKILL_74,Subtraction Whole Numbers,math :: number sense & operations :: subtraction whole numbers,Number Sense & Operations,ontology_template,learning_request
How do you calculate Subtraction Whole Numbers?,1d3acc65-cc2b-5214-8e98-ee305a52c17a,SKILL_74,Subtraction Whole Numbers,math :: number sense & operations :: subtraction whole numbers,Number Sense & Operations,ontology_template,calculation_question
Subtraction Whole Numbers,1d3acc65-cc2b-5214-8e98-ee305a52c17a,SKILL_74,Subtraction Whole Numbers,math :: number sense & operations :: subtraction whole numbers,Number Sense & Operations,ontology_template,direct_mention
I need help with Square Root,e38e1bca-6961-5398-8f33-ff21e4b8a4d7,SKILL_75,Square Root,math :: number sense & operations :: square root,Number Sense & Operations,ontology_template,help_request
Can you explain Square Root?,e38e1bca-6961-5398-8f33-ff21e4b8a4d7,SKILL_75,Square Root,math :: number sense & operations :: square root,Number Sense & Operations,ontology_template,explanation_request
How do I solve problems about Square Root?,e38e1bca-6961-5398-8f33-ff21e4b8a4d7,SKILL_75,Square Root,math :: number sense & operations :: square root,Number Sense & Operations,ontology_template,problem_solving
I don't understand Square Root,e38e1bca-6961-5398-8f33-ff21e4b8a4d7,SKILL_75,Square Root,math :: number sense & operations :: square root,Number Sense & Operations,ontology_template,misunderstanding_statement
Show me how Square Root works,e38e1bca-6961-5398-8f33-ff21e4b8a4d7,SKILL_75,Square Root,math :: number sense & operations :: square root,Number Sense & Operations,ontology_template,instruction_request
I need to practice Square Root,e38e1bca-6961-5398-8f33-ff21e4b8a4d7,SKILL_75,Square Root,math :: number sense & operations :: square root,Number Sense & Operations,ontology_template,practice_request
Can you help me learn Square Root?,e38e1bca-6961-5398-8f33-ff21e4b8a4d7,SKILL_75,Square Root,math :: number sense & operations :: square root,Number Sense & Operations,ontology_template,learning_request
What does Square Root mean?,e38e1bca-6961-5398-8f33-ff21e4b8a4d7,SKILL_75,Square Root,math :: number sense & operations :: square root,Number Sense & Operations,ontology_template,definition_request
Give me an example of Square Root,e38e1bca-6961-5398-8f33-ff21e4b8a4d7,SKILL_75,Square Root,math :: number sense & operations :: square root,Number Sense & Operations,ontology_template,example_request
How does Square Root work in math?,e38e1bca-6961-5398-8f33-ff21e4b8a4d7,SKILL_75,Square Root,math :: number sense & operations :: square root,Number Sense & Operations,ontology_template,concept_question
I am having trouble with Square Root,e38e1bca-6961-5398-8f33-ff21e4b8a4d7,SKILL_75,Square Root,math :: number sense & operations :: square root,Number Sense & Operations,ontology_template,struggle_statement
Can we review Square Root together?,e38e1bca-6961-5398-8f33-ff21e4b8a4d7,SKILL_75,Square Root,math :: number sense & operations :: square root,Number Sense & Operations,ontology_template,review_request
Explain the concept of Square Root,e38e1bca-6961-5398-8f33-ff21e4b8a4d7,SKILL_75,Square Root,math :: number sense & operations :: square root,Number Sense & Operations,ontology_template,explanation_request
What is the rule for Square Root?,e38e1bca-6961-5398-8f33-ff21e4b8a4d7,SKILL_75,Square Root,math :: number sense & operations :: square root,Number Sense & Operations,ontology_template,rule_question
Help me understand Square Root,e38e1bca-6961-5398-8f33-ff21e4b8a4d7,SKILL_75,Square Root,math :: number sense & operations :: square root,Number Sense & Operations,ontology_template,help_request
Teach me about Square Root,e38e1bca-6961-5398-8f33-ff21e4b8a4d7,SKILL_75,Square Root,math :: number sense & operations :: square root,Number Sense & Operations,ontology_template,learning_request
How do you calculate Square Root?,e38e1bca-6961-5398-8f33-ff21e4b8a4d7,SKILL_75,Square Root,math :: number sense & operations :: square root,Number Sense & Operations,ontology_template,calculation_question
Square Root,e38e1bca-6961-5398-8f33-ff21e4b8a4d7,SKILL_75,Square Root,math :: number sense & operations :: square root,Number Sense & Operations,ontology_template,direct_mention
I need help with Finding Percents,1de80859-8231-5aac-8167-205998ce02ea,SKILL_77,Finding Percents,math :: proportional reasoning & percents :: finding percents,Proportional Reasoning & Percents,ontology_template,help_request
Can you explain Finding Percents?,1de80859-8231-5aac-8167-205998ce02ea,SKILL_77,Finding Percents,math :: proportional reasoning & percents :: finding percents,Proportional Reasoning & Percents,ontology_template,explanation_request
How do I solve problems about Finding Percents?,1de80859-8231-5aac-8167-205998ce02ea,SKILL_77,Finding Percents,math :: proportional reasoning & percents :: finding percents,Proportional Reasoning & Percents,ontology_template,problem_solving
I don't understand Finding Percents,1de80859-8231-5aac-8167-205998ce02ea,SKILL_77,Finding Percents,math :: proportional reasoning & percents :: finding percents,Proportional Reasoning & Percents,ontology_template,misunderstanding_statement
Show me how Finding Percents works,1de80859-8231-5aac-8167-205998ce02ea,SKILL_77,Finding Percents,math :: proportional reasoning & percents :: finding percents,Proportional Reasoning & Percents,ontology_template,instruction_request
I need to practice Finding Percents,1de80859-8231-5aac-8167-205998ce02ea,SKILL_77,Finding Percents,math :: proportional reasoning & percents :: finding percents,Proportional Reasoning & Percents,ontology_template,practice_request
Can you help me learn Finding Percents?,1de80859-8231-5aac-8167-205998ce02ea,SKILL_77,Finding Percents,math :: proportional reasoning & percents :: finding percents,Proportional Reasoning & Percents,ontology_template,learning_request
What does Finding Percents mean?,1de80859-8231-5aac-8167-205998ce02ea,SKILL_77,Finding Percents,math :: proportional reasoning & percents :: finding percents,Proportional Reasoning & Percents,ontology_template,definition_request
Give me an example of Finding Percents,1de80859-8231-5aac-8167-205998ce02ea,SKILL_77,Finding Percents,math :: proportional reasoning & percents :: finding percents,Proportional Reasoning & Percents,ontology_template,example_request
How does Finding Percents work in math?,1de80859-8231-5aac-8167-205998ce02ea,SKILL_77,Finding Percents,math :: proportional reasoning & percents :: finding percents,Proportional Reasoning & Percents,ontology_template,concept_question
I am having trouble with Finding Percents,1de80859-8231-5aac-8167-205998ce02ea,SKILL_77,Finding Percents,math :: proportional reasoning & percents :: finding percents,Proportional Reasoning & Percents,ontology_template,struggle_statement
Can we review Finding Percents together?,1de80859-8231-5aac-8167-205998ce02ea,SKILL_77,Finding Percents,math :: proportional reasoning & percents :: finding percents,Proportional Reasoning & Percents,ontology_template,review_request
Explain the concept of Finding Percents,1de80859-8231-5aac-8167-205998ce02ea,SKILL_77,Finding Percents,math :: proportional reasoning & percents :: finding percents,Proportional Reasoning & Percents,ontology_template,explanation_request
What is the rule for Finding Percents?,1de80859-8231-5aac-8167-205998ce02ea,SKILL_77,Finding Percents,math :: proportional reasoning & percents :: finding percents,Proportional Reasoning & Percents,ontology_template,rule_question
Help me understand Finding Percents,1de80859-8231-5aac-8167-205998ce02ea,SKILL_77,Finding Percents,math :: proportional reasoning & percents :: finding percents,Proportional Reasoning & Percents,ontology_template,help_request
Teach me about Finding Percents,1de80859-8231-5aac-8167-205998ce02ea,SKILL_77,Finding Percents,math :: proportional reasoning & percents :: finding percents,Proportional Reasoning & Percents,ontology_template,learning_request
How do you calculate Finding Percents?,1de80859-8231-5aac-8167-205998ce02ea,SKILL_77,Finding Percents,math :: proportional reasoning & percents :: finding percents,Proportional Reasoning & Percents,ontology_template,calculation_question
Finding Percents,1de80859-8231-5aac-8167-205998ce02ea,SKILL_77,Finding Percents,math :: proportional reasoning & percents :: finding percents,Proportional Reasoning & Percents,ontology_template,direct_mention
I need help with Proportion,02928757-64cc-5669-83b9-ab33a8dc95d4,SKILL_79,Proportion,math :: proportional reasoning & percents :: proportion,Proportional Reasoning & Percents,ontology_template,help_request
Can you explain Proportion?,02928757-64cc-5669-83b9-ab33a8dc95d4,SKILL_79,Proportion,math :: proportional reasoning & percents :: proportion,Proportional Reasoning & Percents,ontology_template,explanation_request
How do I solve problems about Proportion?,02928757-64cc-5669-83b9-ab33a8dc95d4,SKILL_79,Proportion,math :: proportional reasoning & percents :: proportion,Proportional Reasoning & Percents,ontology_template,problem_solving
I don't understand Proportion,02928757-64cc-5669-83b9-ab33a8dc95d4,SKILL_79,Proportion,math :: proportional reasoning & percents :: proportion,Proportional Reasoning & Percents,ontology_template,misunderstanding_statement
Show me how Proportion works,02928757-64cc-5669-83b9-ab33a8dc95d4,SKILL_79,Proportion,math :: proportional reasoning & percents :: proportion,Proportional Reasoning & Percents,ontology_template,instruction_request
I need to practice Proportion,02928757-64cc-5669-83b9-ab33a8dc95d4,SKILL_79,Proportion,math :: proportional reasoning & percents :: proportion,Proportional Reasoning & Percents,ontology_template,practice_request
Can you help me learn Proportion?,02928757-64cc-5669-83b9-ab33a8dc95d4,SKILL_79,Proportion,math :: proportional reasoning & percents :: proportion,Proportional Reasoning & Percents,ontology_template,learning_request
What does Proportion mean?,02928757-64cc-5669-83b9-ab33a8dc95d4,SKILL_79,Proportion,math :: proportional reasoning & percents :: proportion,Proportional Reasoning & Percents,ontology_template,definition_request
Give me an example of Proportion,02928757-64cc-5669-83b9-ab33a8dc95d4,SKILL_79,Proportion,math :: proportional reasoning & percents :: proportion,Proportional Reasoning & Percents,ontology_template,example_request
How does Proportion work in math?,02928757-64cc-5669-83b9-ab33a8dc95d4,SKILL_79,Proportion,math :: proportional reasoning & percents :: proportion,Proportional Reasoning & Percents,ontology_template,concept_question
I am having trouble with Proportion,02928757-64cc-5669-83b9-ab33a8dc95d4,SKILL_79,Proportion,math :: proportional reasoning & percents :: proportion,Proportional Reasoning & Percents,ontology_template,struggle_statement
Can we review Proportion together?,02928757-64cc-5669-83b9-ab33a8dc95d4,SKILL_79,Proportion,math :: proportional reasoning & percents :: proportion,Proportional Reasoning & Percents,ontology_template,review_request
Explain the concept of Proportion,02928757-64cc-5669-83b9-ab33a8dc95d4,SKILL_79,Proportion,math :: proportional reasoning & percents :: proportion,Proportional Reasoning & Percents,ontology_template,explanation_request
What is the rule for Proportion?,02928757-64cc-5669-83b9-ab33a8dc95d4,SKILL_79,Proportion,math :: proportional reasoning & percents :: proportion,Proportional Reasoning & Percents,ontology_template,rule_question
Help me understand Proportion,02928757-64cc-5669-83b9-ab33a8dc95d4,SKILL_79,Proportion,math :: proportional reasoning & percents :: proportion,Proportional Reasoning & Percents,ontology_template,help_request
Teach me about Proportion,02928757-64cc-5669-83b9-ab33a8dc95d4,SKILL_79,Proportion,math :: proportional reasoning & percents :: proportion,Proportional Reasoning & Percents,ontology_template,learning_request
How do you calculate Proportion?,02928757-64cc-5669-83b9-ab33a8dc95d4,SKILL_79,Proportion,math :: proportional reasoning & percents :: proportion,Proportional Reasoning & Percents,ontology_template,calculation_question
Proportion,02928757-64cc-5669-83b9-ab33a8dc95d4,SKILL_79,Proportion,math :: proportional reasoning & percents :: proportion,Proportional Reasoning & Percents,ontology_template,direct_mention
I need help with Scale Factor,21ff2ecc-1044-5112-8c49-fd9ff667de35,SKILL_80,Scale Factor,math :: proportional reasoning & percents :: scale factor,Proportional Reasoning & Percents,ontology_template,help_request
Can you explain Scale Factor?,21ff2ecc-1044-5112-8c49-fd9ff667de35,SKILL_80,Scale Factor,math :: proportional reasoning & percents :: scale factor,Proportional Reasoning & Percents,ontology_template,explanation_request
How do I solve problems about Scale Factor?,21ff2ecc-1044-5112-8c49-fd9ff667de35,SKILL_80,Scale Factor,math :: proportional reasoning & percents :: scale factor,Proportional Reasoning & Percents,ontology_template,problem_solving
I don't understand Scale Factor,21ff2ecc-1044-5112-8c49-fd9ff667de35,SKILL_80,Scale Factor,math :: proportional reasoning & percents :: scale factor,Proportional Reasoning & Percents,ontology_template,misunderstanding_statement
Show me how Scale Factor works,21ff2ecc-1044-5112-8c49-fd9ff667de35,SKILL_80,Scale Factor,math :: proportional reasoning & percents :: scale factor,Proportional Reasoning & Percents,ontology_template,instruction_request
I need to practice Scale Factor,21ff2ecc-1044-5112-8c49-fd9ff667de35,SKILL_80,Scale Factor,math :: proportional reasoning & percents :: scale factor,Proportional Reasoning & Percents,ontology_template,practice_request
Can you help me learn Scale Factor?,21ff2ecc-1044-5112-8c49-fd9ff667de35,SKILL_80,Scale Factor,math :: proportional reasoning & percents :: scale factor,Proportional Reasoning & Percents,ontology_template,learning_request
What does Scale Factor mean?,21ff2ecc-1044-5112-8c49-fd9ff667de35,SKILL_80,Scale Factor,math :: proportional reasoning & percents :: scale factor,Proportional Reasoning & Percents,ontology_template,definition_request
Give me an example of Scale Factor,21ff2ecc-1044-5112-8c49-fd9ff667de35,SKILL_80,Scale Factor,math :: proportional reasoning & percents :: scale factor,Proportional Reasoning & Percents,ontology_template,example_request
How does Scale Factor work in math?,21ff2ecc-1044-5112-8c49-fd9ff667de35,SKILL_80,Scale Factor,math :: proportional reasoning & percents :: scale factor,Proportional Reasoning & Percents,ontology_template,concept_question
I am having trouble with Scale Factor,21ff2ecc-1044-5112-8c49-fd9ff667de35,SKILL_80,Scale Factor,math :: proportional reasoning & percents :: scale factor,Proportional Reasoning & Percents,ontology_template,struggle_statement
Can we review Scale Factor together?,21ff2ecc-1044-5112-8c49-fd9ff667de35,SKILL_80,Scale Factor,math :: proportional reasoning & percents :: scale factor,Proportional Reasoning & Percents,ontology_template,review_request
Explain the concept of Scale Factor,21ff2ecc-1044-5112-8c49-fd9ff667de35,SKILL_80,Scale Factor,math :: proportional reasoning & percents :: scale factor,Proportional Reasoning & Percents,ontology_template,explanation_request
What is the rule for Scale Factor?,21ff2ecc-1044-5112-8c49-fd9ff667de35,SKILL_80,Scale Factor,math :: proportional reasoning & percents :: scale factor,Proportional Reasoning & Percents,ontology_template,rule_question
Help me understand Scale Factor,21ff2ecc-1044-5112-8c49-fd9ff667de35,SKILL_80,Scale Factor,math :: proportional reasoning & percents :: scale factor,Proportional Reasoning & Percents,ontology_template,help_request
Teach me about Scale Factor,21ff2ecc-1044-5112-8c49-fd9ff667de35,SKILL_80,Scale Factor,math :: proportional reasoning & percents :: scale factor,Proportional Reasoning & Percents,ontology_template,learning_request
How do you calculate Scale Factor?,21ff2ecc-1044-5112-8c49-fd9ff667de35,SKILL_80,Scale Factor,math :: proportional reasoning & percents :: scale factor,Proportional Reasoning & Percents,ontology_template,calculation_question
Scale Factor,21ff2ecc-1044-5112-8c49-fd9ff667de35,SKILL_80,Scale Factor,math :: proportional reasoning & percents :: scale factor,Proportional Reasoning & Percents,ontology_template,direct_mention
I need help with Unit Rate,793040b8-b7d9-518a-89e2-a476e4c6cbd3,SKILL_81,Unit Rate,math :: proportional reasoning & percents :: unit rate,Proportional Reasoning & Percents,ontology_template,help_request
Can you explain Unit Rate?,793040b8-b7d9-518a-89e2-a476e4c6cbd3,SKILL_81,Unit Rate,math :: proportional reasoning & percents :: unit rate,Proportional Reasoning & Percents,ontology_template,explanation_request
How do I solve problems about Unit Rate?,793040b8-b7d9-518a-89e2-a476e4c6cbd3,SKILL_81,Unit Rate,math :: proportional reasoning & percents :: unit rate,Proportional Reasoning & Percents,ontology_template,problem_solving
I don't understand Unit Rate,793040b8-b7d9-518a-89e2-a476e4c6cbd3,SKILL_81,Unit Rate,math :: proportional reasoning & percents :: unit rate,Proportional Reasoning & Percents,ontology_template,misunderstanding_statement
Show me how Unit Rate works,793040b8-b7d9-518a-89e2-a476e4c6cbd3,SKILL_81,Unit Rate,math :: proportional reasoning & percents :: unit rate,Proportional Reasoning & Percents,ontology_template,instruction_request
I need to practice Unit Rate,793040b8-b7d9-518a-89e2-a476e4c6cbd3,SKILL_81,Unit Rate,math :: proportional reasoning & percents :: unit rate,Proportional Reasoning & Percents,ontology_template,practice_request
Can you help me learn Unit Rate?,793040b8-b7d9-518a-89e2-a476e4c6cbd3,SKILL_81,Unit Rate,math :: proportional reasoning & percents :: unit rate,Proportional Reasoning & Percents,ontology_template,learning_request
What does Unit Rate mean?,793040b8-b7d9-518a-89e2-a476e4c6cbd3,SKILL_81,Unit Rate,math :: proportional reasoning & percents :: unit rate,Proportional Reasoning & Percents,ontology_template,definition_request
Give me an example of Unit Rate,793040b8-b7d9-518a-89e2-a476e4c6cbd3,SKILL_81,Unit Rate,math :: proportional reasoning & percents :: unit rate,Proportional Reasoning & Percents,ontology_template,example_request
How does Unit Rate work in math?,793040b8-b7d9-518a-89e2-a476e4c6cbd3,SKILL_81,Unit Rate,math :: proportional reasoning & percents :: unit rate,Proportional Reasoning & Percents,ontology_template,concept_question
I am having trouble with Unit Rate,793040b8-b7d9-518a-89e2-a476e4c6cbd3,SKILL_81,Unit Rate,math :: proportional reasoning & percents :: unit rate,Proportional Reasoning & Percents,ontology_template,struggle_statement
Can we review Unit Rate together?,793040b8-b7d9-518a-89e2-a476e4c6cbd3,SKILL_81,Unit Rate,math :: proportional reasoning & percents :: unit rate,Proportional Reasoning & Percents,ontology_template,review_request
Explain the concept of Unit Rate,793040b8-b7d9-518a-89e2-a476e4c6cbd3,SKILL_81,Unit Rate,math :: proportional reasoning & percents :: unit rate,Proportional Reasoning & Percents,ontology_template,explanation_request
What is the rule for Unit Rate?,793040b8-b7d9-518a-89e2-a476e4c6cbd3,SKILL_81,Unit Rate,math :: proportional reasoning & percents :: unit rate,Proportional Reasoning & Percents,ontology_template,rule_question
Help me understand Unit Rate,793040b8-b7d9-518a-89e2-a476e4c6cbd3,SKILL_81,Unit Rate,math :: proportional reasoning & percents :: unit rate,Proportional Reasoning & Percents,ontology_template,help_request
Teach me about Unit Rate,793040b8-b7d9-518a-89e2-a476e4c6cbd3,SKILL_81,Unit Rate,math :: proportional reasoning & percents :: unit rate,Proportional Reasoning & Percents,ontology_template,learning_request
How do you calculate Unit Rate?,793040b8-b7d9-518a-89e2-a476e4c6cbd3,SKILL_81,Unit Rate,math :: proportional reasoning & percents :: unit rate,Proportional Reasoning & Percents,ontology_template,calculation_question
Unit Rate,793040b8-b7d9-518a-89e2-a476e4c6cbd3,SKILL_81,Unit Rate,math :: proportional reasoning & percents :: unit rate,Proportional Reasoning & Percents,ontology_template,direct_mention
I need help with Scientific Notation,6fe5b96a-9721-540a-bddb-17d339282774,SKILL_82,Scientific Notation,math :: number sense & operations :: scientific notation,Number Sense & Operations,ontology_template,help_request
Can you explain Scientific Notation?,6fe5b96a-9721-540a-bddb-17d339282774,SKILL_82,Scientific Notation,math :: number sense & operations :: scientific notation,Number Sense & Operations,ontology_template,explanation_request
How do I solve problems about Scientific Notation?,6fe5b96a-9721-540a-bddb-17d339282774,SKILL_82,Scientific Notation,math :: number sense & operations :: scientific notation,Number Sense & Operations,ontology_template,problem_solving
I don't understand Scientific Notation,6fe5b96a-9721-540a-bddb-17d339282774,SKILL_82,Scientific Notation,math :: number sense & operations :: scientific notation,Number Sense & Operations,ontology_template,misunderstanding_statement
Show me how Scientific Notation works,6fe5b96a-9721-540a-bddb-17d339282774,SKILL_82,Scientific Notation,math :: number sense & operations :: scientific notation,Number Sense & Operations,ontology_template,instruction_request
I need to practice Scientific Notation,6fe5b96a-9721-540a-bddb-17d339282774,SKILL_82,Scientific Notation,math :: number sense & operations :: scientific notation,Number Sense & Operations,ontology_template,practice_request
Can you help me learn Scientific Notation?,6fe5b96a-9721-540a-bddb-17d339282774,SKILL_82,Scientific Notation,math :: number sense & operations :: scientific notation,Number Sense & Operations,ontology_template,learning_request
What does Scientific Notation mean?,6fe5b96a-9721-540a-bddb-17d339282774,SKILL_82,Scientific Notation,math :: number sense & operations :: scientific notation,Number Sense & Operations,ontology_template,definition_request
Give me an example of Scientific Notation,6fe5b96a-9721-540a-bddb-17d339282774,SKILL_82,Scientific Notation,math :: number sense & operations :: scientific notation,Number Sense & Operations,ontology_template,example_request
How does Scientific Notation work in math?,6fe5b96a-9721-540a-bddb-17d339282774,SKILL_82,Scientific Notation,math :: number sense & operations :: scientific notation,Number Sense & Operations,ontology_template,concept_question
I am having trouble with Scientific Notation,6fe5b96a-9721-540a-bddb-17d339282774,SKILL_82,Scientific Notation,math :: number sense & operations :: scientific notation,Number Sense & Operations,ontology_template,struggle_statement
Can we review Scientific Notation together?,6fe5b96a-9721-540a-bddb-17d339282774,SKILL_82,Scientific Notation,math :: number sense & operations :: scientific notation,Number Sense & Operations,ontology_template,review_request
Explain the concept of Scientific Notation,6fe5b96a-9721-540a-bddb-17d339282774,SKILL_82,Scientific Notation,math :: number sense & operations :: scientific notation,Number Sense & Operations,ontology_template,explanation_request
What is the rule for Scientific Notation?,6fe5b96a-9721-540a-bddb-17d339282774,SKILL_82,Scientific Notation,math :: number sense & operations :: scientific notation,Number Sense & Operations,ontology_template,rule_question
Help me understand Scientific Notation,6fe5b96a-9721-540a-bddb-17d339282774,SKILL_82,Scientific Notation,math :: number sense & operations :: scientific notation,Number Sense & Operations,ontology_template,help_request
Teach me about Scientific Notation,6fe5b96a-9721-540a-bddb-17d339282774,SKILL_82,Scientific Notation,math :: number sense & operations :: scientific notation,Number Sense & Operations,ontology_template,learning_request
How do you calculate Scientific Notation?,6fe5b96a-9721-540a-bddb-17d339282774,SKILL_82,Scientific Notation,math :: number sense & operations :: scientific notation,Number Sense & Operations,ontology_template,calculation_question
Scientific Notation,6fe5b96a-9721-540a-bddb-17d339282774,SKILL_82,Scientific Notation,math :: number sense & operations :: scientific notation,Number Sense & Operations,ontology_template,direct_mention
I need help with Divisibility Rules,ded8f192-e01c-5e2b-81dd-801638010533,SKILL_83,Divisibility Rules,math :: number sense & operations :: divisibility rules,Number Sense & Operations,ontology_template,help_request
Can you explain Divisibility Rules?,ded8f192-e01c-5e2b-81dd-801638010533,SKILL_83,Divisibility Rules,math :: number sense & operations :: divisibility rules,Number Sense & Operations,ontology_template,explanation_request
How do I solve problems about Divisibility Rules?,ded8f192-e01c-5e2b-81dd-801638010533,SKILL_83,Divisibility Rules,math :: number sense & operations :: divisibility rules,Number Sense & Operations,ontology_template,problem_solving
I don't understand Divisibility Rules,ded8f192-e01c-5e2b-81dd-801638010533,SKILL_83,Divisibility Rules,math :: number sense & operations :: divisibility rules,Number Sense & Operations,ontology_template,misunderstanding_statement
Show me how Divisibility Rules works,ded8f192-e01c-5e2b-81dd-801638010533,SKILL_83,Divisibility Rules,math :: number sense & operations :: divisibility rules,Number Sense & Operations,ontology_template,instruction_request
I need to practice Divisibility Rules,ded8f192-e01c-5e2b-81dd-801638010533,SKILL_83,Divisibility Rules,math :: number sense & operations :: divisibility rules,Number Sense & Operations,ontology_template,practice_request
Can you help me learn Divisibility Rules?,ded8f192-e01c-5e2b-81dd-801638010533,SKILL_83,Divisibility Rules,math :: number sense & operations :: divisibility rules,Number Sense & Operations,ontology_template,learning_request
What does Divisibility Rules mean?,ded8f192-e01c-5e2b-81dd-801638010533,SKILL_83,Divisibility Rules,math :: number sense & operations :: divisibility rules,Number Sense & Operations,ontology_template,definition_request
Give me an example of Divisibility Rules,ded8f192-e01c-5e2b-81dd-801638010533,SKILL_83,Divisibility Rules,math :: number sense & operations :: divisibility rules,Number Sense & Operations,ontology_template,example_request
How does Divisibility Rules work in math?,ded8f192-e01c-5e2b-81dd-801638010533,SKILL_83,Divisibility Rules,math :: number sense & operations :: divisibility rules,Number Sense & Operations,ontology_template,concept_question
I am having trouble with Divisibility Rules,ded8f192-e01c-5e2b-81dd-801638010533,SKILL_83,Divisibility Rules,math :: number sense & operations :: divisibility rules,Number Sense & Operations,ontology_template,struggle_statement
Can we review Divisibility Rules together?,ded8f192-e01c-5e2b-81dd-801638010533,SKILL_83,Divisibility Rules,math :: number sense & operations :: divisibility rules,Number Sense & Operations,ontology_template,review_request
Explain the concept of Divisibility Rules,ded8f192-e01c-5e2b-81dd-801638010533,SKILL_83,Divisibility Rules,math :: number sense & operations :: divisibility rules,Number Sense & Operations,ontology_template,explanation_request
What is the rule for Divisibility Rules?,ded8f192-e01c-5e2b-81dd-801638010533,SKILL_83,Divisibility Rules,math :: number sense & operations :: divisibility rules,Number Sense & Operations,ontology_template,rule_question
Help me understand Divisibility Rules,ded8f192-e01c-5e2b-81dd-801638010533,SKILL_83,Divisibility Rules,math :: number sense & operations :: divisibility rules,Number Sense & Operations,ontology_template,help_request
Teach me about Divisibility Rules,ded8f192-e01c-5e2b-81dd-801638010533,SKILL_83,Divisibility Rules,math :: number sense & operations :: divisibility rules,Number Sense & Operations,ontology_template,learning_request
How do you calculate Divisibility Rules?,ded8f192-e01c-5e2b-81dd-801638010533,SKILL_83,Divisibility Rules,math :: number sense & operations :: divisibility rules,Number Sense & Operations,ontology_template,calculation_question
Divisibility Rules,ded8f192-e01c-5e2b-81dd-801638010533,SKILL_83,Divisibility Rules,math :: number sense & operations :: divisibility rules,Number Sense & Operations,ontology_template,direct_mention
I need help with Prime Number,08b95b78-6ddf-57fc-8753-324f905d7b9c,SKILL_84,Prime Number,math :: number sense & operations :: prime number,Number Sense & Operations,ontology_template,help_request
Can you explain Prime Number?,08b95b78-6ddf-57fc-8753-324f905d7b9c,SKILL_84,Prime Number,math :: number sense & operations :: prime number,Number Sense & Operations,ontology_template,explanation_request
How do I solve problems about Prime Number?,08b95b78-6ddf-57fc-8753-324f905d7b9c,SKILL_84,Prime Number,math :: number sense & operations :: prime number,Number Sense & Operations,ontology_template,problem_solving
I don't understand Prime Number,08b95b78-6ddf-57fc-8753-324f905d7b9c,SKILL_84,Prime Number,math :: number sense & operations :: prime number,Number Sense & Operations,ontology_template,misunderstanding_statement
Show me how Prime Number works,08b95b78-6ddf-57fc-8753-324f905d7b9c,SKILL_84,Prime Number,math :: number sense & operations :: prime number,Number Sense & Operations,ontology_template,instruction_request
I need to practice Prime Number,08b95b78-6ddf-57fc-8753-324f905d7b9c,SKILL_84,Prime Number,math :: number sense & operations :: prime number,Number Sense & Operations,ontology_template,practice_request
Can you help me learn Prime Number?,08b95b78-6ddf-57fc-8753-324f905d7b9c,SKILL_84,Prime Number,math :: number sense & operations :: prime number,Number Sense & Operations,ontology_template,learning_request
What does Prime Number mean?,08b95b78-6ddf-57fc-8753-324f905d7b9c,SKILL_84,Prime Number,math :: number sense & operations :: prime number,Number Sense & Operations,ontology_template,definition_request
Give me an example of Prime Number,08b95b78-6ddf-57fc-8753-324f905d7b9c,SKILL_84,Prime Number,math :: number sense & operations :: prime number,Number Sense & Operations,ontology_template,example_request
How does Prime Number work in math?,08b95b78-6ddf-57fc-8753-324f905d7b9c,SKILL_84,Prime Number,math :: number sense & operations :: prime number,Number Sense & Operations,ontology_template,concept_question
I am having trouble with Prime Number,08b95b78-6ddf-57fc-8753-324f905d7b9c,SKILL_84,Prime Number,math :: number sense & operations :: prime number,Number Sense & Operations,ontology_template,struggle_statement
Can we review Prime Number together?,08b95b78-6ddf-57fc-8753-324f905d7b9c,SKILL_84,Prime Number,math :: number sense & operations :: prime number,Number Sense & Operations,ontology_template,review_request
Explain the concept of Prime Number,08b95b78-6ddf-57fc-8753-324f905d7b9c,SKILL_84,Prime Number,math :: number sense & operations :: prime number,Number Sense & Operations,ontology_template,explanation_request
What is the rule for Prime Number?,08b95b78-6ddf-57fc-8753-324f905d7b9c,SKILL_84,Prime Number,math :: number sense & operations :: prime number,Number Sense & Operations,ontology_template,rule_question
Help me understand Prime Number,08b95b78-6ddf-57fc-8753-324f905d7b9c,SKILL_84,Prime Number,math :: number sense & operations :: prime number,Number Sense & Operations,ontology_template,help_request
Teach me about Prime Number,08b95b78-6ddf-57fc-8753-324f905d7b9c,SKILL_84,Prime Number,math :: number sense & operations :: prime number,Number Sense & Operations,ontology_template,learning_request
How do you calculate Prime Number?,08b95b78-6ddf-57fc-8753-324f905d7b9c,SKILL_84,Prime Number,math :: number sense & operations :: prime number,Number Sense & Operations,ontology_template,calculation_question
Prime Number,08b95b78-6ddf-57fc-8753-324f905d7b9c,SKILL_84,Prime Number,math :: number sense & operations :: prime number,Number Sense & Operations,ontology_template,direct_mention
I need help with Absolute Value,7223d884-97d1-55ba-81a9-3a6e108b3de3,SKILL_85,Absolute Value,math :: number sense & operations :: absolute value,Number Sense & Operations,ontology_template,help_request
Can you explain Absolute Value?,7223d884-97d1-55ba-81a9-3a6e108b3de3,SKILL_85,Absolute Value,math :: number sense & operations :: absolute value,Number Sense & Operations,ontology_template,explanation_request
How do I solve problems about Absolute Value?,7223d884-97d1-55ba-81a9-3a6e108b3de3,SKILL_85,Absolute Value,math :: number sense & operations :: absolute value,Number Sense & Operations,ontology_template,problem_solving
I don't understand Absolute Value,7223d884-97d1-55ba-81a9-3a6e108b3de3,SKILL_85,Absolute Value,math :: number sense & operations :: absolute value,Number Sense & Operations,ontology_template,misunderstanding_statement
Show me how Absolute Value works,7223d884-97d1-55ba-81a9-3a6e108b3de3,SKILL_85,Absolute Value,math :: number sense & operations :: absolute value,Number Sense & Operations,ontology_template,instruction_request
I need to practice Absolute Value,7223d884-97d1-55ba-81a9-3a6e108b3de3,SKILL_85,Absolute Value,math :: number sense & operations :: absolute value,Number Sense & Operations,ontology_template,practice_request
Can you help me learn Absolute Value?,7223d884-97d1-55ba-81a9-3a6e108b3de3,SKILL_85,Absolute Value,math :: number sense & operations :: absolute value,Number Sense & Operations,ontology_template,learning_request
What does Absolute Value mean?,7223d884-97d1-55ba-81a9-3a6e108b3de3,SKILL_85,Absolute Value,math :: number sense & operations :: absolute value,Number Sense & Operations,ontology_template,definition_request
Give me an example of Absolute Value,7223d884-97d1-55ba-81a9-3a6e108b3de3,SKILL_85,Absolute Value,math :: number sense & operations :: absolute value,Number Sense & Operations,ontology_template,example_request
How does Absolute Value work in math?,7223d884-97d1-55ba-81a9-3a6e108b3de3,SKILL_85,Absolute Value,math :: number sense & operations :: absolute value,Number Sense & Operations,ontology_template,concept_question
I am having trouble with Absolute Value,7223d884-97d1-55ba-81a9-3a6e108b3de3,SKILL_85,Absolute Value,math :: number sense & operations :: absolute value,Number Sense & Operations,ontology_template,struggle_statement
Can we review Absolute Value together?,7223d884-97d1-55ba-81a9-3a6e108b3de3,SKILL_85,Absolute Value,math :: number sense & operations :: absolute value,Number Sense & Operations,ontology_template,review_request
Explain the concept of Absolute Value,7223d884-97d1-55ba-81a9-3a6e108b3de3,SKILL_85,Absolute Value,math :: number sense & operations :: absolute value,Number Sense & Operations,ontology_template,explanation_request
What is the rule for Absolute Value?,7223d884-97d1-55ba-81a9-3a6e108b3de3,SKILL_85,Absolute Value,math :: number sense & operations :: absolute value,Number Sense & Operations,ontology_template,rule_question
Help me understand Absolute Value,7223d884-97d1-55ba-81a9-3a6e108b3de3,SKILL_85,Absolute Value,math :: number sense & operations :: absolute value,Number Sense & Operations,ontology_template,help_request
Teach me about Absolute Value,7223d884-97d1-55ba-81a9-3a6e108b3de3,SKILL_85,Absolute Value,math :: number sense & operations :: absolute value,Number Sense & Operations,ontology_template,learning_request
How do you calculate Absolute Value?,7223d884-97d1-55ba-81a9-3a6e108b3de3,SKILL_85,Absolute Value,math :: number sense & operations :: absolute value,Number Sense & Operations,ontology_template,calculation_question
Absolute Value,7223d884-97d1-55ba-81a9-3a6e108b3de3,SKILL_85,Absolute Value,math :: number sense & operations :: absolute value,Number Sense & Operations,ontology_template,direct_mention
I need help with Exponents,7f8ad589-e725-5f2c-b353-f6e27b9b883c,SKILL_86,Exponents,math :: number sense & operations :: exponents,Number Sense & Operations,ontology_template,help_request
Can you explain Exponents?,7f8ad589-e725-5f2c-b353-f6e27b9b883c,SKILL_86,Exponents,math :: number sense & operations :: exponents,Number Sense & Operations,ontology_template,explanation_request
How do I solve problems about Exponents?,7f8ad589-e725-5f2c-b353-f6e27b9b883c,SKILL_86,Exponents,math :: number sense & operations :: exponents,Number Sense & Operations,ontology_template,problem_solving
I don't understand Exponents,7f8ad589-e725-5f2c-b353-f6e27b9b883c,SKILL_86,Exponents,math :: number sense & operations :: exponents,Number Sense & Operations,ontology_template,misunderstanding_statement
Show me how Exponents works,7f8ad589-e725-5f2c-b353-f6e27b9b883c,SKILL_86,Exponents,math :: number sense & operations :: exponents,Number Sense & Operations,ontology_template,instruction_request
I need to practice Exponents,7f8ad589-e725-5f2c-b353-f6e27b9b883c,SKILL_86,Exponents,math :: number sense & operations :: exponents,Number Sense & Operations,ontology_template,practice_request
Can you help me learn Exponents?,7f8ad589-e725-5f2c-b353-f6e27b9b883c,SKILL_86,Exponents,math :: number sense & operations :: exponents,Number Sense & Operations,ontology_template,learning_request
What does Exponents mean?,7f8ad589-e725-5f2c-b353-f6e27b9b883c,SKILL_86,Exponents,math :: number sense & operations :: exponents,Number Sense & Operations,ontology_template,definition_request
Give me an example of Exponents,7f8ad589-e725-5f2c-b353-f6e27b9b883c,SKILL_86,Exponents,math :: number sense & operations :: exponents,Number Sense & Operations,ontology_template,example_request
How does Exponents work in math?,7f8ad589-e725-5f2c-b353-f6e27b9b883c,SKILL_86,Exponents,math :: number sense & operations :: exponents,Number Sense & Operations,ontology_template,concept_question
I am having trouble with Exponents,7f8ad589-e725-5f2c-b353-f6e27b9b883c,SKILL_86,Exponents,math :: number sense & operations :: exponents,Number Sense & Operations,ontology_template,struggle_statement
Can we review Exponents together?,7f8ad589-e725-5f2c-b353-f6e27b9b883c,SKILL_86,Exponents,math :: number sense & operations :: exponents,Number Sense & Operations,ontology_template,review_request
Explain the concept of Exponents,7f8ad589-e725-5f2c-b353-f6e27b9b883c,SKILL_86,Exponents,math :: number sense & operations :: exponents,Number Sense & Operations,ontology_template,explanation_request
What is the rule for Exponents?,7f8ad589-e725-5f2c-b353-f6e27b9b883c,SKILL_86,Exponents,math :: number sense & operations :: exponents,Number Sense & Operations,ontology_template,rule_question
Help me understand Exponents,7f8ad589-e725-5f2c-b353-f6e27b9b883c,SKILL_86,Exponents,math :: number sense & operations :: exponents,Number Sense & Operations,ontology_template,help_request
Teach me about Exponents,7f8ad589-e725-5f2c-b353-f6e27b9b883c,SKILL_86,Exponents,math :: number sense & operations :: exponents,Number Sense & Operations,ontology_template,learning_request
How do you calculate Exponents?,7f8ad589-e725-5f2c-b353-f6e27b9b883c,SKILL_86,Exponents,math :: number sense & operations :: exponents,Number Sense & Operations,ontology_template,calculation_question
Exponents,7f8ad589-e725-5f2c-b353-f6e27b9b883c,SKILL_86,Exponents,math :: number sense & operations :: exponents,Number Sense & Operations,ontology_template,direct_mention
I need help with Pattern Finding,e5eed3d6-a2a2-5f26-ab4a-3e9698a3cd4d,SKILL_92,Pattern Finding,math :: algebra & functions :: pattern finding,Algebra & Functions,ontology_template,help_request
Can you explain Pattern Finding?,e5eed3d6-a2a2-5f26-ab4a-3e9698a3cd4d,SKILL_92,Pattern Finding,math :: algebra & functions :: pattern finding,Algebra & Functions,ontology_template,explanation_request
How do I solve problems about Pattern Finding?,e5eed3d6-a2a2-5f26-ab4a-3e9698a3cd4d,SKILL_92,Pattern Finding,math :: algebra & functions :: pattern finding,Algebra & Functions,ontology_template,problem_solving
I don't understand Pattern Finding,e5eed3d6-a2a2-5f26-ab4a-3e9698a3cd4d,SKILL_92,Pattern Finding,math :: algebra & functions :: pattern finding,Algebra & Functions,ontology_template,misunderstanding_statement
Show me how Pattern Finding works,e5eed3d6-a2a2-5f26-ab4a-3e9698a3cd4d,SKILL_92,Pattern Finding,math :: algebra & functions :: pattern finding,Algebra & Functions,ontology_template,instruction_request
I need to practice Pattern Finding,e5eed3d6-a2a2-5f26-ab4a-3e9698a3cd4d,SKILL_92,Pattern Finding,math :: algebra & functions :: pattern finding,Algebra & Functions,ontology_template,practice_request
Can you help me learn Pattern Finding?,e5eed3d6-a2a2-5f26-ab4a-3e9698a3cd4d,SKILL_92,Pattern Finding,math :: algebra & functions :: pattern finding,Algebra & Functions,ontology_template,learning_request
What does Pattern Finding mean?,e5eed3d6-a2a2-5f26-ab4a-3e9698a3cd4d,SKILL_92,Pattern Finding,math :: algebra & functions :: pattern finding,Algebra & Functions,ontology_template,definition_request
Give me an example of Pattern Finding,e5eed3d6-a2a2-5f26-ab4a-3e9698a3cd4d,SKILL_92,Pattern Finding,math :: algebra & functions :: pattern finding,Algebra & Functions,ontology_template,example_request
How does Pattern Finding work in math?,e5eed3d6-a2a2-5f26-ab4a-3e9698a3cd4d,SKILL_92,Pattern Finding,math :: algebra & functions :: pattern finding,Algebra & Functions,ontology_template,concept_question
I am having trouble with Pattern Finding,e5eed3d6-a2a2-5f26-ab4a-3e9698a3cd4d,SKILL_92,Pattern Finding,math :: algebra & functions :: pattern finding,Algebra & Functions,ontology_template,struggle_statement
Can we review Pattern Finding together?,e5eed3d6-a2a2-5f26-ab4a-3e9698a3cd4d,SKILL_92,Pattern Finding,math :: algebra & functions :: pattern finding,Algebra & Functions,ontology_template,review_request
Explain the concept of Pattern Finding,e5eed3d6-a2a2-5f26-ab4a-3e9698a3cd4d,SKILL_92,Pattern Finding,math :: algebra & functions :: pattern finding,Algebra & Functions,ontology_template,explanation_request
What is the rule for Pattern Finding?,e5eed3d6-a2a2-5f26-ab4a-3e9698a3cd4d,SKILL_92,Pattern Finding,math :: algebra & functions :: pattern finding,Algebra & Functions,ontology_template,rule_question
Help me understand Pattern Finding,e5eed3d6-a2a2-5f26-ab4a-3e9698a3cd4d,SKILL_92,Pattern Finding,math :: algebra & functions :: pattern finding,Algebra & Functions,ontology_template,help_request
Teach me about Pattern Finding,e5eed3d6-a2a2-5f26-ab4a-3e9698a3cd4d,SKILL_92,Pattern Finding,math :: algebra & functions :: pattern finding,Algebra & Functions,ontology_template,learning_request
How do you calculate Pattern Finding?,e5eed3d6-a2a2-5f26-ab4a-3e9698a3cd4d,SKILL_92,Pattern Finding,math :: algebra & functions :: pattern finding,Algebra & Functions,ontology_template,calculation_question
Pattern Finding,e5eed3d6-a2a2-5f26-ab4a-3e9698a3cd4d,SKILL_92,Pattern Finding,math :: algebra & functions :: pattern finding,Algebra & Functions,ontology_template,direct_mention
I need help with D.4.8-understanding-concept-of-probabilities,ab37d380-a831-550e-b575-aea6ba073e7e,SKILL_110,D.4.8-understanding-concept-of-probabilities,math :: statistics & probability :: d.4.8-understanding-concept-of-probabilities,Statistics & Probability,ontology_template,help_request
Can you explain D.4.8-understanding-concept-of-probabilities?,ab37d380-a831-550e-b575-aea6ba073e7e,SKILL_110,D.4.8-understanding-concept-of-probabilities,math :: statistics & probability :: d.4.8-understanding-concept-of-probabilities,Statistics & Probability,ontology_template,explanation_request
How do I solve problems about D.4.8-understanding-concept-of-probabilities?,ab37d380-a831-550e-b575-aea6ba073e7e,SKILL_110,D.4.8-understanding-concept-of-probabilities,math :: statistics & probability :: d.4.8-understanding-concept-of-probabilities,Statistics & Probability,ontology_template,problem_solving
I don't understand D.4.8-understanding-concept-of-probabilities,ab37d380-a831-550e-b575-aea6ba073e7e,SKILL_110,D.4.8-understanding-concept-of-probabilities,math :: statistics & probability :: d.4.8-understanding-concept-of-probabilities,Statistics & Probability,ontology_template,misunderstanding_statement
Show me how D.4.8-understanding-concept-of-probabilities works,ab37d380-a831-550e-b575-aea6ba073e7e,SKILL_110,D.4.8-understanding-concept-of-probabilities,math :: statistics & probability :: d.4.8-understanding-concept-of-probabilities,Statistics & Probability,ontology_template,instruction_request
I need to practice D.4.8-understanding-concept-of-probabilities,ab37d380-a831-550e-b575-aea6ba073e7e,SKILL_110,D.4.8-understanding-concept-of-probabilities,math :: statistics & probability :: d.4.8-understanding-concept-of-probabilities,Statistics & Probability,ontology_template,practice_request
Can you help me learn D.4.8-understanding-concept-of-probabilities?,ab37d380-a831-550e-b575-aea6ba073e7e,SKILL_110,D.4.8-understanding-concept-of-probabilities,math :: statistics & probability :: d.4.8-understanding-concept-of-probabilities,Statistics & Probability,ontology_template,learning_request
What does D.4.8-understanding-concept-of-probabilities mean?,ab37d380-a831-550e-b575-aea6ba073e7e,SKILL_110,D.4.8-understanding-concept-of-probabilities,math :: statistics & probability :: d.4.8-understanding-concept-of-probabilities,Statistics & Probability,ontology_template,definition_request
Give me an example of D.4.8-understanding-concept-of-probabilities,ab37d380-a831-550e-b575-aea6ba073e7e,SKILL_110,D.4.8-understanding-concept-of-probabilities,math :: statistics & probability :: d.4.8-understanding-concept-of-probabilities,Statistics & Probability,ontology_template,example_request
How does D.4.8-understanding-concept-of-probabilities work in math?,ab37d380-a831-550e-b575-aea6ba073e7e,SKILL_110,D.4.8-understanding-concept-of-probabilities,math :: statistics & probability :: d.4.8-understanding-concept-of-probabilities,Statistics & Probability,ontology_template,concept_question
I am having trouble with D.4.8-understanding-concept-of-probabilities,ab37d380-a831-550e-b575-aea6ba073e7e,SKILL_110,D.4.8-understanding-concept-of-probabilities,math :: statistics & probability :: d.4.8-understanding-concept-of-probabilities,Statistics & Probability,ontology_template,struggle_statement
Can we review D.4.8-understanding-concept-of-probabilities together?,ab37d380-a831-550e-b575-aea6ba073e7e,SKILL_110,D.4.8-understanding-concept-of-probabilities,math :: statistics & probability :: d.4.8-understanding-concept-of-probabilities,Statistics & Probability,ontology_template,review_request
Explain the concept of D.4.8-understanding-concept-of-probabilities,ab37d380-a831-550e-b575-aea6ba073e7e,SKILL_110,D.4.8-understanding-concept-of-probabilities,math :: statistics & probability :: d.4.8-understanding-concept-of-probabilities,Statistics & Probability,ontology_template,explanation_request
What is the rule for D.4.8-understanding-concept-of-probabilities?,ab37d380-a831-550e-b575-aea6ba073e7e,SKILL_110,D.4.8-understanding-concept-of-probabilities,math :: statistics & probability :: d.4.8-understanding-concept-of-probabilities,Statistics & Probability,ontology_template,rule_question
Help me understand D.4.8-understanding-concept-of-probabilities,ab37d380-a831-550e-b575-aea6ba073e7e,SKILL_110,D.4.8-understanding-concept-of-probabilities,math :: statistics & probability :: d.4.8-understanding-concept-of-probabilities,Statistics & Probability,ontology_template,help_request
Teach me about D.4.8-understanding-concept-of-probabilities,ab37d380-a831-550e-b575-aea6ba073e7e,SKILL_110,D.4.8-understanding-concept-of-probabilities,math :: statistics & probability :: d.4.8-understanding-concept-of-probabilities,Statistics & Probability,ontology_template,learning_request
How do you calculate D.4.8-understanding-concept-of-probabilities?,ab37d380-a831-550e-b575-aea6ba073e7e,SKILL_110,D.4.8-understanding-concept-of-probabilities,math :: statistics & probability :: d.4.8-understanding-concept-of-probabilities,Statistics & Probability,ontology_template,calculation_question
D.4.8-understanding-concept-of-probabilities,ab37d380-a831-550e-b575-aea6ba073e7e,SKILL_110,D.4.8-understanding-concept-of-probabilities,math :: statistics & probability :: d.4.8-understanding-concept-of-probabilities,Statistics & Probability,ontology_template,direct_mention
I need help with Absolute Value (Advanced),d1c393ed-793c-5b3d-86dc-516b147ce3f7,SKILL_163,Absolute Value (Advanced),math :: number sense & operations :: absolute value (advanced),Number Sense & Operations,ontology_template,help_request
Can you explain Absolute Value (Advanced)?,d1c393ed-793c-5b3d-86dc-516b147ce3f7,SKILL_163,Absolute Value (Advanced),math :: number sense & operations :: absolute value (advanced),Number Sense & Operations,ontology_template,explanation_request
How do I solve problems about Absolute Value (Advanced)?,d1c393ed-793c-5b3d-86dc-516b147ce3f7,SKILL_163,Absolute Value (Advanced),math :: number sense & operations :: absolute value (advanced),Number Sense & Operations,ontology_template,problem_solving
I don't understand Absolute Value (Advanced),d1c393ed-793c-5b3d-86dc-516b147ce3f7,SKILL_163,Absolute Value (Advanced),math :: number sense & operations :: absolute value (advanced),Number Sense & Operations,ontology_template,misunderstanding_statement
Show me how Absolute Value (Advanced) works,d1c393ed-793c-5b3d-86dc-516b147ce3f7,SKILL_163,Absolute Value (Advanced),math :: number sense & operations :: absolute value (advanced),Number Sense & Operations,ontology_template,instruction_request
I need to practice Absolute Value (Advanced),d1c393ed-793c-5b3d-86dc-516b147ce3f7,SKILL_163,Absolute Value (Advanced),math :: number sense & operations :: absolute value (advanced),Number Sense & Operations,ontology_template,practice_request
Can you help me learn Absolute Value (Advanced)?,d1c393ed-793c-5b3d-86dc-516b147ce3f7,SKILL_163,Absolute Value (Advanced),math :: number sense & operations :: absolute value (advanced),Number Sense & Operations,ontology_template,learning_request
What does Absolute Value (Advanced) mean?,d1c393ed-793c-5b3d-86dc-516b147ce3f7,SKILL_163,Absolute Value (Advanced),math :: number sense & operations :: absolute value (advanced),Number Sense & Operations,ontology_template,definition_request
Give me an example of Absolute Value (Advanced),d1c393ed-793c-5b3d-86dc-516b147ce3f7,SKILL_163,Absolute Value (Advanced),math :: number sense & operations :: absolute value (advanced),Number Sense & Operations,ontology_template,example_request
How does Absolute Value (Advanced) work in math?,d1c393ed-793c-5b3d-86dc-516b147ce3f7,SKILL_163,Absolute Value (Advanced),math :: number sense & operations :: absolute value (advanced),Number Sense & Operations,ontology_template,concept_question
I am having trouble with Absolute Value (Advanced),d1c393ed-793c-5b3d-86dc-516b147ce3f7,SKILL_163,Absolute Value (Advanced),math :: number sense & operations :: absolute value (advanced),Number Sense & Operations,ontology_template,struggle_statement
Can we review Absolute Value (Advanced) together?,d1c393ed-793c-5b3d-86dc-516b147ce3f7,SKILL_163,Absolute Value (Advanced),math :: number sense & operations :: absolute value (advanced),Number Sense & Operations,ontology_template,review_request
Explain the concept of Absolute Value (Advanced),d1c393ed-793c-5b3d-86dc-516b147ce3f7,SKILL_163,Absolute Value (Advanced),math :: number sense & operations :: absolute value (advanced),Number Sense & Operations,ontology_template,explanation_request
What is the rule for Absolute Value (Advanced)?,d1c393ed-793c-5b3d-86dc-516b147ce3f7,SKILL_163,Absolute Value (Advanced),math :: number sense & operations :: absolute value (advanced),Number Sense & Operations,ontology_template,rule_question
Help me understand Absolute Value (Advanced),d1c393ed-793c-5b3d-86dc-516b147ce3f7,SKILL_163,Absolute Value (Advanced),math :: number sense & operations :: absolute value (advanced),Number Sense & Operations,ontology_template,help_request
Teach me about Absolute Value (Advanced),d1c393ed-793c-5b3d-86dc-516b147ce3f7,SKILL_163,Absolute Value (Advanced),math :: number sense & operations :: absolute value (advanced),Number Sense & Operations,ontology_template,learning_request
How do you calculate Absolute Value (Advanced)?,d1c393ed-793c-5b3d-86dc-516b147ce3f7,SKILL_163,Absolute Value (Advanced),math :: number sense & operations :: absolute value (advanced),Number Sense & Operations,ontology_template,calculation_question
Absolute Value (Advanced),d1c393ed-793c-5b3d-86dc-516b147ce3f7,SKILL_163,Absolute Value (Advanced),math :: number sense & operations :: absolute value (advanced),Number Sense & Operations,ontology_template,direct_mention
I need help with Algebraic Simplification,8d746f74-5943-5ada-aa05-eb7186df7887,SKILL_165,Algebraic Simplification,math :: algebra & functions :: algebraic simplification,Algebra & Functions,ontology_template,help_request
Can you explain Algebraic Simplification?,8d746f74-5943-5ada-aa05-eb7186df7887,SKILL_165,Algebraic Simplification,math :: algebra & functions :: algebraic simplification,Algebra & Functions,ontology_template,explanation_request
How do I solve problems about Algebraic Simplification?,8d746f74-5943-5ada-aa05-eb7186df7887,SKILL_165,Algebraic Simplification,math :: algebra & functions :: algebraic simplification,Algebra & Functions,ontology_template,problem_solving
I don't understand Algebraic Simplification,8d746f74-5943-5ada-aa05-eb7186df7887,SKILL_165,Algebraic Simplification,math :: algebra & functions :: algebraic simplification,Algebra & Functions,ontology_template,misunderstanding_statement
Show me how Algebraic Simplification works,8d746f74-5943-5ada-aa05-eb7186df7887,SKILL_165,Algebraic Simplification,math :: algebra & functions :: algebraic simplification,Algebra & Functions,ontology_template,instruction_request
I need to practice Algebraic Simplification,8d746f74-5943-5ada-aa05-eb7186df7887,SKILL_165,Algebraic Simplification,math :: algebra & functions :: algebraic simplification,Algebra & Functions,ontology_template,practice_request
Can you help me learn Algebraic Simplification?,8d746f74-5943-5ada-aa05-eb7186df7887,SKILL_165,Algebraic Simplification,math :: algebra & functions :: algebraic simplification,Algebra & Functions,ontology_template,learning_request
What does Algebraic Simplification mean?,8d746f74-5943-5ada-aa05-eb7186df7887,SKILL_165,Algebraic Simplification,math :: algebra & functions :: algebraic simplification,Algebra & Functions,ontology_template,definition_request
Give me an example of Algebraic Simplification,8d746f74-5943-5ada-aa05-eb7186df7887,SKILL_165,Algebraic Simplification,math :: algebra & functions :: algebraic simplification,Algebra & Functions,ontology_template,example_request
How does Algebraic Simplification work in math?,8d746f74-5943-5ada-aa05-eb7186df7887,SKILL_165,Algebraic Simplification,math :: algebra & functions :: algebraic simplification,Algebra & Functions,ontology_template,concept_question
I am having trouble with Algebraic Simplification,8d746f74-5943-5ada-aa05-eb7186df7887,SKILL_165,Algebraic Simplification,math :: algebra & functions :: algebraic simplification,Algebra & Functions,ontology_template,struggle_statement
Can we review Algebraic Simplification together?,8d746f74-5943-5ada-aa05-eb7186df7887,SKILL_165,Algebraic Simplification,math :: algebra & functions :: algebraic simplification,Algebra & Functions,ontology_template,review_request
Explain the concept of Algebraic Simplification,8d746f74-5943-5ada-aa05-eb7186df7887,SKILL_165,Algebraic Simplification,math :: algebra & functions :: algebraic simplification,Algebra & Functions,ontology_template,explanation_request
What is the rule for Algebraic Simplification?,8d746f74-5943-5ada-aa05-eb7186df7887,SKILL_165,Algebraic Simplification,math :: algebra & functions :: algebraic simplification,Algebra & Functions,ontology_template,rule_question
Help me understand Algebraic Simplification,8d746f74-5943-5ada-aa05-eb7186df7887,SKILL_165,Algebraic Simplification,math :: algebra & functions :: algebraic simplification,Algebra & Functions,ontology_template,help_request
Teach me about Algebraic Simplification,8d746f74-5943-5ada-aa05-eb7186df7887,SKILL_165,Algebraic Simplification,math :: algebra & functions :: algebraic simplification,Algebra & Functions,ontology_template,learning_request
How do you calculate Algebraic Simplification?,8d746f74-5943-5ada-aa05-eb7186df7887,SKILL_165,Algebraic Simplification,math :: algebra & functions :: algebraic simplification,Algebra & Functions,ontology_template,calculation_question
Algebraic Simplification,8d746f74-5943-5ada-aa05-eb7186df7887,SKILL_165,Algebraic Simplification,math :: algebra & functions :: algebraic simplification,Algebra & Functions,ontology_template,direct_mention
I need help with Algebraic Solving,0087935d-b69e-5a93-9840-17f8d23702d1,SKILL_166,Algebraic Solving,math :: algebra & functions :: algebraic solving,Algebra & Functions,ontology_template,help_request
Can you explain Algebraic Solving?,0087935d-b69e-5a93-9840-17f8d23702d1,SKILL_166,Algebraic Solving,math :: algebra & functions :: algebraic solving,Algebra & Functions,ontology_template,explanation_request
How do I solve problems about Algebraic Solving?,0087935d-b69e-5a93-9840-17f8d23702d1,SKILL_166,Algebraic Solving,math :: algebra & functions :: algebraic solving,Algebra & Functions,ontology_template,problem_solving
I don't understand Algebraic Solving,0087935d-b69e-5a93-9840-17f8d23702d1,SKILL_166,Algebraic Solving,math :: algebra & functions :: algebraic solving,Algebra & Functions,ontology_template,misunderstanding_statement
Show me how Algebraic Solving works,0087935d-b69e-5a93-9840-17f8d23702d1,SKILL_166,Algebraic Solving,math :: algebra & functions :: algebraic solving,Algebra & Functions,ontology_template,instruction_request
I need to practice Algebraic Solving,0087935d-b69e-5a93-9840-17f8d23702d1,SKILL_166,Algebraic Solving,math :: algebra & functions :: algebraic solving,Algebra & Functions,ontology_template,practice_request
Can you help me learn Algebraic Solving?,0087935d-b69e-5a93-9840-17f8d23702d1,SKILL_166,Algebraic Solving,math :: algebra & functions :: algebraic solving,Algebra & Functions,ontology_template,learning_request
What does Algebraic Solving mean?,0087935d-b69e-5a93-9840-17f8d23702d1,SKILL_166,Algebraic Solving,math :: algebra & functions :: algebraic solving,Algebra & Functions,ontology_template,definition_request
Give me an example of Algebraic Solving,0087935d-b69e-5a93-9840-17f8d23702d1,SKILL_166,Algebraic Solving,math :: algebra & functions :: algebraic solving,Algebra & Functions,ontology_template,example_request
How does Algebraic Solving work in math?,0087935d-b69e-5a93-9840-17f8d23702d1,SKILL_166,Algebraic Solving,math :: algebra & functions :: algebraic solving,Algebra & Functions,ontology_template,concept_question
I am having trouble with Algebraic Solving,0087935d-b69e-5a93-9840-17f8d23702d1,SKILL_166,Algebraic Solving,math :: algebra & functions :: algebraic solving,Algebra & Functions,ontology_template,struggle_statement
Can we review Algebraic Solving together?,0087935d-b69e-5a93-9840-17f8d23702d1,SKILL_166,Algebraic Solving,math :: algebra & functions :: algebraic solving,Algebra & Functions,ontology_template,review_request
Explain the concept of Algebraic Solving,0087935d-b69e-5a93-9840-17f8d23702d1,SKILL_166,Algebraic Solving,math :: algebra & functions :: algebraic solving,Algebra & Functions,ontology_template,explanation_request
What is the rule for Algebraic Solving?,0087935d-b69e-5a93-9840-17f8d23702d1,SKILL_166,Algebraic Solving,math :: algebra & functions :: algebraic solving,Algebra & Functions,ontology_template,rule_question
Help me understand Algebraic Solving,0087935d-b69e-5a93-9840-17f8d23702d1,SKILL_166,Algebraic Solving,math :: algebra & functions :: algebraic solving,Algebra & Functions,ontology_template,help_request
Teach me about Algebraic Solving,0087935d-b69e-5a93-9840-17f8d23702d1,SKILL_166,Algebraic Solving,math :: algebra & functions :: algebraic solving,Algebra & Functions,ontology_template,learning_request
How do you calculate Algebraic Solving?,0087935d-b69e-5a93-9840-17f8d23702d1,SKILL_166,Algebraic Solving,math :: algebra & functions :: algebraic solving,Algebra & Functions,ontology_template,calculation_question
Algebraic Solving,0087935d-b69e-5a93-9840-17f8d23702d1,SKILL_166,Algebraic Solving,math :: algebra & functions :: algebraic solving,Algebra & Functions,ontology_template,direct_mention
I need help with Choose an Equation from Given Information,ba32fc7a-40c2-56e3-b370-aa87dc6eb352,SKILL_173,Choose an Equation from Given Information,math :: algebra & functions :: choose an equation from given information,Algebra & Functions,ontology_template,help_request
Can you explain Choose an Equation from Given Information?,ba32fc7a-40c2-56e3-b370-aa87dc6eb352,SKILL_173,Choose an Equation from Given Information,math :: algebra & functions :: choose an equation from given information,Algebra & Functions,ontology_template,explanation_request
How do I solve problems about Choose an Equation from Given Information?,ba32fc7a-40c2-56e3-b370-aa87dc6eb352,SKILL_173,Choose an Equation from Given Information,math :: algebra & functions :: choose an equation from given information,Algebra & Functions,ontology_template,problem_solving
I don't understand Choose an Equation from Given Information,ba32fc7a-40c2-56e3-b370-aa87dc6eb352,SKILL_173,Choose an Equation from Given Information,math :: algebra & functions :: choose an equation from given information,Algebra & Functions,ontology_template,misunderstanding_statement
Show me how Choose an Equation from Given Information works,ba32fc7a-40c2-56e3-b370-aa87dc6eb352,SKILL_173,Choose an Equation from Given Information,math :: algebra & functions :: choose an equation from given information,Algebra & Functions,ontology_template,instruction_request
I need to practice Choose an Equation from Given Information,ba32fc7a-40c2-56e3-b370-aa87dc6eb352,SKILL_173,Choose an Equation from Given Information,math :: algebra & functions :: choose an equation from given information,Algebra & Functions,ontology_template,practice_request
Can you help me learn Choose an Equation from Given Information?,ba32fc7a-40c2-56e3-b370-aa87dc6eb352,SKILL_173,Choose an Equation from Given Information,math :: algebra & functions :: choose an equation from given information,Algebra & Functions,ontology_template,learning_request
What does Choose an Equation from Given Information mean?,ba32fc7a-40c2-56e3-b370-aa87dc6eb352,SKILL_173,Choose an Equation from Given Information,math :: algebra & functions :: choose an equation from given information,Algebra & Functions,ontology_template,definition_request
Give me an example of Choose an Equation from Given Information,ba32fc7a-40c2-56e3-b370-aa87dc6eb352,SKILL_173,Choose an Equation from Given Information,math :: algebra & functions :: choose an equation from given information,Algebra & Functions,ontology_template,example_request
How does Choose an Equation from Given Information work in math?,ba32fc7a-40c2-56e3-b370-aa87dc6eb352,SKILL_173,Choose an Equation from Given Information,math :: algebra & functions :: choose an equation from given information,Algebra & Functions,ontology_template,concept_question
I am having trouble with Choose an Equation from Given Information,ba32fc7a-40c2-56e3-b370-aa87dc6eb352,SKILL_173,Choose an Equation from Given Information,math :: algebra & functions :: choose an equation from given information,Algebra & Functions,ontology_template,struggle_statement
Can we review Choose an Equation from Given Information together?,ba32fc7a-40c2-56e3-b370-aa87dc6eb352,SKILL_173,Choose an Equation from Given Information,math :: algebra & functions :: choose an equation from given information,Algebra & Functions,ontology_template,review_request
Explain the concept of Choose an Equation from Given Information,ba32fc7a-40c2-56e3-b370-aa87dc6eb352,SKILL_173,Choose an Equation from Given Information,math :: algebra & functions :: choose an equation from given information,Algebra & Functions,ontology_template,explanation_request
What is the rule for Choose an Equation from Given Information?,ba32fc7a-40c2-56e3-b370-aa87dc6eb352,SKILL_173,Choose an Equation from Given Information,math :: algebra & functions :: choose an equation from given information,Algebra & Functions,ontology_template,rule_question
Help me understand Choose an Equation from Given Information,ba32fc7a-40c2-56e3-b370-aa87dc6eb352,SKILL_173,Choose an Equation from Given Information,math :: algebra & functions :: choose an equation from given information,Algebra & Functions,ontology_template,help_request
Teach me about Choose an Equation from Given Information,ba32fc7a-40c2-56e3-b370-aa87dc6eb352,SKILL_173,Choose an Equation from Given Information,math :: algebra & functions :: choose an equation from given information,Algebra & Functions,ontology_template,learning_request
How do you calculate Choose an Equation from Given Information?,ba32fc7a-40c2-56e3-b370-aa87dc6eb352,SKILL_173,Choose an Equation from Given Information,math :: algebra & functions :: choose an equation from given information,Algebra & Functions,ontology_template,calculation_question
Choose an Equation from Given Information,ba32fc7a-40c2-56e3-b370-aa87dc6eb352,SKILL_173,Choose an Equation from Given Information,math :: algebra & functions :: choose an equation from given information,Algebra & Functions,ontology_template,direct_mention
I need help with Intercept,8c80a066-06c9-5bba-a11f-0c32d1553021,SKILL_190,Intercept,math :: algebra & functions :: intercept,Algebra & Functions,ontology_template,help_request
Can you explain Intercept?,8c80a066-06c9-5bba-a11f-0c32d1553021,SKILL_190,Intercept,math :: algebra & functions :: intercept,Algebra & Functions,ontology_template,explanation_request
How do I solve problems about Intercept?,8c80a066-06c9-5bba-a11f-0c32d1553021,SKILL_190,Intercept,math :: algebra & functions :: intercept,Algebra & Functions,ontology_template,problem_solving
I don't understand Intercept,8c80a066-06c9-5bba-a11f-0c32d1553021,SKILL_190,Intercept,math :: algebra & functions :: intercept,Algebra & Functions,ontology_template,misunderstanding_statement
Show me how Intercept works,8c80a066-06c9-5bba-a11f-0c32d1553021,SKILL_190,Intercept,math :: algebra & functions :: intercept,Algebra & Functions,ontology_template,instruction_request
I need to practice Intercept,8c80a066-06c9-5bba-a11f-0c32d1553021,SKILL_190,Intercept,math :: algebra & functions :: intercept,Algebra & Functions,ontology_template,practice_request
Can you help me learn Intercept?,8c80a066-06c9-5bba-a11f-0c32d1553021,SKILL_190,Intercept,math :: algebra & functions :: intercept,Algebra & Functions,ontology_template,learning_request
What does Intercept mean?,8c80a066-06c9-5bba-a11f-0c32d1553021,SKILL_190,Intercept,math :: algebra & functions :: intercept,Algebra & Functions,ontology_template,definition_request
Give me an example of Intercept,8c80a066-06c9-5bba-a11f-0c32d1553021,SKILL_190,Intercept,math :: algebra & functions :: intercept,Algebra & Functions,ontology_template,example_request
How does Intercept work in math?,8c80a066-06c9-5bba-a11f-0c32d1553021,SKILL_190,Intercept,math :: algebra & functions :: intercept,Algebra & Functions,ontology_template,concept_question
I am having trouble with Intercept,8c80a066-06c9-5bba-a11f-0c32d1553021,SKILL_190,Intercept,math :: algebra & functions :: intercept,Algebra & Functions,ontology_template,struggle_statement
Can we review Intercept together?,8c80a066-06c9-5bba-a11f-0c32d1553021,SKILL_190,Intercept,math :: algebra & functions :: intercept,Algebra & Functions,ontology_template,review_request
Explain the concept of Intercept,8c80a066-06c9-5bba-a11f-0c32d1553021,SKILL_190,Intercept,math :: algebra & functions :: intercept,Algebra & Functions,ontology_template,explanation_request
What is the rule for Intercept?,8c80a066-06c9-5bba-a11f-0c32d1553021,SKILL_190,Intercept,math :: algebra & functions :: intercept,Algebra & Functions,ontology_template,rule_question
Help me understand Intercept,8c80a066-06c9-5bba-a11f-0c32d1553021,SKILL_190,Intercept,math :: algebra & functions :: intercept,Algebra & Functions,ontology_template,help_request
Teach me about Intercept,8c80a066-06c9-5bba-a11f-0c32d1553021,SKILL_190,Intercept,math :: algebra & functions :: intercept,Algebra & Functions,ontology_template,learning_request
How do you calculate Intercept?,8c80a066-06c9-5bba-a11f-0c32d1553021,SKILL_190,Intercept,math :: algebra & functions :: intercept,Algebra & Functions,ontology_template,calculation_question
Intercept,8c80a066-06c9-5bba-a11f-0c32d1553021,SKILL_190,Intercept,math :: algebra & functions :: intercept,Algebra & Functions,ontology_template,direct_mention
I need help with Linear Equation Solving,5fb48ab8-2922-5d69-8fb6-ba1b37b056c6,SKILL_193,Linear Equations,math :: algebra & functions :: linear equations,Algebra & Functions,ontology_template,help_request
Can you explain Linear Equation Solving?,5fb48ab8-2922-5d69-8fb6-ba1b37b056c6,SKILL_193,Linear Equations,math :: algebra & functions :: linear equations,Algebra & Functions,ontology_template,explanation_request
How do I solve problems about Linear Equation Solving?,5fb48ab8-2922-5d69-8fb6-ba1b37b056c6,SKILL_193,Linear Equations,math :: algebra & functions :: linear equations,Algebra & Functions,ontology_template,problem_solving
I don't understand Linear Equation Solving,5fb48ab8-2922-5d69-8fb6-ba1b37b056c6,SKILL_193,Linear Equations,math :: algebra & functions :: linear equations,Algebra & Functions,ontology_template,misunderstanding_statement
Show me how Linear Equation Solving works,5fb48ab8-2922-5d69-8fb6-ba1b37b056c6,SKILL_193,Linear Equations,math :: algebra & functions :: linear equations,Algebra & Functions,ontology_template,instruction_request
I need to practice Linear Equation Solving,5fb48ab8-2922-5d69-8fb6-ba1b37b056c6,SKILL_193,Linear Equations,math :: algebra & functions :: linear equations,Algebra & Functions,ontology_template,practice_request
Can you help me learn Linear Equation Solving?,5fb48ab8-2922-5d69-8fb6-ba1b37b056c6,SKILL_193,Linear Equations,math :: algebra & functions :: linear equations,Algebra & Functions,ontology_template,learning_request
What does Linear Equation Solving mean?,5fb48ab8-2922-5d69-8fb6-ba1b37b056c6,SKILL_193,Linear Equations,math :: algebra & functions :: linear equations,Algebra & Functions,ontology_template,definition_request
Give me an example of Linear Equation Solving,5fb48ab8-2922-5d69-8fb6-ba1b37b056c6,SKILL_193,Linear Equations,math :: algebra & functions :: linear equations,Algebra & Functions,ontology_template,example_request
How does Linear Equation Solving work in math?,5fb48ab8-2922-5d69-8fb6-ba1b37b056c6,SKILL_193,Linear Equations,math :: algebra & functions :: linear equations,Algebra & Functions,ontology_template,concept_question
I am having trouble with Linear Equation Solving,5fb48ab8-2922-5d69-8fb6-ba1b37b056c6,SKILL_193,Linear Equations,math :: algebra & functions :: linear equations,Algebra & Functions,ontology_template,struggle_statement
Can we review Linear Equation Solving together?,5fb48ab8-2922-5d69-8fb6-ba1b37b056c6,SKILL_193,Linear Equations,math :: algebra & functions :: linear equations,Algebra & Functions,ontology_template,review_request
Explain the concept of Linear Equation Solving,5fb48ab8-2922-5d69-8fb6-ba1b37b056c6,SKILL_193,Linear Equations,math :: algebra & functions :: linear equations,Algebra & Functions,ontology_template,explanation_request
What is the rule for Linear Equation Solving?,5fb48ab8-2922-5d69-8fb6-ba1b37b056c6,SKILL_193,Linear Equations,math :: algebra & functions :: linear equations,Algebra & Functions,ontology_template,rule_question
Help me understand Linear Equation Solving,5fb48ab8-2922-5d69-8fb6-ba1b37b056c6,SKILL_193,Linear Equations,math :: algebra & functions :: linear equations,Algebra & Functions,ontology_template,help_request
Teach me about Linear Equation Solving,5fb48ab8-2922-5d69-8fb6-ba1b37b056c6,SKILL_193,Linear Equations,math :: algebra & functions :: linear equations,Algebra & Functions,ontology_template,learning_request
How do you calculate Linear Equation Solving?,5fb48ab8-2922-5d69-8fb6-ba1b37b056c6,SKILL_193,Linear Equations,math :: algebra & functions :: linear equations,Algebra & Functions,ontology_template,calculation_question
Linear Equation Solving,5fb48ab8-2922-5d69-8fb6-ba1b37b056c6,SKILL_193,Linear Equations,math :: algebra & functions :: linear equations,Algebra & Functions,ontology_template,direct_mention
I need help with Linear Equations,5fb48ab8-2922-5d69-8fb6-ba1b37b056c6,SKILL_193,Linear Equations,math :: algebra & functions :: linear equations,Algebra & Functions,ontology_template,help_request
Can you explain Linear Equations?,5fb48ab8-2922-5d69-8fb6-ba1b37b056c6,SKILL_193,Linear Equations,math :: algebra & functions :: linear equations,Algebra & Functions,ontology_template,explanation_request
How do I solve problems about Linear Equations?,5fb48ab8-2922-5d69-8fb6-ba1b37b056c6,SKILL_193,Linear Equations,math :: algebra & functions :: linear equations,Algebra & Functions,ontology_template,problem_solving
I don't understand Linear Equations,5fb48ab8-2922-5d69-8fb6-ba1b37b056c6,SKILL_193,Linear Equations,math :: algebra & functions :: linear equations,Algebra & Functions,ontology_template,misunderstanding_statement
Show me how Linear Equations works,5fb48ab8-2922-5d69-8fb6-ba1b37b056c6,SKILL_193,Linear Equations,math :: algebra & functions :: linear equations,Algebra & Functions,ontology_template,instruction_request
I need to practice Linear Equations,5fb48ab8-2922-5d69-8fb6-ba1b37b056c6,SKILL_193,Linear Equations,math :: algebra & functions :: linear equations,Algebra & Functions,ontology_template,practice_request
Can you help me learn Linear Equations?,5fb48ab8-2922-5d69-8fb6-ba1b37b056c6,SKILL_193,Linear Equations,math :: algebra & functions :: linear equations,Algebra & Functions,ontology_template,learning_request
What does Linear Equations mean?,5fb48ab8-2922-5d69-8fb6-ba1b37b056c6,SKILL_193,Linear Equations,math :: algebra & functions :: linear equations,Algebra & Functions,ontology_template,definition_request
Give me an example of Linear Equations,5fb48ab8-2922-5d69-8fb6-ba1b37b056c6,SKILL_193,Linear Equations,math :: algebra & functions :: linear equations,Algebra & Functions,ontology_template,example_request
How does Linear Equations work in math?,5fb48ab8-2922-5d69-8fb6-ba1b37b056c6,SKILL_193,Linear Equations,math :: algebra & functions :: linear equations,Algebra & Functions,ontology_template,concept_question
I am having trouble with Linear Equations,5fb48ab8-2922-5d69-8fb6-ba1b37b056c6,SKILL_193,Linear Equations,math :: algebra & functions :: linear equations,Algebra & Functions,ontology_template,struggle_statement
Can we review Linear Equations together?,5fb48ab8-2922-5d69-8fb6-ba1b37b056c6,SKILL_193,Linear Equations,math :: algebra & functions :: linear equations,Algebra & Functions,ontology_template,review_request
Explain the concept of Linear Equations,5fb48ab8-2922-5d69-8fb6-ba1b37b056c6,SKILL_193,Linear Equations,math :: algebra & functions :: linear equations,Algebra & Functions,ontology_template,explanation_request
What is the rule for Linear Equations?,5fb48ab8-2922-5d69-8fb6-ba1b37b056c6,SKILL_193,Linear Equations,math :: algebra & functions :: linear equations,Algebra & Functions,ontology_template,rule_question
Help me understand Linear Equations,5fb48ab8-2922-5d69-8fb6-ba1b37b056c6,SKILL_193,Linear Equations,math :: algebra & functions :: linear equations,Algebra & Functions,ontology_template,help_request
Teach me about Linear Equations,5fb48ab8-2922-5d69-8fb6-ba1b37b056c6,SKILL_193,Linear Equations,math :: algebra & functions :: linear equations,Algebra & Functions,ontology_template,learning_request
How do you calculate Linear Equations?,5fb48ab8-2922-5d69-8fb6-ba1b37b056c6,SKILL_193,Linear Equations,math :: algebra & functions :: linear equations,Algebra & Functions,ontology_template,calculation_question
Linear Equations,5fb48ab8-2922-5d69-8fb6-ba1b37b056c6,SKILL_193,Linear Equations,math :: algebra & functions :: linear equations,Algebra & Functions,ontology_template,direct_mention
I need help with Solving Linear Equations,5fb48ab8-2922-5d69-8fb6-ba1b37b056c6,SKILL_193,Linear Equations,math :: algebra & functions :: linear equations,Algebra & Functions,ontology_template,help_request
Can you explain Solving Linear Equations?,5fb48ab8-2922-5d69-8fb6-ba1b37b056c6,SKILL_193,Linear Equations,math :: algebra & functions :: linear equations,Algebra & Functions,ontology_template,explanation_request
How do I solve problems about Solving Linear Equations?,5fb48ab8-2922-5d69-8fb6-ba1b37b056c6,SKILL_193,Linear Equations,math :: algebra & functions :: linear equations,Algebra & Functions,ontology_template,problem_solving
I don't understand Solving Linear Equations,5fb48ab8-2922-5d69-8fb6-ba1b37b056c6,SKILL_193,Linear Equations,math :: algebra & functions :: linear equations,Algebra & Functions,ontology_template,misunderstanding_statement
Show me how Solving Linear Equations works,5fb48ab8-2922-5d69-8fb6-ba1b37b056c6,SKILL_193,Linear Equations,math :: algebra & functions :: linear equations,Algebra & Functions,ontology_template,instruction_request
I need to practice Solving Linear Equations,5fb48ab8-2922-5d69-8fb6-ba1b37b056c6,SKILL_193,Linear Equations,math :: algebra & functions :: linear equations,Algebra & Functions,ontology_template,practice_request
Can you help me learn Solving Linear Equations?,5fb48ab8-2922-5d69-8fb6-ba1b37b056c6,SKILL_193,Linear Equations,math :: algebra & functions :: linear equations,Algebra & Functions,ontology_template,learning_request
What does Solving Linear Equations mean?,5fb48ab8-2922-5d69-8fb6-ba1b37b056c6,SKILL_193,Linear Equations,math :: algebra & functions :: linear equations,Algebra & Functions,ontology_template,definition_request
Give me an example of Solving Linear Equations,5fb48ab8-2922-5d69-8fb6-ba1b37b056c6,SKILL_193,Linear Equations,math :: algebra & functions :: linear equations,Algebra & Functions,ontology_template,example_request
How does Solving Linear Equations work in math?,5fb48ab8-2922-5d69-8fb6-ba1b37b056c6,SKILL_193,Linear Equations,math :: algebra & functions :: linear equations,Algebra & Functions,ontology_template,concept_question
I am having trouble with Solving Linear Equations,5fb48ab8-2922-5d69-8fb6-ba1b37b056c6,SKILL_193,Linear Equations,math :: algebra & functions :: linear equations,Algebra & Functions,ontology_template,struggle_statement
Can we review Solving Linear Equations together?,5fb48ab8-2922-5d69-8fb6-ba1b37b056c6,SKILL_193,Linear Equations,math :: algebra & functions :: linear equations,Algebra & Functions,ontology_template,review_request
Explain the concept of Solving Linear Equations,5fb48ab8-2922-5d69-8fb6-ba1b37b056c6,SKILL_193,Linear Equations,math :: algebra & functions :: linear equations,Algebra & Functions,ontology_template,explanation_request
What is the rule for Solving Linear Equations?,5fb48ab8-2922-5d69-8fb6-ba1b37b056c6,SKILL_193,Linear Equations,math :: algebra & functions :: linear equations,Algebra & Functions,ontology_template,rule_question
Help me understand Solving Linear Equations,5fb48ab8-2922-5d69-8fb6-ba1b37b056c6,SKILL_193,Linear Equations,math :: algebra & functions :: linear equations,Algebra & Functions,ontology_template,help_request
Teach me about Solving Linear Equations,5fb48ab8-2922-5d69-8fb6-ba1b37b056c6,SKILL_193,Linear Equations,math :: algebra & functions :: linear equations,Algebra & Functions,ontology_template,learning_request
How do you calculate Solving Linear Equations?,5fb48ab8-2922-5d69-8fb6-ba1b37b056c6,SKILL_193,Linear Equations,math :: algebra & functions :: linear equations,Algebra & Functions,ontology_template,calculation_question
Solving Linear Equations,5fb48ab8-2922-5d69-8fb6-ba1b37b056c6,SKILL_193,Linear Equations,math :: algebra & functions :: linear equations,Algebra & Functions,ontology_template,direct_mention
I need help with Percent Discount,08fdff14-a399-5198-9519-225af314cf47,SKILL_203,Percent Discount,math :: proportional reasoning & percents :: percent discount,Proportional Reasoning & Percents,ontology_template,help_request
Can you explain Percent Discount?,08fdff14-a399-5198-9519-225af314cf47,SKILL_203,Percent Discount,math :: proportional reasoning & percents :: percent discount,Proportional Reasoning & Percents,ontology_template,explanation_request
How do I solve problems about Percent Discount?,08fdff14-a399-5198-9519-225af314cf47,SKILL_203,Percent Discount,math :: proportional reasoning & percents :: percent discount,Proportional Reasoning & Percents,ontology_template,problem_solving
I don't understand Percent Discount,08fdff14-a399-5198-9519-225af314cf47,SKILL_203,Percent Discount,math :: proportional reasoning & percents :: percent discount,Proportional Reasoning & Percents,ontology_template,misunderstanding_statement
Show me how Percent Discount works,08fdff14-a399-5198-9519-225af314cf47,SKILL_203,Percent Discount,math :: proportional reasoning & percents :: percent discount,Proportional Reasoning & Percents,ontology_template,instruction_request
I need to practice Percent Discount,08fdff14-a399-5198-9519-225af314cf47,SKILL_203,Percent Discount,math :: proportional reasoning & percents :: percent discount,Proportional Reasoning & Percents,ontology_template,practice_request
Can you help me learn Percent Discount?,08fdff14-a399-5198-9519-225af314cf47,SKILL_203,Percent Discount,math :: proportional reasoning & percents :: percent discount,Proportional Reasoning & Percents,ontology_template,learning_request
What does Percent Discount mean?,08fdff14-a399-5198-9519-225af314cf47,SKILL_203,Percent Discount,math :: proportional reasoning & percents :: percent discount,Proportional Reasoning & Percents,ontology_template,definition_request
Give me an example of Percent Discount,08fdff14-a399-5198-9519-225af314cf47,SKILL_203,Percent Discount,math :: proportional reasoning & percents :: percent discount,Proportional Reasoning & Percents,ontology_template,example_request
How does Percent Discount work in math?,08fdff14-a399-5198-9519-225af314cf47,SKILL_203,Percent Discount,math :: proportional reasoning & percents :: percent discount,Proportional Reasoning & Percents,ontology_template,concept_question
I am having trouble with Percent Discount,08fdff14-a399-5198-9519-225af314cf47,SKILL_203,Percent Discount,math :: proportional reasoning & percents :: percent discount,Proportional Reasoning & Percents,ontology_template,struggle_statement
Can we review Percent Discount together?,08fdff14-a399-5198-9519-225af314cf47,SKILL_203,Percent Discount,math :: proportional reasoning & percents :: percent discount,Proportional Reasoning & Percents,ontology_template,review_request
Explain the concept of Percent Discount,08fdff14-a399-5198-9519-225af314cf47,SKILL_203,Percent Discount,math :: proportional reasoning & percents :: percent discount,Proportional Reasoning & Percents,ontology_template,explanation_request
What is the rule for Percent Discount?,08fdff14-a399-5198-9519-225af314cf47,SKILL_203,Percent Discount,math :: proportional reasoning & percents :: percent discount,Proportional Reasoning & Percents,ontology_template,rule_question
Help me understand Percent Discount,08fdff14-a399-5198-9519-225af314cf47,SKILL_203,Percent Discount,math :: proportional reasoning & percents :: percent discount,Proportional Reasoning & Percents,ontology_template,help_request
Teach me about Percent Discount,08fdff14-a399-5198-9519-225af314cf47,SKILL_203,Percent Discount,math :: proportional reasoning & percents :: percent discount,Proportional Reasoning & Percents,ontology_template,learning_request
How do you calculate Percent Discount?,08fdff14-a399-5198-9519-225af314cf47,SKILL_203,Percent Discount,math :: proportional reasoning & percents :: percent discount,Proportional Reasoning & Percents,ontology_template,calculation_question
Percent Discount,08fdff14-a399-5198-9519-225af314cf47,SKILL_203,Percent Discount,math :: proportional reasoning & percents :: percent discount,Proportional Reasoning & Percents,ontology_template,direct_mention
I need help with Percents,190ad35b-d65c-5d1f-8285-8ddd31f67355,SKILL_204,Percents,math :: proportional reasoning & percents :: percents,Proportional Reasoning & Percents,ontology_template,help_request
Can you explain Percents?,190ad35b-d65c-5d1f-8285-8ddd31f67355,SKILL_204,Percents,math :: proportional reasoning & percents :: percents,Proportional Reasoning & Percents,ontology_template,explanation_request
How do I solve problems about Percents?,190ad35b-d65c-5d1f-8285-8ddd31f67355,SKILL_204,Percents,math :: proportional reasoning & percents :: percents,Proportional Reasoning & Percents,ontology_template,problem_solving
I don't understand Percents,190ad35b-d65c-5d1f-8285-8ddd31f67355,SKILL_204,Percents,math :: proportional reasoning & percents :: percents,Proportional Reasoning & Percents,ontology_template,misunderstanding_statement
Show me how Percents works,190ad35b-d65c-5d1f-8285-8ddd31f67355,SKILL_204,Percents,math :: proportional reasoning & percents :: percents,Proportional Reasoning & Percents,ontology_template,instruction_request
I need to practice Percents,190ad35b-d65c-5d1f-8285-8ddd31f67355,SKILL_204,Percents,math :: proportional reasoning & percents :: percents,Proportional Reasoning & Percents,ontology_template,practice_request
Can you help me learn Percents?,190ad35b-d65c-5d1f-8285-8ddd31f67355,SKILL_204,Percents,math :: proportional reasoning & percents :: percents,Proportional Reasoning & Percents,ontology_template,learning_request
What does Percents mean?,190ad35b-d65c-5d1f-8285-8ddd31f67355,SKILL_204,Percents,math :: proportional reasoning & percents :: percents,Proportional Reasoning & Percents,ontology_template,definition_request
Give me an example of Percents,190ad35b-d65c-5d1f-8285-8ddd31f67355,SKILL_204,Percents,math :: proportional reasoning & percents :: percents,Proportional Reasoning & Percents,ontology_template,example_request
How does Percents work in math?,190ad35b-d65c-5d1f-8285-8ddd31f67355,SKILL_204,Percents,math :: proportional reasoning & percents :: percents,Proportional Reasoning & Percents,ontology_template,concept_question
I am having trouble with Percents,190ad35b-d65c-5d1f-8285-8ddd31f67355,SKILL_204,Percents,math :: proportional reasoning & percents :: percents,Proportional Reasoning & Percents,ontology_template,struggle_statement
Can we review Percents together?,190ad35b-d65c-5d1f-8285-8ddd31f67355,SKILL_204,Percents,math :: proportional reasoning & percents :: percents,Proportional Reasoning & Percents,ontology_template,review_request
Explain the concept of Percents,190ad35b-d65c-5d1f-8285-8ddd31f67355,SKILL_204,Percents,math :: proportional reasoning & percents :: percents,Proportional Reasoning & Percents,ontology_template,explanation_request
What is the rule for Percents?,190ad35b-d65c-5d1f-8285-8ddd31f67355,SKILL_204,Percents,math :: proportional reasoning & percents :: percents,Proportional Reasoning & Percents,ontology_template,rule_question
Help me understand Percents,190ad35b-d65c-5d1f-8285-8ddd31f67355,SKILL_204,Percents,math :: proportional reasoning & percents :: percents,Proportional Reasoning & Percents,ontology_template,help_request
Teach me about Percents,190ad35b-d65c-5d1f-8285-8ddd31f67355,SKILL_204,Percents,math :: proportional reasoning & percents :: percents,Proportional Reasoning & Percents,ontology_template,learning_request
How do you calculate Percents?,190ad35b-d65c-5d1f-8285-8ddd31f67355,SKILL_204,Percents,math :: proportional reasoning & percents :: percents,Proportional Reasoning & Percents,ontology_template,calculation_question
Percents,190ad35b-d65c-5d1f-8285-8ddd31f67355,SKILL_204,Percents,math :: proportional reasoning & percents :: percents,Proportional Reasoning & Percents,ontology_template,direct_mention
I need help with Rate,4db134da-5955-55c9-9c94-7a3af7c4a582,SKILL_217,Rate,math :: proportional reasoning & percents :: rate,Proportional Reasoning & Percents,ontology_template,help_request
Can you explain Rate?,4db134da-5955-55c9-9c94-7a3af7c4a582,SKILL_217,Rate,math :: proportional reasoning & percents :: rate,Proportional Reasoning & Percents,ontology_template,explanation_request
How do I solve problems about Rate?,4db134da-5955-55c9-9c94-7a3af7c4a582,SKILL_217,Rate,math :: proportional reasoning & percents :: rate,Proportional Reasoning & Percents,ontology_template,problem_solving
I don't understand Rate,4db134da-5955-55c9-9c94-7a3af7c4a582,SKILL_217,Rate,math :: proportional reasoning & percents :: rate,Proportional Reasoning & Percents,ontology_template,misunderstanding_statement
Show me how Rate works,4db134da-5955-55c9-9c94-7a3af7c4a582,SKILL_217,Rate,math :: proportional reasoning & percents :: rate,Proportional Reasoning & Percents,ontology_template,instruction_request
I need to practice Rate,4db134da-5955-55c9-9c94-7a3af7c4a582,SKILL_217,Rate,math :: proportional reasoning & percents :: rate,Proportional Reasoning & Percents,ontology_template,practice_request
Can you help me learn Rate?,4db134da-5955-55c9-9c94-7a3af7c4a582,SKILL_217,Rate,math :: proportional reasoning & percents :: rate,Proportional Reasoning & Percents,ontology_template,learning_request
What does Rate mean?,4db134da-5955-55c9-9c94-7a3af7c4a582,SKILL_217,Rate,math :: proportional reasoning & percents :: rate,Proportional Reasoning & Percents,ontology_template,definition_request
Give me an example of Rate,4db134da-5955-55c9-9c94-7a3af7c4a582,SKILL_217,Rate,math :: proportional reasoning & percents :: rate,Proportional Reasoning & Percents,ontology_template,example_request
How does Rate work in math?,4db134da-5955-55c9-9c94-7a3af7c4a582,SKILL_217,Rate,math :: proportional reasoning & percents :: rate,Proportional Reasoning & Percents,ontology_template,concept_question
I am having trouble with Rate,4db134da-5955-55c9-9c94-7a3af7c4a582,SKILL_217,Rate,math :: proportional reasoning & percents :: rate,Proportional Reasoning & Percents,ontology_template,struggle_statement
Can we review Rate together?,4db134da-5955-55c9-9c94-7a3af7c4a582,SKILL_217,Rate,math :: proportional reasoning & percents :: rate,Proportional Reasoning & Percents,ontology_template,review_request
Explain the concept of Rate,4db134da-5955-55c9-9c94-7a3af7c4a582,SKILL_217,Rate,math :: proportional reasoning & percents :: rate,Proportional Reasoning & Percents,ontology_template,explanation_request
What is the rule for Rate?,4db134da-5955-55c9-9c94-7a3af7c4a582,SKILL_217,Rate,math :: proportional reasoning & percents :: rate,Proportional Reasoning & Percents,ontology_template,rule_question
Help me understand Rate,4db134da-5955-55c9-9c94-7a3af7c4a582,SKILL_217,Rate,math :: proportional reasoning & percents :: rate,Proportional Reasoning & Percents,ontology_template,help_request
Teach me about Rate,4db134da-5955-55c9-9c94-7a3af7c4a582,SKILL_217,Rate,math :: proportional reasoning & percents :: rate,Proportional Reasoning & Percents,ontology_template,learning_request
How do you calculate Rate?,4db134da-5955-55c9-9c94-7a3af7c4a582,SKILL_217,Rate,math :: proportional reasoning & percents :: rate,Proportional Reasoning & Percents,ontology_template,calculation_question
Rate,4db134da-5955-55c9-9c94-7a3af7c4a582,SKILL_217,Rate,math :: proportional reasoning & percents :: rate,Proportional Reasoning & Percents,ontology_template,direct_mention
I need help with Finding Slope,1490cc38-51ef-5e17-bedc-08730867ac76,SKILL_221,Slope,math :: algebra & functions :: slope,Algebra & Functions,ontology_template,help_request
Can you explain Finding Slope?,1490cc38-51ef-5e17-bedc-08730867ac76,SKILL_221,Slope,math :: algebra & functions :: slope,Algebra & Functions,ontology_template,explanation_request
How do I solve problems about Finding Slope?,1490cc38-51ef-5e17-bedc-08730867ac76,SKILL_221,Slope,math :: algebra & functions :: slope,Algebra & Functions,ontology_template,problem_solving
I don't understand Finding Slope,1490cc38-51ef-5e17-bedc-08730867ac76,SKILL_221,Slope,math :: algebra & functions :: slope,Algebra & Functions,ontology_template,misunderstanding_statement
Show me how Finding Slope works,1490cc38-51ef-5e17-bedc-08730867ac76,SKILL_221,Slope,math :: algebra & functions :: slope,Algebra & Functions,ontology_template,instruction_request
I need to practice Finding Slope,1490cc38-51ef-5e17-bedc-08730867ac76,SKILL_221,Slope,math :: algebra & functions :: slope,Algebra & Functions,ontology_template,practice_request
Can you help me learn Finding Slope?,1490cc38-51ef-5e17-bedc-08730867ac76,SKILL_221,Slope,math :: algebra & functions :: slope,Algebra & Functions,ontology_template,learning_request
What does Finding Slope mean?,1490cc38-51ef-5e17-bedc-08730867ac76,SKILL_221,Slope,math :: algebra & functions :: slope,Algebra & Functions,ontology_template,definition_request
Give me an example of Finding Slope,1490cc38-51ef-5e17-bedc-08730867ac76,SKILL_221,Slope,math :: algebra & functions :: slope,Algebra & Functions,ontology_template,example_request
How does Finding Slope work in math?,1490cc38-51ef-5e17-bedc-08730867ac76,SKILL_221,Slope,math :: algebra & functions :: slope,Algebra & Functions,ontology_template,concept_question
I am having trouble with Finding Slope,1490cc38-51ef-5e17-bedc-08730867ac76,SKILL_221,Slope,math :: algebra & functions :: slope,Algebra & Functions,ontology_template,struggle_statement
Can we review Finding Slope together?,1490cc38-51ef-5e17-bedc-08730867ac76,SKILL_221,Slope,math :: algebra & functions :: slope,Algebra & Functions,ontology_template,review_request
Explain the concept of Finding Slope,1490cc38-51ef-5e17-bedc-08730867ac76,SKILL_221,Slope,math :: algebra & functions :: slope,Algebra & Functions,ontology_template,explanation_request
What is the rule for Finding Slope?,1490cc38-51ef-5e17-bedc-08730867ac76,SKILL_221,Slope,math :: algebra & functions :: slope,Algebra & Functions,ontology_template,rule_question
Help me understand Finding Slope,1490cc38-51ef-5e17-bedc-08730867ac76,SKILL_221,Slope,math :: algebra & functions :: slope,Algebra & Functions,ontology_template,help_request
Teach me about Finding Slope,1490cc38-51ef-5e17-bedc-08730867ac76,SKILL_221,Slope,math :: algebra & functions :: slope,Algebra & Functions,ontology_template,learning_request
How do you calculate Finding Slope?,1490cc38-51ef-5e17-bedc-08730867ac76,SKILL_221,Slope,math :: algebra & functions :: slope,Algebra & Functions,ontology_template,calculation_question
Finding Slope,1490cc38-51ef-5e17-bedc-08730867ac76,SKILL_221,Slope,math :: algebra & functions :: slope,Algebra & Functions,ontology_template,direct_mention
I need help with Line Slope,1490cc38-51ef-5e17-bedc-08730867ac76,SKILL_221,Slope,math :: algebra & functions :: slope,Algebra & Functions,ontology_template,help_request
Can you explain Line Slope?,1490cc38-51ef-5e17-bedc-08730867ac76,SKILL_221,Slope,math :: algebra & functions :: slope,Algebra & Functions,ontology_template,explanation_request
How do I solve problems about Line Slope?,1490cc38-51ef-5e17-bedc-08730867ac76,SKILL_221,Slope,math :: algebra & functions :: slope,Algebra & Functions,ontology_template,problem_solving
I don't understand Line Slope,1490cc38-51ef-5e17-bedc-08730867ac76,SKILL_221,Slope,math :: algebra & functions :: slope,Algebra & Functions,ontology_template,misunderstanding_statement
Show me how Line Slope works,1490cc38-51ef-5e17-bedc-08730867ac76,SKILL_221,Slope,math :: algebra & functions :: slope,Algebra & Functions,ontology_template,instruction_request
I need to practice Line Slope,1490cc38-51ef-5e17-bedc-08730867ac76,SKILL_221,Slope,math :: algebra & functions :: slope,Algebra & Functions,ontology_template,practice_request
Can you help me learn Line Slope?,1490cc38-51ef-5e17-bedc-08730867ac76,SKILL_221,Slope,math :: algebra & functions :: slope,Algebra & Functions,ontology_template,learning_request
What does Line Slope mean?,1490cc38-51ef-5e17-bedc-08730867ac76,SKILL_221,Slope,math :: algebra & functions :: slope,Algebra & Functions,ontology_template,definition_request
Give me an example of Line Slope,1490cc38-51ef-5e17-bedc-08730867ac76,SKILL_221,Slope,math :: algebra & functions :: slope,Algebra & Functions,ontology_template,example_request
How does Line Slope work in math?,1490cc38-51ef-5e17-bedc-08730867ac76,SKILL_221,Slope,math :: algebra & functions :: slope,Algebra & Functions,ontology_template,concept_question
I am having trouble with Line Slope,1490cc38-51ef-5e17-bedc-08730867ac76,SKILL_221,Slope,math :: algebra & functions :: slope,Algebra & Functions,ontology_template,struggle_statement
Can we review Line Slope together?,1490cc38-51ef-5e17-bedc-08730867ac76,SKILL_221,Slope,math :: algebra & functions :: slope,Algebra & Functions,ontology_template,review_request
Explain the concept of Line Slope,1490cc38-51ef-5e17-bedc-08730867ac76,SKILL_221,Slope,math :: algebra & functions :: slope,Algebra & Functions,ontology_template,explanation_request
What is the rule for Line Slope?,1490cc38-51ef-5e17-bedc-08730867ac76,SKILL_221,Slope,math :: algebra & functions :: slope,Algebra & Functions,ontology_template,rule_question
Help me understand Line Slope,1490cc38-51ef-5e17-bedc-08730867ac76,SKILL_221,Slope,math :: algebra & functions :: slope,Algebra & Functions,ontology_template,help_request
Teach me about Line Slope,1490cc38-51ef-5e17-bedc-08730867ac76,SKILL_221,Slope,math :: algebra & functions :: slope,Algebra & Functions,ontology_template,learning_request
How do you calculate Line Slope?,1490cc38-51ef-5e17-bedc-08730867ac76,SKILL_221,Slope,math :: algebra & functions :: slope,Algebra & Functions,ontology_template,calculation_question
Line Slope,1490cc38-51ef-5e17-bedc-08730867ac76,SKILL_221,Slope,math :: algebra & functions :: slope,Algebra & Functions,ontology_template,direct_mention
I need help with Slope,1490cc38-51ef-5e17-bedc-08730867ac76,SKILL_221,Slope,math :: algebra & functions :: slope,Algebra & Functions,ontology_template,help_request
Can you explain Slope?,1490cc38-51ef-5e17-bedc-08730867ac76,SKILL_221,Slope,math :: algebra & functions :: slope,Algebra & Functions,ontology_template,explanation_request
How do I solve problems about Slope?,1490cc38-51ef-5e17-bedc-08730867ac76,SKILL_221,Slope,math :: algebra & functions :: slope,Algebra & Functions,ontology_template,problem_solving
I don't understand Slope,1490cc38-51ef-5e17-bedc-08730867ac76,SKILL_221,Slope,math :: algebra & functions :: slope,Algebra & Functions,ontology_template,misunderstanding_statement
Show me how Slope works,1490cc38-51ef-5e17-bedc-08730867ac76,SKILL_221,Slope,math :: algebra & functions :: slope,Algebra & Functions,ontology_template,instruction_request
I need to practice Slope,1490cc38-51ef-5e17-bedc-08730867ac76,SKILL_221,Slope,math :: algebra & functions :: slope,Algebra & Functions,ontology_template,practice_request
Can you help me learn Slope?,1490cc38-51ef-5e17-bedc-08730867ac76,SKILL_221,Slope,math :: algebra & functions :: slope,Algebra & Functions,ontology_template,learning_request
What does Slope mean?,1490cc38-51ef-5e17-bedc-08730867ac76,SKILL_221,Slope,math :: algebra & functions :: slope,Algebra & Functions,ontology_template,definition_request
Give me an example of Slope,1490cc38-51ef-5e17-bedc-08730867ac76,SKILL_221,Slope,math :: algebra & functions :: slope,Algebra & Functions,ontology_template,example_request
How does Slope work in math?,1490cc38-51ef-5e17-bedc-08730867ac76,SKILL_221,Slope,math :: algebra & functions :: slope,Algebra & Functions,ontology_template,concept_question
I am having trouble with Slope,1490cc38-51ef-5e17-bedc-08730867ac76,SKILL_221,Slope,math :: algebra & functions :: slope,Algebra & Functions,ontology_template,struggle_statement
Can we review Slope together?,1490cc38-51ef-5e17-bedc-08730867ac76,SKILL_221,Slope,math :: algebra & functions :: slope,Algebra & Functions,ontology_template,review_request
Explain the concept of Slope,1490cc38-51ef-5e17-bedc-08730867ac76,SKILL_221,Slope,math :: algebra & functions :: slope,Algebra & Functions,ontology_template,explanation_request
What is the rule for Slope?,1490cc38-51ef-5e17-bedc-08730867ac76,SKILL_221,Slope,math :: algebra & functions :: slope,Algebra & Functions,ontology_template,rule_question
Help me understand Slope,1490cc38-51ef-5e17-bedc-08730867ac76,SKILL_221,Slope,math :: algebra & functions :: slope,Algebra & Functions,ontology_template,help_request
Teach me about Slope,1490cc38-51ef-5e17-bedc-08730867ac76,SKILL_221,Slope,math :: algebra & functions :: slope,Algebra & Functions,ontology_template,learning_request
How do you calculate Slope?,1490cc38-51ef-5e17-bedc-08730867ac76,SKILL_221,Slope,math :: algebra & functions :: slope,Algebra & Functions,ontology_template,calculation_question
Slope,1490cc38-51ef-5e17-bedc-08730867ac76,SKILL_221,Slope,math :: algebra & functions :: slope,Algebra & Functions,ontology_template,direct_mention
I need help with Multiplication and Division Positive Decimals,c3fc766a-2f5d-5e40-962e-b11f1cd8abd9,SKILL_276,Multiplication and Division Positive Decimals,math :: number sense & operations :: multiplication and division positive decimals,Number Sense & Operations,ontology_template,help_request
Can you explain Multiplication and Division Positive Decimals?,c3fc766a-2f5d-5e40-962e-b11f1cd8abd9,SKILL_276,Multiplication and Division Positive Decimals,math :: number sense & operations :: multiplication and division positive decimals,Number Sense & Operations,ontology_template,explanation_request
How do I solve problems about Multiplication and Division Positive Decimals?,c3fc766a-2f5d-5e40-962e-b11f1cd8abd9,SKILL_276,Multiplication and Division Positive Decimals,math :: number sense & operations :: multiplication and division positive decimals,Number Sense & Operations,ontology_template,problem_solving
I don't understand Multiplication and Division Positive Decimals,c3fc766a-2f5d-5e40-962e-b11f1cd8abd9,SKILL_276,Multiplication and Division Positive Decimals,math :: number sense & operations :: multiplication and division positive decimals,Number Sense & Operations,ontology_template,misunderstanding_statement
Show me how Multiplication and Division Positive Decimals works,c3fc766a-2f5d-5e40-962e-b11f1cd8abd9,SKILL_276,Multiplication and Division Positive Decimals,math :: number sense & operations :: multiplication and division positive decimals,Number Sense & Operations,ontology_template,instruction_request
I need to practice Multiplication and Division Positive Decimals,c3fc766a-2f5d-5e40-962e-b11f1cd8abd9,SKILL_276,Multiplication and Division Positive Decimals,math :: number sense & operations :: multiplication and division positive decimals,Number Sense & Operations,ontology_template,practice_request
Can you help me learn Multiplication and Division Positive Decimals?,c3fc766a-2f5d-5e40-962e-b11f1cd8abd9,SKILL_276,Multiplication and Division Positive Decimals,math :: number sense & operations :: multiplication and division positive decimals,Number Sense & Operations,ontology_template,learning_request
What does Multiplication and Division Positive Decimals mean?,c3fc766a-2f5d-5e40-962e-b11f1cd8abd9,SKILL_276,Multiplication and Division Positive Decimals,math :: number sense & operations :: multiplication and division positive decimals,Number Sense & Operations,ontology_template,definition_request
Give me an example of Multiplication and Division Positive Decimals,c3fc766a-2f5d-5e40-962e-b11f1cd8abd9,SKILL_276,Multiplication and Division Positive Decimals,math :: number sense & operations :: multiplication and division positive decimals,Number Sense & Operations,ontology_template,example_request
How does Multiplication and Division Positive Decimals work in math?,c3fc766a-2f5d-5e40-962e-b11f1cd8abd9,SKILL_276,Multiplication and Division Positive Decimals,math :: number sense & operations :: multiplication and division positive decimals,Number Sense & Operations,ontology_template,concept_question
I am having trouble with Multiplication and Division Positive Decimals,c3fc766a-2f5d-5e40-962e-b11f1cd8abd9,SKILL_276,Multiplication and Division Positive Decimals,math :: number sense & operations :: multiplication and division positive decimals,Number Sense & Operations,ontology_template,struggle_statement
Can we review Multiplication and Division Positive Decimals together?,c3fc766a-2f5d-5e40-962e-b11f1cd8abd9,SKILL_276,Multiplication and Division Positive Decimals,math :: number sense & operations :: multiplication and division positive decimals,Number Sense & Operations,ontology_template,review_request
Explain the concept of Multiplication and Division Positive Decimals,c3fc766a-2f5d-5e40-962e-b11f1cd8abd9,SKILL_276,Multiplication and Division Positive Decimals,math :: number sense & operations :: multiplication and division positive decimals,Number Sense & Operations,ontology_template,explanation_request
What is the rule for Multiplication and Division Positive Decimals?,c3fc766a-2f5d-5e40-962e-b11f1cd8abd9,SKILL_276,Multiplication and Division Positive Decimals,math :: number sense & operations :: multiplication and division positive decimals,Number Sense & Operations,ontology_template,rule_question
Help me understand Multiplication and Division Positive Decimals,c3fc766a-2f5d-5e40-962e-b11f1cd8abd9,SKILL_276,Multiplication and Division Positive Decimals,math :: number sense & operations :: multiplication and division positive decimals,Number Sense & Operations,ontology_template,help_request
Teach me about Multiplication and Division Positive Decimals,c3fc766a-2f5d-5e40-962e-b11f1cd8abd9,SKILL_276,Multiplication and Division Positive Decimals,math :: number sense & operations :: multiplication and division positive decimals,Number Sense & Operations,ontology_template,learning_request
How do you calculate Multiplication and Division Positive Decimals?,c3fc766a-2f5d-5e40-962e-b11f1cd8abd9,SKILL_276,Multiplication and Division Positive Decimals,math :: number sense & operations :: multiplication and division positive decimals,Number Sense & Operations,ontology_template,calculation_question
Multiplication and Division Positive Decimals,c3fc766a-2f5d-5e40-962e-b11f1cd8abd9,SKILL_276,Multiplication and Division Positive Decimals,math :: number sense & operations :: multiplication and division positive decimals,Number Sense & Operations,ontology_template,direct_mention
I need help with Addition and Subtraction Integers,26e564e4-9ce9-59dc-9e9e-e93c12286e0b,SKILL_277,Addition and Subtraction Integers,math :: number sense & operations :: addition and subtraction integers,Number Sense & Operations,ontology_template,help_request
Can you explain Addition and Subtraction Integers?,26e564e4-9ce9-59dc-9e9e-e93c12286e0b,SKILL_277,Addition and Subtraction Integers,math :: number sense & operations :: addition and subtraction integers,Number Sense & Operations,ontology_template,explanation_request
How do I solve problems about Addition and Subtraction Integers?,26e564e4-9ce9-59dc-9e9e-e93c12286e0b,SKILL_277,Addition and Subtraction Integers,math :: number sense & operations :: addition and subtraction integers,Number Sense & Operations,ontology_template,problem_solving
I don't understand Addition and Subtraction Integers,26e564e4-9ce9-59dc-9e9e-e93c12286e0b,SKILL_277,Addition and Subtraction Integers,math :: number sense & operations :: addition and subtraction integers,Number Sense & Operations,ontology_template,misunderstanding_statement
Show me how Addition and Subtraction Integers works,26e564e4-9ce9-59dc-9e9e-e93c12286e0b,SKILL_277,Addition and Subtraction Integers,math :: number sense & operations :: addition and subtraction integers,Number Sense & Operations,ontology_template,instruction_request
I need to practice Addition and Subtraction Integers,26e564e4-9ce9-59dc-9e9e-e93c12286e0b,SKILL_277,Addition and Subtraction Integers,math :: number sense & operations :: addition and subtraction integers,Number Sense & Operations,ontology_template,practice_request
Can you help me learn Addition and Subtraction Integers?,26e564e4-9ce9-59dc-9e9e-e93c12286e0b,SKILL_277,Addition and Subtraction Integers,math :: number sense & operations :: addition and subtraction integers,Number Sense & Operations,ontology_template,learning_request
What does Addition and Subtraction Integers mean?,26e564e4-9ce9-59dc-9e9e-e93c12286e0b,SKILL_277,Addition and Subtraction Integers,math :: number sense & operations :: addition and subtraction integers,Number Sense & Operations,ontology_template,definition_request
Give me an example of Addition and Subtraction Integers,26e564e4-9ce9-59dc-9e9e-e93c12286e0b,SKILL_277,Addition and Subtraction Integers,math :: number sense & operations :: addition and subtraction integers,Number Sense & Operations,ontology_template,example_request
How does Addition and Subtraction Integers work in math?,26e564e4-9ce9-59dc-9e9e-e93c12286e0b,SKILL_277,Addition and Subtraction Integers,math :: number sense & operations :: addition and subtraction integers,Number Sense & Operations,ontology_template,concept_question
I am having trouble with Addition and Subtraction Integers,26e564e4-9ce9-59dc-9e9e-e93c12286e0b,SKILL_277,Addition and Subtraction Integers,math :: number sense & operations :: addition and subtraction integers,Number Sense & Operations,ontology_template,struggle_statement
Can we review Addition and Subtraction Integers together?,26e564e4-9ce9-59dc-9e9e-e93c12286e0b,SKILL_277,Addition and Subtraction Integers,math :: number sense & operations :: addition and subtraction integers,Number Sense & Operations,ontology_template,review_request
Explain the concept of Addition and Subtraction Integers,26e564e4-9ce9-59dc-9e9e-e93c12286e0b,SKILL_277,Addition and Subtraction Integers,math :: number sense & operations :: addition and subtraction integers,Number Sense & Operations,ontology_template,explanation_request
What is the rule for Addition and Subtraction Integers?,26e564e4-9ce9-59dc-9e9e-e93c12286e0b,SKILL_277,Addition and Subtraction Integers,math :: number sense & operations :: addition and subtraction integers,Number Sense & Operations,ontology_template,rule_question
Help me understand Addition and Subtraction Integers,26e564e4-9ce9-59dc-9e9e-e93c12286e0b,SKILL_277,Addition and Subtraction Integers,math :: number sense & operations :: addition and subtraction integers,Number Sense & Operations,ontology_template,help_request
Teach me about Addition and Subtraction Integers,26e564e4-9ce9-59dc-9e9e-e93c12286e0b,SKILL_277,Addition and Subtraction Integers,math :: number sense & operations :: addition and subtraction integers,Number Sense & Operations,ontology_template,learning_request
How do you calculate Addition and Subtraction Integers?,26e564e4-9ce9-59dc-9e9e-e93c12286e0b,SKILL_277,Addition and Subtraction Integers,math :: number sense & operations :: addition and subtraction integers,Number Sense & Operations,ontology_template,calculation_question
Addition and Subtraction Integers,26e564e4-9ce9-59dc-9e9e-e93c12286e0b,SKILL_277,Addition and Subtraction Integers,math :: number sense & operations :: addition and subtraction integers,Number Sense & Operations,ontology_template,direct_mention
I need help with Addition and Subtraction Positive Decimals,d26a34bd-4b36-59d1-b594-1c10c5d0e6a5,SKILL_278,Addition and Subtraction Positive Decimals,math :: number sense & operations :: addition and subtraction positive decimals,Number Sense & Operations,ontology_template,help_request
Can you explain Addition and Subtraction Positive Decimals?,d26a34bd-4b36-59d1-b594-1c10c5d0e6a5,SKILL_278,Addition and Subtraction Positive Decimals,math :: number sense & operations :: addition and subtraction positive decimals,Number Sense & Operations,ontology_template,explanation_request
How do I solve problems about Addition and Subtraction Positive Decimals?,d26a34bd-4b36-59d1-b594-1c10c5d0e6a5,SKILL_278,Addition and Subtraction Positive Decimals,math :: number sense & operations :: addition and subtraction positive decimals,Number Sense & Operations,ontology_template,problem_solving
I don't understand Addition and Subtraction Positive Decimals,d26a34bd-4b36-59d1-b594-1c10c5d0e6a5,SKILL_278,Addition and Subtraction Positive Decimals,math :: number sense & operations :: addition and subtraction positive decimals,Number Sense & Operations,ontology_template,misunderstanding_statement
Show me how Addition and Subtraction Positive Decimals works,d26a34bd-4b36-59d1-b594-1c10c5d0e6a5,SKILL_278,Addition and Subtraction Positive Decimals,math :: number sense & operations :: addition and subtraction positive decimals,Number Sense & Operations,ontology_template,instruction_request
I need to practice Addition and Subtraction Positive Decimals,d26a34bd-4b36-59d1-b594-1c10c5d0e6a5,SKILL_278,Addition and Subtraction Positive Decimals,math :: number sense & operations :: addition and subtraction positive decimals,Number Sense & Operations,ontology_template,practice_request
Can you help me learn Addition and Subtraction Positive Decimals?,d26a34bd-4b36-59d1-b594-1c10c5d0e6a5,SKILL_278,Addition and Subtraction Positive Decimals,math :: number sense & operations :: addition and subtraction positive decimals,Number Sense & Operations,ontology_template,learning_request
What does Addition and Subtraction Positive Decimals mean?,d26a34bd-4b36-59d1-b594-1c10c5d0e6a5,SKILL_278,Addition and Subtraction Positive Decimals,math :: number sense & operations :: addition and subtraction positive decimals,Number Sense & Operations,ontology_template,definition_request
Give me an example of Addition and Subtraction Positive Decimals,d26a34bd-4b36-59d1-b594-1c10c5d0e6a5,SKILL_278,Addition and Subtraction Positive Decimals,math :: number sense & operations :: addition and subtraction positive decimals,Number Sense & Operations,ontology_template,example_request
How does Addition and Subtraction Positive Decimals work in math?,d26a34bd-4b36-59d1-b594-1c10c5d0e6a5,SKILL_278,Addition and Subtraction Positive Decimals,math :: number sense & operations :: addition and subtraction positive decimals,Number Sense & Operations,ontology_template,concept_question
I am having trouble with Addition and Subtraction Positive Decimals,d26a34bd-4b36-59d1-b594-1c10c5d0e6a5,SKILL_278,Addition and Subtraction Positive Decimals,math :: number sense & operations :: addition and subtraction positive decimals,Number Sense & Operations,ontology_template,struggle_statement
Can we review Addition and Subtraction Positive Decimals together?,d26a34bd-4b36-59d1-b594-1c10c5d0e6a5,SKILL_278,Addition and Subtraction Positive Decimals,math :: number sense & operations :: addition and subtraction positive decimals,Number Sense & Operations,ontology_template,review_request
Explain the concept of Addition and Subtraction Positive Decimals,d26a34bd-4b36-59d1-b594-1c10c5d0e6a5,SKILL_278,Addition and Subtraction Positive Decimals,math :: number sense & operations :: addition and subtraction positive decimals,Number Sense & Operations,ontology_template,explanation_request
What is the rule for Addition and Subtraction Positive Decimals?,d26a34bd-4b36-59d1-b594-1c10c5d0e6a5,SKILL_278,Addition and Subtraction Positive Decimals,math :: number sense & operations :: addition and subtraction positive decimals,Number Sense & Operations,ontology_template,rule_question
Help me understand Addition and Subtraction Positive Decimals,d26a34bd-4b36-59d1-b594-1c10c5d0e6a5,SKILL_278,Addition and Subtraction Positive Decimals,math :: number sense & operations :: addition and subtraction positive decimals,Number Sense & Operations,ontology_template,help_request
Teach me about Addition and Subtraction Positive Decimals,d26a34bd-4b36-59d1-b594-1c10c5d0e6a5,SKILL_278,Addition and Subtraction Positive Decimals,math :: number sense & operations :: addition and subtraction positive decimals,Number Sense & Operations,ontology_template,learning_request
How do you calculate Addition and Subtraction Positive Decimals?,d26a34bd-4b36-59d1-b594-1c10c5d0e6a5,SKILL_278,Addition and Subtraction Positive Decimals,math :: number sense & operations :: addition and subtraction positive decimals,Number Sense & Operations,ontology_template,calculation_question
Addition and Subtraction Positive Decimals,d26a34bd-4b36-59d1-b594-1c10c5d0e6a5,SKILL_278,Addition and Subtraction Positive Decimals,math :: number sense & operations :: addition and subtraction positive decimals,Number Sense & Operations,ontology_template,direct_mention
I need help with Multiplication and Division Integers,77d6b179-e9d6-5096-8035-a2abc193fd6d,SKILL_279,Multiplication and Division Integers,math :: number sense & operations :: multiplication and division integers,Number Sense & Operations,ontology_template,help_request
Can you explain Multiplication and Division Integers?,77d6b179-e9d6-5096-8035-a2abc193fd6d,SKILL_279,Multiplication and Division Integers,math :: number sense & operations :: multiplication and division integers,Number Sense & Operations,ontology_template,explanation_request
How do I solve problems about Multiplication and Division Integers?,77d6b179-e9d6-5096-8035-a2abc193fd6d,SKILL_279,Multiplication and Division Integers,math :: number sense & operations :: multiplication and division integers,Number Sense & Operations,ontology_template,problem_solving
I don't understand Multiplication and Division Integers,77d6b179-e9d6-5096-8035-a2abc193fd6d,SKILL_279,Multiplication and Division Integers,math :: number sense & operations :: multiplication and division integers,Number Sense & Operations,ontology_template,misunderstanding_statement
Show me how Multiplication and Division Integers works,77d6b179-e9d6-5096-8035-a2abc193fd6d,SKILL_279,Multiplication and Division Integers,math :: number sense & operations :: multiplication and division integers,Number Sense & Operations,ontology_template,instruction_request
I need to practice Multiplication and Division Integers,77d6b179-e9d6-5096-8035-a2abc193fd6d,SKILL_279,Multiplication and Division Integers,math :: number sense & operations :: multiplication and division integers,Number Sense & Operations,ontology_template,practice_request
Can you help me learn Multiplication and Division Integers?,77d6b179-e9d6-5096-8035-a2abc193fd6d,SKILL_279,Multiplication and Division Integers,math :: number sense & operations :: multiplication and division integers,Number Sense & Operations,ontology_template,learning_request
What does Multiplication and Division Integers mean?,77d6b179-e9d6-5096-8035-a2abc193fd6d,SKILL_279,Multiplication and Division Integers,math :: number sense & operations :: multiplication and division integers,Number Sense & Operations,ontology_template,definition_request
Give me an example of Multiplication and Division Integers,77d6b179-e9d6-5096-8035-a2abc193fd6d,SKILL_279,Multiplication and Division Integers,math :: number sense & operations :: multiplication and division integers,Number Sense & Operations,ontology_template,example_request
How does Multiplication and Division Integers work in math?,77d6b179-e9d6-5096-8035-a2abc193fd6d,SKILL_279,Multiplication and Division Integers,math :: number sense & operations :: multiplication and division integers,Number Sense & Operations,ontology_template,concept_question
I am having trouble with Multiplication and Division Integers,77d6b179-e9d6-5096-8035-a2abc193fd6d,SKILL_279,Multiplication and Division Integers,math :: number sense & operations :: multiplication and division integers,Number Sense & Operations,ontology_template,struggle_statement
Can we review Multiplication and Division Integers together?,77d6b179-e9d6-5096-8035-a2abc193fd6d,SKILL_279,Multiplication and Division Integers,math :: number sense & operations :: multiplication and division integers,Number Sense & Operations,ontology_template,review_request
Explain the concept of Multiplication and Division Integers,77d6b179-e9d6-5096-8035-a2abc193fd6d,SKILL_279,Multiplication and Division Integers,math :: number sense & operations :: multiplication and division integers,Number Sense & Operations,ontology_template,explanation_request
What is the rule for Multiplication and Division Integers?,77d6b179-e9d6-5096-8035-a2abc193fd6d,SKILL_279,Multiplication and Division Integers,math :: number sense & operations :: multiplication and division integers,Number Sense & Operations,ontology_template,rule_question
Help me understand Multiplication and Division Integers,77d6b179-e9d6-5096-8035-a2abc193fd6d,SKILL_279,Multiplication and Division Integers,math :: number sense & operations :: multiplication and division integers,Number Sense & Operations,ontology_template,help_request
Teach me about Multiplication and Division Integers,77d6b179-e9d6-5096-8035-a2abc193fd6d,SKILL_279,Multiplication and Division Integers,math :: number sense & operations :: multiplication and division integers,Number Sense & Operations,ontology_template,learning_request
How do you calculate Multiplication and Division Integers?,77d6b179-e9d6-5096-8035-a2abc193fd6d,SKILL_279,Multiplication and Division Integers,math :: number sense & operations :: multiplication and division integers,Number Sense & Operations,ontology_template,calculation_question
Multiplication and Division Integers,77d6b179-e9d6-5096-8035-a2abc193fd6d,SKILL_279,Multiplication and Division Integers,math :: number sense & operations :: multiplication and division integers,Number Sense & Operations,ontology_template,direct_mention
I need help with Addition and Subtraction Fractions,eb14255e-e11f-523a-8bf0-f61e368dd4dc,SKILL_280,Addition and Subtraction Fractions,math :: number sense & operations :: addition and subtraction fractions,Number Sense & Operations,ontology_template,help_request
Can you explain Addition and Subtraction Fractions?,eb14255e-e11f-523a-8bf0-f61e368dd4dc,SKILL_280,Addition and Subtraction Fractions,math :: number sense & operations :: addition and subtraction fractions,Number Sense & Operations,ontology_template,explanation_request
How do I solve problems about Addition and Subtraction Fractions?,eb14255e-e11f-523a-8bf0-f61e368dd4dc,SKILL_280,Addition and Subtraction Fractions,math :: number sense & operations :: addition and subtraction fractions,Number Sense & Operations,ontology_template,problem_solving
I don't understand Addition and Subtraction Fractions,eb14255e-e11f-523a-8bf0-f61e368dd4dc,SKILL_280,Addition and Subtraction Fractions,math :: number sense & operations :: addition and subtraction fractions,Number Sense & Operations,ontology_template,misunderstanding_statement
Show me how Addition and Subtraction Fractions works,eb14255e-e11f-523a-8bf0-f61e368dd4dc,SKILL_280,Addition and Subtraction Fractions,math :: number sense & operations :: addition and subtraction fractions,Number Sense & Operations,ontology_template,instruction_request
I need to practice Addition and Subtraction Fractions,eb14255e-e11f-523a-8bf0-f61e368dd4dc,SKILL_280,Addition and Subtraction Fractions,math :: number sense & operations :: addition and subtraction fractions,Number Sense & Operations,ontology_template,practice_request
Can you help me learn Addition and Subtraction Fractions?,eb14255e-e11f-523a-8bf0-f61e368dd4dc,SKILL_280,Addition and Subtraction Fractions,math :: number sense & operations :: addition and subtraction fractions,Number Sense & Operations,ontology_template,learning_request
What does Addition and Subtraction Fractions mean?,eb14255e-e11f-523a-8bf0-f61e368dd4dc,SKILL_280,Addition and Subtraction Fractions,math :: number sense & operations :: addition and subtraction fractions,Number Sense & Operations,ontology_template,definition_request
Give me an example of Addition and Subtraction Fractions,eb14255e-e11f-523a-8bf0-f61e368dd4dc,SKILL_280,Addition and Subtraction Fractions,math :: number sense & operations :: addition and subtraction fractions,Number Sense & Operations,ontology_template,example_request
How does Addition and Subtraction Fractions work in math?,eb14255e-e11f-523a-8bf0-f61e368dd4dc,SKILL_280,Addition and Subtraction Fractions,math :: number sense & operations :: addition and subtraction fractions,Number Sense & Operations,ontology_template,concept_question
I am having trouble with Addition and Subtraction Fractions,eb14255e-e11f-523a-8bf0-f61e368dd4dc,SKILL_280,Addition and Subtraction Fractions,math :: number sense & operations :: addition and subtraction fractions,Number Sense & Operations,ontology_template,struggle_statement
Can we review Addition and Subtraction Fractions together?,eb14255e-e11f-523a-8bf0-f61e368dd4dc,SKILL_280,Addition and Subtraction Fractions,math :: number sense & operations :: addition and subtraction fractions,Number Sense & Operations,ontology_template,review_request
Explain the concept of Addition and Subtraction Fractions,eb14255e-e11f-523a-8bf0-f61e368dd4dc,SKILL_280,Addition and Subtraction Fractions,math :: number sense & operations :: addition and subtraction fractions,Number Sense & Operations,ontology_template,explanation_request
What is the rule for Addition and Subtraction Fractions?,eb14255e-e11f-523a-8bf0-f61e368dd4dc,SKILL_280,Addition and Subtraction Fractions,math :: number sense & operations :: addition and subtraction fractions,Number Sense & Operations,ontology_template,rule_question
Help me understand Addition and Subtraction Fractions,eb14255e-e11f-523a-8bf0-f61e368dd4dc,SKILL_280,Addition and Subtraction Fractions,math :: number sense & operations :: addition and subtraction fractions,Number Sense & Operations,ontology_template,help_request
Teach me about Addition and Subtraction Fractions,eb14255e-e11f-523a-8bf0-f61e368dd4dc,SKILL_280,Addition and Subtraction Fractions,math :: number sense & operations :: addition and subtraction fractions,Number Sense & Operations,ontology_template,learning_request
How do you calculate Addition and Subtraction Fractions?,eb14255e-e11f-523a-8bf0-f61e368dd4dc,SKILL_280,Addition and Subtraction Fractions,math :: number sense & operations :: addition and subtraction fractions,Number Sense & Operations,ontology_template,calculation_question
Addition and Subtraction Fractions,eb14255e-e11f-523a-8bf0-f61e368dd4dc,SKILL_280,Addition and Subtraction Fractions,math :: number sense & operations :: addition and subtraction fractions,Number Sense & Operations,ontology_template,direct_mention
I need help with Reflection,cfc25d2f-6b81-55b3-a3f8-2b951d747adb,SKILL_290,Reflection,math :: geometry & measurement :: reflection,Geometry & Measurement,ontology_template,help_request
Can you explain Reflection?,cfc25d2f-6b81-55b3-a3f8-2b951d747adb,SKILL_290,Reflection,math :: geometry & measurement :: reflection,Geometry & Measurement,ontology_template,explanation_request
How do I solve problems about Reflection?,cfc25d2f-6b81-55b3-a3f8-2b951d747adb,SKILL_290,Reflection,math :: geometry & measurement :: reflection,Geometry & Measurement,ontology_template,problem_solving
I don't understand Reflection,cfc25d2f-6b81-55b3-a3f8-2b951d747adb,SKILL_290,Reflection,math :: geometry & measurement :: reflection,Geometry & Measurement,ontology_template,misunderstanding_statement
Show me how Reflection works,cfc25d2f-6b81-55b3-a3f8-2b951d747adb,SKILL_290,Reflection,math :: geometry & measurement :: reflection,Geometry & Measurement,ontology_template,instruction_request
I need to practice Reflection,cfc25d2f-6b81-55b3-a3f8-2b951d747adb,SKILL_290,Reflection,math :: geometry & measurement :: reflection,Geometry & Measurement,ontology_template,practice_request
Can you help me learn Reflection?,cfc25d2f-6b81-55b3-a3f8-2b951d747adb,SKILL_290,Reflection,math :: geometry & measurement :: reflection,Geometry & Measurement,ontology_template,learning_request
What does Reflection mean?,cfc25d2f-6b81-55b3-a3f8-2b951d747adb,SKILL_290,Reflection,math :: geometry & measurement :: reflection,Geometry & Measurement,ontology_template,definition_request
Give me an example of Reflection,cfc25d2f-6b81-55b3-a3f8-2b951d747adb,SKILL_290,Reflection,math :: geometry & measurement :: reflection,Geometry & Measurement,ontology_template,example_request
How does Reflection work in math?,cfc25d2f-6b81-55b3-a3f8-2b951d747adb,SKILL_290,Reflection,math :: geometry & measurement :: reflection,Geometry & Measurement,ontology_template,concept_question
I am having trouble with Reflection,cfc25d2f-6b81-55b3-a3f8-2b951d747adb,SKILL_290,Reflection,math :: geometry & measurement :: reflection,Geometry & Measurement,ontology_template,struggle_statement
Can we review Reflection together?,cfc25d2f-6b81-55b3-a3f8-2b951d747adb,SKILL_290,Reflection,math :: geometry & measurement :: reflection,Geometry & Measurement,ontology_template,review_request
Explain the concept of Reflection,cfc25d2f-6b81-55b3-a3f8-2b951d747adb,SKILL_290,Reflection,math :: geometry & measurement :: reflection,Geometry & Measurement,ontology_template,explanation_request
What is the rule for Reflection?,cfc25d2f-6b81-55b3-a3f8-2b951d747adb,SKILL_290,Reflection,math :: geometry & measurement :: reflection,Geometry & Measurement,ontology_template,rule_question
Help me understand Reflection,cfc25d2f-6b81-55b3-a3f8-2b951d747adb,SKILL_290,Reflection,math :: geometry & measurement :: reflection,Geometry & Measurement,ontology_template,help_request
Teach me about Reflection,cfc25d2f-6b81-55b3-a3f8-2b951d747adb,SKILL_290,Reflection,math :: geometry & measurement :: reflection,Geometry & Measurement,ontology_template,learning_request
How do you calculate Reflection?,cfc25d2f-6b81-55b3-a3f8-2b951d747adb,SKILL_290,Reflection,math :: geometry & measurement :: reflection,Geometry & Measurement,ontology_template,calculation_question
Reflection,cfc25d2f-6b81-55b3-a3f8-2b951d747adb,SKILL_290,Reflection,math :: geometry & measurement :: reflection,Geometry & Measurement,ontology_template,direct_mention
I need help with Rotations,33ddc812-fdd8-5113-a64e-7d6c6d915367,SKILL_292,Rotations,math :: geometry & measurement :: rotations,Geometry & Measurement,ontology_template,help_request
Can you explain Rotations?,33ddc812-fdd8-5113-a64e-7d6c6d915367,SKILL_292,Rotations,math :: geometry & measurement :: rotations,Geometry & Measurement,ontology_template,explanation_request
How do I solve problems about Rotations?,33ddc812-fdd8-5113-a64e-7d6c6d915367,SKILL_292,Rotations,math :: geometry & measurement :: rotations,Geometry & Measurement,ontology_template,problem_solving
I don't understand Rotations,33ddc812-fdd8-5113-a64e-7d6c6d915367,SKILL_292,Rotations,math :: geometry & measurement :: rotations,Geometry & Measurement,ontology_template,misunderstanding_statement
Show me how Rotations works,33ddc812-fdd8-5113-a64e-7d6c6d915367,SKILL_292,Rotations,math :: geometry & measurement :: rotations,Geometry & Measurement,ontology_template,instruction_request
I need to practice Rotations,33ddc812-fdd8-5113-a64e-7d6c6d915367,SKILL_292,Rotations,math :: geometry & measurement :: rotations,Geometry & Measurement,ontology_template,practice_request
Can you help me learn Rotations?,33ddc812-fdd8-5113-a64e-7d6c6d915367,SKILL_292,Rotations,math :: geometry & measurement :: rotations,Geometry & Measurement,ontology_template,learning_request
What does Rotations mean?,33ddc812-fdd8-5113-a64e-7d6c6d915367,SKILL_292,Rotations,math :: geometry & measurement :: rotations,Geometry & Measurement,ontology_template,definition_request
Give me an example of Rotations,33ddc812-fdd8-5113-a64e-7d6c6d915367,SKILL_292,Rotations,math :: geometry & measurement :: rotations,Geometry & Measurement,ontology_template,example_request
How does Rotations work in math?,33ddc812-fdd8-5113-a64e-7d6c6d915367,SKILL_292,Rotations,math :: geometry & measurement :: rotations,Geometry & Measurement,ontology_template,concept_question
I am having trouble with Rotations,33ddc812-fdd8-5113-a64e-7d6c6d915367,SKILL_292,Rotations,math :: geometry & measurement :: rotations,Geometry & Measurement,ontology_template,struggle_statement
Can we review Rotations together?,33ddc812-fdd8-5113-a64e-7d6c6d915367,SKILL_292,Rotations,math :: geometry & measurement :: rotations,Geometry & Measurement,ontology_template,review_request
Explain the concept of Rotations,33ddc812-fdd8-5113-a64e-7d6c6d915367,SKILL_292,Rotations,math :: geometry & measurement :: rotations,Geometry & Measurement,ontology_template,explanation_request
What is the rule for Rotations?,33ddc812-fdd8-5113-a64e-7d6c6d915367,SKILL_292,Rotations,math :: geometry & measurement :: rotations,Geometry & Measurement,ontology_template,rule_question
Help me understand Rotations,33ddc812-fdd8-5113-a64e-7d6c6d915367,SKILL_292,Rotations,math :: geometry & measurement :: rotations,Geometry & Measurement,ontology_template,help_request
Teach me about Rotations,33ddc812-fdd8-5113-a64e-7d6c6d915367,SKILL_292,Rotations,math :: geometry & measurement :: rotations,Geometry & Measurement,ontology_template,learning_request
How do you calculate Rotations?,33ddc812-fdd8-5113-a64e-7d6c6d915367,SKILL_292,Rotations,math :: geometry & measurement :: rotations,Geometry & Measurement,ontology_template,calculation_question
Rotations,33ddc812-fdd8-5113-a64e-7d6c6d915367,SKILL_292,Rotations,math :: geometry & measurement :: rotations,Geometry & Measurement,ontology_template,direct_mention
I need help with Translations,164605b3-77be-57d4-82bd-6992ef9394e6,SKILL_293,Translations,math :: geometry & measurement :: translations,Geometry & Measurement,ontology_template,help_request
Can you explain Translations?,164605b3-77be-57d4-82bd-6992ef9394e6,SKILL_293,Translations,math :: geometry & measurement :: translations,Geometry & Measurement,ontology_template,explanation_request
How do I solve problems about Translations?,164605b3-77be-57d4-82bd-6992ef9394e6,SKILL_293,Translations,math :: geometry & measurement :: translations,Geometry & Measurement,ontology_template,problem_solving
I don't understand Translations,164605b3-77be-57d4-82bd-6992ef9394e6,SKILL_293,Translations,math :: geometry & measurement :: translations,Geometry & Measurement,ontology_template,misunderstanding_statement
Show me how Translations works,164605b3-77be-57d4-82bd-6992ef9394e6,SKILL_293,Translations,math :: geometry & measurement :: translations,Geometry & Measurement,ontology_template,instruction_request
I need to practice Translations,164605b3-77be-57d4-82bd-6992ef9394e6,SKILL_293,Translations,math :: geometry & measurement :: translations,Geometry & Measurement,ontology_template,practice_request
Can you help me learn Translations?,164605b3-77be-57d4-82bd-6992ef9394e6,SKILL_293,Translations,math :: geometry & measurement :: translations,Geometry & Measurement,ontology_template,learning_request
What does Translations mean?,164605b3-77be-57d4-82bd-6992ef9394e6,SKILL_293,Translations,math :: geometry & measurement :: translations,Geometry & Measurement,ontology_template,definition_request
Give me an example of Translations,164605b3-77be-57d4-82bd-6992ef9394e6,SKILL_293,Translations,math :: geometry & measurement :: translations,Geometry & Measurement,ontology_template,example_request
How does Translations work in math?,164605b3-77be-57d4-82bd-6992ef9394e6,SKILL_293,Translations,math :: geometry & measurement :: translations,Geometry & Measurement,ontology_template,concept_question
I am having trouble with Translations,164605b3-77be-57d4-82bd-6992ef9394e6,SKILL_293,Translations,math :: geometry & measurement :: translations,Geometry & Measurement,ontology_template,struggle_statement
Can we review Translations together?,164605b3-77be-57d4-82bd-6992ef9394e6,SKILL_293,Translations,math :: geometry & measurement :: translations,Geometry & Measurement,ontology_template,review_request
Explain the concept of Translations,164605b3-77be-57d4-82bd-6992ef9394e6,SKILL_293,Translations,math :: geometry & measurement :: translations,Geometry & Measurement,ontology_template,explanation_request
What is the rule for Translations?,164605b3-77be-57d4-82bd-6992ef9394e6,SKILL_293,Translations,math :: geometry & measurement :: translations,Geometry & Measurement,ontology_template,rule_question
Help me understand Translations,164605b3-77be-57d4-82bd-6992ef9394e6,SKILL_293,Translations,math :: geometry & measurement :: translations,Geometry & Measurement,ontology_template,help_request
Teach me about Translations,164605b3-77be-57d4-82bd-6992ef9394e6,SKILL_293,Translations,math :: geometry & measurement :: translations,Geometry & Measurement,ontology_template,learning_request
How do you calculate Translations?,164605b3-77be-57d4-82bd-6992ef9394e6,SKILL_293,Translations,math :: geometry & measurement :: translations,Geometry & Measurement,ontology_template,calculation_question
Translations,164605b3-77be-57d4-82bd-6992ef9394e6,SKILL_293,Translations,math :: geometry & measurement :: translations,Geometry & Measurement,ontology_template,direct_mention
I need help with Area Irregular Figure,fc95ae70-67a3-5f81-a749-23bc124599b0,SKILL_294,Area Irregular Figure,math :: geometry & measurement :: area irregular figure,Geometry & Measurement,ontology_template,help_request
Can you explain Area Irregular Figure?,fc95ae70-67a3-5f81-a749-23bc124599b0,SKILL_294,Area Irregular Figure,math :: geometry & measurement :: area irregular figure,Geometry & Measurement,ontology_template,explanation_request
How do I solve problems about Area Irregular Figure?,fc95ae70-67a3-5f81-a749-23bc124599b0,SKILL_294,Area Irregular Figure,math :: geometry & measurement :: area irregular figure,Geometry & Measurement,ontology_template,problem_solving
I don't understand Area Irregular Figure,fc95ae70-67a3-5f81-a749-23bc124599b0,SKILL_294,Area Irregular Figure,math :: geometry & measurement :: area irregular figure,Geometry & Measurement,ontology_template,misunderstanding_statement
Show me how Area Irregular Figure works,fc95ae70-67a3-5f81-a749-23bc124599b0,SKILL_294,Area Irregular Figure,math :: geometry & measurement :: area irregular figure,Geometry & Measurement,ontology_template,instruction_request
I need to practice Area Irregular Figure,fc95ae70-67a3-5f81-a749-23bc124599b0,SKILL_294,Area Irregular Figure,math :: geometry & measurement :: area irregular figure,Geometry & Measurement,ontology_template,practice_request
Can you help me learn Area Irregular Figure?,fc95ae70-67a3-5f81-a749-23bc124599b0,SKILL_294,Area Irregular Figure,math :: geometry & measurement :: area irregular figure,Geometry & Measurement,ontology_template,learning_request
What does Area Irregular Figure mean?,fc95ae70-67a3-5f81-a749-23bc124599b0,SKILL_294,Area Irregular Figure,math :: geometry & measurement :: area irregular figure,Geometry & Measurement,ontology_template,definition_request
Give me an example of Area Irregular Figure,fc95ae70-67a3-5f81-a749-23bc124599b0,SKILL_294,Area Irregular Figure,math :: geometry & measurement :: area irregular figure,Geometry & Measurement,ontology_template,example_request
How does Area Irregular Figure work in math?,fc95ae70-67a3-5f81-a749-23bc124599b0,SKILL_294,Area Irregular Figure,math :: geometry & measurement :: area irregular figure,Geometry & Measurement,ontology_template,concept_question
I am having trouble with Area Irregular Figure,fc95ae70-67a3-5f81-a749-23bc124599b0,SKILL_294,Area Irregular Figure,math :: geometry & measurement :: area irregular figure,Geometry & Measurement,ontology_template,struggle_statement
Can we review Area Irregular Figure together?,fc95ae70-67a3-5f81-a749-23bc124599b0,SKILL_294,Area Irregular Figure,math :: geometry & measurement :: area irregular figure,Geometry & Measurement,ontology_template,review_request
Explain the concept of Area Irregular Figure,fc95ae70-67a3-5f81-a749-23bc124599b0,SKILL_294,Area Irregular Figure,math :: geometry & measurement :: area irregular figure,Geometry & Measurement,ontology_template,explanation_request
What is the rule for Area Irregular Figure?,fc95ae70-67a3-5f81-a749-23bc124599b0,SKILL_294,Area Irregular Figure,math :: geometry & measurement :: area irregular figure,Geometry & Measurement,ontology_template,rule_question
Help me understand Area Irregular Figure,fc95ae70-67a3-5f81-a749-23bc124599b0,SKILL_294,Area Irregular Figure,math :: geometry & measurement :: area irregular figure,Geometry & Measurement,ontology_template,help_request
Teach me about Area Irregular Figure,fc95ae70-67a3-5f81-a749-23bc124599b0,SKILL_294,Area Irregular Figure,math :: geometry & measurement :: area irregular figure,Geometry & Measurement,ontology_template,learning_request
How do you calculate Area Irregular Figure?,fc95ae70-67a3-5f81-a749-23bc124599b0,SKILL_294,Area Irregular Figure,math :: geometry & measurement :: area irregular figure,Geometry & Measurement,ontology_template,calculation_question
Area Irregular Figure,fc95ae70-67a3-5f81-a749-23bc124599b0,SKILL_294,Area Irregular Figure,math :: geometry & measurement :: area irregular figure,Geometry & Measurement,ontology_template,direct_mention
I need help with Area Parallelogram,7c017e02-03c8-5874-a40e-8b4879ebc3cb,SKILL_295,Area Parallelogram,math :: geometry & measurement :: area parallelogram,Geometry & Measurement,ontology_template,help_request
Can you explain Area Parallelogram?,7c017e02-03c8-5874-a40e-8b4879ebc3cb,SKILL_295,Area Parallelogram,math :: geometry & measurement :: area parallelogram,Geometry & Measurement,ontology_template,explanation_request
How do I solve problems about Area Parallelogram?,7c017e02-03c8-5874-a40e-8b4879ebc3cb,SKILL_295,Area Parallelogram,math :: geometry & measurement :: area parallelogram,Geometry & Measurement,ontology_template,problem_solving
I don't understand Area Parallelogram,7c017e02-03c8-5874-a40e-8b4879ebc3cb,SKILL_295,Area Parallelogram,math :: geometry & measurement :: area parallelogram,Geometry & Measurement,ontology_template,misunderstanding_statement
Show me how Area Parallelogram works,7c017e02-03c8-5874-a40e-8b4879ebc3cb,SKILL_295,Area Parallelogram,math :: geometry & measurement :: area parallelogram,Geometry & Measurement,ontology_template,instruction_request
I need to practice Area Parallelogram,7c017e02-03c8-5874-a40e-8b4879ebc3cb,SKILL_295,Area Parallelogram,math :: geometry & measurement :: area parallelogram,Geometry & Measurement,ontology_template,practice_request
Can you help me learn Area Parallelogram?,7c017e02-03c8-5874-a40e-8b4879ebc3cb,SKILL_295,Area Parallelogram,math :: geometry & measurement :: area parallelogram,Geometry & Measurement,ontology_template,learning_request
What does Area Parallelogram mean?,7c017e02-03c8-5874-a40e-8b4879ebc3cb,SKILL_295,Area Parallelogram,math :: geometry & measurement :: area parallelogram,Geometry & Measurement,ontology_template,definition_request
Give me an example of Area Parallelogram,7c017e02-03c8-5874-a40e-8b4879ebc3cb,SKILL_295,Area Parallelogram,math :: geometry & measurement :: area parallelogram,Geometry & Measurement,ontology_template,example_request
How does Area Parallelogram work in math?,7c017e02-03c8-5874-a40e-8b4879ebc3cb,SKILL_295,Area Parallelogram,math :: geometry & measurement :: area parallelogram,Geometry & Measurement,ontology_template,concept_question
I am having trouble with Area Parallelogram,7c017e02-03c8-5874-a40e-8b4879ebc3cb,SKILL_295,Area Parallelogram,math :: geometry & measurement :: area parallelogram,Geometry & Measurement,ontology_template,struggle_statement
Can we review Area Parallelogram together?,7c017e02-03c8-5874-a40e-8b4879ebc3cb,SKILL_295,Area Parallelogram,math :: geometry & measurement :: area parallelogram,Geometry & Measurement,ontology_template,review_request
Explain the concept of Area Parallelogram,7c017e02-03c8-5874-a40e-8b4879ebc3cb,SKILL_295,Area Parallelogram,math :: geometry & measurement :: area parallelogram,Geometry & Measurement,ontology_template,explanation_request
What is the rule for Area Parallelogram?,7c017e02-03c8-5874-a40e-8b4879ebc3cb,SKILL_295,Area Parallelogram,math :: geometry & measurement :: area parallelogram,Geometry & Measurement,ontology_template,rule_question
Help me understand Area Parallelogram,7c017e02-03c8-5874-a40e-8b4879ebc3cb,SKILL_295,Area Parallelogram,math :: geometry & measurement :: area parallelogram,Geometry & Measurement,ontology_template,help_request
Teach me about Area Parallelogram,7c017e02-03c8-5874-a40e-8b4879ebc3cb,SKILL_295,Area Parallelogram,math :: geometry & measurement :: area parallelogram,Geometry & Measurement,ontology_template,learning_request
How do you calculate Area Parallelogram?,7c017e02-03c8-5874-a40e-8b4879ebc3cb,SKILL_295,Area Parallelogram,math :: geometry & measurement :: area parallelogram,Geometry & Measurement,ontology_template,calculation_question
Area Parallelogram,7c017e02-03c8-5874-a40e-8b4879ebc3cb,SKILL_295,Area Parallelogram,math :: geometry & measurement :: area parallelogram,Geometry & Measurement,ontology_template,direct_mention
I need help with Area Rectangle,4abe402d-eacb-5ea0-9705-e1f0ada6f3ca,SKILL_296,Area Rectangle,math :: geometry & measurement :: area rectangle,Geometry & Measurement,ontology_template,help_request
Can you explain Area Rectangle?,4abe402d-eacb-5ea0-9705-e1f0ada6f3ca,SKILL_296,Area Rectangle,math :: geometry & measurement :: area rectangle,Geometry & Measurement,ontology_template,explanation_request
How do I solve problems about Area Rectangle?,4abe402d-eacb-5ea0-9705-e1f0ada6f3ca,SKILL_296,Area Rectangle,math :: geometry & measurement :: area rectangle,Geometry & Measurement,ontology_template,problem_solving
I don't understand Area Rectangle,4abe402d-eacb-5ea0-9705-e1f0ada6f3ca,SKILL_296,Area Rectangle,math :: geometry & measurement :: area rectangle,Geometry & Measurement,ontology_template,misunderstanding_statement
Show me how Area Rectangle works,4abe402d-eacb-5ea0-9705-e1f0ada6f3ca,SKILL_296,Area Rectangle,math :: geometry & measurement :: area rectangle,Geometry & Measurement,ontology_template,instruction_request
I need to practice Area Rectangle,4abe402d-eacb-5ea0-9705-e1f0ada6f3ca,SKILL_296,Area Rectangle,math :: geometry & measurement :: area rectangle,Geometry & Measurement,ontology_template,practice_request
Can you help me learn Area Rectangle?,4abe402d-eacb-5ea0-9705-e1f0ada6f3ca,SKILL_296,Area Rectangle,math :: geometry & measurement :: area rectangle,Geometry & Measurement,ontology_template,learning_request
What does Area Rectangle mean?,4abe402d-eacb-5ea0-9705-e1f0ada6f3ca,SKILL_296,Area Rectangle,math :: geometry & measurement :: area rectangle,Geometry & Measurement,ontology_template,definition_request
Give me an example of Area Rectangle,4abe402d-eacb-5ea0-9705-e1f0ada6f3ca,SKILL_296,Area Rectangle,math :: geometry & measurement :: area rectangle,Geometry & Measurement,ontology_template,example_request
How does Area Rectangle work in math?,4abe402d-eacb-5ea0-9705-e1f0ada6f3ca,SKILL_296,Area Rectangle,math :: geometry & measurement :: area rectangle,Geometry & Measurement,ontology_template,concept_question
I am having trouble with Area Rectangle,4abe402d-eacb-5ea0-9705-e1f0ada6f3ca,SKILL_296,Area Rectangle,math :: geometry & measurement :: area rectangle,Geometry & Measurement,ontology_template,struggle_statement
Can we review Area Rectangle together?,4abe402d-eacb-5ea0-9705-e1f0ada6f3ca,SKILL_296,Area Rectangle,math :: geometry & measurement :: area rectangle,Geometry & Measurement,ontology_template,review_request
Explain the concept of Area Rectangle,4abe402d-eacb-5ea0-9705-e1f0ada6f3ca,SKILL_296,Area Rectangle,math :: geometry & measurement :: area rectangle,Geometry & Measurement,ontology_template,explanation_request
What is the rule for Area Rectangle?,4abe402d-eacb-5ea0-9705-e1f0ada6f3ca,SKILL_296,Area Rectangle,math :: geometry & measurement :: area rectangle,Geometry & Measurement,ontology_template,rule_question
Help me understand Area Rectangle,4abe402d-eacb-5ea0-9705-e1f0ada6f3ca,SKILL_296,Area Rectangle,math :: geometry & measurement :: area rectangle,Geometry & Measurement,ontology_template,help_request
Teach me about Area Rectangle,4abe402d-eacb-5ea0-9705-e1f0ada6f3ca,SKILL_296,Area Rectangle,math :: geometry & measurement :: area rectangle,Geometry & Measurement,ontology_template,learning_request
How do you calculate Area Rectangle?,4abe402d-eacb-5ea0-9705-e1f0ada6f3ca,SKILL_296,Area Rectangle,math :: geometry & measurement :: area rectangle,Geometry & Measurement,ontology_template,calculation_question
Area Rectangle,4abe402d-eacb-5ea0-9705-e1f0ada6f3ca,SKILL_296,Area Rectangle,math :: geometry & measurement :: area rectangle,Geometry & Measurement,ontology_template,direct_mention
I need help with Area Trapezoid,64bd76d3-5b57-575e-b35e-b5520f8d2cd0,SKILL_297,Area Trapezoid,math :: geometry & measurement :: area trapezoid,Geometry & Measurement,ontology_template,help_request
Can you explain Area Trapezoid?,64bd76d3-5b57-575e-b35e-b5520f8d2cd0,SKILL_297,Area Trapezoid,math :: geometry & measurement :: area trapezoid,Geometry & Measurement,ontology_template,explanation_request
How do I solve problems about Area Trapezoid?,64bd76d3-5b57-575e-b35e-b5520f8d2cd0,SKILL_297,Area Trapezoid,math :: geometry & measurement :: area trapezoid,Geometry & Measurement,ontology_template,problem_solving
I don't understand Area Trapezoid,64bd76d3-5b57-575e-b35e-b5520f8d2cd0,SKILL_297,Area Trapezoid,math :: geometry & measurement :: area trapezoid,Geometry & Measurement,ontology_template,misunderstanding_statement
Show me how Area Trapezoid works,64bd76d3-5b57-575e-b35e-b5520f8d2cd0,SKILL_297,Area Trapezoid,math :: geometry & measurement :: area trapezoid,Geometry & Measurement,ontology_template,instruction_request
I need to practice Area Trapezoid,64bd76d3-5b57-575e-b35e-b5520f8d2cd0,SKILL_297,Area Trapezoid,math :: geometry & measurement :: area trapezoid,Geometry & Measurement,ontology_template,practice_request
Can you help me learn Area Trapezoid?,64bd76d3-5b57-575e-b35e-b5520f8d2cd0,SKILL_297,Area Trapezoid,math :: geometry & measurement :: area trapezoid,Geometry & Measurement,ontology_template,learning_request
What does Area Trapezoid mean?,64bd76d3-5b57-575e-b35e-b5520f8d2cd0,SKILL_297,Area Trapezoid,math :: geometry & measurement :: area trapezoid,Geometry & Measurement,ontology_template,definition_request
Give me an example of Area Trapezoid,64bd76d3-5b57-575e-b35e-b5520f8d2cd0,SKILL_297,Area Trapezoid,math :: geometry & measurement :: area trapezoid,Geometry & Measurement,ontology_template,example_request
How does Area Trapezoid work in math?,64bd76d3-5b57-575e-b35e-b5520f8d2cd0,SKILL_297,Area Trapezoid,math :: geometry & measurement :: area trapezoid,Geometry & Measurement,ontology_template,concept_question
I am having trouble with Area Trapezoid,64bd76d3-5b57-575e-b35e-b5520f8d2cd0,SKILL_297,Area Trapezoid,math :: geometry & measurement :: area trapezoid,Geometry & Measurement,ontology_template,struggle_statement
Can we review Area Trapezoid together?,64bd76d3-5b57-575e-b35e-b5520f8d2cd0,SKILL_297,Area Trapezoid,math :: geometry & measurement :: area trapezoid,Geometry & Measurement,ontology_template,review_request
Explain the concept of Area Trapezoid,64bd76d3-5b57-575e-b35e-b5520f8d2cd0,SKILL_297,Area Trapezoid,math :: geometry & measurement :: area trapezoid,Geometry & Measurement,ontology_template,explanation_request
What is the rule for Area Trapezoid?,64bd76d3-5b57-575e-b35e-b5520f8d2cd0,SKILL_297,Area Trapezoid,math :: geometry & measurement :: area trapezoid,Geometry & Measurement,ontology_template,rule_question
Help me understand Area Trapezoid,64bd76d3-5b57-575e-b35e-b5520f8d2cd0,SKILL_297,Area Trapezoid,math :: geometry & measurement :: area trapezoid,Geometry & Measurement,ontology_template,help_request
Teach me about Area Trapezoid,64bd76d3-5b57-575e-b35e-b5520f8d2cd0,SKILL_297,Area Trapezoid,math :: geometry & measurement :: area trapezoid,Geometry & Measurement,ontology_template,learning_request
How do you calculate Area Trapezoid?,64bd76d3-5b57-575e-b35e-b5520f8d2cd0,SKILL_297,Area Trapezoid,math :: geometry & measurement :: area trapezoid,Geometry & Measurement,ontology_template,calculation_question
Area Trapezoid,64bd76d3-5b57-575e-b35e-b5520f8d2cd0,SKILL_297,Area Trapezoid,math :: geometry & measurement :: area trapezoid,Geometry & Measurement,ontology_template,direct_mention
I need help with Area Triangle,fbb1a3eb-0a6b-5c41-b1b1-e014dd7661a0,SKILL_298,Area Triangle,math :: geometry & measurement :: area triangle,Geometry & Measurement,ontology_template,help_request
Can you explain Area Triangle?,fbb1a3eb-0a6b-5c41-b1b1-e014dd7661a0,SKILL_298,Area Triangle,math :: geometry & measurement :: area triangle,Geometry & Measurement,ontology_template,explanation_request
How do I solve problems about Area Triangle?,fbb1a3eb-0a6b-5c41-b1b1-e014dd7661a0,SKILL_298,Area Triangle,math :: geometry & measurement :: area triangle,Geometry & Measurement,ontology_template,problem_solving
I don't understand Area Triangle,fbb1a3eb-0a6b-5c41-b1b1-e014dd7661a0,SKILL_298,Area Triangle,math :: geometry & measurement :: area triangle,Geometry & Measurement,ontology_template,misunderstanding_statement
Show me how Area Triangle works,fbb1a3eb-0a6b-5c41-b1b1-e014dd7661a0,SKILL_298,Area Triangle,math :: geometry & measurement :: area triangle,Geometry & Measurement,ontology_template,instruction_request
I need to practice Area Triangle,fbb1a3eb-0a6b-5c41-b1b1-e014dd7661a0,SKILL_298,Area Triangle,math :: geometry & measurement :: area triangle,Geometry & Measurement,ontology_template,practice_request
Can you help me learn Area Triangle?,fbb1a3eb-0a6b-5c41-b1b1-e014dd7661a0,SKILL_298,Area Triangle,math :: geometry & measurement :: area triangle,Geometry & Measurement,ontology_template,learning_request
What does Area Triangle mean?,fbb1a3eb-0a6b-5c41-b1b1-e014dd7661a0,SKILL_298,Area Triangle,math :: geometry & measurement :: area triangle,Geometry & Measurement,ontology_template,definition_request
Give me an example of Area Triangle,fbb1a3eb-0a6b-5c41-b1b1-e014dd7661a0,SKILL_298,Area Triangle,math :: geometry & measurement :: area triangle,Geometry & Measurement,ontology_template,example_request
How does Area Triangle work in math?,fbb1a3eb-0a6b-5c41-b1b1-e014dd7661a0,SKILL_298,Area Triangle,math :: geometry & measurement :: area triangle,Geometry & Measurement,ontology_template,concept_question
I am having trouble with Area Triangle,fbb1a3eb-0a6b-5c41-b1b1-e014dd7661a0,SKILL_298,Area Triangle,math :: geometry & measurement :: area triangle,Geometry & Measurement,ontology_template,struggle_statement
Can we review Area Triangle together?,fbb1a3eb-0a6b-5c41-b1b1-e014dd7661a0,SKILL_298,Area Triangle,math :: geometry & measurement :: area triangle,Geometry & Measurement,ontology_template,review_request
Explain the concept of Area Triangle,fbb1a3eb-0a6b-5c41-b1b1-e014dd7661a0,SKILL_298,Area Triangle,math :: geometry & measurement :: area triangle,Geometry & Measurement,ontology_template,explanation_request
What is the rule for Area Triangle?,fbb1a3eb-0a6b-5c41-b1b1-e014dd7661a0,SKILL_298,Area Triangle,math :: geometry & measurement :: area triangle,Geometry & Measurement,ontology_template,rule_question
Help me understand Area Triangle,fbb1a3eb-0a6b-5c41-b1b1-e014dd7661a0,SKILL_298,Area Triangle,math :: geometry & measurement :: area triangle,Geometry & Measurement,ontology_template,help_request
Teach me about Area Triangle,fbb1a3eb-0a6b-5c41-b1b1-e014dd7661a0,SKILL_298,Area Triangle,math :: geometry & measurement :: area triangle,Geometry & Measurement,ontology_template,learning_request
How do you calculate Area Triangle?,fbb1a3eb-0a6b-5c41-b1b1-e014dd7661a0,SKILL_298,Area Triangle,math :: geometry & measurement :: area triangle,Geometry & Measurement,ontology_template,calculation_question
Area Triangle,fbb1a3eb-0a6b-5c41-b1b1-e014dd7661a0,SKILL_298,Area Triangle,math :: geometry & measurement :: area triangle,Geometry & Measurement,ontology_template,direct_mention
I need help with Surface Area Cylinder,ab2efea6-6e42-5950-a0d2-4b575c2e2dc2,SKILL_299,Surface Area Cylinder,math :: geometry & measurement :: surface area cylinder,Geometry & Measurement,ontology_template,help_request
Can you explain Surface Area Cylinder?,ab2efea6-6e42-5950-a0d2-4b575c2e2dc2,SKILL_299,Surface Area Cylinder,math :: geometry & measurement :: surface area cylinder,Geometry & Measurement,ontology_template,explanation_request
How do I solve problems about Surface Area Cylinder?,ab2efea6-6e42-5950-a0d2-4b575c2e2dc2,SKILL_299,Surface Area Cylinder,math :: geometry & measurement :: surface area cylinder,Geometry & Measurement,ontology_template,problem_solving
I don't understand Surface Area Cylinder,ab2efea6-6e42-5950-a0d2-4b575c2e2dc2,SKILL_299,Surface Area Cylinder,math :: geometry & measurement :: surface area cylinder,Geometry & Measurement,ontology_template,misunderstanding_statement
Show me how Surface Area Cylinder works,ab2efea6-6e42-5950-a0d2-4b575c2e2dc2,SKILL_299,Surface Area Cylinder,math :: geometry & measurement :: surface area cylinder,Geometry & Measurement,ontology_template,instruction_request
I need to practice Surface Area Cylinder,ab2efea6-6e42-5950-a0d2-4b575c2e2dc2,SKILL_299,Surface Area Cylinder,math :: geometry & measurement :: surface area cylinder,Geometry & Measurement,ontology_template,practice_request
Can you help me learn Surface Area Cylinder?,ab2efea6-6e42-5950-a0d2-4b575c2e2dc2,SKILL_299,Surface Area Cylinder,math :: geometry & measurement :: surface area cylinder,Geometry & Measurement,ontology_template,learning_request
What does Surface Area Cylinder mean?,ab2efea6-6e42-5950-a0d2-4b575c2e2dc2,SKILL_299,Surface Area Cylinder,math :: geometry & measurement :: surface area cylinder,Geometry & Measurement,ontology_template,definition_request
Give me an example of Surface Area Cylinder,ab2efea6-6e42-5950-a0d2-4b575c2e2dc2,SKILL_299,Surface Area Cylinder,math :: geometry & measurement :: surface area cylinder,Geometry & Measurement,ontology_template,example_request
How does Surface Area Cylinder work in math?,ab2efea6-6e42-5950-a0d2-4b575c2e2dc2,SKILL_299,Surface Area Cylinder,math :: geometry & measurement :: surface area cylinder,Geometry & Measurement,ontology_template,concept_question
I am having trouble with Surface Area Cylinder,ab2efea6-6e42-5950-a0d2-4b575c2e2dc2,SKILL_299,Surface Area Cylinder,math :: geometry & measurement :: surface area cylinder,Geometry & Measurement,ontology_template,struggle_statement
Can we review Surface Area Cylinder together?,ab2efea6-6e42-5950-a0d2-4b575c2e2dc2,SKILL_299,Surface Area Cylinder,math :: geometry & measurement :: surface area cylinder,Geometry & Measurement,ontology_template,review_request
Explain the concept of Surface Area Cylinder,ab2efea6-6e42-5950-a0d2-4b575c2e2dc2,SKILL_299,Surface Area Cylinder,math :: geometry & measurement :: surface area cylinder,Geometry & Measurement,ontology_template,explanation_request
What is the rule for Surface Area Cylinder?,ab2efea6-6e42-5950-a0d2-4b575c2e2dc2,SKILL_299,Surface Area Cylinder,math :: geometry & measurement :: surface area cylinder,Geometry & Measurement,ontology_template,rule_question
Help me understand Surface Area Cylinder,ab2efea6-6e42-5950-a0d2-4b575c2e2dc2,SKILL_299,Surface Area Cylinder,math :: geometry & measurement :: surface area cylinder,Geometry & Measurement,ontology_template,help_request
Teach me about Surface Area Cylinder,ab2efea6-6e42-5950-a0d2-4b575c2e2dc2,SKILL_299,Surface Area Cylinder,math :: geometry & measurement :: surface area cylinder,Geometry & Measurement,ontology_template,learning_request
How do you calculate Surface Area Cylinder?,ab2efea6-6e42-5950-a0d2-4b575c2e2dc2,SKILL_299,Surface Area Cylinder,math :: geometry & measurement :: surface area cylinder,Geometry & Measurement,ontology_template,calculation_question
Surface Area Cylinder,ab2efea6-6e42-5950-a0d2-4b575c2e2dc2,SKILL_299,Surface Area Cylinder,math :: geometry & measurement :: surface area cylinder,Geometry & Measurement,ontology_template,direct_mention
I need help with Surface Area Rectangular Prism,5a71e3c8-4a30-5ca2-a95e-281c3fca0e14,SKILL_301,Surface Area Rectangular Prism,math :: geometry & measurement :: surface area rectangular prism,Geometry & Measurement,ontology_template,help_request
Can you explain Surface Area Rectangular Prism?,5a71e3c8-4a30-5ca2-a95e-281c3fca0e14,SKILL_301,Surface Area Rectangular Prism,math :: geometry & measurement :: surface area rectangular prism,Geometry & Measurement,ontology_template,explanation_request
How do I solve problems about Surface Area Rectangular Prism?,5a71e3c8-4a30-5ca2-a95e-281c3fca0e14,SKILL_301,Surface Area Rectangular Prism,math :: geometry & measurement :: surface area rectangular prism,Geometry & Measurement,ontology_template,problem_solving
I don't understand Surface Area Rectangular Prism,5a71e3c8-4a30-5ca2-a95e-281c3fca0e14,SKILL_301,Surface Area Rectangular Prism,math :: geometry & measurement :: surface area rectangular prism,Geometry & Measurement,ontology_template,misunderstanding_statement
Show me how Surface Area Rectangular Prism works,5a71e3c8-4a30-5ca2-a95e-281c3fca0e14,SKILL_301,Surface Area Rectangular Prism,math :: geometry & measurement :: surface area rectangular prism,Geometry & Measurement,ontology_template,instruction_request
I need to practice Surface Area Rectangular Prism,5a71e3c8-4a30-5ca2-a95e-281c3fca0e14,SKILL_301,Surface Area Rectangular Prism,math :: geometry & measurement :: surface area rectangular prism,Geometry & Measurement,ontology_template,practice_request
Can you help me learn Surface Area Rectangular Prism?,5a71e3c8-4a30-5ca2-a95e-281c3fca0e14,SKILL_301,Surface Area Rectangular Prism,math :: geometry & measurement :: surface area rectangular prism,Geometry & Measurement,ontology_template,learning_request
What does Surface Area Rectangular Prism mean?,5a71e3c8-4a30-5ca2-a95e-281c3fca0e14,SKILL_301,Surface Area Rectangular Prism,math :: geometry & measurement :: surface area rectangular prism,Geometry & Measurement,ontology_template,definition_request
Give me an example of Surface Area Rectangular Prism,5a71e3c8-4a30-5ca2-a95e-281c3fca0e14,SKILL_301,Surface Area Rectangular Prism,math :: geometry & measurement :: surface area rectangular prism,Geometry & Measurement,ontology_template,example_request
How does Surface Area Rectangular Prism work in math?,5a71e3c8-4a30-5ca2-a95e-281c3fca0e14,SKILL_301,Surface Area Rectangular Prism,math :: geometry & measurement :: surface area rectangular prism,Geometry & Measurement,ontology_template,concept_question
I am having trouble with Surface Area Rectangular Prism,5a71e3c8-4a30-5ca2-a95e-281c3fca0e14,SKILL_301,Surface Area Rectangular Prism,math :: geometry & measurement :: surface area rectangular prism,Geometry & Measurement,ontology_template,struggle_statement
Can we review Surface Area Rectangular Prism together?,5a71e3c8-4a30-5ca2-a95e-281c3fca0e14,SKILL_301,Surface Area Rectangular Prism,math :: geometry & measurement :: surface area rectangular prism,Geometry & Measurement,ontology_template,review_request
Explain the concept of Surface Area Rectangular Prism,5a71e3c8-4a30-5ca2-a95e-281c3fca0e14,SKILL_301,Surface Area Rectangular Prism,math :: geometry & measurement :: surface area rectangular prism,Geometry & Measurement,ontology_template,explanation_request
What is the rule for Surface Area Rectangular Prism?,5a71e3c8-4a30-5ca2-a95e-281c3fca0e14,SKILL_301,Surface Area Rectangular Prism,math :: geometry & measurement :: surface area rectangular prism,Geometry & Measurement,ontology_template,rule_question
Help me understand Surface Area Rectangular Prism,5a71e3c8-4a30-5ca2-a95e-281c3fca0e14,SKILL_301,Surface Area Rectangular Prism,math :: geometry & measurement :: surface area rectangular prism,Geometry & Measurement,ontology_template,help_request
Teach me about Surface Area Rectangular Prism,5a71e3c8-4a30-5ca2-a95e-281c3fca0e14,SKILL_301,Surface Area Rectangular Prism,math :: geometry & measurement :: surface area rectangular prism,Geometry & Measurement,ontology_template,learning_request
How do you calculate Surface Area Rectangular Prism?,5a71e3c8-4a30-5ca2-a95e-281c3fca0e14,SKILL_301,Surface Area Rectangular Prism,math :: geometry & measurement :: surface area rectangular prism,Geometry & Measurement,ontology_template,calculation_question
Surface Area Rectangular Prism,5a71e3c8-4a30-5ca2-a95e-281c3fca0e14,SKILL_301,Surface Area Rectangular Prism,math :: geometry & measurement :: surface area rectangular prism,Geometry & Measurement,ontology_template,direct_mention
I need help with Volume Cylinder,2be4dd6a-9891-5455-b382-b70011317aa9,SKILL_303,Volume Cylinder,math :: geometry & measurement :: volume cylinder,Geometry & Measurement,ontology_template,help_request
Can you explain Volume Cylinder?,2be4dd6a-9891-5455-b382-b70011317aa9,SKILL_303,Volume Cylinder,math :: geometry & measurement :: volume cylinder,Geometry & Measurement,ontology_template,explanation_request
How do I solve problems about Volume Cylinder?,2be4dd6a-9891-5455-b382-b70011317aa9,SKILL_303,Volume Cylinder,math :: geometry & measurement :: volume cylinder,Geometry & Measurement,ontology_template,problem_solving
I don't understand Volume Cylinder,2be4dd6a-9891-5455-b382-b70011317aa9,SKILL_303,Volume Cylinder,math :: geometry & measurement :: volume cylinder,Geometry & Measurement,ontology_template,misunderstanding_statement
Show me how Volume Cylinder works,2be4dd6a-9891-5455-b382-b70011317aa9,SKILL_303,Volume Cylinder,math :: geometry & measurement :: volume cylinder,Geometry & Measurement,ontology_template,instruction_request
I need to practice Volume Cylinder,2be4dd6a-9891-5455-b382-b70011317aa9,SKILL_303,Volume Cylinder,math :: geometry & measurement :: volume cylinder,Geometry & Measurement,ontology_template,practice_request
Can you help me learn Volume Cylinder?,2be4dd6a-9891-5455-b382-b70011317aa9,SKILL_303,Volume Cylinder,math :: geometry & measurement :: volume cylinder,Geometry & Measurement,ontology_template,learning_request
What does Volume Cylinder mean?,2be4dd6a-9891-5455-b382-b70011317aa9,SKILL_303,Volume Cylinder,math :: geometry & measurement :: volume cylinder,Geometry & Measurement,ontology_template,definition_request
Give me an example of Volume Cylinder,2be4dd6a-9891-5455-b382-b70011317aa9,SKILL_303,Volume Cylinder,math :: geometry & measurement :: volume cylinder,Geometry & Measurement,ontology_template,example_request
How does Volume Cylinder work in math?,2be4dd6a-9891-5455-b382-b70011317aa9,SKILL_303,Volume Cylinder,math :: geometry & measurement :: volume cylinder,Geometry & Measurement,ontology_template,concept_question
I am having trouble with Volume Cylinder,2be4dd6a-9891-5455-b382-b70011317aa9,SKILL_303,Volume Cylinder,math :: geometry & measurement :: volume cylinder,Geometry & Measurement,ontology_template,struggle_statement
Can we review Volume Cylinder together?,2be4dd6a-9891-5455-b382-b70011317aa9,SKILL_303,Volume Cylinder,math :: geometry & measurement :: volume cylinder,Geometry & Measurement,ontology_template,review_request
Explain the concept of Volume Cylinder,2be4dd6a-9891-5455-b382-b70011317aa9,SKILL_303,Volume Cylinder,math :: geometry & measurement :: volume cylinder,Geometry & Measurement,ontology_template,explanation_request
What is the rule for Volume Cylinder?,2be4dd6a-9891-5455-b382-b70011317aa9,SKILL_303,Volume Cylinder,math :: geometry & measurement :: volume cylinder,Geometry & Measurement,ontology_template,rule_question
Help me understand Volume Cylinder,2be4dd6a-9891-5455-b382-b70011317aa9,SKILL_303,Volume Cylinder,math :: geometry & measurement :: volume cylinder,Geometry & Measurement,ontology_template,help_request
Teach me about Volume Cylinder,2be4dd6a-9891-5455-b382-b70011317aa9,SKILL_303,Volume Cylinder,math :: geometry & measurement :: volume cylinder,Geometry & Measurement,ontology_template,learning_request
How do you calculate Volume Cylinder?,2be4dd6a-9891-5455-b382-b70011317aa9,SKILL_303,Volume Cylinder,math :: geometry & measurement :: volume cylinder,Geometry & Measurement,ontology_template,calculation_question
Volume Cylinder,2be4dd6a-9891-5455-b382-b70011317aa9,SKILL_303,Volume Cylinder,math :: geometry & measurement :: volume cylinder,Geometry & Measurement,ontology_template,direct_mention
I need help with Volume Rectangular Prism,9539a290-da8e-506f-9b20-b064b66d2be6,SKILL_307,Volume Rectangular Prism,math :: geometry & measurement :: volume rectangular prism,Geometry & Measurement,ontology_template,help_request
Can you explain Volume Rectangular Prism?,9539a290-da8e-506f-9b20-b064b66d2be6,SKILL_307,Volume Rectangular Prism,math :: geometry & measurement :: volume rectangular prism,Geometry & Measurement,ontology_template,explanation_request
How do I solve problems about Volume Rectangular Prism?,9539a290-da8e-506f-9b20-b064b66d2be6,SKILL_307,Volume Rectangular Prism,math :: geometry & measurement :: volume rectangular prism,Geometry & Measurement,ontology_template,problem_solving
I don't understand Volume Rectangular Prism,9539a290-da8e-506f-9b20-b064b66d2be6,SKILL_307,Volume Rectangular Prism,math :: geometry & measurement :: volume rectangular prism,Geometry & Measurement,ontology_template,misunderstanding_statement
Show me how Volume Rectangular Prism works,9539a290-da8e-506f-9b20-b064b66d2be6,SKILL_307,Volume Rectangular Prism,math :: geometry & measurement :: volume rectangular prism,Geometry & Measurement,ontology_template,instruction_request
I need to practice Volume Rectangular Prism,9539a290-da8e-506f-9b20-b064b66d2be6,SKILL_307,Volume Rectangular Prism,math :: geometry & measurement :: volume rectangular prism,Geometry & Measurement,ontology_template,practice_request
Can you help me learn Volume Rectangular Prism?,9539a290-da8e-506f-9b20-b064b66d2be6,SKILL_307,Volume Rectangular Prism,math :: geometry & measurement :: volume rectangular prism,Geometry & Measurement,ontology_template,learning_request
What does Volume Rectangular Prism mean?,9539a290-da8e-506f-9b20-b064b66d2be6,SKILL_307,Volume Rectangular Prism,math :: geometry & measurement :: volume rectangular prism,Geometry & Measurement,ontology_template,definition_request
Give me an example of Volume Rectangular Prism,9539a290-da8e-506f-9b20-b064b66d2be6,SKILL_307,Volume Rectangular Prism,math :: geometry & measurement :: volume rectangular prism,Geometry & Measurement,ontology_template,example_request
How does Volume Rectangular Prism work in math?,9539a290-da8e-506f-9b20-b064b66d2be6,SKILL_307,Volume Rectangular Prism,math :: geometry & measurement :: volume rectangular prism,Geometry & Measurement,ontology_template,concept_question
I am having trouble with Volume Rectangular Prism,9539a290-da8e-506f-9b20-b064b66d2be6,SKILL_307,Volume Rectangular Prism,math :: geometry & measurement :: volume rectangular prism,Geometry & Measurement,ontology_template,struggle_statement
Can we review Volume Rectangular Prism together?,9539a290-da8e-506f-9b20-b064b66d2be6,SKILL_307,Volume Rectangular Prism,math :: geometry & measurement :: volume rectangular prism,Geometry & Measurement,ontology_template,review_request
Explain the concept of Volume Rectangular Prism,9539a290-da8e-506f-9b20-b064b66d2be6,SKILL_307,Volume Rectangular Prism,math :: geometry & measurement :: volume rectangular prism,Geometry & Measurement,ontology_template,explanation_request
What is the rule for Volume Rectangular Prism?,9539a290-da8e-506f-9b20-b064b66d2be6,SKILL_307,Volume Rectangular Prism,math :: geometry & measurement :: volume rectangular prism,Geometry & Measurement,ontology_template,rule_question
Help me understand Volume Rectangular Prism,9539a290-da8e-506f-9b20-b064b66d2be6,SKILL_307,Volume Rectangular Prism,math :: geometry & measurement :: volume rectangular prism,Geometry & Measurement,ontology_template,help_request
Teach me about Volume Rectangular Prism,9539a290-da8e-506f-9b20-b064b66d2be6,SKILL_307,Volume Rectangular Prism,math :: geometry & measurement :: volume rectangular prism,Geometry & Measurement,ontology_template,learning_request
How do you calculate Volume Rectangular Prism?,9539a290-da8e-506f-9b20-b064b66d2be6,SKILL_307,Volume Rectangular Prism,math :: geometry & measurement :: volume rectangular prism,Geometry & Measurement,ontology_template,calculation_question
Volume Rectangular Prism,9539a290-da8e-506f-9b20-b064b66d2be6,SKILL_307,Volume Rectangular Prism,math :: geometry & measurement :: volume rectangular prism,Geometry & Measurement,ontology_template,direct_mention
I need help with Volume Sphere,21371da6-64b5-5ad1-8f5d-5cba1e26692f,SKILL_308,Volume Sphere,math :: geometry & measurement :: volume sphere,Geometry & Measurement,ontology_template,help_request
Can you explain Volume Sphere?,21371da6-64b5-5ad1-8f5d-5cba1e26692f,SKILL_308,Volume Sphere,math :: geometry & measurement :: volume sphere,Geometry & Measurement,ontology_template,explanation_request
How do I solve problems about Volume Sphere?,21371da6-64b5-5ad1-8f5d-5cba1e26692f,SKILL_308,Volume Sphere,math :: geometry & measurement :: volume sphere,Geometry & Measurement,ontology_template,problem_solving
I don't understand Volume Sphere,21371da6-64b5-5ad1-8f5d-5cba1e26692f,SKILL_308,Volume Sphere,math :: geometry & measurement :: volume sphere,Geometry & Measurement,ontology_template,misunderstanding_statement
Show me how Volume Sphere works,21371da6-64b5-5ad1-8f5d-5cba1e26692f,SKILL_308,Volume Sphere,math :: geometry & measurement :: volume sphere,Geometry & Measurement,ontology_template,instruction_request
I need to practice Volume Sphere,21371da6-64b5-5ad1-8f5d-5cba1e26692f,SKILL_308,Volume Sphere,math :: geometry & measurement :: volume sphere,Geometry & Measurement,ontology_template,practice_request
Can you help me learn Volume Sphere?,21371da6-64b5-5ad1-8f5d-5cba1e26692f,SKILL_308,Volume Sphere,math :: geometry & measurement :: volume sphere,Geometry & Measurement,ontology_template,learning_request
What does Volume Sphere mean?,21371da6-64b5-5ad1-8f5d-5cba1e26692f,SKILL_308,Volume Sphere,math :: geometry & measurement :: volume sphere,Geometry & Measurement,ontology_template,definition_request
Give me an example of Volume Sphere,21371da6-64b5-5ad1-8f5d-5cba1e26692f,SKILL_308,Volume Sphere,math :: geometry & measurement :: volume sphere,Geometry & Measurement,ontology_template,example_request
How does Volume Sphere work in math?,21371da6-64b5-5ad1-8f5d-5cba1e26692f,SKILL_308,Volume Sphere,math :: geometry & measurement :: volume sphere,Geometry & Measurement,ontology_template,concept_question
I am having trouble with Volume Sphere,21371da6-64b5-5ad1-8f5d-5cba1e26692f,SKILL_308,Volume Sphere,math :: geometry & measurement :: volume sphere,Geometry & Measurement,ontology_template,struggle_statement
Can we review Volume Sphere together?,21371da6-64b5-5ad1-8f5d-5cba1e26692f,SKILL_308,Volume Sphere,math :: geometry & measurement :: volume sphere,Geometry & Measurement,ontology_template,review_request
Explain the concept of Volume Sphere,21371da6-64b5-5ad1-8f5d-5cba1e26692f,SKILL_308,Volume Sphere,math :: geometry & measurement :: volume sphere,Geometry & Measurement,ontology_template,explanation_request
What is the rule for Volume Sphere?,21371da6-64b5-5ad1-8f5d-5cba1e26692f,SKILL_308,Volume Sphere,math :: geometry & measurement :: volume sphere,Geometry & Measurement,ontology_template,rule_question
Help me understand Volume Sphere,21371da6-64b5-5ad1-8f5d-5cba1e26692f,SKILL_308,Volume Sphere,math :: geometry & measurement :: volume sphere,Geometry & Measurement,ontology_template,help_request
Teach me about Volume Sphere,21371da6-64b5-5ad1-8f5d-5cba1e26692f,SKILL_308,Volume Sphere,math :: geometry & measurement :: volume sphere,Geometry & Measurement,ontology_template,learning_request
How do you calculate Volume Sphere?,21371da6-64b5-5ad1-8f5d-5cba1e26692f,SKILL_308,Volume Sphere,math :: geometry & measurement :: volume sphere,Geometry & Measurement,ontology_template,calculation_question
Volume Sphere,21371da6-64b5-5ad1-8f5d-5cba1e26692f,SKILL_308,Volume Sphere,math :: geometry & measurement :: volume sphere,Geometry & Measurement,ontology_template,direct_mention
I need help with Basic Order of Operations,dd3e323f-0cd2-58bc-b9af-5f98318b1d5c,SKILL_309,"Order of Operations +,-,/,* () positive reals","math :: number sense & operations :: order of operations +,-,/,* () positive reals",Number Sense & Operations,ontology_template,help_request
Can you explain Basic Order of Operations?,dd3e323f-0cd2-58bc-b9af-5f98318b1d5c,SKILL_309,"Order of Operations +,-,/,* () positive reals","math :: number sense & operations :: order of operations +,-,/,* () positive reals",Number Sense & Operations,ontology_template,explanation_request
How do I solve problems about Basic Order of Operations?,dd3e323f-0cd2-58bc-b9af-5f98318b1d5c,SKILL_309,"Order of Operations +,-,/,* () positive reals","math :: number sense & operations :: order of operations +,-,/,* () positive reals",Number Sense & Operations,ontology_template,problem_solving
I don't understand Basic Order of Operations,dd3e323f-0cd2-58bc-b9af-5f98318b1d5c,SKILL_309,"Order of Operations +,-,/,* () positive reals","math :: number sense & operations :: order of operations +,-,/,* () positive reals",Number Sense & Operations,ontology_template,misunderstanding_statement
Show me how Basic Order of Operations works,dd3e323f-0cd2-58bc-b9af-5f98318b1d5c,SKILL_309,"Order of Operations +,-,/,* () positive reals","math :: number sense & operations :: order of operations +,-,/,* () positive reals",Number Sense & Operations,ontology_template,instruction_request
I need to practice Basic Order of Operations,dd3e323f-0cd2-58bc-b9af-5f98318b1d5c,SKILL_309,"Order of Operations +,-,/,* () positive reals","math :: number sense & operations :: order of operations +,-,/,* () positive reals",Number Sense & Operations,ontology_template,practice_request
Can you help me learn Basic Order of Operations?,dd3e323f-0cd2-58bc-b9af-5f98318b1d5c,SKILL_309,"Order of Operations +,-,/,* () positive reals","math :: number sense & operations :: order of operations +,-,/,* () positive reals",Number Sense & Operations,ontology_template,learning_request
What does Basic Order of Operations mean?,dd3e323f-0cd2-58bc-b9af-5f98318b1d5c,SKILL_309,"Order of Operations +,-,/,* () positive reals","math :: number sense & operations :: order of operations +,-,/,* () positive reals",Number Sense & Operations,ontology_template,definition_request
Give me an example of Basic Order of Operations,dd3e323f-0cd2-58bc-b9af-5f98318b1d5c,SKILL_309,"Order of Operations +,-,/,* () positive reals","math :: number sense & operations :: order of operations +,-,/,* () positive reals",Number Sense & Operations,ontology_template,example_request
How does Basic Order of Operations work in math?,dd3e323f-0cd2-58bc-b9af-5f98318b1d5c,SKILL_309,"Order of Operations +,-,/,* () positive reals","math :: number sense & operations :: order of operations +,-,/,* () positive reals",Number Sense & Operations,ontology_template,concept_question
I am having trouble with Basic Order of Operations,dd3e323f-0cd2-58bc-b9af-5f98318b1d5c,SKILL_309,"Order of Operations +,-,/,* () positive reals","math :: number sense & operations :: order of operations +,-,/,* () positive reals",Number Sense & Operations,ontology_template,struggle_statement
Can we review Basic Order of Operations together?,dd3e323f-0cd2-58bc-b9af-5f98318b1d5c,SKILL_309,"Order of Operations +,-,/,* () positive reals","math :: number sense & operations :: order of operations +,-,/,* () positive reals",Number Sense & Operations,ontology_template,review_request
Explain the concept of Basic Order of Operations,dd3e323f-0cd2-58bc-b9af-5f98318b1d5c,SKILL_309,"Order of Operations +,-,/,* () positive reals","math :: number sense & operations :: order of operations +,-,/,* () positive reals",Number Sense & Operations,ontology_template,explanation_request
What is the rule for Basic Order of Operations?,dd3e323f-0cd2-58bc-b9af-5f98318b1d5c,SKILL_309,"Order of Operations +,-,/,* () positive reals","math :: number sense & operations :: order of operations +,-,/,* () positive reals",Number Sense & Operations,ontology_template,rule_question
Help me understand Basic Order of Operations,dd3e323f-0cd2-58bc-b9af-5f98318b1d5c,SKILL_309,"Order of Operations +,-,/,* () positive reals","math :: number sense & operations :: order of operations +,-,/,* () positive reals",Number Sense & Operations,ontology_template,help_request
Teach me about Basic Order of Operations,dd3e323f-0cd2-58bc-b9af-5f98318b1d5c,SKILL_309,"Order of Operations +,-,/,* () positive reals","math :: number sense & operations :: order of operations +,-,/,* () positive reals",Number Sense & Operations,ontology_template,learning_request
How do you calculate Basic Order of Operations?,dd3e323f-0cd2-58bc-b9af-5f98318b1d5c,SKILL_309,"Order of Operations +,-,/,* () positive reals","math :: number sense & operations :: order of operations +,-,/,* () positive reals",Number Sense & Operations,ontology_template,calculation_question
Basic Order of Operations,dd3e323f-0cd2-58bc-b9af-5f98318b1d5c,SKILL_309,"Order of Operations +,-,/,* () positive reals","math :: number sense & operations :: order of operations +,-,/,* () positive reals",Number Sense & Operations,ontology_template,direct_mention
"I need help with Order of Operations +,-,/,* () positive reals",dd3e323f-0cd2-58bc-b9af-5f98318b1d5c,SKILL_309,"Order of Operations +,-,/,* () positive reals","math :: number sense & operations :: order of operations +,-,/,* () positive reals",Number Sense & Operations,ontology_template,help_request
"Can you explain Order of Operations +,-,/,* () positive reals?",dd3e323f-0cd2-58bc-b9af-5f98318b1d5c,SKILL_309,"Order of Operations +,-,/,* () positive reals","math :: number sense & operations :: order of operations +,-,/,* () positive reals",Number Sense & Operations,ontology_template,explanation_request
"How do I solve problems about Order of Operations +,-,/,* () positive reals?",dd3e323f-0cd2-58bc-b9af-5f98318b1d5c,SKILL_309,"Order of Operations +,-,/,* () positive reals","math :: number sense & operations :: order of operations +,-,/,* () positive reals",Number Sense & Operations,ontology_template,problem_solving
"I don't understand Order of Operations +,-,/,* () positive reals",dd3e323f-0cd2-58bc-b9af-5f98318b1d5c,SKILL_309,"Order of Operations +,-,/,* () positive reals","math :: number sense & operations :: order of operations +,-,/,* () positive reals",Number Sense & Operations,ontology_template,misunderstanding_statement
"Show me how Order of Operations +,-,/,* () positive reals works",dd3e323f-0cd2-58bc-b9af-5f98318b1d5c,SKILL_309,"Order of Operations +,-,/,* () positive reals","math :: number sense & operations :: order of operations +,-,/,* () positive reals",Number Sense & Operations,ontology_template,instruction_request
"I need to practice Order of Operations +,-,/,* () positive reals",dd3e323f-0cd2-58bc-b9af-5f98318b1d5c,SKILL_309,"Order of Operations +,-,/,* () positive reals","math :: number sense & operations :: order of operations +,-,/,* () positive reals",Number Sense & Operations,ontology_template,practice_request
"Can you help me learn Order of Operations +,-,/,* () positive reals?",dd3e323f-0cd2-58bc-b9af-5f98318b1d5c,SKILL_309,"Order of Operations +,-,/,* () positive reals","math :: number sense & operations :: order of operations +,-,/,* () positive reals",Number Sense & Operations,ontology_template,learning_request
"What does Order of Operations +,-,/,* () positive reals mean?",dd3e323f-0cd2-58bc-b9af-5f98318b1d5c,SKILL_309,"Order of Operations +,-,/,* () positive reals","math :: number sense & operations :: order of operations +,-,/,* () positive reals",Number Sense & Operations,ontology_template,definition_request
"Give me an example of Order of Operations +,-,/,* () positive reals",dd3e323f-0cd2-58bc-b9af-5f98318b1d5c,SKILL_309,"Order of Operations +,-,/,* () positive reals","math :: number sense & operations :: order of operations +,-,/,* () positive reals",Number Sense & Operations,ontology_template,example_request
"How does Order of Operations +,-,/,* () positive reals work in math?",dd3e323f-0cd2-58bc-b9af-5f98318b1d5c,SKILL_309,"Order of Operations +,-,/,* () positive reals","math :: number sense & operations :: order of operations +,-,/,* () positive reals",Number Sense & Operations,ontology_template,concept_question
"I am having trouble with Order of Operations +,-,/,* () positive reals",dd3e323f-0cd2-58bc-b9af-5f98318b1d5c,SKILL_309,"Order of Operations +,-,/,* () positive reals","math :: number sense & operations :: order of operations +,-,/,* () positive reals",Number Sense & Operations,ontology_template,struggle_statement
"Can we review Order of Operations +,-,/,* () positive reals together?",dd3e323f-0cd2-58bc-b9af-5f98318b1d5c,SKILL_309,"Order of Operations +,-,/,* () positive reals","math :: number sense & operations :: order of operations +,-,/,* () positive reals",Number Sense & Operations,ontology_template,review_request
"Explain the concept of Order of Operations +,-,/,* () positive reals",dd3e323f-0cd2-58bc-b9af-5f98318b1d5c,SKILL_309,"Order of Operations +,-,/,* () positive reals","math :: number sense & operations :: order of operations +,-,/,* () positive reals",Number Sense & Operations,ontology_template,explanation_request
"What is the rule for Order of Operations +,-,/,* () positive reals?",dd3e323f-0cd2-58bc-b9af-5f98318b1d5c,SKILL_309,"Order of Operations +,-,/,* () positive reals","math :: number sense & operations :: order of operations +,-,/,* () positive reals",Number Sense & Operations,ontology_template,rule_question
"Help me understand Order of Operations +,-,/,* () positive reals",dd3e323f-0cd2-58bc-b9af-5f98318b1d5c,SKILL_309,"Order of Operations +,-,/,* () positive reals","math :: number sense & operations :: order of operations +,-,/,* () positive reals",Number Sense & Operations,ontology_template,help_request
"Teach me about Order of Operations +,-,/,* () positive reals",dd3e323f-0cd2-58bc-b9af-5f98318b1d5c,SKILL_309,"Order of Operations +,-,/,* () positive reals","math :: number sense & operations :: order of operations +,-,/,* () positive reals",Number Sense & Operations,ontology_template,learning_request
"How do you calculate Order of Operations +,-,/,* () positive reals?",dd3e323f-0cd2-58bc-b9af-5f98318b1d5c,SKILL_309,"Order of Operations +,-,/,* () positive reals","math :: number sense & operations :: order of operations +,-,/,* () positive reals",Number Sense & Operations,ontology_template,calculation_question
"Order of Operations +,-,/,* () positive reals",dd3e323f-0cd2-58bc-b9af-5f98318b1d5c,SKILL_309,"Order of Operations +,-,/,* () positive reals","math :: number sense & operations :: order of operations +,-,/,* () positive reals",Number Sense & Operations,ontology_template,direct_mention
I need help with Order of Operations Positive Reals,dd3e323f-0cd2-58bc-b9af-5f98318b1d5c,SKILL_309,"Order of Operations +,-,/,* () positive reals","math :: number sense & operations :: order of operations +,-,/,* () positive reals",Number Sense & Operations,ontology_template,help_request
Can you explain Order of Operations Positive Reals?,dd3e323f-0cd2-58bc-b9af-5f98318b1d5c,SKILL_309,"Order of Operations +,-,/,* () positive reals","math :: number sense & operations :: order of operations +,-,/,* () positive reals",Number Sense & Operations,ontology_template,explanation_request
How do I solve problems about Order of Operations Positive Reals?,dd3e323f-0cd2-58bc-b9af-5f98318b1d5c,SKILL_309,"Order of Operations +,-,/,* () positive reals","math :: number sense & operations :: order of operations +,-,/,* () positive reals",Number Sense & Operations,ontology_template,problem_solving
I don't understand Order of Operations Positive Reals,dd3e323f-0cd2-58bc-b9af-5f98318b1d5c,SKILL_309,"Order of Operations +,-,/,* () positive reals","math :: number sense & operations :: order of operations +,-,/,* () positive reals",Number Sense & Operations,ontology_template,misunderstanding_statement
Show me how Order of Operations Positive Reals works,dd3e323f-0cd2-58bc-b9af-5f98318b1d5c,SKILL_309,"Order of Operations +,-,/,* () positive reals","math :: number sense & operations :: order of operations +,-,/,* () positive reals",Number Sense & Operations,ontology_template,instruction_request
I need to practice Order of Operations Positive Reals,dd3e323f-0cd2-58bc-b9af-5f98318b1d5c,SKILL_309,"Order of Operations +,-,/,* () positive reals","math :: number sense & operations :: order of operations +,-,/,* () positive reals",Number Sense & Operations,ontology_template,practice_request
Can you help me learn Order of Operations Positive Reals?,dd3e323f-0cd2-58bc-b9af-5f98318b1d5c,SKILL_309,"Order of Operations +,-,/,* () positive reals","math :: number sense & operations :: order of operations +,-,/,* () positive reals",Number Sense & Operations,ontology_template,learning_request
What does Order of Operations Positive Reals mean?,dd3e323f-0cd2-58bc-b9af-5f98318b1d5c,SKILL_309,"Order of Operations +,-,/,* () positive reals","math :: number sense & operations :: order of operations +,-,/,* () positive reals",Number Sense & Operations,ontology_template,definition_request
Give me an example of Order of Operations Positive Reals,dd3e323f-0cd2-58bc-b9af-5f98318b1d5c,SKILL_309,"Order of Operations +,-,/,* () positive reals","math :: number sense & operations :: order of operations +,-,/,* () positive reals",Number Sense & Operations,ontology_template,example_request
How does Order of Operations Positive Reals work in math?,dd3e323f-0cd2-58bc-b9af-5f98318b1d5c,SKILL_309,"Order of Operations +,-,/,* () positive reals","math :: number sense & operations :: order of operations +,-,/,* () positive reals",Number Sense & Operations,ontology_template,concept_question
I am having trouble with Order of Operations Positive Reals,dd3e323f-0cd2-58bc-b9af-5f98318b1d5c,SKILL_309,"Order of Operations +,-,/,* () positive reals","math :: number sense & operations :: order of operations +,-,/,* () positive reals",Number Sense & Operations,ontology_template,struggle_statement
Can we review Order of Operations Positive Reals together?,dd3e323f-0cd2-58bc-b9af-5f98318b1d5c,SKILL_309,"Order of Operations +,-,/,* () positive reals","math :: number sense & operations :: order of operations +,-,/,* () positive reals",Number Sense & Operations,ontology_template,review_request
Explain the concept of Order of Operations Positive Reals,dd3e323f-0cd2-58bc-b9af-5f98318b1d5c,SKILL_309,"Order of Operations +,-,/,* () positive reals","math :: number sense & operations :: order of operations +,-,/,* () positive reals",Number Sense & Operations,ontology_template,explanation_request
What is the rule for Order of Operations Positive Reals?,dd3e323f-0cd2-58bc-b9af-5f98318b1d5c,SKILL_309,"Order of Operations +,-,/,* () positive reals","math :: number sense & operations :: order of operations +,-,/,* () positive reals",Number Sense & Operations,ontology_template,rule_question
Help me understand Order of Operations Positive Reals,dd3e323f-0cd2-58bc-b9af-5f98318b1d5c,SKILL_309,"Order of Operations +,-,/,* () positive reals","math :: number sense & operations :: order of operations +,-,/,* () positive reals",Number Sense & Operations,ontology_template,help_request
Teach me about Order of Operations Positive Reals,dd3e323f-0cd2-58bc-b9af-5f98318b1d5c,SKILL_309,"Order of Operations +,-,/,* () positive reals","math :: number sense & operations :: order of operations +,-,/,* () positive reals",Number Sense & Operations,ontology_template,learning_request
How do you calculate Order of Operations Positive Reals?,dd3e323f-0cd2-58bc-b9af-5f98318b1d5c,SKILL_309,"Order of Operations +,-,/,* () positive reals","math :: number sense & operations :: order of operations +,-,/,* () positive reals",Number Sense & Operations,ontology_template,calculation_question
Order of Operations Positive Reals,dd3e323f-0cd2-58bc-b9af-5f98318b1d5c,SKILL_309,"Order of Operations +,-,/,* () positive reals","math :: number sense & operations :: order of operations +,-,/,* () positive reals",Number Sense & Operations,ontology_template,direct_mention
I need help with BIDMAS,d96c5b66-d76d-52b8-96da-63e8139f385e,SKILL_310,Order of Operations All,math :: number sense & operations :: order of operations all,Number Sense & Operations,ontology_template,help_request
Can you explain BIDMAS?,d96c5b66-d76d-52b8-96da-63e8139f385e,SKILL_310,Order of Operations All,math :: number sense & operations :: order of operations all,Number Sense & Operations,ontology_template,explanation_request
How do I solve problems about BIDMAS?,d96c5b66-d76d-52b8-96da-63e8139f385e,SKILL_310,Order of Operations All,math :: number sense & operations :: order of operations all,Number Sense & Operations,ontology_template,problem_solving
I don't understand BIDMAS,d96c5b66-d76d-52b8-96da-63e8139f385e,SKILL_310,Order of Operations All,math :: number sense & operations :: order of operations all,Number Sense & Operations,ontology_template,misunderstanding_statement
Show me how BIDMAS works,d96c5b66-d76d-52b8-96da-63e8139f385e,SKILL_310,Order of Operations All,math :: number sense & operations :: order of operations all,Number Sense & Operations,ontology_template,instruction_request
I need to practice BIDMAS,d96c5b66-d76d-52b8-96da-63e8139f385e,SKILL_310,Order of Operations All,math :: number sense & operations :: order of operations all,Number Sense & Operations,ontology_template,practice_request
Can you help me learn BIDMAS?,d96c5b66-d76d-52b8-96da-63e8139f385e,SKILL_310,Order of Operations All,math :: number sense & operations :: order of operations all,Number Sense & Operations,ontology_template,learning_request
What does BIDMAS mean?,d96c5b66-d76d-52b8-96da-63e8139f385e,SKILL_310,Order of Operations All,math :: number sense & operations :: order of operations all,Number Sense & Operations,ontology_template,definition_request
Give me an example of BIDMAS,d96c5b66-d76d-52b8-96da-63e8139f385e,SKILL_310,Order of Operations All,math :: number sense & operations :: order of operations all,Number Sense & Operations,ontology_template,example_request
How does BIDMAS work in math?,d96c5b66-d76d-52b8-96da-63e8139f385e,SKILL_310,Order of Operations All,math :: number sense & operations :: order of operations all,Number Sense & Operations,ontology_template,concept_question
I am having trouble with BIDMAS,d96c5b66-d76d-52b8-96da-63e8139f385e,SKILL_310,Order of Operations All,math :: number sense & operations :: order of operations all,Number Sense & Operations,ontology_template,struggle_statement
Can we review BIDMAS together?,d96c5b66-d76d-52b8-96da-63e8139f385e,SKILL_310,Order of Operations All,math :: number sense & operations :: order of operations all,Number Sense & Operations,ontology_template,review_request
Explain the concept of BIDMAS,d96c5b66-d76d-52b8-96da-63e8139f385e,SKILL_310,Order of Operations All,math :: number sense & operations :: order of operations all,Number Sense & Operations,ontology_template,explanation_request
What is the rule for BIDMAS?,d96c5b66-d76d-52b8-96da-63e8139f385e,SKILL_310,Order of Operations All,math :: number sense & operations :: order of operations all,Number Sense & Operations,ontology_template,rule_question
Help me understand BIDMAS,d96c5b66-d76d-52b8-96da-63e8139f385e,SKILL_310,Order of Operations All,math :: number sense & operations :: order of operations all,Number Sense & Operations,ontology_template,help_request
Teach me about BIDMAS,d96c5b66-d76d-52b8-96da-63e8139f385e,SKILL_310,Order of Operations All,math :: number sense & operations :: order of operations all,Number Sense & Operations,ontology_template,learning_request
How do you calculate BIDMAS?,d96c5b66-d76d-52b8-96da-63e8139f385e,SKILL_310,Order of Operations All,math :: number sense & operations :: order of operations all,Number Sense & Operations,ontology_template,calculation_question
BIDMAS,d96c5b66-d76d-52b8-96da-63e8139f385e,SKILL_310,Order of Operations All,math :: number sense & operations :: order of operations all,Number Sense & Operations,ontology_template,direct_mention
I need help with BODMAS,d96c5b66-d76d-52b8-96da-63e8139f385e,SKILL_310,Order of Operations All,math :: number sense & operations :: order of operations all,Number Sense & Operations,ontology_template,help_request
Can you explain BODMAS?,d96c5b66-d76d-52b8-96da-63e8139f385e,SKILL_310,Order of Operations All,math :: number sense & operations :: order of operations all,Number Sense & Operations,ontology_template,explanation_request
How do I solve problems about BODMAS?,d96c5b66-d76d-52b8-96da-63e8139f385e,SKILL_310,Order of Operations All,math :: number sense & operations :: order of operations all,Number Sense & Operations,ontology_template,problem_solving
I don't understand BODMAS,d96c5b66-d76d-52b8-96da-63e8139f385e,SKILL_310,Order of Operations All,math :: number sense & operations :: order of operations all,Number Sense & Operations,ontology_template,misunderstanding_statement
Show me how BODMAS works,d96c5b66-d76d-52b8-96da-63e8139f385e,SKILL_310,Order of Operations All,math :: number sense & operations :: order of operations all,Number Sense & Operations,ontology_template,instruction_request
I need to practice BODMAS,d96c5b66-d76d-52b8-96da-63e8139f385e,SKILL_310,Order of Operations All,math :: number sense & operations :: order of operations all,Number Sense & Operations,ontology_template,practice_request
Can you help me learn BODMAS?,d96c5b66-d76d-52b8-96da-63e8139f385e,SKILL_310,Order of Operations All,math :: number sense & operations :: order of operations all,Number Sense & Operations,ontology_template,learning_request
What does BODMAS mean?,d96c5b66-d76d-52b8-96da-63e8139f385e,SKILL_310,Order of Operations All,math :: number sense & operations :: order of operations all,Number Sense & Operations,ontology_template,definition_request
Give me an example of BODMAS,d96c5b66-d76d-52b8-96da-63e8139f385e,SKILL_310,Order of Operations All,math :: number sense & operations :: order of operations all,Number Sense & Operations,ontology_template,example_request
How does BODMAS work in math?,d96c5b66-d76d-52b8-96da-63e8139f385e,SKILL_310,Order of Operations All,math :: number sense & operations :: order of operations all,Number Sense & Operations,ontology_template,concept_question
I am having trouble with BODMAS,d96c5b66-d76d-52b8-96da-63e8139f385e,SKILL_310,Order of Operations All,math :: number sense & operations :: order of operations all,Number Sense & Operations,ontology_template,struggle_statement
Can we review BODMAS together?,d96c5b66-d76d-52b8-96da-63e8139f385e,SKILL_310,Order of Operations All,math :: number sense & operations :: order of operations all,Number Sense & Operations,ontology_template,review_request
Explain the concept of BODMAS,d96c5b66-d76d-52b8-96da-63e8139f385e,SKILL_310,Order of Operations All,math :: number sense & operations :: order of operations all,Number Sense & Operations,ontology_template,explanation_request
What is the rule for BODMAS?,d96c5b66-d76d-52b8-96da-63e8139f385e,SKILL_310,Order of Operations All,math :: number sense & operations :: order of operations all,Number Sense & Operations,ontology_template,rule_question
Help me understand BODMAS,d96c5b66-d76d-52b8-96da-63e8139f385e,SKILL_310,Order of Operations All,math :: number sense & operations :: order of operations all,Number Sense & Operations,ontology_template,help_request
Teach me about BODMAS,d96c5b66-d76d-52b8-96da-63e8139f385e,SKILL_310,Order of Operations All,math :: number sense & operations :: order of operations all,Number Sense & Operations,ontology_template,learning_request
How do you calculate BODMAS?,d96c5b66-d76d-52b8-96da-63e8139f385e,SKILL_310,Order of Operations All,math :: number sense & operations :: order of operations all,Number Sense & Operations,ontology_template,calculation_question
BODMAS,d96c5b66-d76d-52b8-96da-63e8139f385e,SKILL_310,Order of Operations All,math :: number sense & operations :: order of operations all,Number Sense & Operations,ontology_template,direct_mention
I need help with General Order of Operations,d96c5b66-d76d-52b8-96da-63e8139f385e,SKILL_310,Order of Operations All,math :: number sense & operations :: order of operations all,Number Sense & Operations,ontology_template,help_request
Can you explain General Order of Operations?,d96c5b66-d76d-52b8-96da-63e8139f385e,SKILL_310,Order of Operations All,math :: number sense & operations :: order of operations all,Number Sense & Operations,ontology_template,explanation_request
How do I solve problems about General Order of Operations?,d96c5b66-d76d-52b8-96da-63e8139f385e,SKILL_310,Order of Operations All,math :: number sense & operations :: order of operations all,Number Sense & Operations,ontology_template,problem_solving
I don't understand General Order of Operations,d96c5b66-d76d-52b8-96da-63e8139f385e,SKILL_310,Order of Operations All,math :: number sense & operations :: order of operations all,Number Sense & Operations,ontology_template,misunderstanding_statement
Show me how General Order of Operations works,d96c5b66-d76d-52b8-96da-63e8139f385e,SKILL_310,Order of Operations All,math :: number sense & operations :: order of operations all,Number Sense & Operations,ontology_template,instruction_request
I need to practice General Order of Operations,d96c5b66-d76d-52b8-96da-63e8139f385e,SKILL_310,Order of Operations All,math :: number sense & operations :: order of operations all,Number Sense & Operations,ontology_template,practice_request
Can you help me learn General Order of Operations?,d96c5b66-d76d-52b8-96da-63e8139f385e,SKILL_310,Order of Operations All,math :: number sense & operations :: order of operations all,Number Sense & Operations,ontology_template,learning_request
What does General Order of Operations mean?,d96c5b66-d76d-52b8-96da-63e8139f385e,SKILL_310,Order of Operations All,math :: number sense & operations :: order of operations all,Number Sense & Operations,ontology_template,definition_request
Give me an example of General Order of Operations,d96c5b66-d76d-52b8-96da-63e8139f385e,SKILL_310,Order of Operations All,math :: number sense & operations :: order of operations all,Number Sense & Operations,ontology_template,example_request
How does General Order of Operations work in math?,d96c5b66-d76d-52b8-96da-63e8139f385e,SKILL_310,Order of Operations All,math :: number sense & operations :: order of operations all,Number Sense & Operations,ontology_template,concept_question
I am having trouble with General Order of Operations,d96c5b66-d76d-52b8-96da-63e8139f385e,SKILL_310,Order of Operations All,math :: number sense & operations :: order of operations all,Number Sense & Operations,ontology_template,struggle_statement
Can we review General Order of Operations together?,d96c5b66-d76d-52b8-96da-63e8139f385e,SKILL_310,Order of Operations All,math :: number sense & operations :: order of operations all,Number Sense & Operations,ontology_template,review_request
Explain the concept of General Order of Operations,d96c5b66-d76d-52b8-96da-63e8139f385e,SKILL_310,Order of Operations All,math :: number sense & operations :: order of operations all,Number Sense & Operations,ontology_template,explanation_request
What is the rule for General Order of Operations?,d96c5b66-d76d-52b8-96da-63e8139f385e,SKILL_310,Order of Operations All,math :: number sense & operations :: order of operations all,Number Sense & Operations,ontology_template,rule_question
Help me understand General Order of Operations,d96c5b66-d76d-52b8-96da-63e8139f385e,SKILL_310,Order of Operations All,math :: number sense & operations :: order of operations all,Number Sense & Operations,ontology_template,help_request
Teach me about General Order of Operations,d96c5b66-d76d-52b8-96da-63e8139f385e,SKILL_310,Order of Operations All,math :: number sense & operations :: order of operations all,Number Sense & Operations,ontology_template,learning_request
How do you calculate General Order of Operations?,d96c5b66-d76d-52b8-96da-63e8139f385e,SKILL_310,Order of Operations All,math :: number sense & operations :: order of operations all,Number Sense & Operations,ontology_template,calculation_question
General Order of Operations,d96c5b66-d76d-52b8-96da-63e8139f385e,SKILL_310,Order of Operations All,math :: number sense & operations :: order of operations all,Number Sense & Operations,ontology_template,direct_mention
I need help with Order of Operations All,d96c5b66-d76d-52b8-96da-63e8139f385e,SKILL_310,Order of Operations All,math :: number sense & operations :: order of operations all,Number Sense & Operations,ontology_template,help_request
Can you explain Order of Operations All?,d96c5b66-d76d-52b8-96da-63e8139f385e,SKILL_310,Order of Operations All,math :: number sense & operations :: order of operations all,Number Sense & Operations,ontology_template,explanation_request
How do I solve problems about Order of Operations All?,d96c5b66-d76d-52b8-96da-63e8139f385e,SKILL_310,Order of Operations All,math :: number sense & operations :: order of operations all,Number Sense & Operations,ontology_template,problem_solving
I don't understand Order of Operations All,d96c5b66-d76d-52b8-96da-63e8139f385e,SKILL_310,Order of Operations All,math :: number sense & operations :: order of operations all,Number Sense & Operations,ontology_template,misunderstanding_statement
Show me how Order of Operations All works,d96c5b66-d76d-52b8-96da-63e8139f385e,SKILL_310,Order of Operations All,math :: number sense & operations :: order of operations all,Number Sense & Operations,ontology_template,instruction_request
I need to practice Order of Operations All,d96c5b66-d76d-52b8-96da-63e8139f385e,SKILL_310,Order of Operations All,math :: number sense & operations :: order of operations all,Number Sense & Operations,ontology_template,practice_request
Can you help me learn Order of Operations All?,d96c5b66-d76d-52b8-96da-63e8139f385e,SKILL_310,Order of Operations All,math :: number sense & operations :: order of operations all,Number Sense & Operations,ontology_template,learning_request
What does Order of Operations All mean?,d96c5b66-d76d-52b8-96da-63e8139f385e,SKILL_310,Order of Operations All,math :: number sense & operations :: order of operations all,Number Sense & Operations,ontology_template,definition_request
Give me an example of Order of Operations All,d96c5b66-d76d-52b8-96da-63e8139f385e,SKILL_310,Order of Operations All,math :: number sense & operations :: order of operations all,Number Sense & Operations,ontology_template,example_request
How does Order of Operations All work in math?,d96c5b66-d76d-52b8-96da-63e8139f385e,SKILL_310,Order of Operations All,math :: number sense & operations :: order of operations all,Number Sense & Operations,ontology_template,concept_question
I am having trouble with Order of Operations All,d96c5b66-d76d-52b8-96da-63e8139f385e,SKILL_310,Order of Operations All,math :: number sense & operations :: order of operations all,Number Sense & Operations,ontology_template,struggle_statement
Can we review Order of Operations All together?,d96c5b66-d76d-52b8-96da-63e8139f385e,SKILL_310,Order of Operations All,math :: number sense & operations :: order of operations all,Number Sense & Operations,ontology_template,review_request
Explain the concept of Order of Operations All,d96c5b66-d76d-52b8-96da-63e8139f385e,SKILL_310,Order of Operations All,math :: number sense & operations :: order of operations all,Number Sense & Operations,ontology_template,explanation_request
What is the rule for Order of Operations All?,d96c5b66-d76d-52b8-96da-63e8139f385e,SKILL_310,Order of Operations All,math :: number sense & operations :: order of operations all,Number Sense & Operations,ontology_template,rule_question
Help me understand Order of Operations All,d96c5b66-d76d-52b8-96da-63e8139f385e,SKILL_310,Order of Operations All,math :: number sense & operations :: order of operations all,Number Sense & Operations,ontology_template,help_request
Teach me about Order of Operations All,d96c5b66-d76d-52b8-96da-63e8139f385e,SKILL_310,Order of Operations All,math :: number sense & operations :: order of operations all,Number Sense & Operations,ontology_template,learning_request
How do you calculate Order of Operations All?,d96c5b66-d76d-52b8-96da-63e8139f385e,SKILL_310,Order of Operations All,math :: number sense & operations :: order of operations all,Number Sense & Operations,ontology_template,calculation_question
Order of Operations All,d96c5b66-d76d-52b8-96da-63e8139f385e,SKILL_310,Order of Operations All,math :: number sense & operations :: order of operations all,Number Sense & Operations,ontology_template,direct_mention
I need help with PEMDAS,d96c5b66-d76d-52b8-96da-63e8139f385e,SKILL_310,Order of Operations All,math :: number sense & operations :: order of operations all,Number Sense & Operations,ontology_template,help_request
Can you explain PEMDAS?,d96c5b66-d76d-52b8-96da-63e8139f385e,SKILL_310,Order of Operations All,math :: number sense & operations :: order of operations all,Number Sense & Operations,ontology_template,explanation_request
How do I solve problems about PEMDAS?,d96c5b66-d76d-52b8-96da-63e8139f385e,SKILL_310,Order of Operations All,math :: number sense & operations :: order of operations all,Number Sense & Operations,ontology_template,problem_solving
I don't understand PEMDAS,d96c5b66-d76d-52b8-96da-63e8139f385e,SKILL_310,Order of Operations All,math :: number sense & operations :: order of operations all,Number Sense & Operations,ontology_template,misunderstanding_statement
Show me how PEMDAS works,d96c5b66-d76d-52b8-96da-63e8139f385e,SKILL_310,Order of Operations All,math :: number sense & operations :: order of operations all,Number Sense & Operations,ontology_template,instruction_request
I need to practice PEMDAS,d96c5b66-d76d-52b8-96da-63e8139f385e,SKILL_310,Order of Operations All,math :: number sense & operations :: order of operations all,Number Sense & Operations,ontology_template,practice_request
Can you help me learn PEMDAS?,d96c5b66-d76d-52b8-96da-63e8139f385e,SKILL_310,Order of Operations All,math :: number sense & operations :: order of operations all,Number Sense & Operations,ontology_template,learning_request
What does PEMDAS mean?,d96c5b66-d76d-52b8-96da-63e8139f385e,SKILL_310,Order of Operations All,math :: number sense & operations :: order of operations all,Number Sense & Operations,ontology_template,definition_request
Give me an example of PEMDAS,d96c5b66-d76d-52b8-96da-63e8139f385e,SKILL_310,Order of Operations All,math :: number sense & operations :: order of operations all,Number Sense & Operations,ontology_template,example_request
How does PEMDAS work in math?,d96c5b66-d76d-52b8-96da-63e8139f385e,SKILL_310,Order of Operations All,math :: number sense & operations :: order of operations all,Number Sense & Operations,ontology_template,concept_question
I am having trouble with PEMDAS,d96c5b66-d76d-52b8-96da-63e8139f385e,SKILL_310,Order of Operations All,math :: number sense & operations :: order of operations all,Number Sense & Operations,ontology_template,struggle_statement
Can we review PEMDAS together?,d96c5b66-d76d-52b8-96da-63e8139f385e,SKILL_310,Order of Operations All,math :: number sense & operations :: order of operations all,Number Sense & Operations,ontology_template,review_request
Explain the concept of PEMDAS,d96c5b66-d76d-52b8-96da-63e8139f385e,SKILL_310,Order of Operations All,math :: number sense & operations :: order of operations all,Number Sense & Operations,ontology_template,explanation_request
What is the rule for PEMDAS?,d96c5b66-d76d-52b8-96da-63e8139f385e,SKILL_310,Order of Operations All,math :: number sense & operations :: order of operations all,Number Sense & Operations,ontology_template,rule_question
Help me understand PEMDAS,d96c5b66-d76d-52b8-96da-63e8139f385e,SKILL_310,Order of Operations All,math :: number sense & operations :: order of operations all,Number Sense & Operations,ontology_template,help_request
Teach me about PEMDAS,d96c5b66-d76d-52b8-96da-63e8139f385e,SKILL_310,Order of Operations All,math :: number sense & operations :: order of operations all,Number Sense & Operations,ontology_template,learning_request
How do you calculate PEMDAS?,d96c5b66-d76d-52b8-96da-63e8139f385e,SKILL_310,Order of Operations All,math :: number sense & operations :: order of operations all,Number Sense & Operations,ontology_template,calculation_question
PEMDAS,d96c5b66-d76d-52b8-96da-63e8139f385e,SKILL_310,Order of Operations All,math :: number sense & operations :: order of operations all,Number Sense & Operations,ontology_template,direct_mention
I need help with Equation Solving Two or Fewer Steps,6a7e6896-5495-5ade-a560-9e32b837576f,SKILL_311,Equation Solving Two or Fewer Steps,math :: algebra & functions :: equation solving two or fewer steps,Algebra & Functions,ontology_template,help_request
Can you explain Equation Solving Two or Fewer Steps?,6a7e6896-5495-5ade-a560-9e32b837576f,SKILL_311,Equation Solving Two or Fewer Steps,math :: algebra & functions :: equation solving two or fewer steps,Algebra & Functions,ontology_template,explanation_request
How do I solve problems about Equation Solving Two or Fewer Steps?,6a7e6896-5495-5ade-a560-9e32b837576f,SKILL_311,Equation Solving Two or Fewer Steps,math :: algebra & functions :: equation solving two or fewer steps,Algebra & Functions,ontology_template,problem_solving
I don't understand Equation Solving Two or Fewer Steps,6a7e6896-5495-5ade-a560-9e32b837576f,SKILL_311,Equation Solving Two or Fewer Steps,math :: algebra & functions :: equation solving two or fewer steps,Algebra & Functions,ontology_template,misunderstanding_statement
Show me how Equation Solving Two or Fewer Steps works,6a7e6896-5495-5ade-a560-9e32b837576f,SKILL_311,Equation Solving Two or Fewer Steps,math :: algebra & functions :: equation solving two or fewer steps,Algebra & Functions,ontology_template,instruction_request
I need to practice Equation Solving Two or Fewer Steps,6a7e6896-5495-5ade-a560-9e32b837576f,SKILL_311,Equation Solving Two or Fewer Steps,math :: algebra & functions :: equation solving two or fewer steps,Algebra & Functions,ontology_template,practice_request
Can you help me learn Equation Solving Two or Fewer Steps?,6a7e6896-5495-5ade-a560-9e32b837576f,SKILL_311,Equation Solving Two or Fewer Steps,math :: algebra & functions :: equation solving two or fewer steps,Algebra & Functions,ontology_template,learning_request
What does Equation Solving Two or Fewer Steps mean?,6a7e6896-5495-5ade-a560-9e32b837576f,SKILL_311,Equation Solving Two or Fewer Steps,math :: algebra & functions :: equation solving two or fewer steps,Algebra & Functions,ontology_template,definition_request
Give me an example of Equation Solving Two or Fewer Steps,6a7e6896-5495-5ade-a560-9e32b837576f,SKILL_311,Equation Solving Two or Fewer Steps,math :: algebra & functions :: equation solving two or fewer steps,Algebra & Functions,ontology_template,example_request
How does Equation Solving Two or Fewer Steps work in math?,6a7e6896-5495-5ade-a560-9e32b837576f,SKILL_311,Equation Solving Two or Fewer Steps,math :: algebra & functions :: equation solving two or fewer steps,Algebra & Functions,ontology_template,concept_question
I am having trouble with Equation Solving Two or Fewer Steps,6a7e6896-5495-5ade-a560-9e32b837576f,SKILL_311,Equation Solving Two or Fewer Steps,math :: algebra & functions :: equation solving two or fewer steps,Algebra & Functions,ontology_template,struggle_statement
Can we review Equation Solving Two or Fewer Steps together?,6a7e6896-5495-5ade-a560-9e32b837576f,SKILL_311,Equation Solving Two or Fewer Steps,math :: algebra & functions :: equation solving two or fewer steps,Algebra & Functions,ontology_template,review_request
Explain the concept of Equation Solving Two or Fewer Steps,6a7e6896-5495-5ade-a560-9e32b837576f,SKILL_311,Equation Solving Two or Fewer Steps,math :: algebra & functions :: equation solving two or fewer steps,Algebra & Functions,ontology_template,explanation_request
What is the rule for Equation Solving Two or Fewer Steps?,6a7e6896-5495-5ade-a560-9e32b837576f,SKILL_311,Equation Solving Two or Fewer Steps,math :: algebra & functions :: equation solving two or fewer steps,Algebra & Functions,ontology_template,rule_question
Help me understand Equation Solving Two or Fewer Steps,6a7e6896-5495-5ade-a560-9e32b837576f,SKILL_311,Equation Solving Two or Fewer Steps,math :: algebra & functions :: equation solving two or fewer steps,Algebra & Functions,ontology_template,help_request
Teach me about Equation Solving Two or Fewer Steps,6a7e6896-5495-5ade-a560-9e32b837576f,SKILL_311,Equation Solving Two or Fewer Steps,math :: algebra & functions :: equation solving two or fewer steps,Algebra & Functions,ontology_template,learning_request
How do you calculate Equation Solving Two or Fewer Steps?,6a7e6896-5495-5ade-a560-9e32b837576f,SKILL_311,Equation Solving Two or Fewer Steps,math :: algebra & functions :: equation solving two or fewer steps,Algebra & Functions,ontology_template,calculation_question
Equation Solving Two or Fewer Steps,6a7e6896-5495-5ade-a560-9e32b837576f,SKILL_311,Equation Solving Two or Fewer Steps,math :: algebra & functions :: equation solving two or fewer steps,Algebra & Functions,ontology_template,direct_mention
I need help with Equation Solving More Than Two Steps,41abf330-d6c5-52a7-93b9-734ba3798fe3,SKILL_312,Equation Solving More Than Two Steps,math :: algebra & functions :: equation solving more than two steps,Algebra & Functions,ontology_template,help_request
Can you explain Equation Solving More Than Two Steps?,41abf330-d6c5-52a7-93b9-734ba3798fe3,SKILL_312,Equation Solving More Than Two Steps,math :: algebra & functions :: equation solving more than two steps,Algebra & Functions,ontology_template,explanation_request
How do I solve problems about Equation Solving More Than Two Steps?,41abf330-d6c5-52a7-93b9-734ba3798fe3,SKILL_312,Equation Solving More Than Two Steps,math :: algebra & functions :: equation solving more than two steps,Algebra & Functions,ontology_template,problem_solving
I don't understand Equation Solving More Than Two Steps,41abf330-d6c5-52a7-93b9-734ba3798fe3,SKILL_312,Equation Solving More Than Two Steps,math :: algebra & functions :: equation solving more than two steps,Algebra & Functions,ontology_template,misunderstanding_statement
Show me how Equation Solving More Than Two Steps works,41abf330-d6c5-52a7-93b9-734ba3798fe3,SKILL_312,Equation Solving More Than Two Steps,math :: algebra & functions :: equation solving more than two steps,Algebra & Functions,ontology_template,instruction_request
I need to practice Equation Solving More Than Two Steps,41abf330-d6c5-52a7-93b9-734ba3798fe3,SKILL_312,Equation Solving More Than Two Steps,math :: algebra & functions :: equation solving more than two steps,Algebra & Functions,ontology_template,practice_request
Can you help me learn Equation Solving More Than Two Steps?,41abf330-d6c5-52a7-93b9-734ba3798fe3,SKILL_312,Equation Solving More Than Two Steps,math :: algebra & functions :: equation solving more than two steps,Algebra & Functions,ontology_template,learning_request
What does Equation Solving More Than Two Steps mean?,41abf330-d6c5-52a7-93b9-734ba3798fe3,SKILL_312,Equation Solving More Than Two Steps,math :: algebra & functions :: equation solving more than two steps,Algebra & Functions,ontology_template,definition_request
Give me an example of Equation Solving More Than Two Steps,41abf330-d6c5-52a7-93b9-734ba3798fe3,SKILL_312,Equation Solving More Than Two Steps,math :: algebra & functions :: equation solving more than two steps,Algebra & Functions,ontology_template,example_request
How does Equation Solving More Than Two Steps work in math?,41abf330-d6c5-52a7-93b9-734ba3798fe3,SKILL_312,Equation Solving More Than Two Steps,math :: algebra & functions :: equation solving more than two steps,Algebra & Functions,ontology_template,concept_question
I am having trouble with Equation Solving More Than Two Steps,41abf330-d6c5-52a7-93b9-734ba3798fe3,SKILL_312,Equation Solving More Than Two Steps,math :: algebra & functions :: equation solving more than two steps,Algebra & Functions,ontology_template,struggle_statement
Can we review Equation Solving More Than Two Steps together?,41abf330-d6c5-52a7-93b9-734ba3798fe3,SKILL_312,Equation Solving More Than Two Steps,math :: algebra & functions :: equation solving more than two steps,Algebra & Functions,ontology_template,review_request
Explain the concept of Equation Solving More Than Two Steps,41abf330-d6c5-52a7-93b9-734ba3798fe3,SKILL_312,Equation Solving More Than Two Steps,math :: algebra & functions :: equation solving more than two steps,Algebra & Functions,ontology_template,explanation_request
What is the rule for Equation Solving More Than Two Steps?,41abf330-d6c5-52a7-93b9-734ba3798fe3,SKILL_312,Equation Solving More Than Two Steps,math :: algebra & functions :: equation solving more than two steps,Algebra & Functions,ontology_template,rule_question
Help me understand Equation Solving More Than Two Steps,41abf330-d6c5-52a7-93b9-734ba3798fe3,SKILL_312,Equation Solving More Than Two Steps,math :: algebra & functions :: equation solving more than two steps,Algebra & Functions,ontology_template,help_request
Teach me about Equation Solving More Than Two Steps,41abf330-d6c5-52a7-93b9-734ba3798fe3,SKILL_312,Equation Solving More Than Two Steps,math :: algebra & functions :: equation solving more than two steps,Algebra & Functions,ontology_template,learning_request
How do you calculate Equation Solving More Than Two Steps?,41abf330-d6c5-52a7-93b9-734ba3798fe3,SKILL_312,Equation Solving More Than Two Steps,math :: algebra & functions :: equation solving more than two steps,Algebra & Functions,ontology_template,calculation_question
Equation Solving More Than Two Steps,41abf330-d6c5-52a7-93b9-734ba3798fe3,SKILL_312,Equation Solving More Than Two Steps,math :: algebra & functions :: equation solving more than two steps,Algebra & Functions,ontology_template,direct_mention
"I need help with Angles - Obtuse, Acute, and Right",6aec901f-c278-5df0-aa91-c0d6f19882a9,SKILL_314,"Angles - Obtuse, Acute, and Right","math :: geometry & measurement :: angles - obtuse, acute, and right",Geometry & Measurement,ontology_template,help_request
"Can you explain Angles - Obtuse, Acute, and Right?",6aec901f-c278-5df0-aa91-c0d6f19882a9,SKILL_314,"Angles - Obtuse, Acute, and Right","math :: geometry & measurement :: angles - obtuse, acute, and right",Geometry & Measurement,ontology_template,explanation_request
"How do I solve problems about Angles - Obtuse, Acute, and Right?",6aec901f-c278-5df0-aa91-c0d6f19882a9,SKILL_314,"Angles - Obtuse, Acute, and Right","math :: geometry & measurement :: angles - obtuse, acute, and right",Geometry & Measurement,ontology_template,problem_solving
"I don't understand Angles - Obtuse, Acute, and Right",6aec901f-c278-5df0-aa91-c0d6f19882a9,SKILL_314,"Angles - Obtuse, Acute, and Right","math :: geometry & measurement :: angles - obtuse, acute, and right",Geometry & Measurement,ontology_template,misunderstanding_statement
"Show me how Angles - Obtuse, Acute, and Right works",6aec901f-c278-5df0-aa91-c0d6f19882a9,SKILL_314,"Angles - Obtuse, Acute, and Right","math :: geometry & measurement :: angles - obtuse, acute, and right",Geometry & Measurement,ontology_template,instruction_request
"I need to practice Angles - Obtuse, Acute, and Right",6aec901f-c278-5df0-aa91-c0d6f19882a9,SKILL_314,"Angles - Obtuse, Acute, and Right","math :: geometry & measurement :: angles - obtuse, acute, and right",Geometry & Measurement,ontology_template,practice_request
"Can you help me learn Angles - Obtuse, Acute, and Right?",6aec901f-c278-5df0-aa91-c0d6f19882a9,SKILL_314,"Angles - Obtuse, Acute, and Right","math :: geometry & measurement :: angles - obtuse, acute, and right",Geometry & Measurement,ontology_template,learning_request
"What does Angles - Obtuse, Acute, and Right mean?",6aec901f-c278-5df0-aa91-c0d6f19882a9,SKILL_314,"Angles - Obtuse, Acute, and Right","math :: geometry & measurement :: angles - obtuse, acute, and right",Geometry & Measurement,ontology_template,definition_request
"Give me an example of Angles - Obtuse, Acute, and Right",6aec901f-c278-5df0-aa91-c0d6f19882a9,SKILL_314,"Angles - Obtuse, Acute, and Right","math :: geometry & measurement :: angles - obtuse, acute, and right",Geometry & Measurement,ontology_template,example_request
"How does Angles - Obtuse, Acute, and Right work in math?",6aec901f-c278-5df0-aa91-c0d6f19882a9,SKILL_314,"Angles - Obtuse, Acute, and Right","math :: geometry & measurement :: angles - obtuse, acute, and right",Geometry & Measurement,ontology_template,concept_question
"I am having trouble with Angles - Obtuse, Acute, and Right",6aec901f-c278-5df0-aa91-c0d6f19882a9,SKILL_314,"Angles - Obtuse, Acute, and Right","math :: geometry & measurement :: angles - obtuse, acute, and right",Geometry & Measurement,ontology_template,struggle_statement
"Can we review Angles - Obtuse, Acute, and Right together?",6aec901f-c278-5df0-aa91-c0d6f19882a9,SKILL_314,"Angles - Obtuse, Acute, and Right","math :: geometry & measurement :: angles - obtuse, acute, and right",Geometry & Measurement,ontology_template,review_request
"Explain the concept of Angles - Obtuse, Acute, and Right",6aec901f-c278-5df0-aa91-c0d6f19882a9,SKILL_314,"Angles - Obtuse, Acute, and Right","math :: geometry & measurement :: angles - obtuse, acute, and right",Geometry & Measurement,ontology_template,explanation_request
"What is the rule for Angles - Obtuse, Acute, and Right?",6aec901f-c278-5df0-aa91-c0d6f19882a9,SKILL_314,"Angles - Obtuse, Acute, and Right","math :: geometry & measurement :: angles - obtuse, acute, and right",Geometry & Measurement,ontology_template,rule_question
"Help me understand Angles - Obtuse, Acute, and Right",6aec901f-c278-5df0-aa91-c0d6f19882a9,SKILL_314,"Angles - Obtuse, Acute, and Right","math :: geometry & measurement :: angles - obtuse, acute, and right",Geometry & Measurement,ontology_template,help_request
"Teach me about Angles - Obtuse, Acute, and Right",6aec901f-c278-5df0-aa91-c0d6f19882a9,SKILL_314,"Angles - Obtuse, Acute, and Right","math :: geometry & measurement :: angles - obtuse, acute, and right",Geometry & Measurement,ontology_template,learning_request
"How do you calculate Angles - Obtuse, Acute, and Right?",6aec901f-c278-5df0-aa91-c0d6f19882a9,SKILL_314,"Angles - Obtuse, Acute, and Right","math :: geometry & measurement :: angles - obtuse, acute, and right",Geometry & Measurement,ontology_template,calculation_question
"Angles - Obtuse, Acute, and Right",6aec901f-c278-5df0-aa91-c0d6f19882a9,SKILL_314,"Angles - Obtuse, Acute, and Right","math :: geometry & measurement :: angles - obtuse, acute, and right",Geometry & Measurement,ontology_template,direct_mention
I need help with GCD,c0bfd7d2-e9b8-566c-83b9-696e848b868b,SKILL_317,Greatest Common Factor,math :: number sense & operations :: greatest common factor,Number Sense & Operations,ontology_template,help_request
Can you explain GCD?,c0bfd7d2-e9b8-566c-83b9-696e848b868b,SKILL_317,Greatest Common Factor,math :: number sense & operations :: greatest common factor,Number Sense & Operations,ontology_template,explanation_request
How do I solve problems about GCD?,c0bfd7d2-e9b8-566c-83b9-696e848b868b,SKILL_317,Greatest Common Factor,math :: number sense & operations :: greatest common factor,Number Sense & Operations,ontology_template,problem_solving
I don't understand GCD,c0bfd7d2-e9b8-566c-83b9-696e848b868b,SKILL_317,Greatest Common Factor,math :: number sense & operations :: greatest common factor,Number Sense & Operations,ontology_template,misunderstanding_statement
Show me how GCD works,c0bfd7d2-e9b8-566c-83b9-696e848b868b,SKILL_317,Greatest Common Factor,math :: number sense & operations :: greatest common factor,Number Sense & Operations,ontology_template,instruction_request
I need to practice GCD,c0bfd7d2-e9b8-566c-83b9-696e848b868b,SKILL_317,Greatest Common Factor,math :: number sense & operations :: greatest common factor,Number Sense & Operations,ontology_template,practice_request
Can you help me learn GCD?,c0bfd7d2-e9b8-566c-83b9-696e848b868b,SKILL_317,Greatest Common Factor,math :: number sense & operations :: greatest common factor,Number Sense & Operations,ontology_template,learning_request
What does GCD mean?,c0bfd7d2-e9b8-566c-83b9-696e848b868b,SKILL_317,Greatest Common Factor,math :: number sense & operations :: greatest common factor,Number Sense & Operations,ontology_template,definition_request
Give me an example of GCD,c0bfd7d2-e9b8-566c-83b9-696e848b868b,SKILL_317,Greatest Common Factor,math :: number sense & operations :: greatest common factor,Number Sense & Operations,ontology_template,example_request
How does GCD work in math?,c0bfd7d2-e9b8-566c-83b9-696e848b868b,SKILL_317,Greatest Common Factor,math :: number sense & operations :: greatest common factor,Number Sense & Operations,ontology_template,concept_question
I am having trouble with GCD,c0bfd7d2-e9b8-566c-83b9-696e848b868b,SKILL_317,Greatest Common Factor,math :: number sense & operations :: greatest common factor,Number Sense & Operations,ontology_template,struggle_statement
Can we review GCD together?,c0bfd7d2-e9b8-566c-83b9-696e848b868b,SKILL_317,Greatest Common Factor,math :: number sense & operations :: greatest common factor,Number Sense & Operations,ontology_template,review_request
Explain the concept of GCD,c0bfd7d2-e9b8-566c-83b9-696e848b868b,SKILL_317,Greatest Common Factor,math :: number sense & operations :: greatest common factor,Number Sense & Operations,ontology_template,explanation_request
What is the rule for GCD?,c0bfd7d2-e9b8-566c-83b9-696e848b868b,SKILL_317,Greatest Common Factor,math :: number sense & operations :: greatest common factor,Number Sense & Operations,ontology_template,rule_question
Help me understand GCD,c0bfd7d2-e9b8-566c-83b9-696e848b868b,SKILL_317,Greatest Common Factor,math :: number sense & operations :: greatest common factor,Number Sense & Operations,ontology_template,help_request
Teach me about GCD,c0bfd7d2-e9b8-566c-83b9-696e848b868b,SKILL_317,Greatest Common Factor,math :: number sense & operations :: greatest common factor,Number Sense & Operations,ontology_template,learning_request
How do you calculate GCD?,c0bfd7d2-e9b8-566c-83b9-696e848b868b,SKILL_317,Greatest Common Factor,math :: number sense & operations :: greatest common factor,Number Sense & Operations,ontology_template,calculation_question
GCD,c0bfd7d2-e9b8-566c-83b9-696e848b868b,SKILL_317,Greatest Common Factor,math :: number sense & operations :: greatest common factor,Number Sense & Operations,ontology_template,direct_mention
I need help with GCF,c0bfd7d2-e9b8-566c-83b9-696e848b868b,SKILL_317,Greatest Common Factor,math :: number sense & operations :: greatest common factor,Number Sense & Operations,ontology_template,help_request
Can you explain GCF?,c0bfd7d2-e9b8-566c-83b9-696e848b868b,SKILL_317,Greatest Common Factor,math :: number sense & operations :: greatest common factor,Number Sense & Operations,ontology_template,explanation_request
How do I solve problems about GCF?,c0bfd7d2-e9b8-566c-83b9-696e848b868b,SKILL_317,Greatest Common Factor,math :: number sense & operations :: greatest common factor,Number Sense & Operations,ontology_template,problem_solving
I don't understand GCF,c0bfd7d2-e9b8-566c-83b9-696e848b868b,SKILL_317,Greatest Common Factor,math :: number sense & operations :: greatest common factor,Number Sense & Operations,ontology_template,misunderstanding_statement
Show me how GCF works,c0bfd7d2-e9b8-566c-83b9-696e848b868b,SKILL_317,Greatest Common Factor,math :: number sense & operations :: greatest common factor,Number Sense & Operations,ontology_template,instruction_request
I need to practice GCF,c0bfd7d2-e9b8-566c-83b9-696e848b868b,SKILL_317,Greatest Common Factor,math :: number sense & operations :: greatest common factor,Number Sense & Operations,ontology_template,practice_request
Can you help me learn GCF?,c0bfd7d2-e9b8-566c-83b9-696e848b868b,SKILL_317,Greatest Common Factor,math :: number sense & operations :: greatest common factor,Number Sense & Operations,ontology_template,learning_request
What does GCF mean?,c0bfd7d2-e9b8-566c-83b9-696e848b868b,SKILL_317,Greatest Common Factor,math :: number sense & operations :: greatest common factor,Number Sense & Operations,ontology_template,definition_request
Give me an example of GCF,c0bfd7d2-e9b8-566c-83b9-696e848b868b,SKILL_317,Greatest Common Factor,math :: number sense & operations :: greatest common factor,Number Sense & Operations,ontology_template,example_request
How does GCF work in math?,c0bfd7d2-e9b8-566c-83b9-696e848b868b,SKILL_317,Greatest Common Factor,math :: number sense & operations :: greatest common factor,Number Sense & Operations,ontology_template,concept_question
I am having trouble with GCF,c0bfd7d2-e9b8-566c-83b9-696e848b868b,SKILL_317,Greatest Common Factor,math :: number sense & operations :: greatest common factor,Number Sense & Operations,ontology_template,struggle_statement
Can we review GCF together?,c0bfd7d2-e9b8-566c-83b9-696e848b868b,SKILL_317,Greatest Common Factor,math :: number sense & operations :: greatest common factor,Number Sense & Operations,ontology_template,review_request
Explain the concept of GCF,c0bfd7d2-e9b8-566c-83b9-696e848b868b,SKILL_317,Greatest Common Factor,math :: number sense & operations :: greatest common factor,Number Sense & Operations,ontology_template,explanation_request
What is the rule for GCF?,c0bfd7d2-e9b8-566c-83b9-696e848b868b,SKILL_317,Greatest Common Factor,math :: number sense & operations :: greatest common factor,Number Sense & Operations,ontology_template,rule_question
Help me understand GCF,c0bfd7d2-e9b8-566c-83b9-696e848b868b,SKILL_317,Greatest Common Factor,math :: number sense & operations :: greatest common factor,Number Sense & Operations,ontology_template,help_request
Teach me about GCF,c0bfd7d2-e9b8-566c-83b9-696e848b868b,SKILL_317,Greatest Common Factor,math :: number sense & operations :: greatest common factor,Number Sense & Operations,ontology_template,learning_request
How do you calculate GCF?,c0bfd7d2-e9b8-566c-83b9-696e848b868b,SKILL_317,Greatest Common Factor,math :: number sense & operations :: greatest common factor,Number Sense & Operations,ontology_template,calculation_question
GCF,c0bfd7d2-e9b8-566c-83b9-696e848b868b,SKILL_317,Greatest Common Factor,math :: number sense & operations :: greatest common factor,Number Sense & Operations,ontology_template,direct_mention
I need help with Greatest Common Divisor,c0bfd7d2-e9b8-566c-83b9-696e848b868b,SKILL_317,Greatest Common Factor,math :: number sense & operations :: greatest common factor,Number Sense & Operations,ontology_template,help_request
Can you explain Greatest Common Divisor?,c0bfd7d2-e9b8-566c-83b9-696e848b868b,SKILL_317,Greatest Common Factor,math :: number sense & operations :: greatest common factor,Number Sense & Operations,ontology_template,explanation_request
How do I solve problems about Greatest Common Divisor?,c0bfd7d2-e9b8-566c-83b9-696e848b868b,SKILL_317,Greatest Common Factor,math :: number sense & operations :: greatest common factor,Number Sense & Operations,ontology_template,problem_solving
I don't understand Greatest Common Divisor,c0bfd7d2-e9b8-566c-83b9-696e848b868b,SKILL_317,Greatest Common Factor,math :: number sense & operations :: greatest common factor,Number Sense & Operations,ontology_template,misunderstanding_statement
Show me how Greatest Common Divisor works,c0bfd7d2-e9b8-566c-83b9-696e848b868b,SKILL_317,Greatest Common Factor,math :: number sense & operations :: greatest common factor,Number Sense & Operations,ontology_template,instruction_request
I need to practice Greatest Common Divisor,c0bfd7d2-e9b8-566c-83b9-696e848b868b,SKILL_317,Greatest Common Factor,math :: number sense & operations :: greatest common factor,Number Sense & Operations,ontology_template,practice_request
Can you help me learn Greatest Common Divisor?,c0bfd7d2-e9b8-566c-83b9-696e848b868b,SKILL_317,Greatest Common Factor,math :: number sense & operations :: greatest common factor,Number Sense & Operations,ontology_template,learning_request
What does Greatest Common Divisor mean?,c0bfd7d2-e9b8-566c-83b9-696e848b868b,SKILL_317,Greatest Common Factor,math :: number sense & operations :: greatest common factor,Number Sense & Operations,ontology_template,definition_request
Give me an example of Greatest Common Divisor,c0bfd7d2-e9b8-566c-83b9-696e848b868b,SKILL_317,Greatest Common Factor,math :: number sense & operations :: greatest common factor,Number Sense & Operations,ontology_template,example_request
How does Greatest Common Divisor work in math?,c0bfd7d2-e9b8-566c-83b9-696e848b868b,SKILL_317,Greatest Common Factor,math :: number sense & operations :: greatest common factor,Number Sense & Operations,ontology_template,concept_question
I am having trouble with Greatest Common Divisor,c0bfd7d2-e9b8-566c-83b9-696e848b868b,SKILL_317,Greatest Common Factor,math :: number sense & operations :: greatest common factor,Number Sense & Operations,ontology_template,struggle_statement
Can we review Greatest Common Divisor together?,c0bfd7d2-e9b8-566c-83b9-696e848b868b,SKILL_317,Greatest Common Factor,math :: number sense & operations :: greatest common factor,Number Sense & Operations,ontology_template,review_request
Explain the concept of Greatest Common Divisor,c0bfd7d2-e9b8-566c-83b9-696e848b868b,SKILL_317,Greatest Common Factor,math :: number sense & operations :: greatest common factor,Number Sense & Operations,ontology_template,explanation_request
What is the rule for Greatest Common Divisor?,c0bfd7d2-e9b8-566c-83b9-696e848b868b,SKILL_317,Greatest Common Factor,math :: number sense & operations :: greatest common factor,Number Sense & Operations,ontology_template,rule_question
Help me understand Greatest Common Divisor,c0bfd7d2-e9b8-566c-83b9-696e848b868b,SKILL_317,Greatest Common Factor,math :: number sense & operations :: greatest common factor,Number Sense & Operations,ontology_template,help_request
Teach me about Greatest Common Divisor,c0bfd7d2-e9b8-566c-83b9-696e848b868b,SKILL_317,Greatest Common Factor,math :: number sense & operations :: greatest common factor,Number Sense & Operations,ontology_template,learning_request
How do you calculate Greatest Common Divisor?,c0bfd7d2-e9b8-566c-83b9-696e848b868b,SKILL_317,Greatest Common Factor,math :: number sense & operations :: greatest common factor,Number Sense & Operations,ontology_template,calculation_question
Greatest Common Divisor,c0bfd7d2-e9b8-566c-83b9-696e848b868b,SKILL_317,Greatest Common Factor,math :: number sense & operations :: greatest common factor,Number Sense & Operations,ontology_template,direct_mention
I need help with Greatest Common Factor,c0bfd7d2-e9b8-566c-83b9-696e848b868b,SKILL_317,Greatest Common Factor,math :: number sense & operations :: greatest common factor,Number Sense & Operations,ontology_template,help_request
Can you explain Greatest Common Factor?,c0bfd7d2-e9b8-566c-83b9-696e848b868b,SKILL_317,Greatest Common Factor,math :: number sense & operations :: greatest common factor,Number Sense & Operations,ontology_template,explanation_request
How do I solve problems about Greatest Common Factor?,c0bfd7d2-e9b8-566c-83b9-696e848b868b,SKILL_317,Greatest Common Factor,math :: number sense & operations :: greatest common factor,Number Sense & Operations,ontology_template,problem_solving
I don't understand Greatest Common Factor,c0bfd7d2-e9b8-566c-83b9-696e848b868b,SKILL_317,Greatest Common Factor,math :: number sense & operations :: greatest common factor,Number Sense & Operations,ontology_template,misunderstanding_statement
Show me how Greatest Common Factor works,c0bfd7d2-e9b8-566c-83b9-696e848b868b,SKILL_317,Greatest Common Factor,math :: number sense & operations :: greatest common factor,Number Sense & Operations,ontology_template,instruction_request
I need to practice Greatest Common Factor,c0bfd7d2-e9b8-566c-83b9-696e848b868b,SKILL_317,Greatest Common Factor,math :: number sense & operations :: greatest common factor,Number Sense & Operations,ontology_template,practice_request
Can you help me learn Greatest Common Factor?,c0bfd7d2-e9b8-566c-83b9-696e848b868b,SKILL_317,Greatest Common Factor,math :: number sense & operations :: greatest common factor,Number Sense & Operations,ontology_template,learning_request
What does Greatest Common Factor mean?,c0bfd7d2-e9b8-566c-83b9-696e848b868b,SKILL_317,Greatest Common Factor,math :: number sense & operations :: greatest common factor,Number Sense & Operations,ontology_template,definition_request
Give me an example of Greatest Common Factor,c0bfd7d2-e9b8-566c-83b9-696e848b868b,SKILL_317,Greatest Common Factor,math :: number sense & operations :: greatest common factor,Number Sense & Operations,ontology_template,example_request
How does Greatest Common Factor work in math?,c0bfd7d2-e9b8-566c-83b9-696e848b868b,SKILL_317,Greatest Common Factor,math :: number sense & operations :: greatest common factor,Number Sense & Operations,ontology_template,concept_question
I am having trouble with Greatest Common Factor,c0bfd7d2-e9b8-566c-83b9-696e848b868b,SKILL_317,Greatest Common Factor,math :: number sense & operations :: greatest common factor,Number Sense & Operations,ontology_template,struggle_statement
Can we review Greatest Common Factor together?,c0bfd7d2-e9b8-566c-83b9-696e848b868b,SKILL_317,Greatest Common Factor,math :: number sense & operations :: greatest common factor,Number Sense & Operations,ontology_template,review_request
Explain the concept of Greatest Common Factor,c0bfd7d2-e9b8-566c-83b9-696e848b868b,SKILL_317,Greatest Common Factor,math :: number sense & operations :: greatest common factor,Number Sense & Operations,ontology_template,explanation_request
What is the rule for Greatest Common Factor?,c0bfd7d2-e9b8-566c-83b9-696e848b868b,SKILL_317,Greatest Common Factor,math :: number sense & operations :: greatest common factor,Number Sense & Operations,ontology_template,rule_question
Help me understand Greatest Common Factor,c0bfd7d2-e9b8-566c-83b9-696e848b868b,SKILL_317,Greatest Common Factor,math :: number sense & operations :: greatest common factor,Number Sense & Operations,ontology_template,help_request
Teach me about Greatest Common Factor,c0bfd7d2-e9b8-566c-83b9-696e848b868b,SKILL_317,Greatest Common Factor,math :: number sense & operations :: greatest common factor,Number Sense & Operations,ontology_template,learning_request
How do you calculate Greatest Common Factor?,c0bfd7d2-e9b8-566c-83b9-696e848b868b,SKILL_317,Greatest Common Factor,math :: number sense & operations :: greatest common factor,Number Sense & Operations,ontology_template,calculation_question
Greatest Common Factor,c0bfd7d2-e9b8-566c-83b9-696e848b868b,SKILL_317,Greatest Common Factor,math :: number sense & operations :: greatest common factor,Number Sense & Operations,ontology_template,direct_mention
I need help with Computation with Real Numbers,72b9a5bb-497f-5408-9190-623d5b069cda,SKILL_321,Computation with Real Numbers,math :: number sense & operations :: computation with real numbers,Number Sense & Operations,ontology_template,help_request
Can you explain Computation with Real Numbers?,72b9a5bb-497f-5408-9190-623d5b069cda,SKILL_321,Computation with Real Numbers,math :: number sense & operations :: computation with real numbers,Number Sense & Operations,ontology_template,explanation_request
How do I solve problems about Computation with Real Numbers?,72b9a5bb-497f-5408-9190-623d5b069cda,SKILL_321,Computation with Real Numbers,math :: number sense & operations :: computation with real numbers,Number Sense & Operations,ontology_template,problem_solving
I don't understand Computation with Real Numbers,72b9a5bb-497f-5408-9190-623d5b069cda,SKILL_321,Computation with Real Numbers,math :: number sense & operations :: computation with real numbers,Number Sense & Operations,ontology_template,misunderstanding_statement
Show me how Computation with Real Numbers works,72b9a5bb-497f-5408-9190-623d5b069cda,SKILL_321,Computation with Real Numbers,math :: number sense & operations :: computation with real numbers,Number Sense & Operations,ontology_template,instruction_request
I need to practice Computation with Real Numbers,72b9a5bb-497f-5408-9190-623d5b069cda,SKILL_321,Computation with Real Numbers,math :: number sense & operations :: computation with real numbers,Number Sense & Operations,ontology_template,practice_request
Can you help me learn Computation with Real Numbers?,72b9a5bb-497f-5408-9190-623d5b069cda,SKILL_321,Computation with Real Numbers,math :: number sense & operations :: computation with real numbers,Number Sense & Operations,ontology_template,learning_request
What does Computation with Real Numbers mean?,72b9a5bb-497f-5408-9190-623d5b069cda,SKILL_321,Computation with Real Numbers,math :: number sense & operations :: computation with real numbers,Number Sense & Operations,ontology_template,definition_request
Give me an example of Computation with Real Numbers,72b9a5bb-497f-5408-9190-623d5b069cda,SKILL_321,Computation with Real Numbers,math :: number sense & operations :: computation with real numbers,Number Sense & Operations,ontology_template,example_request
How does Computation with Real Numbers work in math?,72b9a5bb-497f-5408-9190-623d5b069cda,SKILL_321,Computation with Real Numbers,math :: number sense & operations :: computation with real numbers,Number Sense & Operations,ontology_template,concept_question
I am having trouble with Computation with Real Numbers,72b9a5bb-497f-5408-9190-623d5b069cda,SKILL_321,Computation with Real Numbers,math :: number sense & operations :: computation with real numbers,Number Sense & Operations,ontology_template,struggle_statement
Can we review Computation with Real Numbers together?,72b9a5bb-497f-5408-9190-623d5b069cda,SKILL_321,Computation with Real Numbers,math :: number sense & operations :: computation with real numbers,Number Sense & Operations,ontology_template,review_request
Explain the concept of Computation with Real Numbers,72b9a5bb-497f-5408-9190-623d5b069cda,SKILL_321,Computation with Real Numbers,math :: number sense & operations :: computation with real numbers,Number Sense & Operations,ontology_template,explanation_request
What is the rule for Computation with Real Numbers?,72b9a5bb-497f-5408-9190-623d5b069cda,SKILL_321,Computation with Real Numbers,math :: number sense & operations :: computation with real numbers,Number Sense & Operations,ontology_template,rule_question
Help me understand Computation with Real Numbers,72b9a5bb-497f-5408-9190-623d5b069cda,SKILL_321,Computation with Real Numbers,math :: number sense & operations :: computation with real numbers,Number Sense & Operations,ontology_template,help_request
Teach me about Computation with Real Numbers,72b9a5bb-497f-5408-9190-623d5b069cda,SKILL_321,Computation with Real Numbers,math :: number sense & operations :: computation with real numbers,Number Sense & Operations,ontology_template,learning_request
How do you calculate Computation with Real Numbers?,72b9a5bb-497f-5408-9190-623d5b069cda,SKILL_321,Computation with Real Numbers,math :: number sense & operations :: computation with real numbers,Number Sense & Operations,ontology_template,calculation_question
Computation with Real Numbers,72b9a5bb-497f-5408-9190-623d5b069cda,SKILL_321,Computation with Real Numbers,math :: number sense & operations :: computation with real numbers,Number Sense & Operations,ontology_template,direct_mention
I need help with Write Linear Equation from Ordered Pairs,846d0e43-7d0e-5e3e-bd43-1541c1780574,SKILL_322,Write Linear Equation from Ordered Pairs,math :: algebra & functions :: write linear equation from ordered pairs,Algebra & Functions,ontology_template,help_request
Can you explain Write Linear Equation from Ordered Pairs?,846d0e43-7d0e-5e3e-bd43-1541c1780574,SKILL_322,Write Linear Equation from Ordered Pairs,math :: algebra & functions :: write linear equation from ordered pairs,Algebra & Functions,ontology_template,explanation_request
How do I solve problems about Write Linear Equation from Ordered Pairs?,846d0e43-7d0e-5e3e-bd43-1541c1780574,SKILL_322,Write Linear Equation from Ordered Pairs,math :: algebra & functions :: write linear equation from ordered pairs,Algebra & Functions,ontology_template,problem_solving
I don't understand Write Linear Equation from Ordered Pairs,846d0e43-7d0e-5e3e-bd43-1541c1780574,SKILL_322,Write Linear Equation from Ordered Pairs,math :: algebra & functions :: write linear equation from ordered pairs,Algebra & Functions,ontology_template,misunderstanding_statement
Show me how Write Linear Equation from Ordered Pairs works,846d0e43-7d0e-5e3e-bd43-1541c1780574,SKILL_322,Write Linear Equation from Ordered Pairs,math :: algebra & functions :: write linear equation from ordered pairs,Algebra & Functions,ontology_template,instruction_request
I need to practice Write Linear Equation from Ordered Pairs,846d0e43-7d0e-5e3e-bd43-1541c1780574,SKILL_322,Write Linear Equation from Ordered Pairs,math :: algebra & functions :: write linear equation from ordered pairs,Algebra & Functions,ontology_template,practice_request
Can you help me learn Write Linear Equation from Ordered Pairs?,846d0e43-7d0e-5e3e-bd43-1541c1780574,SKILL_322,Write Linear Equation from Ordered Pairs,math :: algebra & functions :: write linear equation from ordered pairs,Algebra & Functions,ontology_template,learning_request
What does Write Linear Equation from Ordered Pairs mean?,846d0e43-7d0e-5e3e-bd43-1541c1780574,SKILL_322,Write Linear Equation from Ordered Pairs,math :: algebra & functions :: write linear equation from ordered pairs,Algebra & Functions,ontology_template,definition_request
Give me an example of Write Linear Equation from Ordered Pairs,846d0e43-7d0e-5e3e-bd43-1541c1780574,SKILL_322,Write Linear Equation from Ordered Pairs,math :: algebra & functions :: write linear equation from ordered pairs,Algebra & Functions,ontology_template,example_request
How does Write Linear Equation from Ordered Pairs work in math?,846d0e43-7d0e-5e3e-bd43-1541c1780574,SKILL_322,Write Linear Equation from Ordered Pairs,math :: algebra & functions :: write linear equation from ordered pairs,Algebra & Functions,ontology_template,concept_question
I am having trouble with Write Linear Equation from Ordered Pairs,846d0e43-7d0e-5e3e-bd43-1541c1780574,SKILL_322,Write Linear Equation from Ordered Pairs,math :: algebra & functions :: write linear equation from ordered pairs,Algebra & Functions,ontology_template,struggle_statement
Can we review Write Linear Equation from Ordered Pairs together?,846d0e43-7d0e-5e3e-bd43-1541c1780574,SKILL_322,Write Linear Equation from Ordered Pairs,math :: algebra & functions :: write linear equation from ordered pairs,Algebra & Functions,ontology_template,review_request
Explain the concept of Write Linear Equation from Ordered Pairs,846d0e43-7d0e-5e3e-bd43-1541c1780574,SKILL_322,Write Linear Equation from Ordered Pairs,math :: algebra & functions :: write linear equation from ordered pairs,Algebra & Functions,ontology_template,explanation_request
What is the rule for Write Linear Equation from Ordered Pairs?,846d0e43-7d0e-5e3e-bd43-1541c1780574,SKILL_322,Write Linear Equation from Ordered Pairs,math :: algebra & functions :: write linear equation from ordered pairs,Algebra & Functions,ontology_template,rule_question
Help me understand Write Linear Equation from Ordered Pairs,846d0e43-7d0e-5e3e-bd43-1541c1780574,SKILL_322,Write Linear Equation from Ordered Pairs,math :: algebra & functions :: write linear equation from ordered pairs,Algebra & Functions,ontology_template,help_request
Teach me about Write Linear Equation from Ordered Pairs,846d0e43-7d0e-5e3e-bd43-1541c1780574,SKILL_322,Write Linear Equation from Ordered Pairs,math :: algebra & functions :: write linear equation from ordered pairs,Algebra & Functions,ontology_template,learning_request
How do you calculate Write Linear Equation from Ordered Pairs?,846d0e43-7d0e-5e3e-bd43-1541c1780574,SKILL_322,Write Linear Equation from Ordered Pairs,math :: algebra & functions :: write linear equation from ordered pairs,Algebra & Functions,ontology_template,calculation_question
Write Linear Equation from Ordered Pairs,846d0e43-7d0e-5e3e-bd43-1541c1780574,SKILL_322,Write Linear Equation from Ordered Pairs,math :: algebra & functions :: write linear equation from ordered pairs,Algebra & Functions,ontology_template,direct_mention
I need help with Write Linear Equation from Situation,d34ca36c-cd7d-5d4d-beb4-fc95de027280,SKILL_323,Write Linear Equation from Situation,math :: algebra & functions :: write linear equation from situation,Algebra & Functions,ontology_template,help_request
Can you explain Write Linear Equation from Situation?,d34ca36c-cd7d-5d4d-beb4-fc95de027280,SKILL_323,Write Linear Equation from Situation,math :: algebra & functions :: write linear equation from situation,Algebra & Functions,ontology_template,explanation_request
How do I solve problems about Write Linear Equation from Situation?,d34ca36c-cd7d-5d4d-beb4-fc95de027280,SKILL_323,Write Linear Equation from Situation,math :: algebra & functions :: write linear equation from situation,Algebra & Functions,ontology_template,problem_solving
I don't understand Write Linear Equation from Situation,d34ca36c-cd7d-5d4d-beb4-fc95de027280,SKILL_323,Write Linear Equation from Situation,math :: algebra & functions :: write linear equation from situation,Algebra & Functions,ontology_template,misunderstanding_statement
Show me how Write Linear Equation from Situation works,d34ca36c-cd7d-5d4d-beb4-fc95de027280,SKILL_323,Write Linear Equation from Situation,math :: algebra & functions :: write linear equation from situation,Algebra & Functions,ontology_template,instruction_request
I need to practice Write Linear Equation from Situation,d34ca36c-cd7d-5d4d-beb4-fc95de027280,SKILL_323,Write Linear Equation from Situation,math :: algebra & functions :: write linear equation from situation,Algebra & Functions,ontology_template,practice_request
Can you help me learn Write Linear Equation from Situation?,d34ca36c-cd7d-5d4d-beb4-fc95de027280,SKILL_323,Write Linear Equation from Situation,math :: algebra & functions :: write linear equation from situation,Algebra & Functions,ontology_template,learning_request
What does Write Linear Equation from Situation mean?,d34ca36c-cd7d-5d4d-beb4-fc95de027280,SKILL_323,Write Linear Equation from Situation,math :: algebra & functions :: write linear equation from situation,Algebra & Functions,ontology_template,definition_request
Give me an example of Write Linear Equation from Situation,d34ca36c-cd7d-5d4d-beb4-fc95de027280,SKILL_323,Write Linear Equation from Situation,math :: algebra & functions :: write linear equation from situation,Algebra & Functions,ontology_template,example_request
How does Write Linear Equation from Situation work in math?,d34ca36c-cd7d-5d4d-beb4-fc95de027280,SKILL_323,Write Linear Equation from Situation,math :: algebra & functions :: write linear equation from situation,Algebra & Functions,ontology_template,concept_question
I am having trouble with Write Linear Equation from Situation,d34ca36c-cd7d-5d4d-beb4-fc95de027280,SKILL_323,Write Linear Equation from Situation,math :: algebra & functions :: write linear equation from situation,Algebra & Functions,ontology_template,struggle_statement
Can we review Write Linear Equation from Situation together?,d34ca36c-cd7d-5d4d-beb4-fc95de027280,SKILL_323,Write Linear Equation from Situation,math :: algebra & functions :: write linear equation from situation,Algebra & Functions,ontology_template,review_request
Explain the concept of Write Linear Equation from Situation,d34ca36c-cd7d-5d4d-beb4-fc95de027280,SKILL_323,Write Linear Equation from Situation,math :: algebra & functions :: write linear equation from situation,Algebra & Functions,ontology_template,explanation_request
What is the rule for Write Linear Equation from Situation?,d34ca36c-cd7d-5d4d-beb4-fc95de027280,SKILL_323,Write Linear Equation from Situation,math :: algebra & functions :: write linear equation from situation,Algebra & Functions,ontology_template,rule_question
Help me understand Write Linear Equation from Situation,d34ca36c-cd7d-5d4d-beb4-fc95de027280,SKILL_323,Write Linear Equation from Situation,math :: algebra & functions :: write linear equation from situation,Algebra & Functions,ontology_template,help_request
Teach me about Write Linear Equation from Situation,d34ca36c-cd7d-5d4d-beb4-fc95de027280,SKILL_323,Write Linear Equation from Situation,math :: algebra & functions :: write linear equation from situation,Algebra & Functions,ontology_template,learning_request
How do you calculate Write Linear Equation from Situation?,d34ca36c-cd7d-5d4d-beb4-fc95de027280,SKILL_323,Write Linear Equation from Situation,math :: algebra & functions :: write linear equation from situation,Algebra & Functions,ontology_template,calculation_question
Write Linear Equation from Situation,d34ca36c-cd7d-5d4d-beb4-fc95de027280,SKILL_323,Write Linear Equation from Situation,math :: algebra & functions :: write linear equation from situation,Algebra & Functions,ontology_template,direct_mention
I need help with Recognize Linear Pattern,cbe3cdda-c5d1-593a-a0ea-7a06661dbfae,SKILL_324,Recognize Linear Pattern,math :: algebra & functions :: recognize linear pattern,Algebra & Functions,ontology_template,help_request
Can you explain Recognize Linear Pattern?,cbe3cdda-c5d1-593a-a0ea-7a06661dbfae,SKILL_324,Recognize Linear Pattern,math :: algebra & functions :: recognize linear pattern,Algebra & Functions,ontology_template,explanation_request
How do I solve problems about Recognize Linear Pattern?,cbe3cdda-c5d1-593a-a0ea-7a06661dbfae,SKILL_324,Recognize Linear Pattern,math :: algebra & functions :: recognize linear pattern,Algebra & Functions,ontology_template,problem_solving
I don't understand Recognize Linear Pattern,cbe3cdda-c5d1-593a-a0ea-7a06661dbfae,SKILL_324,Recognize Linear Pattern,math :: algebra & functions :: recognize linear pattern,Algebra & Functions,ontology_template,misunderstanding_statement
Show me how Recognize Linear Pattern works,cbe3cdda-c5d1-593a-a0ea-7a06661dbfae,SKILL_324,Recognize Linear Pattern,math :: algebra & functions :: recognize linear pattern,Algebra & Functions,ontology_template,instruction_request
I need to practice Recognize Linear Pattern,cbe3cdda-c5d1-593a-a0ea-7a06661dbfae,SKILL_324,Recognize Linear Pattern,math :: algebra & functions :: recognize linear pattern,Algebra & Functions,ontology_template,practice_request
Can you help me learn Recognize Linear Pattern?,cbe3cdda-c5d1-593a-a0ea-7a06661dbfae,SKILL_324,Recognize Linear Pattern,math :: algebra & functions :: recognize linear pattern,Algebra & Functions,ontology_template,learning_request
What does Recognize Linear Pattern mean?,cbe3cdda-c5d1-593a-a0ea-7a06661dbfae,SKILL_324,Recognize Linear Pattern,math :: algebra & functions :: recognize linear pattern,Algebra & Functions,ontology_template,definition_request
Give me an example of Recognize Linear Pattern,cbe3cdda-c5d1-593a-a0ea-7a06661dbfae,SKILL_324,Recognize Linear Pattern,math :: algebra & functions :: recognize linear pattern,Algebra & Functions,ontology_template,example_request
How does Recognize Linear Pattern work in math?,cbe3cdda-c5d1-593a-a0ea-7a06661dbfae,SKILL_324,Recognize Linear Pattern,math :: algebra & functions :: recognize linear pattern,Algebra & Functions,ontology_template,concept_question
I am having trouble with Recognize Linear Pattern,cbe3cdda-c5d1-593a-a0ea-7a06661dbfae,SKILL_324,Recognize Linear Pattern,math :: algebra & functions :: recognize linear pattern,Algebra & Functions,ontology_template,struggle_statement
Can we review Recognize Linear Pattern together?,cbe3cdda-c5d1-593a-a0ea-7a06661dbfae,SKILL_324,Recognize Linear Pattern,math :: algebra & functions :: recognize linear pattern,Algebra & Functions,ontology_template,review_request
Explain the concept of Recognize Linear Pattern,cbe3cdda-c5d1-593a-a0ea-7a06661dbfae,SKILL_324,Recognize Linear Pattern,math :: algebra & functions :: recognize linear pattern,Algebra & Functions,ontology_template,explanation_request
What is the rule for Recognize Linear Pattern?,cbe3cdda-c5d1-593a-a0ea-7a06661dbfae,SKILL_324,Recognize Linear Pattern,math :: algebra & functions :: recognize linear pattern,Algebra & Functions,ontology_template,rule_question
Help me understand Recognize Linear Pattern,cbe3cdda-c5d1-593a-a0ea-7a06661dbfae,SKILL_324,Recognize Linear Pattern,math :: algebra & functions :: recognize linear pattern,Algebra & Functions,ontology_template,help_request
Teach me about Recognize Linear Pattern,cbe3cdda-c5d1-593a-a0ea-7a06661dbfae,SKILL_324,Recognize Linear Pattern,math :: algebra & functions :: recognize linear pattern,Algebra & Functions,ontology_template,learning_request
How do you calculate Recognize Linear Pattern?,cbe3cdda-c5d1-593a-a0ea-7a06661dbfae,SKILL_324,Recognize Linear Pattern,math :: algebra & functions :: recognize linear pattern,Algebra & Functions,ontology_template,calculation_question
Recognize Linear Pattern,cbe3cdda-c5d1-593a-a0ea-7a06661dbfae,SKILL_324,Recognize Linear Pattern,math :: algebra & functions :: recognize linear pattern,Algebra & Functions,ontology_template,direct_mention
I need help with Write Linear Equation from Graph,d2bb33f9-715e-5215-9256-069ddf27c65e,SKILL_325,Write Linear Equation from Graph,math :: algebra & functions :: write linear equation from graph,Algebra & Functions,ontology_template,help_request
Can you explain Write Linear Equation from Graph?,d2bb33f9-715e-5215-9256-069ddf27c65e,SKILL_325,Write Linear Equation from Graph,math :: algebra & functions :: write linear equation from graph,Algebra & Functions,ontology_template,explanation_request
How do I solve problems about Write Linear Equation from Graph?,d2bb33f9-715e-5215-9256-069ddf27c65e,SKILL_325,Write Linear Equation from Graph,math :: algebra & functions :: write linear equation from graph,Algebra & Functions,ontology_template,problem_solving
I don't understand Write Linear Equation from Graph,d2bb33f9-715e-5215-9256-069ddf27c65e,SKILL_325,Write Linear Equation from Graph,math :: algebra & functions :: write linear equation from graph,Algebra & Functions,ontology_template,misunderstanding_statement
Show me how Write Linear Equation from Graph works,d2bb33f9-715e-5215-9256-069ddf27c65e,SKILL_325,Write Linear Equation from Graph,math :: algebra & functions :: write linear equation from graph,Algebra & Functions,ontology_template,instruction_request
I need to practice Write Linear Equation from Graph,d2bb33f9-715e-5215-9256-069ddf27c65e,SKILL_325,Write Linear Equation from Graph,math :: algebra & functions :: write linear equation from graph,Algebra & Functions,ontology_template,practice_request
Can you help me learn Write Linear Equation from Graph?,d2bb33f9-715e-5215-9256-069ddf27c65e,SKILL_325,Write Linear Equation from Graph,math :: algebra & functions :: write linear equation from graph,Algebra & Functions,ontology_template,learning_request
What does Write Linear Equation from Graph mean?,d2bb33f9-715e-5215-9256-069ddf27c65e,SKILL_325,Write Linear Equation from Graph,math :: algebra & functions :: write linear equation from graph,Algebra & Functions,ontology_template,definition_request
Give me an example of Write Linear Equation from Graph,d2bb33f9-715e-5215-9256-069ddf27c65e,SKILL_325,Write Linear Equation from Graph,math :: algebra & functions :: write linear equation from graph,Algebra & Functions,ontology_template,example_request
How does Write Linear Equation from Graph work in math?,d2bb33f9-715e-5215-9256-069ddf27c65e,SKILL_325,Write Linear Equation from Graph,math :: algebra & functions :: write linear equation from graph,Algebra & Functions,ontology_template,concept_question
I am having trouble with Write Linear Equation from Graph,d2bb33f9-715e-5215-9256-069ddf27c65e,SKILL_325,Write Linear Equation from Graph,math :: algebra & functions :: write linear equation from graph,Algebra & Functions,ontology_template,struggle_statement
Can we review Write Linear Equation from Graph together?,d2bb33f9-715e-5215-9256-069ddf27c65e,SKILL_325,Write Linear Equation from Graph,math :: algebra & functions :: write linear equation from graph,Algebra & Functions,ontology_template,review_request
Explain the concept of Write Linear Equation from Graph,d2bb33f9-715e-5215-9256-069ddf27c65e,SKILL_325,Write Linear Equation from Graph,math :: algebra & functions :: write linear equation from graph,Algebra & Functions,ontology_template,explanation_request
What is the rule for Write Linear Equation from Graph?,d2bb33f9-715e-5215-9256-069ddf27c65e,SKILL_325,Write Linear Equation from Graph,math :: algebra & functions :: write linear equation from graph,Algebra & Functions,ontology_template,rule_question
Help me understand Write Linear Equation from Graph,d2bb33f9-715e-5215-9256-069ddf27c65e,SKILL_325,Write Linear Equation from Graph,math :: algebra & functions :: write linear equation from graph,Algebra & Functions,ontology_template,help_request
Teach me about Write Linear Equation from Graph,d2bb33f9-715e-5215-9256-069ddf27c65e,SKILL_325,Write Linear Equation from Graph,math :: algebra & functions :: write linear equation from graph,Algebra & Functions,ontology_template,learning_request
How do you calculate Write Linear Equation from Graph?,d2bb33f9-715e-5215-9256-069ddf27c65e,SKILL_325,Write Linear Equation from Graph,math :: algebra & functions :: write linear equation from graph,Algebra & Functions,ontology_template,calculation_question
Write Linear Equation from Graph,d2bb33f9-715e-5215-9256-069ddf27c65e,SKILL_325,Write Linear Equation from Graph,math :: algebra & functions :: write linear equation from graph,Algebra & Functions,ontology_template,direct_mention
I need help with Finding Slope From Situation,9174b522-197f-5b29-a5fe-fdec588e7035,SKILL_331,Finding Slope From Situation,math :: algebra & functions :: finding slope from situation,Algebra & Functions,ontology_template,help_request
Can you explain Finding Slope From Situation?,9174b522-197f-5b29-a5fe-fdec588e7035,SKILL_331,Finding Slope From Situation,math :: algebra & functions :: finding slope from situation,Algebra & Functions,ontology_template,explanation_request
How do I solve problems about Finding Slope From Situation?,9174b522-197f-5b29-a5fe-fdec588e7035,SKILL_331,Finding Slope From Situation,math :: algebra & functions :: finding slope from situation,Algebra & Functions,ontology_template,problem_solving
I don't understand Finding Slope From Situation,9174b522-197f-5b29-a5fe-fdec588e7035,SKILL_331,Finding Slope From Situation,math :: algebra & functions :: finding slope from situation,Algebra & Functions,ontology_template,misunderstanding_statement
Show me how Finding Slope From Situation works,9174b522-197f-5b29-a5fe-fdec588e7035,SKILL_331,Finding Slope From Situation,math :: algebra & functions :: finding slope from situation,Algebra & Functions,ontology_template,instruction_request
I need to practice Finding Slope From Situation,9174b522-197f-5b29-a5fe-fdec588e7035,SKILL_331,Finding Slope From Situation,math :: algebra & functions :: finding slope from situation,Algebra & Functions,ontology_template,practice_request
Can you help me learn Finding Slope From Situation?,9174b522-197f-5b29-a5fe-fdec588e7035,SKILL_331,Finding Slope From Situation,math :: algebra & functions :: finding slope from situation,Algebra & Functions,ontology_template,learning_request
What does Finding Slope From Situation mean?,9174b522-197f-5b29-a5fe-fdec588e7035,SKILL_331,Finding Slope From Situation,math :: algebra & functions :: finding slope from situation,Algebra & Functions,ontology_template,definition_request
Give me an example of Finding Slope From Situation,9174b522-197f-5b29-a5fe-fdec588e7035,SKILL_331,Finding Slope From Situation,math :: algebra & functions :: finding slope from situation,Algebra & Functions,ontology_template,example_request
How does Finding Slope From Situation work in math?,9174b522-197f-5b29-a5fe-fdec588e7035,SKILL_331,Finding Slope From Situation,math :: algebra & functions :: finding slope from situation,Algebra & Functions,ontology_template,concept_question
I am having trouble with Finding Slope From Situation,9174b522-197f-5b29-a5fe-fdec588e7035,SKILL_331,Finding Slope From Situation,math :: algebra & functions :: finding slope from situation,Algebra & Functions,ontology_template,struggle_statement
Can we review Finding Slope From Situation together?,9174b522-197f-5b29-a5fe-fdec588e7035,SKILL_331,Finding Slope From Situation,math :: algebra & functions :: finding slope from situation,Algebra & Functions,ontology_template,review_request
Explain the concept of Finding Slope From Situation,9174b522-197f-5b29-a5fe-fdec588e7035,SKILL_331,Finding Slope From Situation,math :: algebra & functions :: finding slope from situation,Algebra & Functions,ontology_template,explanation_request
What is the rule for Finding Slope From Situation?,9174b522-197f-5b29-a5fe-fdec588e7035,SKILL_331,Finding Slope From Situation,math :: algebra & functions :: finding slope from situation,Algebra & Functions,ontology_template,rule_question
Help me understand Finding Slope From Situation,9174b522-197f-5b29-a5fe-fdec588e7035,SKILL_331,Finding Slope From Situation,math :: algebra & functions :: finding slope from situation,Algebra & Functions,ontology_template,help_request
Teach me about Finding Slope From Situation,9174b522-197f-5b29-a5fe-fdec588e7035,SKILL_331,Finding Slope From Situation,math :: algebra & functions :: finding slope from situation,Algebra & Functions,ontology_template,learning_request
How do you calculate Finding Slope From Situation?,9174b522-197f-5b29-a5fe-fdec588e7035,SKILL_331,Finding Slope From Situation,math :: algebra & functions :: finding slope from situation,Algebra & Functions,ontology_template,calculation_question
Finding Slope From Situation,9174b522-197f-5b29-a5fe-fdec588e7035,SKILL_331,Finding Slope From Situation,math :: algebra & functions :: finding slope from situation,Algebra & Functions,ontology_template,direct_mention
I need help with Slope From Situation,9174b522-197f-5b29-a5fe-fdec588e7035,SKILL_331,Finding Slope From Situation,math :: algebra & functions :: finding slope from situation,Algebra & Functions,ontology_template,help_request
Can you explain Slope From Situation?,9174b522-197f-5b29-a5fe-fdec588e7035,SKILL_331,Finding Slope From Situation,math :: algebra & functions :: finding slope from situation,Algebra & Functions,ontology_template,explanation_request
How do I solve problems about Slope From Situation?,9174b522-197f-5b29-a5fe-fdec588e7035,SKILL_331,Finding Slope From Situation,math :: algebra & functions :: finding slope from situation,Algebra & Functions,ontology_template,problem_solving
I don't understand Slope From Situation,9174b522-197f-5b29-a5fe-fdec588e7035,SKILL_331,Finding Slope From Situation,math :: algebra & functions :: finding slope from situation,Algebra & Functions,ontology_template,misunderstanding_statement
Show me how Slope From Situation works,9174b522-197f-5b29-a5fe-fdec588e7035,SKILL_331,Finding Slope From Situation,math :: algebra & functions :: finding slope from situation,Algebra & Functions,ontology_template,instruction_request
I need to practice Slope From Situation,9174b522-197f-5b29-a5fe-fdec588e7035,SKILL_331,Finding Slope From Situation,math :: algebra & functions :: finding slope from situation,Algebra & Functions,ontology_template,practice_request
Can you help me learn Slope From Situation?,9174b522-197f-5b29-a5fe-fdec588e7035,SKILL_331,Finding Slope From Situation,math :: algebra & functions :: finding slope from situation,Algebra & Functions,ontology_template,learning_request
What does Slope From Situation mean?,9174b522-197f-5b29-a5fe-fdec588e7035,SKILL_331,Finding Slope From Situation,math :: algebra & functions :: finding slope from situation,Algebra & Functions,ontology_template,definition_request
Give me an example of Slope From Situation,9174b522-197f-5b29-a5fe-fdec588e7035,SKILL_331,Finding Slope From Situation,math :: algebra & functions :: finding slope from situation,Algebra & Functions,ontology_template,example_request
How does Slope From Situation work in math?,9174b522-197f-5b29-a5fe-fdec588e7035,SKILL_331,Finding Slope From Situation,math :: algebra & functions :: finding slope from situation,Algebra & Functions,ontology_template,concept_question
I am having trouble with Slope From Situation,9174b522-197f-5b29-a5fe-fdec588e7035,SKILL_331,Finding Slope From Situation,math :: algebra & functions :: finding slope from situation,Algebra & Functions,ontology_template,struggle_statement
Can we review Slope From Situation together?,9174b522-197f-5b29-a5fe-fdec588e7035,SKILL_331,Finding Slope From Situation,math :: algebra & functions :: finding slope from situation,Algebra & Functions,ontology_template,review_request
Explain the concept of Slope From Situation,9174b522-197f-5b29-a5fe-fdec588e7035,SKILL_331,Finding Slope From Situation,math :: algebra & functions :: finding slope from situation,Algebra & Functions,ontology_template,explanation_request
What is the rule for Slope From Situation?,9174b522-197f-5b29-a5fe-fdec588e7035,SKILL_331,Finding Slope From Situation,math :: algebra & functions :: finding slope from situation,Algebra & Functions,ontology_template,rule_question
Help me understand Slope From Situation,9174b522-197f-5b29-a5fe-fdec588e7035,SKILL_331,Finding Slope From Situation,math :: algebra & functions :: finding slope from situation,Algebra & Functions,ontology_template,help_request
Teach me about Slope From Situation,9174b522-197f-5b29-a5fe-fdec588e7035,SKILL_331,Finding Slope From Situation,math :: algebra & functions :: finding slope from situation,Algebra & Functions,ontology_template,learning_request
How do you calculate Slope From Situation?,9174b522-197f-5b29-a5fe-fdec588e7035,SKILL_331,Finding Slope From Situation,math :: algebra & functions :: finding slope from situation,Algebra & Functions,ontology_template,calculation_question
Slope From Situation,9174b522-197f-5b29-a5fe-fdec588e7035,SKILL_331,Finding Slope From Situation,math :: algebra & functions :: finding slope from situation,Algebra & Functions,ontology_template,direct_mention
I need help with Word Problem Slope,9174b522-197f-5b29-a5fe-fdec588e7035,SKILL_331,Finding Slope From Situation,math :: algebra & functions :: finding slope from situation,Algebra & Functions,ontology_template,help_request
Can you explain Word Problem Slope?,9174b522-197f-5b29-a5fe-fdec588e7035,SKILL_331,Finding Slope From Situation,math :: algebra & functions :: finding slope from situation,Algebra & Functions,ontology_template,explanation_request
How do I solve problems about Word Problem Slope?,9174b522-197f-5b29-a5fe-fdec588e7035,SKILL_331,Finding Slope From Situation,math :: algebra & functions :: finding slope from situation,Algebra & Functions,ontology_template,problem_solving
I don't understand Word Problem Slope,9174b522-197f-5b29-a5fe-fdec588e7035,SKILL_331,Finding Slope From Situation,math :: algebra & functions :: finding slope from situation,Algebra & Functions,ontology_template,misunderstanding_statement
Show me how Word Problem Slope works,9174b522-197f-5b29-a5fe-fdec588e7035,SKILL_331,Finding Slope From Situation,math :: algebra & functions :: finding slope from situation,Algebra & Functions,ontology_template,instruction_request
I need to practice Word Problem Slope,9174b522-197f-5b29-a5fe-fdec588e7035,SKILL_331,Finding Slope From Situation,math :: algebra & functions :: finding slope from situation,Algebra & Functions,ontology_template,practice_request
Can you help me learn Word Problem Slope?,9174b522-197f-5b29-a5fe-fdec588e7035,SKILL_331,Finding Slope From Situation,math :: algebra & functions :: finding slope from situation,Algebra & Functions,ontology_template,learning_request
What does Word Problem Slope mean?,9174b522-197f-5b29-a5fe-fdec588e7035,SKILL_331,Finding Slope From Situation,math :: algebra & functions :: finding slope from situation,Algebra & Functions,ontology_template,definition_request
Give me an example of Word Problem Slope,9174b522-197f-5b29-a5fe-fdec588e7035,SKILL_331,Finding Slope From Situation,math :: algebra & functions :: finding slope from situation,Algebra & Functions,ontology_template,example_request
How does Word Problem Slope work in math?,9174b522-197f-5b29-a5fe-fdec588e7035,SKILL_331,Finding Slope From Situation,math :: algebra & functions :: finding slope from situation,Algebra & Functions,ontology_template,concept_question
I am having trouble with Word Problem Slope,9174b522-197f-5b29-a5fe-fdec588e7035,SKILL_331,Finding Slope From Situation,math :: algebra & functions :: finding slope from situation,Algebra & Functions,ontology_template,struggle_statement
Can we review Word Problem Slope together?,9174b522-197f-5b29-a5fe-fdec588e7035,SKILL_331,Finding Slope From Situation,math :: algebra & functions :: finding slope from situation,Algebra & Functions,ontology_template,review_request
Explain the concept of Word Problem Slope,9174b522-197f-5b29-a5fe-fdec588e7035,SKILL_331,Finding Slope From Situation,math :: algebra & functions :: finding slope from situation,Algebra & Functions,ontology_template,explanation_request
What is the rule for Word Problem Slope?,9174b522-197f-5b29-a5fe-fdec588e7035,SKILL_331,Finding Slope From Situation,math :: algebra & functions :: finding slope from situation,Algebra & Functions,ontology_template,rule_question
Help me understand Word Problem Slope,9174b522-197f-5b29-a5fe-fdec588e7035,SKILL_331,Finding Slope From Situation,math :: algebra & functions :: finding slope from situation,Algebra & Functions,ontology_template,help_request
Teach me about Word Problem Slope,9174b522-197f-5b29-a5fe-fdec588e7035,SKILL_331,Finding Slope From Situation,math :: algebra & functions :: finding slope from situation,Algebra & Functions,ontology_template,learning_request
How do you calculate Word Problem Slope?,9174b522-197f-5b29-a5fe-fdec588e7035,SKILL_331,Finding Slope From Situation,math :: algebra & functions :: finding slope from situation,Algebra & Functions,ontology_template,calculation_question
Word Problem Slope,9174b522-197f-5b29-a5fe-fdec588e7035,SKILL_331,Finding Slope From Situation,math :: algebra & functions :: finding slope from situation,Algebra & Functions,ontology_template,direct_mention
I need help with Finding Slope From Equation,7ac543a4-5001-5068-90d5-952f77937927,SKILL_333,Finding Slope From Equation,math :: algebra & functions :: finding slope from equation,Algebra & Functions,ontology_template,help_request
Can you explain Finding Slope From Equation?,7ac543a4-5001-5068-90d5-952f77937927,SKILL_333,Finding Slope From Equation,math :: algebra & functions :: finding slope from equation,Algebra & Functions,ontology_template,explanation_request
How do I solve problems about Finding Slope From Equation?,7ac543a4-5001-5068-90d5-952f77937927,SKILL_333,Finding Slope From Equation,math :: algebra & functions :: finding slope from equation,Algebra & Functions,ontology_template,problem_solving
I don't understand Finding Slope From Equation,7ac543a4-5001-5068-90d5-952f77937927,SKILL_333,Finding Slope From Equation,math :: algebra & functions :: finding slope from equation,Algebra & Functions,ontology_template,misunderstanding_statement
Show me how Finding Slope From Equation works,7ac543a4-5001-5068-90d5-952f77937927,SKILL_333,Finding Slope From Equation,math :: algebra & functions :: finding slope from equation,Algebra & Functions,ontology_template,instruction_request
I need to practice Finding Slope From Equation,7ac543a4-5001-5068-90d5-952f77937927,SKILL_333,Finding Slope From Equation,math :: algebra & functions :: finding slope from equation,Algebra & Functions,ontology_template,practice_request
Can you help me learn Finding Slope From Equation?,7ac543a4-5001-5068-90d5-952f77937927,SKILL_333,Finding Slope From Equation,math :: algebra & functions :: finding slope from equation,Algebra & Functions,ontology_template,learning_request
What does Finding Slope From Equation mean?,7ac543a4-5001-5068-90d5-952f77937927,SKILL_333,Finding Slope From Equation,math :: algebra & functions :: finding slope from equation,Algebra & Functions,ontology_template,definition_request
Give me an example of Finding Slope From Equation,7ac543a4-5001-5068-90d5-952f77937927,SKILL_333,Finding Slope From Equation,math :: algebra & functions :: finding slope from equation,Algebra & Functions,ontology_template,example_request
How does Finding Slope From Equation work in math?,7ac543a4-5001-5068-90d5-952f77937927,SKILL_333,Finding Slope From Equation,math :: algebra & functions :: finding slope from equation,Algebra & Functions,ontology_template,concept_question
I am having trouble with Finding Slope From Equation,7ac543a4-5001-5068-90d5-952f77937927,SKILL_333,Finding Slope From Equation,math :: algebra & functions :: finding slope from equation,Algebra & Functions,ontology_template,struggle_statement
Can we review Finding Slope From Equation together?,7ac543a4-5001-5068-90d5-952f77937927,SKILL_333,Finding Slope From Equation,math :: algebra & functions :: finding slope from equation,Algebra & Functions,ontology_template,review_request
Explain the concept of Finding Slope From Equation,7ac543a4-5001-5068-90d5-952f77937927,SKILL_333,Finding Slope From Equation,math :: algebra & functions :: finding slope from equation,Algebra & Functions,ontology_template,explanation_request
What is the rule for Finding Slope From Equation?,7ac543a4-5001-5068-90d5-952f77937927,SKILL_333,Finding Slope From Equation,math :: algebra & functions :: finding slope from equation,Algebra & Functions,ontology_template,rule_question
Help me understand Finding Slope From Equation,7ac543a4-5001-5068-90d5-952f77937927,SKILL_333,Finding Slope From Equation,math :: algebra & functions :: finding slope from equation,Algebra & Functions,ontology_template,help_request
Teach me about Finding Slope From Equation,7ac543a4-5001-5068-90d5-952f77937927,SKILL_333,Finding Slope From Equation,math :: algebra & functions :: finding slope from equation,Algebra & Functions,ontology_template,learning_request
How do you calculate Finding Slope From Equation?,7ac543a4-5001-5068-90d5-952f77937927,SKILL_333,Finding Slope From Equation,math :: algebra & functions :: finding slope from equation,Algebra & Functions,ontology_template,calculation_question
Finding Slope From Equation,7ac543a4-5001-5068-90d5-952f77937927,SKILL_333,Finding Slope From Equation,math :: algebra & functions :: finding slope from equation,Algebra & Functions,ontology_template,direct_mention
I need help with Finding Slope From Formula,7ac543a4-5001-5068-90d5-952f77937927,SKILL_333,Finding Slope From Equation,math :: algebra & functions :: finding slope from equation,Algebra & Functions,ontology_template,help_request
Can you explain Finding Slope From Formula?,7ac543a4-5001-5068-90d5-952f77937927,SKILL_333,Finding Slope From Equation,math :: algebra & functions :: finding slope from equation,Algebra & Functions,ontology_template,explanation_request
How do I solve problems about Finding Slope From Formula?,7ac543a4-5001-5068-90d5-952f77937927,SKILL_333,Finding Slope From Equation,math :: algebra & functions :: finding slope from equation,Algebra & Functions,ontology_template,problem_solving
I don't understand Finding Slope From Formula,7ac543a4-5001-5068-90d5-952f77937927,SKILL_333,Finding Slope From Equation,math :: algebra & functions :: finding slope from equation,Algebra & Functions,ontology_template,misunderstanding_statement
Show me how Finding Slope From Formula works,7ac543a4-5001-5068-90d5-952f77937927,SKILL_333,Finding Slope From Equation,math :: algebra & functions :: finding slope from equation,Algebra & Functions,ontology_template,instruction_request
I need to practice Finding Slope From Formula,7ac543a4-5001-5068-90d5-952f77937927,SKILL_333,Finding Slope From Equation,math :: algebra & functions :: finding slope from equation,Algebra & Functions,ontology_template,practice_request
Can you help me learn Finding Slope From Formula?,7ac543a4-5001-5068-90d5-952f77937927,SKILL_333,Finding Slope From Equation,math :: algebra & functions :: finding slope from equation,Algebra & Functions,ontology_template,learning_request
What does Finding Slope From Formula mean?,7ac543a4-5001-5068-90d5-952f77937927,SKILL_333,Finding Slope From Equation,math :: algebra & functions :: finding slope from equation,Algebra & Functions,ontology_template,definition_request
Give me an example of Finding Slope From Formula,7ac543a4-5001-5068-90d5-952f77937927,SKILL_333,Finding Slope From Equation,math :: algebra & functions :: finding slope from equation,Algebra & Functions,ontology_template,example_request
How does Finding Slope From Formula work in math?,7ac543a4-5001-5068-90d5-952f77937927,SKILL_333,Finding Slope From Equation,math :: algebra & functions :: finding slope from equation,Algebra & Functions,ontology_template,concept_question
I am having trouble with Finding Slope From Formula,7ac543a4-5001-5068-90d5-952f77937927,SKILL_333,Finding Slope From Equation,math :: algebra & functions :: finding slope from equation,Algebra & Functions,ontology_template,struggle_statement
Can we review Finding Slope From Formula together?,7ac543a4-5001-5068-90d5-952f77937927,SKILL_333,Finding Slope From Equation,math :: algebra & functions :: finding slope from equation,Algebra & Functions,ontology_template,review_request
Explain the concept of Finding Slope From Formula,7ac543a4-5001-5068-90d5-952f77937927,SKILL_333,Finding Slope From Equation,math :: algebra & functions :: finding slope from equation,Algebra & Functions,ontology_template,explanation_request
What is the rule for Finding Slope From Formula?,7ac543a4-5001-5068-90d5-952f77937927,SKILL_333,Finding Slope From Equation,math :: algebra & functions :: finding slope from equation,Algebra & Functions,ontology_template,rule_question
Help me understand Finding Slope From Formula,7ac543a4-5001-5068-90d5-952f77937927,SKILL_333,Finding Slope From Equation,math :: algebra & functions :: finding slope from equation,Algebra & Functions,ontology_template,help_request
Teach me about Finding Slope From Formula,7ac543a4-5001-5068-90d5-952f77937927,SKILL_333,Finding Slope From Equation,math :: algebra & functions :: finding slope from equation,Algebra & Functions,ontology_template,learning_request
How do you calculate Finding Slope From Formula?,7ac543a4-5001-5068-90d5-952f77937927,SKILL_333,Finding Slope From Equation,math :: algebra & functions :: finding slope from equation,Algebra & Functions,ontology_template,calculation_question
Finding Slope From Formula,7ac543a4-5001-5068-90d5-952f77937927,SKILL_333,Finding Slope From Equation,math :: algebra & functions :: finding slope from equation,Algebra & Functions,ontology_template,direct_mention
I need help with Slope From Equation,7ac543a4-5001-5068-90d5-952f77937927,SKILL_333,Finding Slope From Equation,math :: algebra & functions :: finding slope from equation,Algebra & Functions,ontology_template,help_request
Can you explain Slope From Equation?,7ac543a4-5001-5068-90d5-952f77937927,SKILL_333,Finding Slope From Equation,math :: algebra & functions :: finding slope from equation,Algebra & Functions,ontology_template,explanation_request
How do I solve problems about Slope From Equation?,7ac543a4-5001-5068-90d5-952f77937927,SKILL_333,Finding Slope From Equation,math :: algebra & functions :: finding slope from equation,Algebra & Functions,ontology_template,problem_solving
I don't understand Slope From Equation,7ac543a4-5001-5068-90d5-952f77937927,SKILL_333,Finding Slope From Equation,math :: algebra & functions :: finding slope from equation,Algebra & Functions,ontology_template,misunderstanding_statement
Show me how Slope From Equation works,7ac543a4-5001-5068-90d5-952f77937927,SKILL_333,Finding Slope From Equation,math :: algebra & functions :: finding slope from equation,Algebra & Functions,ontology_template,instruction_request
I need to practice Slope From Equation,7ac543a4-5001-5068-90d5-952f77937927,SKILL_333,Finding Slope From Equation,math :: algebra & functions :: finding slope from equation,Algebra & Functions,ontology_template,practice_request
Can you help me learn Slope From Equation?,7ac543a4-5001-5068-90d5-952f77937927,SKILL_333,Finding Slope From Equation,math :: algebra & functions :: finding slope from equation,Algebra & Functions,ontology_template,learning_request
What does Slope From Equation mean?,7ac543a4-5001-5068-90d5-952f77937927,SKILL_333,Finding Slope From Equation,math :: algebra & functions :: finding slope from equation,Algebra & Functions,ontology_template,definition_request
Give me an example of Slope From Equation,7ac543a4-5001-5068-90d5-952f77937927,SKILL_333,Finding Slope From Equation,math :: algebra & functions :: finding slope from equation,Algebra & Functions,ontology_template,example_request
How does Slope From Equation work in math?,7ac543a4-5001-5068-90d5-952f77937927,SKILL_333,Finding Slope From Equation,math :: algebra & functions :: finding slope from equation,Algebra & Functions,ontology_template,concept_question
I am having trouble with Slope From Equation,7ac543a4-5001-5068-90d5-952f77937927,SKILL_333,Finding Slope From Equation,math :: algebra & functions :: finding slope from equation,Algebra & Functions,ontology_template,struggle_statement
Can we review Slope From Equation together?,7ac543a4-5001-5068-90d5-952f77937927,SKILL_333,Finding Slope From Equation,math :: algebra & functions :: finding slope from equation,Algebra & Functions,ontology_template,review_request
Explain the concept of Slope From Equation,7ac543a4-5001-5068-90d5-952f77937927,SKILL_333,Finding Slope From Equation,math :: algebra & functions :: finding slope from equation,Algebra & Functions,ontology_template,explanation_request
What is the rule for Slope From Equation?,7ac543a4-5001-5068-90d5-952f77937927,SKILL_333,Finding Slope From Equation,math :: algebra & functions :: finding slope from equation,Algebra & Functions,ontology_template,rule_question
Help me understand Slope From Equation,7ac543a4-5001-5068-90d5-952f77937927,SKILL_333,Finding Slope From Equation,math :: algebra & functions :: finding slope from equation,Algebra & Functions,ontology_template,help_request
Teach me about Slope From Equation,7ac543a4-5001-5068-90d5-952f77937927,SKILL_333,Finding Slope From Equation,math :: algebra & functions :: finding slope from equation,Algebra & Functions,ontology_template,learning_request
How do you calculate Slope From Equation?,7ac543a4-5001-5068-90d5-952f77937927,SKILL_333,Finding Slope From Equation,math :: algebra & functions :: finding slope from equation,Algebra & Functions,ontology_template,calculation_question
Slope From Equation,7ac543a4-5001-5068-90d5-952f77937927,SKILL_333,Finding Slope From Equation,math :: algebra & functions :: finding slope from equation,Algebra & Functions,ontology_template,direct_mention
I need help with Finding Slope from Ordered Pairs,792296a8-1ef8-597d-a186-c36070e6276e,SKILL_334,Finding Slope from Ordered Pairs,math :: algebra & functions :: finding slope from ordered pairs,Algebra & Functions,ontology_template,help_request
Can you explain Finding Slope from Ordered Pairs?,792296a8-1ef8-597d-a186-c36070e6276e,SKILL_334,Finding Slope from Ordered Pairs,math :: algebra & functions :: finding slope from ordered pairs,Algebra & Functions,ontology_template,explanation_request
How do I solve problems about Finding Slope from Ordered Pairs?,792296a8-1ef8-597d-a186-c36070e6276e,SKILL_334,Finding Slope from Ordered Pairs,math :: algebra & functions :: finding slope from ordered pairs,Algebra & Functions,ontology_template,problem_solving
I don't understand Finding Slope from Ordered Pairs,792296a8-1ef8-597d-a186-c36070e6276e,SKILL_334,Finding Slope from Ordered Pairs,math :: algebra & functions :: finding slope from ordered pairs,Algebra & Functions,ontology_template,misunderstanding_statement
Show me how Finding Slope from Ordered Pairs works,792296a8-1ef8-597d-a186-c36070e6276e,SKILL_334,Finding Slope from Ordered Pairs,math :: algebra & functions :: finding slope from ordered pairs,Algebra & Functions,ontology_template,instruction_request
I need to practice Finding Slope from Ordered Pairs,792296a8-1ef8-597d-a186-c36070e6276e,SKILL_334,Finding Slope from Ordered Pairs,math :: algebra & functions :: finding slope from ordered pairs,Algebra & Functions,ontology_template,practice_request
Can you help me learn Finding Slope from Ordered Pairs?,792296a8-1ef8-597d-a186-c36070e6276e,SKILL_334,Finding Slope from Ordered Pairs,math :: algebra & functions :: finding slope from ordered pairs,Algebra & Functions,ontology_template,learning_request
What does Finding Slope from Ordered Pairs mean?,792296a8-1ef8-597d-a186-c36070e6276e,SKILL_334,Finding Slope from Ordered Pairs,math :: algebra & functions :: finding slope from ordered pairs,Algebra & Functions,ontology_template,definition_request
Give me an example of Finding Slope from Ordered Pairs,792296a8-1ef8-597d-a186-c36070e6276e,SKILL_334,Finding Slope from Ordered Pairs,math :: algebra & functions :: finding slope from ordered pairs,Algebra & Functions,ontology_template,example_request
How does Finding Slope from Ordered Pairs work in math?,792296a8-1ef8-597d-a186-c36070e6276e,SKILL_334,Finding Slope from Ordered Pairs,math :: algebra & functions :: finding slope from ordered pairs,Algebra & Functions,ontology_template,concept_question
I am having trouble with Finding Slope from Ordered Pairs,792296a8-1ef8-597d-a186-c36070e6276e,SKILL_334,Finding Slope from Ordered Pairs,math :: algebra & functions :: finding slope from ordered pairs,Algebra & Functions,ontology_template,struggle_statement
Can we review Finding Slope from Ordered Pairs together?,792296a8-1ef8-597d-a186-c36070e6276e,SKILL_334,Finding Slope from Ordered Pairs,math :: algebra & functions :: finding slope from ordered pairs,Algebra & Functions,ontology_template,review_request
Explain the concept of Finding Slope from Ordered Pairs,792296a8-1ef8-597d-a186-c36070e6276e,SKILL_334,Finding Slope from Ordered Pairs,math :: algebra & functions :: finding slope from ordered pairs,Algebra & Functions,ontology_template,explanation_request
What is the rule for Finding Slope from Ordered Pairs?,792296a8-1ef8-597d-a186-c36070e6276e,SKILL_334,Finding Slope from Ordered Pairs,math :: algebra & functions :: finding slope from ordered pairs,Algebra & Functions,ontology_template,rule_question
Help me understand Finding Slope from Ordered Pairs,792296a8-1ef8-597d-a186-c36070e6276e,SKILL_334,Finding Slope from Ordered Pairs,math :: algebra & functions :: finding slope from ordered pairs,Algebra & Functions,ontology_template,help_request
Teach me about Finding Slope from Ordered Pairs,792296a8-1ef8-597d-a186-c36070e6276e,SKILL_334,Finding Slope from Ordered Pairs,math :: algebra & functions :: finding slope from ordered pairs,Algebra & Functions,ontology_template,learning_request
How do you calculate Finding Slope from Ordered Pairs?,792296a8-1ef8-597d-a186-c36070e6276e,SKILL_334,Finding Slope from Ordered Pairs,math :: algebra & functions :: finding slope from ordered pairs,Algebra & Functions,ontology_template,calculation_question
Finding Slope from Ordered Pairs,792296a8-1ef8-597d-a186-c36070e6276e,SKILL_334,Finding Slope from Ordered Pairs,math :: algebra & functions :: finding slope from ordered pairs,Algebra & Functions,ontology_template,direct_mention
I need help with Slope Between Two Points,792296a8-1ef8-597d-a186-c36070e6276e,SKILL_334,Finding Slope from Ordered Pairs,math :: algebra & functions :: finding slope from ordered pairs,Algebra & Functions,ontology_template,help_request
Can you explain Slope Between Two Points?,792296a8-1ef8-597d-a186-c36070e6276e,SKILL_334,Finding Slope from Ordered Pairs,math :: algebra & functions :: finding slope from ordered pairs,Algebra & Functions,ontology_template,explanation_request
How do I solve problems about Slope Between Two Points?,792296a8-1ef8-597d-a186-c36070e6276e,SKILL_334,Finding Slope from Ordered Pairs,math :: algebra & functions :: finding slope from ordered pairs,Algebra & Functions,ontology_template,problem_solving
I don't understand Slope Between Two Points,792296a8-1ef8-597d-a186-c36070e6276e,SKILL_334,Finding Slope from Ordered Pairs,math :: algebra & functions :: finding slope from ordered pairs,Algebra & Functions,ontology_template,misunderstanding_statement
Show me how Slope Between Two Points works,792296a8-1ef8-597d-a186-c36070e6276e,SKILL_334,Finding Slope from Ordered Pairs,math :: algebra & functions :: finding slope from ordered pairs,Algebra & Functions,ontology_template,instruction_request
I need to practice Slope Between Two Points,792296a8-1ef8-597d-a186-c36070e6276e,SKILL_334,Finding Slope from Ordered Pairs,math :: algebra & functions :: finding slope from ordered pairs,Algebra & Functions,ontology_template,practice_request
Can you help me learn Slope Between Two Points?,792296a8-1ef8-597d-a186-c36070e6276e,SKILL_334,Finding Slope from Ordered Pairs,math :: algebra & functions :: finding slope from ordered pairs,Algebra & Functions,ontology_template,learning_request
What does Slope Between Two Points mean?,792296a8-1ef8-597d-a186-c36070e6276e,SKILL_334,Finding Slope from Ordered Pairs,math :: algebra & functions :: finding slope from ordered pairs,Algebra & Functions,ontology_template,definition_request
Give me an example of Slope Between Two Points,792296a8-1ef8-597d-a186-c36070e6276e,SKILL_334,Finding Slope from Ordered Pairs,math :: algebra & functions :: finding slope from ordered pairs,Algebra & Functions,ontology_template,example_request
How does Slope Between Two Points work in math?,792296a8-1ef8-597d-a186-c36070e6276e,SKILL_334,Finding Slope from Ordered Pairs,math :: algebra & functions :: finding slope from ordered pairs,Algebra & Functions,ontology_template,concept_question
I am having trouble with Slope Between Two Points,792296a8-1ef8-597d-a186-c36070e6276e,SKILL_334,Finding Slope from Ordered Pairs,math :: algebra & functions :: finding slope from ordered pairs,Algebra & Functions,ontology_template,struggle_statement
Can we review Slope Between Two Points together?,792296a8-1ef8-597d-a186-c36070e6276e,SKILL_334,Finding Slope from Ordered Pairs,math :: algebra & functions :: finding slope from ordered pairs,Algebra & Functions,ontology_template,review_request
Explain the concept of Slope Between Two Points,792296a8-1ef8-597d-a186-c36070e6276e,SKILL_334,Finding Slope from Ordered Pairs,math :: algebra & functions :: finding slope from ordered pairs,Algebra & Functions,ontology_template,explanation_request
What is the rule for Slope Between Two Points?,792296a8-1ef8-597d-a186-c36070e6276e,SKILL_334,Finding Slope from Ordered Pairs,math :: algebra & functions :: finding slope from ordered pairs,Algebra & Functions,ontology_template,rule_question
Help me understand Slope Between Two Points,792296a8-1ef8-597d-a186-c36070e6276e,SKILL_334,Finding Slope from Ordered Pairs,math :: algebra & functions :: finding slope from ordered pairs,Algebra & Functions,ontology_template,help_request
Teach me about Slope Between Two Points,792296a8-1ef8-597d-a186-c36070e6276e,SKILL_334,Finding Slope from Ordered Pairs,math :: algebra & functions :: finding slope from ordered pairs,Algebra & Functions,ontology_template,learning_request
How do you calculate Slope Between Two Points?,792296a8-1ef8-597d-a186-c36070e6276e,SKILL_334,Finding Slope from Ordered Pairs,math :: algebra & functions :: finding slope from ordered pairs,Algebra & Functions,ontology_template,calculation_question
Slope Between Two Points,792296a8-1ef8-597d-a186-c36070e6276e,SKILL_334,Finding Slope from Ordered Pairs,math :: algebra & functions :: finding slope from ordered pairs,Algebra & Functions,ontology_template,direct_mention
I need help with Slope From Ordered Pairs,792296a8-1ef8-597d-a186-c36070e6276e,SKILL_334,Finding Slope from Ordered Pairs,math :: algebra & functions :: finding slope from ordered pairs,Algebra & Functions,ontology_template,help_request
Can you explain Slope From Ordered Pairs?,792296a8-1ef8-597d-a186-c36070e6276e,SKILL_334,Finding Slope from Ordered Pairs,math :: algebra & functions :: finding slope from ordered pairs,Algebra & Functions,ontology_template,explanation_request
How do I solve problems about Slope From Ordered Pairs?,792296a8-1ef8-597d-a186-c36070e6276e,SKILL_334,Finding Slope from Ordered Pairs,math :: algebra & functions :: finding slope from ordered pairs,Algebra & Functions,ontology_template,problem_solving
I don't understand Slope From Ordered Pairs,792296a8-1ef8-597d-a186-c36070e6276e,SKILL_334,Finding Slope from Ordered Pairs,math :: algebra & functions :: finding slope from ordered pairs,Algebra & Functions,ontology_template,misunderstanding_statement
Show me how Slope From Ordered Pairs works,792296a8-1ef8-597d-a186-c36070e6276e,SKILL_334,Finding Slope from Ordered Pairs,math :: algebra & functions :: finding slope from ordered pairs,Algebra & Functions,ontology_template,instruction_request
I need to practice Slope From Ordered Pairs,792296a8-1ef8-597d-a186-c36070e6276e,SKILL_334,Finding Slope from Ordered Pairs,math :: algebra & functions :: finding slope from ordered pairs,Algebra & Functions,ontology_template,practice_request
Can you help me learn Slope From Ordered Pairs?,792296a8-1ef8-597d-a186-c36070e6276e,SKILL_334,Finding Slope from Ordered Pairs,math :: algebra & functions :: finding slope from ordered pairs,Algebra & Functions,ontology_template,learning_request
What does Slope From Ordered Pairs mean?,792296a8-1ef8-597d-a186-c36070e6276e,SKILL_334,Finding Slope from Ordered Pairs,math :: algebra & functions :: finding slope from ordered pairs,Algebra & Functions,ontology_template,definition_request
Give me an example of Slope From Ordered Pairs,792296a8-1ef8-597d-a186-c36070e6276e,SKILL_334,Finding Slope from Ordered Pairs,math :: algebra & functions :: finding slope from ordered pairs,Algebra & Functions,ontology_template,example_request
How does Slope From Ordered Pairs work in math?,792296a8-1ef8-597d-a186-c36070e6276e,SKILL_334,Finding Slope from Ordered Pairs,math :: algebra & functions :: finding slope from ordered pairs,Algebra & Functions,ontology_template,concept_question
I am having trouble with Slope From Ordered Pairs,792296a8-1ef8-597d-a186-c36070e6276e,SKILL_334,Finding Slope from Ordered Pairs,math :: algebra & functions :: finding slope from ordered pairs,Algebra & Functions,ontology_template,struggle_statement
Can we review Slope From Ordered Pairs together?,792296a8-1ef8-597d-a186-c36070e6276e,SKILL_334,Finding Slope from Ordered Pairs,math :: algebra & functions :: finding slope from ordered pairs,Algebra & Functions,ontology_template,review_request
Explain the concept of Slope From Ordered Pairs,792296a8-1ef8-597d-a186-c36070e6276e,SKILL_334,Finding Slope from Ordered Pairs,math :: algebra & functions :: finding slope from ordered pairs,Algebra & Functions,ontology_template,explanation_request
What is the rule for Slope From Ordered Pairs?,792296a8-1ef8-597d-a186-c36070e6276e,SKILL_334,Finding Slope from Ordered Pairs,math :: algebra & functions :: finding slope from ordered pairs,Algebra & Functions,ontology_template,rule_question
Help me understand Slope From Ordered Pairs,792296a8-1ef8-597d-a186-c36070e6276e,SKILL_334,Finding Slope from Ordered Pairs,math :: algebra & functions :: finding slope from ordered pairs,Algebra & Functions,ontology_template,help_request
Teach me about Slope From Ordered Pairs,792296a8-1ef8-597d-a186-c36070e6276e,SKILL_334,Finding Slope from Ordered Pairs,math :: algebra & functions :: finding slope from ordered pairs,Algebra & Functions,ontology_template,learning_request
How do you calculate Slope From Ordered Pairs?,792296a8-1ef8-597d-a186-c36070e6276e,SKILL_334,Finding Slope from Ordered Pairs,math :: algebra & functions :: finding slope from ordered pairs,Algebra & Functions,ontology_template,calculation_question
Slope From Ordered Pairs,792296a8-1ef8-597d-a186-c36070e6276e,SKILL_334,Finding Slope from Ordered Pairs,math :: algebra & functions :: finding slope from ordered pairs,Algebra & Functions,ontology_template,direct_mention
I need help with Distributive Property,3567646b-d97f-59e2-856e-434fa1cda752,SKILL_340,Distributive Property,math :: algebra & functions :: distributive property,Algebra & Functions,ontology_template,help_request
Can you explain Distributive Property?,3567646b-d97f-59e2-856e-434fa1cda752,SKILL_340,Distributive Property,math :: algebra & functions :: distributive property,Algebra & Functions,ontology_template,explanation_request
How do I solve problems about Distributive Property?,3567646b-d97f-59e2-856e-434fa1cda752,SKILL_340,Distributive Property,math :: algebra & functions :: distributive property,Algebra & Functions,ontology_template,problem_solving
I don't understand Distributive Property,3567646b-d97f-59e2-856e-434fa1cda752,SKILL_340,Distributive Property,math :: algebra & functions :: distributive property,Algebra & Functions,ontology_template,misunderstanding_statement
Show me how Distributive Property works,3567646b-d97f-59e2-856e-434fa1cda752,SKILL_340,Distributive Property,math :: algebra & functions :: distributive property,Algebra & Functions,ontology_template,instruction_request
I need to practice Distributive Property,3567646b-d97f-59e2-856e-434fa1cda752,SKILL_340,Distributive Property,math :: algebra & functions :: distributive property,Algebra & Functions,ontology_template,practice_request
Can you help me learn Distributive Property?,3567646b-d97f-59e2-856e-434fa1cda752,SKILL_340,Distributive Property,math :: algebra & functions :: distributive property,Algebra & Functions,ontology_template,learning_request
What does Distributive Property mean?,3567646b-d97f-59e2-856e-434fa1cda752,SKILL_340,Distributive Property,math :: algebra & functions :: distributive property,Algebra & Functions,ontology_template,definition_request
Give me an example of Distributive Property,3567646b-d97f-59e2-856e-434fa1cda752,SKILL_340,Distributive Property,math :: algebra & functions :: distributive property,Algebra & Functions,ontology_template,example_request
How does Distributive Property work in math?,3567646b-d97f-59e2-856e-434fa1cda752,SKILL_340,Distributive Property,math :: algebra & functions :: distributive property,Algebra & Functions,ontology_template,concept_question
I am having trouble with Distributive Property,3567646b-d97f-59e2-856e-434fa1cda752,SKILL_340,Distributive Property,math :: algebra & functions :: distributive property,Algebra & Functions,ontology_template,struggle_statement
Can we review Distributive Property together?,3567646b-d97f-59e2-856e-434fa1cda752,SKILL_340,Distributive Property,math :: algebra & functions :: distributive property,Algebra & Functions,ontology_template,review_request
Explain the concept of Distributive Property,3567646b-d97f-59e2-856e-434fa1cda752,SKILL_340,Distributive Property,math :: algebra & functions :: distributive property,Algebra & Functions,ontology_template,explanation_request
What is the rule for Distributive Property?,3567646b-d97f-59e2-856e-434fa1cda752,SKILL_340,Distributive Property,math :: algebra & functions :: distributive property,Algebra & Functions,ontology_template,rule_question
Help me understand Distributive Property,3567646b-d97f-59e2-856e-434fa1cda752,SKILL_340,Distributive Property,math :: algebra & functions :: distributive property,Algebra & Functions,ontology_template,help_request
Teach me about Distributive Property,3567646b-d97f-59e2-856e-434fa1cda752,SKILL_340,Distributive Property,math :: algebra & functions :: distributive property,Algebra & Functions,ontology_template,learning_request
How do you calculate Distributive Property?,3567646b-d97f-59e2-856e-434fa1cda752,SKILL_340,Distributive Property,math :: algebra & functions :: distributive property,Algebra & Functions,ontology_template,calculation_question
Distributive Property,3567646b-d97f-59e2-856e-434fa1cda752,SKILL_340,Distributive Property,math :: algebra & functions :: distributive property,Algebra & Functions,ontology_template,direct_mention
I need help with Midpoint,8c24d1fa-18ed-53af-9b6b-ece54e68df71,SKILL_343,Midpoint,math :: geometry & measurement :: midpoint,Geometry & Measurement,ontology_template,help_request
Can you explain Midpoint?,8c24d1fa-18ed-53af-9b6b-ece54e68df71,SKILL_343,Midpoint,math :: geometry & measurement :: midpoint,Geometry & Measurement,ontology_template,explanation_request
How do I solve problems about Midpoint?,8c24d1fa-18ed-53af-9b6b-ece54e68df71,SKILL_343,Midpoint,math :: geometry & measurement :: midpoint,Geometry & Measurement,ontology_template,problem_solving
I don't understand Midpoint,8c24d1fa-18ed-53af-9b6b-ece54e68df71,SKILL_343,Midpoint,math :: geometry & measurement :: midpoint,Geometry & Measurement,ontology_template,misunderstanding_statement
Show me how Midpoint works,8c24d1fa-18ed-53af-9b6b-ece54e68df71,SKILL_343,Midpoint,math :: geometry & measurement :: midpoint,Geometry & Measurement,ontology_template,instruction_request
I need to practice Midpoint,8c24d1fa-18ed-53af-9b6b-ece54e68df71,SKILL_343,Midpoint,math :: geometry & measurement :: midpoint,Geometry & Measurement,ontology_template,practice_request
Can you help me learn Midpoint?,8c24d1fa-18ed-53af-9b6b-ece54e68df71,SKILL_343,Midpoint,math :: geometry & measurement :: midpoint,Geometry & Measurement,ontology_template,learning_request
What does Midpoint mean?,8c24d1fa-18ed-53af-9b6b-ece54e68df71,SKILL_343,Midpoint,math :: geometry & measurement :: midpoint,Geometry & Measurement,ontology_template,definition_request
Give me an example of Midpoint,8c24d1fa-18ed-53af-9b6b-ece54e68df71,SKILL_343,Midpoint,math :: geometry & measurement :: midpoint,Geometry & Measurement,ontology_template,example_request
How does Midpoint work in math?,8c24d1fa-18ed-53af-9b6b-ece54e68df71,SKILL_343,Midpoint,math :: geometry & measurement :: midpoint,Geometry & Measurement,ontology_template,concept_question
I am having trouble with Midpoint,8c24d1fa-18ed-53af-9b6b-ece54e68df71,SKILL_343,Midpoint,math :: geometry & measurement :: midpoint,Geometry & Measurement,ontology_template,struggle_statement
Can we review Midpoint together?,8c24d1fa-18ed-53af-9b6b-ece54e68df71,SKILL_343,Midpoint,math :: geometry & measurement :: midpoint,Geometry & Measurement,ontology_template,review_request
Explain the concept of Midpoint,8c24d1fa-18ed-53af-9b6b-ece54e68df71,SKILL_343,Midpoint,math :: geometry & measurement :: midpoint,Geometry & Measurement,ontology_template,explanation_request
What is the rule for Midpoint?,8c24d1fa-18ed-53af-9b6b-ece54e68df71,SKILL_343,Midpoint,math :: geometry & measurement :: midpoint,Geometry & Measurement,ontology_template,rule_question
Help me understand Midpoint,8c24d1fa-18ed-53af-9b6b-ece54e68df71,SKILL_343,Midpoint,math :: geometry & measurement :: midpoint,Geometry & Measurement,ontology_template,help_request
Teach me about Midpoint,8c24d1fa-18ed-53af-9b6b-ece54e68df71,SKILL_343,Midpoint,math :: geometry & measurement :: midpoint,Geometry & Measurement,ontology_template,learning_request
How do you calculate Midpoint?,8c24d1fa-18ed-53af-9b6b-ece54e68df71,SKILL_343,Midpoint,math :: geometry & measurement :: midpoint,Geometry & Measurement,ontology_template,calculation_question
Midpoint,8c24d1fa-18ed-53af-9b6b-ece54e68df71,SKILL_343,Midpoint,math :: geometry & measurement :: midpoint,Geometry & Measurement,ontology_template,direct_mention
I need help with Polynomial Factors,3bc149ef-65c0-5be8-bf3a-8f0b9358bdbb,SKILL_346,Polynomial Factors,math :: algebra & functions :: polynomial factors,Algebra & Functions,ontology_template,help_request
Can you explain Polynomial Factors?,3bc149ef-65c0-5be8-bf3a-8f0b9358bdbb,SKILL_346,Polynomial Factors,math :: algebra & functions :: polynomial factors,Algebra & Functions,ontology_template,explanation_request
How do I solve problems about Polynomial Factors?,3bc149ef-65c0-5be8-bf3a-8f0b9358bdbb,SKILL_346,Polynomial Factors,math :: algebra & functions :: polynomial factors,Algebra & Functions,ontology_template,problem_solving
I don't understand Polynomial Factors,3bc149ef-65c0-5be8-bf3a-8f0b9358bdbb,SKILL_346,Polynomial Factors,math :: algebra & functions :: polynomial factors,Algebra & Functions,ontology_template,misunderstanding_statement
Show me how Polynomial Factors works,3bc149ef-65c0-5be8-bf3a-8f0b9358bdbb,SKILL_346,Polynomial Factors,math :: algebra & functions :: polynomial factors,Algebra & Functions,ontology_template,instruction_request
I need to practice Polynomial Factors,3bc149ef-65c0-5be8-bf3a-8f0b9358bdbb,SKILL_346,Polynomial Factors,math :: algebra & functions :: polynomial factors,Algebra & Functions,ontology_template,practice_request
Can you help me learn Polynomial Factors?,3bc149ef-65c0-5be8-bf3a-8f0b9358bdbb,SKILL_346,Polynomial Factors,math :: algebra & functions :: polynomial factors,Algebra & Functions,ontology_template,learning_request
What does Polynomial Factors mean?,3bc149ef-65c0-5be8-bf3a-8f0b9358bdbb,SKILL_346,Polynomial Factors,math :: algebra & functions :: polynomial factors,Algebra & Functions,ontology_template,definition_request
Give me an example of Polynomial Factors,3bc149ef-65c0-5be8-bf3a-8f0b9358bdbb,SKILL_346,Polynomial Factors,math :: algebra & functions :: polynomial factors,Algebra & Functions,ontology_template,example_request
How does Polynomial Factors work in math?,3bc149ef-65c0-5be8-bf3a-8f0b9358bdbb,SKILL_346,Polynomial Factors,math :: algebra & functions :: polynomial factors,Algebra & Functions,ontology_template,concept_question
I am having trouble with Polynomial Factors,3bc149ef-65c0-5be8-bf3a-8f0b9358bdbb,SKILL_346,Polynomial Factors,math :: algebra & functions :: polynomial factors,Algebra & Functions,ontology_template,struggle_statement
Can we review Polynomial Factors together?,3bc149ef-65c0-5be8-bf3a-8f0b9358bdbb,SKILL_346,Polynomial Factors,math :: algebra & functions :: polynomial factors,Algebra & Functions,ontology_template,review_request
Explain the concept of Polynomial Factors,3bc149ef-65c0-5be8-bf3a-8f0b9358bdbb,SKILL_346,Polynomial Factors,math :: algebra & functions :: polynomial factors,Algebra & Functions,ontology_template,explanation_request
What is the rule for Polynomial Factors?,3bc149ef-65c0-5be8-bf3a-8f0b9358bdbb,SKILL_346,Polynomial Factors,math :: algebra & functions :: polynomial factors,Algebra & Functions,ontology_template,rule_question
Help me understand Polynomial Factors,3bc149ef-65c0-5be8-bf3a-8f0b9358bdbb,SKILL_346,Polynomial Factors,math :: algebra & functions :: polynomial factors,Algebra & Functions,ontology_template,help_request
Teach me about Polynomial Factors,3bc149ef-65c0-5be8-bf3a-8f0b9358bdbb,SKILL_346,Polynomial Factors,math :: algebra & functions :: polynomial factors,Algebra & Functions,ontology_template,learning_request
How do you calculate Polynomial Factors?,3bc149ef-65c0-5be8-bf3a-8f0b9358bdbb,SKILL_346,Polynomial Factors,math :: algebra & functions :: polynomial factors,Algebra & Functions,ontology_template,calculation_question
Polynomial Factors,3bc149ef-65c0-5be8-bf3a-8f0b9358bdbb,SKILL_346,Polynomial Factors,math :: algebra & functions :: polynomial factors,Algebra & Functions,ontology_template,direct_mention
I need help with Recognize Quadratic Pattern,547e2ad4-6f73-518c-9f39-8a2803cedc05,SKILL_348,Recognize Quadratic Pattern,math :: algebra & functions :: recognize quadratic pattern,Algebra & Functions,ontology_template,help_request
Can you explain Recognize Quadratic Pattern?,547e2ad4-6f73-518c-9f39-8a2803cedc05,SKILL_348,Recognize Quadratic Pattern,math :: algebra & functions :: recognize quadratic pattern,Algebra & Functions,ontology_template,explanation_request
How do I solve problems about Recognize Quadratic Pattern?,547e2ad4-6f73-518c-9f39-8a2803cedc05,SKILL_348,Recognize Quadratic Pattern,math :: algebra & functions :: recognize quadratic pattern,Algebra & Functions,ontology_template,problem_solving
I don't understand Recognize Quadratic Pattern,547e2ad4-6f73-518c-9f39-8a2803cedc05,SKILL_348,Recognize Quadratic Pattern,math :: algebra & functions :: recognize quadratic pattern,Algebra & Functions,ontology_template,misunderstanding_statement
Show me how Recognize Quadratic Pattern works,547e2ad4-6f73-518c-9f39-8a2803cedc05,SKILL_348,Recognize Quadratic Pattern,math :: algebra & functions :: recognize quadratic pattern,Algebra & Functions,ontology_template,instruction_request
I need to practice Recognize Quadratic Pattern,547e2ad4-6f73-518c-9f39-8a2803cedc05,SKILL_348,Recognize Quadratic Pattern,math :: algebra & functions :: recognize quadratic pattern,Algebra & Functions,ontology_template,practice_request
Can you help me learn Recognize Quadratic Pattern?,547e2ad4-6f73-518c-9f39-8a2803cedc05,SKILL_348,Recognize Quadratic Pattern,math :: algebra & functions :: recognize quadratic pattern,Algebra & Functions,ontology_template,learning_request
What does Recognize Quadratic Pattern mean?,547e2ad4-6f73-518c-9f39-8a2803cedc05,SKILL_348,Recognize Quadratic Pattern,math :: algebra & functions :: recognize quadratic pattern,Algebra & Functions,ontology_template,definition_request
Give me an example of Recognize Quadratic Pattern,547e2ad4-6f73-518c-9f39-8a2803cedc05,SKILL_348,Recognize Quadratic Pattern,math :: algebra & functions :: recognize quadratic pattern,Algebra & Functions,ontology_template,example_request
How does Recognize Quadratic Pattern work in math?,547e2ad4-6f73-518c-9f39-8a2803cedc05,SKILL_348,Recognize Quadratic Pattern,math :: algebra & functions :: recognize quadratic pattern,Algebra & Functions,ontology_template,concept_question
I am having trouble with Recognize Quadratic Pattern,547e2ad4-6f73-518c-9f39-8a2803cedc05,SKILL_348,Recognize Quadratic Pattern,math :: algebra & functions :: recognize quadratic pattern,Algebra & Functions,ontology_template,struggle_statement
Can we review Recognize Quadratic Pattern together?,547e2ad4-6f73-518c-9f39-8a2803cedc05,SKILL_348,Recognize Quadratic Pattern,math :: algebra & functions :: recognize quadratic pattern,Algebra & Functions,ontology_template,review_request
Explain the concept of Recognize Quadratic Pattern,547e2ad4-6f73-518c-9f39-8a2803cedc05,SKILL_348,Recognize Quadratic Pattern,math :: algebra & functions :: recognize quadratic pattern,Algebra & Functions,ontology_template,explanation_request
What is the rule for Recognize Quadratic Pattern?,547e2ad4-6f73-518c-9f39-8a2803cedc05,SKILL_348,Recognize Quadratic Pattern,math :: algebra & functions :: recognize quadratic pattern,Algebra & Functions,ontology_template,rule_question
Help me understand Recognize Quadratic Pattern,547e2ad4-6f73-518c-9f39-8a2803cedc05,SKILL_348,Recognize Quadratic Pattern,math :: algebra & functions :: recognize quadratic pattern,Algebra & Functions,ontology_template,help_request
Teach me about Recognize Quadratic Pattern,547e2ad4-6f73-518c-9f39-8a2803cedc05,SKILL_348,Recognize Quadratic Pattern,math :: algebra & functions :: recognize quadratic pattern,Algebra & Functions,ontology_template,learning_request
How do you calculate Recognize Quadratic Pattern?,547e2ad4-6f73-518c-9f39-8a2803cedc05,SKILL_348,Recognize Quadratic Pattern,math :: algebra & functions :: recognize quadratic pattern,Algebra & Functions,ontology_template,calculation_question
Recognize Quadratic Pattern,547e2ad4-6f73-518c-9f39-8a2803cedc05,SKILL_348,Recognize Quadratic Pattern,math :: algebra & functions :: recognize quadratic pattern,Algebra & Functions,ontology_template,direct_mention
I need help with Solving Linear Systems,09f451f6-916d-5b65-a8e8-2b0e55d6a730,SKILL_350,Solving Systems of Linear Equations,math :: algebra & functions :: solving systems of linear equations,Algebra & Functions,ontology_template,help_request
Can you explain Solving Linear Systems?,09f451f6-916d-5b65-a8e8-2b0e55d6a730,SKILL_350,Solving Systems of Linear Equations,math :: algebra & functions :: solving systems of linear equations,Algebra & Functions,ontology_template,explanation_request
How do I solve problems about Solving Linear Systems?,09f451f6-916d-5b65-a8e8-2b0e55d6a730,SKILL_350,Solving Systems of Linear Equations,math :: algebra & functions :: solving systems of linear equations,Algebra & Functions,ontology_template,problem_solving
I don't understand Solving Linear Systems,09f451f6-916d-5b65-a8e8-2b0e55d6a730,SKILL_350,Solving Systems of Linear Equations,math :: algebra & functions :: solving systems of linear equations,Algebra & Functions,ontology_template,misunderstanding_statement
Show me how Solving Linear Systems works,09f451f6-916d-5b65-a8e8-2b0e55d6a730,SKILL_350,Solving Systems of Linear Equations,math :: algebra & functions :: solving systems of linear equations,Algebra & Functions,ontology_template,instruction_request
I need to practice Solving Linear Systems,09f451f6-916d-5b65-a8e8-2b0e55d6a730,SKILL_350,Solving Systems of Linear Equations,math :: algebra & functions :: solving systems of linear equations,Algebra & Functions,ontology_template,practice_request
Can you help me learn Solving Linear Systems?,09f451f6-916d-5b65-a8e8-2b0e55d6a730,SKILL_350,Solving Systems of Linear Equations,math :: algebra & functions :: solving systems of linear equations,Algebra & Functions,ontology_template,learning_request
What does Solving Linear Systems mean?,09f451f6-916d-5b65-a8e8-2b0e55d6a730,SKILL_350,Solving Systems of Linear Equations,math :: algebra & functions :: solving systems of linear equations,Algebra & Functions,ontology_template,definition_request
Give me an example of Solving Linear Systems,09f451f6-916d-5b65-a8e8-2b0e55d6a730,SKILL_350,Solving Systems of Linear Equations,math :: algebra & functions :: solving systems of linear equations,Algebra & Functions,ontology_template,example_request
How does Solving Linear Systems work in math?,09f451f6-916d-5b65-a8e8-2b0e55d6a730,SKILL_350,Solving Systems of Linear Equations,math :: algebra & functions :: solving systems of linear equations,Algebra & Functions,ontology_template,concept_question
I am having trouble with Solving Linear Systems,09f451f6-916d-5b65-a8e8-2b0e55d6a730,SKILL_350,Solving Systems of Linear Equations,math :: algebra & functions :: solving systems of linear equations,Algebra & Functions,ontology_template,struggle_statement
Can we review Solving Linear Systems together?,09f451f6-916d-5b65-a8e8-2b0e55d6a730,SKILL_350,Solving Systems of Linear Equations,math :: algebra & functions :: solving systems of linear equations,Algebra & Functions,ontology_template,review_request
Explain the concept of Solving Linear Systems,09f451f6-916d-5b65-a8e8-2b0e55d6a730,SKILL_350,Solving Systems of Linear Equations,math :: algebra & functions :: solving systems of linear equations,Algebra & Functions,ontology_template,explanation_request
What is the rule for Solving Linear Systems?,09f451f6-916d-5b65-a8e8-2b0e55d6a730,SKILL_350,Solving Systems of Linear Equations,math :: algebra & functions :: solving systems of linear equations,Algebra & Functions,ontology_template,rule_question
Help me understand Solving Linear Systems,09f451f6-916d-5b65-a8e8-2b0e55d6a730,SKILL_350,Solving Systems of Linear Equations,math :: algebra & functions :: solving systems of linear equations,Algebra & Functions,ontology_template,help_request
Teach me about Solving Linear Systems,09f451f6-916d-5b65-a8e8-2b0e55d6a730,SKILL_350,Solving Systems of Linear Equations,math :: algebra & functions :: solving systems of linear equations,Algebra & Functions,ontology_template,learning_request
How do you calculate Solving Linear Systems?,09f451f6-916d-5b65-a8e8-2b0e55d6a730,SKILL_350,Solving Systems of Linear Equations,math :: algebra & functions :: solving systems of linear equations,Algebra & Functions,ontology_template,calculation_question
Solving Linear Systems,09f451f6-916d-5b65-a8e8-2b0e55d6a730,SKILL_350,Solving Systems of Linear Equations,math :: algebra & functions :: solving systems of linear equations,Algebra & Functions,ontology_template,direct_mention
I need help with Solving Systems of Linear Equations,09f451f6-916d-5b65-a8e8-2b0e55d6a730,SKILL_350,Solving Systems of Linear Equations,math :: algebra & functions :: solving systems of linear equations,Algebra & Functions,ontology_template,help_request
Can you explain Solving Systems of Linear Equations?,09f451f6-916d-5b65-a8e8-2b0e55d6a730,SKILL_350,Solving Systems of Linear Equations,math :: algebra & functions :: solving systems of linear equations,Algebra & Functions,ontology_template,explanation_request
How do I solve problems about Solving Systems of Linear Equations?,09f451f6-916d-5b65-a8e8-2b0e55d6a730,SKILL_350,Solving Systems of Linear Equations,math :: algebra & functions :: solving systems of linear equations,Algebra & Functions,ontology_template,problem_solving
I don't understand Solving Systems of Linear Equations,09f451f6-916d-5b65-a8e8-2b0e55d6a730,SKILL_350,Solving Systems of Linear Equations,math :: algebra & functions :: solving systems of linear equations,Algebra & Functions,ontology_template,misunderstanding_statement
Show me how Solving Systems of Linear Equations works,09f451f6-916d-5b65-a8e8-2b0e55d6a730,SKILL_350,Solving Systems of Linear Equations,math :: algebra & functions :: solving systems of linear equations,Algebra & Functions,ontology_template,instruction_request
I need to practice Solving Systems of Linear Equations,09f451f6-916d-5b65-a8e8-2b0e55d6a730,SKILL_350,Solving Systems of Linear Equations,math :: algebra & functions :: solving systems of linear equations,Algebra & Functions,ontology_template,practice_request
Can you help me learn Solving Systems of Linear Equations?,09f451f6-916d-5b65-a8e8-2b0e55d6a730,SKILL_350,Solving Systems of Linear Equations,math :: algebra & functions :: solving systems of linear equations,Algebra & Functions,ontology_template,learning_request
What does Solving Systems of Linear Equations mean?,09f451f6-916d-5b65-a8e8-2b0e55d6a730,SKILL_350,Solving Systems of Linear Equations,math :: algebra & functions :: solving systems of linear equations,Algebra & Functions,ontology_template,definition_request
Give me an example of Solving Systems of Linear Equations,09f451f6-916d-5b65-a8e8-2b0e55d6a730,SKILL_350,Solving Systems of Linear Equations,math :: algebra & functions :: solving systems of linear equations,Algebra & Functions,ontology_template,example_request
How does Solving Systems of Linear Equations work in math?,09f451f6-916d-5b65-a8e8-2b0e55d6a730,SKILL_350,Solving Systems of Linear Equations,math :: algebra & functions :: solving systems of linear equations,Algebra & Functions,ontology_template,concept_question
I am having trouble with Solving Systems of Linear Equations,09f451f6-916d-5b65-a8e8-2b0e55d6a730,SKILL_350,Solving Systems of Linear Equations,math :: algebra & functions :: solving systems of linear equations,Algebra & Functions,ontology_template,struggle_statement
Can we review Solving Systems of Linear Equations together?,09f451f6-916d-5b65-a8e8-2b0e55d6a730,SKILL_350,Solving Systems of Linear Equations,math :: algebra & functions :: solving systems of linear equations,Algebra & Functions,ontology_template,review_request
Explain the concept of Solving Systems of Linear Equations,09f451f6-916d-5b65-a8e8-2b0e55d6a730,SKILL_350,Solving Systems of Linear Equations,math :: algebra & functions :: solving systems of linear equations,Algebra & Functions,ontology_template,explanation_request
What is the rule for Solving Systems of Linear Equations?,09f451f6-916d-5b65-a8e8-2b0e55d6a730,SKILL_350,Solving Systems of Linear Equations,math :: algebra & functions :: solving systems of linear equations,Algebra & Functions,ontology_template,rule_question
Help me understand Solving Systems of Linear Equations,09f451f6-916d-5b65-a8e8-2b0e55d6a730,SKILL_350,Solving Systems of Linear Equations,math :: algebra & functions :: solving systems of linear equations,Algebra & Functions,ontology_template,help_request
Teach me about Solving Systems of Linear Equations,09f451f6-916d-5b65-a8e8-2b0e55d6a730,SKILL_350,Solving Systems of Linear Equations,math :: algebra & functions :: solving systems of linear equations,Algebra & Functions,ontology_template,learning_request
How do you calculate Solving Systems of Linear Equations?,09f451f6-916d-5b65-a8e8-2b0e55d6a730,SKILL_350,Solving Systems of Linear Equations,math :: algebra & functions :: solving systems of linear equations,Algebra & Functions,ontology_template,calculation_question
Solving Systems of Linear Equations,09f451f6-916d-5b65-a8e8-2b0e55d6a730,SKILL_350,Solving Systems of Linear Equations,math :: algebra & functions :: solving systems of linear equations,Algebra & Functions,ontology_template,direct_mention
I need help with Systems of Linear Equations,09f451f6-916d-5b65-a8e8-2b0e55d6a730,SKILL_350,Solving Systems of Linear Equations,math :: algebra & functions :: solving systems of linear equations,Algebra & Functions,ontology_template,help_request
Can you explain Systems of Linear Equations?,09f451f6-916d-5b65-a8e8-2b0e55d6a730,SKILL_350,Solving Systems of Linear Equations,math :: algebra & functions :: solving systems of linear equations,Algebra & Functions,ontology_template,explanation_request
How do I solve problems about Systems of Linear Equations?,09f451f6-916d-5b65-a8e8-2b0e55d6a730,SKILL_350,Solving Systems of Linear Equations,math :: algebra & functions :: solving systems of linear equations,Algebra & Functions,ontology_template,problem_solving
I don't understand Systems of Linear Equations,09f451f6-916d-5b65-a8e8-2b0e55d6a730,SKILL_350,Solving Systems of Linear Equations,math :: algebra & functions :: solving systems of linear equations,Algebra & Functions,ontology_template,misunderstanding_statement
Show me how Systems of Linear Equations works,09f451f6-916d-5b65-a8e8-2b0e55d6a730,SKILL_350,Solving Systems of Linear Equations,math :: algebra & functions :: solving systems of linear equations,Algebra & Functions,ontology_template,instruction_request
I need to practice Systems of Linear Equations,09f451f6-916d-5b65-a8e8-2b0e55d6a730,SKILL_350,Solving Systems of Linear Equations,math :: algebra & functions :: solving systems of linear equations,Algebra & Functions,ontology_template,practice_request
Can you help me learn Systems of Linear Equations?,09f451f6-916d-5b65-a8e8-2b0e55d6a730,SKILL_350,Solving Systems of Linear Equations,math :: algebra & functions :: solving systems of linear equations,Algebra & Functions,ontology_template,learning_request
What does Systems of Linear Equations mean?,09f451f6-916d-5b65-a8e8-2b0e55d6a730,SKILL_350,Solving Systems of Linear Equations,math :: algebra & functions :: solving systems of linear equations,Algebra & Functions,ontology_template,definition_request
Give me an example of Systems of Linear Equations,09f451f6-916d-5b65-a8e8-2b0e55d6a730,SKILL_350,Solving Systems of Linear Equations,math :: algebra & functions :: solving systems of linear equations,Algebra & Functions,ontology_template,example_request
How does Systems of Linear Equations work in math?,09f451f6-916d-5b65-a8e8-2b0e55d6a730,SKILL_350,Solving Systems of Linear Equations,math :: algebra & functions :: solving systems of linear equations,Algebra & Functions,ontology_template,concept_question
I am having trouble with Systems of Linear Equations,09f451f6-916d-5b65-a8e8-2b0e55d6a730,SKILL_350,Solving Systems of Linear Equations,math :: algebra & functions :: solving systems of linear equations,Algebra & Functions,ontology_template,struggle_statement
Can we review Systems of Linear Equations together?,09f451f6-916d-5b65-a8e8-2b0e55d6a730,SKILL_350,Solving Systems of Linear Equations,math :: algebra & functions :: solving systems of linear equations,Algebra & Functions,ontology_template,review_request
Explain the concept of Systems of Linear Equations,09f451f6-916d-5b65-a8e8-2b0e55d6a730,SKILL_350,Solving Systems of Linear Equations,math :: algebra & functions :: solving systems of linear equations,Algebra & Functions,ontology_template,explanation_request
What is the rule for Systems of Linear Equations?,09f451f6-916d-5b65-a8e8-2b0e55d6a730,SKILL_350,Solving Systems of Linear Equations,math :: algebra & functions :: solving systems of linear equations,Algebra & Functions,ontology_template,rule_question
Help me understand Systems of Linear Equations,09f451f6-916d-5b65-a8e8-2b0e55d6a730,SKILL_350,Solving Systems of Linear Equations,math :: algebra & functions :: solving systems of linear equations,Algebra & Functions,ontology_template,help_request
Teach me about Systems of Linear Equations,09f451f6-916d-5b65-a8e8-2b0e55d6a730,SKILL_350,Solving Systems of Linear Equations,math :: algebra & functions :: solving systems of linear equations,Algebra & Functions,ontology_template,learning_request
How do you calculate Systems of Linear Equations?,09f451f6-916d-5b65-a8e8-2b0e55d6a730,SKILL_350,Solving Systems of Linear Equations,math :: algebra & functions :: solving systems of linear equations,Algebra & Functions,ontology_template,calculation_question
Systems of Linear Equations,09f451f6-916d-5b65-a8e8-2b0e55d6a730,SKILL_350,Solving Systems of Linear Equations,math :: algebra & functions :: solving systems of linear equations,Algebra & Functions,ontology_template,direct_mention
I need help with Quadratic Formula to Solve Quadratic Equation,c008f838-3d93-5853-9349-09de62f72129,SKILL_356,Quadratic Formula to Solve Quadratic Equation,math :: algebra & functions :: quadratic formula to solve quadratic equation,Algebra & Functions,ontology_template,help_request
Can you explain Quadratic Formula to Solve Quadratic Equation?,c008f838-3d93-5853-9349-09de62f72129,SKILL_356,Quadratic Formula to Solve Quadratic Equation,math :: algebra & functions :: quadratic formula to solve quadratic equation,Algebra & Functions,ontology_template,explanation_request
How do I solve problems about Quadratic Formula to Solve Quadratic Equation?,c008f838-3d93-5853-9349-09de62f72129,SKILL_356,Quadratic Formula to Solve Quadratic Equation,math :: algebra & functions :: quadratic formula to solve quadratic equation,Algebra & Functions,ontology_template,problem_solving
I don't understand Quadratic Formula to Solve Quadratic Equation,c008f838-3d93-5853-9349-09de62f72129,SKILL_356,Quadratic Formula to Solve Quadratic Equation,math :: algebra & functions :: quadratic formula to solve quadratic equation,Algebra & Functions,ontology_template,misunderstanding_statement
Show me how Quadratic Formula to Solve Quadratic Equation works,c008f838-3d93-5853-9349-09de62f72129,SKILL_356,Quadratic Formula to Solve Quadratic Equation,math :: algebra & functions :: quadratic formula to solve quadratic equation,Algebra & Functions,ontology_template,instruction_request
I need to practice Quadratic Formula to Solve Quadratic Equation,c008f838-3d93-5853-9349-09de62f72129,SKILL_356,Quadratic Formula to Solve Quadratic Equation,math :: algebra & functions :: quadratic formula to solve quadratic equation,Algebra & Functions,ontology_template,practice_request
Can you help me learn Quadratic Formula to Solve Quadratic Equation?,c008f838-3d93-5853-9349-09de62f72129,SKILL_356,Quadratic Formula to Solve Quadratic Equation,math :: algebra & functions :: quadratic formula to solve quadratic equation,Algebra & Functions,ontology_template,learning_request
What does Quadratic Formula to Solve Quadratic Equation mean?,c008f838-3d93-5853-9349-09de62f72129,SKILL_356,Quadratic Formula to Solve Quadratic Equation,math :: algebra & functions :: quadratic formula to solve quadratic equation,Algebra & Functions,ontology_template,definition_request
Give me an example of Quadratic Formula to Solve Quadratic Equation,c008f838-3d93-5853-9349-09de62f72129,SKILL_356,Quadratic Formula to Solve Quadratic Equation,math :: algebra & functions :: quadratic formula to solve quadratic equation,Algebra & Functions,ontology_template,example_request
How does Quadratic Formula to Solve Quadratic Equation work in math?,c008f838-3d93-5853-9349-09de62f72129,SKILL_356,Quadratic Formula to Solve Quadratic Equation,math :: algebra & functions :: quadratic formula to solve quadratic equation,Algebra & Functions,ontology_template,concept_question
I am having trouble with Quadratic Formula to Solve Quadratic Equation,c008f838-3d93-5853-9349-09de62f72129,SKILL_356,Quadratic Formula to Solve Quadratic Equation,math :: algebra & functions :: quadratic formula to solve quadratic equation,Algebra & Functions,ontology_template,struggle_statement
Can we review Quadratic Formula to Solve Quadratic Equation together?,c008f838-3d93-5853-9349-09de62f72129,SKILL_356,Quadratic Formula to Solve Quadratic Equation,math :: algebra & functions :: quadratic formula to solve quadratic equation,Algebra & Functions,ontology_template,review_request
Explain the concept of Quadratic Formula to Solve Quadratic Equation,c008f838-3d93-5853-9349-09de62f72129,SKILL_356,Quadratic Formula to Solve Quadratic Equation,math :: algebra & functions :: quadratic formula to solve quadratic equation,Algebra & Functions,ontology_template,explanation_request
What is the rule for Quadratic Formula to Solve Quadratic Equation?,c008f838-3d93-5853-9349-09de62f72129,SKILL_356,Quadratic Formula to Solve Quadratic Equation,math :: algebra & functions :: quadratic formula to solve quadratic equation,Algebra & Functions,ontology_template,rule_question
Help me understand Quadratic Formula to Solve Quadratic Equation,c008f838-3d93-5853-9349-09de62f72129,SKILL_356,Quadratic Formula to Solve Quadratic Equation,math :: algebra & functions :: quadratic formula to solve quadratic equation,Algebra & Functions,ontology_template,help_request
Teach me about Quadratic Formula to Solve Quadratic Equation,c008f838-3d93-5853-9349-09de62f72129,SKILL_356,Quadratic Formula to Solve Quadratic Equation,math :: algebra & functions :: quadratic formula to solve quadratic equation,Algebra & Functions,ontology_template,learning_request
How do you calculate Quadratic Formula to Solve Quadratic Equation?,c008f838-3d93-5853-9349-09de62f72129,SKILL_356,Quadratic Formula to Solve Quadratic Equation,math :: algebra & functions :: quadratic formula to solve quadratic equation,Algebra & Functions,ontology_template,calculation_question
Quadratic Formula to Solve Quadratic Equation,c008f838-3d93-5853-9349-09de62f72129,SKILL_356,Quadratic Formula to Solve Quadratic Equation,math :: algebra & functions :: quadratic formula to solve quadratic equation,Algebra & Functions,ontology_template,direct_mention
"I need help with Parts of a Polyomial, Terms, Coefficient, Monomial, Exponent, Variable",9b7ebe29-8946-5f15-ac38-2895c87ba342,SKILL_362,"Parts of a Polyomial, Terms, Coefficient, Monomial, Exponent, Variable","math :: algebra & functions :: parts of a polyomial, terms, coefficient, monomial, exponent, variable",Algebra & Functions,ontology_template,help_request
"Can you explain Parts of a Polyomial, Terms, Coefficient, Monomial, Exponent, Variable?",9b7ebe29-8946-5f15-ac38-2895c87ba342,SKILL_362,"Parts of a Polyomial, Terms, Coefficient, Monomial, Exponent, Variable","math :: algebra & functions :: parts of a polyomial, terms, coefficient, monomial, exponent, variable",Algebra & Functions,ontology_template,explanation_request
"How do I solve problems about Parts of a Polyomial, Terms, Coefficient, Monomial, Exponent, Variable?",9b7ebe29-8946-5f15-ac38-2895c87ba342,SKILL_362,"Parts of a Polyomial, Terms, Coefficient, Monomial, Exponent, Variable","math :: algebra & functions :: parts of a polyomial, terms, coefficient, monomial, exponent, variable",Algebra & Functions,ontology_template,problem_solving
"I don't understand Parts of a Polyomial, Terms, Coefficient, Monomial, Exponent, Variable",9b7ebe29-8946-5f15-ac38-2895c87ba342,SKILL_362,"Parts of a Polyomial, Terms, Coefficient, Monomial, Exponent, Variable","math :: algebra & functions :: parts of a polyomial, terms, coefficient, monomial, exponent, variable",Algebra & Functions,ontology_template,misunderstanding_statement
"Show me how Parts of a Polyomial, Terms, Coefficient, Monomial, Exponent, Variable works",9b7ebe29-8946-5f15-ac38-2895c87ba342,SKILL_362,"Parts of a Polyomial, Terms, Coefficient, Monomial, Exponent, Variable","math :: algebra & functions :: parts of a polyomial, terms, coefficient, monomial, exponent, variable",Algebra & Functions,ontology_template,instruction_request
"I need to practice Parts of a Polyomial, Terms, Coefficient, Monomial, Exponent, Variable",9b7ebe29-8946-5f15-ac38-2895c87ba342,SKILL_362,"Parts of a Polyomial, Terms, Coefficient, Monomial, Exponent, Variable","math :: algebra & functions :: parts of a polyomial, terms, coefficient, monomial, exponent, variable",Algebra & Functions,ontology_template,practice_request
"Can you help me learn Parts of a Polyomial, Terms, Coefficient, Monomial, Exponent, Variable?",9b7ebe29-8946-5f15-ac38-2895c87ba342,SKILL_362,"Parts of a Polyomial, Terms, Coefficient, Monomial, Exponent, Variable","math :: algebra & functions :: parts of a polyomial, terms, coefficient, monomial, exponent, variable",Algebra & Functions,ontology_template,learning_request
"What does Parts of a Polyomial, Terms, Coefficient, Monomial, Exponent, Variable mean?",9b7ebe29-8946-5f15-ac38-2895c87ba342,SKILL_362,"Parts of a Polyomial, Terms, Coefficient, Monomial, Exponent, Variable","math :: algebra & functions :: parts of a polyomial, terms, coefficient, monomial, exponent, variable",Algebra & Functions,ontology_template,definition_request
"Give me an example of Parts of a Polyomial, Terms, Coefficient, Monomial, Exponent, Variable",9b7ebe29-8946-5f15-ac38-2895c87ba342,SKILL_362,"Parts of a Polyomial, Terms, Coefficient, Monomial, Exponent, Variable","math :: algebra & functions :: parts of a polyomial, terms, coefficient, monomial, exponent, variable",Algebra & Functions,ontology_template,example_request
"How does Parts of a Polyomial, Terms, Coefficient, Monomial, Exponent, Variable work in math?",9b7ebe29-8946-5f15-ac38-2895c87ba342,SKILL_362,"Parts of a Polyomial, Terms, Coefficient, Monomial, Exponent, Variable","math :: algebra & functions :: parts of a polyomial, terms, coefficient, monomial, exponent, variable",Algebra & Functions,ontology_template,concept_question
"I am having trouble with Parts of a Polyomial, Terms, Coefficient, Monomial, Exponent, Variable",9b7ebe29-8946-5f15-ac38-2895c87ba342,SKILL_362,"Parts of a Polyomial, Terms, Coefficient, Monomial, Exponent, Variable","math :: algebra & functions :: parts of a polyomial, terms, coefficient, monomial, exponent, variable",Algebra & Functions,ontology_template,struggle_statement
"Can we review Parts of a Polyomial, Terms, Coefficient, Monomial, Exponent, Variable together?",9b7ebe29-8946-5f15-ac38-2895c87ba342,SKILL_362,"Parts of a Polyomial, Terms, Coefficient, Monomial, Exponent, Variable","math :: algebra & functions :: parts of a polyomial, terms, coefficient, monomial, exponent, variable",Algebra & Functions,ontology_template,review_request
"Explain the concept of Parts of a Polyomial, Terms, Coefficient, Monomial, Exponent, Variable",9b7ebe29-8946-5f15-ac38-2895c87ba342,SKILL_362,"Parts of a Polyomial, Terms, Coefficient, Monomial, Exponent, Variable","math :: algebra & functions :: parts of a polyomial, terms, coefficient, monomial, exponent, variable",Algebra & Functions,ontology_template,explanation_request
"What is the rule for Parts of a Polyomial, Terms, Coefficient, Monomial, Exponent, Variable?",9b7ebe29-8946-5f15-ac38-2895c87ba342,SKILL_362,"Parts of a Polyomial, Terms, Coefficient, Monomial, Exponent, Variable","math :: algebra & functions :: parts of a polyomial, terms, coefficient, monomial, exponent, variable",Algebra & Functions,ontology_template,rule_question
"Help me understand Parts of a Polyomial, Terms, Coefficient, Monomial, Exponent, Variable",9b7ebe29-8946-5f15-ac38-2895c87ba342,SKILL_362,"Parts of a Polyomial, Terms, Coefficient, Monomial, Exponent, Variable","math :: algebra & functions :: parts of a polyomial, terms, coefficient, monomial, exponent, variable",Algebra & Functions,ontology_template,help_request
"Teach me about Parts of a Polyomial, Terms, Coefficient, Monomial, Exponent, Variable",9b7ebe29-8946-5f15-ac38-2895c87ba342,SKILL_362,"Parts of a Polyomial, Terms, Coefficient, Monomial, Exponent, Variable","math :: algebra & functions :: parts of a polyomial, terms, coefficient, monomial, exponent, variable",Algebra & Functions,ontology_template,learning_request
"How do you calculate Parts of a Polyomial, Terms, Coefficient, Monomial, Exponent, Variable?",9b7ebe29-8946-5f15-ac38-2895c87ba342,SKILL_362,"Parts of a Polyomial, Terms, Coefficient, Monomial, Exponent, Variable","math :: algebra & functions :: parts of a polyomial, terms, coefficient, monomial, exponent, variable",Algebra & Functions,ontology_template,calculation_question
"Parts of a Polyomial, Terms, Coefficient, Monomial, Exponent, Variable",9b7ebe29-8946-5f15-ac38-2895c87ba342,SKILL_362,"Parts of a Polyomial, Terms, Coefficient, Monomial, Exponent, Variable","math :: algebra & functions :: parts of a polyomial, terms, coefficient, monomial, exponent, variable",Algebra & Functions,ontology_template,direct_mention
I need help with Interpreting Coordinate Graphs,e7698543-53df-510a-bc1e-bef5f794f63c,SKILL_365,Interpreting Coordinate Graphs,math :: statistics & probability :: interpreting coordinate graphs,Statistics & Probability,ontology_template,help_request
Can you explain Interpreting Coordinate Graphs?,e7698543-53df-510a-bc1e-bef5f794f63c,SKILL_365,Interpreting Coordinate Graphs,math :: statistics & probability :: interpreting coordinate graphs,Statistics & Probability,ontology_template,explanation_request
How do I solve problems about Interpreting Coordinate Graphs?,e7698543-53df-510a-bc1e-bef5f794f63c,SKILL_365,Interpreting Coordinate Graphs,math :: statistics & probability :: interpreting coordinate graphs,Statistics & Probability,ontology_template,problem_solving
I don't understand Interpreting Coordinate Graphs,e7698543-53df-510a-bc1e-bef5f794f63c,SKILL_365,Interpreting Coordinate Graphs,math :: statistics & probability :: interpreting coordinate graphs,Statistics & Probability,ontology_template,misunderstanding_statement
Show me how Interpreting Coordinate Graphs works,e7698543-53df-510a-bc1e-bef5f794f63c,SKILL_365,Interpreting Coordinate Graphs,math :: statistics & probability :: interpreting coordinate graphs,Statistics & Probability,ontology_template,instruction_request
I need to practice Interpreting Coordinate Graphs,e7698543-53df-510a-bc1e-bef5f794f63c,SKILL_365,Interpreting Coordinate Graphs,math :: statistics & probability :: interpreting coordinate graphs,Statistics & Probability,ontology_template,practice_request
Can you help me learn Interpreting Coordinate Graphs?,e7698543-53df-510a-bc1e-bef5f794f63c,SKILL_365,Interpreting Coordinate Graphs,math :: statistics & probability :: interpreting coordinate graphs,Statistics & Probability,ontology_template,learning_request
What does Interpreting Coordinate Graphs mean?,e7698543-53df-510a-bc1e-bef5f794f63c,SKILL_365,Interpreting Coordinate Graphs,math :: statistics & probability :: interpreting coordinate graphs,Statistics & Probability,ontology_template,definition_request
Give me an example of Interpreting Coordinate Graphs,e7698543-53df-510a-bc1e-bef5f794f63c,SKILL_365,Interpreting Coordinate Graphs,math :: statistics & probability :: interpreting coordinate graphs,Statistics & Probability,ontology_template,example_request
How does Interpreting Coordinate Graphs work in math?,e7698543-53df-510a-bc1e-bef5f794f63c,SKILL_365,Interpreting Coordinate Graphs,math :: statistics & probability :: interpreting coordinate graphs,Statistics & Probability,ontology_template,concept_question
I am having trouble with Interpreting Coordinate Graphs,e7698543-53df-510a-bc1e-bef5f794f63c,SKILL_365,Interpreting Coordinate Graphs,math :: statistics & probability :: interpreting coordinate graphs,Statistics & Probability,ontology_template,struggle_statement
Can we review Interpreting Coordinate Graphs together?,e7698543-53df-510a-bc1e-bef5f794f63c,SKILL_365,Interpreting Coordinate Graphs,math :: statistics & probability :: interpreting coordinate graphs,Statistics & Probability,ontology_template,review_request
Explain the concept of Interpreting Coordinate Graphs,e7698543-53df-510a-bc1e-bef5f794f63c,SKILL_365,Interpreting Coordinate Graphs,math :: statistics & probability :: interpreting coordinate graphs,Statistics & Probability,ontology_template,explanation_request
What is the rule for Interpreting Coordinate Graphs?,e7698543-53df-510a-bc1e-bef5f794f63c,SKILL_365,Interpreting Coordinate Graphs,math :: statistics & probability :: interpreting coordinate graphs,Statistics & Probability,ontology_template,rule_question
Help me understand Interpreting Coordinate Graphs,e7698543-53df-510a-bc1e-bef5f794f63c,SKILL_365,Interpreting Coordinate Graphs,math :: statistics & probability :: interpreting coordinate graphs,Statistics & Probability,ontology_template,help_request
Teach me about Interpreting Coordinate Graphs,e7698543-53df-510a-bc1e-bef5f794f63c,SKILL_365,Interpreting Coordinate Graphs,math :: statistics & probability :: interpreting coordinate graphs,Statistics & Probability,ontology_template,learning_request
How do you calculate Interpreting Coordinate Graphs?,e7698543-53df-510a-bc1e-bef5f794f63c,SKILL_365,Interpreting Coordinate Graphs,math :: statistics & probability :: interpreting coordinate graphs,Statistics & Probability,ontology_template,calculation_question
Interpreting Coordinate Graphs,e7698543-53df-510a-bc1e-bef5f794f63c,SKILL_365,Interpreting Coordinate Graphs,math :: statistics & probability :: interpreting coordinate graphs,Statistics & Probability,ontology_template,direct_mention
I need help with Solving for a variable,783053f4-d788-5470-9507-771528a1d398,SKILL_368,Solving for a variable,math :: algebra & functions :: solving for a variable,Algebra & Functions,ontology_template,help_request
Can you explain Solving for a variable?,783053f4-d788-5470-9507-771528a1d398,SKILL_368,Solving for a variable,math :: algebra & functions :: solving for a variable,Algebra & Functions,ontology_template,explanation_request
How do I solve problems about Solving for a variable?,783053f4-d788-5470-9507-771528a1d398,SKILL_368,Solving for a variable,math :: algebra & functions :: solving for a variable,Algebra & Functions,ontology_template,problem_solving
I don't understand Solving for a variable,783053f4-d788-5470-9507-771528a1d398,SKILL_368,Solving for a variable,math :: algebra & functions :: solving for a variable,Algebra & Functions,ontology_template,misunderstanding_statement
Show me how Solving for a variable works,783053f4-d788-5470-9507-771528a1d398,SKILL_368,Solving for a variable,math :: algebra & functions :: solving for a variable,Algebra & Functions,ontology_template,instruction_request
I need to practice Solving for a variable,783053f4-d788-5470-9507-771528a1d398,SKILL_368,Solving for a variable,math :: algebra & functions :: solving for a variable,Algebra & Functions,ontology_template,practice_request
Can you help me learn Solving for a variable?,783053f4-d788-5470-9507-771528a1d398,SKILL_368,Solving for a variable,math :: algebra & functions :: solving for a variable,Algebra & Functions,ontology_template,learning_request
What does Solving for a variable mean?,783053f4-d788-5470-9507-771528a1d398,SKILL_368,Solving for a variable,math :: algebra & functions :: solving for a variable,Algebra & Functions,ontology_template,definition_request
Give me an example of Solving for a variable,783053f4-d788-5470-9507-771528a1d398,SKILL_368,Solving for a variable,math :: algebra & functions :: solving for a variable,Algebra & Functions,ontology_template,example_request
How does Solving for a variable work in math?,783053f4-d788-5470-9507-771528a1d398,SKILL_368,Solving for a variable,math :: algebra & functions :: solving for a variable,Algebra & Functions,ontology_template,concept_question
I am having trouble with Solving for a variable,783053f4-d788-5470-9507-771528a1d398,SKILL_368,Solving for a variable,math :: algebra & functions :: solving for a variable,Algebra & Functions,ontology_template,struggle_statement
Can we review Solving for a variable together?,783053f4-d788-5470-9507-771528a1d398,SKILL_368,Solving for a variable,math :: algebra & functions :: solving for a variable,Algebra & Functions,ontology_template,review_request
Explain the concept of Solving for a variable,783053f4-d788-5470-9507-771528a1d398,SKILL_368,Solving for a variable,math :: algebra & functions :: solving for a variable,Algebra & Functions,ontology_template,explanation_request
What is the rule for Solving for a variable?,783053f4-d788-5470-9507-771528a1d398,SKILL_368,Solving for a variable,math :: algebra & functions :: solving for a variable,Algebra & Functions,ontology_template,rule_question
Help me understand Solving for a variable,783053f4-d788-5470-9507-771528a1d398,SKILL_368,Solving for a variable,math :: algebra & functions :: solving for a variable,Algebra & Functions,ontology_template,help_request
Teach me about Solving for a variable,783053f4-d788-5470-9507-771528a1d398,SKILL_368,Solving for a variable,math :: algebra & functions :: solving for a variable,Algebra & Functions,ontology_template,learning_request
How do you calculate Solving for a variable?,783053f4-d788-5470-9507-771528a1d398,SKILL_368,Solving for a variable,math :: algebra & functions :: solving for a variable,Algebra & Functions,ontology_template,calculation_question
Solving for a variable,783053f4-d788-5470-9507-771528a1d398,SKILL_368,Solving for a variable,math :: algebra & functions :: solving for a variable,Algebra & Functions,ontology_template,direct_mention
I need help with Simplifying Expressions positive exponents,97272204-3e10-5fa1-9115-d2e9e3aae3b7,SKILL_371,Simplifying Expressions positive exponents,math :: algebra & functions :: simplifying expressions positive exponents,Algebra & Functions,ontology_template,help_request
Can you explain Simplifying Expressions positive exponents?,97272204-3e10-5fa1-9115-d2e9e3aae3b7,SKILL_371,Simplifying Expressions positive exponents,math :: algebra & functions :: simplifying expressions positive exponents,Algebra & Functions,ontology_template,explanation_request
How do I solve problems about Simplifying Expressions positive exponents?,97272204-3e10-5fa1-9115-d2e9e3aae3b7,SKILL_371,Simplifying Expressions positive exponents,math :: algebra & functions :: simplifying expressions positive exponents,Algebra & Functions,ontology_template,problem_solving
I don't understand Simplifying Expressions positive exponents,97272204-3e10-5fa1-9115-d2e9e3aae3b7,SKILL_371,Simplifying Expressions positive exponents,math :: algebra & functions :: simplifying expressions positive exponents,Algebra & Functions,ontology_template,misunderstanding_statement
Show me how Simplifying Expressions positive exponents works,97272204-3e10-5fa1-9115-d2e9e3aae3b7,SKILL_371,Simplifying Expressions positive exponents,math :: algebra & functions :: simplifying expressions positive exponents,Algebra & Functions,ontology_template,instruction_request
I need to practice Simplifying Expressions positive exponents,97272204-3e10-5fa1-9115-d2e9e3aae3b7,SKILL_371,Simplifying Expressions positive exponents,math :: algebra & functions :: simplifying expressions positive exponents,Algebra & Functions,ontology_template,practice_request
Can you help me learn Simplifying Expressions positive exponents?,97272204-3e10-5fa1-9115-d2e9e3aae3b7,SKILL_371,Simplifying Expressions positive exponents,math :: algebra & functions :: simplifying expressions positive exponents,Algebra & Functions,ontology_template,learning_request
What does Simplifying Expressions positive exponents mean?,97272204-3e10-5fa1-9115-d2e9e3aae3b7,SKILL_371,Simplifying Expressions positive exponents,math :: algebra & functions :: simplifying expressions positive exponents,Algebra & Functions,ontology_template,definition_request
Give me an example of Simplifying Expressions positive exponents,97272204-3e10-5fa1-9115-d2e9e3aae3b7,SKILL_371,Simplifying Expressions positive exponents,math :: algebra & functions :: simplifying expressions positive exponents,Algebra & Functions,ontology_template,example_request
How does Simplifying Expressions positive exponents work in math?,97272204-3e10-5fa1-9115-d2e9e3aae3b7,SKILL_371,Simplifying Expressions positive exponents,math :: algebra & functions :: simplifying expressions positive exponents,Algebra & Functions,ontology_template,concept_question
I am having trouble with Simplifying Expressions positive exponents,97272204-3e10-5fa1-9115-d2e9e3aae3b7,SKILL_371,Simplifying Expressions positive exponents,math :: algebra & functions :: simplifying expressions positive exponents,Algebra & Functions,ontology_template,struggle_statement
Can we review Simplifying Expressions positive exponents together?,97272204-3e10-5fa1-9115-d2e9e3aae3b7,SKILL_371,Simplifying Expressions positive exponents,math :: algebra & functions :: simplifying expressions positive exponents,Algebra & Functions,ontology_template,review_request
Explain the concept of Simplifying Expressions positive exponents,97272204-3e10-5fa1-9115-d2e9e3aae3b7,SKILL_371,Simplifying Expressions positive exponents,math :: algebra & functions :: simplifying expressions positive exponents,Algebra & Functions,ontology_template,explanation_request
What is the rule for Simplifying Expressions positive exponents?,97272204-3e10-5fa1-9115-d2e9e3aae3b7,SKILL_371,Simplifying Expressions positive exponents,math :: algebra & functions :: simplifying expressions positive exponents,Algebra & Functions,ontology_template,rule_question
Help me understand Simplifying Expressions positive exponents,97272204-3e10-5fa1-9115-d2e9e3aae3b7,SKILL_371,Simplifying Expressions positive exponents,math :: algebra & functions :: simplifying expressions positive exponents,Algebra & Functions,ontology_template,help_request
Teach me about Simplifying Expressions positive exponents,97272204-3e10-5fa1-9115-d2e9e3aae3b7,SKILL_371,Simplifying Expressions positive exponents,math :: algebra & functions :: simplifying expressions positive exponents,Algebra & Functions,ontology_template,learning_request
How do you calculate Simplifying Expressions positive exponents?,97272204-3e10-5fa1-9115-d2e9e3aae3b7,SKILL_371,Simplifying Expressions positive exponents,math :: algebra & functions :: simplifying expressions positive exponents,Algebra & Functions,ontology_template,calculation_question
Simplifying Expressions positive exponents,97272204-3e10-5fa1-9115-d2e9e3aae3b7,SKILL_371,Simplifying Expressions positive exponents,math :: algebra & functions :: simplifying expressions positive exponents,Algebra & Functions,ontology_template,direct_mention
I need help with Solving Inequalities,2fc3c631-f6dd-5304-9d7c-a0f4a0e2f0b2,SKILL_375,Solving Inequalities,math :: algebra & functions :: solving inequalities,Algebra & Functions,ontology_template,help_request
Can you explain Solving Inequalities?,2fc3c631-f6dd-5304-9d7c-a0f4a0e2f0b2,SKILL_375,Solving Inequalities,math :: algebra & functions :: solving inequalities,Algebra & Functions,ontology_template,explanation_request
How do I solve problems about Solving Inequalities?,2fc3c631-f6dd-5304-9d7c-a0f4a0e2f0b2,SKILL_375,Solving Inequalities,math :: algebra & functions :: solving inequalities,Algebra & Functions,ontology_template,problem_solving
I don't understand Solving Inequalities,2fc3c631-f6dd-5304-9d7c-a0f4a0e2f0b2,SKILL_375,Solving Inequalities,math :: algebra & functions :: solving inequalities,Algebra & Functions,ontology_template,misunderstanding_statement
Show me how Solving Inequalities works,2fc3c631-f6dd-5304-9d7c-a0f4a0e2f0b2,SKILL_375,Solving Inequalities,math :: algebra & functions :: solving inequalities,Algebra & Functions,ontology_template,instruction_request
I need to practice Solving Inequalities,2fc3c631-f6dd-5304-9d7c-a0f4a0e2f0b2,SKILL_375,Solving Inequalities,math :: algebra & functions :: solving inequalities,Algebra & Functions,ontology_template,practice_request
Can you help me learn Solving Inequalities?,2fc3c631-f6dd-5304-9d7c-a0f4a0e2f0b2,SKILL_375,Solving Inequalities,math :: algebra & functions :: solving inequalities,Algebra & Functions,ontology_template,learning_request
What does Solving Inequalities mean?,2fc3c631-f6dd-5304-9d7c-a0f4a0e2f0b2,SKILL_375,Solving Inequalities,math :: algebra & functions :: solving inequalities,Algebra & Functions,ontology_template,definition_request
Give me an example of Solving Inequalities,2fc3c631-f6dd-5304-9d7c-a0f4a0e2f0b2,SKILL_375,Solving Inequalities,math :: algebra & functions :: solving inequalities,Algebra & Functions,ontology_template,example_request
How does Solving Inequalities work in math?,2fc3c631-f6dd-5304-9d7c-a0f4a0e2f0b2,SKILL_375,Solving Inequalities,math :: algebra & functions :: solving inequalities,Algebra & Functions,ontology_template,concept_question
I am having trouble with Solving Inequalities,2fc3c631-f6dd-5304-9d7c-a0f4a0e2f0b2,SKILL_375,Solving Inequalities,math :: algebra & functions :: solving inequalities,Algebra & Functions,ontology_template,struggle_statement
Can we review Solving Inequalities together?,2fc3c631-f6dd-5304-9d7c-a0f4a0e2f0b2,SKILL_375,Solving Inequalities,math :: algebra & functions :: solving inequalities,Algebra & Functions,ontology_template,review_request
Explain the concept of Solving Inequalities,2fc3c631-f6dd-5304-9d7c-a0f4a0e2f0b2,SKILL_375,Solving Inequalities,math :: algebra & functions :: solving inequalities,Algebra & Functions,ontology_template,explanation_request
What is the rule for Solving Inequalities?,2fc3c631-f6dd-5304-9d7c-a0f4a0e2f0b2,SKILL_375,Solving Inequalities,math :: algebra & functions :: solving inequalities,Algebra & Functions,ontology_template,rule_question
Help me understand Solving Inequalities,2fc3c631-f6dd-5304-9d7c-a0f4a0e2f0b2,SKILL_375,Solving Inequalities,math :: algebra & functions :: solving inequalities,Algebra & Functions,ontology_template,help_request
Teach me about Solving Inequalities,2fc3c631-f6dd-5304-9d7c-a0f4a0e2f0b2,SKILL_375,Solving Inequalities,math :: algebra & functions :: solving inequalities,Algebra & Functions,ontology_template,learning_request
How do you calculate Solving Inequalities?,2fc3c631-f6dd-5304-9d7c-a0f4a0e2f0b2,SKILL_375,Solving Inequalities,math :: algebra & functions :: solving inequalities,Algebra & Functions,ontology_template,calculation_question
Solving Inequalities,2fc3c631-f6dd-5304-9d7c-a0f4a0e2f0b2,SKILL_375,Solving Inequalities,math :: algebra & functions :: solving inequalities,Algebra & Functions,ontology_template,direct_mention
I need help with Graphing Linear Systems,5f197092-5bab-59c9-8783-4ba9cb035982,SKILL_378,Solving Systems of Linear Equations by Graphing,math :: algebra & functions :: solving systems of linear equations by graphing,Algebra & Functions,ontology_template,help_request
Can you explain Graphing Linear Systems?,5f197092-5bab-59c9-8783-4ba9cb035982,SKILL_378,Solving Systems of Linear Equations by Graphing,math :: algebra & functions :: solving systems of linear equations by graphing,Algebra & Functions,ontology_template,explanation_request
How do I solve problems about Graphing Linear Systems?,5f197092-5bab-59c9-8783-4ba9cb035982,SKILL_378,Solving Systems of Linear Equations by Graphing,math :: algebra & functions :: solving systems of linear equations by graphing,Algebra & Functions,ontology_template,problem_solving
I don't understand Graphing Linear Systems,5f197092-5bab-59c9-8783-4ba9cb035982,SKILL_378,Solving Systems of Linear Equations by Graphing,math :: algebra & functions :: solving systems of linear equations by graphing,Algebra & Functions,ontology_template,misunderstanding_statement
Show me how Graphing Linear Systems works,5f197092-5bab-59c9-8783-4ba9cb035982,SKILL_378,Solving Systems of Linear Equations by Graphing,math :: algebra & functions :: solving systems of linear equations by graphing,Algebra & Functions,ontology_template,instruction_request
I need to practice Graphing Linear Systems,5f197092-5bab-59c9-8783-4ba9cb035982,SKILL_378,Solving Systems of Linear Equations by Graphing,math :: algebra & functions :: solving systems of linear equations by graphing,Algebra & Functions,ontology_template,practice_request
Can you help me learn Graphing Linear Systems?,5f197092-5bab-59c9-8783-4ba9cb035982,SKILL_378,Solving Systems of Linear Equations by Graphing,math :: algebra & functions :: solving systems of linear equations by graphing,Algebra & Functions,ontology_template,learning_request
What does Graphing Linear Systems mean?,5f197092-5bab-59c9-8783-4ba9cb035982,SKILL_378,Solving Systems of Linear Equations by Graphing,math :: algebra & functions :: solving systems of linear equations by graphing,Algebra & Functions,ontology_template,definition_request
Give me an example of Graphing Linear Systems,5f197092-5bab-59c9-8783-4ba9cb035982,SKILL_378,Solving Systems of Linear Equations by Graphing,math :: algebra & functions :: solving systems of linear equations by graphing,Algebra & Functions,ontology_template,example_request
How does Graphing Linear Systems work in math?,5f197092-5bab-59c9-8783-4ba9cb035982,SKILL_378,Solving Systems of Linear Equations by Graphing,math :: algebra & functions :: solving systems of linear equations by graphing,Algebra & Functions,ontology_template,concept_question
I am having trouble with Graphing Linear Systems,5f197092-5bab-59c9-8783-4ba9cb035982,SKILL_378,Solving Systems of Linear Equations by Graphing,math :: algebra & functions :: solving systems of linear equations by graphing,Algebra & Functions,ontology_template,struggle_statement
Can we review Graphing Linear Systems together?,5f197092-5bab-59c9-8783-4ba9cb035982,SKILL_378,Solving Systems of Linear Equations by Graphing,math :: algebra & functions :: solving systems of linear equations by graphing,Algebra & Functions,ontology_template,review_request
Explain the concept of Graphing Linear Systems,5f197092-5bab-59c9-8783-4ba9cb035982,SKILL_378,Solving Systems of Linear Equations by Graphing,math :: algebra & functions :: solving systems of linear equations by graphing,Algebra & Functions,ontology_template,explanation_request
What is the rule for Graphing Linear Systems?,5f197092-5bab-59c9-8783-4ba9cb035982,SKILL_378,Solving Systems of Linear Equations by Graphing,math :: algebra & functions :: solving systems of linear equations by graphing,Algebra & Functions,ontology_template,rule_question
Help me understand Graphing Linear Systems,5f197092-5bab-59c9-8783-4ba9cb035982,SKILL_378,Solving Systems of Linear Equations by Graphing,math :: algebra & functions :: solving systems of linear equations by graphing,Algebra & Functions,ontology_template,help_request
Teach me about Graphing Linear Systems,5f197092-5bab-59c9-8783-4ba9cb035982,SKILL_378,Solving Systems of Linear Equations by Graphing,math :: algebra & functions :: solving systems of linear equations by graphing,Algebra & Functions,ontology_template,learning_request
How do you calculate Graphing Linear Systems?,5f197092-5bab-59c9-8783-4ba9cb035982,SKILL_378,Solving Systems of Linear Equations by Graphing,math :: algebra & functions :: solving systems of linear equations by graphing,Algebra & Functions,ontology_template,calculation_question
Graphing Linear Systems,5f197092-5bab-59c9-8783-4ba9cb035982,SKILL_378,Solving Systems of Linear Equations by Graphing,math :: algebra & functions :: solving systems of linear equations by graphing,Algebra & Functions,ontology_template,direct_mention
I need help with Solving Systems of Linear Equations by Graphing,5f197092-5bab-59c9-8783-4ba9cb035982,SKILL_378,Solving Systems of Linear Equations by Graphing,math :: algebra & functions :: solving systems of linear equations by graphing,Algebra & Functions,ontology_template,help_request
Can you explain Solving Systems of Linear Equations by Graphing?,5f197092-5bab-59c9-8783-4ba9cb035982,SKILL_378,Solving Systems of Linear Equations by Graphing,math :: algebra & functions :: solving systems of linear equations by graphing,Algebra & Functions,ontology_template,explanation_request
How do I solve problems about Solving Systems of Linear Equations by Graphing?,5f197092-5bab-59c9-8783-4ba9cb035982,SKILL_378,Solving Systems of Linear Equations by Graphing,math :: algebra & functions :: solving systems of linear equations by graphing,Algebra & Functions,ontology_template,problem_solving
I don't understand Solving Systems of Linear Equations by Graphing,5f197092-5bab-59c9-8783-4ba9cb035982,SKILL_378,Solving Systems of Linear Equations by Graphing,math :: algebra & functions :: solving systems of linear equations by graphing,Algebra & Functions,ontology_template,misunderstanding_statement
Show me how Solving Systems of Linear Equations by Graphing works,5f197092-5bab-59c9-8783-4ba9cb035982,SKILL_378,Solving Systems of Linear Equations by Graphing,math :: algebra & functions :: solving systems of linear equations by graphing,Algebra & Functions,ontology_template,instruction_request
I need to practice Solving Systems of Linear Equations by Graphing,5f197092-5bab-59c9-8783-4ba9cb035982,SKILL_378,Solving Systems of Linear Equations by Graphing,math :: algebra & functions :: solving systems of linear equations by graphing,Algebra & Functions,ontology_template,practice_request
Can you help me learn Solving Systems of Linear Equations by Graphing?,5f197092-5bab-59c9-8783-4ba9cb035982,SKILL_378,Solving Systems of Linear Equations by Graphing,math :: algebra & functions :: solving systems of linear equations by graphing,Algebra & Functions,ontology_template,learning_request
What does Solving Systems of Linear Equations by Graphing mean?,5f197092-5bab-59c9-8783-4ba9cb035982,SKILL_378,Solving Systems of Linear Equations by Graphing,math :: algebra & functions :: solving systems of linear equations by graphing,Algebra & Functions,ontology_template,definition_request
Give me an example of Solving Systems of Linear Equations by Graphing,5f197092-5bab-59c9-8783-4ba9cb035982,SKILL_378,Solving Systems of Linear Equations by Graphing,math :: algebra & functions :: solving systems of linear equations by graphing,Algebra & Functions,ontology_template,example_request
How does Solving Systems of Linear Equations by Graphing work in math?,5f197092-5bab-59c9-8783-4ba9cb035982,SKILL_378,Solving Systems of Linear Equations by Graphing,math :: algebra & functions :: solving systems of linear equations by graphing,Algebra & Functions,ontology_template,concept_question
I am having trouble with Solving Systems of Linear Equations by Graphing,5f197092-5bab-59c9-8783-4ba9cb035982,SKILL_378,Solving Systems of Linear Equations by Graphing,math :: algebra & functions :: solving systems of linear equations by graphing,Algebra & Functions,ontology_template,struggle_statement
Can we review Solving Systems of Linear Equations by Graphing together?,5f197092-5bab-59c9-8783-4ba9cb035982,SKILL_378,Solving Systems of Linear Equations by Graphing,math :: algebra & functions :: solving systems of linear equations by graphing,Algebra & Functions,ontology_template,review_request
Explain the concept of Solving Systems of Linear Equations by Graphing,5f197092-5bab-59c9-8783-4ba9cb035982,SKILL_378,Solving Systems of Linear Equations by Graphing,math :: algebra & functions :: solving systems of linear equations by graphing,Algebra & Functions,ontology_template,explanation_request
What is the rule for Solving Systems of Linear Equations by Graphing?,5f197092-5bab-59c9-8783-4ba9cb035982,SKILL_378,Solving Systems of Linear Equations by Graphing,math :: algebra & functions :: solving systems of linear equations by graphing,Algebra & Functions,ontology_template,rule_question
Help me understand Solving Systems of Linear Equations by Graphing,5f197092-5bab-59c9-8783-4ba9cb035982,SKILL_378,Solving Systems of Linear Equations by Graphing,math :: algebra & functions :: solving systems of linear equations by graphing,Algebra & Functions,ontology_template,help_request
Teach me about Solving Systems of Linear Equations by Graphing,5f197092-5bab-59c9-8783-4ba9cb035982,SKILL_378,Solving Systems of Linear Equations by Graphing,math :: algebra & functions :: solving systems of linear equations by graphing,Algebra & Functions,ontology_template,learning_request
How do you calculate Solving Systems of Linear Equations by Graphing?,5f197092-5bab-59c9-8783-4ba9cb035982,SKILL_378,Solving Systems of Linear Equations by Graphing,math :: algebra & functions :: solving systems of linear equations by graphing,Algebra & Functions,ontology_template,calculation_question
Solving Systems of Linear Equations by Graphing,5f197092-5bab-59c9-8783-4ba9cb035982,SKILL_378,Solving Systems of Linear Equations by Graphing,math :: algebra & functions :: solving systems of linear equations by graphing,Algebra & Functions,ontology_template,direct_mention
I need help with Systems of Linear Equations by Graphing,5f197092-5bab-59c9-8783-4ba9cb035982,SKILL_378,Solving Systems of Linear Equations by Graphing,math :: algebra & functions :: solving systems of linear equations by graphing,Algebra & Functions,ontology_template,help_request
Can you explain Systems of Linear Equations by Graphing?,5f197092-5bab-59c9-8783-4ba9cb035982,SKILL_378,Solving Systems of Linear Equations by Graphing,math :: algebra & functions :: solving systems of linear equations by graphing,Algebra & Functions,ontology_template,explanation_request
How do I solve problems about Systems of Linear Equations by Graphing?,5f197092-5bab-59c9-8783-4ba9cb035982,SKILL_378,Solving Systems of Linear Equations by Graphing,math :: algebra & functions :: solving systems of linear equations by graphing,Algebra & Functions,ontology_template,problem_solving
I don't understand Systems of Linear Equations by Graphing,5f197092-5bab-59c9-8783-4ba9cb035982,SKILL_378,Solving Systems of Linear Equations by Graphing,math :: algebra & functions :: solving systems of linear equations by graphing,Algebra & Functions,ontology_template,misunderstanding_statement
Show me how Systems of Linear Equations by Graphing works,5f197092-5bab-59c9-8783-4ba9cb035982,SKILL_378,Solving Systems of Linear Equations by Graphing,math :: algebra & functions :: solving systems of linear equations by graphing,Algebra & Functions,ontology_template,instruction_request
I need to practice Systems of Linear Equations by Graphing,5f197092-5bab-59c9-8783-4ba9cb035982,SKILL_378,Solving Systems of Linear Equations by Graphing,math :: algebra & functions :: solving systems of linear equations by graphing,Algebra & Functions,ontology_template,practice_request
Can you help me learn Systems of Linear Equations by Graphing?,5f197092-5bab-59c9-8783-4ba9cb035982,SKILL_378,Solving Systems of Linear Equations by Graphing,math :: algebra & functions :: solving systems of linear equations by graphing,Algebra & Functions,ontology_template,learning_request
What does Systems of Linear Equations by Graphing mean?,5f197092-5bab-59c9-8783-4ba9cb035982,SKILL_378,Solving Systems of Linear Equations by Graphing,math :: algebra & functions :: solving systems of linear equations by graphing,Algebra & Functions,ontology_template,definition_request
Give me an example of Systems of Linear Equations by Graphing,5f197092-5bab-59c9-8783-4ba9cb035982,SKILL_378,Solving Systems of Linear Equations by Graphing,math :: algebra & functions :: solving systems of linear equations by graphing,Algebra & Functions,ontology_template,example_request
How does Systems of Linear Equations by Graphing work in math?,5f197092-5bab-59c9-8783-4ba9cb035982,SKILL_378,Solving Systems of Linear Equations by Graphing,math :: algebra & functions :: solving systems of linear equations by graphing,Algebra & Functions,ontology_template,concept_question
I am having trouble with Systems of Linear Equations by Graphing,5f197092-5bab-59c9-8783-4ba9cb035982,SKILL_378,Solving Systems of Linear Equations by Graphing,math :: algebra & functions :: solving systems of linear equations by graphing,Algebra & Functions,ontology_template,struggle_statement
Can we review Systems of Linear Equations by Graphing together?,5f197092-5bab-59c9-8783-4ba9cb035982,SKILL_378,Solving Systems of Linear Equations by Graphing,math :: algebra & functions :: solving systems of linear equations by graphing,Algebra & Functions,ontology_template,review_request
Explain the concept of Systems of Linear Equations by Graphing,5f197092-5bab-59c9-8783-4ba9cb035982,SKILL_378,Solving Systems of Linear Equations by Graphing,math :: algebra & functions :: solving systems of linear equations by graphing,Algebra & Functions,ontology_template,explanation_request
What is the rule for Systems of Linear Equations by Graphing?,5f197092-5bab-59c9-8783-4ba9cb035982,SKILL_378,Solving Systems of Linear Equations by Graphing,math :: algebra & functions :: solving systems of linear equations by graphing,Algebra & Functions,ontology_template,rule_question
Help me understand Systems of Linear Equations by Graphing,5f197092-5bab-59c9-8783-4ba9cb035982,SKILL_378,Solving Systems of Linear Equations by Graphing,math :: algebra & functions :: solving systems of linear equations by graphing,Algebra & Functions,ontology_template,help_request
Teach me about Systems of Linear Equations by Graphing,5f197092-5bab-59c9-8783-4ba9cb035982,SKILL_378,Solving Systems of Linear Equations by Graphing,math :: algebra & functions :: solving systems of linear equations by graphing,Algebra & Functions,ontology_template,learning_request
How do you calculate Systems of Linear Equations by Graphing?,5f197092-5bab-59c9-8783-4ba9cb035982,SKILL_378,Solving Systems of Linear Equations by Graphing,math :: algebra & functions :: solving systems of linear equations by graphing,Algebra & Functions,ontology_template,calculation_question
Systems of Linear Equations by Graphing,5f197092-5bab-59c9-8783-4ba9cb035982,SKILL_378,Solving Systems of Linear Equations by Graphing,math :: algebra & functions :: solving systems of linear equations by graphing,Algebra & Functions,ontology_template,direct_mention
