action_event_id,attempt_id,learner_id,skill_id,turn_index_within_attempt,relative_attempt_position,actual_move,runtime_mode,selector_mode,policy_lineage,decision_source,behavior_policy,randomized_assignment,behavior_propensity,full_behavior_probability_vector,mastery_before,mastery_after,raw_mastery_delta,reward_raw_delta,reward_headroom_normalized,reward_provenance_at_collection,current_mrb1_mistake_identification,current_mrb1_mistake_location,current_mrb1_providing_guidance,current_mrb1_actionability,resolution_status,resolver_event_id,observation_source,valid_linked_bkt_outcome,pre_action_context_representable,include_in_reward_experiment,include_in_context_experiment,exclusion_reason,no_knowledge_evidence_category,mastery_state_contaminated,stored_runtime_context,learner_response_text,evaluator_correctness,evaluator_reason,selector_p_generic,selector_p_probing,selector_p_focus,selector_p_telling,previous_mastery_delta,previous_mastery_delta_missing,previous_reasoning_probability,previous_uncertainty_probability,previous_clarification_probability,previous_learner_signals_missing,previous_move_generic,previous_move_probing,previous_move_focus,previous_move_telling,previous_move_missing,prior_tutor_turn_count,previous_mistake_identification,previous_mistake_location,previous_providing_guidance,previous_actionability,previous_mrb1_missing,S_real_observed,K_real_observed,L_real_observed,H_real_observed,Q_real_observed,mastery_band,position_band
T0001,A001,L001,SK019,1,0.0,focus,adaptive,direct_policy,final_integrity_filtered_v1,selector,logged,False,0.8156421084903882,"{""generic"": 0.062110753529678334, ""probing"": 0.048057639550648325, ""focus"": 0.8156421084903882, ""telling"": 0.07418949842928525}",0.24722930374901667,0.2867262269825304,0.03949692323351375,0.03949692323351375,0.05246873108932096,bkt_update,0.41523318007738375,0.4750480120945011,0.2568225804226703,0.8600456571633089,resolved,R0001,learner_response,True,True,True,True,,,False,True,,correct,,0.062110753529678334,0.048057639550648325,0.8156421084903882,0.07418949842928525,0.0,1.0,0.6469519358851905,0.6252441699576657,0.3446510303007326,0.0,0.0,0.0,0.0,0.0,1.0,0.0,0.0,0.0,0.0,0.0,1.0,True,True,True,False,False,"[.2,.4)",early
T0002,A001,L001,SK019,2,0.14285714285714285,focus,adaptive,direct_policy,final_integrity_filtered_v1,selector,logged,False,0.5938697916839801,"{""generic"": 0.1883974905596657, ""probing"": 0.04084909114362948, ""focus"": 0.5938697916839801, ""telling"": 0.17688362661272475}",0.2867262269825304,0.42487540831019,0.13814918132765958,0.13814918132765958,0.19368324835949913,bkt_update,0.25178917138201906,0.4165520305918312,0.22784860442704621,0.8968708059888817,resolved,R0002,learner_response,True,True,True,True,,,False,True,,correct,,0.1883974905596657,0.04084909114362948,0.5938697916839801,0.17688362661272475,0.047145703604669006,0.0,0.701471610555975,0.3970666223475527,0.3872861122506079,0.0,0.0,0.0,1.0,0.0,0.0,1.0,0.5688121425708961,0.5220808945706905,0.3104908960230438,0.8429558241796244,0.0,True,True,True,True,True,"[.2,.4)",early
T0003,A001,L001,SK019,3,0.2857142857142857,probing,adaptive,direct_policy,final_integrity_filtered_v1,selector,logged,False,0.447057845928086,"{""generic"": 0.44373724404602477, ""probing"": 0.447057845928086, ""focus"": 0.037391471137548066, ""telling"": 0.07181343888834109}",0.42487540831019,0.5148627463900838,0.08998733807989379,0.08998733807989379,0.15646581519927064,bkt_update,0.15702755947502633,0.4132101020140261,0.7137258240513967,0.7607023375225506,resolved,R0003,learner_response,True,True,True,True,,,False,True,,correct,,0.44373724404602477,0.447057845928086,0.037391471137548066,0.07181343888834109,0.08759371300920613,0.0,0.68789832090044,0.45544318859026206,0.47335369014268824,0.0,0.0,0.0,1.0,0.0,0.0,2.0,0.3012184187823497,0.4885068408252153,0.2806161413864478,0.8106385068752479,0.0,True,True,True,True,True,"[.4,.6)",early
T0004,A001,L001,SK019,4,0.42857142857142855,probing,adaptive,direct_policy,final_integrity_filtered_v1,selector,logged,False,0.6574341280987871,"{""generic"": 0.08491771551842986, ""probing"": 0.6574341280987871, ""focus"": 0.024599951018338125, ""telling"": 0.23304820536444495}",0.5148627463900838,0.5932548511630426,0.07839210477295877,0.07839210477295877,0.1615874769246054,bkt_update,0.4259048884430495,0.7398389271644197,0.23923421899347652,0.1394528259664719,resolved,R0004,learner_response,True,True,True,True,,,False,True,,correct,,0.08491771551842986,0.6574341280987871,0.024599951018338125,0.23304820536444495,0.08911798092945646,0.0,0.8267746866408067,0.22745929768888778,0.37489095346436796,0.0,0.0,1.0,0.0,0.0,0.0,3.0,0.1820622641536672,0.6388618055236466,0.8671384210212585,0.7745695624821535,0.0,True,True,True,True,True,"[.4,.6)",middle
T0005,A001,L001,SK019,5,0.5714285714285714,probing,adaptive,direct_policy,final_integrity_filtered_v1,selector,logged,False,0.6976286318662973,"{""generic"": 0.15834375681467805, ""probing"": 0.6976286318662973, ""focus"": 0.1262385548023081, ""telling"": 0.01778905651671647}",0.5932548511630426,0.42153856112205706,-0.1717162900409855,-0.1717162900409855,-0.28944776381405973,bkt_update,0.6059221648698261,0.5567611778184216,0.4739085089698933,0.06637322809613304,resolved,R0005,learner_response,True,True,True,True,,,False,True,,incorrect,,0.15834375681467805,0.6976286318662973,0.1262385548023081,0.01778905651671647,-0.07697244402504826,0.0,0.0900125121354119,0.7873697863160857,0.06459281237547396,0.0,0.0,1.0,0.0,0.0,0.0,4.0,0.39295503363759804,0.6839799799965139,0.2464575383663548,0.0,0.0,True,True,True,True,True,"[.4,.6)",middle
T0006,A001,L001,SK019,6,0.7142857142857143,telling,adaptive,direct_policy,final_integrity_filtered_v1,selector,logged,False,0.3551864278824699,"{""generic"": 0.08367800346974974, ""probing"": 0.416939595240619, ""focus"": 0.1441959734071613, ""telling"": 0.3551864278824699}",0.42153856112205706,0.3392195233042077,-0.08231903781784938,-0.08231903781784938,-0.19528234285075,bkt_update,0.8916015541315737,0.8774172711732922,0.6163832713153466,0.3460037849663908,resolved,R0006,learner_response,True,True,True,True,,,False,True,,incorrect,,0.08367800346974974,0.416939595240619,0.1441959734071613,0.3551864278824699,-0.09057854640303467,0.0,0.49947240217599664,0.44279229845476564,0.5062499276774655,0.0,0.0,1.0,0.0,0.0,0.0,5.0,0.7446223370432716,0.5916371061346013,0.3069874211312045,0.0,0.0,True,True,True,True,True,"[.4,.6)",late
T0007,A001,L001,SK019,7,0.8571428571428571,probing,adaptive,direct_policy,final_integrity_filtered_v1,selector,logged,False,0.5804005883677724,"{""generic"": 0.2598947074831546, ""probing"": 0.5804005883677724, ""focus"": 0.11161261649315986, ""telling"": 0.04809208765591326}",0.3392195233042077,0.5806615967159334,0.24144207341172574,0.24144207341172574,0.3653892358004396,bkt_update,0.8554366760890327,0.8950193868480613,0.06997999892017788,0.5949595042040666,resolved,R0007,learner_response,True,True,True,True,,,False,True,,correct,,0.2598947074831546,0.5804005883677724,0.11161261649315986,0.04809208765591326,0.05632645213359094,0.0,0.9225644052002814,0.11335927220142838,0.6267654146724393,0.0,0.0,0.0,0.0,1.0,0.0,6.0,1.0,0.8477313635331326,0.7324718384817814,0.2293382844217894,0.0,True,True,True,True,True,"[.2,.4)",late
T0008,A001,L001,SK019,8,1.0,focus,adaptive,direct_policy,final_integrity_filtered_v1,selector,logged,False,0.6699232045458169,"{""generic"": 0.04157321598004313, ""probing"": 0.16307337282391238, ""focus"": 0.6699232045458169, ""telling"": 0.12543020665022755}",0.5806615967159334,0.6802599968185589,0.09959840010262544,0.09959840010262544,0.23751318582466172,bkt_update,0.20630334101255537,0.5061286516721497,0.24687890368006873,0.7685188226153559,resolved,R0008,learner_response,True,True,True,True,,,False,True,,correct,,0.04157321598004313,0.16307337282391238,0.6699232045458169,0.12543020665022755,0.11014655332293391,0.0,0.5933260719502489,0.4050890850208655,0.3333528545951988,0.0,0.0,1.0,0.0,0.0,0.0,7.0,0.9552889185109573,1.0,0.15388405329395297,0.6259289795091333,0.0,True,True,True,True,True,"[.4,.6)",late
T0009,A002,L001,SK007,1,0.0,focus,adaptive,direct_policy,final_integrity_filtered_v1,selector,logged,False,0.8464886910849045,"{""generic"": 0.09299223061685254, ""probing"": 0.03955444799322242, ""focus"": 0.8464886910849045, ""telling"": 0.020964630305020396}",0.37682818950459535,0.3292581639854294,-0.04757002551916595,-0.04757002551916595,-0.12623796956831926,bkt_update,0.8313370630229661,0.8116018872633516,0.570765075751433,0.35508268581159397,resolved,R0009,learner_response,True,True,True,True,,,False,True,,incorrect,,0.09299223061685254,0.03955444799322242,0.8464886910849045,0.020964630305020396,0.0,1.0,0.5266202659834472,0.6211408150766743,0.4613068814929654,0.0,0.0,0.0,0.0,0.0,1.0,0.0,0.0,0.0,0.0,0.0,1.0,True,True,True,False,False,"[.2,.4)",early
T0010,A002,L001,SK007,2,0.16666666666666666,telling,adaptive,direct_policy,final_integrity_filtered_v1,selector,logged,False,0.08521491525382671,"{""generic"": 0.047672216634037014, ""probing"": 0.3313099916787973, ""focus"": 0.5358028764333389, ""telling"": 0.08521491525382671}",0.3292581639854294,0.4293834314836865,0.10012526749825712,0.10012526749825712,0.14927541733967833,bkt_update,0.8062808505311156,0.28507761000541243,0.13557541279719293,0.7101188465871947,resolved,R0010,learner_response,True,True,True,True,,,False,True,,correct,,0.047672216634037014,0.3313099916787973,0.5358028764333389,0.08521491525382671,0.056271667680786445,0.0,0.0,0.0,0.0,1.0,0.0,0.0,1.0,0.0,0.0,1.0,0.8653545130111994,0.7759089882017516,0.541838517416284,0.3179651266618187,0.0,True,True,False,True,True,"[.2,.4)",early
T0011,A002,L001,SK007,3,0.3333333333333333,telling,adaptive,direct_policy,final_integrity_filtered_v1,selector,logged,False,0.7060713578786431,"{""generic"": 0.034482049101043744, ""probing"": 0.23880195824356057, ""focus"": 0.02064463477675254, ""telling"": 0.7060713578786431}",0.4293834314836865,0.4612080355819368,0.031824604098250275,0.031824604098250275,0.055772309908558915,bkt_update,0.26917910774426973,0.30865830646524595,0.42600053693396633,0.4557260472955921,resolved,R0011,learner_response,True,True,True,True,,,False,True,,correct,,0.034482049101043744,0.23880195824356057,0.02064463477675254,0.7060713578786431,0.09877932477943752,0.0,0.7659441380642499,0.3273258833220283,0.42557294523027467,0.0,0.0,0.0,0.0,1.0,0.0,2.0,0.0,0.0,0.0,0.0,1.0,True,True,True,True,False,"[.4,.6)",middle
T0012,A002,L001,SK007,4,0.5,telling,adaptive,direct_policy,final_integrity_filtered_v1,selector,logged,False,0.9070200714304967,"{""generic"": 0.04532205633762227, ""probing"": 0.0388855116079345, ""focus"": 0.008772360623946563, ""telling"": 0.9070200714304967}",0.4612080355819368,0.6272411536835469,0.16603311810161014,0.16603311810161014,0.3081581186552006,bkt_update,0.6782386825053268,0.5196106258807999,0.3376180327357089,0.3855919001750807,resolved,R0012,learner_response,True,True,True,True,,,False,True,,correct,,0.04532205633762227,0.0388855116079345,0.008772360623946563,0.9070200714304967,0.08241247923804182,0.0,0.7678104305731943,0.20960336878015998,0.5762818763829728,0.0,0.0,0.0,0.0,1.0,0.0,3.0,0.47645301352579283,0.38778188013787895,0.510419122833242,0.4733486027921514,0.0,True,True,True,True,True,"[.4,.6)",middle
T0013,A002,L001,SK007,5,0.6666666666666666,generic,adaptive,direct_policy,final_integrity_filtered_v1,selector,logged,False,0.5057758067491205,"{""generic"": 0.5057758067491205, ""probing"": 0.04352540538519874, ""focus"": 0.13260354351378068, ""telling"": 0.31809524435190006}",0.6272411536835469,0.6575331303756331,0.030291976692086164,0.030291976692086164,0.08126427311230017,bkt_update,0.5640612414864,0.7719652195274591,0.41604027552696016,0.6790437201599342,resolved,R0013,learner_response,True,True,True,True,,,False,True,,correct,,0.5057758067491205,0.04352540538519874,0.13260354351378068,0.31809524435190006,0.0730066664085878,0.0,0.4463649234721181,0.3611986234635041,0.46593434991222,0.0,0.0,0.0,0.0,1.0,0.0,4.0,0.0,0.0,0.0,0.0,1.0,True,True,True,True,False,"[.6,.8)",late
T0014,A002,L001,SK007,6,0.8333333333333334,telling,adaptive,direct_policy,final_integrity_filtered_v1,selector,logged,False,0.17937765245664755,"{""generic"": 0.31053774857011024, ""probing"": 0.23515543097740743, ""focus"": 0.2749291679958348, ""telling"": 0.17937765245664755}",0.6575331303756331,0.6111235470380191,-0.046409583337614024,-0.046409583337614024,-0.07058136114160717,bkt_update,0.7242994345362028,0.5829273149659467,0.5478492834729121,0.6860754614017235,resolved,R0014,learner_response,True,True,True,True,,,False,True,,incorrect,,0.31053774857011024,0.23515543097740743,0.2749291679958348,0.17937765245664755,0.04203387260646653,0.0,0.37621190890399253,0.6636676990817798,0.33749121380434804,0.0,1.0,0.0,0.0,0.0,0.0,5.0,0.5873488715967273,0.7825803903170355,0.4779037051052407,0.661033204550641,0.0,True,True,True,True,True,"[.6,.8)",late
T0015,A002,L001,SK007,7,1.0,probing,adaptive,direct_policy,final_integrity_filtered_v1,selector,logged,False,0.6863951761620674,"{""generic"": 0.2288218870000817, ""probing"": 0.6863951761620674, ""focus"": 0.03686078882193587, ""telling"": 0.04792214801591525}",0.6111235470380191,0.6116726802946123,0.0005491332565932261,0.0005491332565932261,0.0014121021018645037,bkt_update,0.7284314220114891,0.6036985505956916,0.6323253003181719,0.6999571175836506,resolved,R0015,learner_response,True,True,True,True,,,False,True,,correct,,0.2288218870000817,0.6863951761620674,0.03686078882193587,0.04792214801591525,0.025406592626087337,0.0,0.33595201187584434,0.4800882525760187,0.3656778655331517,0.0,0.0,0.0,0.0,1.0,0.0,6.0,0.6411517351763782,0.591177505720334,0.5254148377423666,0.6819457842909806,0.0,True,True,True,True,True,"[.6,.8)",late
T0016,A003,L002,SK021,1,0.0,generic,adaptive,direct_policy,final_integrity_filtered_v1,selector,logged,False,0.33365442382656013,"{""generic"": 0.33365442382656013, ""probing"": 0.06557002054855378, ""focus"": 0.2211037149484473, ""telling"": 0.3796718406764389}",0.7754645485131788,0.8122480053846022,0.03678345687142337,0.03678345687142337,0.16382026369489508,bkt_update,0.7419076692052736,0.5489694885124446,0.7221415527307304,0.20566401066060486,resolved,R0016,learner_response,True,True,True,True,,,False,True,,correct,,0.33365442382656013,0.06557002054855378,0.2211037149484473,0.3796718406764389,0.0,1.0,0.8211844724990319,0.25025957088058964,0.8356239080105241,0.0,0.0,0.0,0.0,0.0,1.0,0.0,0.0,0.0,0.0,0.0,1.0,True,True,True,False,False,"[.6,.8)",early
T0017,A003,L002,SK021,2,0.14285714285714285,focus,adaptive,direct_policy,final_integrity_filtered_v1,selector,logged,False,0.8973123020434012,"{""generic"": 0.0035312039217429815, ""probing"": 0.08949257302962045, ""focus"": 0.8973123020434012, ""telling"": 0.009663921005235568}",0.8122480053846022,0.8063793763179359,-0.005868629066666298,-0.005868629066666298,-0.007225168948106536,bkt_update,0.7618503264735732,0.44701762763899866,0.5119970080093648,0.663614782160091,resolved,R0017,learner_response,True,True,True,True,,,False,True,,incorrect,,0.0035312039217429815,0.08949257302962045,0.8973123020434012,0.009663921005235568,0.050915022821270736,0.0,0.3707088125120498,0.7174122453505393,0.254088628530217,0.0,1.0,0.0,0.0,0.0,0.0,1.0,0.0,0.0,0.0,0.0,1.0,True,True,True,True,False,"[.8,1]",early
T0018,A003,L002,SK021,3,0.2857142857142857,focus,adaptive,direct_policy,final_integrity_filtered_v1,selector,logged,False,0.3483153313182694,"{""generic"": 0.06796892355408707, ""probing"": 0.0220586792771073, ""focus"": 0.3483153313182694, ""telling"": 0.5616570658505362}",0.8063793763179359,0.8286444727179549,0.022265096400019058,0.022265096400019058,0.1149934132873138,bkt_update,0.4272807453320315,0.6168824278062552,0.3204199811196655,0.33962529351941323,resolved,R0018,learner_response,True,True,True,True,,,False,True,,correct,,0.06796892355408707,0.0220586792771073,0.3483153313182694,0.5616570658505362,0.04537264741170345,0.0,0.7605977107527063,0.29397487520050164,0.5805150984481785,0.0,0.0,0.0,1.0,0.0,0.0,2.0,0.8944577914916833,0.5793108194442629,0.6818323903048136,0.8326510014973866,0.0,True,True,True,True,True,"[.8,1]",early
T0019,A003,L002,SK021,4,0.42857142857142855,focus,adaptive,direct_policy,final_integrity_filtered_v1,selector,logged,False,0.8612654288852386,"{""generic"": 0.0997062512541776, ""probing"": 0.026907703147805957, ""focus"": 0.8612654288852386, ""telling"": 0.012120616712777671}",0.8286444727179549,0.8422383788163812,0.013593906098426256,0.013593906098426256,0.07933158803830806,bkt_update,0.46770081352240694,0.532605697074235,0.8448779613090421,0.43075252707703504,resolved,R0019,learner_response,True,True,True,True,,,False,True,,correct,,0.0997062512541776,0.026907703147805957,0.8612654288852386,0.012120616712777671,0.11650391382459835,0.0,0.612190813031265,0.3005559163234268,0.5576762068465984,0.0,0.0,0.0,1.0,0.0,0.0,3.0,0.47163835926794095,0.6826942514744296,0.5900772630650448,0.3631791372376065,0.0,True,True,True,True,True,"[.8,1]",middle
T0020,A003,L002,SK021,5,0.5714285714285714,probing,adaptive,direct_policy,final_integrity_filtered_v1,selector,logged,False,0.4558518986622065,"{""generic"": 0.37266331829808524, ""probing"": 0.4558518986622065, ""focus"": 0.09918709749798271, ""telling"": 0.07229768554172548}",0.8422383788163812,0.8615807421584655,0.01934236334208428,0.01934236334208428,0.12260499858563,bkt_update,0.8625669710535009,0.13396173792346863,0.4577137831827241,0.7299555156506603,resolved,R0020,learner_response,True,True,True,True,,,False,True,,correct,,0.37266331829808524,0.4558518986622065,0.09918709749798271,0.07229768554172548,0.06612277715295015,0.0,0.7719024937755785,0.2361803707684558,0.5769271423275302,0.0,0.0,0.0,1.0,0.0,0.0,4.0,0.5038043899899921,0.4393491104400357,0.7150495614596747,0.3767818488864887,0.0,True,True,True,True,True,"[.8,1]",middle
T0021,A003,L002,SK021,6,0.7142857142857143,telling,adaptive,direct_policy,final_integrity_filtered_v1,selector,logged,False,0.5232709509717809,"{""generic"": 0.26616305916489225, ""probing"": 0.10083910181648437, ""focus"": 0.10972688804684247, ""telling"": 0.5232709509717809}",0.8615807421584655,0.7453324292819615,-0.11624831287650395,-0.11624831287650395,-0.13492445593116922,bkt_update,0.2974815486677801,0.8142240113985582,0.2732231156404125,0.40281232224968416,resolved,R0021,learner_response,True,True,True,True,,,False,True,,incorrect,,0.26616305916489225,0.10083910181648437,0.10972688804684247,0.5232709509717809,0.022981403302079276,0.0,0.30899845136464427,0.7128484675443262,0.30684463860792377,0.0,0.0,1.0,0.0,0.0,0.0,5.0,0.8620668162418833,0.2546723966309632,0.5310558738559901,0.5544158853613772,0.0,True,True,True,True,True,"[.8,1]",late
T0022,A003,L002,SK021,7,0.8571428571428571,focus,adaptive,direct_policy,final_integrity_filtered_v1,selector,logged,False,0.49905627974523625,"{""generic"": 0.449145501941022, ""probing"": 0.018874696392147942, ""focus"": 0.49905627974523625, ""telling"": 0.0329235219215939}",0.7453324292819615,0.7565397887860009,0.011207359504039394,0.011207359504039394,0.0440077999426472,bkt_update,0.7401738570117541,0.6485930042150658,0.2774880154271915,0.7956506724702924,resolved,R0022,learner_response,True,True,True,True,,,False,True,,correct,,0.449145501941022,0.018874696392147942,0.49905627974523625,0.0329235219215939,0.01699343814396636,0.0,0.6522382916466894,0.3665880575569462,0.42364058366487717,0.0,0.0,0.0,0.0,1.0,0.0,6.0,0.41930105836014286,1.0,0.22273078951175476,0.45908714041819243,0.0,True,True,True,True,True,"[.6,.8)",late
T0023,A003,L002,SK021,8,1.0,probing,adaptive,direct_policy,final_integrity_filtered_v1,selector,logged,False,0.9309104839757745,"{""generic"": 0.012879685409265517, ""probing"": 0.9309104839757745, ""focus"": 0.022390560674583834, ""telling"": 0.03381926994037625}",0.7565397887860009,0.8288883719497407,0.07234858316373982,0.07234858316373982,0.29716799637599156,bkt_update,0.520316335437027,0.1449369409728273,0.42278382868349496,0.4834195518849202,resolved,R0023,learner_response,True,True,True,True,,,False,True,,correct,,0.012879685409265517,0.9309104839757745,0.022390560674583834,0.03381926994037625,0.09925039036161246,0.0,1.0,0.0798457123844291,0.8583728508304526,0.0,0.0,0.0,1.0,0.0,0.0,7.0,0.8264952279413803,0.6545087052129053,0.3837796307099699,0.7229741319536332,0.0,True,True,True,True,True,"[.6,.8)",late
T0024,A004,L002,SK009,1,0.0,generic,adaptive,direct_policy,final_integrity_filtered_v1,selector,logged,False,0.9563629275110377,"{""generic"": 0.9563629275110377, ""probing"": 0.008605494648949526, ""focus"": 0.024149114902418844, ""telling"": 0.010882462937593738}",0.08281808535806572,0.11104188963213028,0.028223804274064568,0.028223804274064568,0.03077230789606561,bkt_update,0.8394779124636942,0.3823852525430119,0.27862320746530483,0.24092738256271837,resolved,R0024,learner_response,True,True,True,True,,,False,True,,correct,,0.9563629275110377,0.008605494648949526,0.024149114902418844,0.010882462937593738,0.0,1.0,0.28947217877182924,0.5331166918325051,0.3200007723077118,0.0,0.0,0.0,0.0,0.0,1.0,0.0,0.0,0.0,0.0,0.0,1.0,True,True,True,False,False,"[0,.2)",early
T0025,A004,L002,SK009,2,0.14285714285714285,probing,adaptive,direct_policy,final_integrity_filtered_v1,selector,logged,False,0.4838928555754041,"{""generic"": 0.14380733355859124, ""probing"": 0.4838928555754041, ""focus"": 0.30545277851859914, ""telling"": 0.06684703234740555}",0.11104188963213028,0.1728594543752281,0.06181756474309781,0.06181756474309781,0.06953934501763687,bkt_update,0.873764844731976,0.08847441503834193,0.5176822736361911,0.020507077153756128,resolved,R0025,learner_response,True,True,True,True,,,False,True,,correct,,0.14380733355859124,0.4838928555754041,0.30545277851859914,0.06684703234740555,0.025177772876562143,0.0,0.665681954177505,0.47033819729359005,0.4832131020279404,0.0,1.0,0.0,0.0,0.0,0.0,1.0,0.8654942818830331,0.42039776390699335,0.277071342590241,0.2816480626277975,0.0,True,True,True,True,True,"[0,.2)",early
T0026,A004,L002,SK009,3,0.2857142857142857,generic,adaptive,direct_policy,final_integrity_filtered_v1,selector,logged,False,0.7742687132964691,"{""generic"": 0.7742687132964691, ""probing"": 0.10690401259070502, ""focus"": 0.0399179070979641, ""telling"": 0.07890936701486188}",0.1728594543752281,0.4286492633503292,0.2557898089751011,0.2557898089751011,0.3092458836991155,bkt_update,0.5815020902769529,0.6313344558953985,0.1315954407210033,0.6927220717059511,resolved,R0026,learner_response,True,True,True,True,,,False,True,,correct,,0.7742687132964691,0.10690401259070502,0.0399179070979641,0.07890936701486188,0.14222807797574163,0.0,0.7806781452045755,0.17094872744928916,0.5574427002055964,0.0,0.0,1.0,0.0,0.0,0.0,2.0,0.8586296965707845,0.18990625198922564,0.694484921091074,0.17320051067413725,0.0,True,True,True,True,True,"[0,.2)",early
T0027,A004,L002,SK009,4,0.42857142857142855,probing,adaptive,direct_policy,final_integrity_filtered_v1,selector,logged,False,0.4319008516364345,"{""generic"": 0.41210785749863316, ""probing"": 0.4319008516364345, ""focus"": 0.11277744412693548, ""telling"": 0.043213846737996844}",0.4286492633503292,0.48975126533670094,0.06110200198637172,0.06110200198637172,0.1069430702840539,bkt_update,0.28996799654598004,0.36661560050841524,0.5487540828473538,0.8270383866867246,resolved,R0027,learner_response,True,True,True,True,,,False,True,,correct,,0.41210785749863316,0.4319008516364345,0.11277744412693548,0.043213846737996844,0.11048520472651856,0.0,0.4575276357684293,0.4472961042379485,0.5100204345338809,0.0,1.0,0.0,0.0,0.0,0.0,3.0,0.7189592273681595,0.5656792869298689,0.0,0.6688628606030042,0.0,True,True,True,True,True,"[.4,.6)",middle
T0028,A004,L002,SK009,5,0.5714285714285714,probing,adaptive,direct_policy,final_integrity_filtered_v1,selector,logged,False,0.2888336884328547,"{""generic"": 0.4478972849665624, ""probing"": 0.2888336884328547, ""focus"": 0.041473035085260006, ""telling"": 0.22179599151532295}",0.48975126533670094,0.4846173448268255,-0.005133920509875434,-0.005133920509875434,-0.010482710047407218,bkt_update,0.4864434414997809,0.7802109490850299,0.3147030710083664,0.455097389605817,resolved,R0028,learner_response,True,True,True,True,,,False,True,,incorrect,,0.4478972849665624,0.2888336884328547,0.041473035085260006,0.22179599151532295,0.04400967499864157,0.0,0.5806379684159805,0.40208843052982046,0.4753355980964697,0.0,0.0,1.0,0.0,0.0,0.0,4.0,0.34072679868194433,0.3183347823593819,0.4930872803114419,0.9375020950106461,0.0,True,True,True,True,True,"[.4,.6)",middle
T0029,A004,L002,SK009,6,0.7142857142857143,probing,adaptive,direct_policy,final_integrity_filtered_v1,selector,logged,False,0.6657659390248042,"{""generic"": 0.12514303258967513, ""probing"": 0.6657659390248042, ""focus"": 0.07534790311018222, ""telling"": 0.13374312527533838}",0.4846173448268255,0.43445416299209727,-0.05016318183472823,-0.05016318183472823,-0.103510908906188,bkt_update,0.4552252082750087,0.7507279237994838,0.5420737483627255,0.478572833874061,resolved,R0029,learner_response,True,True,True,True,,,False,True,,incorrect,,0.12514303258967513,0.6657659390248042,0.07534790311018222,0.13374312527533838,-0.010441221587720392,0.0,0.4403188348540995,0.39491488978663086,0.21597502123555468,0.0,0.0,1.0,0.0,0.0,0.0,5.0,0.48222826888989223,0.8784994324119751,0.2686364616424433,0.4506263527181466,0.0,True,True,True,True,True,"[.4,.6)",late
T0030,A004,L002,SK009,7,0.8571428571428571,probing,adaptive,direct_policy,final_integrity_filtered_v1,selector,logged,False,0.563712489564356,"{""generic"": 0.3381463522922747, ""probing"": 0.563712489564356, ""focus"": 0.07453417760149195, ""telling"": 0.02360698054187732}",0.43445416299209727,0.43115325241221436,-0.0033009105798829097,-0.0033009105798829097,-0.0075978339283238805,bkt_update,0.8778193865613556,0.7117728339975802,0.3091495080653586,0.7188306249106688,resolved,R0030,learner_response,True,True,True,True,,,False,True,,incorrect,,0.3381463522922747,0.563712489564356,0.07453417760149195,0.02360698054187732,0.0368480158280922,0.0,0.38327272472872054,0.7594766298858009,0.08721924808806605,0.0,0.0,1.0,0.0,0.0,0.0,6.0,0.5232641923292063,0.6432501460349527,0.6560655282276063,0.42148517025019366,0.0,True,True,True,True,True,"[.4,.6)",late
T0031,A004,L002,SK009,8,1.0,telling,adaptive,direct_policy,final_integrity_filtered_v1,selector,logged,False,0.6575528199144512,"{""generic"": 0.0784069738783734, ""probing"": 0.12814839461991007, ""focus"": 0.1358918115872653, ""telling"": 0.6575528199144512}",0.43115325241221436,0.569544884156475,0.1383916317442606,0.1383916317442606,0.2432845618457258,bkt_update,0.8370038801743064,0.03665536956560772,0.2878784230159244,0.43557703391627534,resolved,R0031,learner_response,True,True,True,True,,,False,True,,correct,,0.0784069738783734,0.12814839461991007,0.1358918115872653,0.6575528199144512,0.11843257248775921,0.0,0.7775542173827642,0.13986631311738032,0.8926078465386074,0.0,0.0,1.0,0.0,0.0,0.0,7.0,0.8713131301069003,0.8505305418327719,0.36441792641183496,0.906044185323882,0.0,True,True,True,True,True,"[.4,.6)",late
T0032,A005,L002,SK007,1,0.0,probing,adaptive,direct_policy,final_integrity_filtered_v1,selector,logged,False,0.8324318067816858,"{""generic"": 0.005722722283380916, ""probing"": 0.8324318067816858, ""focus"": 0.1271876217693807, ""telling"": 0.034657849165552625}",0.6741011133467855,0.7541887438759542,0.08008763052916879,0.08008763052916879,0.24574379910168015,bkt_update,0.7708309984269428,0.2917815760762997,0.2550160519615671,0.4325325219774286,resolved,R0032,learner_response,True,True,True,True,,,False,True,,correct,,0.005722722283380916,0.8324318067816858,0.1271876217693807,0.034657849165552625,0.0,1.0,1.0,0.0,0.5298819083203372,0.0,0.0,0.0,0.0,0.0,1.0,0.0,0.0,0.0,0.0,0.0,1.0,True,True,True,False,False,"[.6,.8)",early
T0033,A005,L002,SK007,2,0.14285714285714285,telling,adaptive,direct_policy,final_integrity_filtered_v1,selector,logged,False,0.17333800829390464,"{""generic"": 0.2843924855754758, ""probing"": 0.37048135874792804, ""focus"": 0.1717881473826916, ""telling"": 0.17333800829390464}",0.7541887438759542,0.6896501727951073,-0.06453857108084693,-0.06453857108084693,-0.0855735008045439,bkt_update,0.8887897120738166,0.3362365404502973,0.14961212512420083,0.637910557874367,resolved,R0033,learner_response,True,True,True,True,,,False,True,,incorrect,,0.2843924855754758,0.37048135874792804,0.1717881473826916,0.17333800829390464,-0.00810070724984496,0.0,0.3609638498127222,0.6509049433593294,0.43914027850191983,0.0,0.0,1.0,0.0,0.0,0.0,1.0,0.8568025315522468,0.3140563073461291,0.2613161512423071,0.5003401723817342,0.0,True,True,True,True,True,"[.6,.8)",early
T0034,A005,L002,SK007,3,0.2857142857142857,focus,adaptive,direct_policy,final_integrity_filtered_v1,selector,logged,False,0.6652422213620631,"{""generic"": 0.1349732088551654, ""probing"": 0.06124015516198334, ""focus"": 0.6652422213620631, ""telling"": 0.1385444146207881}",0.6896501727951073,0.7100701035944144,0.02041993079930704,0.02041993079930704,0.06579649482397108,bkt_update,0.38907607872601135,0.31519954345128504,0.4474899031600029,0.2863488468049807,resolved,R0034,learner_response,True,True,True,True,,,False,True,,correct,,0.1349732088551654,0.06124015516198334,0.6652422213620631,0.1385444146207881,-0.04958875531446899,0.0,0.4174647380756714,0.5620057173013416,0.374006433547818,0.0,0.0,0.0,0.0,1.0,0.0,2.0,0.9339996340012383,0.4281839660705717,0.0,0.5384914289150281,0.0,True,True,True,True,True,"[.6,.8)",early
T0035,A005,L002,SK007,4,0.42857142857142855,telling,adaptive,direct_policy,final_integrity_filtered_v1,selector,logged,False,0.5822081209433918,"{""generic"": 0.04224486900838075, ""probing"": 0.059624078912200985, ""focus"": 0.3159229311360265, ""telling"": 0.5822081209433918}",0.7100701035944144,0.7838705228076406,0.07380041921322622,0.07380041921322622,0.2545457371873997,bkt_update,0.14726106035195258,0.7040501714212849,0.691509620225458,0.7166957638201988,resolved,R0035,learner_response,True,True,True,True,,,False,True,,correct,,0.04224486900838075,0.059624078912200985,0.3159229311360265,0.5822081209433918,0.040602611441548864,0.0,0.5741527735695987,0.5024379714088567,0.38777418823411647,0.0,0.0,0.0,1.0,0.0,0.0,3.0,0.0,0.0,0.0,0.0,1.0,True,True,True,True,False,"[.6,.8)",middle
T0036,A005,L002,SK007,5,0.5714285714285714,telling,adaptive,direct_policy,final_integrity_filtered_v1,selector,logged,False,0.7164255237950837,"{""generic"": 0.12109499115495888, ""probing"": 0.07015926873023062, ""focus"": 0.09232021631972685, ""telling"": 0.7164255237950837}",0.7838705228076406,0.7957841409769069,0.011913618169266282,0.011913618169266282,0.05512259745422385,bkt_update,0.3593932999327096,0.6963293426034178,0.34039595967514524,0.5000668098361167,resolved,R0036,learner_response,True,True,True,True,,,False,True,,correct,,0.12109499115495888,0.07015926873023062,0.09232021631972685,0.7164255237950837,0.00816777731867029,0.0,0.5248525986668842,0.45081977717673666,0.4251953014551372,0.0,0.0,0.0,0.0,1.0,0.0,4.0,0.0,0.0,0.0,0.0,1.0,True,True,True,True,False,"[.6,.8)",middle
T0037,A005,L002,SK007,6,0.7142857142857143,generic,adaptive,direct_policy,final_integrity_filtered_v1,selector,logged,False,0.4477785755465559,"{""generic"": 0.4477785755465559, ""probing"": 0.010475950038988388, ""focus"": 0.20167486671288973, ""telling"": 0.34007060770156605}",0.7957841409769069,0.7992076380761919,0.003423497099285022,0.003423497099285022,0.016764109876980154,bkt_update,0.405399329717882,0.4444657016190272,0.622958687565571,0.25523144416972854,resolved,R0037,learner_response,True,True,True,True,,,False,True,,correct,,0.4477785755465559,0.010475950038988388,0.20167486671288973,0.34007060770156605,0.07172189879064943,0.0,0.5372172654267421,0.5159036064610112,0.34238942636081826,0.0,0.0,0.0,0.0,1.0,0.0,5.0,0.47739074509971974,0.6713336666838271,0.3989353240610203,0.5158136045492392,0.0,True,True,True,True,True,"[.6,.8)",late
T0038,A005,L002,SK007,7,0.8571428571428571,probing,adaptive,direct_policy,final_integrity_filtered_v1,selector,logged,False,0.8976725551143202,"{""generic"": 0.0468610189576166, ""probing"": 0.8976725551143202, ""focus"": 0.036931091663662964, ""telling"": 0.018535334264400266}",0.7992076380761919,0.8355990847674943,0.036391446691302454,0.036391446691302454,0.18123919825750848,bkt_update,0.451325096169407,0.7248833610946714,0.32894768467949737,0.47917307732290926,resolved,R0038,learner_response,True,True,True,True,,,False,True,,correct,,0.0468610189576166,0.8976725551143202,0.036931091663662964,0.018535334264400266,0.0259007139279927,0.0,0.0,0.0,0.0,1.0,1.0,0.0,0.0,0.0,0.0,6.0,0.3544564737980822,0.5051676959128791,0.498159214809052,0.07322070607313685,0.0,True,True,False,True,True,"[.6,.8)",late
T0039,A005,L002,SK007,8,1.0,telling,adaptive,direct_policy,final_integrity_filtered_v1,selector,logged,False,0.3372932534522805,"{""generic"": 0.3709976137985552, ""probing"": 0.04573358382504232, ""focus"": 0.2459755489241219, ""telling"": 0.3372932534522805}",0.8355990847674943,0.7656588588832598,-0.06994022588423454,-0.06994022588423454,-0.08370069709171046,bkt_update,0.6452349646174157,0.5738331675652015,0.4334677074140536,0.4596443466691669,resolved,R0039,learner_response,True,True,True,True,,,False,True,,incorrect,,0.3709976137985552,0.04573358382504232,0.2459755489241219,0.3372932534522805,0.04354141941302202,0.0,0.4482235315806201,0.5758543070071711,0.38057745859107767,0.0,0.0,1.0,0.0,0.0,0.0,7.0,0.0,0.0,0.0,0.0,1.0,True,True,True,True,False,"[.8,1]",late
T0040,A006,L002,SK018,1,0.0,telling,adaptive,direct_policy,final_integrity_filtered_v1,selector,logged,False,0.27632106389688577,"{""generic"": 0.24480983341315074, ""probing"": 0.34538246164496267, ""focus"": 0.13348664104500083, ""telling"": 0.27632106389688577}",0.96,0.9729933893634549,0.012993389363454955,0.012993389363454955,0.3248347340863736,bkt_update,0.3592560253212991,0.31062264527886946,0.5410517266683004,0.5555734676211604,resolved,R0040,learner_response,True,True,True,True,,,False,True,,correct,,0.24480983341315074,0.34538246164496267,0.13348664104500083,0.27632106389688577,0.0,1.0,0.7317372927509354,0.4503232128272264,0.5088026991784156,0.0,0.0,0.0,0.0,0.0,1.0,0.0,0.0,0.0,0.0,0.0,1.0,True,True,True,False,False,"[.8,1]",early
T0041,A006,L002,SK018,2,0.14285714285714285,probing,adaptive,direct_policy,final_integrity_filtered_v1,selector,logged,False,0.08298763640191878,"{""generic"": 0.6207053597699121, ""probing"": 0.08298763640191878, ""focus"": 0.16958399592588558, ""telling"": 0.12672300790228355}",0.9729933893634549,0.9755974009265619,0.002604011563106967,0.002604011563106967,0.09642126508030757,bkt_update,0.22628766795980015,0.7729097068421354,0.4038657722275496,0.38183703685881415,resolved,R0041,learner_response,True,True,True,True,,,False,True,,correct,,0.6207053597699121,0.08298763640191878,0.16958399592588558,0.12672300790228355,0.010927661179396858,0.0,0.6515937131678868,0.23526249640106084,0.4646147361181211,0.0,0.0,0.0,0.0,1.0,0.0,1.0,0.4582388332364041,0.2538494111879873,0.5997666696067361,0.5977766817551582,0.0,True,True,True,True,True,"[.8,1]",early
T0042,A006,L002,SK018,3,0.2857142857142857,focus,adaptive,direct_policy,final_integrity_filtered_v1,selector,logged,False,0.6393550734301529,"{""generic"": 0.12749815290320463, ""probing"": 0.09263309648463368, ""focus"": 0.6393550734301529, ""telling"": 0.14051367718200888}",0.9755974009265619,0.8953849894123054,-0.08021241151425651,-0.08021241151425651,-0.08221876302466134,bkt_update,0.8051003628148304,0.8246837950272817,0.4773128246428027,0.12363213015729066,resolved,R0042,learner_response,True,True,True,True,,,False,True,,incorrect,,0.12749815290320463,0.09263309648463368,0.6393550734301529,0.14051367718200888,0.01761953478223751,0.0,0.23701153676165657,0.5059349706860748,0.34544736591756736,0.0,0.0,1.0,0.0,0.0,0.0,2.0,0.2744828098143011,0.8945282942636875,0.2344684961833744,0.40651051848087366,0.0,True,True,True,True,True,"[.8,1]",early
T0043,A006,L002,SK018,4,0.42857142857142855,probing,adaptive,direct_policy,final_integrity_filtered_v1,selector,logged,False,0.9410151375788091,"{""generic"": 0.01064599293791143, ""probing"": 0.9410151375788091, ""focus"": 0.02467320595989888, ""telling"": 0.023665663523380776}",0.8953849894123054,0.7771118422663107,-0.11827314714599468,-0.11827314714599468,-0.13209194764770896,bkt_update,0.9458644137775666,0.43719926242096274,0.26918316051943436,0.48825688638018944,resolved,R0043,learner_response,True,True,True,True,,,False,True,,incorrect,,0.01064599293791143,0.9410151375788091,0.02467320595989888,0.023665663523380776,0.0015847420019849054,0.0,0.41035526663807537,0.7924903669387477,0.25089830008945996,0.0,0.0,0.0,1.0,0.0,0.0,3.0,0.7880052852855527,0.902100418961037,0.5529974933158011,0.0,0.0,True,True,True,True,True,"[.8,1]",middle
T0044,A006,L002,SK018,5,0.5714285714285714,focus,adaptive,direct_policy,final_integrity_filtered_v1,selector,logged,False,0.6358758259626449,"{""generic"": 0.14422911191290302, ""probing"": 0.0557392757448218, ""focus"": 0.6358758259626449, ""telling"": 0.16415578637963027}",0.7771118422663107,0.8117805685758737,0.03466872630956297,0.03466872630956297,0.15554315070873245,bkt_update,0.4373109496900555,0.5276810486041658,0.7333075849213635,0.41794956107079134,resolved,R0044,learner_response,True,True,True,True,,,False,True,,correct,,0.14422911191290302,0.0557392757448218,0.6358758259626449,0.16415578637963027,-0.0034682990265341024,0.0,0.6542042361356355,0.197265000967273,0.5694492312765876,0.0,0.0,1.0,0.0,0.0,0.0,4.0,0.9941538974462466,0.3750319713054644,0.280649283283764,0.35552600088995795,0.0,True,True,True,True,True,"[.6,.8)",middle
T0045,A006,L002,SK018,6,0.7142857142857143,probing,adaptive,direct_policy,final_integrity_filtered_v1,selector,logged,False,0.2790053682515693,"{""generic"": 0.5102659595217636, ""probing"": 0.2790053682515693, ""focus"": 0.1536970724190986, ""telling"": 0.057031599807568556}",0.8117805685758737,0.8348823218040041,0.02310175322813046,0.02310175322813046,0.1227384072586739,bkt_update,0.31887123584039434,0.8145419496196945,0.4693756115211364,0.326320410215706,resolved,R0045,learner_response,True,True,True,True,,,False,True,,correct,,0.5102659595217636,0.2790053682515693,0.1536970724190986,0.057031599807568556,0.03362126334985014,0.0,0.5972790995471796,0.24432043738081569,0.40894026629538993,0.0,0.0,0.0,1.0,0.0,0.0,5.0,0.2173024648140895,0.5321008938148216,0.8764238158198876,0.6468045738915177,0.0,True,True,True,True,True,"[.8,1]",late
T0046,A006,L002,SK018,7,0.8571428571428571,telling,adaptive,direct_policy,final_integrity_filtered_v1,selector,logged,False,0.1409431786673471,"{""generic"": 0.45431854956019074, ""probing"": 0.10706593538950589, ""focus"": 0.2976723363829562, ""telling"": 0.1409431786673471}",0.8348823218040041,0.7672394958078501,-0.06764282599615401,-0.06764282599615401,-0.08102079087025363,bkt_update,0.5771297451182708,0.5608806314307112,0.5444175399309654,0.5812931216236924,resolved,R0046,learner_response,True,True,True,True,,,False,True,,incorrect,,0.45431854956019074,0.10706593538950589,0.2976723363829562,0.1409431786673471,0.0367874547445732,0.0,0.49035804493632335,0.5340260240109003,0.5216522810676586,0.0,0.0,1.0,0.0,0.0,0.0,6.0,0.4366062686819523,0.8489951929675633,0.47601556339446055,0.3670051696364245,0.0,True,True,True,True,True,"[.8,1]",late
T0047,A006,L002,SK018,8,1.0,probing,adaptive,direct_policy,final_integrity_filtered_v1,selector,logged,False,0.4981640775748301,"{""generic"": 0.10962840792990762, ""probing"": 0.4981640775748301, ""focus"": 0.14679522447325924, ""telling"": 0.245412290022003}",0.7672394958078501,0.8031533101263968,0.03591381431854668,0.03591381431854668,0.1542951388732982,bkt_update,0.7328758138215624,0.4794106202581923,0.08183895331458585,0.457466421878785,resolved,R0047,learner_response,True,True,True,True,,,False,True,,correct,,0.10962840792990762,0.4981640775748301,0.14679522447325924,0.245412290022003,0.004780441521058554,0.0,0.7135130333453628,0.3261535970077948,0.5878177376667725,0.0,0.0,0.0,0.0,1.0,0.0,7.0,0.6430438207634178,0.6986649101533428,0.5725346688970482,0.5238749113919094,0.0,True,True,True,True,True,"[.6,.8)",late
T0048,A007,L002,SK004,1,0.0,telling,adaptive,direct_policy,final_integrity_filtered_v1,selector,logged,False,0.13584720625296995,"{""generic"": 0.13886793179685814, ""probing"": 0.17482028437656155, ""focus"": 0.5504645775736104, ""telling"": 0.13584720625296995}",0.4363834515193345,0.5095509957669826,0.0731675442476481,0.0731675442476481,0.12981794882510989,bkt_update,0.4460978261152702,0.41157592698198053,0.4927046953680858,0.26095377821658094,resolved,R0048,learner_response,True,True,True,True,,,False,True,,correct,,0.13886793179685814,0.17482028437656155,0.5504645775736104,0.13584720625296995,0.0,1.0,0.5955601389240859,0.44946039420522965,0.21022358450959416,0.0,0.0,0.0,0.0,0.0,1.0,0.0,0.0,0.0,0.0,0.0,1.0,True,True,True,False,False,"[.4,.6)",early
T0049,A007,L002,SK004,2,0.14285714285714285,generic,adaptive,direct_policy,final_integrity_filtered_v1,selector,logged,False,0.8481847475598973,"{""generic"": 0.8481847475598973, ""probing"": 0.03393155109806156, ""focus"": 0.019887699764946372, ""telling"": 0.09799600157709486}",0.5095509957669826,0.4679059743416926,-0.041645021425289974,-0.041645021425289974,-0.0817288588801703,bkt_update,0.6072784280463933,0.730077547526119,0.46177672114165047,0.7365823304109502,resolved,R0049,learner_response,True,True,True,True,,,False,True,,incorrect,,0.8481847475598973,0.03393155109806156,0.019887699764946372,0.09799600157709486,0.015199323040340254,0.0,0.37681568097967233,0.5696536193951638,0.47525273105658783,0.0,0.0,0.0,0.0,1.0,0.0,1.0,0.40160501124590814,0.4421589447360357,0.5163905713587029,0.3503704592872408,0.0,True,True,True,True,True,"[.4,.6)",early
T0050,A007,L002,SK004,3,0.2857142857142857,generic,adaptive,direct_policy,final_integrity_filtered_v1,selector,logged,False,0.29135311111618584,"{""generic"": 0.29135311111618584, ""probing"": 0.4431998953140211, ""focus"": 0.1345692777840583, ""telling"": 0.13087771578573465}",0.4679059743416926,0.5096680020007227,0.04176202765903009,0.04176202765903009,0.07848618034634397,bkt_update,0.25586857730969703,0.4551156732356459,0.5214502815123608,0.8288792084999463,resolved,R0050,learner_response,True,True,True,True,,,False,True,,correct,,0.29135311111618584,0.4431998953140211,0.1345692777840583,0.13087771578573465,-0.06741398335665418,0.0,0.5882391268988109,0.37185093686689996,0.3293766537632609,0.0,1.0,0.0,0.0,0.0,0.0,2.0,0.0,0.0,0.0,0.0,1.0,True,True,True,True,False,"[.4,.6)",early
T0051,A007,L002,SK004,4,0.42857142857142855,telling,adaptive,direct_policy,final_integrity_filtered_v1,selector,logged,False,0.7398351701886513,"{""generic"": 0.006575071452497401, ""probing"": 0.24521123507036433, ""focus"": 0.008378523288486981, ""telling"": 0.7398351701886513}",0.5096680020007227,0.47744969482616423,-0.03221830717455848,-0.03221830717455848,-0.063214302346006,bkt_update,0.7296278570700149,0.7947339490260042,0.32765784143704174,0.22311791665136993,resolved,R0051,learner_response,True,True,True,True,,,False,True,,incorrect,,0.006575071452497401,0.24521123507036433,0.008378523288486981,0.7398351701886513,0.01896642242897604,0.0,0.3039366931140278,0.5524757209169556,0.2192741318375303,0.0,1.0,0.0,0.0,0.0,0.0,3.0,0.26531176391838535,0.4653035264661099,0.5841034569791412,0.7187391909183213,0.0,True,True,True,True,True,"[.4,.6)",middle
T0052,A007,L002,SK004,5,0.5714285714285714,focus,adaptive,direct_policy,final_integrity_filtered_v1,selector,logged,False,0.6913540468127963,"{""generic"": 0.0323717326459595, ""probing"": 0.22648712019976724, ""focus"": 0.6913540468127963, ""telling"": 0.0497871003414768}",0.47744969482616423,0.4328280774191486,-0.044621617407015646,-0.044621617407015646,-0.09345825935287702,bkt_update,0.709399326403836,0.798040397408106,0.5602299823450464,0.17181595967888547,resolved,R0052,learner_response,True,True,True,True,,,False,True,,incorrect,,0.0323717326459595,0.22648712019976724,0.6913540468127963,0.0497871003414768,-0.004989346363690097,0.0,0.3732609541204357,0.5397730965581006,0.20550340160627215,0.0,0.0,0.0,0.0,1.0,0.0,4.0,0.0,0.0,0.0,0.0,1.0,True,True,True,True,False,"[.4,.6)",middle
T0053,A007,L002,SK004,6,0.7142857142857143,focus,adaptive,direct_policy,final_integrity_filtered_v1,selector,logged,False,0.760252742441611,"{""generic"": 0.013444142486555838, ""probing"": 0.042923442727641696, ""focus"": 0.760252742441611, ""telling"": 0.1833796723441915}",0.4328280774191486,0.592044833901912,0.1592167564827634,0.1592167564827634,0.28072044849869443,bkt_update,0.4934561904951684,0.6147955826099918,0.6260947042123677,0.434354121099755,resolved,R0053,learner_response,True,True,True,True,,,False,True,,correct,,0.013444142486555838,0.042923442727641696,0.760252742441611,0.1833796723441915,0.04973725700527098,0.0,0.6446523405990924,0.2582051923906987,0.5627462765089639,0.0,0.0,0.0,1.0,0.0,0.0,5.0,0.6923316938625498,0.6215502346732937,0.7582693808728174,0.07411627283200939,0.0,True,True,True,True,True,"[.4,.6)",late
T0054,A007,L002,SK004,7,0.8571428571428571,generic,adaptive,direct_policy,final_integrity_filtered_v1,selector,logged,False,0.6478123081599146,"{""generic"": 0.6478123081599146, ""probing"": 0.24490338593255237, ""focus"": 0.029613908395908495, ""telling"": 0.07767039751162459}",0.592044833901912,0.6181579110276776,0.026113077125765605,0.026113077125765605,0.06400967384608881,bkt_update,0.19423605884950376,0.8408177880042931,0.6248982544852512,0.25878308376480674,resolved,R0054,learner_response,True,True,True,True,,,False,True,,correct,,0.6478123081599146,0.24490338593255237,0.029613908395908495,0.07767039751162459,0.05896247997252559,0.0,0.0,0.0,0.0,1.0,0.0,0.0,1.0,0.0,0.0,6.0,0.0,0.0,0.0,0.0,1.0,True,True,False,True,False,"[.4,.6)",late
T0055,A007,L002,SK004,8,1.0,generic,adaptive,direct_policy,final_integrity_filtered_v1,selector,logged,False,0.24269350019114552,"{""generic"": 0.24269350019114552, ""probing"": 0.2745695360331673, ""focus"": 0.24774151479541576, ""telling"": 0.23499544898027142}",0.6181579110276776,0.6300343538714541,0.011876442843776536,0.011876442843776536,0.0311030218689103,bkt_update,0.8291679557847689,0.7906894572082149,0.40633288861494427,0.7810548891377541,resolved,R0055,learner_response,True,True,True,True,,,False,True,,correct,,0.24269350019114552,0.2745695360331673,0.24774151479541576,0.23499544898027142,0.053752761559468586,0.0,0.0,0.0,0.0,1.0,1.0,0.0,0.0,0.0,0.0,7.0,0.2680806072795941,0.7874261886103888,0.7190321975836241,0.07684408517571928,0.0,True,True,False,True,True,"[.6,.8)",late
T0056,A008,L002,SK014,1,0.0,probing,adaptive,direct_policy,final_integrity_filtered_v1,selector,logged,False,0.9555440411089174,"{""generic"": 0.018708299711190132, ""probing"": 0.9555440411089174, ""focus"": 0.00460655506885186, ""telling"": 0.021141104111040577}",0.8965466520466333,0.8203732199593863,-0.07617343208724703,-0.07617343208724703,-0.08496315491598637,bkt_update,0.7380341368110076,0.4415641449913606,0.22323352632783525,0.25208564789758897,resolved,R0056,learner_response,True,True,True,True,,,False,True,,incorrect,,0.018708299711190132,0.9555440411089174,0.00460655506885186,0.021141104111040577,0.0,1.0,0.0,0.0,0.0,1.0,0.0,0.0,0.0,0.0,1.0,0.0,0.0,0.0,0.0,0.0,1.0,True,True,False,False,False,"[.8,1]",early
T0057,A008,L002,SK014,2,0.16666666666666666,generic,adaptive,direct_policy,final_integrity_filtered_v1,selector,logged,False,0.273199369870125,"{""generic"": 0.273199369870125, ""probing"": 0.3890752798693542, ""focus"": 0.25559967513273424, ""telling"": 0.08212567512778658}",0.8203732199593863,0.772641654030002,-0.04773156592938432,-0.04773156592938432,-0.05818274508247276,bkt_update,0.4454407934393042,0.08592704733907601,0.415157372406566,0.824472443502169,resolved,R0057,learner_response,True,True,True,True,,,False,True,,incorrect,,0.273199369870125,0.3890752798693542,0.25559967513273424,0.08212567512778658,-0.01240788521689681,0.0,0.530352223128813,0.30448249576421094,0.3110653844985445,0.0,0.0,1.0,0.0,0.0,0.0,1.0,0.8602961680527283,0.5698747693519137,0.13401665726968298,0.21454490572246607,0.0,True,True,True,True,True,"[.8,1]",early
T0058,A008,L002,SK014,3,0.3333333333333333,focus,adaptive,direct_policy,final_integrity_filtered_v1,selector,logged,False,0.6403824039659743,"{""generic"": 0.02814956597017175, ""probing"": 0.26450876452987926, ""focus"": 0.6403824039659743, ""telling"": 0.0669592655339747}",0.772641654030002,0.8159867150373299,0.043345061007327934,0.043345061007327934,0.19064644767009212,bkt_update,0.6644376335947052,0.5637669769341624,0.043374225153924216,0.1856518408102312,resolved,R0058,learner_response,True,True,True,True,,,False,True,,correct,,0.02814956597017175,0.26450876452987926,0.6403824039659743,0.0669592655339747,0.045458330685447745,0.0,0.6208440935592634,0.36104854110746953,0.5166570755319854,0.0,1.0,0.0,0.0,0.0,0.0,2.0,0.443207873850983,0.1936172854844953,0.40159189434947146,0.9185053031476957,0.0,True,True,True,True,True,"[.6,.8)",middle
T0059,A008,L002,SK014,4,0.5,focus,adaptive,direct_policy,final_integrity_filtered_v1,selector,logged,False,0.954881291285267,"{""generic"": 0.020184071464352207, ""probing"": 0.01964874319412438, ""focus"": 0.954881291285267, ""telling"": 0.005285894056256365}",0.8159867150373299,0.7381941751223579,-0.07779253991497204,-0.07779253991497204,-0.09533554711293697,bkt_update,0.683603711245902,0.6664623864604906,0.17484749194059715,0.30245603344818994,resolved,R0059,learner_response,True,True,True,True,,,False,True,,incorrect,,0.020184071464352207,0.01964874319412438,0.954881291285267,0.005285894056256365,-0.021050572006777613,0.0,0.2990998986550086,0.8319137839187795,0.4781126905347186,0.0,0.0,0.0,1.0,0.0,0.0,3.0,0.6210213550577637,0.5004542614129827,0.0,0.23957076208129113,0.0,True,True,True,True,True,"[.8,1]",middle
T0060,A008,L002,SK014,5,0.6666666666666666,generic,adaptive,direct_policy,final_integrity_filtered_v1,selector,logged,False,0.8810580454868946,"{""generic"": 0.8810580454868946, ""probing"": 0.09908692564769307, ""focus"": 0.01460495606296638, ""telling"": 0.005250072802446104}",0.7381941751223579,0.7603066239852097,0.022112448862851797,0.022112448862851797,0.08446125625045316,bkt_update,0.36859698123536017,0.8407464331535291,0.5354776041003501,0.17194334591184487,resolved,R0060,learner_response,True,True,True,True,,,False,True,,correct,,0.8810580454868946,0.09908692564769307,0.01460495606296638,0.005250072802446104,0.06015449247260593,0.0,0.47394490209838136,0.4586429240674563,0.3707141864249161,0.0,0.0,0.0,1.0,0.0,0.0,4.0,0.6715398931463068,0.6310213557549555,0.14150259946800708,0.15297354733684562,0.0,True,True,True,True,True,"[.6,.8)",late
T0061,A008,L002,SK014,6,0.8333333333333334,generic,adaptive,direct_policy,final_integrity_filtered_v1,selector,logged,False,0.7484399585734315,"{""generic"": 0.7484399585734315, ""probing"": 0.13357388668023204, ""focus"": 0.11083607666489714, ""telling"": 0.007150078081439449}",0.7603066239852097,0.7232370537005693,-0.03706957028464031,-0.03706957028464031,-0.04875607960685271,bkt_update,0.7614575663126857,0.7689839310568002,0.742262885206004,0.22849174825573937,resolved,R0061,learner_response,True,True,True,True,,,False,True,,incorrect,,0.7484399585734315,0.13357388668023204,0.11083607666489714,0.007150078081439449,0.01768684068984496,0.0,0.42069570541125906,0.589738142464052,0.3888713929117008,0.0,1.0,0.0,0.0,0.0,0.0,5.0,0.0,0.0,0.0,0.0,1.0,True,True,True,True,False,"[.6,.8)",late
T0062,A008,L002,SK014,7,1.0,telling,adaptive,direct_policy,final_integrity_filtered_v1,selector,logged,False,0.6973376618048152,"{""generic"": 0.17626091987423942, ""probing"": 0.11936438523774696, ""focus"": 0.007037033083198429, ""telling"": 0.6973376618048152}",0.7232370537005693,0.7383192073983011,0.015082153697731804,0.015082153697731804,0.054494844412497245,bkt_update,0.5675236976913832,0.6246866473727775,0.7395630854668366,0.4926056667392847,resolved,R0062,learner_response,True,True,True,True,,,False,True,,correct,,0.17626091987423942,0.11936438523774696,0.007037033083198429,0.6973376618048152,0.0068185418444681924,0.0,0.625679743528565,0.36016783039397954,0.5859558663102922,0.0,1.0,0.0,0.0,0.0,0.0,6.0,0.0,0.0,0.0,0.0,1.0,True,True,True,True,False,"[.6,.8)",late
T0063,A009,L003,SK018,1,0.0,focus,adaptive,direct_policy,final_integrity_filtered_v1,selector,logged,False,0.8219953138639745,"{""generic"": 0.08261183650005191, ""probing"": 0.026328123501966266, ""focus"": 0.8219953138639745, ""telling"": 0.06906472613400721}",0.8352677690625039,0.7003648284150754,-0.13490294064742847,-0.13490294064742847,-0.16150861513409306,bkt_update,0.2726431272812568,0.8850678159758745,0.2218303754251011,0.8714508057513536,resolved,R0063,learner_response,True,True,True,True,,,False,True,,incorrect,,0.08261183650005191,0.026328123501966266,0.8219953138639745,0.06906472613400721,0.0,1.0,0.4239697620214252,0.5941832267824735,0.44682336682427437,0.0,0.0,0.0,0.0,0.0,1.0,0.0,0.0,0.0,0.0,0.0,1.0,True,True,True,False,False,"[.8,1]",early
T0064,A009,L003,SK018,2,0.14285714285714285,focus,adaptive,direct_policy,final_integrity_filtered_v1,selector,logged,False,0.8058524378745717,"{""generic"": 0.07014689346629302, ""probing"": 0.08954270632870337, ""focus"": 0.8058524378745717, ""telling"": 0.0344579623304319}",0.7003648284150754,0.7311604048903572,0.03079557647528175,0.03079557647528175,0.10277690803916009,bkt_update,0.16397938823929345,0.6582524615546965,0.5549302532353207,0.5996393655321438,resolved,R0064,learner_response,True,True,True,True,,,False,True,,correct,,0.07014689346629302,0.08954270632870337,0.8058524378745717,0.0344579623304319,-0.012834594322175104,0.0,0.49429348257263805,0.474825846491189,0.4455448360464922,0.0,0.0,0.0,1.0,0.0,0.0,1.0,0.0,0.0,0.0,0.0,1.0,True,True,True,True,False,"[.6,.8)",early
T0065,A009,L003,SK018,3,0.2857142857142857,telling,adaptive,direct_policy,final_integrity_filtered_v1,selector,logged,False,0.9015636845843258,"{""generic"": 0.014408086183236267, ""probing"": 0.0677507657774461, ""focus"": 0.016277463454991935, ""telling"": 0.9015636845843258}",0.7311604048903572,0.7142976120871636,-0.016862792803193583,-0.016862792803193583,-0.02306305523440138,bkt_update,0.38877402985844145,0.7141705876226356,0.7143221816775169,0.3134329133388571,resolved,R0065,learner_response,True,True,True,True,,,False,True,,incorrect,,0.014408086183236267,0.0677507657774461,0.016277463454991935,0.9015636845843258,0.021828579751799228,0.0,0.3761235443405865,0.6115811316226051,0.37075454645228745,0.0,0.0,0.0,1.0,0.0,0.0,2.0,0.12280895245653749,0.6293097157086583,0.653078170747544,0.6920510555041376,0.0,True,True,True,True,True,"[.6,.8)",early
T0066,A009,L003,SK018,4,0.42857142857142855,focus,adaptive,direct_policy,final_integrity_filtered_v1,selector,logged,False,0.8957856911097872,"{""generic"": 0.03788929411870492, ""probing"": 0.05342075284589866, ""focus"": 0.8957856911097872, ""telling"": 0.012904261925609286}",0.7142976120871636,0.6092229395098814,-0.1050746725772822,-0.1050746725772822,-0.14710209134012933,bkt_update,0.33851541411273717,0.5842345961893873,0.15455778422622296,0.24083162485747575,resolved,R0066,learner_response,True,True,True,True,,,False,True,,incorrect,,0.03788929411870492,0.05342075284589866,0.8957856911097872,0.012904261925609286,-0.002690322507129417,0.0,0.3444391355324192,0.8492761483774208,0.11817178977557459,0.0,0.0,0.0,0.0,1.0,0.0,3.0,0.36813217248777197,0.651386914619658,0.6061670721424127,0.32757131157270397,0.0,True,True,True,True,True,"[.6,.8)",middle
T0067,A009,L003,SK018,5,0.5714285714285714,focus,adaptive,direct_policy,final_integrity_filtered_v1,selector,logged,False,0.741677132218061,"{""generic"": 0.05408284841630448, ""probing"": 0.17583183065343203, ""focus"": 0.741677132218061, ""telling"": 0.028408188712202524}",0.6092229395098814,0.7247235849460193,0.11550064543613792,0.11550064543613792,0.2955665956729272,bkt_update,0.5984602573203593,0.9674890258423916,0.28624484472339967,0.09458133785389436,resolved,R0067,learner_response,True,True,True,True,,,False,True,,correct,,0.05408284841630448,0.17583183065343203,0.741677132218061,0.028408188712202524,0.05948117837392258,0.0,0.9947073685095811,0.11498063900309391,0.8022826142514414,0.0,0.0,0.0,1.0,0.0,0.0,4.0,0.0,0.0,0.0,0.0,1.0,True,True,True,True,False,"[.6,.8)",middle
T0068,A009,L003,SK018,6,0.7142857142857143,telling,adaptive,direct_policy,final_integrity_filtered_v1,selector,logged,False,0.5482006783401366,"{""generic"": 0.09142926223677052, ""probing"": 0.17355387916913995, ""focus"": 0.18681618025395297, ""telling"": 0.5482006783401366}",0.7247235849460193,0.7134651565373461,-0.011258428408673193,-0.011258428408673193,-0.015534789597763363,bkt_update,0.6290179532432716,0.4940203480338518,0.3121711632357958,0.5207962181397015,resolved,R0068,learner_response,True,True,True,True,,,False,True,,incorrect,,0.09142926223677052,0.17355387916913995,0.18681618025395297,0.5482006783401366,0.03911232843354195,0.0,0.6073699255079082,0.5936106106134562,0.498748964657473,0.0,0.0,0.0,1.0,0.0,0.0,5.0,0.6231772870210284,1.0,0.344227117293191,0.18621189669379243,0.0,True,True,True,True,True,"[.6,.8)",late
T0069,A009,L003,SK018,7,0.8571428571428571,probing,adaptive,direct_policy,final_integrity_filtered_v1,selector,logged,False,0.4789610318717987,"{""generic"": 0.3439481157633271, ""probing"": 0.4789610318717987, ""focus"": 0.032678015269412664, ""telling"": 0.14441283709546135}",0.7134651565373461,0.7431737800394997,0.02970862350215364,0.02970862350215364,0.10368241133656673,bkt_update,0.363386196194256,0.4940801547671827,0.709541786515593,0.8371665904023375,resolved,R0069,learner_response,True,True,True,True,,,False,True,,correct,,0.3439481157633271,0.4789610318717987,0.032678015269412664,0.14441283709546135,0.118454407111873,0.0,0.7145770162759033,0.22360121465215455,0.4425406825636438,0.0,0.0,0.0,0.0,1.0,0.0,6.0,0.5818337891669991,0.6895401943364483,0.4068418260269749,0.6674457306405268,0.0,True,True,True,True,True,"[.6,.8)",late
T0070,A009,L003,SK018,8,1.0,probing,adaptive,direct_policy,final_integrity_filtered_v1,selector,logged,False,0.4500970417204908,"{""generic"": 0.0923958390327814, ""probing"": 0.4500970417204908, ""focus"": 0.2761148078016465, ""telling"": 0.1813923114450813}",0.7431737800394997,0.7190355695627142,-0.02413821047678555,-0.02413821047678555,-0.032479900563099254,bkt_update,0.6985453524523533,0.4610100584654508,0.5709592426889135,0.6392117650553685,resolved,R0070,learner_response,True,True,True,True,,,False,True,,incorrect,,0.0923958390327814,0.4500970417204908,0.2761148078016465,0.1813923114450813,0.0522043700991582,0.0,0.4177744281394319,0.4722664320811495,0.3521523373452583,0.0,0.0,1.0,0.0,0.0,0.0,7.0,0.3932156080711155,0.42156463286216816,0.7202921342506915,0.9515202853040597,0.0,True,True,True,True,True,"[.6,.8)",late
T0071,A010,L003,SK009,1,0.0,generic,adaptive,direct_policy,final_integrity_filtered_v1,selector,logged,False,0.789885458322463,"{""generic"": 0.789885458322463, ""probing"": 0.12691030462845482, ""focus"": 0.026548579073664764, ""telling"": 0.05665565797541733}",0.40265170534130035,0.609598884081116,0.2069471787398156,0.2069471787398156,0.3464430728107406,bkt_update,0.5816476011768394,0.812024394367575,0.11496029285217468,0.21298313623961485,resolved,R0071,learner_response,True,True,True,True,,,False,True,,correct,,0.789885458322463,0.12691030462845482,0.026548579073664764,0.05665565797541733,0.0,1.0,0.8421610917520932,0.17968393728297538,0.4921787604968414,0.0,0.0,0.0,0.0,0.0,1.0,0.0,0.0,0.0,0.0,0.0,1.0,True,True,True,False,False,"[.4,.6)",early
T0072,A010,L003,SK009,2,0.14285714285714285,generic,adaptive,direct_policy,final_integrity_filtered_v1,selector,logged,False,0.9972275767596086,"{""generic"": 0.9972275767596086, ""probing"": 0.0007168626610493682, ""focus"": 0.0016557883723257506, ""telling"": 0.00039977220701631415}",0.609598884081116,0.6398577864752167,0.030258902394100784,0.030258902394100784,0.07750721286459605,bkt_update,0.7460355977903674,0.47818713980153255,0.602455428358932,0.48676273585738,resolved,R0072,learner_response,True,True,True,True,,,False,True,,correct,,0.9972275767596086,0.0007168626610493682,0.0016557883723257506,0.00039977220701631415,0.09204211442837747,0.0,0.5464117586246684,0.6247622957192206,0.5035815585988045,0.0,1.0,0.0,0.0,0.0,0.0,1.0,0.6484841103056509,1.0,0.28521895862554547,0.17935927257968373,0.0,True,True,True,True,True,"[.6,.8)",early
T0073,A010,L003,SK009,3,0.2857142857142857,telling,adaptive,direct_policy,final_integrity_filtered_v1,selector,logged,False,0.8746126796326104,"{""generic"": 0.03555493194230514, ""probing"": 0.044233886041630484, ""focus"": 0.045598502383453914, ""telling"": 0.8746126796326104}",0.6398577864752167,0.6607076307291626,0.02084984425394587,0.02084984425394587,0.0578933639849778,bkt_update,0.3943969237478357,0.5337927412241332,0.8235164770758251,0.3716595881411198,resolved,R0073,learner_response,True,True,True,True,,,False,True,,correct,,0.03555493194230514,0.044233886041630484,0.045598502383453914,0.8746126796326104,0.03667232344020619,0.0,0.5311422445372855,0.41431202806650286,0.3742513238878342,0.0,1.0,0.0,0.0,0.0,0.0,2.0,0.0,0.0,0.0,0.0,1.0,True,True,True,True,False,"[.6,.8)",early
T0074,A010,L003,SK009,4,0.42857142857142855,probing,adaptive,direct_policy,final_integrity_filtered_v1,selector,logged,False,0.3110258309483613,"{""generic"": 0.18905995663775507, ""probing"": 0.3110258309483613, ""focus"": 0.4242343350588657, ""telling"": 0.07567987735501795}",0.6607076307291626,0.6574764336809489,-0.0032311970482137298,-0.0032311970482137298,-0.004890509656514414,bkt_update,0.41588464196249597,0.8248649803443616,0.7758243458320677,0.7194045554111972,resolved,R0074,learner_response,True,True,True,True,,,False,True,,incorrect,,0.18905995663775507,0.3110258309483613,0.4242343350588657,0.07567987735501795,0.00879857818488557,0.0,0.6768977555073055,0.476930160654699,0.47048477777761766,0.0,0.0,0.0,0.0,1.0,0.0,3.0,0.41217665558569166,0.6455772286911547,0.788807909527277,0.3802284564726005,0.0,True,True,True,True,True,"[.6,.8)",middle
T0075,A010,L003,SK009,5,0.5714285714285714,focus,adaptive,direct_policy,final_integrity_filtered_v1,selector,logged,False,0.534999845474495,"{""generic"": 0.45493759782582627, ""probing"": 0.0071832358603790385, ""focus"": 0.534999845474495, ""telling"": 0.002879320839299698}",0.6574764336809489,0.4951153953231632,-0.1623610383577857,-0.1623610383577857,-0.24694579157581492,bkt_update,0.8979077834469992,0.5323371654325753,0.3404551751643097,0.6740604373813488,resolved,R0075,learner_response,True,True,True,True,,,False,True,,incorrect,,0.45493759782582627,0.0071832358603790385,0.534999845474495,0.002879320839299698,-0.059728550590910374,0.0,0.20324712375005613,0.7769264494206682,0.2859809207029519,0.0,0.0,1.0,0.0,0.0,0.0,4.0,0.0,0.0,0.0,0.0,1.0,True,True,True,True,False,"[.6,.8)",middle
T0076,A010,L003,SK009,6,0.7142857142857143,focus,adaptive,direct_policy,final_integrity_filtered_v1,selector,logged,False,0.8409492485071872,"{""generic"": 0.014620906368818475, ""probing"": 0.01389498798873645, ""focus"": 0.8409492485071872, ""telling"": 0.13053485713525764}",0.4951153953231632,0.6329091335365378,0.1377937382133746,0.1377937382133746,0.27292125158296854,bkt_update,0.7231870121397503,0.6008644194944187,0.7136666572628121,0.11825514277185976,resolved,R0076,learner_response,True,True,True,True,,,False,True,,correct,,0.014620906368818475,0.01389498798873645,0.8409492485071872,0.13053485713525764,0.037010527091208244,0.0,0.8230540117338747,0.1364492108640371,0.656805134290069,0.0,0.0,0.0,1.0,0.0,0.0,5.0,0.9334109612633928,0.46363198814332773,0.3186838146332251,0.6975732709295285,0.0,True,True,True,True,True,"[.4,.6)",late
T0077,A010,L003,SK009,7,0.8571428571428571,generic,adaptive,direct_policy,final_integrity_filtered_v1,selector,logged,False,0.0439896089077558,"{""generic"": 0.0439896089077558, ""probing"": 0.7150040730748197, ""focus"": 0.08492620036921254, ""telling"": 0.15608011764821192}",0.6329091335365378,0.6886094372398214,0.055700303703283605,0.055700303703283605,0.15173437639540846,bkt_update,0.5940050433263983,0.8350990723345022,0.7590285414453463,0.4048936231941154,resolved,R0077,learner_response,True,True,True,True,,,False,True,,correct,,0.0439896089077558,0.7150040730748197,0.08492620036921254,0.15608011764821192,0.04009856811508321,0.0,0.39387786317597206,0.5794377772270511,0.43077598886279495,0.0,0.0,0.0,1.0,0.0,0.0,6.0,0.580105743930568,0.582946620270032,0.7508164615619025,0.04113775651079962,0.0,True,True,True,True,True,"[.6,.8)",late
T0078,A010,L003,SK009,8,1.0,generic,adaptive,direct_policy,final_integrity_filtered_v1,selector,logged,False,0.9444878906377976,"{""generic"": 0.9444878906377976, ""probing"": 0.022270551374733442, ""focus"": 0.027583293448420927, ""telling"": 0.005658264539047919}",0.6886094372398214,0.5963539924708084,-0.09225544476901293,-0.09225544476901293,-0.13397354113937768,bkt_update,0.7388356854787874,0.41325323949616705,0.3848202833802435,0.8525736439952297,resolved,R0078,learner_response,True,True,True,True,,,False,True,,incorrect,,0.9444878906377976,0.022270551374733442,0.027583293448420927,0.005658264539047919,0.04604736107923077,0.0,0.4742212252887834,0.5901405724500982,0.4439430490475268,0.0,1.0,0.0,0.0,0.0,0.0,7.0,0.4996543461908969,0.9264517742848721,0.910043631717835,0.34824358329458294,0.0,True,True,True,True,True,"[.6,.8)",late
T0079,A011,L003,SK021,1,0.0,focus,adaptive,direct_policy,final_integrity_filtered_v1,selector,logged,False,0.7580745414829362,"{""generic"": 0.05773298503722342, ""probing"": 0.07780325601629387, ""focus"": 0.7580745414829362, ""telling"": 0.10638921746354651}",0.4123208379822988,0.5844581964739191,0.17213735849162026,0.17213735849162026,0.29291043415698886,bkt_update,0.3728293788188368,0.8687103013917433,0.29340897231368906,0.42626331801288414,resolved,R0079,learner_response,True,True,True,True,,,False,True,,correct,,0.05773298503722342,0.07780325601629387,0.7580745414829362,0.10638921746354651,0.0,1.0,0.7554626589230906,0.33556559183234935,0.7208937695104929,0.0,0.0,0.0,0.0,0.0,1.0,0.0,0.0,0.0,0.0,0.0,1.0,True,True,True,False,False,"[.4,.6)",early
T0080,A011,L003,SK021,2,0.14285714285714285,focus,adaptive,direct_policy,final_integrity_filtered_v1,selector,logged,False,0.8949926861191654,"{""generic"": 0.020483938944550573, ""probing"": 0.054892830259887226, ""focus"": 0.8949926861191654, ""telling"": 0.029630544676396982}",0.5844581964739191,0.6325751457942329,0.04811694932031385,0.04811694932031385,0.11579328219692307,bkt_update,0.8561360608196702,0.3360276818509719,0.15857100889874914,0.8529883297618506,resolved,R0080,learner_response,True,True,True,True,,,False,True,,correct,,0.020483938944550573,0.054892830259887226,0.8949926861191654,0.029630544676396982,0.11291428210333848,0.0,0.6237502494584954,0.4528378247259728,0.5260791361043838,0.0,0.0,0.0,1.0,0.0,0.0,1.0,0.4058285153564604,0.8732848548108773,0.22401257672071462,0.45980682027401953,0.0,True,True,True,True,True,"[.4,.6)",early
T0081,A011,L003,SK021,3,0.2857142857142857,generic,adaptive,direct_policy,final_integrity_filtered_v1,selector,logged,False,0.718448884357969,"{""generic"": 0.718448884357969, ""probing"": 0.20804361693261686, ""focus"": 0.03574735299649257, ""telling"": 0.03776014571292157}",0.6325751457942329,0.4325751457942329,-0.2,-0.2,-0.31616797044545436,bkt_update,0.7232289768409266,0.9743873856565421,0.29712806505103706,0.7528041325774808,resolved,R0081,learner_response,True,True,True,True,,,False,True,,incorrect,,0.718448884357969,0.20804361693261686,0.03574735299649257,0.03776014571292157,-0.041463804571079614,0.0,0.1102430449448571,0.9203726333329583,0.038469226498589276,0.0,0.0,0.0,1.0,0.0,0.0,2.0,0.0,0.0,0.0,0.0,1.0,True,True,True,True,False,"[.6,.8)",early
T0082,A011,L003,SK021,4,0.42857142857142855,focus,adaptive,direct_policy,final_integrity_filtered_v1,selector,logged,False,0.4220507063206264,"{""generic"": 0.021121621533637967, ""probing"": 0.4755630668783154, ""focus"": 0.4220507063206264, ""telling"": 0.08126460526742027}",0.4325751457942329,0.5016713939954789,0.06909624820124599,0.06909624820124599,0.12177162788887881,bkt_update,0.8937450892217716,0.4091077337556581,0.5118651640782361,0.1665473891771925,resolved,R0082,learner_response,True,True,True,True,,,False,True,,correct,,0.021121621533637967,0.4755630668783154,0.4220507063206264,0.08126460526742027,-0.05524171767134677,0.0,0.5431630009220988,0.28568686896636264,0.5506815765802857,0.0,1.0,0.0,0.0,0.0,0.0,3.0,0.0,0.0,0.0,0.0,1.0,True,True,True,True,False,"[.4,.6)",middle
T0083,A011,L003,SK021,5,0.5714285714285714,generic,adaptive,direct_policy,final_integrity_filtered_v1,selector,logged,False,0.1863304964745984,"{""generic"": 0.1863304964745984, ""probing"": 0.38161718808565115, ""focus"": 0.07794363146011665, ""telling"": 0.35410868397963374}",0.5016713939954789,0.586452968479579,0.08478157448410006,0.08478157448410006,0.17013186371911967,bkt_update,0.8515771106278973,0.38269095623767624,0.60006158437926,0.9891150385414281,resolved,R0083,learner_response,True,True,True,True,,,False,True,,correct,,0.1863304964745984,0.38161718808565115,0.07794363146011665,0.35410868397963374,0.0557839812715351,0.0,0.0,0.0,0.0,1.0,0.0,0.0,1.0,0.0,0.0,4.0,0.0,0.0,0.0,0.0,1.0,True,True,False,True,False,"[.4,.6)",middle
T0084,A011,L003,SK021,6,0.7142857142857143,focus,adaptive,direct_policy,final_integrity_filtered_v1,selector,logged,False,0.7181661766099582,"{""generic"": 0.031901437558021384, ""probing"": 0.17708207687219477, ""focus"": 0.7181661766099582, ""telling"": 0.07285030895982567}",0.586452968479579,0.6071026741084347,0.020649705628855708,0.020649705628855708,0.049933149206600025,bkt_update,0.3343684712795091,0.657934537834304,0.6100324855531083,0.6291998233024462,resolved,R0084,learner_response,True,True,True,True,,,False,True,,correct,,0.031901437558021384,0.17708207687219477,0.7181661766099582,0.07285030895982567,0.06633704470164331,0.0,0.6613406689522315,0.3565312361215608,0.5855542935955309,0.0,1.0,0.0,0.0,0.0,0.0,5.0,0.7551232630226119,0.446484288377322,0.4318129412794356,0.8916696450035836,0.0,True,True,True,True,True,"[.4,.6)",late
T0085,A011,L003,SK021,7,0.8571428571428571,probing,adaptive,direct_policy,final_integrity_filtered_v1,selector,logged,False,0.7485651867477368,"{""generic"": 0.03852120889458107, ""probing"": 0.7485651867477368, ""focus"": 0.006771045578267051, ""telling"": 0.20614255877941504}",0.6071026741084347,0.6218795977294779,0.014776923621043214,0.014776923621043214,0.03761014048011479,bkt_update,0.25094306534939914,0.38768948554642363,0.6774251477444636,0.7034377845937706,resolved,R0085,learner_response,True,True,True,True,,,False,True,,correct,,0.03852120889458107,0.7485651867477368,0.006771045578267051,0.20614255877941504,0.00013405653110484805,0.0,0.45810212600495753,0.3634377203888546,0.5361988577472866,0.0,0.0,0.0,1.0,0.0,0.0,6.0,0.0,0.0,0.0,0.0,1.0,True,True,True,True,False,"[.6,.8)",late
T0086,A011,L003,SK021,8,1.0,focus,adaptive,direct_policy,final_integrity_filtered_v1,selector,logged,False,0.23592662276557005,"{""generic"": 0.09745235369360697, ""probing"": 0.40638742945494594, ""focus"": 0.23592662276557005, ""telling"": 0.2602335940858771}",0.6218795977294779,0.6596905134309354,0.03781091570145756,0.03781091570145756,0.09999702601185258,bkt_update,0.2536220949594473,0.19600974937785906,0.20567689321917285,0.5290585183861991,resolved,R0086,learner_response,True,True,True,True,,,False,True,,correct,,0.09745235369360697,0.40638742945494594,0.23592662276557005,0.2602335940858771,0.05305627275190956,0.0,0.7768873569149694,0.22805779255229047,0.5410990118188567,0.0,0.0,1.0,0.0,0.0,0.0,7.0,0.17354375090030888,0.36824675541570073,0.764223175952385,0.6987363622627225,0.0,True,True,True,True,True,"[.6,.8)",late
T0087,A012,L003,SK002,1,0.0,telling,adaptive,direct_policy,final_integrity_filtered_v1,selector,logged,False,0.8918893378771299,"{""generic"": 0.07723645873335903, ""probing"": 0.007212682144438055, ""focus"": 0.023661521245073074, ""telling"": 0.8918893378771299}",0.09854469266103076,0.38080180685012904,0.28225711418909827,0.28225711418909827,0.31311270996040924,bkt_update,0.3914954520507838,0.17574052937743237,0.6854723141689358,0.2428102051685338,resolved,R0087,learner_response,True,True,True,True,,,False,True,,correct,,0.07723645873335903,0.007212682144438055,0.023661521245073074,0.8918893378771299,0.0,1.0,0.5868563068312727,0.4738546532791409,0.37483321403770653,0.0,0.0,0.0,0.0,0.0,1.0,0.0,0.0,0.0,0.0,0.0,1.0,True,True,True,False,False,"[0,.2)",early
T0088,A012,L003,SK002,2,0.14285714285714285,focus,adaptive,direct_policy,final_integrity_filtered_v1,selector,logged,False,0.9004658055048855,"{""generic"": 0.07844703036197853, ""probing"": 0.012089727040426818, ""focus"": 0.9004658055048855, ""telling"": 0.008997437092709237}",0.38080180685012904,0.5324986103089409,0.1516968034588118,0.1516968034588118,0.2449890925668368,bkt_update,0.7197599677554427,0.145014334790364,0.807563468970839,0.38084905015892856,resolved,R0088,learner_response,True,True,True,True,,,False,True,,correct,,0.07844703036197853,0.012089727040426818,0.9004658055048855,0.008997437092709237,0.18471143706637738,0.0,0.7811169347087087,0.2117442388786384,0.6995821438881396,0.0,0.0,0.0,0.0,1.0,0.0,1.0,0.4516999620805781,0.10878260295100164,0.6326166252200436,0.39960150336184463,0.0,True,True,True,True,True,"[.2,.4)",early
T0089,A012,L003,SK002,3,0.2857142857142857,focus,adaptive,direct_policy,final_integrity_filtered_v1,selector,logged,False,0.7950349507701261,"{""generic"": 0.007165383020580424, ""probing"": 0.09704588780037988, ""focus"": 0.7950349507701261, ""telling"": 0.1007537784089136}",0.5324986103089409,0.5640086852081158,0.0315100748991749,0.0315100748991749,0.06740102937447487,bkt_update,0.466939136466169,0.4545773080845618,0.690661974633105,0.4638238431906184,resolved,R0089,learner_response,True,True,True,True,,,False,True,,correct,,0.007165383020580424,0.09704588780037988,0.7950349507701261,0.1007537784089136,0.057688916566586104,0.0,0.5815678563483997,0.4809232365566141,0.5185298813824448,0.0,0.0,0.0,1.0,0.0,0.0,2.0,0.8512831062703423,0.15916028394172543,0.8585337677149326,0.4718249968828209,0.0,True,True,True,True,True,"[.4,.6)",early
T0090,A012,L003,SK002,4,0.42857142857142855,focus,adaptive,direct_policy,final_integrity_filtered_v1,selector,logged,False,0.9480747418152548,"{""generic"": 0.033790056603321544, ""probing"": 0.012478063167433991, ""focus"": 0.9480747418152548, ""telling"": 0.005657138413989918}",0.5640086852081158,0.6773235954583189,0.11331491025020313,0.11331491025020313,0.2599017604382619,bkt_update,0.5933939496295259,0.3554104750367796,0.21021531077430708,0.18343911605228988,resolved,R0090,learner_response,True,True,True,True,,,False,True,,correct,,0.033790056603321544,0.012478063167433991,0.9480747418152548,0.005657138413989918,0.03631621601331775,0.0,0.8156787588078817,0.32131735152959184,0.4957171250351524,0.0,0.0,0.0,1.0,0.0,0.0,3.0,0.4722343757706179,0.4717178585925381,0.6661958327257483,0.4733272044995047,0.0,True,True,True,True,True,"[.4,.6)",middle
T0091,A012,L003,SK002,5,0.5714285714285714,focus,adaptive,direct_policy,final_integrity_filtered_v1,selector,logged,False,0.9856320976324844,"{""generic"": 0.005216882686474319, ""probing"": 0.005534942432607722, ""focus"": 0.9856320976324844, ""telling"": 0.003616077248433602}",0.6773235954583189,0.7618158848111309,0.08449228935281206,0.08449228935281206,0.26184836623806473,bkt_update,0.7998332908758091,0.6421177431893681,0.14484409433233883,0.6433867625499013,resolved,R0091,learner_response,True,True,True,True,,,False,True,,correct,,0.005216882686474319,0.005534942432607722,0.9856320976324844,0.003616077248433602,0.1585127510343512,0.0,0.7562640270015969,0.21783930547777036,0.3756812677157984,0.0,0.0,0.0,1.0,0.0,0.0,4.0,0.0,0.0,0.0,0.0,1.0,True,True,True,True,False,"[.6,.8)",middle
T0092,A012,L003,SK002,6,0.7142857142857143,focus,adaptive,direct_policy,final_integrity_filtered_v1,selector,logged,False,0.7763303554915811,"{""generic"": 0.14932757882188916, ""probing"": 0.019702951113148827, ""focus"": 0.7763303554915811, ""telling"": 0.0546391145733808}",0.7618158848111309,0.8023736806433672,0.04055779583223629,0.04055779583223629,0.17027918003715664,bkt_update,0.6479512758562728,0.34281422504597914,0.3977398088932718,0.3116079467235304,resolved,R0092,learner_response,True,True,True,True,,,False,True,,correct,,0.14932757882188916,0.019702951113148827,0.7763303554915811,0.0546391145733808,0.047775667215958086,0.0,0.7347150811860996,0.3187806182721243,0.4021581569479835,0.0,0.0,0.0,1.0,0.0,0.0,5.0,0.8215034783153986,0.69928998878646,0.08233240610806025,0.6699520520161323,0.0,True,True,True,True,True,"[.6,.8)",late
T0093,A012,L003,SK002,7,0.8571428571428571,focus,adaptive,direct_policy,final_integrity_filtered_v1,selector,logged,False,0.681789833520056,"{""generic"": 0.07398588636923054, ""probing"": 0.12192564430702929, ""focus"": 0.681789833520056, ""telling"": 0.1222986358036842}",0.8023736806433672,0.7891405804140396,-0.013233100229327666,-0.013233100229327666,-0.016492440553031312,bkt_update,0.6821900926995498,0.802967975176186,0.5614991682097548,0.5003154989265468,resolved,R0093,learner_response,True,True,True,True,,,False,True,,incorrect,,0.07398588636923054,0.12192564430702929,0.681789833520056,0.1222986358036842,0.06203954685850811,0.0,0.6055018863127442,0.634728429029252,0.4082569547481264,0.0,0.0,0.0,1.0,0.0,0.0,6.0,0.0,0.0,0.0,0.0,1.0,True,True,True,True,False,"[.8,1]",late
T0094,A012,L003,SK002,8,1.0,focus,adaptive,direct_policy,final_integrity_filtered_v1,selector,logged,False,0.1499570814766044,"{""generic"": 0.16839834144922344, ""probing"": 0.29666776561519775, ""focus"": 0.1499570814766044, ""telling"": 0.38497681145897444}",0.7891405804140396,0.8316623744550601,0.04252179404102052,0.04252179404102052,0.2016594474390355,bkt_update,0.4261223165383478,0.27821645207517864,0.5837833846114042,0.8384485650044634,resolved,R0094,learner_response,True,True,True,True,,,False,True,,correct,,0.16839834144922344,0.29666776561519775,0.1499570814766044,0.38497681145897444,0.0793059901593228,0.0,0.9866863826562051,0.19796814832651402,0.6367347475363588,0.0,0.0,0.0,1.0,0.0,0.0,7.0,0.7446673490094187,0.990743699939608,0.6030206197095804,0.4911840350836434,0.0,True,True,True,True,True,"[.6,.8)",late
T0095,A013,L004,SK020,1,0.0,telling,adaptive,direct_policy,final_integrity_filtered_v1,selector,logged,False,0.13576658317082177,"{""generic"": 0.4803252851744711, ""probing"": 0.27261951246306143, ""focus"": 0.11128861919164582, ""telling"": 0.13576658317082177}",0.47225427260559594,0.5926256894749679,0.12037141686937192,0.12037141686937192,0.22808600926751582,bkt_update,0.8430102569590985,0.6375992187912632,0.4675236454742763,0.3558863431023552,resolved,R0095,learner_response,True,True,True,True,,,False,True,,correct,,0.4803252851744711,0.27261951246306143,0.11128861919164582,0.13576658317082177,0.0,1.0,0.6712189601283757,0.396942526871794,0.3644080382283831,0.0,0.0,0.0,0.0,0.0,1.0,0.0,0.0,0.0,0.0,0.0,1.0,True,True,True,False,False,"[.4,.6)",early
T0096,A013,L004,SK020,2,0.14285714285714285,generic,adaptive,direct_policy,final_integrity_filtered_v1,selector,logged,False,0.5082201297273212,"{""generic"": 0.5082201297273212, ""probing"": 0.31729768213389775, ""focus"": 0.0234916895180205, ""telling"": 0.1509904986207605}",0.5926256894749679,0.7040258836147467,0.11140019413977886,0.11140019413977886,0.27345905537392395,bkt_update,0.9740272453163377,0.4777583484193854,0.5782841616153869,0.47776687497481957,resolved,R0096,learner_response,True,True,True,True,,,False,True,,correct,,0.5082201297273212,0.31729768213389775,0.0234916895180205,0.1509904986207605,0.10518002490902029,0.0,0.0,0.0,0.0,1.0,0.0,0.0,0.0,1.0,0.0,1.0,0.9655524614056351,0.45179517408514736,0.6076433292838854,0.5192819323065562,0.0,True,True,False,True,True,"[.4,.6)",early
T0097,A013,L004,SK020,3,0.2857142857142857,generic,adaptive,direct_policy,final_integrity_filtered_v1,selector,logged,False,0.6733293280410817,"{""generic"": 0.6733293280410817, ""probing"": 0.086135935012379, ""focus"": 0.03426172297082034, ""telling"": 0.20627301397571912}",0.7040258836147467,0.6052132659920881,-0.09881261762265858,-0.09881261762265858,-0.1403536715373526,bkt_update,0.7307231858831492,0.7788398196448818,0.4319522662295173,0.11859946283942027,resolved,R0097,learner_response,True,True,True,True,,,False,True,,incorrect,,0.6733293280410817,0.086135935012379,0.03426172297082034,0.20627301397571912,0.09944038990260409,0.0,0.2861802190710815,0.6610036460868848,0.4206223551750529,0.0,1.0,0.0,0.0,0.0,0.0,2.0,0.955230817017653,0.4053199807919163,0.6733783044475731,0.4096653145203949,0.0,True,True,True,True,True,"[.6,.8)",early
T0098,A013,L004,SK020,4,0.42857142857142855,generic,adaptive,direct_policy,final_integrity_filtered_v1,selector,logged,False,0.14582076964402832,"{""generic"": 0.14582076964402832, ""probing"": 0.0673860064441058, ""focus"": 0.7746923047409311, ""telling"": 0.012100919170934775}",0.6052132659920881,0.7315945233612189,0.12638125736913075,0.12638125736913075,0.3201253904509313,bkt_update,0.4283634987382056,0.6991232628246851,0.2222184393097243,0.2332172031331517,resolved,R0098,learner_response,True,True,True,True,,,False,True,,correct,,0.14582076964402832,0.0673860064441058,0.7746923047409311,0.012100919170934775,0.03988584568916999,0.0,0.7551174143449665,0.0,0.573112512768843,0.0,1.0,0.0,0.0,0.0,0.0,3.0,0.8587178774169952,0.7576995775087625,0.48714932490333634,0.16266344749255987,0.0,True,True,True,True,True,"[.6,.8)",middle
T0099,A013,L004,SK020,5,0.5714285714285714,telling,adaptive,direct_policy,final_integrity_filtered_v1,selector,logged,False,0.7715524231135499,"{""generic"": 0.02506673639218075, ""probing"": 0.005496330018555693, ""focus"": 0.1978845104757137, ""telling"": 0.7715524231135499}",0.7315945233612189,0.7561754385713222,0.024580915210103305,0.024580915210103305,0.0915812729230715,bkt_update,0.6134937337151816,0.7534077019871217,0.12119957915016158,0.6882843680876619,resolved,R0099,learner_response,True,True,True,True,,,False,True,,correct,,0.02506673639218075,0.005496330018555693,0.1978845104757137,0.7715524231135499,0.07463810682818711,0.0,0.8015319394671137,0.28214540089564555,0.5468760470208935,0.0,1.0,0.0,0.0,0.0,0.0,4.0,0.47838391059423324,0.8375984779535998,0.28555378372961787,0.40338040903427896,0.0,True,True,True,True,True,"[.6,.8)",middle
T0100,A013,L004,SK020,6,0.7142857142857143,probing,adaptive,direct_policy,final_integrity_filtered_v1,selector,logged,False,0.7978375284958658,"{""generic"": 0.14585662306660874, ""probing"": 0.7978375284958658, ""focus"": 0.03230652489818612, ""telling"": 0.023999323539339524}",0.7561754385713222,0.7066275353548835,-0.04954790321643865,-0.04954790321643865,-0.06552434883372016,bkt_update,0.6303569186826745,0.8030938057209898,0.16877324662909124,0.4860971173021319,resolved,R0100,learner_response,True,True,True,True,,,False,True,,incorrect,,0.14585662306660874,0.7978375284958658,0.03230652489818612,0.023999323539339524,0.03230949436197679,0.0,0.28733392593328805,0.7939801814167451,0.43320937595383713,0.0,0.0,0.0,0.0,1.0,0.0,5.0,0.5061116669075798,0.8440768526295394,0.14476989244788616,0.6554925590874229,0.0,True,True,True,True,True,"[.6,.8)",late
T0101,A013,L004,SK020,7,0.8571428571428571,telling,adaptive,direct_policy,final_integrity_filtered_v1,selector,logged,False,0.6607070320583115,"{""generic"": 0.1891545982649556, ""probing"": 0.13766113521324663, ""focus"": 0.01247723446348627, ""telling"": 0.6607070320583115}",0.7066275353548835,0.7308024455208151,0.02417491016593154,0.02417491016593154,0.0824034736701523,bkt_update,0.8196377667109968,0.5689748737125807,0.30345180646176706,0.532574778800267,resolved,R0101,learner_response,True,True,True,True,,,False,True,,correct,,0.1891545982649556,0.13766113521324663,0.01247723446348627,0.6607070320583115,0.0764329834703135,0.0,0.0,0.0,0.0,1.0,0.0,1.0,0.0,0.0,0.0,6.0,0.6008771066214261,0.6643937018659796,0.33704220056385037,0.601750487965094,0.0,True,True,False,True,True,"[.6,.8)",late
T0102,A013,L004,SK020,8,1.0,focus,adaptive,direct_policy,final_integrity_filtered_v1,selector,logged,False,0.29732466098907495,"{""generic"": 0.1781100628189974, ""probing"": 0.5085685730909044, ""focus"": 0.29732466098907495, ""telling"": 0.015996703101023125}",0.7308024455208151,0.7658835043059611,0.035081058785146,0.035081058785146,0.1303171525945588,bkt_update,0.6432083697545272,0.47780792559285196,0.24273399386892128,0.710036680937629,resolved,R0102,learner_response,True,True,True,True,,,False,True,,correct,,0.1781100628189974,0.5085685730909044,0.29732466098907495,0.015996703101023125,0.05181361029356606,0.0,0.6542003952376506,0.34630333635018273,0.5721452371366336,0.0,0.0,0.0,0.0,1.0,0.0,7.0,0.0,0.0,0.0,0.0,1.0,True,True,True,True,False,"[.6,.8)",late
T0103,A014,L004,SK015,1,0.0,probing,adaptive,direct_policy,final_integrity_filtered_v1,selector,logged,False,0.8537385886934299,"{""generic"": 0.04439206933963357, ""probing"": 0.8537385886934299, ""focus"": 0.05591195778852274, ""telling"": 0.04595738417841375}",0.7439890666956206,0.7915608661289807,0.047571799433360096,0.047571799433360096,0.18581940552046852,bkt_update,0.4068455900783494,0.3493735502468998,0.6878423655481914,0.4804460294056119,resolved,R0103,learner_response,True,True,True,True,,,False,True,,correct,,0.04439206933963357,0.8537385886934299,0.05591195778852274,0.04595738417841375,0.0,1.0,1.0,0.2534879759517373,0.7259650370211612,0.0,0.0,0.0,0.0,0.0,1.0,0.0,0.0,0.0,0.0,0.0,1.0,True,True,True,False,False,"[.6,.8)",early
T0104,A014,L004,SK015,2,0.14285714285714285,focus,adaptive,direct_policy,final_integrity_filtered_v1,selector,logged,False,0.14439803487427136,"{""generic"": 0.13166941797407322, ""probing"": 0.05785862231871641, ""focus"": 0.14439803487427136, ""telling"": 0.666073924832939}",0.7915608661289807,0.793885234244145,0.0023243681151643436,0.0023243681151643436,0.011151303845863447,bkt_update,0.8625432945472845,0.4502645346623831,0.47614939445401994,0.3494037383692401,resolved,R0104,learner_response,True,True,True,True,,,False,True,,correct,,0.13166941797407322,0.05785862231871641,0.14439803487427136,0.666073924832939,0.05545237193709986,0.0,0.3763246505223608,0.44042775136520024,0.56768169386413,0.0,0.0,1.0,0.0,0.0,0.0,1.0,0.36658883868068903,0.429594037722064,0.7594764537567289,0.6093699040617746,0.0,True,True,True,True,True,"[.6,.8)",early
T0105,A014,L004,SK015,3,0.2857142857142857,focus,adaptive,direct_policy,final_integrity_filtered_v1,selector,logged,False,0.6252835716801407,"{""generic"": 0.22905893545269665, ""probing"": 0.11532286329271256, ""focus"": 0.6252835716801407, ""telling"": 0.03033462957445008}",0.793885234244145,0.793830356815021,-5.4877429124022825e-05,-5.4877429124022825e-05,-6.912514146490129e-05,bkt_update,0.6575788958502086,0.28367706667079456,0.12912279618886832,0.7079804389055313,resolved,R0105,learner_response,True,True,True,True,,,False,True,,incorrect,,0.22905893545269665,0.11532286329271256,0.6252835716801407,0.03033462957445008,0.06014007641508359,0.0,0.6720408850595557,0.35730580728885997,0.391780119363089,0.0,0.0,0.0,1.0,0.0,0.0,2.0,0.8268289793410264,0.2868829381411063,0.5200039251051621,0.5871220601039461,0.0,True,True,True,True,True,"[.6,.8)",early
T0106,A014,L004,SK015,4,0.42857142857142855,generic,adaptive,direct_policy,final_integrity_filtered_v1,selector,logged,False,0.6745275797451564,"{""generic"": 0.6745275797451564, ""probing"": 0.1467129578084162, ""focus"": 0.12172047320384032, ""telling"": 0.057038989242587025}",0.793830356815021,0.6574900820518224,-0.13634027476319865,-0.13634027476319865,-0.1717498878604472,bkt_update,0.6277430129435401,0.6491736715346574,0.35308895154682,0.46865026095242013,resolved,R0106,learner_response,True,True,True,True,,,False,True,,incorrect,,0.6745275797451564,0.1467129578084162,0.12172047320384032,0.057038989242587025,-0.03193697576510487,0.0,0.205866540859298,0.675665786671596,0.1274296263793539,0.0,0.0,0.0,1.0,0.0,0.0,3.0,0.5358245697200958,0.24066656246703927,0.15345506049225754,0.6143277933148926,0.0,True,True,True,True,True,"[.6,.8)",middle
T0107,A014,L004,SK015,5,0.5714285714285714,telling,adaptive,direct_policy,final_integrity_filtered_v1,selector,logged,False,0.6913650539647062,"{""generic"": 0.17947450313782368, ""probing"": 0.03950364614147901, ""focus"": 0.08965679675599116, ""telling"": 0.6913650539647062}",0.6574900820518224,0.6769663240388192,0.019476241986996823,0.019476241986996823,0.05686329348846363,bkt_update,0.5801319191294345,0.4442145660903006,0.176778692927059,0.6052208322265655,resolved,R0107,learner_response,True,True,True,True,,,False,True,,correct,,0.17947450313782368,0.03950364614147901,0.08965679675599116,0.6913650539647062,-0.04706975812334737,0.0,0.45600077756031443,0.4526010034536826,0.37626742581003225,0.0,1.0,0.0,0.0,0.0,0.0,4.0,0.5681834296764003,0.6850309496832712,0.25272935132510366,0.31542985617274266,0.0,True,True,True,True,True,"[.6,.8)",middle
T0108,A014,L004,SK015,6,0.7142857142857143,focus,adaptive,direct_policy,final_integrity_filtered_v1,selector,logged,False,0.13777055446475564,"{""generic"": 0.04629796322795127, ""probing"": 0.2767488877352877, ""focus"": 0.13777055446475564, ""telling"": 0.5391825945720053}",0.6769663240388192,0.6005519788960592,-0.07641434514276002,-0.07641434514276002,-0.11287761655095004,bkt_update,0.3807965472847035,0.4240459876252352,0.538745999479684,0.4647159188374619,resolved,R0108,learner_response,True,True,True,True,,,False,True,,incorrect,,0.04629796322795127,0.2767488877352877,0.13777055446475564,0.5391825945720053,0.02954160292283683,0.0,0.41443775371629205,0.7269149071617386,0.18450126297965436,0.0,0.0,0.0,0.0,1.0,0.0,5.0,0.6503090945227071,0.38282983083610034,0.217497698838758,0.7335964190828166,0.0,True,True,True,True,True,"[.6,.8)",late
T0109,A014,L004,SK015,7,0.8571428571428571,telling,adaptive,direct_policy,final_integrity_filtered_v1,selector,logged,False,0.31195506882774765,"{""generic"": 0.07887912990625259, ""probing"": 0.19236357309802235, ""focus"": 0.41680222816797735, ""telling"": 0.31195506882774765}",0.6005519788960592,0.6121911680234191,0.01163918912735995,0.01163918912735995,0.029138181972195334,bkt_update,0.6262850365098306,0.4574675468844047,0.3359358057748083,0.7734581845551534,resolved,R0109,learner_response,True,True,True,True,,,False,True,,correct,,0.07887912990625259,0.19236357309802235,0.41680222816797735,0.31195506882774765,0.01051102875663218,0.0,0.6701533917077895,0.6230204311058988,0.6894156315466421,0.0,0.0,0.0,1.0,0.0,0.0,6.0,0.4916235002660356,0.46417182994504264,0.4013013136050584,0.4609132238130357,0.0,True,True,True,True,True,"[.6,.8)",late
T0110,A014,L004,SK015,8,1.0,telling,adaptive,direct_policy,final_integrity_filtered_v1,selector,logged,False,0.744473354993504,"{""generic"": 0.01425545646139705, ""probing"": 0.21377159153865966, ""focus"": 0.027499597006439298, ""telling"": 0.744473354993504}",0.6121911680234191,0.6605016141880751,0.04831044616465596,0.04831044616465596,0.12457283635967668,bkt_update,0.4775020948557647,0.4514384808397853,0.682073831832277,0.5145506580422987,resolved,R0110,learner_response,True,True,True,True,,,False,True,,correct,,0.01425545646139705,0.21377159153865966,0.027499597006439298,0.744473354993504,0.05819642662836715,0.0,0.6290158636232103,0.4520695609389459,0.4047074880299993,0.0,0.0,0.0,0.0,1.0,0.0,7.0,0.5104350820258664,0.5120074384992779,0.5228900402132208,0.7328495415040915,0.0,True,True,True,True,True,"[.6,.8)",late
T0111,A015,L004,SK007,1,0.0,generic,adaptive,direct_policy,final_integrity_filtered_v1,selector,logged,False,0.9754789453189124,"{""generic"": 0.9754789453189124, ""probing"": 0.004345960564405788, ""focus"": 0.012310201316425066, ""telling"": 0.007864892800256727}",0.8522233331119975,0.868457189659752,0.016233856547754555,0.016233856547754555,0.10985399041418309,bkt_update,0.14891243097080067,0.7489728032473717,0.3179273158305619,0.2911694797174087,resolved,R0111,learner_response,True,True,True,True,,,False,True,,correct,,0.9754789453189124,0.004345960564405788,0.012310201316425066,0.007864892800256727,0.0,1.0,0.5833475290717195,0.4424629556060675,0.5847737510859338,0.0,0.0,0.0,0.0,0.0,1.0,0.0,0.0,0.0,0.0,0.0,1.0,True,True,True,False,False,"[.8,1]",early
T0112,A015,L004,SK007,2,0.14285714285714285,generic,adaptive,direct_policy,final_integrity_filtered_v1,selector,logged,False,0.8325936152945517,"{""generic"": 0.8325936152945517, ""probing"": 0.01350344942361918, ""focus"": 0.09913419684972365, ""telling"": 0.05476873843210542}",0.868457189659752,0.8765761764793147,0.00811898681956269,0.00811898681956269,0.06172125104034315,bkt_update,0.41248096324670064,0.3978871035040539,0.9312781301945289,0.6589484890652547,resolved,R0112,learner_response,True,True,True,True,,,False,True,,correct,,0.8325936152945517,0.01350344942361918,0.09913419684972365,0.05476873843210542,0.024734459386832074,0.0,0.5808461472799324,0.5415838374725317,0.5023420435913459,0.0,1.0,0.0,0.0,0.0,0.0,1.0,0.09719955291227628,0.9692696533347096,0.4657611009640905,0.27021928714408383,0.0,True,True,True,True,True,"[.8,1]",early
T0113,A015,L004,SK007,3,0.2857142857142857,generic,adaptive,direct_policy,final_integrity_filtered_v1,selector,logged,False,0.10281636529703057,"{""generic"": 0.10281636529703057, ""probing"": 0.0811604059921782, ""focus"": 0.6491175520460881, ""telling"": 0.16690567666470313}",0.8765761764793147,0.8716080293451248,-0.004968147134189915,-0.004968147134189915,-0.005667673007204015,bkt_update,0.5159393362596743,0.5613054580993806,0.58050392653043,0.7145105670495994,resolved,R0113,learner_response,True,True,True,True,,,False,True,,incorrect,,0.10281636529703057,0.0811604059921782,0.6491175520460881,0.16690567666470313,0.026748472188769214,0.0,0.8281868067463231,0.17899566826571878,0.5873912151115469,0.0,1.0,0.0,0.0,0.0,0.0,2.0,0.6847226386768466,0.46876137183167493,0.9544462111662121,0.53254987192966,0.0,True,True,True,True,True,"[.8,1]",early
T0114,A015,L004,SK007,4,0.42857142857142855,probing,adaptive,direct_policy,final_integrity_filtered_v1,selector,logged,False,0.7945564325573362,"{""generic"": 0.03667249948539778, ""probing"": 0.7945564325573362, ""focus"": 0.15197674346988405, ""telling"": 0.016794324487382016}",0.8716080293451248,0.8931723606261801,0.021564331281055282,0.021564331281055282,0.16795700830094287,bkt_update,0.5974719949323241,0.7123841814542489,0.33394500576561537,0.30155875438500385,resolved,R0114,learner_response,True,True,True,True,,,False,True,,correct,,0.03667249948539778,0.7945564325573362,0.15197674346988405,0.016794324487382016,0.060133479379892614,0.0,0.8490930876778551,0.0,0.6606377380011115,0.0,1.0,0.0,0.0,0.0,0.0,3.0,0.6885389366213471,0.5192685625580267,0.3696745386958203,0.7066509630552569,0.0,True,True,True,True,True,"[.8,1]",middle
T0115,A015,L004,SK007,5,0.5714285714285714,probing,adaptive,direct_policy,final_integrity_filtered_v1,selector,logged,False,0.6461262889457146,"{""generic"": 0.19676125798801847, ""probing"": 0.6461262889457146, ""focus"": 0.0324965013328985, ""telling"": 0.1246159517333685}",0.8931723606261801,0.8783421406749046,-0.014830219951275536,-0.014830219951275536,-0.016603984409995012,bkt_update,0.33628399585937513,0.5975558833673389,0.440395415853975,0.42191919589751625,resolved,R0115,learner_response,True,True,True,True,,,False,True,,incorrect,,0.19676125798801847,0.6461262889457146,0.0324965013328985,0.1246159517333685,-0.016234989619462833,0.0,0.3244310638703034,0.8649841340588929,0.31446761618567626,0.0,0.0,1.0,0.0,0.0,0.0,4.0,0.6556526983933598,0.8069325143750355,0.22432780656218226,0.22577520511886212,0.0,True,True,True,True,True,"[.8,1]",middle
T0116,A015,L004,SK007,6,0.7142857142857143,probing,adaptive,direct_policy,final_integrity_filtered_v1,selector,logged,False,0.6308778305051653,"{""generic"": 0.07590168037239724, ""probing"": 0.6308778305051653, ""focus"": 0.02511409195486946, ""telling"": 0.26810639716756796}",0.8783421406749046,0.8969435752809587,0.018601434606054124,0.018601434606054124,0.1528995718751484,bkt_update,0.800524376084798,0.1971249246773473,0.4570308716677469,0.4974693475428808,resolved,R0116,learner_response,True,True,True,True,,,False,True,,correct,,0.07590168037239724,0.6308778305051653,0.02511409195486946,0.26810639716756796,0.05916196901099,0.0,0.7029801196870108,0.3092734346016472,0.5626475757823775,0.0,0.0,1.0,0.0,0.0,0.0,5.0,0.4549390775927271,0.6987350100675099,0.42303597714393126,0.4503322972693244,0.0,True,True,True,True,True,"[.8,1]",late
T0117,A015,L004,SK007,7,0.8571428571428571,focus,adaptive,direct_policy,final_integrity_filtered_v1,selector,logged,False,0.7947340582553288,"{""generic"": 0.13111000442866672, ""probing"": 0.05924727070242057, ""focus"": 0.7947340582553288, ""telling"": 0.014908666613583983}",0.8969435752809587,0.911384318505434,0.014440743224475305,0.014440743224475305,0.14012462846294677,bkt_update,0.554021054800464,0.3582476937458559,0.5944622488613683,0.35546501660755914,resolved,R0117,learner_response,True,True,True,True,,,False,True,,correct,,0.13111000442866672,0.05924727070242057,0.7947340582553288,0.014908666613583983,0.10624187708174032,0.0,0.921631052724899,0.03252103485558904,0.5706969255927636,0.0,0.0,1.0,0.0,0.0,0.0,6.0,1.0,0.20083855794206903,0.5424465693963872,0.3072041752902871,0.0,True,True,True,True,True,"[.8,1]",late
T0118,A015,L004,SK007,8,1.0,probing,adaptive,direct_policy,final_integrity_filtered_v1,selector,logged,False,0.6492462897609507,"{""generic"": 0.10034276044359355, ""probing"": 0.6492462897609507, ""focus"": 0.08863619149324672, ""telling"": 0.1617747583022091}",0.911384318505434,0.9120332573526173,0.0006489388471833113,0.0006489388471833113,0.007323070095929972,bkt_update,0.7188290802553147,0.8025458624253511,0.607262292763289,0.6719434265344292,resolved,R0118,learner_response,True,True,True,True,,,False,True,,correct,,0.10034276044359355,0.6492462897609507,0.08863619149324672,0.1617747583022091,0.03838917163443819,0.0,0.4903072376570402,0.363438448565957,0.633051717248833,0.0,0.0,0.0,1.0,0.0,0.0,7.0,0.0,0.0,0.0,0.0,1.0,True,True,True,True,False,"[.8,1]",late
T0119,A016,L005,SK012,1,0.0,probing,adaptive,direct_policy,final_integrity_filtered_v1,selector,logged,False,0.78365057130957,"{""generic"": 0.1585470692492998, ""probing"": 0.78365057130957, ""focus"": 0.027301318785951424, ""telling"": 0.030501040655178644}",0.19757306437101674,0.1867561897908696,-0.010816874580147129,-0.010816874580147129,-0.05474873113186337,bkt_update,0.7438597943612651,0.9899296158586843,0.48050772715696244,0.9126919522240674,resolved,R0119,learner_response,True,True,True,True,,,False,True,,incorrect,,0.1585470692492998,0.78365057130957,0.027301318785951424,0.030501040655178644,0.0,1.0,0.3946696610820699,0.35498602161504433,0.5982207115687439,0.0,0.0,0.0,0.0,0.0,1.0,0.0,0.0,0.0,0.0,0.0,1.0,True,True,True,False,False,"[0,.2)",early
T0120,A016,L005,SK012,2,0.14285714285714285,probing,adaptive,direct_policy,final_integrity_filtered_v1,selector,logged,False,0.5836641383581916,"{""generic"": 0.16525493755557427, ""probing"": 0.5836641383581916, ""focus"": 0.23529953914346655, ""telling"": 0.015781384942767616}",0.1867561897908696,0.15893667022997418,-0.027819519560895428,-0.027819519560895428,-0.14896170023626978,bkt_update,0.8349990036137742,0.16441679073546267,0.5266221894590232,0.587658302766764,resolved,R0120,learner_response,True,True,True,True,,,False,True,,incorrect,,0.16525493755557427,0.5836641383581916,0.23529953914346655,0.015781384942767616,0.01706708909348209,0.0,0.6691331601348015,0.45904247135928444,0.44779864090569677,0.0,0.0,1.0,0.0,0.0,0.0,1.0,0.809158907119909,1.0,0.6870106634386399,1.0,0.0,True,True,True,True,True,"[0,.2)",early
T0121,A016,L005,SK012,3,0.2857142857142857,probing,adaptive,direct_policy,final_integrity_filtered_v1,selector,logged,False,0.9357087644258808,"{""generic"": 0.031194121484670826, ""probing"": 0.9357087644258808, ""focus"": 0.006344480595015076, ""telling"": 0.02675263349443321}",0.15893667022997418,0.6846305699804325,0.5256938997504583,0.5256938997504583,0.6250348590209017,bkt_update,0.75719408700637,0.932521451888027,0.5030583779744129,0.12300675320374539,resolved,R0121,learner_response,True,True,True,True,,,False,True,,correct,,0.031194121484670826,0.9357087644258808,0.006344480595015076,0.02675263349443321,0.13417218759813063,0.0,0.984065220024395,0.15459619244643946,0.7158443966383873,0.0,0.0,1.0,0.0,0.0,0.0,2.0,0.0,0.0,0.0,0.0,1.0,True,True,True,True,False,"[0,.2)",early
T0122,A016,L005,SK012,4,0.42857142857142855,probing,adaptive,direct_policy,final_integrity_filtered_v1,selector,logged,False,0.7742030687547681,"{""generic"": 0.056911123090247616, ""probing"": 0.7742030687547681, ""focus"": 0.08877539226799298, ""telling"": 0.0801104158869914}",0.6846305699804325,0.6513744786975543,-0.03325609128287821,-0.03325609128287821,-0.0485752356688202,bkt_update,0.838042958605705,0.33262612413014014,0.2670442100542259,0.5422676614867791,resolved,R0122,learner_response,True,True,True,True,,,False,True,,incorrect,,0.056911123090247616,0.7742030687547681,0.08877539226799298,0.0801104158869914,0.07405374259731476,0.0,0.4222940375813996,0.7660619943584975,0.2143561643894732,0.0,0.0,1.0,0.0,0.0,0.0,3.0,0.0,0.0,0.0,0.0,1.0,True,True,True,True,False,"[.6,.8)",middle
T0123,A016,L005,SK012,5,0.5714285714285714,probing,adaptive,direct_policy,final_integrity_filtered_v1,selector,logged,False,0.5381571853599402,"{""generic"": 0.0883352221019621, ""probing"": 0.5381571853599402, ""focus"": 0.3472809844847735, ""telling"": 0.026226608053324187}",0.6513744786975543,0.7429566703819744,0.09158219168442017,0.09158219168442017,0.26269502973354947,bkt_update,0.89229751967749,0.3101519044413155,0.7562507918478271,0.6988488184435829,resolved,R0123,learner_response,True,True,True,True,,,False,True,,correct,,0.0883352221019621,0.5381571853599402,0.3472809844847735,0.026226608053324187,0.02542303594096519,0.0,0.7563067319147511,0.21985059682320318,0.42857267097518986,0.0,0.0,1.0,0.0,0.0,0.0,4.0,0.8913745951681256,0.3368531351452182,0.30293911652029015,0.5694234549085804,0.0,True,True,True,True,True,"[.6,.8)",middle
T0124,A016,L005,SK012,6,0.7142857142857143,probing,adaptive,direct_policy,final_integrity_filtered_v1,selector,logged,False,0.7056225773675631,"{""generic"": 0.06445164101975207, ""probing"": 0.7056225773675631, ""focus"": 0.19007416403032504, ""telling"": 0.039851617582359854}",0.7429566703819744,0.7818270825912882,0.038870412209313754,0.038870412209313754,0.15122124455466868,bkt_update,0.5578102254073996,0.618979886459056,0.7160345181075405,0.8434450299107668,resolved,R0124,learner_response,True,True,True,True,,,False,True,,correct,,0.06445164101975207,0.7056225773675631,0.19007416403032504,0.039851617582359854,0.030847714111899936,0.0,0.8947241786432648,0.38677228053809887,0.4724723411350798,0.0,0.0,1.0,0.0,0.0,0.0,5.0,0.9387042587564172,0.24184456729015208,0.7871087190852031,0.6802097206821298,0.0,True,True,True,True,True,"[.6,.8)",late
T0125,A016,L005,SK012,7,0.8571428571428571,focus,adaptive,direct_policy,final_integrity_filtered_v1,selector,logged,False,0.4484132173109385,"{""generic"": 0.1946774483834973, ""probing"": 0.11135652344778499, ""focus"": 0.4484132173109385, ""telling"": 0.2455528108577792}",0.7818270825912882,0.741634736732831,-0.04019234585845721,-0.04019234585845721,-0.05140822920234955,bkt_update,0.5338956088578527,0.7148229974981644,0.42131412062662815,0.5201364156807642,resolved,R0125,learner_response,True,True,True,True,,,False,True,,incorrect,,0.1946774483834973,0.11135652344778499,0.4484132173109385,0.2455528108577792,0.055062768360730575,0.0,0.518668865858033,0.5491933520997129,0.5027746187872371,0.0,0.0,1.0,0.0,0.0,0.0,6.0,0.5049579934737675,0.5864386840184523,0.6553016013604307,0.7080728977652001,0.0,True,True,True,True,True,"[.6,.8)",late
T0126,A016,L005,SK012,8,1.0,focus,adaptive,direct_policy,final_integrity_filtered_v1,selector,logged,False,0.8383472720877906,"{""generic"": 0.12211077707532467, ""probing"": 0.023797023111758856, ""focus"": 0.8383472720877906, ""telling"": 0.015744927725125764}",0.741634736732831,0.7885142205199521,0.046879483787121146,0.046879483787121146,0.18144654275232136,bkt_update,0.1340114885338223,0.9285973071683785,0.49942109392664735,0.7187084087661045,resolved,R0126,learner_response,True,True,True,True,,,False,True,,correct,,0.12211077707532467,0.023797023111758856,0.8383472720877906,0.015744927725125764,0.10784570720493754,0.0,0.7945245316065984,0.28807221267382344,0.584328083212961,0.0,0.0,0.0,1.0,0.0,0.0,7.0,0.0,0.0,0.0,0.0,1.0,True,True,True,True,False,"[.6,.8)",late
T0127,A017,L006,SK008,1,0.0,generic,adaptive,direct_policy,final_integrity_filtered_v1,selector,logged,False,0.15207437213415523,"{""generic"": 0.15207437213415523, ""probing"": 0.20994364636577179, ""focus"": 0.2973498202233773, ""telling"": 0.34063216127669566}",0.3070036708594031,0.4638651885740134,0.15686151771461027,0.15686151771461027,0.22635259541582042,bkt_update,0.3869218225473742,0.6578112339047303,0.4206103963216014,0.631433770548163,resolved,R0127,learner_response,True,True,True,True,,,False,True,,correct,,0.15207437213415523,0.20994364636577179,0.2973498202233773,0.34063216127669566,0.0,1.0,0.7918613050826169,0.3763523087024749,0.5295475782284842,0.0,0.0,0.0,0.0,0.0,1.0,0.0,0.0,0.0,0.0,0.0,1.0,True,True,True,False,False,"[.2,.4)",early
T0128,A017,L006,SK008,2,0.14285714285714285,probing,adaptive,direct_policy,final_integrity_filtered_v1,selector,logged,False,0.5787691930058735,"{""generic"": 0.1980492573355416, ""probing"": 0.5787691930058735, ""focus"": 0.07069237023730085, ""telling"": 0.15248917942128412}",0.4638651885740134,0.43799712861432505,-0.025868059959688328,-0.025868059959688328,-0.05576633167755134,bkt_update,0.6604055720997967,0.6001075717671535,0.48369998143196685,0.3968801911535742,resolved,R0128,learner_response,True,True,True,True,,,False,True,,incorrect,,0.1980492573355416,0.5787691930058735,0.07069237023730085,0.15248917942128412,0.04443088285977992,0.0,0.3427583021193468,0.844939346250721,0.44554207801979334,0.0,1.0,0.0,0.0,0.0,0.0,1.0,0.290209593908086,0.6523193773614052,0.4431112504074861,0.6475160248165692,0.0,True,True,True,True,True,"[.4,.6)",early
T0129,A017,L006,SK008,3,0.2857142857142857,focus,adaptive,direct_policy,final_integrity_filtered_v1,selector,logged,False,0.6996620057468277,"{""generic"": 0.1827408461798709, ""probing"": 0.04361893844791632, ""focus"": 0.6996620057468277, ""telling"": 0.07397820962538508}",0.43799712861432505,0.48399502948107376,0.04599790086674871,0.04599790086674871,0.08184638052353048,bkt_update,0.6552066647080231,0.6079505891090632,0.38560059316258205,0.75180013757719,resolved,R0129,learner_response,True,True,True,True,,,False,True,,correct,,0.1827408461798709,0.04361893844791632,0.6996620057468277,0.07397820962538508,0.021894808463725553,0.0,0.40944613092865295,0.627818296496682,0.2928207774633898,0.0,0.0,1.0,0.0,0.0,0.0,2.0,0.8084626288827628,0.6554053446227185,0.43429637887648864,0.21230858632644564,0.0,True,True,True,True,True,"[.4,.6)",early
T0130,A017,L006,SK008,4,0.42857142857142855,generic,adaptive,direct_policy,final_integrity_filtered_v1,selector,logged,False,0.515499083818919,"{""generic"": 0.515499083818919, ""probing"": 0.2751404973308532, ""focus"": 0.10666591454328656, ""telling"": 0.10269450430694121}",0.48399502948107376,0.4871487014971954,0.003153672016121656,0.003153672016121656,0.00611170860030695,bkt_update,0.5654449910382756,0.24075952430449246,0.4442305819552955,0.5692683195285888,resolved,R0130,learner_response,True,True,True,True,,,False,True,,correct,,0.515499083818919,0.2751404973308532,0.10666591454328656,0.10269450430694121,0.06728227750944833,0.0,0.4204397926149742,0.5813094794238853,0.2830831417620774,0.0,0.0,0.0,1.0,0.0,0.0,3.0,0.759292239493561,0.6037208399230586,0.5141942180964871,0.7840839250790455,0.0,True,True,True,True,True,"[.4,.6)",middle
T0131,A017,L006,SK008,5,0.5714285714285714,focus,adaptive,direct_policy,final_integrity_filtered_v1,selector,logged,False,0.11911919157159097,"{""generic"": 0.26101375225992474, ""probing"": 0.48079723487398296, ""focus"": 0.11911919157159097, ""telling"": 0.13906982129450138}",0.4871487014971954,0.587159894518275,0.10001119302107958,0.10001119302107958,0.1950101195279174,bkt_update,0.31518189959744114,0.28896719640767854,0.6372028026697433,0.33281389015587776,resolved,R0131,learner_response,True,True,True,True,,,False,True,,correct,,0.26101375225992474,0.48079723487398296,0.11911919157159097,0.13906982129450138,0.0634756134567157,0.0,0.6176473206097157,0.3594465504367989,0.5150795755249026,0.0,1.0,0.0,0.0,0.0,0.0,4.0,0.0,0.0,0.0,0.0,1.0,True,True,True,True,False,"[.4,.6)",middle
T0132,A017,L006,SK008,6,0.7142857142857143,generic,adaptive,direct_policy,final_integrity_filtered_v1,selector,logged,False,0.10429623262801459,"{""generic"": 0.10429623262801459, ""probing"": 0.6260051360638941, ""focus"": 0.049999446205439835, ""telling"": 0.2196991851026516}",0.587159894518275,0.6398850760928296,0.052725181574554636,0.052725181574554636,0.12771332260229887,bkt_update,0.8554567474765715,0.9160715083628597,0.45996034625839227,0.7516998621668917,resolved,R0132,learner_response,True,True,True,True,,,False,True,,correct,,0.10429623262801459,0.6260051360638941,0.049999446205439835,0.2196991851026516,0.07481790364508784,0.0,0.6425590323850284,0.3676735562273945,0.4798830311806019,0.0,0.0,0.0,1.0,0.0,0.0,5.0,0.42934326117641475,0.34424290779914185,0.8016050616834514,0.3732563788421712,0.0,True,True,True,True,True,"[.4,.6)",late
T0133,A017,L006,SK008,7,0.8571428571428571,focus,adaptive,direct_policy,final_integrity_filtered_v1,selector,logged,False,0.8265911143288216,"{""generic"": 0.07623286922838232, ""probing"": 0.0561920374680177, ""focus"": 0.8265911143288216, ""telling"": 0.04098397897477855}",0.6398850760928296,0.7524314044325676,0.11254632833973799,0.11254632833973799,0.31252892026421525,bkt_update,0.039389288218067135,0.3440987906280221,0.2407860391014893,0.17200122817727737,resolved,R0133,learner_response,True,True,True,True,,,False,True,,correct,,0.07623286922838232,0.0561920374680177,0.8265911143288216,0.04098397897477855,0.14614608193646025,0.0,0.7958583581792917,0.09794601233632891,0.5347978417820982,0.0,1.0,0.0,0.0,0.0,0.0,6.0,0.9572255988565593,0.9818994958159698,0.48923696832824665,0.9265442131368936,0.0,True,True,True,True,True,"[.6,.8)",late
T0134,A017,L006,SK008,8,1.0,generic,adaptive,direct_policy,final_integrity_filtered_v1,selector,logged,False,0.34444421889159427,"{""generic"": 0.34444421889159427, ""probing"": 0.2407267298927865, ""focus"": 0.10860800124852431, ""telling"": 0.3062210499670949}",0.7524314044325676,0.7751695616741102,0.0227381572415426,0.0227381572415426,0.09184588695277068,bkt_update,0.6882799950663614,0.33861387701408335,0.09650490266634923,0.6791431605723546,resolved,R0134,learner_response,True,True,True,True,,,False,True,,correct,,0.34444421889159427,0.2407267298927865,0.10860800124852431,0.3062210499670949,0.0043505042054313575,0.0,0.48295256797496044,0.33399734848297585,0.0921800680519308,0.0,0.0,0.0,1.0,0.0,0.0,7.0,0.03479509044908258,0.2181764901556801,0.28049275787130334,0.16624238561775972,0.0,True,True,True,True,True,"[.6,.8)",late
T0135,A018,L007,SK015,1,0.0,generic,adaptive,direct_policy,final_integrity_filtered_v1,selector,logged,False,0.9088860154572801,"{""generic"": 0.9088860154572801, ""probing"": 0.08007155271539347, ""focus"": 0.0044100633612221, ""telling"": 0.006632368466104384}",0.30249918650608293,0.5125884948203762,0.21008930831429323,0.21008930831429323,0.3012029581183068,bkt_update,0.8647492662106122,0.62487170795685,0.3803902846212965,0.5654589122539773,resolved,R0135,learner_response,True,True,True,True,,,False,True,,correct,,0.9088860154572801,0.08007155271539347,0.0044100633612221,0.006632368466104384,0.0,1.0,0.5342041719587458,0.21797189474600875,0.6015344102177742,0.0,0.0,0.0,0.0,0.0,1.0,0.0,0.0,0.0,0.0,0.0,1.0,True,True,True,False,False,"[.2,.4)",early
T0136,A018,L007,SK015,2,0.16666666666666666,focus,adaptive,direct_policy,final_integrity_filtered_v1,selector,logged,False,0.5492251893144152,"{""generic"": 0.048816781715236957, ""probing"": 0.24814106718089493, ""focus"": 0.5492251893144152, ""telling"": 0.15381696178945298}",0.5125884948203762,0.5605465956012277,0.0479581007808515,0.0479581007808515,0.09839345249591039,bkt_update,0.5117254596700984,0.230657059352899,0.5207980177063048,0.5153985393100099,resolved,R0136,learner_response,True,True,True,True,,,False,True,,correct,,0.048816781715236957,0.24814106718089493,0.5492251893144152,0.15381696178945298,0.0807476138460414,0.0,0.3825884305066192,0.40111325866833436,0.4670831069013291,0.0,1.0,0.0,0.0,0.0,0.0,1.0,0.8702592859209168,0.6832639799912584,0.4445401710224746,0.6314738753365948,0.0,True,True,True,True,True,"[.4,.6)",early
T0137,A018,L007,SK015,3,0.3333333333333333,generic,adaptive,direct_policy,final_integrity_filtered_v1,selector,logged,False,0.8875501279130917,"{""generic"": 0.8875501279130917, ""probing"": 0.03729086656449255, ""focus"": 0.013415207056759125, ""telling"": 0.061743798465656696}",0.5605465956012277,0.5961089769329517,0.03556238133172407,0.03556238133172407,0.08092412295764984,bkt_update,0.6012409932685612,0.8055729842213939,0.25169176099947105,0.5338996085967116,resolved,R0137,learner_response,True,True,True,True,,,False,True,,correct,,0.8875501279130917,0.03729086656449255,0.013415207056759125,0.061743798465656696,0.04124119284241978,0.0,0.4611813169411393,0.4914961755561985,0.5887365979491167,0.0,0.0,0.0,1.0,0.0,0.0,2.0,0.44635173669425987,0.24777232516933176,0.3980102943572593,0.5992624736960993,0.0,True,True,True,True,True,"[.4,.6)",middle
T0138,A018,L007,SK015,4,0.5,generic,adaptive,direct_policy,final_integrity_filtered_v1,selector,logged,False,0.9012302135355481,"{""generic"": 0.9012302135355481, ""probing"": 0.01779080649160737, ""focus"": 0.06640907021017324, ""telling"": 0.014569909762671246}",0.5961089769329517,0.6682763567703391,0.07216737983738741,0.07216737983738741,0.17868032641420506,bkt_update,0.5059267586169863,0.5730563590621376,0.5902374524295353,0.20812351897446116,resolved,R0138,learner_response,True,True,True,True,,,False,True,,correct,,0.9012302135355481,0.01779080649160737,0.06640907021017324,0.014569909762671246,0.024309914570126868,0.0,0.5472393977165351,0.4668494484694283,0.3363777048812219,0.0,1.0,0.0,0.0,0.0,0.0,3.0,0.6029812857434886,0.792165042286217,0.30525464493358984,0.6969838301920281,0.0,True,True,True,True,True,"[.4,.6)",middle
T0139,A018,L007,SK015,5,0.6666666666666666,generic,adaptive,direct_policy,final_integrity_filtered_v1,selector,logged,False,0.25186349460566604,"{""generic"": 0.25186349460566604, ""probing"": 0.0368542120182304, ""focus"": 0.4146014888184018, ""telling"": 0.2966808045577018}",0.6682763567703391,0.5952641983868576,-0.07301215838348152,-0.07301215838348152,-0.10925443889162308,bkt_update,0.869666181969128,0.8094498663831624,0.6925847947792471,0.5996404467879654,resolved,R0139,learner_response,True,True,True,True,,,False,True,,incorrect,,0.25186349460566604,0.0368542120182304,0.4146014888184018,0.2966808045577018,-0.025196972430298666,0.0,0.4894444047840687,0.42018219151566755,0.3565062516699242,0.0,1.0,0.0,0.0,0.0,0.0,4.0,0.5702941310908307,0.5809821678150427,0.46435794721433676,0.15099777016736232,0.0,True,True,True,True,True,"[.6,.8)",late
T0140,A018,L007,SK015,6,0.8333333333333334,probing,adaptive,direct_policy,final_integrity_filtered_v1,selector,logged,False,0.8936563528286006,"{""generic"": 0.014114626612123562, ""probing"": 0.8936563528286006, ""focus"": 0.012225395406959987, ""telling"": 0.080003625152316}",0.5952641983868576,0.6609276837905205,0.06566348540366285,0.06566348540366285,0.16223789727014518,bkt_update,0.5295299688883763,0.4562123122861952,0.8409315865052611,0.506833422049596,resolved,R0140,learner_response,True,True,True,True,,,False,True,,correct,,0.014114626612123562,0.8936563528286006,0.012225395406959987,0.080003625152316,-0.034629583296068044,0.0,0.5500619641889425,0.4727808966193038,0.45406966422267964,0.0,1.0,0.0,0.0,0.0,0.0,5.0,0.9519487957672288,0.7487097434736446,0.6664275848866068,0.5364771511707985,0.0,True,True,True,True,True,"[.4,.6)",late
T0141,A018,L007,SK015,7,1.0,telling,adaptive,direct_policy,final_integrity_filtered_v1,selector,logged,False,0.5353461001277914,"{""generic"": 0.14418722878326698, ""probing"": 0.256697263976359, ""focus"": 0.06376940711258264, ""telling"": 0.5353461001277914}",0.6609276837905205,0.6930586766102756,0.03213099281975518,0.03213099281975518,0.09476147501202838,bkt_update,0.7296980886407899,0.72023161160581,0.5020946167642365,0.2348053190314143,resolved,R0141,learner_response,True,True,True,True,,,False,True,,correct,,0.14418722878326698,0.256697263976359,0.06376940711258264,0.5353461001277914,0.08436538621842925,0.0,0.6626013277836059,0.3043469895579639,0.5079503330798807,0.0,0.0,1.0,0.0,0.0,0.0,6.0,0.5544474867021801,0.32025021744586263,0.8925279018019383,0.535705024127668,0.0,True,True,True,True,True,"[.6,.8)",late
T0142,A019,L008,SK003,1,0.0,probing,adaptive,direct_policy,final_integrity_filtered_v1,selector,logged,False,0.5422808552086397,"{""generic"": 0.10400908865327083, ""probing"": 0.5422808552086397, ""focus"": 0.1359061930090657, ""telling"": 0.21780386312902358}",0.5974745719377292,0.6254307577294793,0.027956185791750077,0.027956185791750077,0.06945197456550559,bkt_update,0.7634464089828543,0.41926745165755946,0.5836349218756631,0.38833785365691975,resolved,R0142,learner_response,True,True,True,True,,,False,True,,correct,,0.10400908865327083,0.5422808552086397,0.1359061930090657,0.21780386312902358,0.0,1.0,0.41872589848600716,0.45871327241622195,0.5727555241379874,0.0,0.0,0.0,0.0,0.0,1.0,0.0,0.0,0.0,0.0,0.0,1.0,True,True,True,False,False,"[.4,.6)",early
T0143,A019,L008,SK003,2,0.14285714285714285,probing,adaptive,direct_policy,final_integrity_filtered_v1,selector,logged,False,0.8511415964349408,"{""generic"": 0.07858703668661522, ""probing"": 0.8511415964349408, ""focus"": 0.04008755259823877, ""telling"": 0.030183814280205185}",0.6254307577294793,0.5905053640099295,-0.034925393719549835,-0.034925393719549835,-0.05584214285581441,bkt_update,0.7120875438482525,0.6362087824821694,0.27322220216184584,0.3050556552403298,resolved,R0143,learner_response,True,True,True,True,,,False,True,,incorrect,,0.07858703668661522,0.8511415964349408,0.04008755259823877,0.030183814280205185,0.06335319774359591,0.0,0.4757807064370969,0.6143054242093431,0.34359315224391024,0.0,0.0,1.0,0.0,0.0,0.0,1.0,0.0,0.0,0.0,0.0,1.0,True,True,True,True,False,"[.6,.8)",early
T0144,A019,L008,SK003,3,0.2857142857142857,probing,adaptive,direct_policy,final_integrity_filtered_v1,selector,logged,False,0.6556405528108661,"{""generic"": 0.219604524800633, ""probing"": 0.6556405528108661, ""focus"": 0.013559097802535034, ""telling"": 0.11119582458596577}",0.5905053640099295,0.6552230876362689,0.06471772362633943,0.06471772362633943,0.1580429093286309,bkt_update,0.7741027789378523,0.49676910468069335,0.6327129689883574,0.7176744665900089,resolved,R0144,learner_response,True,True,True,True,,,False,True,,correct,,0.219604524800633,0.6556405528108661,0.013559097802535034,0.11119582458596577,0.031030171967139253,0.0,0.0,0.0,0.0,1.0,0.0,1.0,0.0,0.0,0.0,2.0,0.7238372182637932,0.8890741990885763,0.4254683400345364,0.21146155242712064,0.0,True,True,False,True,True,"[.4,.6)",early
T0145,A019,L008,SK003,4,0.42857142857142855,probing,adaptive,direct_policy,final_integrity_filtered_v1,selector,logged,False,0.9597277780394186,"{""generic"": 0.021692388530051378, ""probing"": 0.9597277780394186, ""focus"": 0.00434629656394201, ""telling"": 0.014233536866588271}",0.6552230876362689,0.5765051548960258,-0.07871793274024308,-0.07871793274024308,-0.12013913158069518,bkt_update,0.27091901876889896,0.3932939164874586,0.19537756474595416,0.38372290757228517,resolved,R0145,learner_response,True,True,True,True,,,False,True,,incorrect,,0.021692388530051378,0.9597277780394186,0.00434629656394201,0.014233536866588271,-0.007016067003537314,0.0,0.3503006078312004,0.7202893691841409,0.25690014398875527,0.0,0.0,1.0,0.0,0.0,0.0,3.0,0.9082342573189985,0.5046360790383837,0.6679579370325519,0.49191688133149203,0.0,True,True,True,True,True,"[.6,.8)",middle
T0146,A019,L008,SK003,5,0.5714285714285714,probing,adaptive,direct_policy,final_integrity_filtered_v1,selector,logged,False,0.7956465508292982,"{""generic"": 0.0360251860754775, ""probing"": 0.7956465508292982, ""focus"": 0.01325717107503511, ""telling"": 0.1550710920201891}",0.5765051548960258,0.6060511145543859,0.029545959658360044,0.029545959658360044,0.069766987721199,bkt_update,0.6531115512981709,0.2361148907199958,0.5593939633347126,0.9168746738348073,resolved,R0146,learner_response,True,True,True,True,,,False,True,,correct,,0.0360251860754775,0.7956465508292982,0.01325717107503511,0.1550710920201891,0.07522846999825891,0.0,0.6912510394283338,0.31464752172476534,0.4364033459927228,0.0,0.0,1.0,0.0,0.0,0.0,4.0,0.3482001246663085,0.4044791563368169,0.1912149126899112,0.4179383154163784,0.0,True,True,True,True,True,"[.4,.6)",middle
T0147,A019,L008,SK003,6,0.7142857142857143,probing,adaptive,direct_policy,final_integrity_filtered_v1,selector,logged,False,0.8597002642609106,"{""generic"": 0.01842603502334637, ""probing"": 0.8597002642609106, ""focus"": 0.05720163430026904, ""telling"": 0.06467206641547388}",0.6060511145543859,0.7440121430632727,0.1379610285088868,0.1379610285088868,0.35020032701154263,bkt_update,0.1586299245824888,0.46982730007303275,0.619299940827206,0.29818937763070386,resolved,R0147,learner_response,True,True,True,True,,,False,True,,correct,,0.01842603502334637,0.8597002642609106,0.05720163430026904,0.06467206641547388,0.08858625596651315,0.0,0.7171462084046389,0.40803152250309793,0.5817301633946723,0.0,0.0,1.0,0.0,0.0,0.0,5.0,0.5166700531765266,0.41970170314166205,0.5401356498381901,0.9481916174383085,0.0,True,True,True,True,True,"[.6,.8)",late
T0148,A019,L008,SK003,7,0.8571428571428571,telling,adaptive,direct_policy,final_integrity_filtered_v1,selector,logged,False,0.27559634089864116,"{""generic"": 0.16938003202551088, ""probing"": 0.3329872422739669, ""focus"": 0.22203638480188112, ""telling"": 0.27559634089864116}",0.7440121430632727,0.7587124167629823,0.01470027369970961,0.01470027369970961,0.057425668059493486,bkt_update,0.44604775784582334,0.353016004047694,0.2954305828958946,0.6536371041515481,resolved,R0148,learner_response,True,True,True,True,,,False,True,,correct,,0.16938003202551088,0.3329872422739669,0.22203638480188112,0.27559634089864116,0.04653956844314238,0.0,0.362308408015546,0.533470112359119,0.4254626007573588,0.0,0.0,1.0,0.0,0.0,0.0,6.0,0.23040916808761247,0.32511656567317204,0.6502110891230404,0.31909512387944805,0.0,True,True,True,True,True,"[.6,.8)",late
T0149,A019,L008,SK003,8,1.0,probing,adaptive,direct_policy,final_integrity_filtered_v1,selector,logged,False,0.5267919393861223,"{""generic"": 0.033155548899762646, ""probing"": 0.5267919393861223, ""focus"": 0.11686542656110374, ""telling"": 0.3231870851530112}",0.7587124167629823,0.7897861946347338,0.031073777871751473,0.031073777871751473,0.12878316179754506,bkt_update,0.5407456727814842,0.8397407492031151,0.0706162415770512,0.6827382128563898,resolved,R0149,learner_response,True,True,True,True,,,False,True,,correct,,0.033155548899762646,0.5267919393861223,0.11686542656110374,0.3231870851530112,0.048413190039597834,0.0,0.5510834193934726,0.4890251513322412,0.5055568654731305,0.0,0.0,0.0,0.0,1.0,0.0,7.0,0.5322631763208494,0.3923129042946274,0.41203688035355934,0.6972257923709413,0.0,True,True,True,True,True,"[.6,.8)",late
T0150,A020,L008,SK014,1,0.0,focus,adaptive,direct_policy,final_integrity_filtered_v1,selector,logged,False,0.9275504172108376,"{""generic"": 0.025463861922758017, ""probing"": 0.01693013884746873, ""focus"": 0.9275504172108376, ""telling"": 0.030055582018935628}",0.551815696127684,0.6339050062990949,0.08208931017141086,0.08208931017141086,0.1831597167998936,bkt_update,0.6332903173709451,0.551231603003527,0.49095184848806656,0.5117690168284715,resolved,R0150,learner_response,True,True,True,True,,,False,True,,correct,,0.025463861922758017,0.01693013884746873,0.9275504172108376,0.030055582018935628,0.0,1.0,0.7262738315129601,0.39859273990517097,0.47928553090432313,0.0,0.0,0.0,0.0,0.0,1.0,0.0,0.0,0.0,0.0,0.0,1.0,True,True,True,False,False,"[.4,.6)",early
T0151,A020,L008,SK014,2,0.16666666666666666,probing,adaptive,direct_policy,final_integrity_filtered_v1,selector,logged,False,0.3104731175779647,"{""generic"": 0.2824482328330523, ""probing"": 0.3104731175779647, ""focus"": 0.19191625607644236, ""telling"": 0.21516239351254066}",0.6339050062990949,0.670656566640083,0.03675156034098814,0.03675156034098814,0.10038804401410004,bkt_update,0.2586226414873774,0.49046421418034847,0.8045363106875849,0.9509790275528093,resolved,R0151,learner_response,True,True,True,True,,,False,True,,correct,,0.2824482328330523,0.3104731175779647,0.19191625607644236,0.21516239351254066,0.06894504676968888,0.0,0.48029580415498163,0.38449261876350616,0.8160067029367819,0.0,0.0,0.0,1.0,0.0,0.0,1.0,0.0,0.0,0.0,0.0,1.0,True,True,True,True,False,"[.6,.8)",early
T0152,A020,L008,SK014,3,0.3333333333333333,generic,adaptive,direct_policy,final_integrity_filtered_v1,selector,logged,False,0.7003868408838546,"{""generic"": 0.7003868408838546, ""probing"": 0.09954546335139586, ""focus"": 0.017293159910999754, ""telling"": 0.18277453585374978}",0.670656566640083,0.7110804422460277,0.04042387560594474,0.04042387560594474,0.12274079732984455,bkt_update,0.7155967409720259,0.6127295392222457,0.7470752155751427,0.5741875240924418,resolved,R0152,learner_response,True,True,True,True,,,False,True,,correct,,0.7003868408838546,0.09954546335139586,0.017293159910999754,0.18277453585374978,0.035240019212654294,0.0,0.5303605350034448,0.2820239520104846,0.5815823803559385,0.0,0.0,1.0,0.0,0.0,0.0,2.0,0.0,0.0,0.0,0.0,1.0,True,True,True,True,False,"[.6,.8)",middle
T0153,A020,L008,SK014,4,0.5,probing,adaptive,direct_policy,final_integrity_filtered_v1,selector,logged,False,0.5098053667563216,"{""generic"": 0.4169695663289746, ""probing"": 0.5098053667563216, ""focus"": 0.049658606773442554, ""telling"": 0.02356646014126129}",0.7110804422460277,0.7192967532038521,0.00821631095782438,0.00821631095782438,0.02843805736689148,bkt_update,0.7422493591506701,0.36352050243478823,0.6658047909729824,0.6597539953089385,resolved,R0153,learner_response,True,True,True,True,,,False,True,,correct,,0.4169695663289746,0.5098053667563216,0.049658606773442554,0.02356646014126129,0.020302224564165125,0.0,0.6452304690320224,0.46142328876368455,0.3990785709930935,0.0,1.0,0.0,0.0,0.0,0.0,3.0,0.0,0.0,0.0,0.0,1.0,True,True,True,True,False,"[.6,.8)",middle
T0154,A020,L008,SK014,5,0.6666666666666666,focus,adaptive,direct_policy,final_integrity_filtered_v1,selector,logged,False,0.8432220938874112,"{""generic"": 0.09779725135601336, ""probing"": 0.03176632782354374, ""focus"": 0.8432220938874112, ""telling"": 0.027214326933031534}",0.7192967532038521,0.7589509021009238,0.03965414889707164,0.03965414889707164,0.14126715436914503,bkt_update,0.8927219240379065,0.5902296577841731,0.6870539270945105,0.2753061881153748,resolved,R0154,learner_response,True,True,True,True,,,False,True,,correct,,0.09779725135601336,0.03176632782354374,0.8432220938874112,0.027214326933031534,0.08063740798965409,0.0,0.6721311752874635,0.3597712588305864,0.628606307034316,0.0,0.0,1.0,0.0,0.0,0.0,4.0,0.713761547960253,0.32077320947990684,0.5914427019979789,0.6575270408257768,0.0,True,True,True,True,True,"[.6,.8)",late
T0155,A020,L008,SK014,6,0.8333333333333334,probing,adaptive,direct_policy,final_integrity_filtered_v1,selector,logged,False,0.8111692239856114,"{""generic"": 0.028088935359044616, ""probing"": 0.8111692239856114, ""focus"": 0.03239805300979658, ""telling"": 0.12834378764554744}",0.7589509021009238,0.7682930985446124,0.00934219644368861,0.00934219644368861,0.03875640491963198,bkt_update,0.8211938649270272,0.23750379119716494,0.6534177302771345,0.7913780067432545,resolved,R0155,learner_response,True,True,True,True,,,False,True,,correct,,0.028088935359044616,0.8111692239856114,0.03239805300979658,0.12834378764554744,0.14443473313193717,0.0,0.7728961014001461,0.23873181923391049,0.6425969565006162,0.0,0.0,0.0,1.0,0.0,0.0,5.0,0.964655840011256,0.7701981683894277,0.8135601284751914,0.4419788190577679,0.0,True,True,True,True,True,"[.6,.8)",late
T0156,A020,L008,SK014,7,1.0,generic,adaptive,direct_policy,final_integrity_filtered_v1,selector,logged,False,0.4537602004042594,"{""generic"": 0.4537602004042594, ""probing"": 0.082800845974999, ""focus"": 0.42810468275881614, ""telling"": 0.035334270861925476}",0.7682930985446124,0.7389559886959416,-0.029337109848670773,-0.029337109848670773,-0.03818478898775017,bkt_update,0.8885251208792907,0.25388931693227335,0.5907968973326363,0.1948592152659182,resolved,R0156,learner_response,True,True,True,True,,,False,True,,incorrect,,0.4537602004042594,0.082800845974999,0.42810468275881614,0.035334270861925476,0.0018074685018376114,0.0,0.6249038859695035,0.40149366095355427,0.643350941112385,0.0,0.0,1.0,0.0,0.0,0.0,6.0,0.7939699930709594,0.3638267968384044,0.6923512155362191,0.8291205396978883,0.0,True,True,True,True,True,"[.6,.8)",late
T0157,A021,L008,SK017,1,0.0,telling,adaptive,direct_policy,final_integrity_filtered_v1,selector,logged,False,0.18496746942020167,"{""generic"": 0.7128113109399493, ""probing"": 0.09045647248609777, ""focus"": 0.011764747153751214, ""telling"": 0.18496746942020167}",0.42333923745892454,0.5120993309339832,0.08876009347505864,0.08876009347505864,0.15392081313792574,bkt_update,0.5899359590820996,0.931160867527962,0.2632499741305715,0.5560014198926673,resolved,R0157,learner_response,True,True,True,True,,,False,True,,correct,,0.7128113109399493,0.09045647248609777,0.011764747153751214,0.18496746942020167,0.0,1.0,0.6079824138949956,0.3488421048458783,0.34712060333663586,0.0,0.0,0.0,0.0,0.0,1.0,0.0,0.0,0.0,0.0,0.0,1.0,True,True,True,False,False,"[.4,.6)",early
T0158,A021,L008,SK017,2,0.16666666666666666,telling,adaptive,direct_policy,final_integrity_filtered_v1,selector,logged,False,0.96369770914725,"{""generic"": 0.011705970303489022, ""probing"": 0.01005969425240031, ""focus"": 0.014536626296860663, ""telling"": 0.96369770914725}",0.5120993309339832,0.47229389925392834,-0.03980543168005485,-0.03980543168005485,-0.07772990370336244,bkt_update,0.22637052663033191,0.6831275424157137,0.8691398155368704,0.749549610406881,resolved,R0158,learner_response,True,True,True,True,,,False,True,,incorrect,,0.011705970303489022,0.01005969425240031,0.014536626296860663,0.96369770914725,-0.010926450501802881,0.0,0.42847444253650974,0.8060274967585331,0.20130170364158978,0.0,0.0,0.0,0.0,1.0,0.0,1.0,0.6358707979480034,0.860509090224201,0.1896697391951562,0.47908548702074155,0.0,True,True,True,True,True,"[.4,.6)",early
T0159,A021,L008,SK017,3,0.3333333333333333,focus,adaptive,direct_policy,final_integrity_filtered_v1,selector,logged,False,0.8056029126764912,"{""generic"": 0.04520842915001977, ""probing"": 0.1212405867343904, ""focus"": 0.8056029126764912, ""telling"": 0.02794807143909873}",0.47229389925392834,0.603299395743707,0.1310054964897786,0.1310054964897786,0.24825465596202664,bkt_update,0.7211937054030589,0.7534830648165712,0.5477652361915427,0.6633981304708753,resolved,R0159,learner_response,True,True,True,True,,,False,True,,correct,,0.04520842915001977,0.1212405867343904,0.8056029126764912,0.02794807143909873,0.010053558191966452,0.0,0.7835134214690672,0.319764764192537,0.36211169209925964,0.0,0.0,0.0,0.0,1.0,0.0,2.0,0.27420831331323775,0.8212192546151746,0.875553138791209,0.6633440055708458,0.0,True,True,True,True,True,"[.4,.6)",middle
T0160,A021,L008,SK017,4,0.5,focus,adaptive,direct_policy,final_integrity_filtered_v1,selector,logged,False,0.4754457712858835,"{""generic"": 0.33606301494871044, ""probing"": 0.13777163601598516, ""focus"": 0.4754457712858835, ""telling"": 0.05071957774942098}",0.603299395743707,0.5176209001398459,-0.0856784956038611,-0.0856784956038611,-0.14201654470122982,bkt_update,0.661052355166053,0.12103300860865827,0.30730743079098743,0.45427286096305475,resolved,R0160,learner_response,True,True,True,True,,,False,True,,incorrect,,0.33606301494871044,0.13777163601598516,0.4754457712858835,0.05071957774942098,0.005335452210482601,0.0,0.3026057855656757,0.671312714370616,0.3605243054973599,0.0,0.0,0.0,1.0,0.0,0.0,3.0,0.6439102111397833,0.6980051821084221,0.42118106089115853,0.6709598491741191,0.0,True,True,True,True,True,"[.6,.8)",middle
T0161,A021,L008,SK017,5,0.6666666666666666,focus,adaptive,direct_policy,final_integrity_filtered_v1,selector,logged,False,0.665857968004609,"{""generic"": 0.06777055412094925, ""probing"": 0.17906564508649914, ""focus"": 0.665857968004609, ""telling"": 0.0873058327879427}",0.5176209001398459,0.6027017672767015,0.0850808671368557,0.0850808671368557,0.17637759836925226,bkt_update,0.35656763742099445,0.5719274442810097,0.39223252827403066,0.27197094952991646,resolved,R0161,learner_response,True,True,True,True,,,False,True,,correct,,0.06777055412094925,0.17906564508649914,0.665857968004609,0.0873058327879427,-0.0346382708038907,0.0,0.6804635695122945,0.36494241581727904,0.612768236279236,0.0,0.0,0.0,1.0,0.0,0.0,4.0,0.6808987193522568,0.3215386047456992,0.3258089597923446,0.48912502646496087,0.0,True,True,True,True,True,"[.4,.6)",late
T0162,A021,L008,SK017,6,0.8333333333333334,telling,adaptive,direct_policy,final_integrity_filtered_v1,selector,logged,False,0.30329562177021235,"{""generic"": 0.04933133791798913, ""probing"": 0.12771574469937177, ""focus"": 0.5196572956124268, ""telling"": 0.30329562177021235}",0.6027017672767015,0.6295147186082047,0.026812951331503188,0.026812951331503188,0.06748822200318541,bkt_update,0.5368231569161735,0.20266419756954795,0.6775577830979698,0.5436472909841582,resolved,R0162,learner_response,True,True,True,True,,,False,True,,correct,,0.04933133791798913,0.12771574469937177,0.5196572956124268,0.30329562177021235,0.03891953006122837,0.0,0.24828025211909108,0.7001679134422562,0.455208524932918,0.0,0.0,0.0,1.0,0.0,0.0,5.0,0.10936131550063827,0.4992173882960964,0.31975353073980234,0.4578666638032612,0.0,True,True,True,True,True,"[.6,.8)",late
T0163,A021,L008,SK017,7,1.0,focus,adaptive,direct_policy,final_integrity_filtered_v1,selector,logged,False,0.6097123721351537,"{""generic"": 0.0793703596032928, ""probing"": 0.14501867374799918, ""focus"": 0.6097123721351537, ""telling"": 0.16589859451355415}",0.6295147186082047,0.6593350179295031,0.02982029932129837,0.02982029932129837,0.08048983541066193,bkt_update,0.2575084747532745,0.7601356946619902,0.6686572687678909,0.25038617620948056,resolved,R0163,learner_response,True,True,True,True,,,False,True,,correct,,0.0793703596032928,0.14501867374799918,0.6097123721351537,0.16589859451355415,0.011578345056381301,0.0,0.4385588975651065,0.5834572727447099,0.5574981953285079,0.0,0.0,0.0,0.0,1.0,0.0,6.0,0.0,0.0,0.0,0.0,1.0,True,True,True,True,False,"[.6,.8)",late
T0164,A022,L008,SK004,1,0.0,telling,adaptive,direct_policy,final_integrity_filtered_v1,selector,logged,False,0.14815291113820084,"{""generic"": 0.40963079351090614, ""probing"": 0.26931047028220634, ""focus"": 0.17290582506868651, ""telling"": 0.14815291113820084}",0.6888091840655185,0.598295247689596,-0.09051393637592253,-0.09051393637592253,-0.13140640175801283,bkt_update,0.40601609910732167,0.9134465999921091,0.7272768355671794,0.18731699792386694,resolved,R0164,learner_response,True,True,True,True,,,False,True,,incorrect,,0.40963079351090614,0.26931047028220634,0.17290582506868651,0.14815291113820084,0.0,1.0,0.0,0.7135287378588924,0.3241549149826044,0.0,0.0,0.0,0.0,0.0,1.0,0.0,0.0,0.0,0.0,0.0,1.0,True,True,True,False,False,"[.6,.8)",early
T0165,A022,L008,SK004,2,0.14285714285714285,probing,adaptive,direct_policy,final_integrity_filtered_v1,selector,logged,False,0.23881307889952152,"{""generic"": 0.20753988377640215, ""probing"": 0.23881307889952152, ""focus"": 0.306127600325468, ""telling"": 0.24751943699860848}",0.598295247689596,0.6672110923959619,0.06891584470636591,0.06891584470636591,0.1715584501054483,bkt_update,0.5223922100812463,0.4736287461772748,0.34774013064194675,0.5097095291528463,resolved,R0165,learner_response,True,True,True,True,,,False,True,,correct,,0.20753988377640215,0.23881307889952152,0.306127600325468,0.24751943699860848,0.09468850712774854,0.0,0.7994483159387535,0.28239960166854294,0.5434653384898572,0.0,0.0,0.0,0.0,1.0,0.0,1.0,0.4229536980519804,1.0,0.7988026807179307,0.10968931719165384,0.0,True,True,True,True,True,"[.4,.6)",early
T0166,A022,L008,SK004,3,0.2857142857142857,focus,adaptive,direct_policy,final_integrity_filtered_v1,selector,logged,False,0.7775744869905669,"{""generic"": 0.023470317895462178, ""probing"": 0.1284425042798783, ""focus"": 0.7775744869905669, ""telling"": 0.07051269083409267}",0.6672110923959619,0.6853568769329691,0.018145784537007215,0.018145784537007215,0.054526410353188795,bkt_update,0.46858024155713895,0.24296287060693283,0.8629386820130893,0.2042493340886015,resolved,R0166,learner_response,True,True,True,True,,,False,True,,correct,,0.023470317895462178,0.1284425042798783,0.7775744869905669,0.07051269083409267,0.05598713785130785,0.0,0.48047279772004703,0.4449139916032595,0.5722383277310705,0.0,0.0,1.0,0.0,0.0,0.0,2.0,0.5179218936728269,0.35260059615164313,0.5062500886210454,0.5930681527922229,0.0,True,True,True,True,True,"[.6,.8)",early
T0167,A022,L008,SK004,4,0.42857142857142855,telling,adaptive,direct_policy,final_integrity_filtered_v1,selector,logged,False,0.5874553335852357,"{""generic"": 0.06975780651813066, ""probing"": 0.29974183367154056, ""focus"": 0.04304502622509318, ""telling"": 0.5874553335852357}",0.6853568769329691,0.7568092603965577,0.07145238346358862,0.07145238346358862,0.22709024359755847,bkt_update,0.7015402422811473,0.05060759018836991,0.20917379415624393,0.386512417682592,resolved,R0167,learner_response,True,True,True,True,,,False,True,,correct,,0.06975780651813066,0.29974183367154056,0.04304502622509318,0.5874553335852357,0.06327739564969875,0.0,0.8370813188489893,0.20229683843764076,0.5248183211680293,0.0,0.0,0.0,1.0,0.0,0.0,3.0,0.0,0.0,0.0,0.0,1.0,True,True,True,True,False,"[.6,.8)",middle
T0168,A022,L008,SK004,5,0.5714285714285714,probing,adaptive,direct_policy,final_integrity_filtered_v1,selector,logged,False,0.8425589061314073,"{""generic"": 0.015168048850620432, ""probing"": 0.8425589061314073, ""focus"": 0.1224063247770573, ""telling"": 0.019866720240914952}",0.7568092603965577,0.7260117773048701,-0.030797483091687616,-0.030797483091687616,-0.040693850753821585,bkt_update,0.7892074691187118,0.22925218974225073,0.18430967600075315,0.8233602023779454,resolved,R0168,learner_response,True,True,True,True,,,False,True,,incorrect,,0.015168048850620432,0.8425589061314073,0.1224063247770573,0.019866720240914952,-0.015433199877284563,0.0,0.43819172261600303,0.6734363944331008,0.3258987490887581,0.0,0.0,0.0,0.0,1.0,0.0,4.0,0.7229989082281392,0.018076882860786576,0.1421163088078572,0.3834749386095779,0.0,True,True,True,True,True,"[.6,.8)",middle
T0169,A022,L008,SK004,6,0.7142857142857143,probing,adaptive,direct_policy,final_integrity_filtered_v1,selector,logged,False,0.9773339830257313,"{""generic"": 0.00893057803709103, ""probing"": 0.9773339830257313, ""focus"": 0.006275715381607602, ""telling"": 0.007459723555570086}",0.7260117773048701,0.7519021462743328,0.02589036896946273,0.02589036896946273,0.09449445934130996,bkt_update,0.5705104650541697,0.373823971977599,0.3786685446455026,0.1904839159011582,resolved,R0169,learner_response,True,True,True,True,,,False,True,,correct,,0.00893057803709103,0.9773339830257313,0.006275715381607602,0.007459723555570086,0.02669493181007127,0.0,0.6231019190077682,0.4395117917906408,0.449136566570741,0.0,0.0,1.0,0.0,0.0,0.0,5.0,0.7846109883040737,0.016158801571600073,0.07491583196792453,0.7401263135869255,0.0,True,True,True,True,True,"[.6,.8)",late
T0170,A022,L008,SK004,7,0.8571428571428571,generic,adaptive,direct_policy,final_integrity_filtered_v1,selector,logged,False,0.5867376519865549,"{""generic"": 0.5867376519865549, ""probing"": 0.020225997742415836, ""focus"": 0.06791995278313909, ""telling"": 0.3251163974878901}",0.7519021462743328,0.7538468683412638,0.0019447220669309706,0.0019447220669309706,0.007838528377925173,bkt_update,0.5206476318139106,0.9485848116410837,0.8585307924171709,0.6849417647167793,resolved,R0170,learner_response,True,True,True,True,,,False,True,,correct,,0.5867376519865549,0.020225997742415836,0.06791995278313909,0.3251163974878901,0.031527692839874284,0.0,0.37833802891990953,0.5111784279282231,0.15536126387623722,0.0,0.0,1.0,0.0,0.0,0.0,6.0,0.5146641561178058,0.3885540373534154,0.4421199954471605,0.10413832845747295,0.0,True,True,True,True,True,"[.6,.8)",late
T0171,A022,L008,SK004,8,1.0,focus,adaptive,direct_policy,final_integrity_filtered_v1,selector,logged,False,0.10944136185912576,"{""generic"": 0.08100318783431841, ""probing"": 0.7092781443605048, ""focus"": 0.10944136185912576, ""telling"": 0.10027730594605098}",0.7538468683412638,0.7813743351746741,0.02752746683341034,0.02752746683341034,0.11183065861446807,bkt_update,0.8377323963282926,0.6809964587619532,0.3962499474645948,0.30668609149160897,resolved,R0171,learner_response,True,True,True,True,,,False,True,,correct,,0.08100318783431841,0.7092781443605048,0.10944136185912576,0.10027730594605098,-0.025703730144236655,0.0,0.6526135615434098,0.42307608151109916,0.719584519155321,0.0,1.0,0.0,0.0,0.0,0.0,7.0,0.0,0.0,0.0,0.0,1.0,True,True,True,True,False,"[.6,.8)",late
T0172,A023,L008,SK018,1,0.0,focus,adaptive,direct_policy,final_integrity_filtered_v1,selector,logged,False,0.9333215114307715,"{""generic"": 0.02077756801281825, ""probing"": 0.030729094742872647, ""focus"": 0.9333215114307715, ""telling"": 0.015171825813537728}",0.44837923995045276,0.43439924229875354,-0.013979997651699216,-0.013979997651699216,-0.03117895835954414,bkt_update,0.4164594558032261,0.23569032518067973,0.04141192283904971,0.7836527682343949,resolved,R0172,learner_response,True,True,True,True,,,False,True,,incorrect,,0.02077756801281825,0.030729094742872647,0.9333215114307715,0.015171825813537728,0.0,1.0,0.17447721972675448,0.861869081922841,0.08252540676464237,0.0,0.0,0.0,0.0,0.0,1.0,0.0,0.0,0.0,0.0,0.0,1.0,True,True,True,False,False,"[.4,.6)",early
T0173,A023,L008,SK018,2,0.16666666666666666,telling,adaptive,direct_policy,final_integrity_filtered_v1,selector,logged,False,0.3419619944590372,"{""generic"": 0.3175076387029024, ""probing"": 0.2072223705079917, ""focus"": 0.13330799633006873, ""telling"": 0.3419619944590372}",0.43439924229875354,0.47255179083208054,0.038152548533327,0.038152548533327,0.06745491057754097,bkt_update,0.8148369015942428,0.5944033472284717,0.4032151328073387,0.3403800489034619,resolved,R0173,learner_response,True,True,True,True,,,False,True,,correct,,0.3175076387029024,0.2072223705079917,0.13330799633006873,0.3419619944590372,0.0664086389639697,0.0,0.46714579686481866,0.405563304091041,0.4680956575273165,0.0,0.0,0.0,1.0,0.0,0.0,1.0,0.3842277350261667,0.36350089366735694,0.0,0.6793633366934336,0.0,True,True,True,True,True,"[.4,.6)",early
T0174,A023,L008,SK018,3,0.3333333333333333,focus,adaptive,direct_policy,final_integrity_filtered_v1,selector,logged,False,0.8418175178810545,"{""generic"": 0.036395994790337, ""probing"": 0.09524528956563931, ""focus"": 0.8418175178810545, ""telling"": 0.02654119776296914}",0.47255179083208054,0.5102556957206282,0.03770390488854769,0.03770390488854769,0.07148361532600105,bkt_update,0.5102475486709311,0.3876322817440079,0.2634786939263188,0.3820602550588821,resolved,R0174,learner_response,True,True,True,True,,,False,True,,correct,,0.036395994790337,0.09524528956563931,0.8418175178810545,0.02654119776296914,-0.01840948876605039,0.0,0.40958476882949196,0.46984610141930255,0.28904108895615305,0.0,0.0,0.0,0.0,1.0,0.0,2.0,0.7895434448664927,0.6634311616612454,0.2607857947447164,0.18582987443522622,0.0,True,True,True,True,True,"[.4,.6)",middle
T0175,A023,L008,SK018,4,0.5,telling,adaptive,direct_policy,final_integrity_filtered_v1,selector,logged,False,0.3427878262327318,"{""generic"": 0.10089609302805541, ""probing"": 0.4861313206743664, ""focus"": 0.07018476006484646, ""telling"": 0.3427878262327318}",0.5102556957206282,0.5424016951291976,0.032145999408569326,0.032145999408569326,0.06563833234542699,bkt_update,0.6943981205460893,0.9552780883185317,0.8690398524374275,0.15652610658578073,resolved,R0175,learner_response,True,True,True,True,,,False,True,,correct,,0.10089609302805541,0.4861313206743664,0.07018476006484646,0.3427878262327318,0.03154171478547618,0.0,0.46463063262199444,0.5592347230808263,0.4613302894217223,0.0,0.0,0.0,1.0,0.0,0.0,3.0,0.3539290118892745,0.320478538136917,0.34963680041990003,0.4176450095273095,0.0,True,True,True,True,True,"[.4,.6)",middle
T0176,A023,L008,SK018,5,0.6666666666666666,probing,adaptive,direct_policy,final_integrity_filtered_v1,selector,logged,False,0.6339961100099136,"{""generic"": 0.0731720515517189, ""probing"": 0.6339961100099136, ""focus"": 0.16786375145647114, ""telling"": 0.12496808698189632}",0.5424016951291976,0.5992187678527194,0.05681707272352188,0.05681707272352188,0.1241636433499541,bkt_update,0.5137697907539284,0.1894971528054889,0.4906312971907795,0.3861297978708329,resolved,R0176,learner_response,True,True,True,True,,,False,True,,correct,,0.0731720515517189,0.6339961100099136,0.16786375145647114,0.12496808698189632,0.08411264446108042,0.0,0.7350469828009045,0.33270360874017807,0.4035289476695104,0.0,0.0,0.0,0.0,1.0,0.0,4.0,0.8309705110144171,1.0,0.8222742433023265,0.4281264990761774,0.0,True,True,True,True,True,"[.4,.6)",late
T0177,A023,L008,SK018,6,0.8333333333333334,focus,adaptive,direct_policy,final_integrity_filtered_v1,selector,logged,False,0.23867382753444913,"{""generic"": 0.023883741229060434, ""probing"": 0.3718393288021679, ""focus"": 0.23867382753444913, ""telling"": 0.3656031024343225}",0.5992187678527194,0.49060304303690194,-0.1086157248158175,-0.1086157248158175,-0.1812622211501124,bkt_update,0.35646139278163796,0.8899491349303116,0.30631217661404436,0.3277139032278951,resolved,R0177,learner_response,True,True,True,True,,,False,True,,incorrect,,0.023883741229060434,0.3718393288021679,0.23867382753444913,0.3656031024343225,0.02493971400931009,0.0,0.22079143573238968,0.9162666993768359,0.34014266870456566,0.0,0.0,1.0,0.0,0.0,0.0,5.0,0.5265743608197231,0.11940895091018179,0.5137185824566328,0.38607921230717923,0.0,True,True,True,True,True,"[.4,.6)",late
T0178,A023,L008,SK018,7,1.0,focus,adaptive,direct_policy,final_integrity_filtered_v1,selector,logged,False,0.3480128059840429,"{""generic"": 0.10010417839741154, ""probing"": 0.04697939212531831, ""focus"": 0.3480128059840429, ""telling"": 0.5049036234932273}",0.49060304303690194,0.6165545809800916,0.1259515379431897,0.1259515379431897,0.2472561648072702,bkt_update,0.9362833643665986,0.3701424189387057,0.17055740336458822,0.1045030559039482,resolved,R0178,learner_response,True,True,True,True,,,False,True,,correct,,0.10010417839741154,0.04697939212531831,0.3480128059840429,0.5049036234932273,0.03087845465530454,0.0,0.8064158955666352,0.17497242136863794,0.8107843859763878,0.0,0.0,0.0,1.0,0.0,0.0,6.0,0.37633693856412725,0.9262576759695279,0.32455092309670314,0.3198119984665178,0.0,True,True,True,True,True,"[.4,.6)",late
T0179,A024,L009,SK008,1,0.0,telling,adaptive,direct_policy,final_integrity_filtered_v1,selector,logged,False,0.8183000595091147,"{""generic"": 0.04998046608664701, ""probing"": 0.11582621767453101, ""focus"": 0.015893256729707327, ""telling"": 0.8183000595091147}",0.7144228811754431,0.7205051639073122,0.006082282731869171,0.006082282731869171,0.02129821449597926,bkt_update,0.3924046557447465,0.3022895054215527,0.4242582881762879,0.6924446268521445,resolved,R0179,learner_response,True,True,True,True,,,False,True,,correct,,0.04998046608664701,0.11582621767453101,0.015893256729707327,0.8183000595091147,0.0,1.0,0.3794424590846809,0.42726328329071667,0.5550622677196954,0.0,0.0,0.0,0.0,0.0,1.0,0.0,0.0,0.0,0.0,0.0,1.0,True,True,True,False,False,"[.6,.8)",early
T0180,A024,L009,SK008,2,0.14285714285714285,focus,adaptive,direct_policy,final_integrity_filtered_v1,selector,logged,False,0.6346995730903939,"{""generic"": 0.2441936653742159, ""probing"": 0.06650510716047081, ""focus"": 0.6346995730903939, ""telling"": 0.05460165437491932}",0.7205051639073122,0.7408884599393486,0.02038329603203637,0.02038329603203637,0.07292906129141054,bkt_update,0.5263219432117797,0.4069372055868396,0.4673355756278168,0.6378355763419392,resolved,R0180,learner_response,True,True,True,True,,,False,True,,correct,,0.2441936653742159,0.06650510716047081,0.6346995730903939,0.05460165437491932,0.024738900540653943,0.0,0.8156808897476764,0.23686858743950123,0.40937180900533876,0.0,0.0,0.0,0.0,1.0,0.0,1.0,0.0,0.0,0.0,0.0,1.0,True,True,True,True,False,"[.6,.8)",early
T0181,A024,L009,SK008,3,0.2857142857142857,probing,adaptive,direct_policy,final_integrity_filtered_v1,selector,logged,False,0.9079551882798969,"{""generic"": 0.04793187652096629, ""probing"": 0.9079551882798969, ""focus"": 0.014250332626303352, ""telling"": 0.02986260257283355}",0.7408884599393486,0.7576135154916,0.016725055552251455,0.016725055552251455,0.06454770616675948,bkt_update,0.8014166406886862,0.4011340408608667,0.1195873638706977,0.8150639755575815,resolved,R0181,learner_response,True,True,True,True,,,False,True,,correct,,0.04793187652096629,0.9079551882798969,0.014250332626303352,0.02986260257283355,0.0221400276276643,0.0,0.660092310919977,0.30589146280128277,0.4939124119924978,0.0,0.0,0.0,1.0,0.0,0.0,2.0,0.588402354342092,0.5376256538033262,0.36740276555600293,0.7124872830214181,0.0,True,True,True,True,True,"[.6,.8)",early
T0182,A024,L009,SK008,4,0.42857142857142855,generic,adaptive,direct_policy,final_integrity_filtered_v1,selector,logged,False,0.4777436060059281,"{""generic"": 0.4777436060059281, ""probing"": 0.12446554206386358, ""focus"": 0.12839563680496308, ""telling"": 0.2693952151252455}",0.7576135154916,0.776715773581781,0.019102258090180957,0.019102258090180957,0.0788090892482042,bkt_update,0.6379876608531531,0.6058052970949903,0.3467914469458585,0.3150929854428421,resolved,R0182,learner_response,True,True,True,True,,,False,True,,correct,,0.4777436060059281,0.12446554206386358,0.12839563680496308,0.2693952151252455,-0.0052083449990329225,0.0,0.5895907888575425,0.5886047983167748,0.35684308430617573,0.0,0.0,1.0,0.0,0.0,0.0,3.0,0.9491081833039531,0.6369824349844709,0.09821237495657606,0.686699064650609,0.0,True,True,True,True,True,"[.6,.8)",middle
T0183,A024,L009,SK008,5,0.5714285714285714,telling,adaptive,direct_policy,final_integrity_filtered_v1,selector,logged,False,0.5477385649201518,"{""generic"": 0.009954150642656262, ""probing"": 0.04424910714036024, ""focus"": 0.39805817729683163, ""telling"": 0.5477385649201518}",0.776715773581781,0.7929978458465397,0.01628207226475864,0.01628207226475864,0.07292083514337355,bkt_update,0.2565276773812915,0.35386113150073417,0.4198998915933746,0.6834613409707898,resolved,R0183,learner_response,True,True,True,True,,,False,True,,correct,,0.009954150642656262,0.04424910714036024,0.39805817729683163,0.5477385649201518,0.0015735406815481356,0.0,0.3809943728764529,0.4836597564670574,0.21690918355375058,0.0,1.0,0.0,0.0,0.0,0.0,4.0,0.4629513456897615,0.584851450994586,0.23193719798736037,0.366036288297487,0.0,True,True,True,True,True,"[.6,.8)",middle
T0184,A024,L009,SK008,6,0.7142857142857143,focus,adaptive,direct_policy,final_integrity_filtered_v1,selector,logged,False,0.6721172222145327,"{""generic"": 0.13843745598721968, ""probing"": 0.12999536643741125, ""focus"": 0.6721172222145327, ""telling"": 0.05944995536083638}",0.7929978458465397,0.7751703955242905,-0.017827450322249194,-0.017827450322249194,-0.0224810829129278,bkt_update,0.9194268516051483,0.9683937488750225,0.26133487713852355,0.3346361356478692,resolved,R0184,learner_response,True,True,True,True,,,False,True,,incorrect,,0.13843745598721968,0.12999536643741125,0.6721172222145327,0.05944995536083638,0.06651454355764867,0.0,0.6182450901351515,0.20473669862996052,0.42973234596909665,0.0,0.0,0.0,0.0,1.0,0.0,5.0,0.2859596396735818,0.47186003040375246,0.6459937404783866,0.762324233324803,0.0,True,True,True,True,True,"[.6,.8)",late
T0185,A024,L009,SK008,7,0.8571428571428571,probing,adaptive,direct_policy,final_integrity_filtered_v1,selector,logged,False,0.3845910561633848,"{""generic"": 0.033312310745931877, ""probing"": 0.3845910561633848, ""focus"": 0.32792054602038206, ""telling"": 0.2541760870703013}",0.7751703955242905,0.8211319629048555,0.045961567380565005,0.045961567380565005,0.20442844921488382,bkt_update,0.3906465582439868,0.26186738899683787,0.2920327547806116,0.6800360835511174,resolved,R0185,learner_response,True,True,True,True,,,False,True,,correct,,0.033312310745931877,0.3845910561633848,0.32792054602038206,0.2541760870703013,0.0666342492588813,0.0,0.6286693423146528,0.22889576279077392,0.6035524531037427,0.0,0.0,0.0,1.0,0.0,0.0,6.0,0.9670755111380249,0.9550366830684847,0.3163707037101733,0.30882425472879527,0.0,True,True,True,True,True,"[.6,.8)",late
T0186,A024,L009,SK008,8,1.0,generic,adaptive,direct_policy,final_integrity_filtered_v1,selector,logged,False,0.9453535874748703,"{""generic"": 0.9453535874748703, ""probing"": 0.027538787272518146, ""focus"": 0.010275358971740827, ""telling"": 0.01683226628087081}",0.8211319629048555,0.7372356698592168,-0.08389629304563861,-0.08389629304563861,-0.10217151059233542,bkt_update,0.5240467330982848,0.4997722565025286,0.500959953888203,0.2366672599198433,resolved,R0186,learner_response,True,True,True,True,,,False,True,,incorrect,,0.9453535874748703,0.027538787272518146,0.010275358971740827,0.01683226628087081,-0.04269056253217441,0.0,0.5048100212896838,0.7189293383105297,0.20594021223037143,0.0,0.0,1.0,0.0,0.0,0.0,7.0,0.406588408296497,0.19867407222589295,0.4963722248610872,0.7166953060851516,0.0,True,True,True,True,True,"[.8,1]",late
T0187,A025,L009,SK004,1,0.0,probing,adaptive,direct_policy,final_integrity_filtered_v1,selector,logged,False,0.2999911461494939,"{""generic"": 0.3534433976678375, ""probing"": 0.2999911461494939, ""focus"": 0.12536734486733472, ""telling"": 0.22119811131533385}",0.48565280902765157,0.5348650288664605,0.04921221983880891,0.04921221983880891,0.0956789901890503,bkt_update,0.7064987669902973,0.8181464213323241,0.4301901966676067,0.07070610194439544,resolved,R0187,learner_response,True,True,True,True,,,False,True,,correct,,0.3534433976678375,0.2999911461494939,0.12536734486733472,0.22119811131533385,0.0,1.0,0.39621228825736843,0.5219056517387217,0.22127605168056683,0.0,0.0,0.0,0.0,0.0,1.0,0.0,0.0,0.0,0.0,0.0,1.0,True,True,True,False,False,"[.4,.6)",early
T0188,A025,L009,SK004,2,0.14285714285714285,focus,adaptive,direct_policy,final_integrity_filtered_v1,selector,logged,False,0.5138084259774031,"{""generic"": 0.08279704831584361, ""probing"": 0.3419563332337965, ""focus"": 0.5138084259774031, ""telling"": 0.0614381924729569}",0.5348650288664605,0.6769388902037802,0.1420738613373197,0.1420738613373197,0.3054465266094355,bkt_update,0.1754317573521533,0.32078059430131245,0.42777934026312076,0.6758861285536921,resolved,R0188,learner_response,True,True,True,True,,,False,True,,correct,,0.08279704831584361,0.3419563332337965,0.5138084259774031,0.0614381924729569,0.09339894588589176,0.0,1.0,0.14548555907525895,0.9359800930495438,0.0,0.0,1.0,0.0,0.0,0.0,1.0,0.9078766757647391,1.0,0.46652876487788586,0.1553599986034556,0.0,True,True,True,True,True,"[.4,.6)",early
T0189,A025,L009,SK004,3,0.2857142857142857,focus,adaptive,direct_policy,final_integrity_filtered_v1,selector,logged,False,0.4985096759815719,"{""generic"": 0.32422180563825503, ""probing"": 0.029059667775952872, ""focus"": 0.4985096759815719, ""telling"": 0.14820885060422023}",0.6769388902037802,0.7029186846026436,0.025979794398863443,0.025979794398863443,0.08041758543840499,bkt_update,0.8910836242788209,0.6692098379142434,0.8437648282344644,0.7393258634857472,resolved,R0189,learner_response,True,True,True,True,,,False,True,,correct,,0.32422180563825503,0.029059667775952872,0.4985096759815719,0.14820885060422023,0.06482398598882161,0.0,0.0,0.0,0.0,1.0,0.0,0.0,1.0,0.0,0.0,2.0,0.0353429633721791,0.20367712629238213,0.5194990142252881,0.4864461426383502,0.0,True,True,False,True,True,"[.6,.8)",early
T0190,A025,L009,SK004,4,0.42857142857142855,focus,adaptive,direct_policy,final_integrity_filtered_v1,selector,logged,False,0.9692905603776261,"{""generic"": 0.02051550262606023, ""probing"": 0.008480867217036926, ""focus"": 0.9692905603776261, ""telling"": 0.0017130697792767664}",0.7029186846026436,0.7214952149082661,0.018576530305622452,0.018576530305622452,0.06253012001369292,bkt_update,0.3655956590110433,0.1695859263939164,0.38912310650880716,0.2821867838177958,resolved,R0190,learner_response,True,True,True,True,,,False,True,,correct,,0.02051550262606023,0.008480867217036926,0.9692905603776261,0.0017130697792767664,0.03506015926753099,0.0,0.4890362103737484,0.5115359404018174,0.5172964286579422,0.0,0.0,0.0,1.0,0.0,0.0,3.0,0.7743503299059277,0.7230330110898355,1.0,0.7456506470639214,0.0,True,True,True,True,True,"[.6,.8)",middle
T0191,A025,L009,SK004,5,0.5714285714285714,probing,adaptive,direct_policy,final_integrity_filtered_v1,selector,logged,False,0.8132661836855336,"{""generic"": 0.03423586121472559, ""probing"": 0.8132661836855336, ""focus"": 0.1186629612085888, ""telling"": 0.03383499389115197}",0.7214952149082661,0.6992490140689239,-0.022246200839342145,-0.022246200839342145,-0.030833469688597476,bkt_update,0.5386478196301802,0.17456939902225188,0.29615260757139455,0.38398930158326455,resolved,R0191,learner_response,True,True,True,True,,,False,True,,incorrect,,0.03423586121472559,0.8132661836855336,0.1186629612085888,0.03383499389115197,0.03963778972384073,0.0,0.5260838410237748,0.5178220168632337,0.570097110233402,0.0,0.0,0.0,1.0,0.0,0.0,4.0,0.34140878689138954,0.053370972805932476,0.5489347715784713,0.34355508492650355,0.0,True,True,True,True,True,"[.6,.8)",middle
T0192,A025,L009,SK004,6,0.7142857142857143,focus,adaptive,direct_policy,final_integrity_filtered_v1,selector,logged,False,0.4091893367443281,"{""generic"": 0.4114456498034048, ""probing"": 0.06930741504847068, ""focus"": 0.4091893367443281, ""telling"": 0.11005759840379638}",0.6992490140689239,0.6815430971099795,-0.017705916958944412,-0.017705916958944412,-0.025321332747991785,bkt_update,0.5474974576289802,0.8850749609463314,0.5754168739801809,0.46007531110570177,resolved,R0192,learner_response,True,True,True,True,,,False,True,,incorrect,,0.4114456498034048,0.06930741504847068,0.4091893367443281,0.11005759840379638,0.03540441394209888,0.0,0.4884529957769252,0.3014122709025756,0.41710209230504003,0.0,0.0,1.0,0.0,0.0,0.0,5.0,0.5594511183644868,0.2655439033723396,0.403821009757842,0.36871194054153433,0.0,True,True,True,True,True,"[.6,.8)",late
T0193,A025,L009,SK004,7,0.8571428571428571,probing,adaptive,direct_policy,final_integrity_filtered_v1,selector,logged,False,0.8718670640115965,"{""generic"": 0.0166176707617487, ""probing"": 0.8718670640115965, ""focus"": 0.07473919312390025, ""telling"": 0.03677607210275445}",0.6815430971099795,0.7237708106510189,0.04222771354103938,0.04222771354103938,0.13260103065067733,bkt_update,0.6849218102436003,0.2586825429644209,0.4376747391272717,0.7367787779717291,resolved,R0193,learner_response,True,True,True,True,,,False,True,,correct,,0.0166176707617487,0.8718670640115965,0.07473919312390025,0.03677607210275445,0.022938313811246752,0.0,0.47223950520160685,0.4419998754949306,0.8221615322168306,0.0,0.0,0.0,1.0,0.0,0.0,6.0,0.6565742896691398,0.8302073312007349,0.5758953309474346,0.5641257257815478,0.0,True,True,True,True,True,"[.6,.8)",late
T0194,A025,L009,SK004,8,1.0,probing,adaptive,direct_policy,final_integrity_filtered_v1,selector,logged,False,0.7701666755452875,"{""generic"": 0.007880253295007845, ""probing"": 0.7701666755452875, ""focus"": 0.14871465408811735, ""telling"": 0.07323841707158717}",0.7237708106510189,0.747168509980361,0.023397699329342103,0.023397699329342103,0.08470393510724179,bkt_update,0.5992198817707437,0.9312685041694064,0.5237750514849941,0.7156076644813559,resolved,R0194,learner_response,True,True,True,True,,,False,True,,correct,,0.007880253295007845,0.7701666755452875,0.14871465408811735,0.07323841707158717,0.03657326188928844,0.0,0.4072173115151937,0.7040948135843385,0.3163898438676068,0.0,0.0,1.0,0.0,0.0,0.0,7.0,0.7428026114793691,0.511601977857886,0.4433901086179064,0.90570203274296,0.0,True,True,True,True,True,"[.6,.8)",late
T0195,A026,L009,SK002,1,0.0,probing,adaptive,direct_policy,final_integrity_filtered_v1,selector,logged,False,0.4752335834572988,"{""generic"": 0.20223454798903048, ""probing"": 0.4752335834572988, ""focus"": 0.17754182530540508, ""telling"": 0.14499004324826556}",0.22475312234810008,0.21657460478048132,-0.008178517567618754,-0.008178517567618754,-0.03638889409932992,bkt_update,0.7936809048687815,0.36140028800814467,0.21334448762845612,0.37905182669765125,resolved,R0195,learner_response,True,True,True,True,,,False,True,,incorrect,,0.20223454798903048,0.4752335834572988,0.17754182530540508,0.14499004324826556,0.0,1.0,0.3738501973243376,0.24402099426498525,0.5216390080316957,0.0,0.0,0.0,0.0,0.0,1.0,0.0,0.0,0.0,0.0,0.0,1.0,True,True,True,False,False,"[.2,.4)",early
T0196,A026,L009,SK002,2,0.16666666666666666,generic,adaptive,direct_policy,final_integrity_filtered_v1,selector,logged,False,0.42926200372376405,"{""generic"": 0.42926200372376405, ""probing"": 0.3401212014436698, ""focus"": 0.03894255177201598, ""telling"": 0.19167424306055023}",0.21657460478048132,0.2550146881566949,0.0384400833762136,0.0384400833762136,0.04906668026180406,bkt_update,0.39704885465686346,0.7512271703055786,0.2844036643868124,0.47499260947307365,resolved,R0196,learner_response,True,True,True,True,,,False,True,,correct,,0.42926200372376405,0.3401212014436698,0.03894255177201598,0.19167424306055023,-0.010184997787418815,0.0,0.515594795403816,0.6316372186094042,0.3204256980760183,0.0,0.0,1.0,0.0,0.0,0.0,1.0,0.0,0.0,0.0,0.0,1.0,True,True,True,True,False,"[.2,.4)",early
T0197,A026,L009,SK002,3,0.3333333333333333,generic,adaptive,direct_policy,final_integrity_filtered_v1,selector,logged,False,0.8536417793208965,"{""generic"": 0.8536417793208965, ""probing"": 0.013145310002269869, ""focus"": 0.09875975204444949, ""telling"": 0.03445315863238412}",0.2550146881566949,0.3149661606086227,0.05995147245192778,0.05995147245192778,0.08047336168761612,bkt_update,0.7125792754857603,0.322877361063036,0.037432420450325916,0.8260188946363636,resolved,R0197,learner_response,True,True,True,True,,,False,True,,correct,,0.8536417793208965,0.013145310002269869,0.09875975204444949,0.03445315863238412,-0.020326754797915896,0.0,0.4544208570222336,0.5126932579538727,0.4516309583001165,0.0,1.0,0.0,0.0,0.0,0.0,2.0,0.47163542211560266,0.8538896854628139,0.1681979551827691,0.7010694415481941,0.0,True,True,True,True,True,"[.2,.4)",middle
T0198,A026,L009,SK002,4,0.5,probing,adaptive,direct_policy,final_integrity_filtered_v1,selector,logged,False,0.915020929087474,"{""generic"": 0.035789676711598356, ""probing"": 0.915020929087474, ""focus"": 0.013532245926641463, ""telling"": 0.035657148274286114}",0.3149661606086227,0.48287250075323473,0.16790634014461203,0.16790634014461203,0.24510663632878268,bkt_update,0.32692179042113834,0.3439585221082165,0.4634223512869086,0.9013626513152001,resolved,R0198,learner_response,True,True,True,True,,,False,True,,correct,,0.035789676711598356,0.915020929087474,0.013532245926641463,0.035657148274286114,0.11524498282881493,0.0,0.6985745004911657,0.2205594039333113,0.5743759838474608,0.0,1.0,0.0,0.0,0.0,0.0,3.0,0.7657852483857112,0.22226776650738408,0.03565542648053777,0.9430793014373651,0.0,True,True,True,True,True,"[.2,.4)",middle
T0199,A026,L009,SK002,5,0.6666666666666666,probing,adaptive,direct_policy,final_integrity_filtered_v1,selector,logged,False,0.2501898151769426,"{""generic"": 0.06888240582141748, ""probing"": 0.2501898151769426, ""focus"": 0.4502512514437159, ""telling"": 0.23067652755792406}",0.48287250075323473,0.6020635664473329,0.11919106569409821,0.11919106569409821,0.23048680618939987,bkt_update,0.48063866550724127,0.6033941589034086,0.39228216219853285,0.6703787025564913,resolved,R0199,learner_response,True,True,True,True,,,False,True,,correct,,0.06888240582141748,0.2501898151769426,0.4502512514437159,0.23067652755792406,0.1619056689800196,0.0,0.0,0.0,0.0,1.0,0.0,1.0,0.0,0.0,0.0,4.0,0.21187963522645192,0.44040128147490465,0.5915561136853579,0.9833180895837595,0.0,True,True,False,True,True,"[.4,.6)",late
T0200,A026,L009,SK002,6,0.8333333333333334,focus,adaptive,direct_policy,final_integrity_filtered_v1,selector,logged,False,0.8681104434937877,"{""generic"": 0.02096997578885969, ""probing"": 0.03431405967874714, ""focus"": 0.8681104434937877, ""telling"": 0.07660552103860555}",0.6020635664473329,0.6226269694520435,0.0205634030047106,0.0205634030047106,0.051675094992248365,bkt_update,0.9700409515191397,0.3675797584984815,0.29117681564665565,0.499247397747633,resolved,R0200,learner_response,True,True,True,True,,,False,True,,correct,,0.02096997578885969,0.03431405967874714,0.8681104434937877,0.07660552103860555,0.03840110488009084,0.0,0.0,0.0,0.0,1.0,0.0,1.0,0.0,0.0,0.0,5.0,0.39874494216165796,0.5176476779762463,0.534694310032186,0.6883753835825309,0.0,True,True,False,True,True,"[.6,.8)",late
T0201,A026,L009,SK002,7,1.0,telling,adaptive,direct_policy,final_integrity_filtered_v1,selector,logged,False,0.11880928472846365,"{""generic"": 0.6822263038858426, ""probing"": 0.1635595656960682, ""focus"": 0.03540484568962552, ""telling"": 0.11880928472846365}",0.6226269694520435,0.6492715421313634,0.026644572679319856,0.026644572679319856,0.07060539710702478,bkt_update,0.757412919973699,0.6275951831294779,0.15044479385977297,0.4810906554140322,resolved,R0201,learner_response,True,True,True,True,,,False,True,,correct,,0.6822263038858426,0.1635595656960682,0.03540484568962552,0.11880928472846365,0.0805411789986185,0.0,0.606098805693757,0.488953090709464,0.5450165652993815,0.0,0.0,0.0,1.0,0.0,0.0,6.0,0.8933914303700862,0.5738061282599121,0.48716017162971087,0.4386946184748137,0.0,True,True,True,True,True,"[.6,.8)",late
T0202,A027,L010,SK006,1,0.0,probing,adaptive,direct_policy,final_integrity_filtered_v1,selector,logged,False,0.5543828825406056,"{""generic"": 0.32786583869219404, ""probing"": 0.5543828825406056, ""focus"": 0.08778751991069736, ""telling"": 0.02996375885650291}",0.637100525784392,0.6961905865075007,0.05909006072310863,0.05909006072310863,0.16282762836961756,bkt_update,0.4718623047001028,0.16561743370213378,0.6333538762920881,0.8370656738165424,resolved,R0202,learner_response,True,True,True,True,,,False,True,,correct,,0.32786583869219404,0.5543828825406056,0.08778751991069736,0.02996375885650291,0.0,1.0,0.6628231488965098,0.19862985386417945,0.23187887661179996,0.0,0.0,0.0,0.0,0.0,1.0,0.0,0.0,0.0,0.0,0.0,1.0,True,True,True,False,False,"[.6,.8)",early
T0203,A027,L010,SK006,2,0.14285714285714285,generic,adaptive,direct_policy,final_integrity_filtered_v1,selector,logged,False,0.9216049749619847,"{""generic"": 0.9216049749619847, ""probing"": 0.005811754887510687, ""focus"": 0.01544624936715044, ""telling"": 0.05713702078335431}",0.6961905865075007,0.7757748161626695,0.07958422965516887,0.07958422965516887,0.26195445605286916,bkt_update,0.5000079066547722,0.5764996553398791,0.10217886729750499,0.7115809996628547,resolved,R0203,learner_response,True,True,True,True,,,False,True,,correct,,0.9216049749619847,0.005811754887510687,0.01544624936715044,0.05713702078335431,0.09111624314895081,0.0,0.6449822055611346,0.2987413096034939,0.5361732551704709,0.0,0.0,1.0,0.0,0.0,0.0,1.0,0.0,0.0,0.0,0.0,1.0,True,True,True,True,False,"[.6,.8)",early
T0204,A027,L010,SK006,3,0.2857142857142857,focus,adaptive,direct_policy,final_integrity_filtered_v1,selector,logged,False,0.10794530169861542,"{""generic"": 0.43205275952503275, ""probing"": 0.36544115264460214, ""focus"": 0.10794530169861542, ""telling"": 0.09456078613174956}",0.7757748161626695,0.7801465264054979,0.004371710242828342,0.004371710242828342,0.01949696357925568,bkt_update,0.37418132624628264,0.39546989218962547,0.07413810987156509,0.7145575073276691,resolved,R0204,learner_response,True,True,True,True,,,False,True,,correct,,0.43205275952503275,0.36544115264460214,0.10794530169861542,0.09456078613174956,0.09276442792224984,0.0,0.2676760801523948,0.3495187167505957,0.2339568138135192,0.0,1.0,0.0,0.0,0.0,0.0,2.0,0.509326970766639,0.4738986664770608,0.025838594269772377,0.6793212631721142,0.0,True,True,True,True,True,"[.6,.8)",early
T0205,A027,L010,SK006,4,0.42857142857142855,focus,adaptive,direct_policy,final_integrity_filtered_v1,selector,logged,False,0.3549919612013252,"{""generic"": 0.232534106147239, ""probing"": 0.12141929696494744, ""focus"": 0.3549919612013252, ""telling"": 0.2910546356864883}",0.7801465264054979,0.8442142813735107,0.06406775496801287,0.06406775496801287,0.29141115635125,bkt_update,0.6893441042448556,0.1782474537099282,0.6862978966361718,0.796905491711166,resolved,R0205,learner_response,True,True,True,True,,,False,True,,correct,,0.232534106147239,0.12141929696494744,0.3549919612013252,0.2910546356864883,0.13203057465525356,0.0,0.0,0.0,0.0,1.0,0.0,0.0,1.0,0.0,0.0,3.0,0.4569849622820647,0.3024821010476941,0.15596135514275183,0.9635015420083622,0.0,True,True,False,True,True,"[.6,.8)",middle
T0206,A027,L010,SK006,5,0.5714285714285714,focus,adaptive,direct_policy,final_integrity_filtered_v1,selector,logged,False,0.6631838104585281,"{""generic"": 0.03233405380230187, ""probing"": 0.22077554528004595, ""focus"": 0.6631838104585281, ""telling"": 0.08370659045912406}",0.8442142813735107,0.8040445430947006,-0.040169738278810097,-0.040169738278810097,-0.04758239603984804,bkt_update,0.8571399005697014,0.6445216841248552,0.9354709601766165,0.7093248606330549,resolved,R0206,learner_response,True,True,True,True,,,False,True,,incorrect,,0.03233405380230187,0.22077554528004595,0.6631838104585281,0.08370659045912406,0.07634209199915194,0.0,0.31701151587256016,0.4825073168168635,0.43390323133655995,0.0,0.0,0.0,1.0,0.0,0.0,4.0,0.0,0.0,0.0,0.0,1.0,True,True,True,True,False,"[.8,1]",middle
T0207,A027,L010,SK006,6,0.7142857142857143,generic,adaptive,direct_policy,final_integrity_filtered_v1,selector,logged,False,0.636726998232051,"{""generic"": 0.636726998232051, ""probing"": 0.07926647764581117, ""focus"": 0.25473788984035756, ""telling"": 0.02926863428178032}",0.8040445430947006,0.7453012015687305,-0.05874334152597016,-0.05874334152597016,-0.07305980997006947,bkt_update,0.14109600646203238,0.7242588783980056,0.6426316591588019,0.7279194260182315,resolved,R0207,learner_response,True,True,True,True,,,False,True,,incorrect,,0.636726998232051,0.07926647764581117,0.25473788984035756,0.02926863428178032,0.009423865778156239,0.0,0.35882975016769614,0.695606588917658,0.38747909178064277,0.0,0.0,0.0,1.0,0.0,0.0,5.0,0.7824703060271104,0.7548435704139962,1.0,0.5747091707541915,0.0,True,True,True,True,True,"[.8,1]",late
T0208,A027,L010,SK006,7,0.8571428571428571,generic,adaptive,direct_policy,final_integrity_filtered_v1,selector,logged,False,0.9787347103418844,"{""generic"": 0.9787347103418844, ""probing"": 0.00870503044582954, ""focus"": 0.008988115939076344, ""telling"": 0.0035721432732097433}",0.7453012015687305,0.7777933168151066,0.032492115246376074,0.032492115246376074,0.1275707441358192,bkt_update,0.9528145776618624,0.8951283138776224,0.5045159208713351,0.6116409022547236,resolved,R0208,learner_response,True,True,True,True,,,False,True,,correct,,0.9787347103418844,0.00870503044582954,0.008988115939076344,0.0035721432732097433,-0.0458387415195538,0.0,0.0,0.0,0.0,1.0,1.0,0.0,0.0,0.0,0.0,6.0,0.2880661732345012,0.6135597224089877,0.7281818601926615,0.9103171503375336,0.0,True,True,False,True,True,"[.6,.8)",late
T0209,A027,L010,SK006,8,1.0,probing,adaptive,direct_policy,final_integrity_filtered_v1,selector,logged,False,0.25379304990365015,"{""generic"": 0.07507733372975414, ""probing"": 0.25379304990365015, ""focus"": 0.6141536478405344, ""telling"": 0.056975968526061245}",0.7777933168151066,0.835051062510914,0.05725774569580744,0.05725774569580744,0.2576778739285915,bkt_update,0.7502531815973557,0.6848044734146393,0.6066409761441182,0.27639672840196455,resolved,R0209,learner_response,True,True,True,True,,,False,True,,correct,,0.07507733372975414,0.25379304990365015,0.6141536478405344,0.056975968526061245,0.0872818438700028,0.0,0.7871743596515193,0.26057660389388465,0.4901236287241323,0.0,1.0,0.0,0.0,0.0,0.0,7.0,0.9623807341659175,1.0,0.6687222867315494,0.7943591577452147,0.0,True,True,True,True,True,"[.6,.8)",late
T0210,A028,L010,SK022,1,0.0,probing,adaptive,direct_policy,final_integrity_filtered_v1,selector,logged,False,0.8788023406501538,"{""generic"": 0.006053690013940849, ""probing"": 0.8788023406501538, ""focus"": 0.031045252703045964, ""telling"": 0.08409871663285949}",0.3218788000201308,0.5290831475322756,0.20720434751214478,0.20720434751214478,0.30555651042659615,bkt_update,0.5041136731914015,0.5705422772691618,0.5878357273809246,0.9388591668239011,resolved,R0210,learner_response,True,True,True,True,,,False,True,,correct,,0.006053690013940849,0.8788023406501538,0.031045252703045964,0.08409871663285949,0.0,1.0,0.8277592866687979,0.20957752232470148,0.5676839281946533,0.0,0.0,0.0,0.0,0.0,1.0,0.0,0.0,0.0,0.0,0.0,1.0,True,True,True,False,False,"[.2,.4)",early
T0211,A028,L010,SK022,2,0.14285714285714285,telling,adaptive,direct_policy,final_integrity_filtered_v1,selector,logged,False,0.13065797678814725,"{""generic"": 0.0324071783899552, ""probing"": 0.5018376557827032, ""focus"": 0.33509718903919433, ""telling"": 0.13065797678814725}",0.5290831475322756,0.5416050725500837,0.012521925017808133,0.012521925017808133,0.026590522195563935,bkt_update,0.59587357021968,0.2659593536788321,0.2829910441408788,0.5438382057111945,resolved,R0211,learner_response,True,True,True,True,,,False,True,,correct,,0.0324071783899552,0.5018376557827032,0.33509718903919433,0.13065797678814725,0.09145010238227168,0.0,0.39577168086129566,0.5334723348407497,0.2607548490524707,0.0,0.0,1.0,0.0,0.0,0.0,1.0,0.4239065149530221,0.6839413144601814,0.57051733047507,0.931944761314915,0.0,True,True,True,True,True,"[.4,.6)",early
T0212,A028,L010,SK022,3,0.2857142857142857,probing,adaptive,direct_policy,final_integrity_filtered_v1,selector,logged,False,0.6235948264518383,"{""generic"": 0.11245356355655627, ""probing"": 0.6235948264518383, ""focus"": 0.016779801467087886, ""telling"": 0.24717180852451753}",0.5416050725500837,0.40294999816093446,-0.13865507438914926,-0.13865507438914926,-0.2560077100761043,bkt_update,0.41210404601378886,0.6777614831422245,0.3876398565071924,0.515198272385728,resolved,R0212,learner_response,True,True,True,True,,,False,True,,incorrect,,0.11245356355655627,0.6235948264518383,0.016779801467087886,0.24717180852451753,0.03630043407299464,0.0,0.30524014305419594,0.7934922946072106,0.4316453378447006,0.0,0.0,0.0,0.0,1.0,0.0,2.0,0.43824139664471623,0.3635293118346761,0.3357565962163145,0.6488658211013111,0.0,True,True,True,True,True,"[.4,.6)",early
T0213,A028,L010,SK022,4,0.42857142857142855,telling,adaptive,direct_policy,final_integrity_filtered_v1,selector,logged,False,0.9645069462322609,"{""generic"": 0.011058911320546707, ""probing"": 0.018309286469199014, ""focus"": 0.006124855977993321, ""telling"": 0.9645069462322609}",0.40294999816093446,0.45193019553504393,0.04898019737410947,0.04898019737410947,0.08203701067454656,bkt_update,0.42359917017741877,0.17030174312525048,0.5184803167032433,0.6978109416407948,resolved,R0213,learner_response,True,True,True,True,,,False,True,,correct,,0.011058911320546707,0.018309286469199014,0.006124855977993321,0.9645069462322609,-0.02707435168217558,0.0,0.8274267764757509,0.2878499544322186,0.8444368083368212,0.0,0.0,1.0,0.0,0.0,0.0,3.0,0.2603745884369878,0.7045922877245063,0.1926590453171106,0.5923422896221129,0.0,True,True,True,True,True,"[.4,.6)",middle
T0214,A028,L010,SK022,5,0.5714285714285714,telling,adaptive,direct_policy,final_integrity_filtered_v1,selector,logged,False,0.8253710445815966,"{""generic"": 0.032838374506420735, ""probing"": 0.03357927581873096, ""focus"": 0.10821130509325164, ""telling"": 0.8253710445815966}",0.45193019553504393,0.5301526451421915,0.07822244960714758,0.07822244960714758,0.14272351618332801,bkt_update,0.5759910305368192,0.8461974738606303,0.18992941880144978,0.7991263425060423,resolved,R0214,learner_response,True,True,True,True,,,False,True,,correct,,0.032838374506420735,0.03357927581873096,0.10821130509325164,0.8253710445815966,0.04466249036580465,0.0,0.6090337215971917,0.4032522370043845,0.4493507628337401,0.0,0.0,0.0,0.0,1.0,0.0,4.0,0.1214269778064554,0.2297910698291527,0.5418369413508735,0.5496533389445907,0.0,True,True,True,True,True,"[.4,.6)",middle
T0215,A028,L010,SK022,6,0.7142857142857143,focus,adaptive,direct_policy,final_integrity_filtered_v1,selector,logged,False,0.6455139612976143,"{""generic"": 0.04632217056273657, ""probing"": 0.0503264892607576, ""focus"": 0.6455139612976143, ""telling"": 0.2578373788788916}",0.5301526451421915,0.5064754276288143,-0.023677217513377258,-0.023677217513377258,-0.04466113246879457,bkt_update,0.4172809004101108,0.8627100905127579,0.719628421104842,0.5212188098403395,resolved,R0215,learner_response,True,True,True,True,,,False,True,,incorrect,,0.04632217056273657,0.0503264892607576,0.6455139612976143,0.2578373788788916,0.07607252862379495,0.0,0.513119332810441,0.6449391114399154,0.4342584781591362,0.0,0.0,0.0,0.0,1.0,0.0,5.0,0.604434264410385,0.7687422790553132,0.22386710783311173,0.715753331698495,0.0,True,True,True,True,True,"[.4,.6)",late
T0216,A028,L010,SK022,7,0.8571428571428571,probing,adaptive,direct_policy,final_integrity_filtered_v1,selector,logged,False,0.18548391986074836,"{""generic"": 0.1630083651777656, ""probing"": 0.18548391986074836, ""focus"": 0.5243159388570362, ""telling"": 0.12719177610444984}",0.5064754276288143,0.629352513758757,0.12287708612994275,0.12287708612994275,0.24897865883266582,bkt_update,0.8765968932373536,0.46609169729566446,0.5551407300181638,0.1358397531490123,resolved,R0216,learner_response,True,True,True,True,,,False,True,,correct,,0.1630083651777656,0.18548391986074836,0.5243159388570362,0.12719177610444984,0.0729917422072982,0.0,0.7339869043290789,0.4132957470625942,0.6424815073851212,0.0,0.0,0.0,1.0,0.0,0.0,6.0,0.0,0.0,0.0,0.0,1.0,True,True,True,True,False,"[.4,.6)",late
T0217,A028,L010,SK022,8,1.0,probing,adaptive,direct_policy,final_integrity_filtered_v1,selector,logged,False,0.27650186131598203,"{""generic"": 0.2580190186483311, ""probing"": 0.27650186131598203, ""focus"": 0.0669254626745967, ""telling"": 0.39855365736109005}",0.629352513758757,0.756761366281261,0.127408852522504,0.127408852522504,0.34374670610763974,bkt_update,0.5259071822023719,0.5056922836111608,0.20615076460551976,0.8268817375884621,resolved,R0217,learner_response,True,True,True,True,,,False,True,,correct,,0.2580190186483311,0.27650186131598203,0.0669254626745967,0.39855365736109005,0.1598856321592715,0.0,0.8846922001334493,0.22289398070320132,0.5625056009642181,0.0,0.0,1.0,0.0,0.0,0.0,7.0,0.8925795034174733,0.5076247029420176,0.580215533319464,0.13410967168961496,0.0,True,True,True,True,True,"[.6,.8)",late
T0218,A029,L010,SK010,1,0.0,focus,adaptive,direct_policy,final_integrity_filtered_v1,selector,logged,False,0.44460102882564834,"{""generic"": 0.4659358209738705, ""probing"": 0.059366370452711245, ""focus"": 0.44460102882564834, ""telling"": 0.030096779747770086}",0.6911544681156139,0.7007317106785071,0.009577242562893273,0.009577242562893273,0.031009814208607163,bkt_update,0.7335540518547488,0.5403783699497692,0.3720159012027024,0.1830409847217206,resolved,R0218,learner_response,True,True,True,True,,,False,True,,correct,,0.4659358209738705,0.059366370452711245,0.44460102882564834,0.030096779747770086,0.0,1.0,0.6518823089974728,0.32510935059047513,0.5687994733500901,0.0,0.0,0.0,0.0,0.0,1.0,0.0,0.0,0.0,0.0,0.0,1.0,True,True,True,False,False,"[.6,.8)",early
T0219,A029,L010,SK010,2,0.14285714285714285,focus,adaptive,direct_policy,final_integrity_filtered_v1,selector,logged,False,0.388423273357555,"{""generic"": 0.06350101592716614, ""probing"": 0.049555437544349004, ""focus"": 0.388423273357555, ""telling"": 0.49852027317092984}",0.7007317106785071,0.7547426275044437,0.054010916825936506,0.054010916825936506,0.18047657821813048,bkt_update,0.8071897654979823,0.5762062534399681,0.42756457457802227,0.8268072700490225,resolved,R0219,learner_response,True,True,True,True,,,False,True,,correct,,0.06350101592716614,0.049555437544349004,0.388423273357555,0.49852027317092984,0.0707068946543218,0.0,0.8360026670595946,0.20090391271318594,0.46051427680120194,0.0,0.0,0.0,1.0,0.0,0.0,1.0,0.8298444159090214,0.5274585315991882,0.4053498733793193,0.1224354073917056,0.0,True,True,True,True,True,"[.6,.8)",early
T0220,A029,L010,SK010,3,0.2857142857142857,generic,adaptive,direct_policy,final_integrity_filtered_v1,selector,logged,False,0.1475135406025286,"{""generic"": 0.1475135406025286, ""probing"": 0.287007194878296, ""focus"": 0.48181163912568287, ""telling"": 0.08366762539349248}",0.7547426275044437,0.8040479339727695,0.04930530646832587,0.04930530646832587,0.201034961626767,bkt_update,0.1276497620312394,0.7161887379329791,0.3372976776850691,0.15393399818563464,resolved,R0220,learner_response,True,True,True,True,,,False,True,,correct,,0.1475135406025286,0.287007194878296,0.48181163912568287,0.08366762539349248,0.06560150904922012,0.0,0.741105450399424,0.46652096891307604,0.47912855301823354,0.0,0.0,0.0,1.0,0.0,0.0,2.0,0.8524161626250844,0.6366343612807319,0.49395318224132295,0.8593971667465269,0.0,True,True,True,True,True,"[.6,.8)",early
T0221,A029,L010,SK010,4,0.42857142857142855,generic,adaptive,direct_policy,final_integrity_filtered_v1,selector,logged,False,0.6753035195902035,"{""generic"": 0.6753035195902035, ""probing"": 0.08026533971136927, ""focus"": 0.2226897926066128, ""telling"": 0.02174134809181449}",0.8040479339727695,0.8057335231388646,0.0016855891660950695,0.0016855891660950695,0.008602048451282119,bkt_update,0.7347882625143246,0.46977128396677836,0.6392678221387199,0.5122556831116515,resolved,R0221,learner_response,True,True,True,True,,,False,True,,correct,,0.6753035195902035,0.08026533971136927,0.2226897926066128,0.02174134809181449,0.009532491501385685,0.0,0.4078262108674641,0.6011902320711184,0.3787351322025273,0.0,1.0,0.0,0.0,0.0,0.0,3.0,0.17438810387040488,0.5843464552488169,0.5259645402566748,0.10000068072987078,0.0,True,True,True,True,True,"[.8,1]",middle
T0222,A029,L010,SK010,5,0.5714285714285714,probing,adaptive,direct_policy,final_integrity_filtered_v1,selector,logged,False,0.8499613606176233,"{""generic"": 0.048656283297891276, ""probing"": 0.8499613606176233, ""focus"": 0.039898495731228646, ""telling"": 0.06148386035325688}",0.8057335231388646,0.8467445304848333,0.04101100734596874,0.04101100734596874,0.21110697022257743,bkt_update,0.7923494537314156,0.22126015957428272,0.20061095952283686,0.39862531879591445,resolved,R0222,learner_response,True,True,True,True,,,False,True,,correct,,0.048656283297891276,0.8499613606176233,0.039898495731228646,0.06148386035325688,0.07895629704428407,0.0,0.7412669961138905,0.14090976587529247,0.9520769644723956,0.0,1.0,0.0,0.0,0.0,0.0,4.0,0.6807185139408078,0.4840083592113568,0.7610013260804257,0.3765420236165934,0.0,True,True,True,True,True,"[.8,1]",middle
T0223,A029,L010,SK010,6,0.7142857142857143,focus,adaptive,direct_policy,final_integrity_filtered_v1,selector,logged,False,0.8364216114468556,"{""generic"": 0.0015401731040322118, ""probing"": 0.014920858044440318, ""focus"": 0.8364216114468556, ""telling"": 0.1471173574046718}",0.8467445304848333,0.8269221680880818,-0.019822362396751503,-0.019822362396751503,-0.023410086139442215,bkt_update,0.33913393972992745,0.5554067845898559,0.41070493773567573,0.26107377653515745,resolved,R0223,learner_response,True,True,True,True,,,False,True,,incorrect,,0.0015401731040322118,0.014920858044440318,0.8364216114468556,0.1471173574046718,-0.013595757009528784,0.0,0.4728673000556688,0.49230659361360896,0.42503694303522715,0.0,0.0,1.0,0.0,0.0,0.0,5.0,1.0,0.36101684369315806,0.26638019109954525,0.39537655935976024,0.0,True,True,True,True,True,"[.8,1]",late
T0224,A029,L010,SK010,7,0.8571428571428571,telling,adaptive,direct_policy,final_integrity_filtered_v1,selector,logged,False,0.8655228317015702,"{""generic"": 0.07286689955060044, ""probing"": 0.017244248482665304, ""focus"": 0.04436602026516418, ""telling"": 0.8655228317015702}",0.8269221680880818,0.7841231467941858,-0.04279902129389601,-0.04279902129389601,-0.05175701286718578,bkt_update,0.22165429338608075,0.2867724849952086,0.04772536635765155,0.40646246554016247,resolved,R0224,learner_response,True,True,True,True,,,False,True,,incorrect,,0.07286689955060044,0.017244248482665304,0.04436602026516418,0.8655228317015702,0.0025079994214588855,0.0,0.0,0.0,0.0,1.0,0.0,0.0,1.0,0.0,0.0,6.0,0.3034619389544241,0.624005138588307,0.5119829127844215,0.2369420133835391,0.0,True,True,False,True,True,"[.8,1]",late
T0225,A029,L010,SK010,8,1.0,generic,adaptive,direct_policy,final_integrity_filtered_v1,selector,logged,False,0.8934741906760177,"{""generic"": 0.8934741906760177, ""probing"": 0.04668501694437273, ""focus"": 0.02720999131980409, ""telling"": 0.03263080105980548}",0.7841231467941858,0.8000378779432302,0.015914731149044403,0.015914731149044403,0.07372134118460355,bkt_update,0.7109796251992924,0.5830334670260169,0.5798307457715426,0.1513970421122525,resolved,R0225,learner_response,True,True,True,True,,,False,True,,correct,,0.8934741906760177,0.04668501694437273,0.02720999131980409,0.03263080105980548,0.025199551607751856,0.0,0.4643057016974102,0.4529408589519741,0.5428232136718402,0.0,0.0,0.0,0.0,1.0,0.0,7.0,0.0,0.0,0.0,0.0,1.0,True,True,True,True,False,"[.6,.8)",late
T0226,A030,L010,SK004,1,0.0,focus,adaptive,direct_policy,final_integrity_filtered_v1,selector,logged,False,0.5426862125417249,"{""generic"": 0.11817110763878631, ""probing"": 0.05639720204192581, ""focus"": 0.5426862125417249, ""telling"": 0.28274547777756315}",0.24547225642389212,0.4297509553451612,0.1842786989212691,0.1842786989212691,0.2442305143716445,bkt_update,0.63571836001276,0.3487261455959065,0.48743372176312516,0.9121043260005516,resolved,R0226,learner_response,True,True,True,True,,,False,True,,correct,,0.11817110763878631,0.05639720204192581,0.5426862125417249,0.28274547777756315,0.0,1.0,0.8546948680765488,0.34624262809365236,0.4352047222085973,0.0,0.0,0.0,0.0,0.0,1.0,0.0,0.0,0.0,0.0,0.0,1.0,True,True,True,False,False,"[.2,.4)",early
T0227,A030,L010,SK004,2,0.14285714285714285,probing,adaptive,direct_policy,final_integrity_filtered_v1,selector,logged,False,0.8360043752847606,"{""generic"": 0.10017261990488753, ""probing"": 0.8360043752847606, ""focus"": 0.03951126418294556, ""telling"": 0.024311740627406285}",0.4297509553451612,0.44423289360068086,0.014481938255519633,0.014481938255519633,0.025395813270121803,bkt_update,0.8417538541330422,0.17905667127749297,0.7319523135440871,0.22780113957402606,resolved,R0227,learner_response,True,True,True,True,,,False,True,,correct,,0.10017261990488753,0.8360043752847606,0.03951126418294556,0.024311740627406285,0.07157264087137874,0.0,0.0,0.0,0.0,1.0,0.0,0.0,1.0,0.0,0.0,1.0,0.5494655052296792,0.4789339975052591,0.5301449327001155,0.9447685033107887,0.0,True,True,False,True,True,"[.4,.6)",early
T0228,A030,L010,SK004,3,0.2857142857142857,generic,adaptive,direct_policy,final_integrity_filtered_v1,selector,logged,False,0.43337813410075887,"{""generic"": 0.43337813410075887, ""probing"": 0.18505511422842988, ""focus"": 0.35129458549033626, ""telling"": 0.03027216618047495}",0.44423289360068086,0.40670075398815686,-0.037532139612523996,-0.037532139612523996,-0.08448752929642685,bkt_update,0.388725028654986,0.24648726093818477,0.47920844431699655,0.36920730229300236,resolved,R0228,learner_response,True,True,True,True,,,False,True,,incorrect,,0.43337813410075887,0.18505511422842988,0.35129458549033626,0.03027216618047495,-0.036906261677565076,0.0,0.1340717461638691,0.7535517617464159,0.41690418334483625,0.0,0.0,1.0,0.0,0.0,0.0,2.0,0.7652549822441983,0.015860350123269,0.8305690991666144,0.274219793813899,0.0,True,True,True,True,True,"[.4,.6)",early
T0229,A030,L010,SK004,4,0.42857142857142855,focus,adaptive,direct_policy,final_integrity_filtered_v1,selector,logged,False,0.7354373543996918,"{""generic"": 0.08026685637979503, ""probing"": 0.06730021647559117, ""focus"": 0.7354373543996918, ""telling"": 0.11699557274492202}",0.40670075398815686,0.5018102205446797,0.09510946655652286,0.09510946655652286,0.16030606341715178,bkt_update,0.42467355055800915,0.8621769294806201,0.230385796859497,0.5924563191782156,resolved,R0229,learner_response,True,True,True,True,,,False,True,,correct,,0.08026685637979503,0.06730021647559117,0.7354373543996918,0.11699557274492202,-0.0011567930943659262,0.0,0.7244875934204242,0.23270745904139073,0.6079640161366668,0.0,1.0,0.0,0.0,0.0,0.0,3.0,0.42767942212714766,0.08726038093110641,0.5242384194596762,0.38097004049507854,0.0,True,True,True,True,True,"[.4,.6)",middle
T0230,A030,L010,SK004,5,0.5714285714285714,telling,adaptive,direct_policy,final_integrity_filtered_v1,selector,logged,False,0.7370655648250005,"{""generic"": 0.027988480497811545, ""probing"": 0.02170857421278387, ""focus"": 0.21323738046440402, ""telling"": 0.7370655648250005}",0.5018102205446797,0.5883901965564591,0.08657997601177936,0.08657997601177936,0.1737891453864003,bkt_update,0.3676586639771756,0.32060622737383987,0.2672250791740505,0.46267534707703883,resolved,R0230,learner_response,True,True,True,True,,,False,True,,correct,,0.027988480497811545,0.02170857421278387,0.21323738046440402,0.7370655648250005,0.053384109146201925,0.0,0.8586837779092071,0.28309501473153564,0.4070020282220037,0.0,0.0,0.0,1.0,0.0,0.0,4.0,0.46353331907679196,0.9221403823603116,0.3981976960793167,0.4540004286268593,0.0,True,True,True,True,True,"[.4,.6)",middle
T0231,A030,L010,SK004,6,0.7142857142857143,generic,adaptive,direct_policy,final_integrity_filtered_v1,selector,logged,False,0.6400527431295497,"{""generic"": 0.6400527431295497, ""probing"": 0.23080819136688963, ""focus"": 0.10599459654337354, ""telling"": 0.023144468960186997}",0.5883901965564591,0.6173093846340425,0.028919188077583424,0.028919188077583424,0.07025874465487596,bkt_update,0.33843119779582853,0.3794985019572862,0.6165745946090101,0.37985770558312604,resolved,R0231,learner_response,True,True,True,True,,,False,True,,correct,,0.6400527431295497,0.23080819136688963,0.10599459654337354,0.023144468960186997,0.04715571960963734,0.0,0.6394012199899928,0.1447679805887193,0.44718398447563845,0.0,0.0,0.0,0.0,1.0,0.0,5.0,0.3344378931305398,0.2699329311417297,0.3574115863388321,0.41903086505850595,0.0,True,True,True,True,True,"[.4,.6)",late
T0232,A030,L010,SK004,7,0.8571428571428571,generic,adaptive,direct_policy,final_integrity_filtered_v1,selector,logged,False,0.8723901277056907,"{""generic"": 0.8723901277056907, ""probing"": 0.025922147874098182, ""focus"": 0.022095663863551697, ""telling"": 0.07959206055665963}",0.6173093846340425,0.5862781409367617,-0.03103124369728083,-0.03103124369728083,-0.05026854356940804,bkt_update,0.5688929894185449,0.2998975630236505,0.6855879804656587,0.07855556616573753,resolved,R0232,learner_response,True,True,True,True,,,False,True,,incorrect,,0.8723901277056907,0.025922147874098182,0.022095663863551697,0.07959206055665963,0.028046514599038,0.0,0.293688196403594,0.7346376286005125,0.23748893088978476,0.0,1.0,0.0,0.0,0.0,0.0,6.0,0.19896266230486676,0.4310640990328181,0.48751906631045067,0.4286469216834615,0.0,True,True,True,True,True,"[.6,.8)",late
T0233,A030,L010,SK004,8,1.0,probing,adaptive,direct_policy,final_integrity_filtered_v1,selector,logged,False,0.6860158315492438,"{""generic"": 0.07525766126616919, ""probing"": 0.6860158315492438, ""focus"": 0.011083096510116953, ""telling"": 0.22764341067447008}",0.5862781409367617,0.6288205749724253,0.0425424340356636,0.0425424340356636,0.10282858665478657,bkt_update,0.7338223308272129,0.5103029021263384,0.6995797993158623,0.10514588340552164,resolved,R0233,learner_response,True,True,True,True,,,False,True,,correct,,0.07525766126616919,0.6860158315492438,0.011083096510116953,0.22764341067447008,0.017127920502692386,0.0,0.6059609527521954,0.3721288706873467,0.4766293691043368,0.0,1.0,0.0,0.0,0.0,0.0,7.0,0.5326122776457574,0.3866860335071034,0.7510024663700865,0.024409958108079194,0.0,True,True,True,True,True,"[.4,.6)",late
T0234,A031,L011,SK022,1,0.0,generic,adaptive,direct_policy,final_integrity_filtered_v1,selector,logged,False,0.6572950174030926,"{""generic"": 0.6572950174030926, ""probing"": 0.09351704925882634, ""focus"": 0.13860282261757725, ""telling"": 0.11058511072050378}",0.4466805248189917,0.5381319509060006,0.09145142608700896,0.09145142608700896,0.16527780096135655,bkt_update,0.4486970076381121,0.9426291285177374,0.5808691972575223,0.08729988385421417,resolved,R0234,learner_response,True,True,True,True,,,False,True,,correct,,0.6572950174030926,0.09351704925882634,0.13860282261757725,0.11058511072050378,0.0,1.0,0.6699216995824413,0.529831574210561,0.5627079130258837,0.0,0.0,0.0,0.0,0.0,1.0,0.0,0.0,0.0,0.0,0.0,1.0,True,True,True,False,False,"[.4,.6)",early
T0235,A031,L011,SK022,2,0.16666666666666666,probing,adaptive,direct_policy,final_integrity_filtered_v1,selector,logged,False,0.9804440792252688,"{""generic"": 0.006231695992846575, ""probing"": 0.9804440792252688, ""focus"": 0.010595352985683402, ""telling"": 0.0027288717962012823}",0.5381319509060006,0.5127309741190024,-0.025400976786998264,-0.025400976786998264,-0.047202134614443725,bkt_update,0.6571517382531643,0.4778641587102807,0.4519983726236712,0.7694585609707525,resolved,R0235,learner_response,True,True,True,True,,,False,True,,incorrect,,0.006231695992846575,0.9804440792252688,0.010595352985683402,0.0027288717962012823,0.0008157867575639133,0.0,0.2649195574339898,0.6067390754652285,0.10838366394418741,0.0,1.0,0.0,0.0,0.0,0.0,1.0,0.5870075702345503,0.9891646195084569,0.5518951408583439,0.09164369074795531,0.0,True,True,True,True,True,"[.4,.6)",early
T0236,A031,L011,SK022,3,0.3333333333333333,probing,adaptive,direct_policy,final_integrity_filtered_v1,selector,logged,False,0.47688845778590433,"{""generic"": 0.3117068668858822, ""probing"": 0.47688845778590433, ""focus"": 0.1104988692236228, ""telling"": 0.10090580610459064}",0.5127309741190024,0.5448652472448839,0.032134273125881574,0.032134273125881574,0.06594770325854758,bkt_update,0.40704892534179554,0.324818452255985,0.4472228421913094,0.6838947037038171,resolved,R0236,learner_response,True,True,True,True,,,False,True,,correct,,0.3117068668858822,0.47688845778590433,0.1104988692236228,0.10090580610459064,0.04500023511750862,0.0,0.46265832857828676,0.5684298639931447,0.37712671293792843,0.0,0.0,1.0,0.0,0.0,0.0,2.0,0.0,0.0,0.0,0.0,1.0,True,True,True,True,False,"[.4,.6)",middle
T0237,A031,L011,SK022,4,0.5,generic,adaptive,direct_policy,final_integrity_filtered_v1,selector,logged,False,0.9296285706644475,"{""generic"": 0.9296285706644475, ""probing"": 0.006917272269154956, ""focus"": 0.008326090230831232, ""telling"": 0.05512806683556623}",0.5448652472448839,0.3830970578379572,-0.16176818940692672,-0.16176818940692672,-0.2968957741843677,bkt_update,0.8653709270850319,0.8306511242268542,0.3578055872419588,0.6724680881125825,resolved,R0237,learner_response,True,True,True,True,,,False,True,,incorrect,,0.9296285706644475,0.006917272269154956,0.008326090230831232,0.05512806683556623,-0.02214492715474016,0.0,0.38474377881603217,0.46390485911111246,0.4007748457683743,0.0,0.0,1.0,0.0,0.0,0.0,3.0,0.3247474598949659,0.20625816793462126,0.5167158416964625,0.8335608651219458,0.0,True,True,True,True,True,"[.4,.6)",middle
T0238,A031,L011,SK022,5,0.6666666666666666,probing,adaptive,direct_policy,final_integrity_filtered_v1,selector,logged,False,0.7956903824550807,"{""generic"": 0.06567847742354768, ""probing"": 0.7956903824550807, ""focus"": 0.056167824482422773, ""telling"": 0.08246331563894872}",0.3830970578379572,0.6278385224509202,0.24474146461296298,0.24474146461296298,0.3967260453568665,bkt_update,0.6242785083095163,0.932127974966174,0.4025178124532294,0.42493365049909004,resolved,R0238,learner_response,True,True,True,True,,,False,True,,correct,,0.06567847742354768,0.7956903824550807,0.056167824482422773,0.08246331563894872,-0.0325549357662613,0.0,0.8570542662007696,0.04283254699852851,0.533306270623312,0.0,1.0,0.0,0.0,0.0,0.0,4.0,0.8651604413639096,1.0,0.5355405048039803,0.7933633844511521,0.0,True,True,True,True,True,"[.2,.4)",late
T0239,A031,L011,SK022,6,0.8333333333333334,probing,adaptive,direct_policy,final_integrity_filtered_v1,selector,logged,False,0.21239809265826,"{""generic"": 0.18991079736906114, ""probing"": 0.21239809265826, ""focus"": 0.2494348702611234, ""telling"": 0.34825623971155556}",0.6278385224509202,0.5720556653245044,-0.05578285712641584,-0.05578285712641584,-0.08884905135902446,bkt_update,0.818055951749625,0.5314336283785858,0.3964730107117662,0.26892114478323376,resolved,R0239,learner_response,True,True,True,True,,,False,True,,incorrect,,0.18991079736906114,0.21239809265826,0.2494348702611234,0.34825623971155556,0.10124583720362951,0.0,0.3770696498112334,0.5099819759602654,0.26498890741964626,0.0,0.0,1.0,0.0,0.0,0.0,5.0,0.0,0.0,0.0,0.0,1.0,True,True,True,True,False,"[.6,.8)",late
T0240,A031,L011,SK022,7,1.0,telling,adaptive,direct_policy,final_integrity_filtered_v1,selector,logged,False,0.8280480447506583,"{""generic"": 0.03441423266428113, ""probing"": 0.06344099516396515, ""focus"": 0.07409672742109549, ""telling"": 0.8280480447506583}",0.5720556653245044,0.4780134844875636,-0.09404218083694077,-0.09404218083694077,-0.16439340878408115,bkt_update,0.2687587548304557,0.5586723880583523,0.21778793831111112,0.46928409006096405,resolved,R0240,learner_response,True,True,True,True,,,False,True,,incorrect,,0.03441423266428113,0.06344099516396515,0.07409672742109549,0.8280480447506583,-0.004469391582530818,0.0,0.0,0.0,0.0,1.0,0.0,1.0,0.0,0.0,0.0,6.0,0.8009585612457757,0.734373166232986,0.39263190596697223,0.21790297676066966,0.0,True,True,False,True,True,"[.4,.6)",late
T0241,A032,L012,SK018,1,0.0,probing,adaptive,direct_policy,final_integrity_filtered_v1,selector,logged,False,0.34746251009513374,"{""generic"": 0.1822492092679088, ""probing"": 0.34746251009513374, ""focus"": 0.203492186920045, ""telling"": 0.26679609371691226}",0.8667674340232051,0.7313668530708236,-0.1354005809523815,-0.1354005809523815,-0.15621327663858278,bkt_update,0.3933079369854349,0.8698098687556479,0.32252620309352664,0.6404834164904787,resolved,R0241,learner_response,True,True,True,True,,,False,True,,incorrect,,0.1822492092679088,0.34746251009513374,0.203492186920045,0.26679609371691226,0.0,1.0,0.20257849793108637,0.7937146237295357,0.4303749665893837,0.0,0.0,0.0,0.0,0.0,1.0,0.0,0.0,0.0,0.0,0.0,1.0,True,True,True,False,False,"[.8,1]",early
T0242,A032,L012,SK018,2,0.16666666666666666,generic,adaptive,direct_policy,final_integrity_filtered_v1,selector,logged,False,0.6481548251241537,"{""generic"": 0.6481548251241537, ""probing"": 0.14281834450780773, ""focus"": 0.08238366041094945, ""telling"": 0.12664316995708916}",0.7313668530708236,0.7304627119385458,-0.0009041411322777693,-0.0009041411322777693,-0.0012362347684770104,bkt_update,0.26507792663500257,0.10106533340827348,0.1385191992013987,0.8312933852985877,resolved,R0242,learner_response,True,True,True,True,,,False,True,,incorrect,,0.6481548251241537,0.14281834450780773,0.08238366041094945,0.12664316995708916,0.04169685930223356,0.0,0.6599539800153305,0.4056741831474079,0.3712399596199534,0.0,0.0,1.0,0.0,0.0,0.0,1.0,0.5402371957273912,0.6547398558896668,0.2894416861758088,0.48272583973759575,0.0,True,True,True,True,True,"[.6,.8)",early
T0243,A032,L012,SK018,3,0.3333333333333333,focus,adaptive,direct_policy,final_integrity_filtered_v1,selector,logged,False,0.43376179461965886,"{""generic"": 0.2812941923253688, ""probing"": 0.23642877821960293, ""focus"": 0.43376179461965886, ""telling"": 0.048515234835369334}",0.7304627119385458,0.657083078470725,-0.07337963346782084,-0.07337963346782084,-0.10045637137737197,bkt_update,0.7947142090958346,0.5901259683508714,0.5602593347053628,0.900184801551115,resolved,R0243,learner_response,True,True,True,True,,,False,True,,incorrect,,0.2812941923253688,0.23642877821960293,0.43376179461965886,0.048515234835369334,0.047213173442942555,0.0,0.44616709858979847,0.5360915853317045,0.35892351336969835,0.0,1.0,0.0,0.0,0.0,0.0,2.0,0.21817230853603034,0.017746414975138528,0.05391292350205562,0.7898769058511701,0.0,True,True,True,True,True,"[.6,.8)",middle
T0244,A032,L012,SK018,4,0.5,generic,adaptive,direct_policy,final_integrity_filtered_v1,selector,logged,False,0.2844728049812416,"{""generic"": 0.2844728049812416, ""probing"": 0.32307490943320405, ""focus"": 0.06292539997307574, ""telling"": 0.32952688561247856}",0.657083078470725,0.6365376807599252,-0.020545397710799773,-0.020545397710799773,-0.03126757998184416,bkt_update,0.8402123429442331,0.29195758523590015,0.2620182175100457,0.32330505452419095,resolved,R0244,learner_response,True,True,True,True,,,False,True,,incorrect,,0.2844728049812416,0.32307490943320405,0.06292539997307574,0.32952688561247856,-0.0016053228549494265,0.0,0.5135478967241366,0.4909433972615919,0.4618323388460914,0.0,0.0,0.0,1.0,0.0,0.0,3.0,0.8590280254120682,0.559058331766058,0.6598429422102421,0.7761329636236978,0.0,True,True,True,True,True,"[.6,.8)",middle
T0245,A032,L012,SK018,5,0.6666666666666666,generic,adaptive,direct_policy,final_integrity_filtered_v1,selector,logged,False,0.47562346264247823,"{""generic"": 0.47562346264247823, ""probing"": 0.17429630342776015, ""focus"": 0.2364429544069501, ""telling"": 0.11363727952281152}",0.6365376807599252,0.6727313290661071,0.03619364830618188,0.03619364830618188,0.09958019412261326,bkt_update,0.60284678667514,0.7259018351646752,0.6695822918636687,0.207350786985544,resolved,R0245,learner_response,True,True,True,True,,,False,True,,correct,,0.47562346264247823,0.17429630342776015,0.2364429544069501,0.11363727952281152,0.06655443708401737,0.0,0.7337010761004911,0.18725578833446616,0.3788934730766966,0.0,1.0,0.0,0.0,0.0,0.0,4.0,0.0,0.0,0.0,0.0,1.0,True,True,True,True,False,"[.6,.8)",late
T0246,A032,L012,SK018,6,0.8333333333333334,focus,adaptive,direct_policy,final_integrity_filtered_v1,selector,logged,False,0.09040087181225413,"{""generic"": 0.7504110966798981, ""probing"": 0.1001100976353131, ""focus"": 0.09040087181225413, ""telling"": 0.05907793387253474}",0.6727313290661071,0.7127580944138106,0.04002676534770344,0.04002676534770344,0.12230552112881195,bkt_update,0.4710428466264795,0.8125362137864851,0.8447595585786853,0.525582779849976,resolved,R0246,learner_response,True,True,True,True,,,False,True,,correct,,0.7504110966798981,0.1001100976353131,0.09040087181225413,0.05907793387253474,0.04231168726063154,0.0,0.7478770301980148,0.2750185042020699,0.5574814547861591,0.0,1.0,0.0,0.0,0.0,0.0,5.0,0.5103290541264877,0.7049933317392093,0.6382624449609355,0.10479730634084344,0.0,True,True,True,True,True,"[.6,.8)",late
T0247,A032,L012,SK018,7,1.0,generic,adaptive,direct_policy,final_integrity_filtered_v1,selector,logged,False,0.25854202429763984,"{""generic"": 0.25854202429763984, ""probing"": 0.12495558159734303, ""focus"": 0.07926891371019394, ""telling"": 0.5372334803948232}",0.7127580944138106,0.7768325239770919,0.06407442956328135,0.06407442956328135,0.22306783347827103,bkt_update,0.6756412713559253,0.7894361326557598,0.06562953342912631,0.5192638943060794,resolved,R0247,learner_response,True,True,True,True,,,False,True,,correct,,0.25854202429763984,0.12495558159734303,0.07926891371019394,0.5372334803948232,0.03367883299166445,0.0,0.3468592556117468,0.2510779455771157,0.7999847836480303,0.0,0.0,0.0,1.0,0.0,0.0,6.0,0.0,0.0,0.0,0.0,1.0,True,True,True,True,False,"[.6,.8)",late
T0248,A033,L012,SK012,1,0.0,focus,adaptive,direct_policy,final_integrity_filtered_v1,selector,logged,False,0.6005042729703808,"{""generic"": 0.026946292483528107, ""probing"": 0.05672647904311148, ""focus"": 0.6005042729703808, ""telling"": 0.31582295550297956}",0.4867326854835868,0.6680143043124451,0.18128161882885835,0.18128161882885835,0.35319143397949865,bkt_update,0.8132155329180877,0.3780472345960052,0.09939275409440212,0.6967916440200151,resolved,R0248,learner_response,True,True,True,True,,,False,True,,correct,,0.026946292483528107,0.05672647904311148,0.6005042729703808,0.31582295550297956,0.0,1.0,0.6352428556270767,0.3114513254184079,0.48709201931880536,0.0,0.0,0.0,0.0,0.0,1.0,0.0,0.0,0.0,0.0,0.0,1.0,True,True,True,False,False,"[.4,.6)",early
T0249,A033,L012,SK012,2,0.14285714285714285,focus,adaptive,direct_policy,final_integrity_filtered_v1,selector,logged,False,0.7968615105044164,"{""generic"": 0.060707715925301435, ""probing"": 0.10346231726394907, ""focus"": 0.7968615105044164, ""telling"": 0.0389684563063329}",0.6680143043124451,0.6990195108805283,0.031005206568083143,0.031005206568083143,0.09339320028192839,bkt_update,0.3396675739302025,0.8467452938103274,0.47630775992161817,0.2733165659048072,resolved,R0249,learner_response,True,True,True,True,,,False,True,,correct,,0.060707715925301435,0.10346231726394907,0.7968615105044164,0.0389684563063329,0.08656468630641212,0.0,0.48519552672812116,0.5027346128909534,0.40055457072774237,0.0,0.0,0.0,1.0,0.0,0.0,1.0,0.8153153735469636,0.47831739195624773,0.12678785424556704,0.538722737067007,0.0,True,True,True,True,True,"[.6,.8)",early
T0250,A033,L012,SK012,3,0.2857142857142857,focus,adaptive,direct_policy,final_integrity_filtered_v1,selector,logged,False,0.6481915486542572,"{""generic"": 0.18711032132554514, ""probing"": 0.13537924912589744, ""focus"": 0.6481915486542572, ""telling"": 0.0293188808943002}",0.6990195108805283,0.7245791637494942,0.025559652868965888,0.025559652868965888,0.08492129487775599,bkt_update,0.36768778037384325,0.7052112538183941,0.6999969218355281,0.15328200582143836,resolved,R0250,learner_response,True,True,True,True,,,False,True,,correct,,0.18711032132554514,0.13537924912589744,0.6481915486542572,0.0293188808943002,0.17405648678258526,0.0,0.6559642493393675,0.22487570553842473,0.3213973450777211,0.0,0.0,0.0,1.0,0.0,0.0,2.0,0.40474075319433667,0.709786967051211,0.4594311908929529,0.3096728871083522,0.0,True,True,True,True,True,"[.6,.8)",early
T0251,A033,L012,SK012,4,0.42857142857142855,focus,adaptive,direct_policy,final_integrity_filtered_v1,selector,logged,False,0.24366628267523976,"{""generic"": 0.12680275499307075, ""probing"": 0.164197874310817, ""focus"": 0.24366628267523976, ""telling"": 0.46533308802087253}",0.7245791637494942,0.7973458346079745,0.07276667085848032,0.07276667085848032,0.2642017642858953,bkt_update,0.5648660607833904,0.3596948644803158,0.2741303137053758,0.5050991569684453,resolved,R0251,learner_response,True,True,True,True,,,False,True,,correct,,0.12680275499307075,0.164197874310817,0.24366628267523976,0.46533308802087253,0.03831947030760688,0.0,0.8070013447549892,0.17161485343254892,0.2926067500281715,0.0,0.0,0.0,1.0,0.0,0.0,3.0,0.3986063853682588,0.9660361601670258,0.8202461946558158,0.41207963968733585,0.0,True,True,True,True,True,"[.6,.8)",middle
T0252,A033,L012,SK012,5,0.5714285714285714,probing,adaptive,direct_policy,final_integrity_filtered_v1,selector,logged,False,0.5173401129847761,"{""generic"": 0.2132397830602945, ""probing"": 0.5173401129847761, ""focus"": 0.23000300651329358, ""telling"": 0.039417097441635775}",0.7973458346079745,0.615766608556708,-0.18157922605126653,-0.18157922605126653,-0.22772957250167655,bkt_update,0.709254465608145,0.5655622109128635,0.47102498963093387,0.5410314077161907,resolved,R0252,learner_response,True,True,True,True,,,False,True,,incorrect,,0.2132397830602945,0.5173401129847761,0.23000300651329358,0.039417097441635775,-0.0371835182807775,0.0,0.14135375599352062,1.0,0.26864069014445646,0.0,0.0,0.0,1.0,0.0,0.0,4.0,0.4924341439483466,0.48088477615317604,0.06399749486044898,0.6337913500850582,0.0,True,True,True,True,True,"[.6,.8)",middle
T0253,A033,L012,SK012,6,0.7142857142857143,focus,adaptive,direct_policy,final_integrity_filtered_v1,selector,logged,False,0.13924219085690498,"{""generic"": 0.1510363442623119, ""probing"": 0.060341165484556404, ""focus"": 0.13924219085690498, ""telling"": 0.6493802993962267}",0.615766608556708,0.6465126315589311,0.030746023002223177,0.030746023002223177,0.08001913338851732,bkt_update,0.5442363130632497,0.7324866404391892,0.5092093375767986,0.5829915063720839,resolved,R0253,learner_response,True,True,True,True,,,False,True,,correct,,0.1510363442623119,0.060341165484556404,0.13924219085690498,0.6493802993962267,0.05297236738011251,0.0,0.40976847690449164,0.4287448644209377,0.4045202662582855,0.0,0.0,1.0,0.0,0.0,0.0,5.0,0.0,0.0,0.0,0.0,1.0,True,True,True,True,False,"[.6,.8)",late
T0254,A033,L012,SK012,7,0.8571428571428571,focus,adaptive,direct_policy,final_integrity_filtered_v1,selector,logged,False,0.8272952232625468,"{""generic"": 0.016810371343458336, ""probing"": 0.10586346449237208, ""focus"": 0.8272952232625468, ""telling"": 0.05003094090162284}",0.6465126315589311,0.6434277840510452,-0.003084847507885957,-0.003084847507885957,-0.004771519313470314,bkt_update,0.8344104771533629,0.14649245863161303,0.24717427700347921,0.48862735735877183,resolved,R0254,learner_response,True,True,True,True,,,False,True,,incorrect,,0.016810371343458336,0.10586346449237208,0.8272952232625468,0.05003094090162284,0.03247476409387819,0.0,0.47500654460917063,0.33007936675082833,0.3617101101107561,0.0,0.0,0.0,1.0,0.0,0.0,6.0,0.5817243308090994,0.5935607659903517,0.52865874341731,0.8552172582613664,0.0,True,True,True,True,True,"[.6,.8)",late
T0255,A033,L012,SK012,8,1.0,generic,adaptive,direct_policy,final_integrity_filtered_v1,selector,logged,False,0.8950772294931314,"{""generic"": 0.8950772294931314, ""probing"": 0.026101327116110865, ""focus"": 0.03893976068959085, ""telling"": 0.0398816827011668}",0.6434277840510452,0.7609152699440556,0.11748748589301039,0.11748748589301039,0.3294914203574104,bkt_update,0.4966914473488877,0.6632682443661376,0.1516174716806229,0.26793294536443374,resolved,R0255,learner_response,True,True,True,True,,,False,True,,correct,,0.8950772294931314,0.026101327116110865,0.03893976068959085,0.0398816827011668,0.11415782628352114,0.0,0.5625213388405257,0.13688455672919037,0.8580264923705172,0.0,0.0,0.0,1.0,0.0,0.0,7.0,0.0,0.0,0.0,0.0,1.0,True,True,True,True,False,"[.6,.8)",late
T0256,A034,L012,SK002,1,0.0,generic,adaptive,direct_policy,final_integrity_filtered_v1,selector,logged,False,0.6178154670020636,"{""generic"": 0.6178154670020636, ""probing"": 0.32418251933929765, ""focus"": 0.013583872937933554, ""telling"": 0.04441814072070525}",0.5787185777001409,0.6999679399250229,0.12124936222488203,0.12124936222488203,0.2878108452135336,bkt_update,0.6755666817574153,0.855205498050338,0.39202677449454126,0.26750819192070846,resolved,R0256,learner_response,True,True,True,True,,,False,True,,correct,,0.6178154670020636,0.32418251933929765,0.013583872937933554,0.04441814072070525,0.0,1.0,0.8697318235114085,0.11465767464074135,0.5010366608304753,0.0,0.0,0.0,0.0,0.0,1.0,0.0,0.0,0.0,0.0,0.0,1.0,True,True,True,False,False,"[.4,.6)",early
T0257,A034,L012,SK002,2,0.14285714285714285,focus,adaptive,direct_policy,final_integrity_filtered_v1,selector,logged,False,0.9464111401974495,"{""generic"": 0.029077985657988064, ""probing"": 0.021606105076876082, ""focus"": 0.9464111401974495, ""telling"": 0.0029047690676863593}",0.6999679399250229,0.7370027213868221,0.03703478146179917,0.03703478146179917,0.12343608030603229,bkt_update,0.7944634179550278,0.5367219250139386,0.8677427815076149,0.6036182524981495,resolved,R0257,learner_response,True,True,True,True,,,False,True,,correct,,0.029077985657988064,0.021606105076876082,0.9464111401974495,0.0029047690676863593,0.1332735258242894,0.0,0.7305480858690027,0.27833536207508747,0.3460214112234222,0.0,1.0,0.0,0.0,0.0,0.0,1.0,0.0,0.0,0.0,0.0,1.0,True,True,True,True,False,"[.6,.8)",early
T0258,A034,L012,SK002,3,0.2857142857142857,probing,adaptive,direct_policy,final_integrity_filtered_v1,selector,logged,False,0.3081079339058695,"{""generic"": 0.6129938787781452, ""probing"": 0.3081079339058695, ""focus"": 0.019270728485736365, ""telling"": 0.059627458830249}",0.7370027213868221,0.7952896130884375,0.058286891701615384,0.058286891701615384,0.22162545562817404,bkt_update,0.5937373056844999,0.8149990481543844,0.4345223662186902,0.7937317682379137,resolved,R0258,learner_response,True,True,True,True,,,False,True,,correct,,0.6129938787781452,0.3081079339058695,0.019270728485736365,0.059627458830249,0.06546143380592721,0.0,0.512541265364148,0.2776309944812222,0.570264388208451,0.0,0.0,0.0,1.0,0.0,0.0,2.0,0.8944976637160231,0.6247715125817647,0.9750756877007203,0.6262247964154197,0.0,True,True,True,True,True,"[.6,.8)",early
T0259,A034,L012,SK002,4,0.42857142857142855,generic,adaptive,direct_policy,final_integrity_filtered_v1,selector,logged,False,0.7972982780523001,"{""generic"": 0.7972982780523001, ""probing"": 0.12791765307963104, ""focus"": 0.057581951307133235, ""telling"": 0.017202117560935617}",0.7952896130884375,0.8018213014568913,0.0065316883684538585,0.0065316883684538585,0.03190697095050497,bkt_update,0.6343226717715102,0.7781910818323615,0.45318671581621717,0.1405846893057977,resolved,R0259,learner_response,True,True,True,True,,,False,True,,correct,,0.7972982780523001,0.12791765307963104,0.057581951307133235,0.017202117560935617,-0.028925824543806718,0.0,0.5530290926733308,0.7037595204387617,0.2970312253376838,0.0,0.0,1.0,0.0,0.0,0.0,3.0,0.0,0.0,0.0,0.0,1.0,True,True,True,True,False,"[.6,.8)",middle
T0260,A034,L012,SK002,5,0.5714285714285714,telling,adaptive,direct_policy,final_integrity_filtered_v1,selector,logged,False,0.219524325126134,"{""generic"": 0.4084627600392705, ""probing"": 0.19404106544299618, ""focus"": 0.1779718493915992, ""telling"": 0.219524325126134}",0.8018213014568913,0.8026222839018716,0.0008009824449802805,0.0008009824449802805,0.004041718160774214,bkt_update,0.7012935831749226,0.48742044343749275,0.25270518534468794,0.427741149888656,resolved,R0260,learner_response,True,True,True,True,,,False,True,,correct,,0.4084627600392705,0.19404106544299618,0.1779718493915992,0.219524325126134,0.09558261412053475,0.0,0.6984970292803584,0.39067778879509074,0.5592891480087618,0.0,1.0,0.0,0.0,0.0,0.0,4.0,0.0,0.0,0.0,0.0,1.0,True,True,True,True,False,"[.8,1]",middle
T0261,A034,L012,SK002,6,0.7142857142857143,telling,adaptive,direct_policy,final_integrity_filtered_v1,selector,logged,False,0.39328969532996694,"{""generic"": 0.5359708012793617, ""probing"": 0.02698899336001601, ""focus"": 0.04375051003065524, ""telling"": 0.39328969532996694}",0.8026222839018716,0.8387525643313637,0.03613028042949207,0.03613028042949207,0.183051466719422,bkt_update,0.7326515333926268,0.29826084187824997,0.6440913393975435,0.20334968743793005,resolved,R0261,learner_response,True,True,True,True,,,False,True,,correct,,0.5359708012793617,0.02698899336001601,0.04375051003065524,0.39328969532996694,0.02812901483375743,0.0,0.8876962016544745,0.17403417630708293,0.6353011288549084,0.0,0.0,0.0,0.0,1.0,0.0,5.0,0.7098689087478782,0.509531304949372,0.4232540260014856,0.3866262392102943,0.0,True,True,True,True,True,"[.8,1]",late
T0262,A034,L012,SK002,7,0.8571428571428571,generic,adaptive,direct_policy,final_integrity_filtered_v1,selector,logged,False,0.5541978971002859,"{""generic"": 0.5541978971002859, ""probing"": 0.4166376027177984, ""focus"": 0.010562914109879838, ""telling"": 0.018601586072035842}",0.8387525643313637,0.8589552350229565,0.02020267069159276,0.02020267069159276,0.12528987272150657,bkt_update,0.8950182638240162,0.4645065414387439,0.6081014322213831,0.7365922186651225,resolved,R0262,learner_response,True,True,True,True,,,False,True,,correct,,0.5541978971002859,0.4166376027177984,0.010562914109879838,0.018601586072035842,0.009920040845229567,0.0,0.6443929562457076,0.3592362812422272,0.2611129432022441,0.0,0.0,0.0,0.0,1.0,0.0,6.0,0.6990768376463077,0.18619303825924152,0.6359501130582985,0.3756031327016856,0.0,True,True,True,True,True,"[.8,1]",late
T0263,A034,L012,SK002,8,1.0,probing,adaptive,direct_policy,final_integrity_filtered_v1,selector,logged,False,0.718874055038806,"{""generic"": 0.11627800138339757, ""probing"": 0.718874055038806, ""focus"": 0.14636686736692192, ""telling"": 0.01848107621087442}",0.8589552350229565,0.8713956016642831,0.012440366641326639,0.012440366641326639,0.08820154823435973,bkt_update,0.7191315693844011,0.5057673253683531,0.4390694976767125,0.6794042626834147,resolved,R0263,learner_response,True,True,True,True,,,False,True,,correct,,0.11627800138339757,0.718874055038806,0.14636686736692192,0.01848107621087442,0.09197487033763492,0.0,0.6896230184905846,0.3196826454121104,0.418752993682277,0.0,1.0,0.0,0.0,0.0,0.0,7.0,1.0,0.497387402486288,0.6193949919160414,0.9463698743988306,0.0,True,True,True,True,True,"[.8,1]",late
T0264,A035,L012,SK010,1,0.0,focus,adaptive,direct_policy,final_integrity_filtered_v1,selector,logged,False,0.7193419431278477,"{""generic"": 0.14273370267989668, ""probing"": 0.010976414618113632, ""focus"": 0.7193419431278477, ""telling"": 0.12694793957414202}",0.8888697130484309,0.8158227946319622,-0.07304691841646871,-0.07304691841646871,-0.08217955606334028,bkt_update,0.6490962084030627,0.4033223702547287,0.6431978783207412,0.8098162076006307,resolved,R0264,learner_response,True,True,True,True,,,False,True,,incorrect,,0.14273370267989668,0.010976414618113632,0.7193419431278477,0.12694793957414202,0.0,1.0,0.32534964863400306,0.7563259206133577,0.31082113132141675,0.0,0.0,0.0,0.0,0.0,1.0,0.0,0.0,0.0,0.0,0.0,1.0,True,True,True,False,False,"[.8,1]",early
T0265,A035,L012,SK010,2,0.14285714285714285,generic,adaptive,direct_policy,final_integrity_filtered_v1,selector,logged,False,0.4397236750545332,"{""generic"": 0.4397236750545332, ""probing"": 0.2768242878897351, ""focus"": 0.19296143106421074, ""telling"": 0.09049060599152088}",0.8158227946319622,0.8436106549859259,0.027787860353963745,0.027787860353963745,0.15087567594717158,bkt_update,0.23621229796842996,0.3669435237982234,0.5178464600688839,0.3594140031409676,resolved,R0265,learner_response,True,True,True,True,,,False,True,,correct,,0.4397236750545332,0.2768242878897351,0.19296143106421074,0.09049060599152088,0.012990167480571194,0.0,0.7632416445919381,0.4624377136560651,0.4980734630101767,0.0,0.0,0.0,1.0,0.0,0.0,1.0,0.6431613317133466,0.4673710883384438,0.5820245084612331,0.9456287571373392,0.0,True,True,True,True,True,"[.8,1]",early
T0266,A035,L012,SK010,3,0.2857142857142857,focus,adaptive,direct_policy,final_integrity_filtered_v1,selector,logged,False,0.7294174282801635,"{""generic"": 0.1634170377074023, ""probing"": 0.07982624736332747, ""focus"": 0.7294174282801635, ""telling"": 0.02733928664910674}",0.8436106549859259,0.8222496065471571,-0.021361048438768848,-0.021361048438768848,-0.025320979900526765,bkt_update,0.30858115338897907,0.7235047490908424,0.2956540551102875,0.8553887996357254,resolved,R0266,learner_response,True,True,True,True,,,False,True,,incorrect,,0.1634170377074023,0.07982624736332747,0.7294174282801635,0.02733928664910674,0.04029794196409793,0.0,0.3488504373643463,0.4286215390560236,0.3780779965917693,0.0,1.0,0.0,0.0,0.0,0.0,2.0,0.4567399883384229,0.3129660780510877,0.5233180223327272,0.347574309090927,0.0,True,True,True,True,True,"[.8,1]",early
T0267,A035,L012,SK010,4,0.42857142857142855,telling,adaptive,direct_policy,final_integrity_filtered_v1,selector,logged,False,0.45385368864587217,"{""generic"": 0.16098864267206897, ""probing"": 0.36647775155206125, ""focus"": 0.018679917129997656, ""telling"": 0.45385368864587217}",0.8222496065471571,0.8673369182088536,0.04508731166169655,0.04508731166169655,0.25365520033944783,bkt_update,0.6800136441372697,0.4817114946338615,0.7475002885015538,0.4077111818952133,resolved,R0267,learner_response,True,True,True,True,,,False,True,,correct,,0.16098864267206897,0.36647775155206125,0.018679917129997656,0.45385368864587217,0.033015871248723266,0.0,0.9074969713304643,0.18926858883190598,0.6147754579973296,0.0,0.0,0.0,1.0,0.0,0.0,3.0,0.4883813457006324,0.8306087255462793,0.4141505448278583,0.8222731014862463,0.0,True,True,True,True,True,"[.8,1]",middle
T0268,A035,L012,SK010,5,0.5714285714285714,focus,adaptive,direct_policy,final_integrity_filtered_v1,selector,logged,False,0.9007439520155159,"{""generic"": 0.010078356324971623, ""probing"": 0.00866623249176521, ""focus"": 0.9007439520155159, ""telling"": 0.08051145916774706}",0.8673369182088536,0.8808632511746038,0.013526332965750232,0.013526332965750232,0.10196003879244231,bkt_update,0.5760379882410518,0.38671578871305307,0.7891286321266942,0.7178892929517718,resolved,R0268,learner_response,True,True,True,True,,,False,True,,correct,,0.010078356324971623,0.00866623249176521,0.9007439520155159,0.08051145916774706,0.018165785170380967,0.0,0.0,0.0,0.0,1.0,0.0,0.0,0.0,1.0,0.0,4.0,0.6453142825375942,0.5361082961163963,0.5604738020402624,0.33540256436935173,0.0,True,True,False,True,True,"[.8,1]",middle
T0269,A035,L012,SK010,6,0.7142857142857143,focus,adaptive,direct_policy,final_integrity_filtered_v1,selector,logged,False,0.1610148910712204,"{""generic"": 0.44334968205580283, ""probing"": 0.1844867617917871, ""focus"": 0.1610148910712204, ""telling"": 0.2111486650811896}",0.8808632511746038,0.8729497691394482,-0.007913482035155628,-0.007913482035155628,-0.008983780427442335,bkt_update,0.8516384653066761,0.4514900541941412,0.2911626122944253,0.7485080753729609,resolved,R0269,learner_response,True,True,True,True,,,False,True,,incorrect,,0.44334968205580283,0.1844867617917871,0.1610148910712204,0.2111486650811896,0.04160900508779979,0.0,0.4275014820327346,0.593088778921791,0.3927581047235678,0.0,0.0,0.0,1.0,0.0,0.0,5.0,0.4844730587775132,0.36352245640234837,0.895636885460656,0.8540180311041803,0.0,True,True,True,True,True,"[.8,1]",late
T0270,A035,L012,SK010,7,0.8571428571428571,telling,adaptive,direct_policy,final_integrity_filtered_v1,selector,logged,False,0.7224346402863184,"{""generic"": 0.14682724924261717, ""probing"": 0.034019451535885974, ""focus"": 0.09671865893517838, ""telling"": 0.7224346402863184}",0.8729497691394482,0.8756560550542651,0.0027062859148169194,0.0027062859148169194,0.02130091300493026,bkt_update,0.7219477572656126,0.5272766679663423,0.26638242503331666,0.16288759737689346,resolved,R0270,learner_response,True,True,True,True,,,False,True,,correct,,0.14682724924261717,0.034019451535885974,0.09671865893517838,0.7224346402863184,-0.013721458972320072,0.0,0.5597566310639809,0.5328569905501763,0.3505224523960698,0.0,0.0,0.0,1.0,0.0,0.0,6.0,1.0,0.5716742777248841,0.2745389196081382,0.9443758258590207,0.0,True,True,True,True,True,"[.8,1]",late
T0271,A035,L012,SK010,8,1.0,generic,adaptive,direct_policy,final_integrity_filtered_v1,selector,logged,False,0.7474991496970705,"{""generic"": 0.7474991496970705, ""probing"": 0.012150937500993107, ""focus"": 0.11256895125318418, ""telling"": 0.1277809615487521}",0.8756560550542651,0.8810701853812416,0.005414130326976463,0.005414130326976463,0.04354156794156122,bkt_update,0.8890857057751421,0.9323656586600042,0.47799541779470833,0.7352633632637546,resolved,R0271,learner_response,True,True,True,True,,,False,True,,correct,,0.7474991496970705,0.012150937500993107,0.11256895125318418,0.1277809615487521,0.034434136934308024,0.0,0.6487238448288131,0.2346032013683116,0.5442211008093678,0.0,0.0,0.0,0.0,1.0,0.0,7.0,0.0,0.0,0.0,0.0,1.0,True,True,True,True,False,"[.8,1]",late
T0272,A036,L012,SK004,1,0.0,telling,adaptive,direct_policy,final_integrity_filtered_v1,selector,logged,False,0.6984719391861861,"{""generic"": 0.26323529874810914, ""probing"": 0.006871997187983178, ""focus"": 0.0314207648777215, ""telling"": 0.6984719391861861}",0.38665992515692965,0.5052664641196143,0.11860653896268464,0.11860653896268464,0.19337810103641342,bkt_update,0.7825086569523674,0.3260878525568828,0.4812965688014893,0.528723026907471,resolved,R0272,learner_response,True,True,True,True,,,False,True,,correct,,0.26323529874810914,0.006871997187983178,0.0314207648777215,0.6984719391861861,0.0,1.0,0.0,0.0,0.0,1.0,0.0,0.0,0.0,0.0,1.0,0.0,0.0,0.0,0.0,0.0,1.0,True,True,False,False,False,"[.2,.4)",early
T0273,A036,L012,SK004,2,0.14285714285714285,probing,adaptive,direct_policy,final_integrity_filtered_v1,selector,logged,False,0.891716584997344,"{""generic"": 0.02642482870671445, ""probing"": 0.891716584997344, ""focus"": 0.009926310374441208, ""telling"": 0.07193227592150012}",0.5052664641196143,0.4729858939431748,-0.03228057017643948,-0.03228057017643948,-0.06388821041722163,bkt_update,0.8068426732045495,0.814184873555078,0.6354784636389459,0.16814021031589166,resolved,R0273,learner_response,True,True,True,True,,,False,True,,incorrect,,0.02642482870671445,0.891716584997344,0.009926310374441208,0.07193227592150012,0.018047393961144246,0.0,0.3269709915773581,0.7040253363973091,0.15205051273417383,0.0,0.0,0.0,0.0,1.0,0.0,1.0,0.6429531944569833,0.25318334363507133,0.41901831520104654,0.6831772591558607,0.0,True,True,True,True,True,"[.4,.6)",early
T0274,A036,L012,SK004,3,0.2857142857142857,focus,adaptive,direct_policy,final_integrity_filtered_v1,selector,logged,False,0.9619437834855911,"{""generic"": 0.016044045962055754, ""probing"": 0.011256448946101484, ""focus"": 0.9619437834855911, ""telling"": 0.010755721606251796}",0.4729858939431748,0.5539653040238708,0.08097941008069598,0.08097941008069598,0.15365700680498368,bkt_update,0.7214866838043809,0.910196808660849,0.3368958536843246,0.2168360618599263,resolved,R0274,learner_response,True,True,True,True,,,False,True,,correct,,0.016044045962055754,0.011256448946101484,0.9619437834855911,0.010755721606251796,0.02368798634976914,0.0,0.6000228724935375,0.3572235839115469,0.5880993619232395,0.0,0.0,1.0,0.0,0.0,0.0,2.0,0.8423095580245696,0.8144606569607465,0.7540152479498112,0.21919165460086487,0.0,True,True,True,True,True,"[.4,.6)",early
T0275,A036,L012,SK004,4,0.42857142857142855,generic,adaptive,direct_policy,final_integrity_filtered_v1,selector,logged,False,0.8975456902243036,"{""generic"": 0.8975456902243036, ""probing"": 0.010583135577016388, ""focus"": 0.035778918803467744, ""telling"": 0.056092255395212155}",0.5539653040238708,0.6092303869660646,0.05526508294219379,0.05526508294219379,0.12390310314592982,bkt_update,0.39961576821934525,0.8243634419695395,0.38802275714554685,0.4367815633455588,resolved,R0275,learner_response,True,True,True,True,,,False,True,,correct,,0.8975456902243036,0.010583135577016388,0.035778918803467744,0.056092255395212155,0.1054872581153372,0.0,0.6221516290790854,0.42401640312904565,0.4041589403730642,0.0,0.0,0.0,1.0,0.0,0.0,3.0,0.0,0.0,0.0,0.0,1.0,True,True,True,True,False,"[.4,.6)",middle
T0276,A036,L012,SK004,5,0.5714285714285714,probing,adaptive,direct_policy,final_integrity_filtered_v1,selector,logged,False,0.1421554077333805,"{""generic"": 0.027994109404986662, ""probing"": 0.1421554077333805, ""focus"": 0.20010482490017673, ""telling"": 0.6297456579614561}",0.6092303869660646,0.5005121848422314,-0.10871820212383321,-0.10871820212383321,-0.17845170636554122,bkt_update,0.3523385081930515,0.5173371989879841,0.15934693370882064,0.4534440079224762,resolved,R0276,learner_response,True,True,True,True,,,False,True,,incorrect,,0.027994109404986662,0.1421554077333805,0.20010482490017673,0.6297456579614561,-0.036116872259865526,0.0,0.20726163319717517,0.7991442763400488,0.27592769944629386,0.0,1.0,0.0,0.0,0.0,0.0,4.0,0.3210067596698561,0.9526620385231749,0.43963690516758475,0.5082105305330566,0.0,True,True,True,True,True,"[.6,.8)",middle
T0277,A036,L012,SK004,6,0.7142857142857143,telling,adaptive,direct_policy,final_integrity_filtered_v1,selector,logged,False,0.9275800310874575,"{""generic"": 0.010294647083344415, ""probing"": 0.004371052246519727, ""focus"": 0.057754269582678416, ""telling"": 0.9275800310874575}",0.5005121848422314,0.6138995334231041,0.11338734858087274,0.11338734858087274,0.22700723649296253,bkt_update,0.6632260565435388,0.8548473887507687,0.19241437288936647,0.4804391695047537,resolved,R0277,learner_response,True,True,True,True,,,False,True,,correct,,0.010294647083344415,0.004371052246519727,0.057754269582678416,0.9275800310874575,0.0007534126308102809,0.0,0.0,0.0,0.0,1.0,0.0,1.0,0.0,0.0,0.0,5.0,0.4238002015070603,0.5275542480121626,0.118529355617011,0.4784517132784245,0.0,True,True,False,True,True,"[.4,.6)",late
T0278,A036,L012,SK004,7,0.8571428571428571,generic,adaptive,direct_policy,final_integrity_filtered_v1,selector,logged,False,0.9407091658106248,"{""generic"": 0.9407091658106248, ""probing"": 0.0024480192709745593, ""focus"": 0.005530634017196856, ""telling"": 0.05131218090120377}",0.6138995334231041,0.6577003164368885,0.04380078301378443,0.04380078301378443,0.11344400436009587,bkt_update,0.5165163312990682,0.23666250696703273,0.9057324438462125,0.5169158865471934,resolved,R0278,learner_response,True,True,True,True,,,False,True,,correct,,0.9407091658106248,0.0024480192709745593,0.005530634017196856,0.05131218090120377,0.02426382594969379,0.0,0.5115183699875854,0.5765451937283101,0.5945256549762085,0.0,0.0,0.0,0.0,1.0,0.0,6.0,0.0,0.0,0.0,0.0,1.0,True,True,True,True,False,"[.6,.8)",late
T0279,A036,L012,SK004,8,1.0,telling,adaptive,direct_policy,final_integrity_filtered_v1,selector,logged,False,0.8932678105638397,"{""generic"": 0.05158670288031538, ""probing"": 0.011908595027702133, ""focus"": 0.04323689152814269, ""telling"": 0.8932678105638397}",0.6577003164368885,0.7317715717285418,0.07407125529165326,0.07407125529165326,0.21639299960964287,bkt_update,0.6031413772860621,0.4890344817545185,0.3392305557623059,0.2751644144263109,resolved,R0279,learner_response,True,True,True,True,,,False,True,,correct,,0.05158670288031538,0.011908595027702133,0.04323689152814269,0.8932678105638397,0.07993601061155843,0.0,0.6723224901310294,0.22975525998175766,0.5244994231086781,0.0,1.0,0.0,0.0,0.0,0.0,7.0,0.5271228727924758,0.23048903886956673,0.9771268279968691,0.6144047580113554,0.0,True,True,True,True,True,"[.6,.8)",late
T0280,A037,L012,SK014,1,0.0,telling,adaptive,direct_policy,final_integrity_filtered_v1,selector,logged,False,0.2821371627989841,"{""generic"": 0.09632076593126183, ""probing"": 0.5823959721760081, ""focus"": 0.03914609909374593, ""telling"": 0.2821371627989841}",0.21720894908588587,0.2763827391719508,0.05917379008606491,0.05917379008606491,0.07559334003239301,bkt_update,0.5666674682089298,0.9320093415270725,0.4727020998825394,0.1991308496946291,resolved,R0280,learner_response,True,True,True,True,,,False,True,,correct,,0.09632076593126183,0.5823959721760081,0.03914609909374593,0.2821371627989841,0.0,1.0,0.6888634605810138,0.28862466817511995,0.5310716657382272,0.0,0.0,0.0,0.0,0.0,1.0,0.0,0.0,0.0,0.0,0.0,1.0,True,True,True,False,False,"[.2,.4)",early
T0281,A037,L012,SK014,2,0.14285714285714285,telling,adaptive,direct_policy,final_integrity_filtered_v1,selector,logged,False,0.5623284812301772,"{""generic"": 0.17753434745161709, ""probing"": 0.24805186297831713, ""focus"": 0.012085308339888547, ""telling"": 0.5623284812301772}",0.2763827391719508,0.443218826165345,0.16683608699339425,0.16683608699339425,0.23055846788740292,bkt_update,0.7214354094054218,0.48219080423740757,0.4667347364128847,0.7494930324120485,resolved,R0281,learner_response,True,True,True,True,,,False,True,,correct,,0.17753434745161709,0.24805186297831713,0.012085308339888547,0.5623284812301772,0.026627821363757,0.0,0.8030376384001163,0.27242674769218783,0.6508305914854539,0.0,0.0,0.0,0.0,1.0,0.0,1.0,0.7030555806227252,0.8882544541973402,0.47761836499299387,0.2740306595478021,0.0,True,True,True,True,True,"[.2,.4)",early
T0282,A037,L012,SK014,3,0.2857142857142857,probing,adaptive,direct_policy,final_integrity_filtered_v1,selector,logged,False,0.764916340814191,"{""generic"": 0.06636643875913358, ""probing"": 0.764916340814191, ""focus"": 0.13680071142277964, ""telling"": 0.031916509003895914}",0.443218826165345,0.557507507879065,0.11428868171371998,0.11428868171371998,0.205266785381037,bkt_update,0.46432286960852404,0.23921471494815802,0.27729940175183226,0.3018055619936377,resolved,R0282,learner_response,True,True,True,True,,,False,True,,correct,,0.06636643875913358,0.764916340814191,0.13680071142277964,0.031916509003895914,0.10816779568734147,0.0,0.748950342820714,0.3577978911311003,0.5417174706151436,0.0,0.0,0.0,0.0,1.0,0.0,2.0,0.869907014398169,0.5542316858184186,0.5446559391660222,0.7208882316122713,0.0,True,True,True,True,True,"[.4,.6)",early
T0283,A037,L012,SK014,4,0.42857142857142855,probing,adaptive,direct_policy,final_integrity_filtered_v1,selector,logged,False,0.6736129852493156,"{""generic"": 0.28005352673255013, ""probing"": 0.6736129852493156, ""focus"": 0.030617028438027636, ""telling"": 0.015716459580106597}",0.557507507879065,0.6121412665325117,0.05463375865344666,0.05463375865344666,0.1234682161308062,bkt_update,0.4898053951860256,0.44043028514853855,0.20943163598925843,0.5972643465849439,resolved,R0283,learner_response,True,True,True,True,,,False,True,,correct,,0.28005352673255013,0.6736129852493156,0.030617028438027636,0.015716459580106597,0.053791942069427195,0.0,0.1504314765678629,0.4933941515908146,0.43883587523745954,0.0,0.0,1.0,0.0,0.0,0.0,3.0,0.40460829569168455,0.19536004021747636,0.31566829380099276,0.25413703906553653,0.0,True,True,True,True,True,"[.4,.6)",middle
T0284,A037,L012,SK014,5,0.5714285714285714,probing,adaptive,direct_policy,final_integrity_filtered_v1,selector,logged,False,0.17602996180151234,"{""generic"": 0.19801395652693227, ""probing"": 0.17602996180151234, ""focus"": 0.322552222325915, ""telling"": 0.3034038593456404}",0.6121412665325117,0.5830718992949318,-0.029069367237579913,-0.029069367237579913,-0.047488004529157156,bkt_update,0.8406124177069589,0.36667326608025386,0.6016565811464487,0.5312535597945139,resolved,R0284,learner_response,True,True,True,True,,,False,True,,incorrect,,0.19801395652693227,0.17602996180151234,0.322552222325915,0.3034038593456404,-0.016722398147220173,0.0,0.23614106785156228,0.732049127739697,0.15648009981128422,0.0,0.0,1.0,0.0,0.0,0.0,4.0,0.30773363687155636,0.6104460554710758,0.3029017765909486,0.6297385502102066,0.0,True,True,True,True,True,"[.6,.8)",middle
T0285,A037,L012,SK014,6,0.7142857142857143,probing,adaptive,direct_policy,final_integrity_filtered_v1,selector,logged,False,0.8509200030659715,"{""generic"": 0.014289226594519722, ""probing"": 0.8509200030659715, ""focus"": 0.029879814830191042, ""telling"": 0.10491095550931773}",0.5830718992949318,0.596891460004498,0.013819560709566248,0.013819560709566248,0.03314614842750093,bkt_update,0.5214498067747543,0.7089598981306411,0.5393329577569095,0.5504904183483534,resolved,R0285,learner_response,True,True,True,True,,,False,True,,correct,,0.014289226594519722,0.8509200030659715,0.029879814830191042,0.10491095550931773,0.028394321395216342,0.0,0.3437609097780663,0.7599673347140087,0.4216939807312077,0.0,0.0,1.0,0.0,0.0,0.0,5.0,0.910399990986148,0.2750753617807244,0.6112766052854054,0.6727910627246807,0.0,True,True,True,True,True,"[.4,.6)",late
T0286,A037,L012,SK014,7,0.8571428571428571,focus,adaptive,direct_policy,final_integrity_filtered_v1,selector,logged,False,0.7769603572389926,"{""generic"": 0.025139945784078247, ""probing"": 0.14557212499705, ""focus"": 0.7769603572389926, ""telling"": 0.052327571979879195}",0.596891460004498,0.6333949500026893,0.03650348999819131,0.03650348999819131,0.09055499047129745,bkt_update,0.623283145813865,0.6041087494684847,0.8225118248491331,0.10221633474487113,resolved,R0286,learner_response,True,True,True,True,,,False,True,,correct,,0.025139945784078247,0.14557212499705,0.7769603572389926,0.052327571979879195,0.016103000058575043,0.0,0.4395868492268137,0.5448894906391419,0.39872468347236734,0.0,0.0,1.0,0.0,0.0,0.0,6.0,0.0,0.0,0.0,0.0,1.0,True,True,True,True,False,"[.4,.6)",late
T0287,A037,L012,SK014,8,1.0,focus,adaptive,direct_policy,final_integrity_filtered_v1,selector,logged,False,0.7897665806558597,"{""generic"": 0.0414353626172036, ""probing"": 0.025627223908265252, ""focus"": 0.7897665806558597, ""telling"": 0.14317083281867163}",0.6333949500026893,0.6414207479092352,0.008025797906545895,0.008025797906545895,0.021892218633116946,bkt_update,0.6690235701754258,0.6577103775095796,0.37494893997590756,0.5710848135167205,resolved,R0287,learner_response,True,True,True,True,,,False,True,,correct,,0.0414353626172036,0.025627223908265252,0.7897665806558597,0.14317083281867163,0.028026917857104525,0.0,0.5797356290855025,0.5111649698545726,0.45217715124918756,0.0,0.0,0.0,1.0,0.0,0.0,7.0,0.0,0.0,0.0,0.0,1.0,True,True,True,True,False,"[.6,.8)",late
T0288,A038,L013,SK016,1,0.0,probing,adaptive,direct_policy,final_integrity_filtered_v1,selector,logged,False,0.8950009172277948,"{""generic"": 0.04725773781478376, ""probing"": 0.8950009172277948, ""focus"": 0.042883157301983464, ""telling"": 0.014858187655437833}",0.7693402713153972,0.7744290175748028,0.0050887462594055854,0.0050887462594055854,0.02206170226777551,bkt_update,0.3695929994726104,0.2029364431070734,0.10458627714433394,0.6759240935108326,resolved,R0288,learner_response,True,True,True,True,,,False,True,,correct,,0.04725773781478376,0.8950009172277948,0.042883157301983464,0.014858187655437833,0.0,1.0,0.4064281164519172,0.5806376658575184,0.380145762218139,0.0,0.0,0.0,0.0,0.0,1.0,0.0,0.0,0.0,0.0,0.0,1.0,True,True,True,False,False,"[.6,.8)",early
T0289,A038,L013,SK016,2,0.14285714285714285,generic,adaptive,direct_policy,final_integrity_filtered_v1,selector,logged,False,0.6829557404802775,"{""generic"": 0.6829557404802775, ""probing"": 0.03597880104245649, ""focus"": 0.05310227736917556, ""telling"": 0.22796318110809058}",0.7744290175748028,0.7982265625936953,0.02379754501889253,0.02379754501889253,0.10549914161403343,bkt_update,0.5538782265759239,0.8550999969728557,0.7663763507835849,0.8509640600152532,resolved,R0289,learner_response,True,True,True,True,,,False,True,,correct,,0.6829557404802775,0.03597880104245649,0.05310227736917556,0.22796318110809058,0.009520696383815697,0.0,0.5259002707258924,0.4660935407083005,0.4386038481726417,0.0,0.0,1.0,0.0,0.0,0.0,1.0,0.4970489326381931,0.2057043622167335,0.16562065177790128,0.694773379460337,0.0,True,True,True,True,True,"[.6,.8)",early
T0290,A038,L013,SK016,3,0.2857142857142857,focus,adaptive,direct_policy,final_integrity_filtered_v1,selector,logged,False,0.8888867500279394,"{""generic"": 0.07281534055680604, ""probing"": 0.011276591723414147, ""focus"": 0.8888867500279394, ""telling"": 0.02702131769184031}",0.7982265625936953,0.8129348847312917,0.01470832213759643,0.01470832213759643,0.07289523500548169,bkt_update,0.475783212891746,0.6201386343356948,0.22040486467624332,0.6146821088599945,resolved,R0290,learner_response,True,True,True,True,,,False,True,,correct,,0.07281534055680604,0.011276591723414147,0.8888867500279394,0.02702131769184031,0.02876230489035093,0.0,0.610755897171706,0.39401683236108037,0.4198770455669226,0.0,1.0,0.0,0.0,0.0,0.0,2.0,0.5146721240813309,0.8908004165316018,0.7961265774357008,0.8552749891328078,0.0,True,True,True,True,True,"[.6,.8)",early
T0291,A038,L013,SK016,4,0.42857142857142855,generic,adaptive,direct_policy,final_integrity_filtered_v1,selector,logged,False,0.8859414855694404,"{""generic"": 0.8859414855694404, ""probing"": 0.02079540314555848, ""focus"": 0.016755401692444497, ""telling"": 0.0765077095925566}",0.8129348847312917,0.76775374517224,-0.045181139559051675,-0.045181139559051675,-0.05557780876138178,bkt_update,0.7885731266788808,0.4947865783440268,0.5138313433259488,0.6834719482935677,resolved,R0291,learner_response,True,True,True,True,,,False,True,,incorrect,,0.8859414855694404,0.02079540314555848,0.016755401692444497,0.0765077095925566,-0.042299689261699074,0.0,0.574673155238096,0.49475382236247445,0.4255060392000125,0.0,0.0,0.0,1.0,0.0,0.0,3.0,0.6853180550719783,0.4602775829625403,0.2688308459999268,0.5695245626369224,0.0,True,True,True,True,True,"[.8,1]",middle
T0292,A038,L013,SK016,5,0.5714285714285714,focus,adaptive,direct_policy,final_integrity_filtered_v1,selector,logged,False,0.8375393880912222,"{""generic"": 0.025074036178037083, ""probing"": 0.1097258928640537, ""focus"": 0.8375393880912222, ""telling"": 0.027660682866686877}",0.76775374517224,0.7709567216419212,0.0032029764696811514,0.0032029764696811514,0.013791294383009812,bkt_update,0.2571398115235594,0.24877438607045235,0.2553561387783822,0.6844915991305475,resolved,R0292,learner_response,True,True,True,True,,,False,True,,correct,,0.025074036178037083,0.1097258928640537,0.8375393880912222,0.027660682866686877,0.0316910298904592,0.0,0.0,0.0,0.0,1.0,1.0,0.0,0.0,0.0,0.0,4.0,0.9256744045328323,0.5446242384234238,0.5348222626514492,0.7528166356640938,0.0,True,True,False,True,True,"[.6,.8)",middle
T0293,A038,L013,SK016,6,0.7142857142857143,focus,adaptive,direct_policy,final_integrity_filtered_v1,selector,logged,False,0.9694779464554976,"{""generic"": 0.007817830694050997, ""probing"": 0.017175470605239725, ""focus"": 0.9694779464554976, ""telling"": 0.005528752245211648}",0.7709567216419212,0.5978929098995471,-0.17306381174237406,-0.17306381174237406,-0.22447928253845012,bkt_update,0.41035234166761364,0.5254091881442778,0.4717220777579998,0.383483741206831,resolved,R0293,learner_response,True,True,True,True,,,False,True,,incorrect,,0.007817830694050997,0.017175470605239725,0.9694779464554976,0.005528752245211648,-0.02835306211734803,0.0,0.18020666727498283,0.712011203267663,0.20890688516603417,0.0,0.0,0.0,1.0,0.0,0.0,5.0,0.1775829569234252,0.11926686548962522,0.3457011056127767,0.7059933877838096,0.0,True,True,True,True,True,"[.6,.8)",late
T0294,A038,L013,SK016,7,0.8571428571428571,focus,adaptive,direct_policy,final_integrity_filtered_v1,selector,logged,False,0.9649215973855693,"{""generic"": 0.010682514139128517, ""probing"": 0.00739225393403269, ""focus"": 0.9649215973855693, ""telling"": 0.017003634541269484}",0.5978929098995471,0.41978957087178004,-0.1781033390277671,-0.1781033390277671,-0.29788501599340006,bkt_update,0.4569943799103742,0.6539072255957955,0.01767616328091643,0.24961680511002812,resolved,R0294,learner_response,True,True,True,True,,,False,True,,incorrect,,0.010682514139128517,0.00739225393403269,0.9649215973855693,0.017003634541269484,-0.10584999397117972,0.0,0.0,1.0,0.28437612512788374,0.0,0.0,0.0,1.0,0.0,0.0,6.0,0.39428653970100225,0.4973803732477786,0.5146639635473179,0.21453645581026803,0.0,True,True,True,True,True,"[.4,.6)",late
T0295,A038,L013,SK016,8,1.0,focus,adaptive,direct_policy,final_integrity_filtered_v1,selector,logged,False,0.6832075973760061,"{""generic"": 0.1372514619013438, ""probing"": 0.07824768615270426, ""focus"": 0.6832075973760061, ""telling"": 0.10129325456994591}",0.41978957087178004,0.46515002828887847,0.04536045741709843,0.04536045741709843,0.07817932105297315,bkt_update,0.5912233737427782,0.14765327126636846,0.7399485767140853,0.4429685035604113,resolved,R0295,learner_response,True,True,True,True,,,False,True,,correct,,0.1372514619013438,0.07824768615270426,0.6832075973760061,0.10129325456994591,-0.022178672834713642,0.0,0.4724566068225118,0.48344476160736993,0.44632636232585077,0.0,0.0,0.0,1.0,0.0,0.0,7.0,0.45996619492141383,0.6510416825911152,0.03959297886693711,0.2765333597397702,0.0,True,True,True,True,True,"[.4,.6)",late
T0296,A039,L013,SK015,1,0.0,probing,adaptive,direct_policy,final_integrity_filtered_v1,selector,logged,False,0.687038470801737,"{""generic"": 0.1928242637703437, ""probing"": 0.687038470801737, ""focus"": 0.0526282309927139, ""telling"": 0.06750903443520534}",0.461559457967469,0.4806813474458528,0.01912188947838378,0.01912188947838378,0.03551346524948058,bkt_update,0.26868154683445283,0.5583093920691521,0.15754131679008518,0.1472715664138874,resolved,R0296,learner_response,True,True,True,True,,,False,True,,correct,,0.1928242637703437,0.687038470801737,0.0526282309927139,0.06750903443520534,0.0,1.0,0.8097265672300926,0.3117974285147422,0.2501870129616955,0.0,0.0,0.0,0.0,0.0,1.0,0.0,0.0,0.0,0.0,0.0,1.0,True,True,True,False,False,"[.4,.6)",early
T0297,A039,L013,SK015,2,0.16666666666666666,focus,adaptive,direct_policy,final_integrity_filtered_v1,selector,logged,False,0.45424699804130764,"{""generic"": 0.1259153848778757, ""probing"": 0.2168637593040335, ""focus"": 0.45424699804130764, ""telling"": 0.20297385777678312}",0.4806813474458528,0.510086650026657,0.029405302580804205,0.029405302580804205,0.05662285079917909,bkt_update,0.5529386066098445,0.41198425387357107,0.8294834951814237,0.6635522216093874,resolved,R0297,learner_response,True,True,True,True,,,False,True,,correct,,0.1259153848778757,0.2168637593040335,0.45424699804130764,0.20297385777678312,0.08662005343242234,0.0,0.6515414823041838,0.546678637897483,0.3229819641056041,0.0,0.0,1.0,0.0,0.0,0.0,1.0,0.2573767471819677,0.6032397326470597,0.18900630673047894,0.17082673610275562,0.0,True,True,True,True,True,"[.4,.6)",early
T0298,A039,L013,SK015,3,0.3333333333333333,generic,adaptive,direct_policy,final_integrity_filtered_v1,selector,logged,False,0.38899243700891184,"{""generic"": 0.38899243700891184, ""probing"": 0.06635970689884438, ""focus"": 0.4628582012883715, ""telling"": 0.08178965480387217}",0.510086650026657,0.5598365320982707,0.04974988207161368,0.04974988207161368,0.10154832905516997,bkt_update,0.4925567513573475,0.4286664669835044,0.3553695793584848,0.4614055842560139,resolved,R0298,learner_response,True,True,True,True,,,False,True,,correct,,0.38899243700891184,0.06635970689884438,0.4628582012883715,0.08178965480387217,0.04428711407853475,0.0,0.34951312031853643,0.5394935655866845,0.4622398880272114,0.0,0.0,0.0,1.0,0.0,0.0,2.0,0.5778378052633008,0.45074238813448586,0.8104101904882222,0.5400035152983156,0.0,True,True,True,True,True,"[.4,.6)",middle
T0299,A039,L013,SK015,4,0.5,generic,adaptive,direct_policy,final_integrity_filtered_v1,selector,logged,False,0.9545028261086469,"{""generic"": 0.9545028261086469, ""probing"": 0.007351428720285058, ""focus"": 0.03352146410464278, ""telling"": 0.004624281066425257}",0.5598365320982707,0.6395763698797851,0.07973983778151439,0.07973983778151439,0.18115960000414452,bkt_update,0.6328122321224956,0.39424419021751317,0.36346715314601424,0.44985183276052315,resolved,R0299,learner_response,True,True,True,True,,,False,True,,correct,,0.9545028261086469,0.007351428720285058,0.03352146410464278,0.004624281066425257,0.0637281492661014,0.0,0.701156856309961,0.36129871832532384,0.603469041428422,0.0,1.0,0.0,0.0,0.0,0.0,3.0,0.5475368544843865,0.21600761854950914,0.46810203815866935,0.46915417223555655,0.0,True,True,True,True,True,"[.4,.6)",middle
T0300,A039,L013,SK015,5,0.6666666666666666,focus,adaptive,direct_policy,final_integrity_filtered_v1,selector,logged,False,0.7343799208777774,"{""generic"": 0.13933771912292056, ""probing"": 0.04020386213633342, ""focus"": 0.7343799208777774, ""telling"": 0.08607849786296877}",0.6395763698797851,0.5327160636906921,-0.10686030618909292,-0.10686030618909292,-0.16707982224105375,bkt_update,0.5876527857554062,0.5089922057111174,0.176394808551761,0.4520209581926776,resolved,R0300,learner_response,True,True,True,True,,,False,True,,incorrect,,0.13933771912292056,0.04020386213633342,0.7343799208777774,0.08607849786296877,0.013590693895490362,0.0,0.40756150326487667,0.6748148876666741,0.36847109349163737,0.0,1.0,0.0,0.0,0.0,0.0,4.0,0.6337660522435323,0.3839474856682666,0.2440558341899156,0.5502192377479245,0.0,True,True,True,True,True,"[.6,.8)",late
T0301,A039,L013,SK015,6,0.8333333333333334,focus,adaptive,direct_policy,final_integrity_filtered_v1,selector,logged,False,0.6514111879870321,"{""generic"": 0.041586496565995106, ""probing"": 0.09912601944527326, ""focus"": 0.6514111879870321, ""telling"": 0.20787629600169955}",0.5327160636906921,0.7076274379128418,0.17491137422214964,0.17491137422214964,0.37431497346908815,bkt_update,0.27858363942124315,0.6323293288218321,0.282538066232873,0.7012709968888565,resolved,R0301,learner_response,True,True,True,True,,,False,True,,correct,,0.041586496565995106,0.09912601944527326,0.6514111879870321,0.20787629600169955,0.07946344931108865,0.0,0.7588806782517423,0.060724565398115854,0.5014113892740927,0.0,0.0,0.0,1.0,0.0,0.0,5.0,0.6712836995429332,0.5756505677424649,0.22012846961461416,0.46223944041650894,0.0,True,True,True,True,True,"[.4,.6)",late
T0302,A039,L013,SK015,7,1.0,telling,adaptive,direct_policy,final_integrity_filtered_v1,selector,logged,False,0.90221768663809,"{""generic"": 0.02123957712092892, ""probing"": 0.005294656877374131, ""focus"": 0.07124807936360694, ""telling"": 0.90221768663809}",0.7076274379128418,0.7297550593214029,0.02212762140856117,0.02212762140856117,0.0756829616657557,bkt_update,0.19798959817285727,0.2657341917528017,0.4660584860682355,0.5485055522918793,resolved,R0302,learner_response,True,True,True,True,,,False,True,,correct,,0.02123957712092892,0.005294656877374131,0.07124807936360694,0.90221768663809,0.055787819911412954,0.0,0.37401871429449135,0.5985666742708199,0.4182273097366742,0.0,0.0,0.0,1.0,0.0,0.0,6.0,0.0,0.0,0.0,0.0,1.0,True,True,True,True,False,"[.6,.8)",late
T0303,A040,L013,SK008,1,0.0,focus,adaptive,direct_policy,final_integrity_filtered_v1,selector,logged,False,0.6025006191820742,"{""generic"": 0.07528306091432074, ""probing"": 0.007109265569001922, ""focus"": 0.6025006191820742, ""telling"": 0.3151070543346033}",0.6375959888142442,0.6494908514526574,0.011894862638413217,0.011894862638413217,0.03282210536106986,bkt_update,0.6736766375083826,0.8588362577124552,0.42455265654140756,0.48058793738247185,resolved,R0303,learner_response,True,True,True,True,,,False,True,,correct,,0.07528306091432074,0.007109265569001922,0.6025006191820742,0.3151070543346033,0.0,1.0,0.5260255621944299,0.49072305325044646,0.5137619167822054,0.0,0.0,0.0,0.0,0.0,1.0,0.0,0.0,0.0,0.0,0.0,1.0,True,True,True,False,False,"[.6,.8)",early
T0304,A040,L013,SK008,2,0.16666666666666666,probing,adaptive,direct_policy,final_integrity_filtered_v1,selector,logged,False,0.8634898133392857,"{""generic"": 0.030265137706482016, ""probing"": 0.8634898133392857, ""focus"": 0.09025842360189444, ""telling"": 0.015986625352337858}",0.6494908514526574,0.690848951542718,0.04135810009006058,0.04135810009006058,0.11799435267657335,bkt_update,0.9888742008312476,0.04977859539183865,0.2748106935462182,0.5112530898231248,resolved,R0304,learner_response,True,True,True,True,,,False,True,,correct,,0.030265137706482016,0.8634898133392857,0.09025842360189444,0.015986625352337858,0.019341521169725533,0.0,0.5843427115457928,0.46167052182472973,0.39651879084227726,0.0,0.0,0.0,1.0,0.0,0.0,1.0,0.8535330213147694,0.8242108263872032,0.6268247941222094,0.7049246441887929,0.0,True,True,True,True,True,"[.6,.8)",early
T0305,A040,L013,SK008,3,0.3333333333333333,telling,adaptive,direct_policy,final_integrity_filtered_v1,selector,logged,False,0.32517406502563123,"{""generic"": 0.47288639199611165, ""probing"": 0.14943120021686265, ""focus"": 0.05250834276139459, ""telling"": 0.32517406502563123}",0.690848951542718,0.7213325314327164,0.03048357988999839,0.03048357988999839,0.0986041614353786,bkt_update,0.35168236814944753,0.5997354602716668,0.24516812204851388,0.3434667876745054,resolved,R0305,learner_response,True,True,True,True,,,False,True,,correct,,0.47288639199611165,0.14943120021686265,0.05250834276139459,0.32517406502563123,0.078295311919438,0.0,0.5827512528116491,0.3945023557689207,0.3331759363322212,0.0,0.0,1.0,0.0,0.0,0.0,2.0,1.0,0.09543453150294849,0.35988687682215426,0.4360897012544477,0.0,True,True,True,True,True,"[.6,.8)",middle
T0306,A040,L013,SK008,4,0.5,probing,adaptive,direct_policy,final_integrity_filtered_v1,selector,logged,False,0.29566618576979714,"{""generic"": 0.14541658883045977, ""probing"": 0.29566618576979714, ""focus"": 0.4139518436809305, ""telling"": 0.1449653817188126}",0.7213325314327164,0.7429777081608565,0.021645176728140147,0.021645176728140147,0.07767385565105518,bkt_update,0.7780914499083795,0.5753476315705689,0.2415021293389901,0.15525142529844085,resolved,R0306,learner_response,True,True,True,True,,,False,True,,correct,,0.14541658883045977,0.29566618576979714,0.4139518436809305,0.1449653817188126,-0.01925028700352195,0.0,0.38211429181163364,0.5984677894928869,0.2648053754180174,0.0,0.0,0.0,0.0,1.0,0.0,3.0,0.3034039398046976,0.5293432657746238,0.21207545429482771,0.28118596012167024,0.0,True,True,True,True,True,"[.6,.8)",middle
T0307,A040,L013,SK008,5,0.6666666666666666,telling,adaptive,direct_policy,final_integrity_filtered_v1,selector,logged,False,0.7647284433622709,"{""generic"": 0.011147722464327072, ""probing"": 0.06206022712048326, ""focus"": 0.16206360705291883, ""telling"": 0.7647284433622709}",0.7429777081608565,0.7438098784964375,0.0008321703355810284,0.0008321703355810284,0.0032377360330357622,bkt_update,0.5561986605623426,0.34496886550834543,0.4335641758484692,0.45193061636592446,resolved,R0307,learner_response,True,True,True,True,,,False,True,,correct,,0.011147722464327072,0.06206022712048326,0.16206360705291883,0.7647284433622709,0.007829228752381547,0.0,0.5447217497672059,0.6799544246501998,0.5055078369291247,0.0,0.0,1.0,0.0,0.0,0.0,4.0,0.7622580348679987,0.5907675634602908,0.21954329298612713,0.29504863917296575,0.0,True,True,True,True,True,"[.6,.8)",late
T0308,A040,L013,SK008,6,0.8333333333333334,generic,adaptive,direct_policy,final_integrity_filtered_v1,selector,logged,False,0.5550838769242229,"{""generic"": 0.5550838769242229, ""probing"": 0.17154996863953823, ""focus"": 0.09185440444067691, ""telling"": 0.18151174999556205}",0.7438098784964375,0.5797130397651425,-0.164096838731295,-0.164096838731295,-0.22061664341297255,bkt_update,0.802750927490745,0.5862045670739057,0.394184439323328,0.4685027078959636,resolved,R0308,learner_response,True,True,True,True,,,False,True,,incorrect,,0.5550838769242229,0.17154996863953823,0.09185440444067691,0.18151174999556205,-0.010941267045747605,0.0,0.3335524379625395,0.6252820313290003,0.19021514160943326,0.0,0.0,0.0,0.0,1.0,0.0,5.0,0.0,0.0,0.0,0.0,1.0,True,True,True,True,False,"[.6,.8)",late
T0309,A040,L013,SK008,7,1.0,telling,adaptive,direct_policy,final_integrity_filtered_v1,selector,logged,False,0.8907219343275866,"{""generic"": 0.013750569411412629, ""probing"": 0.008877178581205441, ""focus"": 0.08665031767979543, ""telling"": 0.8907219343275866}",0.5797130397651425,0.6568152859071117,0.07710224614196914,0.07710224614196914,0.18345143541661205,bkt_update,0.6081575617123867,0.8888222546734973,0.37626275047624475,0.6829545726476955,resolved,R0309,learner_response,True,True,True,True,,,False,True,,correct,,0.013750569411412629,0.008877178581205441,0.08665031767979543,0.8907219343275866,-0.044369945008599476,0.0,0.7984726512846755,0.40312418767667113,0.6633118870087144,0.0,1.0,0.0,0.0,0.0,0.0,6.0,0.7742712118248422,0.390419688017029,0.3000963623212421,0.46756553064958006,0.0,True,True,True,True,True,"[.4,.6)",late
T0310,A041,L013,SK014,1,0.0,telling,adaptive,direct_policy,final_integrity_filtered_v1,selector,logged,False,0.7606638575681186,"{""generic"": 0.0177349703106305, ""probing"": 0.2047603518596357, ""focus"": 0.01684082026161523, ""telling"": 0.7606638575681186}",0.27092013451414254,0.26445137431775073,-0.0064687601963918095,-0.0064687601963918095,-0.023877000533727877,bkt_update,0.6236662849076189,0.5520012801303866,0.6137185113874924,0.16181038980348714,resolved,R0310,learner_response,True,True,True,True,,,False,True,,incorrect,,0.0177349703106305,0.2047603518596357,0.01684082026161523,0.7606638575681186,0.0,1.0,0.4455072408828516,0.5162288275151554,0.44520098307769224,0.0,0.0,0.0,0.0,0.0,1.0,0.0,0.0,0.0,0.0,0.0,1.0,True,True,True,False,False,"[.2,.4)",early
T0311,A041,L013,SK014,2,0.14285714285714285,focus,adaptive,direct_policy,final_integrity_filtered_v1,selector,logged,False,0.9236357691287894,"{""generic"": 0.00717481521491901, ""probing"": 0.040511725129574044, ""focus"": 0.9236357691287894, ""telling"": 0.02867769052671747}",0.26445137431775073,0.44285816070210715,0.17840678638435642,0.17840678638435642,0.24254927567688317,bkt_update,0.38060711414481346,0.07098789719986637,0.3056638885875131,0.5461545143795448,resolved,R0311,learner_response,True,True,True,True,,,False,True,,correct,,0.00717481521491901,0.040511725129574044,0.9236357691287894,0.02867769052671747,0.0626007568470212,0.0,0.8001460030403001,0.2984648748983283,0.4043301221274121,0.0,0.0,0.0,0.0,1.0,0.0,1.0,0.5530212838864234,0.5288034894309992,0.7030425219887615,0.3220888476916116,0.0,True,True,True,True,True,"[.2,.4)",early
T0312,A041,L013,SK014,3,0.2857142857142857,telling,adaptive,direct_policy,final_integrity_filtered_v1,selector,logged,False,0.2214765221353769,"{""generic"": 0.7585436492380854, ""probing"": 0.008968027527984092, ""focus"": 0.011011801098553532, ""telling"": 0.2214765221353769}",0.44285816070210715,0.6651895198346707,0.22233135913256352,0.22233135913256352,0.399057014660296,bkt_update,0.5304238463764054,0.405408197538647,0.334574591744442,0.5133749875274973,resolved,R0312,learner_response,True,True,True,True,,,False,True,,correct,,0.7585436492380854,0.008968027527984092,0.011011801098553532,0.2214765221353769,0.1209732749523759,0.0,0.8012104810586319,0.11420252077648288,0.7530166211477669,0.0,0.0,0.0,1.0,0.0,0.0,2.0,0.0,0.0,0.0,0.0,1.0,True,True,True,True,False,"[.4,.6)",early
T0313,A041,L013,SK014,4,0.42857142857142855,telling,adaptive,direct_policy,final_integrity_filtered_v1,selector,logged,False,0.9450699296670604,"{""generic"": 0.035351736178180895, ""probing"": 0.00524974684623294, ""focus"": 0.014328587308525874, ""telling"": 0.9450699296670604}",0.6651895198346707,0.5450787396289885,-0.12011078020568222,-0.12011078020568222,-0.1805662546149782,bkt_update,0.7927840420168257,0.5940700855875053,0.4773275934351796,0.5507039908233574,resolved,R0313,learner_response,True,True,True,True,,,False,True,,incorrect,,0.035351736178180895,0.00524974684623294,0.014328587308525874,0.9450699296670604,0.011377100074307728,0.0,0.11236316749419667,0.8140110747105377,0.1401608645006901,0.0,0.0,0.0,0.0,1.0,0.0,3.0,0.0,0.0,0.0,0.0,1.0,True,True,True,True,False,"[.6,.8)",middle
T0314,A041,L013,SK014,5,0.5714285714285714,focus,adaptive,direct_policy,final_integrity_filtered_v1,selector,logged,False,0.3845936227083656,"{""generic"": 0.14090778592480088, ""probing"": 0.4545873814070735, ""focus"": 0.3845936227083656, ""telling"": 0.019911209959759906}",0.5450787396289885,0.558468328056768,0.013389588427779597,0.013389588427779597,0.029432760334963688,bkt_update,0.785925915353832,0.6196823781016997,0.2044066540592763,0.5346478000140422,resolved,R0314,learner_response,True,True,True,True,,,False,True,,correct,,0.14090778592480088,0.4545873814070735,0.3845936227083656,0.019911209959759906,-0.035969987724306283,0.0,0.404823938117594,0.5413555614592122,0.620852295655028,0.0,0.0,0.0,0.0,1.0,0.0,4.0,0.0,0.0,0.0,0.0,1.0,True,True,True,True,False,"[.4,.6)",middle
T0315,A041,L013,SK014,6,0.7142857142857143,focus,adaptive,direct_policy,final_integrity_filtered_v1,selector,logged,False,0.7618493613005164,"{""generic"": 0.12420003479350027, ""probing"": 0.06789307819818122, ""focus"": 0.7618493613005164, ""telling"": 0.0460575257078021}",0.558468328056768,0.6008202998813323,0.042351971824564294,0.042351971824564294,0.09592057493445118,bkt_update,0.5767885977624926,0.6181090299908752,0.28606890731468476,0.02818453211174694,resolved,R0315,learner_response,True,True,True,True,,,False,True,,correct,,0.12420003479350027,0.06789307819818122,0.7618493613005164,0.0460575257078021,0.052574591653375295,0.0,0.5408742596405999,0.421329259401715,0.5467906730799407,0.0,0.0,0.0,1.0,0.0,0.0,5.0,0.8406989621753183,0.6336845206366125,0.3288367241139196,0.578187316479171,0.0,True,True,True,True,True,"[.4,.6)",late
T0316,A041,L013,SK014,7,0.8571428571428571,probing,adaptive,direct_policy,final_integrity_filtered_v1,selector,logged,False,0.5004060735223431,"{""generic"": 0.15846900197702957, ""probing"": 0.5004060735223431, ""focus"": 0.22420191759027194, ""telling"": 0.11692300691035541}",0.6008202998813323,0.6191423560879611,0.018322056206628745,0.018322056206628745,0.045899268427683035,bkt_update,0.3188911402395171,0.20576237851018409,0.51193911597997,0.18010935676684775,resolved,R0316,learner_response,True,True,True,True,,,False,True,,correct,,0.15846900197702957,0.5004060735223431,0.22420191759027194,0.11692300691035541,0.06302870617851096,0.0,0.8104381022705726,0.2830376673918808,0.5226840317733209,0.0,0.0,0.0,1.0,0.0,0.0,6.0,0.5559234520657285,0.7363082824818195,0.25178378131105594,0.0,0.0,True,True,True,True,True,"[.6,.8)",late
T0317,A041,L013,SK014,8,1.0,probing,adaptive,direct_policy,final_integrity_filtered_v1,selector,logged,False,0.730022936609607,"{""generic"": 0.0485875737095809, ""probing"": 0.730022936609607, ""focus"": 0.12531610539457833, ""telling"": 0.09607338428623372}",0.6191423560879611,0.6591277238403803,0.03998536775241923,0.03998536775241923,0.1049876991878206,bkt_update,0.7119708674286821,0.471804151910799,0.7532313329921424,0.2705147482085451,resolved,R0317,learner_response,True,True,True,True,,,False,True,,correct,,0.0485875737095809,0.730022936609607,0.12531610539457833,0.09607338428623372,0.04900589743228654,0.0,0.7091035410413402,0.16841149715830023,0.648787797983534,0.0,0.0,1.0,0.0,0.0,0.0,7.0,0.0,0.0,0.0,0.0,1.0,True,True,True,True,False,"[.6,.8)",late
T0318,A042,L014,SK008,1,0.0,probing,adaptive,direct_policy,final_integrity_filtered_v1,selector,logged,False,0.7197159472643317,"{""generic"": 0.01355331191209141, ""probing"": 0.7197159472643317, ""focus"": 0.009318657735665144, ""telling"": 0.25741208308791186}",0.8284537052764889,0.7413407719626509,-0.08711293331383796,-0.08711293331383796,-0.10515123869808128,bkt_update,0.7979444219751203,0.5711084874197854,0.1840846506215311,0.37601137456052347,resolved,R0318,learner_response,True,True,True,True,,,False,True,,incorrect,,0.01355331191209141,0.7197159472643317,0.009318657735665144,0.25741208308791186,0.0,1.0,0.3983001758231119,0.634373336761377,0.2054994934417429,0.0,0.0,0.0,0.0,0.0,1.0,0.0,0.0,0.0,0.0,0.0,1.0,True,True,True,False,False,"[.8,1]",early
T0319,A042,L014,SK008,2,0.14285714285714285,probing,adaptive,direct_policy,final_integrity_filtered_v1,selector,logged,False,0.7463241575159303,"{""generic"": 0.007878938813426857, ""probing"": 0.7463241575159303, ""focus"": 0.24196074867625944, ""telling"": 0.0038361549943835608}",0.7413407719626509,0.8068896174965641,0.06554884553391316,0.06554884553391316,0.25341777299531815,bkt_update,0.8873900102363529,0.5507282899127022,0.24775916361625333,0.8906834590772622,resolved,R0319,learner_response,True,True,True,True,,,False,True,,correct,,0.007878938813426857,0.7463241575159303,0.24196074867625944,0.0038361549943835608,0.1177511914323071,0.0,0.9667289865034686,0.0,0.6968453013246586,0.0,0.0,1.0,0.0,0.0,0.0,1.0,0.7584582843736899,0.7202134471907077,0.17552333493241182,0.4063644083264885,0.0,True,True,True,True,True,"[.6,.8)",early
T0320,A042,L014,SK008,3,0.2857142857142857,generic,adaptive,direct_policy,final_integrity_filtered_v1,selector,logged,False,0.6114783784540346,"{""generic"": 0.6114783784540346, ""probing"": 0.12517608318847012, ""focus"": 0.046210349299298424, ""telling"": 0.21713518905819684}",0.8068896174965641,0.8345576642739413,0.02766804677737722,0.02766804677737722,0.14327581157830774,bkt_update,0.8601912494811285,0.3827874090067403,0.2745792947347218,0.728755002657712,resolved,R0320,learner_response,True,True,True,True,,,False,True,,correct,,0.6114783784540346,0.12517608318847012,0.046210349299298424,0.21713518905819684,0.14781889687319744,0.0,0.625053371352652,0.5028953803655438,0.4617900170671731,0.0,0.0,1.0,0.0,0.0,0.0,2.0,0.718375309210907,0.5357467260556833,0.3667962418539926,0.9607394464052391,0.0,True,True,True,True,True,"[.8,1]",early
T0321,A042,L014,SK008,4,0.42857142857142855,generic,adaptive,direct_policy,final_integrity_filtered_v1,selector,logged,False,0.304577255095981,"{""generic"": 0.304577255095981, ""probing"": 0.48370812528241, ""focus"": 0.17585764551134986, ""telling"": 0.03585697411025935}",0.8345576642739413,0.8681859124755222,0.033628248201580946,0.033628248201580946,0.203262653745792,bkt_update,0.29210605313124344,0.6211547979576865,0.15784618313077783,0.572925095051328,resolved,R0321,learner_response,True,True,True,True,,,False,True,,correct,,0.304577255095981,0.48370812528241,0.17585764551134986,0.03585697411025935,0.03269917276693348,0.0,0.0,0.0,0.0,1.0,1.0,0.0,0.0,0.0,0.0,3.0,0.0,0.0,0.0,0.0,1.0,True,True,False,True,False,"[.8,1]",middle
T0322,A042,L014,SK008,5,0.5714285714285714,probing,adaptive,direct_policy,final_integrity_filtered_v1,selector,logged,False,0.9195687163444937,"{""generic"": 0.04821332442601955, ""probing"": 0.9195687163444937, ""focus"": 0.02450544392180944, ""telling"": 0.007712515307677257}",0.8681859124755222,0.8922176730195669,0.024031760544044656,0.024031760544044656,0.18231557032613815,bkt_update,0.7344109256753886,0.852989374711218,0.6572948689614424,0.5047402005380198,resolved,R0322,learner_response,True,True,True,True,,,False,True,,correct,,0.04821332442601955,0.9195687163444937,0.02450544392180944,0.007712515307677257,0.04083641581997314,0.0,0.5610360083591986,0.3715880172314122,0.3188047643430369,0.0,1.0,0.0,0.0,0.0,0.0,4.0,0.0,0.0,0.0,0.0,1.0,True,True,True,True,False,"[.8,1]",middle
T0323,A042,L014,SK008,6,0.7142857142857143,probing,adaptive,direct_policy,final_integrity_filtered_v1,selector,logged,False,0.21163363595480864,"{""generic"": 0.015303159220524144, ""probing"": 0.21163363595480864, ""focus"": 0.06357525146380191, ""telling"": 0.7094879533608652}",0.8922176730195669,0.7933276143487215,-0.09889005867084544,-0.09889005867084544,-0.11083624732086732,bkt_update,0.23728591339944838,0.4646498140210293,0.49217757073317403,0.6700262366476798,resolved,R0323,learner_response,True,True,True,True,,,False,True,,incorrect,,0.015303159220524144,0.21163363595480864,0.06357525146380191,0.7094879533608652,0.06874983168632777,0.0,0.5252422903590603,0.5514226526427204,0.6561604402667731,0.0,0.0,1.0,0.0,0.0,0.0,5.0,0.7396438379440267,0.7265272141036401,0.6885894253987415,0.6160995666481097,0.0,True,True,True,True,True,"[.8,1]",late
T0324,A042,L014,SK008,7,0.8571428571428571,probing,adaptive,direct_policy,final_integrity_filtered_v1,selector,logged,False,0.8886628606956655,"{""generic"": 0.06699014202083627, ""probing"": 0.8886628606956655, ""focus"": 0.002811269411803729, ""telling"": 0.0415357278716946}",0.7933276143487215,0.8055285812833819,0.01220096693466044,0.01220096693466044,0.05903530312582406,bkt_update,0.7405824095459388,0.873839800309075,0.13411002039247485,0.5344831762147035,resolved,R0324,learner_response,True,True,True,True,,,False,True,,correct,,0.06699014202083627,0.8886628606956655,0.002811269411803729,0.0415357278716946,-0.08113959964060166,0.0,0.49502289165853797,0.4981136257956268,0.14762131959126515,0.0,0.0,1.0,0.0,0.0,0.0,6.0,0.0,0.0,0.0,0.0,1.0,True,True,True,True,False,"[.6,.8)",late
T0325,A042,L014,SK008,8,1.0,focus,adaptive,direct_policy,final_integrity_filtered_v1,selector,logged,False,0.31874872391948167,"{""generic"": 0.5089593961973047, ""probing"": 0.13898133847859542, ""focus"": 0.31874872391948167, ""telling"": 0.033310541404618164}",0.8055285812833819,0.8263675978406364,0.02083901655725451,0.02083901655725451,0.10715721978467656,bkt_update,0.6791746363721085,0.0980071631644219,0.8064261436355233,0.5803510761384003,resolved,R0325,learner_response,True,True,True,True,,,False,True,,correct,,0.5089593961973047,0.13898133847859542,0.31874872391948167,0.033310541404618164,0.12958767702731416,0.0,0.5438139302107585,0.34581682602656544,0.5483612621925975,0.0,0.0,1.0,0.0,0.0,0.0,7.0,0.6554126265962235,0.9507265842734134,0.05848204775094949,0.6134680083660278,0.0,True,True,True,True,True,"[.8,1]",late
T0326,A043,L015,SK021,1,0.0,focus,adaptive,direct_policy,final_integrity_filtered_v1,selector,logged,False,0.9101376162381898,"{""generic"": 0.04378038381718198, ""probing"": 0.030863817543712053, ""focus"": 0.9101376162381898, ""telling"": 0.015218182400916287}",0.33433749854539746,0.5302155219636409,0.1958780234182434,0.1958780234182434,0.29426026400797956,bkt_update,0.5481090245953372,0.3553042241088781,0.19627663454568145,0.6408260544317244,resolved,R0326,learner_response,True,True,True,True,,,False,True,,correct,,0.04378038381718198,0.030863817543712053,0.9101376162381898,0.015218182400916287,0.0,1.0,0.622263117949621,0.37311927862727134,0.5503550676109956,0.0,0.0,0.0,0.0,0.0,1.0,0.0,0.0,0.0,0.0,0.0,1.0,True,True,True,False,False,"[.2,.4)",early
T0327,A043,L015,SK021,2,0.14285714285714285,focus,adaptive,direct_policy,final_integrity_filtered_v1,selector,logged,False,0.5652160872382263,"{""generic"": 0.4083416629795748, ""probing"": 0.018035784646749348, ""focus"": 0.5652160872382263, ""telling"": 0.008406465135449485}",0.5302155219636409,0.6915265440139985,0.16131102205035763,0.16131102205035763,0.3433723964755449,bkt_update,0.7382231828658289,0.7665685276667483,0.6106446276530804,0.7153956944199825,resolved,R0327,learner_response,True,True,True,True,,,False,True,,correct,,0.4083416629795748,0.018035784646749348,0.5652160872382263,0.008406465135449485,0.12260360885632716,0.0,0.7377837491296679,0.13525953176099653,0.6659651153218739,0.0,0.0,0.0,1.0,0.0,0.0,1.0,0.5781413699969381,0.32574816718431526,0.12695946390884516,0.6445442306028898,0.0,True,True,True,True,True,"[.4,.6)",early
T0328,A043,L015,SK021,3,0.2857142857142857,telling,adaptive,direct_policy,final_integrity_filtered_v1,selector,logged,False,0.13074906172179662,"{""generic"": 0.45486724360271813, ""probing"": 0.1333188953856135, ""focus"": 0.2810647992898717, ""telling"": 0.13074906172179662}",0.6915265440139985,0.7017711526279672,0.010244608613968698,0.010244608613968698,0.033210665018884464,bkt_update,0.8365888404020279,0.40645073441235513,0.8236207565263696,0.45085581153516474,resolved,R0328,learner_response,True,True,True,True,,,False,True,,correct,,0.45486724360271813,0.1333188953856135,0.2810647992898717,0.13074906172179662,0.07398416788247551,0.0,0.4074271114719171,0.7056360742732269,0.2673758834272762,0.0,0.0,0.0,1.0,0.0,0.0,2.0,0.5799997333778696,1.0,0.6012022118559912,0.7408700886003933,0.0,True,True,True,True,True,"[.6,.8)",early
T0329,A043,L015,SK021,4,0.42857142857142855,generic,adaptive,direct_policy,final_integrity_filtered_v1,selector,logged,False,0.9192890041864746,"{""generic"": 0.9192890041864746, ""probing"": 0.05074603390330821, ""focus"": 0.018485941794594334, ""telling"": 0.011479020115622797}",0.7017711526279672,0.7706490813952489,0.06887792876728172,0.06887792876728172,0.23095662734919226,bkt_update,0.8032803815508981,0.39972746643137447,0.3205766627496207,0.4408254775637153,resolved,R0329,learner_response,True,True,True,True,,,False,True,,correct,,0.9192890041864746,0.05074603390330821,0.018485941794594334,0.011479020115622797,0.060341320003139305,0.0,0.7568446970921303,0.06179227672566734,0.5575940503688528,0.0,0.0,0.0,0.0,1.0,0.0,3.0,0.8123696908600782,0.40070196825975507,0.93497754878048,0.4587817719057068,0.0,True,True,True,True,True,"[.6,.8)",middle
T0330,A043,L015,SK021,5,0.5714285714285714,focus,adaptive,direct_policy,final_integrity_filtered_v1,selector,logged,False,0.8038686622980943,"{""generic"": 0.14567105469077316, ""probing"": 0.03497538919640386, ""focus"": 0.8038686622980943, ""telling"": 0.015484893814728687}",0.7706490813952489,0.7893389799950685,0.01868989859981962,0.01868989859981962,0.08149040219031611,bkt_update,0.42262610709739273,0.8222776895821389,0.5601928501184644,0.9547776646012536,resolved,R0330,learner_response,True,True,True,True,,,False,True,,correct,,0.14567105469077316,0.03497538919640386,0.8038686622980943,0.015484893814728687,0.13461059181081145,0.0,0.7345772292311162,0.4158742197475173,0.23848608373261015,0.0,1.0,0.0,0.0,0.0,0.0,4.0,0.0,0.0,0.0,0.0,1.0,True,True,True,True,False,"[.6,.8)",middle
T0331,A043,L015,SK021,6,0.7142857142857143,probing,adaptive,direct_policy,final_integrity_filtered_v1,selector,logged,False,0.10049175124047095,"{""generic"": 0.04475157333333539, ""probing"": 0.10049175124047095, ""focus"": 0.786427576072302, ""telling"": 0.06832909935389185}",0.7893389799950685,0.8309077648360071,0.04156878484093862,0.04156878484093862,0.19732547027430852,bkt_update,0.3831573098592,0.6369057799645712,0.46149703492380145,0.5795375777597569,resolved,R0331,learner_response,True,True,True,True,,,False,True,,correct,,0.04475157333333539,0.10049175124047095,0.786427576072302,0.06832909935389185,0.09314388101854042,0.0,0.842137815826744,0.14632213965335242,0.6338484965440049,0.0,0.0,0.0,1.0,0.0,0.0,5.0,0.22389035520849127,0.8690506385602935,0.6093002996807343,1.0,0.0,True,True,True,True,True,"[.6,.8)",late
T0332,A043,L015,SK021,7,0.8571428571428571,telling,adaptive,direct_policy,final_integrity_filtered_v1,selector,logged,False,0.9389216004490468,"{""generic"": 0.0036371699680873494, ""probing"": 0.009332082595522453, ""focus"": 0.048109146987343414, ""telling"": 0.9389216004490468}",0.8309077648360071,0.8723257649185321,0.04141800008252494,0.04141800008252494,0.24494324084341307,bkt_update,0.6184215781982265,0.3333569537021289,0.37391190209908426,0.6406303865905131,resolved,R0332,learner_response,True,True,True,True,,,False,True,,correct,,0.0036371699680873494,0.009332082595522453,0.048109146987343414,0.9389216004490468,0.18698310816335775,0.0,0.0,0.0,0.0,1.0,0.0,1.0,0.0,0.0,0.0,6.0,0.5488393622586402,0.695494663708853,0.6388851594942232,0.7102131142869489,0.0,True,True,False,True,True,"[.8,1]",late
T0333,A043,L015,SK021,8,1.0,focus,adaptive,direct_policy,final_integrity_filtered_v1,selector,logged,False,0.016484404425323847,"{""generic"": 0.4478354344421115, ""probing"": 0.39311204786605636, ""focus"": 0.016484404425323847, ""telling"": 0.14256811326650826}",0.8723257649185321,0.8698944846575596,-0.0024312802609725015,-0.0024312802609725015,-0.0027871242129361646,bkt_update,0.5057487086417399,0.7097675692325851,0.723915006757942,0.5096470042945473,resolved,R0333,learner_response,True,True,True,True,,,False,True,,incorrect,,0.4478354344421115,0.39311204786605636,0.016484404425323847,0.14256811326650826,0.026364732402108237,0.0,0.568006624016223,0.4768673967113769,0.33400553203593786,0.0,0.0,0.0,0.0,1.0,0.0,7.0,0.4831122887814894,0.3926187143638289,0.28444086125636414,0.6348529737978168,0.0,True,True,True,True,True,"[.8,1]",late
T0334,A044,L016,SK016,1,0.0,generic,adaptive,direct_policy,final_integrity_filtered_v1,selector,logged,False,0.4859975367564883,"{""generic"": 0.4859975367564883, ""probing"": 0.08798111703048683, ""focus"": 0.068704602115012, ""telling"": 0.35731674409801284}",0.46626188538987084,0.5635331577613796,0.09727127237150873,0.09727127237150873,0.18224531789819967,bkt_update,0.6364301036321162,0.1318680764659654,0.37710505410404316,0.33145296539798286,resolved,R0334,learner_response,True,True,True,True,,,False,True,,correct,,0.4859975367564883,0.08798111703048683,0.068704602115012,0.35731674409801284,0.0,1.0,0.5265381369309751,0.47469081656603934,0.385119922659275,0.0,0.0,0.0,0.0,0.0,1.0,0.0,0.0,0.0,0.0,0.0,1.0,True,True,True,False,False,"[.4,.6)",early
T0335,A044,L016,SK016,2,0.16666666666666666,probing,adaptive,direct_policy,final_integrity_filtered_v1,selector,logged,False,0.2733243814657842,"{""generic"": 0.26012693982844587, ""probing"": 0.2733243814657842, ""focus"": 0.07104558826370944, ""telling"": 0.39550309044206056}",0.5635331577613796,0.6979170085416226,0.13438385078024306,0.13438385078024306,0.3078901712006205,bkt_update,0.38953576403675244,0.4736812453526417,0.2737168733508527,0.6640942462474355,resolved,R0335,learner_response,True,True,True,True,,,False,True,,correct,,0.26012693982844587,0.2733243814657842,0.07104558826370944,0.39550309044206056,0.11471676221845475,0.0,0.8241034794006882,0.23671540504158917,0.5780337172940692,0.0,1.0,0.0,0.0,0.0,0.0,1.0,0.5922396021138863,0.27060418056654456,0.537405388864739,0.29983929826504685,0.0,True,True,True,True,True,"[.4,.6)",early
T0336,A044,L016,SK016,3,0.3333333333333333,telling,adaptive,direct_policy,final_integrity_filtered_v1,selector,logged,False,0.8715635451348326,"{""generic"": 0.036783076872306725, ""probing"": 0.03125140293224119, ""focus"": 0.0604019750606194, ""telling"": 0.8715635451348326}",0.6979170085416226,0.6261000387487605,-0.07181696979286212,-0.07181696979286212,-0.10290187646083004,bkt_update,0.8028664860909928,0.6079008770491773,0.26663490281943103,0.6956040449761288,resolved,R0336,learner_response,True,True,True,True,,,False,True,,incorrect,,0.036783076872306725,0.03125140293224119,0.0604019750606194,0.8715635451348326,0.04563546652174885,0.0,0.26366237227961503,0.6188831431246917,0.145684843254909,0.0,0.0,1.0,0.0,0.0,0.0,2.0,0.37995817162895557,0.3078222003416866,0.032147805131445994,0.5870826115019008,0.0,True,True,True,True,True,"[.6,.8)",middle
T0337,A044,L016,SK016,4,0.5,telling,adaptive,direct_policy,final_integrity_filtered_v1,selector,logged,False,0.5769898260377309,"{""generic"": 0.35439191000773906, ""probing"": 0.019593166928884034, ""focus"": 0.04902509702564619, ""telling"": 0.5769898260377309}",0.6261000387487605,0.5681607069210317,-0.05793933182772881,-0.05793933182772881,-0.0925400546908104,bkt_update,0.4868411239843568,0.5767514793669462,0.4042281414464387,0.09546492810727944,resolved,R0337,learner_response,True,True,True,True,,,False,True,,incorrect,,0.35439191000773906,0.019593166928884034,0.04902509702564619,0.5769898260377309,-0.02850128573785607,0.0,0.3688040185933467,0.655054211381021,0.2865158780905423,0.0,0.0,0.0,0.0,1.0,0.0,3.0,0.6861538786623923,0.6926947116479962,0.38066813189963183,0.6241278184875679,0.0,True,True,True,True,True,"[.6,.8)",middle
T0338,A044,L016,SK016,5,0.6666666666666666,probing,adaptive,direct_policy,final_integrity_filtered_v1,selector,logged,False,0.4357033261047228,"{""generic"": 0.08312355607407695, ""probing"": 0.4357033261047228, ""focus"": 0.3872222941357466, ""telling"": 0.09395082368545363}",0.5681607069210317,0.6106038899959731,0.04244318307494144,0.04244318307494144,0.09828467153214811,bkt_update,0.417645998484876,0.7270742548118744,0.2833629937121889,0.5221332263007907,resolved,R0338,learner_response,True,True,True,True,,,False,True,,correct,,0.08312355607407695,0.4357033261047228,0.3872222941357466,0.09395082368545363,0.0049151286722980275,0.0,0.529576115054598,0.5838426826176003,0.28377751232916193,0.0,0.0,0.0,0.0,1.0,0.0,4.0,0.4613815265081617,0.5321956848673605,0.4589439485291138,0.22371608564841383,0.0,True,True,True,True,True,"[.4,.6)",late
T0339,A044,L016,SK016,6,0.8333333333333334,focus,adaptive,direct_policy,final_integrity_filtered_v1,selector,logged,False,0.936026722403276,"{""generic"": 0.014116729250218082, ""probing"": 0.026051391986169015, ""focus"": 0.936026722403276, ""telling"": 0.023805156360337008}",0.6106038899959731,0.6312460766317843,0.02064218663581119,0.02064218663581119,0.05301076745629976,bkt_update,0.5814764468951449,0.8382435611421826,0.5426244993709434,0.488479221054944,resolved,R0339,learner_response,True,True,True,True,,,False,True,,correct,,0.014116729250218082,0.026051391986169015,0.936026722403276,0.023805156360337008,0.0090782763656951,0.0,0.2939221378510715,0.6522573929654519,0.3869888633649194,0.0,0.0,1.0,0.0,0.0,0.0,5.0,0.3977883172482981,0.7544698659738939,0.27716109631674607,0.5154983016362216,0.0,True,True,True,True,True,"[.6,.8)",late
T0340,A044,L016,SK016,7,1.0,focus,adaptive,direct_policy,final_integrity_filtered_v1,selector,logged,False,0.8245703318152092,"{""generic"": 0.10721728248959429, ""probing"": 0.04105636169840188, ""focus"": 0.8245703318152092, ""telling"": 0.02715602399679468}",0.6312460766317843,0.6723138285079993,0.04106775187621492,0.04106775187621492,0.11136898965331717,bkt_update,0.569981849549323,0.7643670917337351,0.16488754955504847,0.4001701801431617,resolved,R0340,learner_response,True,True,True,True,,,False,True,,correct,,0.10721728248959429,0.04105636169840188,0.8245703318152092,0.02715602399679468,0.03748201053239997,0.0,0.5861744980262434,0.32741443362904654,0.3648270436303299,0.0,0.0,0.0,1.0,0.0,0.0,6.0,0.6886092988305074,0.8499416944684351,0.31627337323514815,0.5097214984544689,0.0,True,True,True,True,True,"[.6,.8)",late
T0341,A045,L016,SK013,1,0.0,focus,adaptive,direct_policy,final_integrity_filtered_v1,selector,logged,False,0.38265614743471493,"{""generic"": 0.21518420406897087, ""probing"": 0.026694737084897675, ""focus"": 0.38265614743471493, ""telling"": 0.37546491141141664}",0.24578280396283808,0.2212558610468254,-0.02452694291601268,-0.02452694291601268,-0.09979112663927908,bkt_update,0.41070913487386357,0.4092897035774919,0.0946667642586338,0.6690159745436004,resolved,R0341,learner_response,True,True,True,True,,,False,True,,incorrect,,0.21518420406897087,0.026694737084897675,0.38265614743471493,0.37546491141141664,0.0,1.0,0.32246232425484844,0.744812437963509,0.15066107233571696,0.0,0.0,0.0,0.0,0.0,1.0,0.0,0.0,0.0,0.0,0.0,1.0,True,True,True,False,False,"[.2,.4)",early
T0342,A045,L016,SK013,2,0.16666666666666666,probing,adaptive,direct_policy,final_integrity_filtered_v1,selector,logged,False,0.18132836993377907,"{""generic"": 0.3176420237657274, ""probing"": 0.18132836993377907, ""focus"": 0.20135911297968884, ""telling"": 0.2996704933208047}",0.2212558610468254,0.3294135589600554,0.10815769791323002,0.10815769791323002,0.1388873347523627,bkt_update,0.39543457114092334,0.5054434361581596,0.17394547821684936,0.3542620696343972,resolved,R0342,learner_response,True,True,True,True,,,False,True,,correct,,0.3176420237657274,0.18132836993377907,0.20135911297968884,0.2996704933208047,0.04094625523891867,0.0,0.6081837771163611,0.4728208022797488,0.44302671609468547,0.0,0.0,0.0,1.0,0.0,0.0,1.0,0.41223266783681195,0.5527554102482043,0.28993704669895937,0.654936226455645,0.0,True,True,True,True,True,"[.2,.4)",early
T0343,A045,L016,SK013,3,0.3333333333333333,generic,adaptive,direct_policy,final_integrity_filtered_v1,selector,logged,False,0.8622723980200986,"{""generic"": 0.8622723980200986, ""probing"": 0.027297489347128476, ""focus"": 0.1016400549569212, ""telling"": 0.00879005767585162}",0.3294135589600554,0.3514568920568604,0.022043333096805007,0.022043333096805007,0.03287172502715718,bkt_update,0.7126991394015542,0.16485539029443533,0.4957612397093266,0.1515608570142232,resolved,R0343,learner_response,True,True,True,True,,,False,True,,correct,,0.8622723980200986,0.027297489347128476,0.1016400549569212,0.00879005767585162,0.07383426389217429,0.0,0.5521100923888951,0.48755363025768195,0.5082468961058132,0.0,0.0,1.0,0.0,0.0,0.0,2.0,0.45088823224069624,0.6409075940172556,0.21117869927371488,0.23914048256648393,0.0,True,True,True,True,True,"[.2,.4)",middle
T0344,A045,L016,SK013,4,0.5,focus,adaptive,direct_policy,final_integrity_filtered_v1,selector,logged,False,0.9257055984480785,"{""generic"": 0.0023004064089180657, ""probing"": 0.0008234747091799661, ""focus"": 0.9257055984480785, ""telling"": 0.07117052043382338}",0.3514568920568604,0.6983121762591806,0.3468552842023202,0.3468552842023202,0.5348222499848544,bkt_update,0.7048957470117044,0.4592967276170328,0.6551598016972641,0.40499381813777285,resolved,R0344,learner_response,True,True,True,True,,,False,True,,correct,,0.0023004064089180657,0.0008234747091799661,0.9257055984480785,0.07117052043382338,0.09311428491291365,0.0,0.8655665269863105,0.10475719494316985,0.7275675662676689,0.0,1.0,0.0,0.0,0.0,0.0,3.0,0.7969994819421837,0.15667309795653656,0.5179586468947199,0.2581883506360486,0.0,True,True,True,True,True,"[.2,.4)",middle
T0345,A045,L016,SK013,5,0.6666666666666666,focus,adaptive,direct_policy,final_integrity_filtered_v1,selector,logged,False,0.6702181039071923,"{""generic"": 0.22153221464697861, ""probing"": 0.044368645081331905, ""focus"": 0.6702181039071923, ""telling"": 0.0638810363644972}",0.6983121762591806,0.7203618088141954,0.022049632555014798,0.022049632555014798,0.0730875786818552,bkt_update,0.9222214479870289,0.6820296764706633,0.5492000078350889,0.6844314611138924,resolved,R0345,learner_response,True,True,True,True,,,False,True,,correct,,0.22153221464697861,0.044368645081331905,0.6702181039071923,0.0638810363644972,0.1532224085855053,0.0,0.0,0.0,0.0,1.0,0.0,0.0,1.0,0.0,0.0,4.0,0.6921638415297504,0.43631683322821985,0.7517548127571179,0.22533921559217848,0.0,True,True,False,True,True,"[.6,.8)",late
T0346,A045,L016,SK013,6,0.8333333333333334,probing,adaptive,direct_policy,final_integrity_filtered_v1,selector,logged,False,0.4851707994148253,"{""generic"": 0.46810121598178783, ""probing"": 0.4851707994148253, ""focus"": 0.020041604019166343, ""telling"": 0.026686380584220383}",0.7203618088141954,0.7940076736025947,0.0736458647883993,0.0736458647883993,0.26336125432690116,bkt_update,0.34481068793757363,0.8951200819153696,0.7348737904409208,0.21354454827735317,resolved,R0346,learner_response,True,True,True,True,,,False,True,,correct,,0.46810121598178783,0.4851707994148253,0.020041604019166343,0.026686380584220383,0.102649538512598,0.0,1.0,0.06733157113398425,0.5018282517782547,0.0,0.0,0.0,1.0,0.0,0.0,5.0,0.0,0.0,0.0,0.0,1.0,True,True,True,True,False,"[.6,.8)",late
T0347,A045,L016,SK013,7,1.0,generic,adaptive,direct_policy,final_integrity_filtered_v1,selector,logged,False,0.854937348625514,"{""generic"": 0.854937348625514, ""probing"": 0.05095580254157162, ""focus"": 0.06517412845917636, ""telling"": 0.028932720373738025}",0.7940076736025947,0.8196022226034704,0.025594549000875655,0.025594549000875655,0.12425001187421926,bkt_update,0.5000436322784807,0.25661398418146053,0.2426968055532844,0.7349461825128255,resolved,R0347,learner_response,True,True,True,True,,,False,True,,correct,,0.854937348625514,0.05095580254157162,0.06517412845917636,0.028932720373738025,0.096018596150049,0.0,0.7777384826830638,0.26287453814273465,0.5788332244808463,0.0,0.0,1.0,0.0,0.0,0.0,6.0,0.0,0.0,0.0,0.0,1.0,True,True,True,True,False,"[.6,.8)",late
T0348,A046,L017,SK018,1,0.0,generic,adaptive,direct_policy,final_integrity_filtered_v1,selector,logged,False,0.6560117104564978,"{""generic"": 0.6560117104564978, ""probing"": 0.1293114336883984, ""focus"": 0.12414162400219707, ""telling"": 0.09053523185290689}",0.407686448748223,0.4936228202899372,0.08593637154171418,0.08593637154171418,0.1450859453748761,bkt_update,0.660645309337009,0.6371251175304339,0.9197478744256676,0.30115427666425465,resolved,R0348,learner_response,True,True,True,True,,,False,True,,correct,,0.6560117104564978,0.1293114336883984,0.12414162400219707,0.09053523185290689,0.0,1.0,0.8737596760118095,0.31050443905950315,0.5817528551180374,0.0,0.0,0.0,0.0,0.0,1.0,0.0,0.0,0.0,0.0,0.0,1.0,True,True,True,False,False,"[.4,.6)",early
T0349,A046,L017,SK018,2,0.14285714285714285,probing,adaptive,direct_policy,final_integrity_filtered_v1,selector,logged,False,0.7987072911122417,"{""generic"": 0.038545634985821565, ""probing"": 0.7987072911122417, ""focus"": 0.05727165862127317, ""telling"": 0.10547541528066368}",0.4936228202899372,0.5042479163634416,0.01062509607350437,0.01062509607350437,0.02098257287105236,bkt_update,0.7569718092450809,0.628012237520148,0.397191924683183,0.4292748375171342,resolved,R0349,learner_response,True,True,True,True,,,False,True,,correct,,0.038545634985821565,0.7987072911122417,0.05727165862127317,0.10547541528066368,0.04786518682396736,0.0,0.48193271545075794,0.3480403047869802,0.3457926760517847,0.0,1.0,0.0,0.0,0.0,0.0,1.0,0.0,0.0,0.0,0.0,1.0,True,True,True,True,False,"[.4,.6)",early
T0350,A046,L017,SK018,3,0.2857142857142857,probing,adaptive,direct_policy,final_integrity_filtered_v1,selector,logged,False,0.358560522697411,"{""generic"": 0.00625123752603721, ""probing"": 0.358560522697411, ""focus"": 0.008146427412193848, ""telling"": 0.6270418123643579}",0.5042479163634416,0.493130196488972,-0.011117719874469578,-0.011117719874469578,-0.022048122587493994,bkt_update,0.696687135248142,0.5712807625564142,0.4881148025488963,0.8849364340505401,resolved,R0350,learner_response,True,True,True,True,,,False,True,,incorrect,,0.00625123752603721,0.358560522697411,0.008146427412193848,0.6270418123643579,-0.0019815247879288013,0.0,0.28529326230363194,0.7705840866103908,0.3168767611699767,0.0,0.0,1.0,0.0,0.0,0.0,2.0,0.0,0.0,0.0,0.0,1.0,True,True,True,True,False,"[.4,.6)",early
T0351,A046,L017,SK018,4,0.42857142857142855,probing,adaptive,direct_policy,final_integrity_filtered_v1,selector,logged,False,0.4036271470079661,"{""generic"": 0.22441226108351986, ""probing"": 0.4036271470079661, ""focus"": 0.05936545722504812, ""telling"": 0.31259513468346595}",0.493130196488972,0.6479408333350789,0.1548106368461069,0.1548106368461069,0.30542485619334925,bkt_update,0.40370278765653905,0.674677444334953,0.26937247893491445,0.4771450597338353,resolved,R0351,learner_response,True,True,True,True,,,False,True,,correct,,0.22441226108351986,0.4036271470079661,0.05936545722504812,0.31259513468346595,0.0699216224412628,0.0,0.0,0.0,0.0,1.0,0.0,1.0,0.0,0.0,0.0,3.0,0.8292345505350391,0.5190604953693227,0.531787772210603,0.8961942894374773,0.0,True,True,False,True,True,"[.4,.6)",middle
T0352,A046,L017,SK018,5,0.5714285714285714,generic,adaptive,direct_policy,final_integrity_filtered_v1,selector,logged,False,0.5237275118679516,"{""generic"": 0.5237275118679516, ""probing"": 0.21859806986571945, ""focus"": 0.24640727497095377, ""telling"": 0.011267143295375103}",0.6479408333350789,0.6467384318654327,-0.0012024014696462304,-0.0012024014696462304,-0.0018557272636410852,bkt_update,0.5580660586823913,0.7468716073585169,0.5343322572326857,0.19324407146946848,resolved,R0352,learner_response,True,True,True,True,,,False,True,,incorrect,,0.5237275118679516,0.21859806986571945,0.24640727497095377,0.011267143295375103,-0.005616989325029839,0.0,0.2810728693107687,0.7474139999369085,0.3882326544243951,0.0,0.0,1.0,0.0,0.0,0.0,4.0,0.36628288698771,0.6685466328443062,0.18699470332042975,0.45246946383916803,0.0,True,True,True,True,True,"[.6,.8)",middle
T0353,A046,L017,SK018,6,0.7142857142857143,probing,adaptive,direct_policy,final_integrity_filtered_v1,selector,logged,False,0.492665760266207,"{""generic"": 0.19886899886611098, ""probing"": 0.492665760266207, ""focus"": 0.2159514644282792, ""telling"": 0.09251377643940276}",0.6467384318654327,0.6779108581179215,0.03117242625248884,0.03117242625248884,0.08824177058687115,bkt_update,0.27860597570952994,0.562752078390631,0.08715754071839135,0.21115405806550655,resolved,R0353,learner_response,True,True,True,True,,,False,True,,correct,,0.19886899886611098,0.492665760266207,0.2159514644282792,0.09251377643940276,0.011098501843725402,0.0,0.6583241362469564,0.4324856928613211,0.5169003390843997,0.0,1.0,0.0,0.0,0.0,0.0,5.0,0.0,0.0,0.0,0.0,1.0,True,True,True,True,False,"[.6,.8)",late
T0354,A046,L017,SK018,7,0.8571428571428571,generic,adaptive,direct_policy,final_integrity_filtered_v1,selector,logged,False,0.07973453647535857,"{""generic"": 0.07973453647535857, ""probing"": 0.01989252327632945, ""focus"": 0.7871931188540797, ""telling"": 0.11317982139423226}",0.6779108581179215,0.6853794006279996,0.007468542510078113,0.007468542510078113,0.02318781212690633,bkt_update,0.4280682929974415,0.750064554129997,0.5571889074343734,0.48069411469673085,resolved,R0354,learner_response,True,True,True,True,,,False,True,,correct,,0.07973453647535857,0.01989252327632945,0.7871931188540797,0.11317982139423226,0.05463059952572941,0.0,0.5148315149653334,0.544470439914946,0.2563421948654222,0.0,0.0,1.0,0.0,0.0,0.0,6.0,0.16673105877993902,0.6873645921751182,0.1414347915820247,0.18051764103366147,0.0,True,True,True,True,True,"[.6,.8)",late
T0355,A046,L017,SK018,8,1.0,probing,adaptive,direct_policy,final_integrity_filtered_v1,selector,logged,False,0.8763453411686319,"{""generic"": 0.025302304930543487, ""probing"": 0.8763453411686319, ""focus"": 0.030367778433782903, ""telling"": 0.06798457546704173}",0.6853794006279996,0.7151351797510721,0.02975577912307248,0.02975577912307248,0.09457670344048233,bkt_update,0.5677971041421038,0.5451084309481905,0.4271989142995151,0.1664563378557801,resolved,R0355,learner_response,True,True,True,True,,,False,True,,correct,,0.025302304930543487,0.8763453411686319,0.030367778433782903,0.06798457546704173,0.07770475384557149,0.0,0.6734941191606232,0.2461413136840141,0.5684276985717779,0.0,1.0,0.0,0.0,0.0,0.0,7.0,0.0,0.0,0.0,0.0,1.0,True,True,True,True,False,"[.6,.8)",late
T0356,A047,L017,SK015,1,0.0,focus,adaptive,direct_policy,final_integrity_filtered_v1,selector,logged,False,0.8697392678774527,"{""generic"": 0.008978341701340983, ""probing"": 0.10031530842635025, ""focus"": 0.8697392678774527, ""telling"": 0.020967081994856036}",0.6588475595135844,0.6907829343648232,0.03193537485123876,0.03193537485123876,0.0936102781668666,bkt_update,0.5870822494741806,0.2692887014336372,0.39779972676055003,0.3920568609516961,resolved,R0356,learner_response,True,True,True,True,,,False,True,,correct,,0.008978341701340983,0.10031530842635025,0.8697392678774527,0.020967081994856036,0.0,1.0,0.6916042826185442,0.34190702206361945,0.2838409791171493,0.0,0.0,0.0,0.0,0.0,1.0,0.0,0.0,0.0,0.0,0.0,1.0,True,True,True,False,False,"[.6,.8)",early
T0357,A047,L017,SK015,2,0.14285714285714285,probing,adaptive,direct_policy,final_integrity_filtered_v1,selector,logged,False,0.7925584317307744,"{""generic"": 0.0324454613553518, ""probing"": 0.7925584317307744, ""focus"": 0.11870382956823904, ""telling"": 0.05629227734563468}",0.6907829343648232,0.7386650949835404,0.047882160618717196,0.047882160618717196,0.15484967015116152,bkt_update,0.6628466648502553,0.6186898265215266,0.6580834753838934,0.3594570882980549,resolved,R0357,learner_response,True,True,True,True,,,False,True,,correct,,0.0324454613553518,0.7925584317307744,0.11870382956823904,0.05629227734563468,0.0944427029963353,0.0,0.7945502325275579,0.10828849048384409,0.7376277258408573,0.0,0.0,0.0,1.0,0.0,0.0,1.0,0.0,0.0,0.0,0.0,1.0,True,True,True,True,False,"[.6,.8)",early
T0358,A047,L017,SK015,3,0.2857142857142857,generic,adaptive,direct_policy,final_integrity_filtered_v1,selector,logged,False,0.9188167806606928,"{""generic"": 0.9188167806606928, ""probing"": 0.01750806126893464, ""focus"": 0.047888275714204585, ""telling"": 0.015786882356167885}",0.7386650949835404,0.7188862981339581,-0.01977879684958228,-0.01977879684958228,-0.02677640649856754,bkt_update,0.7131490770014847,0.8446348359067181,0.8800401120838212,0.870528527236009,resolved,R0358,learner_response,True,True,True,True,,,False,True,,incorrect,,0.9188167806606928,0.01750806126893464,0.047888275714204585,0.015786882356167885,0.007932430616497902,0.0,0.43856016821865573,0.5834266457305308,0.3419238752047914,0.0,0.0,1.0,0.0,0.0,0.0,2.0,0.0,0.0,0.0,0.0,1.0,True,True,True,True,False,"[.6,.8)",early
T0359,A047,L017,SK015,4,0.42857142857142855,telling,adaptive,direct_policy,final_integrity_filtered_v1,selector,logged,False,0.9370492756437844,"{""generic"": 0.008425664847865132, ""probing"": 0.03389795043954048, ""focus"": 0.02062710906881003, ""telling"": 0.9370492756437844}",0.7188862981339581,0.7466987443861214,0.02781244625216328,0.02781244625216328,0.09893664402532981,bkt_update,0.3278391498856547,0.7136971195667912,0.579365323367583,0.4994800036698086,resolved,R0359,learner_response,True,True,True,True,,,False,True,,correct,,0.008425664847865132,0.03389795043954048,0.02062710906881003,0.9370492756437844,-0.01477816105059962,0.0,0.0,0.0,0.0,1.0,1.0,0.0,0.0,0.0,0.0,3.0,0.7129330279943671,0.9290702360995812,1.0,0.9363954712577249,0.0,True,True,False,True,True,"[.6,.8)",middle
T0360,A047,L017,SK015,5,0.5714285714285714,telling,adaptive,direct_policy,final_integrity_filtered_v1,selector,logged,False,0.5097860777428551,"{""generic"": 0.09391349547920967, ""probing"": 0.22332567465054298, ""focus"": 0.17297475212739222, ""telling"": 0.5097860777428551}",0.7466987443861214,0.6818198808966797,-0.06487886348944172,-0.06487886348944172,-0.08688760223211592,bkt_update,0.31884918690447317,0.09627838665453316,0.2549960166837981,0.8957994615452968,resolved,R0360,learner_response,True,True,True,True,,,False,True,,incorrect,,0.09391349547920967,0.22332567465054298,0.17297475212739222,0.5097860777428551,-0.0074943504276257355,0.0,0.4412841519494508,0.782391023909292,0.30967001518767573,0.0,0.0,0.0,0.0,1.0,0.0,4.0,0.30665080260099264,0.8104863918734027,0.6924191649140866,0.49193005828329406,0.0,True,True,True,True,True,"[.6,.8)",middle
T0361,A047,L017,SK015,6,0.7142857142857143,generic,adaptive,direct_policy,final_integrity_filtered_v1,selector,logged,False,0.052997499999853495,"{""generic"": 0.052997499999853495, ""probing"": 0.7848403613761925, ""focus"": 0.09841981939202946, ""telling"": 0.06374231923192454}",0.6818198808966797,0.7038630022046019,0.022043121307922187,0.022043121307922187,0.0692787511992988,bkt_update,0.7718839101000134,0.7453255449889458,0.0864218845594355,0.5101538125036394,resolved,R0361,learner_response,True,True,True,True,,,False,True,,correct,,0.052997499999853495,0.7848403613761925,0.09841981939202946,0.06374231923192454,-0.03862257002687524,0.0,0.2404039421961563,0.6447715686249644,0.40518788790384913,0.0,0.0,0.0,0.0,1.0,0.0,5.0,0.0,0.0,0.0,0.0,1.0,True,True,True,True,False,"[.6,.8)",late
T0362,A047,L017,SK015,7,0.8571428571428571,focus,adaptive,direct_policy,final_integrity_filtered_v1,selector,logged,False,0.766176135538951,"{""generic"": 0.098626021230124, ""probing"": 0.01340467436316136, ""focus"": 0.766176135538951, ""telling"": 0.12179316886776351}",0.7038630022046019,0.7109018616774,0.007038859472798142,0.007038859472798142,0.023768929668360146,bkt_update,0.5968446849026702,0.3772117530531166,0.23937789049837999,0.529206395135881,resolved,R0362,learner_response,True,True,True,True,,,False,True,,correct,,0.098626021230124,0.01340467436316136,0.766176135538951,0.12179316886776351,-0.022177036119858003,0.0,0.4366737977220577,0.3858243203923496,0.3459794246368582,0.0,1.0,0.0,0.0,0.0,0.0,6.0,0.797481019748882,0.7817216809436811,0.2237299970753014,0.49892228536797883,0.0,True,True,True,True,True,"[.6,.8)",late
T0363,A047,L017,SK015,8,1.0,generic,adaptive,direct_policy,final_integrity_filtered_v1,selector,logged,False,0.6541353555061457,"{""generic"": 0.6541353555061457, ""probing"": 0.09891602867444915, ""focus"": 0.13046205364658633, ""telling"": 0.11648656217281894}",0.7109018616774,0.7401550682067662,0.02925320652936625,0.02925320652936625,0.10118780667042228,bkt_update,0.555548873814362,0.6352394135786814,0.479637754544599,0.34992689716540754,resolved,R0363,learner_response,True,True,True,True,,,False,True,,correct,,0.6541353555061457,0.09891602867444915,0.13046205364658633,0.11648656217281894,-0.006718713481171123,0.0,0.3591061849759371,0.36494351313639406,0.5178663812782621,0.0,0.0,0.0,1.0,0.0,0.0,7.0,0.479036611121649,0.48671928056128244,0.23598676066880298,0.4677925360934882,0.0,True,True,True,True,True,"[.6,.8)",late
T0364,A048,L018,SK021,1,0.0,generic,adaptive,direct_policy,final_integrity_filtered_v1,selector,logged,False,0.9246301552446273,"{""generic"": 0.9246301552446273, ""probing"": 0.029817463865875034, ""focus"": 0.024871275125182966, ""telling"": 0.02068110576431465}",0.2502591435009658,0.2580707393801603,0.0078115958791944995,0.0078115958791944995,0.010419061214926017,bkt_update,0.728691703476151,0.6710574463818375,0.16578257599517354,0.8337188310772409,resolved,R0364,learner_response,True,True,True,True,,,False,True,,correct,,0.9246301552446273,0.029817463865875034,0.024871275125182966,0.02068110576431465,0.0,1.0,0.17300083759573529,0.7138322623790908,0.1966392641051211,0.0,0.0,0.0,0.0,0.0,1.0,0.0,0.0,0.0,0.0,0.0,1.0,True,True,True,False,False,"[.2,.4)",early
T0365,A048,L018,SK021,2,0.16666666666666666,focus,adaptive,direct_policy,final_integrity_filtered_v1,selector,logged,False,0.8661506943185598,"{""generic"": 0.0844484850601251, ""probing"": 0.005035763587400771, ""focus"": 0.8661506943185598, ""telling"": 0.04436505703391432}",0.2580707393801603,0.3675809734833925,0.10951023410323224,0.10951023410323224,0.14760198837789826,bkt_update,0.8386409494812537,0.3664830806228297,0.631519184464152,0.6928919598418588,resolved,R0365,learner_response,True,True,True,True,,,False,True,,correct,,0.0844484850601251,0.005035763587400771,0.8661506943185598,0.04436505703391432,0.028123257708505718,0.0,0.49307005790890723,0.5145458425511209,0.24815819570619593,0.0,1.0,0.0,0.0,0.0,0.0,1.0,0.5929083706344259,0.8408963316263485,0.34267390638915696,0.854917167564642,0.0,True,True,True,True,True,"[.2,.4)",early
T0366,A048,L018,SK021,3,0.3333333333333333,probing,adaptive,direct_policy,final_integrity_filtered_v1,selector,logged,False,0.22713558746074072,"{""generic"": 0.5352234548572272, ""probing"": 0.22713558746074072, ""focus"": 0.03852358714730979, ""telling"": 0.19911737053472225}",0.3675809734833925,0.3064091775285855,-0.06117179595480704,-0.06117179595480704,-0.16641719884223227,bkt_update,0.45713660998001976,0.895371431924392,0.37649323347027,0.741666302382781,resolved,R0366,learner_response,True,True,True,True,,,False,True,,incorrect,,0.5352234548572272,0.22713558746074072,0.03852358714730979,0.19911737053472225,0.01051583538072257,0.0,0.4718752994521175,0.7305016709555946,0.43386384199922773,0.0,0.0,0.0,1.0,0.0,0.0,2.0,0.7177882855765864,0.4396457588953555,0.7905662858339069,0.6836378696970825,0.0,True,True,True,True,True,"[.2,.4)",middle
T0367,A048,L018,SK021,4,0.5,focus,adaptive,direct_policy,final_integrity_filtered_v1,selector,logged,False,0.8192942555800298,"{""generic"": 0.0392318643069331, ""probing"": 0.12309417628708766, ""focus"": 0.8192942555800298, ""telling"": 0.018379703825949424}",0.3064091775285855,0.3501012492593898,0.043692071730804305,0.043692071730804305,0.06299401652276768,bkt_update,0.7513677256875325,0.2944784858417588,0.28985384408040893,0.5318231112028826,resolved,R0367,learner_response,True,True,True,True,,,False,True,,correct,,0.0392318643069331,0.12309417628708766,0.8192942555800298,0.018379703825949424,0.008523478615391069,0.0,0.599880072974847,0.37983808313595213,0.16392085826435343,0.0,0.0,1.0,0.0,0.0,0.0,3.0,0.23853968915291054,1.0,0.1493720585663147,0.891370217897324,0.0,True,True,True,True,True,"[.2,.4)",middle
T0368,A048,L018,SK021,5,0.6666666666666666,telling,adaptive,direct_policy,final_integrity_filtered_v1,selector,logged,False,0.7034954267714401,"{""generic"": 0.07527912713631378, ""probing"": 0.1461253063782302, ""focus"": 0.07510013971401604, ""telling"": 0.7034954267714401}",0.3501012492593898,0.3305328801639742,-0.019568369095415594,-0.019568369095415594,-0.05589345692656299,bkt_update,0.6036379628888979,0.1279719309981252,0.10369127225411649,0.8926639043466029,resolved,R0368,learner_response,True,True,True,True,,,False,True,,incorrect,,0.07527912713631378,0.1461253063782302,0.07510013971401604,0.7034954267714401,-0.016012173732331623,0.0,0.25288805583748475,0.624007276364456,0.3133967379313605,0.0,0.0,0.0,1.0,0.0,0.0,4.0,0.6997721658509726,0.48198990666918917,0.1829815175309295,0.4883530273350589,0.0,True,True,True,True,True,"[.2,.4)",late
T0369,A048,L018,SK021,6,0.8333333333333334,probing,adaptive,direct_policy,final_integrity_filtered_v1,selector,logged,False,0.5834313761736301,"{""generic"": 0.1967679305568018, ""probing"": 0.5834313761736301, ""focus"": 0.047697746762584675, ""telling"": 0.17210294650698352}",0.3305328801639742,0.5256942905447615,0.19516141038078727,0.19516141038078727,0.29151754372729854,bkt_update,0.6532286266326939,0.49053769701974337,0.6537838479561239,0.41471500491942204,resolved,R0369,learner_response,True,True,True,True,,,False,True,,correct,,0.1967679305568018,0.5834313761736301,0.047697746762584675,0.17210294650698352,0.06854126858939737,0.0,0.7470487751471725,0.1918318817614697,0.4472287554751152,0.0,0.0,0.0,0.0,1.0,0.0,5.0,0.6813953061339061,0.31380308840888727,0.34571548872905744,0.9410952338869195,0.0,True,True,True,True,True,"[.2,.4)",late
T0370,A048,L018,SK021,7,1.0,focus,adaptive,direct_policy,final_integrity_filtered_v1,selector,logged,False,0.2125946763786263,"{""generic"": 0.052544528429303516, ""probing"": 0.40392445664066706, ""focus"": 0.2125946763786263, ""telling"": 0.33093633855140303}",0.5256942905447615,0.53400577937427,0.008311488829508495,0.008311488829508495,0.017523484672058057,bkt_update,0.987771373696572,0.51082831547576,0.5978935663293328,0.20178093343008285,resolved,R0370,learner_response,True,True,True,True,,,False,True,,correct,,0.052544528429303516,0.40392445664066706,0.2125946763786263,0.33093633855140303,0.048701869868038226,0.0,0.6050681481359537,0.5775209656375242,0.31277404278843624,0.0,0.0,1.0,0.0,0.0,0.0,6.0,0.0,0.0,0.0,0.0,1.0,True,True,True,True,False,"[.4,.6)",late
T0371,A049,L018,SK013,1,0.0,generic,adaptive,direct_policy,final_integrity_filtered_v1,selector,logged,False,0.8208087621249665,"{""generic"": 0.8208087621249665, ""probing"": 0.06583944606668143, ""focus"": 0.07707701098039242, ""telling"": 0.03627478082795974}",0.9079045946818237,0.9071507624212007,-0.0007538322606229775,-0.0007538322606229775,-0.0008302989818959546,bkt_update,0.7457369514171688,0.826305241504836,0.28082717035533866,0.6583465288119058,resolved,R0371,learner_response,True,True,True,True,,,False,True,,incorrect,,0.8208087621249665,0.06583944606668143,0.07707701098039242,0.03627478082795974,0.0,1.0,0.6015917089481744,0.3888402268601776,0.20859533440330374,0.0,0.0,0.0,0.0,0.0,1.0,0.0,0.0,0.0,0.0,0.0,1.0,True,True,True,False,False,"[.8,1]",early
T0372,A049,L018,SK013,2,0.14285714285714285,probing,adaptive,direct_policy,final_integrity_filtered_v1,selector,logged,False,0.17693328256760343,"{""generic"": 0.4827379703150917, ""probing"": 0.17693328256760343, ""focus"": 0.2407500961558515, ""telling"": 0.09957865096145342}",0.9071507624212007,0.9039690097399321,-0.0031817526812686348,-0.0031817526812686348,-0.003507413335327507,bkt_update,0.5185417506011812,0.7763948868167772,0.37235222860777545,0.3530738087156683,resolved,R0372,learner_response,True,True,True,True,,,False,True,,incorrect,,0.4827379703150917,0.17693328256760343,0.2407500961558515,0.09957865096145342,-0.03425421396034174,0.0,0.5575019346208058,0.4955219602740078,0.468931259122222,0.0,1.0,0.0,0.0,0.0,0.0,1.0,0.9539464584293049,0.8363556050389679,0.3073362736573155,0.7278500084870239,0.0,True,True,True,True,True,"[.8,1]",early
T0373,A049,L018,SK013,3,0.2857142857142857,generic,adaptive,direct_policy,final_integrity_filtered_v1,selector,logged,False,0.43198236615088204,"{""generic"": 0.43198236615088204, ""probing"": 0.0071645634485660095, ""focus"": 0.5334899637892454, ""telling"": 0.027363106611306576}",0.9039690097399321,0.9156598107850917,0.011690801045159627,0.011690801045159627,0.12173987806955851,bkt_update,0.5594554114755882,0.49658111803215,0.44912399412575815,0.20761580253646345,resolved,R0373,learner_response,True,True,True,True,,,False,True,,correct,,0.43198236615088204,0.0071645634485660095,0.5334899637892454,0.027363106611306576,0.043675165050750316,0.0,0.7322410782770061,0.22171603206,0.5749442901573208,0.0,0.0,1.0,0.0,0.0,0.0,2.0,0.736502896375328,0.5920456630056034,0.508997050364918,0.5100012100053228,0.0,True,True,True,True,True,"[.8,1]",early
T0374,A049,L018,SK013,4,0.42857142857142855,telling,adaptive,direct_policy,final_integrity_filtered_v1,selector,logged,False,0.9147049065454012,"{""generic"": 0.03526562181009433, ""probing"": 0.01745554750365402, ""focus"": 0.03257392414085059, ""telling"": 0.9147049065454012}",0.9156598107850917,0.9284490586638537,0.012789247878762011,0.012789247878762011,0.1516388331329631,bkt_update,0.7437464805181142,0.5610945716514395,0.35209791428031717,0.36293387987274467,resolved,R0374,learner_response,True,True,True,True,,,False,True,,correct,,0.03526562181009433,0.01745554750365402,0.03257392414085059,0.9147049065454012,0.06318926382176496,0.0,0.6083228429139138,0.37254388189326565,0.6069553319612533,0.0,1.0,0.0,0.0,0.0,0.0,3.0,0.6719707780917451,0.53264950434223,0.5302705742791296,0.4124204358269594,0.0,True,True,True,True,True,"[.8,1]",middle
T0375,A049,L018,SK013,5,0.5714285714285714,telling,adaptive,direct_policy,final_integrity_filtered_v1,selector,logged,False,0.9162674079565577,"{""generic"": 0.04910126852390246, ""probing"": 0.008729487325968115, ""focus"": 0.02590183619357178, ""telling"": 0.9162674079565577}",0.9284490586638537,0.9372090198392159,0.008759961175362152,0.008759961175362152,0.12242971247866415,bkt_update,0.6748998385097351,0.23546276144271328,0.22315718424037972,0.2644953896655361,resolved,R0375,learner_response,True,True,True,True,,,False,True,,correct,,0.04910126852390246,0.008729487325968115,0.02590183619357178,0.9162674079565577,0.04519145585704485,0.0,0.6564060591868524,0.32959952357265615,0.32736768636667807,0.0,0.0,0.0,0.0,1.0,0.0,4.0,0.8576887902046282,0.6222384611494212,0.4488923302731572,0.43315001249597174,0.0,True,True,True,True,True,"[.8,1]",middle
T0376,A049,L018,SK013,6,0.7142857142857143,generic,adaptive,direct_policy,final_integrity_filtered_v1,selector,logged,False,0.4086455761094326,"{""generic"": 0.4086455761094326, ""probing"": 0.23478807499037085, ""focus"": 0.09524033313399445, ""telling"": 0.2613260157662022}",0.9372090198392159,0.8017992158540016,-0.1354098039852143,-0.1354098039852143,-0.14448196839638258,bkt_update,0.7758682715184765,0.36346685575530635,0.5080273313721009,0.26094804580992836,resolved,R0376,learner_response,True,True,True,True,,,False,True,,incorrect,,0.4086455761094326,0.23478807499037085,0.09524033313399445,0.2613260157662022,0.008526579091820061,0.0,0.44499880052615826,0.5486123188929848,0.22367987715161136,0.0,0.0,0.0,0.0,1.0,0.0,5.0,0.5603313420898192,0.20031165424193542,0.11002223423756255,0.03971035481499091,0.0,True,True,True,True,True,"[.8,1]",late
T0377,A049,L018,SK013,7,0.8571428571428571,telling,adaptive,direct_policy,final_integrity_filtered_v1,selector,logged,False,0.977665687899306,"{""generic"": 0.0037869607722162157, ""probing"": 0.012340840438733094, ""focus"": 0.006206510889744705, ""telling"": 0.977665687899306}",0.8017992158540016,0.8189996115326413,0.017200395678639735,0.017200395678639735,0.08678268228227393,bkt_update,0.36396226199053733,0.7757607107561566,0.5451900610079966,0.38553017499129344,resolved,R0377,learner_response,True,True,True,True,,,False,True,,correct,,0.0037869607722162157,0.012340840438733094,0.006206510889744705,0.977665687899306,0.05188015222634338,0.0,0.7644224907925519,0.0,0.5794066485587636,0.0,1.0,0.0,0.0,0.0,0.0,6.0,0.6976008772235731,0.4258188265451964,0.6809184628125229,0.31595775370077317,0.0,True,True,True,True,True,"[.8,1]",late
T0378,A049,L018,SK013,8,1.0,focus,adaptive,direct_policy,final_integrity_filtered_v1,selector,logged,False,0.8941067062885996,"{""generic"": 0.038248088551630435, ""probing"": 0.005726380844724359, ""focus"": 0.8941067062885996, ""telling"": 0.06191882431504568}",0.8189996115326413,0.8316753341405005,0.012675722607859208,0.012675722607859208,0.07003146631447771,bkt_update,0.10876928092433677,0.5139560783316796,0.42372155851447285,0.5772486892838247,resolved,R0378,learner_response,True,True,True,True,,,False,True,,correct,,0.038248088551630435,0.005726380844724359,0.8941067062885996,0.06191882431504568,0.1013275968335266,0.0,0.0,0.0,0.0,1.0,0.0,0.0,0.0,1.0,0.0,7.0,0.5227364357136849,0.6959536186905257,0.4355381191565779,0.4138374856903737,0.0,True,True,False,True,True,"[.8,1]",late
T0379,A050,L018,SK009,1,0.0,probing,adaptive,direct_policy,final_integrity_filtered_v1,selector,logged,False,0.6750094243575113,"{""generic"": 0.21753932445698101, ""probing"": 0.6750094243575113, ""focus"": 0.023754686345050218, ""telling"": 0.08369656484045725}",0.5770454436740797,0.6728593914258614,0.09581394775178165,0.09581394775178165,0.2265348518386674,bkt_update,0.36544066037968426,0.6214319213643045,0.3029885045491412,0.07724379870390964,resolved,R0379,learner_response,True,True,True,True,,,False,True,,correct,,0.21753932445698101,0.6750094243575113,0.023754686345050218,0.08369656484045725,0.0,1.0,0.6688793975586262,0.47985346894417075,0.3568023185129025,0.0,0.0,0.0,0.0,0.0,1.0,0.0,0.0,0.0,0.0,0.0,1.0,True,True,True,False,False,"[.4,.6)",early
T0380,A050,L018,SK009,2,0.14285714285714285,generic,adaptive,direct_policy,final_integrity_filtered_v1,selector,logged,False,0.3419415228639741,"{""generic"": 0.3419415228639741, ""probing"": 0.12426711850374582, ""focus"": 0.3013317247422777, ""telling"": 0.23245963389000238}",0.6728593914258614,0.7186589530097445,0.0457995615838831,0.0457995615838831,0.13999962213038347,bkt_update,0.46241320322399415,0.637172128531114,0.2156586058198632,0.8263942707783171,resolved,R0380,learner_response,True,True,True,True,,,False,True,,correct,,0.3419415228639741,0.12426711850374582,0.3013317247422777,0.23245963389000238,0.1259132468758317,0.0,0.7075741225414065,0.42725651550651084,0.47019389646737425,0.0,0.0,1.0,0.0,0.0,0.0,1.0,0.34470817211759147,0.5734852232012329,0.2663107606425657,0.0,0.0,True,True,True,True,True,"[.6,.8)",early
T0381,A050,L018,SK009,3,0.2857142857142857,probing,adaptive,direct_policy,final_integrity_filtered_v1,selector,logged,False,0.49755953475960457,"{""generic"": 0.1121443588484601, ""probing"": 0.49755953475960457, ""focus"": 0.07083180686072177, ""telling"": 0.31946429953121364}",0.7186589530097445,0.7541574466706846,0.035498493660940156,0.035498493660940156,0.1261760203166148,bkt_update,0.8008790252439107,0.5784726269024753,0.6452571455316812,0.4377835913695522,resolved,R0381,learner_response,True,True,True,True,,,False,True,,correct,,0.1121443588484601,0.49755953475960457,0.07083180686072177,0.31946429953121364,-0.001031201973071303,0.0,0.4175746474376218,0.6268652261194214,0.5736370700723888,0.0,1.0,0.0,0.0,0.0,0.0,2.0,0.4813445268674802,0.6907953432603613,0.1619906966292436,0.9182106964059298,0.0,True,True,True,True,True,"[.6,.8)",early
T0382,A050,L018,SK009,4,0.42857142857142855,probing,adaptive,direct_policy,final_integrity_filtered_v1,selector,logged,False,0.4845347010289388,"{""generic"": 0.4176495865077816, ""probing"": 0.4845347010289388, ""focus"": 0.044700421554969935, ""telling"": 0.05311529090830965}",0.7541574466706846,0.6222873946098315,-0.13187005206085312,-0.13187005206085312,-0.17485745535366484,bkt_update,0.5524562444708836,0.559634411375595,0.39056004280405576,0.15491160320040975,resolved,R0382,learner_response,True,True,True,True,,,False,True,,incorrect,,0.4176495865077816,0.4845347010289388,0.044700421554969935,0.05311529090830965,-0.04146221208777528,0.0,0.1812769747134468,0.7098369140937276,0.27182498666388294,0.0,0.0,1.0,0.0,0.0,0.0,3.0,0.9362355672443128,0.5215000994465411,0.6759641960149669,0.46019673010409506,0.0,True,True,True,True,True,"[.6,.8)",middle
T0383,A050,L018,SK009,5,0.5714285714285714,probing,adaptive,direct_policy,final_integrity_filtered_v1,selector,logged,False,0.32284361561657754,"{""generic"": 0.309962926331654, ""probing"": 0.32284361561657754, ""focus"": 0.10725428145404012, ""telling"": 0.25993917659772825}",0.6222873946098315,0.6310498677710794,0.008762473161247897,0.008762473161247897,0.023198784038982397,bkt_update,0.3617598884473909,0.7149723204841846,0.09356535080676211,0.3966550116994381,resolved,R0383,learner_response,True,True,True,True,,,False,True,,correct,,0.309962926331654,0.32284361561657754,0.10725428145404012,0.25993917659772825,-0.03862450620027512,0.0,0.35666813034025974,0.7487291737308595,0.45009520581989304,0.0,0.0,1.0,0.0,0.0,0.0,4.0,0.6294540073644898,0.636111773431485,0.359037966207669,0.11055973661859815,0.0,True,True,True,True,True,"[.6,.8)",middle
T0384,A050,L018,SK009,6,0.7142857142857143,telling,adaptive,direct_policy,final_integrity_filtered_v1,selector,logged,False,0.6652073011266489,"{""generic"": 0.09002592571961579, ""probing"": 0.22821053576732186, ""focus"": 0.01655623738641331, ""telling"": 0.6652073011266489}",0.6310498677710794,0.7577620210564726,0.1267121532853932,0.1267121532853932,0.34343978282347587,bkt_update,0.5688030304607942,0.8095555205433059,0.23150210986450273,0.5694543548457244,resolved,R0384,learner_response,True,True,True,True,,,False,True,,correct,,0.09002592571961579,0.22821053576732186,0.01655623738641331,0.6652073011266489,0.05562529420319401,0.0,0.8040257813202093,0.15228563052953087,0.517870953229743,0.0,0.0,1.0,0.0,0.0,0.0,5.0,0.33978239507840274,0.6843898403829715,0.0,0.6086959447289233,0.0,True,True,True,True,True,"[.6,.8)",late
T0385,A050,L018,SK009,7,0.8571428571428571,focus,adaptive,direct_policy,final_integrity_filtered_v1,selector,logged,False,0.4794265069532238,"{""generic"": 0.04001674614167034, ""probing"": 0.31134130120914866, ""focus"": 0.4794265069532238, ""telling"": 0.16921544569595712}",0.7577620210564726,0.7968718191446413,0.039109798088168723,0.039109798088168723,0.1614519666104312,bkt_update,0.2906066637875243,0.3237542013939533,0.18601476627867491,0.6486689778186285,resolved,R0385,learner_response,True,True,True,True,,,False,True,,correct,,0.04001674614167034,0.31134130120914866,0.4794265069532238,0.16921544569595712,0.07101862132829515,0.0,0.3368358094637892,0.4848866451125732,0.3794951710217613,0.0,0.0,0.0,0.0,1.0,0.0,6.0,0.6476339215133099,0.8457201602393543,0.21462759020625116,0.591274223624819,0.0,True,True,True,True,True,"[.6,.8)",late
T0386,A050,L018,SK009,8,1.0,generic,adaptive,direct_policy,final_integrity_filtered_v1,selector,logged,False,0.5139272351649073,"{""generic"": 0.5139272351649073, ""probing"": 0.023566633927716622, ""focus"": 0.26341198200325366, ""telling"": 0.19909414890412236}",0.7968718191446413,0.6633097483370927,-0.13356207080754867,-0.13356207080754867,-0.16760797357712262,bkt_update,0.8620915591022102,0.7073727143322828,0.060906400554710534,0.4937601744962363,resolved,R0386,learner_response,True,True,True,True,,,False,True,,incorrect,,0.5139272351649073,0.023566633927716622,0.26341198200325366,0.19909414890412236,-0.022132293579434505,0.0,0.0362200327463513,0.6167154734017455,0.20115167153157454,0.0,0.0,0.0,1.0,0.0,0.0,7.0,0.3671912228147773,0.3368276465027272,0.3016022792833326,0.6045543787805234,0.0,True,True,True,True,True,"[.6,.8)",late
T0387,A051,L019,SK015,1,0.0,generic,adaptive,direct_policy,final_integrity_filtered_v1,selector,logged,False,0.20336127695611989,"{""generic"": 0.20336127695611989, ""probing"": 0.12954934756958145, ""focus"": 0.5178767030856829, ""telling"": 0.14921267238861577}",0.6451516928896643,0.6065993770039149,-0.03855231588574948,-0.03855231588574948,-0.05975697856898099,bkt_update,0.8439223712743401,0.7116770322331153,0.5030707242247175,0.7759130766374606,resolved,R0387,learner_response,True,True,True,True,,,False,True,,incorrect,,0.20336127695611989,0.12954934756958145,0.5178767030856829,0.14921267238861577,0.0,1.0,0.44452878570258464,0.4373204866521457,0.44339886057970734,0.0,0.0,0.0,0.0,0.0,1.0,0.0,0.0,0.0,0.0,0.0,1.0,True,True,True,False,False,"[.6,.8)",early
T0388,A051,L019,SK015,2,0.16666666666666666,focus,adaptive,direct_policy,final_integrity_filtered_v1,selector,logged,False,0.9727364926843782,"{""generic"": 0.0020106624201863136, ""probing"": 0.021172922168220715, ""focus"": 0.9727364926843782, ""telling"": 0.004079922727214642}",0.6065993770039149,0.6544527500928843,0.04785337308896942,0.04785337308896942,0.12164030835671967,bkt_update,0.6174769287986085,0.6076910526811332,0.3642780342120831,0.861077256936255,resolved,R0388,learner_response,True,True,True,True,,,False,True,,correct,,0.0020106624201863136,0.021172922168220715,0.9727364926843782,0.004079922727214642,-0.023949514607927103,0.0,0.5232290138419338,0.5537743911910414,0.1493555899695992,0.0,1.0,0.0,0.0,0.0,0.0,1.0,0.7403058640824358,0.6467412680939171,0.42556366977191706,0.7118632226862492,0.0,True,True,True,True,True,"[.6,.8)",early
T0389,A051,L019,SK015,3,0.3333333333333333,probing,adaptive,direct_policy,final_integrity_filtered_v1,selector,logged,False,0.6251667767517985,"{""generic"": 0.14585549195962907, ""probing"": 0.6251667767517985, ""focus"": 0.17090138889098103, ""telling"": 0.05807634239759127}",0.6544527500928843,0.6177262933164094,-0.0367264567764749,-0.0367264567764749,-0.056117812586565556,bkt_update,0.8683548498936651,0.421987702358196,0.05484093434231749,0.7410983872177691,resolved,R0389,learner_response,True,True,True,True,,,False,True,,incorrect,,0.14585549195962907,0.6251667767517985,0.17090138889098103,0.05807634239759127,0.03463201239752376,0.0,0.51358036851519,0.4913585725100706,0.29531287234459325,0.0,0.0,0.0,1.0,0.0,0.0,2.0,0.0,0.0,0.0,0.0,1.0,True,True,True,True,False,"[.6,.8)",middle
T0390,A051,L019,SK015,4,0.5,generic,adaptive,direct_policy,final_integrity_filtered_v1,selector,logged,False,0.8850522564199865,"{""generic"": 0.8850522564199865, ""probing"": 0.013064084289324986, ""focus"": 0.09687663728295576, ""telling"": 0.005007022007732599}",0.6177262933164094,0.6237455227793866,0.006019229462977171,0.006019229462977171,0.01574586312827241,bkt_update,0.6435330216743266,0.5704664408514917,0.36782048257458017,0.2954962926213731,resolved,R0390,learner_response,True,True,True,True,,,False,True,,correct,,0.8850522564199865,0.013064084289324986,0.09687663728295576,0.005007022007732599,-0.023508771829105362,0.0,0.49602478393528016,0.6547506872186596,0.2448265910755918,0.0,0.0,1.0,0.0,0.0,0.0,3.0,1.0,0.33591877969877376,0.05043464914585418,0.8100551496844911,0.0,True,True,True,True,True,"[.6,.8)",middle
T0391,A051,L019,SK015,5,0.6666666666666666,telling,adaptive,direct_policy,final_integrity_filtered_v1,selector,logged,False,0.11739922772412853,"{""generic"": 0.3578692012048105, ""probing"": 0.17290300333139896, ""focus"": 0.3518285677396619, ""telling"": 0.11739922772412853}",0.6237455227793866,0.6877062001482194,0.06396067736883282,0.06396067736883282,0.16999313294903345,bkt_update,0.6355940656912763,0.10642211198947941,0.41113697079354566,0.6222163564977935,resolved,R0391,learner_response,True,True,True,True,,,False,True,,correct,,0.3578692012048105,0.17290300333139896,0.3518285677396619,0.11739922772412853,0.060214115842139385,0.0,0.8374505300702731,0.3763123201170474,0.5685035443885342,0.0,1.0,0.0,0.0,0.0,0.0,4.0,0.0,0.0,0.0,0.0,1.0,True,True,True,True,False,"[.6,.8)",late
T0392,A051,L019,SK015,6,0.8333333333333334,generic,adaptive,direct_policy,final_integrity_filtered_v1,selector,logged,False,0.4936676249082881,"{""generic"": 0.4936676249082881, ""probing"": 0.09413125677064792, ""focus"": 0.08352612401674436, ""telling"": 0.32867499430431973}",0.6877062001482194,0.7178139424601269,0.030107742311907493,0.030107742311907493,0.09640838955559503,bkt_update,0.6750909186236336,0.5051141756265637,0.47633771707065914,0.8651034398677586,resolved,R0392,learner_response,True,True,True,True,,,False,True,,correct,,0.4936676249082881,0.09413125677064792,0.08352612401674436,0.32867499430431973,0.029819619375368315,0.0,0.5894196744988915,0.31419777540471716,0.5047070007069663,0.0,0.0,0.0,0.0,1.0,0.0,5.0,0.7989130470125236,0.15702880838722857,0.4396004999446083,0.7960896612610235,0.0,True,True,True,True,True,"[.6,.8)",late
T0393,A051,L019,SK015,7,1.0,telling,adaptive,direct_policy,final_integrity_filtered_v1,selector,logged,False,0.8496594692504734,"{""generic"": 0.045639616912913177, ""probing"": 0.06120511350145182, ""focus"": 0.04349580033516166, ""telling"": 0.8496594692504734}",0.7178139424601269,0.7409138910321776,0.023099948572050777,0.023099948572050777,0.0818607013168492,bkt_update,0.9113546725378566,0.6217429908388705,0.5843445632665287,0.8761962810691428,resolved,R0393,learner_response,True,True,True,True,,,False,True,,correct,,0.045639616912913177,0.06120511350145182,0.04349580033516166,0.8496594692504734,-0.00410656139945877,0.0,0.3163668449316135,0.575610865953271,0.4571734321068216,0.0,1.0,0.0,0.0,0.0,0.0,6.0,0.0,0.0,0.0,0.0,1.0,True,True,True,True,False,"[.6,.8)",late
T0394,A052,L019,SK013,1,0.0,generic,adaptive,direct_policy,final_integrity_filtered_v1,selector,logged,False,0.6783522512623898,"{""generic"": 0.6783522512623898, ""probing"": 0.08537247625779776, ""focus"": 0.02975100768043607, ""telling"": 0.20652426479937638}",0.6978692325507847,0.5248236441102186,-0.17304558844056606,-0.17304558844056606,-0.24796277062977318,bkt_update,0.7328631008744828,0.7426515472718144,0.3483702963230703,0.15431749045699147,resolved,R0394,learner_response,True,True,True,True,,,False,True,,incorrect,,0.6783522512623898,0.08537247625779776,0.02975100768043607,0.20652426479937638,0.0,1.0,0.2765300434869083,0.6905850531829907,0.3497263402863626,0.0,0.0,0.0,0.0,0.0,1.0,0.0,0.0,0.0,0.0,0.0,1.0,True,True,True,False,False,"[.6,.8)",early
T0395,A052,L019,SK013,2,0.16666666666666666,telling,adaptive,direct_policy,final_integrity_filtered_v1,selector,logged,False,0.24128903555543577,"{""generic"": 0.016330256730687727, ""probing"": 0.3912505706185643, ""focus"": 0.3511301370953121, ""telling"": 0.24128903555543577}",0.5248236441102186,0.45818279403785955,-0.06664085007235909,-0.06664085007235909,-0.1269776063259143,bkt_update,0.3280948341674388,0.5285720392899368,0.11402894746388974,0.6121912548648005,resolved,R0395,learner_response,True,True,True,True,,,False,True,,incorrect,,0.016330256730687727,0.3912505706185643,0.3511301370953121,0.24128903555543577,-0.06472908345109527,0.0,0.07580696598066447,0.7060125265922766,0.24510513737160272,0.0,1.0,0.0,0.0,0.0,0.0,1.0,0.5255218498837083,0.7521343433001884,0.32568899020635317,0.33038858272707494,0.0,True,True,True,True,True,"[.4,.6)",early
T0396,A052,L019,SK013,3,0.3333333333333333,focus,adaptive,direct_policy,final_integrity_filtered_v1,selector,logged,False,0.698465211600537,"{""generic"": 0.09089681640392377, ""probing"": 0.10949696377520579, ""focus"": 0.698465211600537, ""telling"": 0.10114100822033342}",0.45818279403785955,0.4992990710256454,0.04111627698778586,0.04111627698778586,0.07588588279468346,bkt_update,0.886685321674543,0.7513243347838507,0.21720731832070272,0.5096143227654046,resolved,R0396,learner_response,True,True,True,True,,,False,True,,correct,,0.09089681640392377,0.10949696377520579,0.698465211600537,0.10114100822033342,0.004091169949052165,0.0,0.5387314246815551,0.46934951405122605,0.4079773602042716,0.0,0.0,0.0,0.0,1.0,0.0,2.0,0.4131256289864128,0.6098983521156478,0.05170483095638227,0.6947845669610397,0.0,True,True,True,True,True,"[.4,.6)",middle
T0397,A052,L019,SK013,4,0.5,telling,adaptive,direct_policy,final_integrity_filtered_v1,selector,logged,False,0.49240109829769263,"{""generic"": 0.35873808613767066, ""probing"": 0.010574109977727586, ""focus"": 0.13828670558690917, ""telling"": 0.49240109829769263}",0.4992990710256454,0.5233830517141449,0.024083980688499484,0.024083980688499484,0.048100531264908125,bkt_update,0.7820045747003213,0.628098302247516,0.860603832757941,0.3108919794407214,resolved,R0397,learner_response,True,True,True,True,,,False,True,,correct,,0.35873808613767066,0.010574109977727586,0.13828670558690917,0.49240109829769263,0.03997544761422381,0.0,0.2948233557658432,0.6300332937410608,0.3296169695560536,0.0,0.0,0.0,1.0,0.0,0.0,3.0,0.7439510020182305,0.9083663207346787,0.11322236148581226,0.48439168097365565,0.0,True,True,True,True,True,"[.4,.6)",middle
T0398,A052,L019,SK013,5,0.6666666666666666,focus,adaptive,direct_policy,final_integrity_filtered_v1,selector,logged,False,0.9419693927733563,"{""generic"": 0.038842632224638525, ""probing"": 0.007452063179487797, ""focus"": 0.9419693927733563, ""telling"": 0.011735911822517426}",0.5233830517141449,0.610831480037267,0.08744842832312205,0.08744842832312205,0.18347737871602943,bkt_update,0.769263094557362,0.5046515277189245,0.10464173523613839,0.8866979845764457,resolved,R0398,learner_response,True,True,True,True,,,False,True,,correct,,0.038842632224638525,0.007452063179487797,0.9419693927733563,0.011735911822517426,0.07407134788517564,0.0,0.717070326612514,0.2605681503456605,0.5877307983978051,0.0,0.0,0.0,0.0,1.0,0.0,4.0,0.6894118511052809,0.6526919497162412,0.8612632582623228,0.3607626054664028,0.0,True,True,True,True,True,"[.4,.6)",late
T0399,A052,L019,SK013,6,0.8333333333333334,generic,adaptive,direct_policy,final_integrity_filtered_v1,selector,logged,False,0.6836658767764558,"{""generic"": 0.6836658767764558, ""probing"": 0.16228783546578382, ""focus"": 0.07656132469125324, ""telling"": 0.07748496306650697}",0.610831480037267,0.5853890548634443,-0.02544242517382267,-0.02544242517382267,-0.0416521184734461,bkt_update,0.38399853498518133,0.5538396431427564,0.04216118361152225,0.947437709786428,resolved,R0399,learner_response,True,True,True,True,,,False,True,,incorrect,,0.6836658767764558,0.16228783546578382,0.07656132469125324,0.07748496306650697,-0.042086074650331776,0.0,0.2804830387394176,0.5969847920185979,0.009134767038186609,0.0,0.0,0.0,1.0,0.0,0.0,5.0,0.7785664641488895,0.5303035076791552,0.11305104771470091,0.9290946919362228,0.0,True,True,True,True,True,"[.6,.8)",late
T0400,A052,L019,SK013,7,1.0,focus,adaptive,direct_policy,final_integrity_filtered_v1,selector,logged,False,0.7341434495694246,"{""generic"": 0.037734412826214, ""probing"": 0.20997872890121871, ""focus"": 0.7341434495694246, ""telling"": 0.018143408703142683}",0.5853890548634443,0.6588093030743036,0.07342024821085935,0.07342024821085935,0.17708227212062083,bkt_update,0.5567494778448691,0.8617555000734436,0.11408689924150635,0.2366591816597574,resolved,R0400,learner_response,True,True,True,True,,,False,True,,correct,,0.037734412826214,0.20997872890121871,0.7341434495694246,0.018143408703142683,0.036210975512891326,0.0,0.0,0.0,0.0,1.0,1.0,0.0,0.0,0.0,0.0,6.0,0.3363695077388385,0.575377897540665,0.06957411493796585,1.0,0.0,True,True,False,True,True,"[.4,.6)",late
T0401,A053,L019,SK001,1,0.0,focus,adaptive,direct_policy,final_integrity_filtered_v1,selector,logged,False,0.8757035105562924,"{""generic"": 0.016102278226728065, ""probing"": 0.06617315895591144, ""focus"": 0.8757035105562924, ""telling"": 0.04202105226106826}",0.6272344211646456,0.6617455491189336,0.03451112795428801,0.03451112795428801,0.0925813162849221,bkt_update,0.8044078740009605,0.6791188480170679,0.498613931488641,0.49712496867390377,resolved,R0401,learner_response,True,True,True,True,,,False,True,,correct,,0.016102278226728065,0.06617315895591144,0.8757035105562924,0.04202105226106826,0.0,1.0,0.8854396154926002,0.07868739787821111,0.5589037901171493,0.0,0.0,0.0,0.0,0.0,1.0,0.0,0.0,0.0,0.0,0.0,1.0,True,True,True,False,False,"[.6,.8)",early
T0402,A053,L019,SK001,2,0.14285714285714285,focus,adaptive,direct_policy,final_integrity_filtered_v1,selector,logged,False,0.8104047189461328,"{""generic"": 0.17784144321605733, ""probing"": 0.005165491859302999, ""focus"": 0.8104047189461328, ""telling"": 0.0065883459785069124}",0.6617455491189336,0.7205307198888592,0.05878517076992562,0.05878517076992562,0.1737897923199688,bkt_update,0.5649621311818931,0.5409783163579059,0.6689624110751575,0.23002564874671752,resolved,R0402,learner_response,True,True,True,True,,,False,True,,correct,,0.17784144321605733,0.005165491859302999,0.8104047189461328,0.0065883459785069124,0.03897784705146193,0.0,0.61996113652879,0.4977380999934632,0.5541371026131979,0.0,0.0,0.0,1.0,0.0,0.0,1.0,0.7549691248150734,0.611770708619132,0.6641402020455334,0.6402518397093875,0.0,True,True,True,True,True,"[.6,.8)",early
T0403,A053,L019,SK001,3,0.2857142857142857,telling,adaptive,direct_policy,final_integrity_filtered_v1,selector,logged,False,0.8809806164289082,"{""generic"": 0.015124518793343334, ""probing"": 0.008885889403234959, ""focus"": 0.09500897537451354, ""telling"": 0.8809806164289082}",0.7205307198888592,0.7382158612531001,0.01768514136424093,0.01768514136424093,0.06328116405927625,bkt_update,0.70540707248453,0.6932894214452479,0.17866218853029928,0.5691503350841597,resolved,R0403,learner_response,True,True,True,True,,,False,True,,correct,,0.015124518793343334,0.008885889403234959,0.09500897537451354,0.8809806164289082,0.03879628857760006,0.0,0.6546119307160505,0.2848480459912632,0.5651793969545795,0.0,0.0,0.0,1.0,0.0,0.0,2.0,0.0,0.0,0.0,0.0,1.0,True,True,True,True,False,"[.6,.8)",early
T0404,A053,L019,SK001,4,0.42857142857142855,telling,adaptive,direct_policy,final_integrity_filtered_v1,selector,logged,False,0.21191522958181097,"{""generic"": 0.024770428549453497, ""probing"": 0.7168561065439037, ""focus"": 0.04645823532483183, ""telling"": 0.21191522958181097}",0.7382158612531001,0.7431957945141583,0.004979933261058167,0.004979933261058167,0.019023051911761943,bkt_update,0.7486219330978499,0.5283852557044115,0.4576194672228335,0.12185967209235779,resolved,R0404,learner_response,True,True,True,True,,,False,True,,correct,,0.024770428549453497,0.7168561065439037,0.04645823532483183,0.21191522958181097,-0.06443826701108664,0.0,0.28086246651474833,0.7047266785872215,0.28286008898218024,0.0,0.0,0.0,0.0,1.0,0.0,3.0,0.5814753710590905,0.6254070785564014,0.37678579257608824,0.46538828848299557,0.0,True,True,True,True,True,"[.6,.8)",middle
T0405,A053,L019,SK001,5,0.5714285714285714,focus,adaptive,direct_policy,final_integrity_filtered_v1,selector,logged,False,0.3070868083396736,"{""generic"": 0.00968258676427319, ""probing"": 0.2569725144547243, ""focus"": 0.3070868083396736, ""telling"": 0.426258090441329}",0.7431957945141583,0.809165188799415,0.06596939428525672,0.06596939428525672,0.25688595776868534,bkt_update,0.6986326825470445,0.6745932301865735,0.21863838113305778,0.14511465761681597,resolved,R0405,learner_response,True,True,True,True,,,False,True,,correct,,0.00968258676427319,0.2569725144547243,0.3070868083396736,0.426258090441329,0.09983285952540531,0.0,0.6624838226576035,0.21901483634550084,0.6573459237744586,0.0,0.0,0.0,0.0,1.0,0.0,4.0,0.0,0.0,0.0,0.0,1.0,True,True,True,True,False,"[.6,.8)",middle
T0406,A053,L019,SK001,6,0.7142857142857143,probing,adaptive,direct_policy,final_integrity_filtered_v1,selector,logged,False,0.844569646680483,"{""generic"": 0.09014260524323459, ""probing"": 0.844569646680483, ""focus"": 0.04334883145886145, ""telling"": 0.021938916617420836}",0.809165188799415,0.8394643415500096,0.030299152750594582,0.030299152750594582,0.1587716232692335,bkt_update,0.7544082120812347,0.4760496401339973,0.43096421336815616,0.8612005949215086,resolved,R0406,learner_response,True,True,True,True,,,False,True,,correct,,0.09014260524323459,0.844569646680483,0.04334883145886145,0.021938916617420836,0.08159304766413318,0.0,0.7947702317365822,0.2100244416608154,0.4809454228254019,0.0,0.0,0.0,1.0,0.0,0.0,5.0,0.0,0.0,0.0,0.0,1.0,True,True,True,True,False,"[.8,1]",late
T0407,A053,L019,SK001,7,0.8571428571428571,generic,adaptive,direct_policy,final_integrity_filtered_v1,selector,logged,False,0.7869104902328092,"{""generic"": 0.7869104902328092, ""probing"": 0.016430543482175458, ""focus"": 0.1013385815835577, ""telling"": 0.09532038470145772}",0.8394643415500096,0.8589766202337135,0.019512278683703865,0.019512278683703865,0.12154482606605606,bkt_update,0.6668507519923355,0.6203206051761919,0.7252584640837072,0.6432117336238667,resolved,R0407,learner_response,True,True,True,True,,,False,True,,correct,,0.7869104902328092,0.016430543482175458,0.1013385815835577,0.09532038470145772,0.10376658380484573,0.0,0.8733084874542325,0.33135133363602187,0.8247838238460958,0.0,0.0,1.0,0.0,0.0,0.0,6.0,0.7466903322731159,0.4720174050825927,0.38283001647300574,1.0,0.0,True,True,True,True,True,"[.8,1]",late
T0408,A053,L019,SK001,8,1.0,telling,adaptive,direct_policy,final_integrity_filtered_v1,selector,logged,False,0.31429569256820067,"{""generic"": 0.1844052508488428, ""probing"": 0.3613899156686906, ""focus"": 0.13990914091426593, ""telling"": 0.31429569256820067}",0.8589766202337135,0.8705079813616456,0.011531361127932183,0.011531361127932183,0.08176914457051541,bkt_update,0.29468806805725956,0.5168797987998566,0.3476332550752366,0.48184660322804335,resolved,R0408,learner_response,True,True,True,True,,,False,True,,correct,,0.1844052508488428,0.3613899156686906,0.13990914091426593,0.31429569256820067,0.05436611043749227,0.0,0.6674590066403464,0.43352481700275575,0.58836432216851,0.0,1.0,0.0,0.0,0.0,0.0,7.0,0.6833580731309372,0.6156507821935856,1.0,0.7147595516448004,0.0,True,True,True,True,True,"[.8,1]",late
T0409,A054,L020,SK007,1,0.0,telling,adaptive,direct_policy,final_integrity_filtered_v1,selector,logged,False,0.15588923182956496,"{""generic"": 0.1986179652835914, ""probing"": 0.17252082607941788, ""focus"": 0.47297197680742575, ""telling"": 0.15588923182956496}",0.4760503752745872,0.5126681753424295,0.036617800067842265,0.036617800067842265,0.06988801659516909,bkt_update,0.8379061531464073,0.18052887411210364,0.5857479865172583,0.47785741650520785,resolved,R0409,learner_response,True,True,True,True,,,False,True,,correct,,0.1986179652835914,0.17252082607941788,0.47297197680742575,0.15588923182956496,0.0,1.0,0.727163672727006,0.6437857658441131,0.3070752355190157,0.0,0.0,0.0,0.0,0.0,1.0,0.0,0.0,0.0,0.0,0.0,1.0,True,True,True,False,False,"[.4,.6)",early
T0410,A054,L020,SK007,2,0.14285714285714285,probing,adaptive,direct_policy,final_integrity_filtered_v1,selector,logged,False,0.5539580888905685,"{""generic"": 0.01789311941815282, ""probing"": 0.5539580888905685, ""focus"": 0.003945376890411027, ""telling"": 0.4242034148008677}",0.5126681753424295,0.6952260617236576,0.18255788638122816,0.18255788638122816,0.3746069457078955,bkt_update,0.6060846399710165,0.3724585717072021,0.5490127118528192,0.13775899918848772,resolved,R0410,learner_response,True,True,True,True,,,False,True,,correct,,0.01789311941815282,0.5539580888905685,0.003945376890411027,0.4242034148008677,0.044391570528122565,0.0,0.8932346227085607,0.24886735460248285,0.6255384974080349,0.0,0.0,0.0,0.0,1.0,0.0,1.0,0.8958710277472967,0.36482576262169203,0.929177414474158,0.5400516053103702,0.0,True,True,True,True,True,"[.4,.6)",early
T0411,A054,L020,SK007,3,0.2857142857142857,telling,adaptive,direct_policy,final_integrity_filtered_v1,selector,logged,False,0.8231332682332965,"{""generic"": 0.09855836808246599, ""probing"": 0.037314045740563864, ""focus"": 0.040994317943673704, ""telling"": 0.8231332682332965}",0.6952260617236576,0.7262914718395492,0.03106541011589159,0.03106541011589159,0.10192935226542957,bkt_update,0.45871444256295074,0.7215948619885626,0.8720646842755064,0.3809380409498853,resolved,R0411,learner_response,True,True,True,True,,,False,True,,correct,,0.09855836808246599,0.037314045740563864,0.040994317943673704,0.8231332682332965,0.08349233476227998,0.0,0.4128351022601604,0.48768772339559285,0.2659276912880966,0.0,0.0,1.0,0.0,0.0,0.0,2.0,0.4068895308189837,0.4816366764114148,0.636636842358264,0.18042622879574258,0.0,True,True,True,True,True,"[.6,.8)",early
T0412,A054,L020,SK007,4,0.42857142857142855,probing,adaptive,direct_policy,final_integrity_filtered_v1,selector,logged,False,0.86035393533483,"{""generic"": 0.03165512585361313, ""probing"": 0.86035393533483, ""focus"": 0.08742303571913342, ""telling"": 0.020567903092423505}",0.7262914718395492,0.7466371789224294,0.020345707082880193,0.020345707082880193,0.07433347882735071,bkt_update,0.7396623029403027,0.6097166372034746,0.520700963999409,0.642104678763201,resolved,R0412,learner_response,True,True,True,True,,,False,True,,correct,,0.03165512585361313,0.86035393533483,0.08742303571913342,0.020567903092423505,0.07275714902847004,0.0,0.6212718676974608,0.47819718296408437,0.5258072857878827,0.0,0.0,0.0,0.0,1.0,0.0,3.0,0.5587313229470763,0.7484494299524036,0.8228069025668235,0.3524082774251161,0.0,True,True,True,True,True,"[.6,.8)",middle
T0413,A054,L020,SK007,5,0.5714285714285714,focus,adaptive,direct_policy,final_integrity_filtered_v1,selector,logged,False,0.8296829053497575,"{""generic"": 0.09617222036944402, ""probing"": 0.030825161568804216, ""focus"": 0.8296829053497575, ""telling"": 0.04331971271199435}",0.7466371789224294,0.7627011418015106,0.016063962879081184,0.016063962879081184,0.06340299974068798,bkt_update,0.8586810814369527,0.3103591076766805,0.5084663635371796,0.7445446634090566,resolved,R0413,learner_response,True,True,True,True,,,False,True,,correct,,0.09617222036944402,0.030825161568804216,0.8296829053497575,0.04331971271199435,0.06846952862418752,0.0,0.6997199914942778,0.4669058959757244,0.5576237160631016,0.0,0.0,1.0,0.0,0.0,0.0,4.0,0.7158474118108293,0.7228780184080981,0.3649907195761379,0.6192035673792731,0.0,True,True,True,True,True,"[.6,.8)",middle
T0414,A054,L020,SK007,6,0.7142857142857143,telling,adaptive,direct_policy,final_integrity_filtered_v1,selector,logged,False,0.7013685382366472,"{""generic"": 0.19315997610683483, ""probing"": 0.050690902770179735, ""focus"": 0.05478058288633808, ""telling"": 0.7013685382366472}",0.7627011418015106,0.7984560900627431,0.03575494826123249,0.03575494826123249,0.15067475896291566,bkt_update,0.7801074260301403,0.5937962025015608,0.3799961477967584,0.5659018987640998,resolved,R0414,learner_response,True,True,True,True,,,False,True,,correct,,0.19315997610683483,0.050690902770179735,0.05478058288633808,0.7013685382366472,-0.01731440183942918,0.0,0.6170383235047228,0.5773408139272391,0.19171351622056831,0.0,0.0,0.0,1.0,0.0,0.0,5.0,1.0,0.3849854889373557,0.6157643415947037,0.7125627718558063,0.0,True,True,True,True,True,"[.6,.8)",late
T0415,A054,L020,SK007,7,0.8571428571428571,telling,adaptive,direct_policy,final_integrity_filtered_v1,selector,logged,False,0.26439726138719033,"{""generic"": 0.21734534035797906, ""probing"": 0.46947648752636584, ""focus"": 0.04878091072846476, ""telling"": 0.26439726138719033}",0.7984560900627431,0.8005564933901755,0.002100403327432443,0.002100403327432443,0.010421566834176851,bkt_update,0.4417509150039588,0.9327725962331762,0.5044810540821779,0.5267363247062904,resolved,R0415,learner_response,True,True,True,True,,,False,True,,correct,,0.21734534035797906,0.46947648752636584,0.04878091072846476,0.26439726138719033,-0.010058732566879459,0.0,0.49596047945800714,0.4998687444962855,0.5623368185274203,0.0,0.0,0.0,0.0,1.0,0.0,6.0,0.7696816881649167,0.4762075390672473,0.3043923761535087,0.4862499190486184,0.0,True,True,True,True,True,"[.6,.8)",late
T0416,A054,L020,SK007,8,1.0,focus,adaptive,direct_policy,final_integrity_filtered_v1,selector,logged,False,0.6593298177216306,"{""generic"": 0.2471045598122776, ""probing"": 0.017366863075556547, ""focus"": 0.6593298177216306, ""telling"": 0.07619875939053522}",0.8005564933901755,0.8336580125231379,0.03310151913296233,0.03310151913296233,0.16596940003526678,bkt_update,0.6626720434763204,0.6626609492493899,0.249740239468283,0.6784899235533147,resolved,R0416,learner_response,True,True,True,True,,,False,True,,correct,,0.2471045598122776,0.017366863075556547,0.6593298177216306,0.07619875939053522,0.033797371566954316,0.0,0.7258027698871202,0.457515168433626,0.5636720420751027,0.0,0.0,0.0,0.0,1.0,0.0,7.0,0.6358138902449529,1.0,0.626670630978215,0.4279834764969548,0.0,True,True,True,True,True,"[.8,1]",late
T0417,A055,L020,SK009,1,0.0,telling,adaptive,direct_policy,final_integrity_filtered_v1,selector,logged,False,0.6553311557672252,"{""generic"": 0.08134631932972651, ""probing"": 0.14437881467103678, ""focus"": 0.1189437102320115, ""telling"": 0.6553311557672252}",0.2336438564622351,0.37946971590574463,0.14582585944350954,0.14582585944350954,0.19028471380202805,bkt_update,0.7223880861639496,0.5261952374773881,0.05928538177936385,0.3834676148941458,resolved,R0417,learner_response,True,True,True,True,,,False,True,,correct,,0.08134631932972651,0.14437881467103678,0.1189437102320115,0.6553311557672252,0.0,1.0,0.5895818885714447,0.48959625596335266,0.393281559170628,0.0,0.0,0.0,0.0,0.0,1.0,0.0,0.0,0.0,0.0,0.0,1.0,True,True,True,False,False,"[.2,.4)",early
T0418,A055,L020,SK009,2,0.14285714285714285,focus,adaptive,direct_policy,final_integrity_filtered_v1,selector,logged,False,0.7711851973947897,"{""generic"": 0.16553251341204475, ""probing"": 0.02997292728797635, ""focus"": 0.7711851973947897, ""telling"": 0.03330936190518904}",0.37946971590574463,0.4700614342072932,0.09059171830154855,0.09059171830154855,0.14599080918956106,bkt_update,0.7105363882755688,0.5344650022828497,0.5088479917351872,0.43083838122563406,resolved,R0418,learner_response,True,True,True,True,,,False,True,,correct,,0.16553251341204475,0.02997292728797635,0.7711851973947897,0.03330936190518904,0.0010794707523788666,0.0,0.29448452802396086,0.8098632327244771,0.2573744706167319,0.0,0.0,0.0,0.0,1.0,0.0,1.0,0.6999826168083657,0.5844951200090388,0.05298887555866476,0.24808671827587653,0.0,True,True,True,True,True,"[.2,.4)",early
T0419,A055,L020,SK009,3,0.2857142857142857,generic,adaptive,direct_policy,final_integrity_filtered_v1,selector,logged,False,0.6778361046016027,"{""generic"": 0.6778361046016027, ""probing"": 0.07770131822676124, ""focus"": 0.2070524959401131, ""telling"": 0.03741008123152295}",0.4700614342072932,0.5641001185909794,0.09403868438368623,0.09403868438368623,0.1774520490748183,bkt_update,0.5411357517410673,0.6351955973312744,0.43829314593276475,0.44658819810613354,resolved,R0419,learner_response,True,True,True,True,,,False,True,,correct,,0.6778361046016027,0.07770131822676124,0.2070524959401131,0.03741008123152295,0.01973846298143581,0.0,0.7642217185388168,0.1493990836285397,0.4710149716744507,0.0,0.0,0.0,1.0,0.0,0.0,2.0,0.0,0.0,0.0,0.0,1.0,True,True,True,True,False,"[.4,.6)",early
T0420,A055,L020,SK009,4,0.42857142857142855,probing,adaptive,direct_policy,final_integrity_filtered_v1,selector,logged,False,0.28477537200936315,"{""generic"": 0.20952850479809543, ""probing"": 0.28477537200936315, ""focus"": 0.025035708914601548, ""telling"": 0.4806604142779397}",0.5641001185909794,0.6862648865022263,0.12216476791124686,0.12216476791124686,0.2802587775806602,bkt_update,0.3732177702409005,0.31165570705060686,0.4347247134449411,0.4139668058524931,resolved,R0420,learner_response,True,True,True,True,,,False,True,,correct,,0.20952850479809543,0.28477537200936315,0.025035708914601548,0.4806604142779397,0.12103044062524586,0.0,0.8298321684907619,0.337669340739398,0.6200476684095786,0.0,1.0,0.0,0.0,0.0,0.0,3.0,0.6240204356493644,0.4999411388972043,0.39336545462821526,0.41924596404406145,0.0,True,True,True,True,True,"[.4,.6)",middle
T0421,A055,L020,SK009,5,0.5714285714285714,focus,adaptive,direct_policy,final_integrity_filtered_v1,selector,logged,False,0.5508005811923431,"{""generic"": 0.024072265430701106, ""probing"": 0.09180664342335848, ""focus"": 0.5508005811923431, ""telling"": 0.33332050995359735}",0.6862648865022263,0.7366391284955944,0.05037424199336815,0.05037424199336815,0.16056297120126342,bkt_update,0.5620796580616961,0.7801323876132403,0.5338065658050566,0.25340995278748873,resolved,R0421,learner_response,True,True,True,True,,,False,True,,correct,,0.024072265430701106,0.09180664342335848,0.5508005811923431,0.33332050995359735,0.16634775970336368,0.0,0.9834960506252899,0.22379605650894924,0.5699176458770627,0.0,0.0,1.0,0.0,0.0,0.0,4.0,0.485757029557468,0.41270796079935956,0.6091672956033161,0.3676401440734518,0.0,True,True,True,True,True,"[.6,.8)",middle
T0422,A055,L020,SK009,6,0.7142857142857143,telling,adaptive,direct_policy,final_integrity_filtered_v1,selector,logged,False,0.5029350621421925,"{""generic"": 0.19136527517554866, ""probing"": 0.03982904118320702, ""focus"": 0.26587062149905166, ""telling"": 0.5029350621421925}",0.7366391284955944,0.7995914158894156,0.0629522873938212,0.0629522873938212,0.23903432212316367,bkt_update,0.2766484300300832,0.3996187440739449,0.42088455829153165,0.6369437668884074,resolved,R0422,learner_response,True,True,True,True,,,False,True,,correct,,0.19136527517554866,0.03982904118320702,0.26587062149905166,0.5029350621421925,0.08581545106266934,0.0,1.0,0.09262052362178624,0.5613584179155199,0.0,0.0,0.0,1.0,0.0,0.0,5.0,0.530559226378498,0.8485479187698466,0.6267789425079519,0.45445420814022475,0.0,True,True,True,True,True,"[.6,.8)",late
T0423,A055,L020,SK009,7,0.8571428571428571,focus,adaptive,direct_policy,final_integrity_filtered_v1,selector,logged,False,0.9404398882900802,"{""generic"": 0.0071614029803404086, ""probing"": 0.02555223449560487, ""focus"": 0.9404398882900802, ""telling"": 0.02684647423397456}",0.7995914158894156,0.723184515015595,-0.07640690087382063,-0.07640690087382063,-0.09555743015178615,bkt_update,0.34702769899901664,0.45276715857536337,0.7431831452027745,0.46083817330066484,resolved,R0423,learner_response,True,True,True,True,,,False,True,,incorrect,,0.0071614029803404086,0.02555223449560487,0.9404398882900802,0.02684647423397456,0.03384643853881202,0.0,0.3444300908115793,0.7287401194611872,0.3141041680906521,0.0,0.0,0.0,0.0,1.0,0.0,6.0,0.0,0.0,0.0,0.0,1.0,True,True,True,True,False,"[.6,.8)",late
T0424,A055,L020,SK009,8,1.0,focus,adaptive,direct_policy,final_integrity_filtered_v1,selector,logged,False,0.4817420899634925,"{""generic"": 0.029747663882892794, ""probing"": 0.2418930919440442, ""focus"": 0.4817420899634925, ""telling"": 0.24661715420957053}",0.723184515015595,0.7727608935305417,0.04957637851494667,0.04957637851494667,0.17909539460099086,bkt_update,0.8224431341692823,0.5446780789510899,0.7297168079417735,0.053943247156289655,resolved,R0424,learner_response,True,True,True,True,,,False,True,,correct,,0.029747663882892794,0.2418930919440442,0.4817420899634925,0.24661715420957053,-0.020372231488357498,0.0,0.8286114440822125,0.48210614747318126,0.5441630454838029,0.0,0.0,0.0,1.0,0.0,0.0,7.0,0.32510623860272153,0.3999935251756069,0.5865958412229892,0.5486075901712903,0.0,True,True,True,True,True,"[.6,.8)",late
T0425,A056,L021,SK001,1,0.0,generic,adaptive,direct_policy,final_integrity_filtered_v1,selector,logged,False,0.47146129898986777,"{""generic"": 0.47146129898986777, ""probing"": 0.39689272767863043, ""focus"": 0.007468304353295531, ""telling"": 0.12417766897820622}",0.2862009781043205,0.3716142557719925,0.08541327766767198,0.08541327766767198,0.11966012147345724,bkt_update,0.2718182976455156,0.5067429925124448,0.48603400156894744,0.6996798191306697,resolved,R0425,learner_response,True,True,True,True,,,False,True,,correct,,0.47146129898986777,0.39689272767863043,0.007468304353295531,0.12417766897820622,0.0,1.0,0.703482064740271,0.5900164538020448,0.44082573107605244,0.0,0.0,0.0,0.0,0.0,1.0,0.0,0.0,0.0,0.0,0.0,1.0,True,True,True,False,False,"[.2,.4)",early
T0426,A056,L021,SK001,2,0.14285714285714285,generic,adaptive,direct_policy,final_integrity_filtered_v1,selector,logged,False,0.29524712469261244,"{""generic"": 0.29524712469261244, ""probing"": 0.06641781546548496, ""focus"": 0.3754058666515268, ""telling"": 0.26292919319037583}",0.3716142557719925,0.3881834558863116,0.016569200114319116,0.016569200114319116,0.026367880345017886,bkt_update,0.41964546588850454,0.3114026164130172,0.3715139925303262,0.17032667796428722,resolved,R0426,learner_response,True,True,True,True,,,False,True,,correct,,0.29524712469261244,0.06641781546548496,0.3754058666515268,0.26292919319037583,0.005187374033072015,0.0,0.6097612636526881,0.514226409965617,0.35701284959657115,0.0,1.0,0.0,0.0,0.0,0.0,1.0,0.4917115812006221,0.4609261562678456,0.6890559853607348,0.6677929646296141,0.0,True,True,True,True,True,"[.2,.4)",early
T0427,A056,L021,SK001,3,0.2857142857142857,focus,adaptive,direct_policy,final_integrity_filtered_v1,selector,logged,False,0.21820995927813538,"{""generic"": 0.2667758330360884, ""probing"": 0.11250417874458789, ""focus"": 0.21820995927813538, ""telling"": 0.4025100289411885}",0.3881834558863116,0.3302009048429124,-0.057982551043399166,-0.057982551043399166,-0.1493689392584023,bkt_update,0.43072375045312816,0.38210728920379416,0.48189187811153805,0.43758478734602463,resolved,R0427,learner_response,True,True,True,True,,,False,True,,incorrect,,0.2667758330360884,0.11250417874458789,0.21820995927813538,0.4025100289411885,-0.006775171225928315,0.0,0.5138628157049999,0.5071053913742111,0.34074405798303165,0.0,1.0,0.0,0.0,0.0,0.0,2.0,0.3584834328163886,0.46841488854574154,0.36394967316589777,0.25281763637656085,0.0,True,True,True,True,True,"[.2,.4)",early
T0428,A056,L021,SK001,4,0.42857142857142855,probing,adaptive,direct_policy,final_integrity_filtered_v1,selector,logged,False,0.45571940152689233,"{""generic"": 0.29682734294959146, ""probing"": 0.45571940152689233, ""focus"": 0.14742000005289618, ""telling"": 0.10003325547062013}",0.3302009048429124,0.33304132035092937,0.002840415508016947,0.002840415508016947,0.004240697738402866,bkt_update,0.5800641054877206,0.6852556276855261,0.5278723462708763,0.278892619092668,resolved,R0428,learner_response,True,True,True,True,,,False,True,,correct,,0.29682734294959146,0.45571940152689233,0.14742000005289618,0.10003325547062013,-0.04929554755650333,0.0,0.220305035387644,0.6770928415307521,0.005237971623942517,0.0,0.0,0.0,1.0,0.0,0.0,3.0,0.4218930487503791,0.11185026108223717,0.4145266937617516,0.3013806930529671,0.0,True,True,True,True,True,"[.2,.4)",middle
T0429,A056,L021,SK001,5,0.5714285714285714,probing,adaptive,direct_policy,final_integrity_filtered_v1,selector,logged,False,0.1590843828638276,"{""generic"": 0.0939639203585507, ""probing"": 0.1590843828638276, ""focus"": 0.024477514932847794, ""telling"": 0.722474181844774}",0.33304132035092937,0.4468417661529774,0.11380044580204801,0.11380044580204801,0.17062593122249442,bkt_update,0.7632041795639916,0.6600553314713976,0.2575050250246884,0.8497222914079895,resolved,R0429,learner_response,True,True,True,True,,,False,True,,correct,,0.0939639203585507,0.1590843828638276,0.024477514932847794,0.722474181844774,0.030566858309438505,0.0,0.6289856881995147,0.33591523841287296,0.4224182619934435,0.0,0.0,1.0,0.0,0.0,0.0,4.0,0.534582417611742,0.8183329635977195,0.31403756450008324,0.24904045761465124,0.0,True,True,True,True,True,"[.2,.4)",middle
T0430,A056,L021,SK001,6,0.7142857142857143,focus,adaptive,direct_policy,final_integrity_filtered_v1,selector,logged,False,0.5901542837651343,"{""generic"": 0.11950281590573063, ""probing"": 0.117012323721201, ""focus"": 0.5901542837651343, ""telling"": 0.17333057660793394}",0.4468417661529774,0.5360688170108969,0.08922705085791954,0.08922705085791954,0.16130475042805836,bkt_update,0.27721458656685843,0.42138405864827055,0.7112816172985102,0.7535930644989562,resolved,R0430,learner_response,True,True,True,True,,,False,True,,correct,,0.11950281590573063,0.117012323721201,0.5901542837651343,0.17333057660793394,0.07173760982629751,0.0,0.7731461689479537,0.4656182969762444,0.7040590586186796,0.0,0.0,1.0,0.0,0.0,0.0,5.0,0.7143362648626178,0.764679428606002,0.29464640941716275,1.0,0.0,True,True,True,True,True,"[.4,.6)",late
T0431,A056,L021,SK001,7,0.8571428571428571,focus,adaptive,direct_policy,final_integrity_filtered_v1,selector,logged,False,0.7122400740348327,"{""generic"": 0.006701042526133736, ""probing"": 0.25239952818300476, ""focus"": 0.7122400740348327, ""telling"": 0.028659355256028814}",0.5360688170108969,0.6490929796545942,0.1130241626436973,0.1130241626436973,0.24362268971765158,bkt_update,0.6229890957601185,0.38482420488807945,0.5141872732800324,0.28745826111183864,resolved,R0431,learner_response,True,True,True,True,,,False,True,,correct,,0.006701042526133736,0.25239952818300476,0.7122400740348327,0.028659355256028814,0.07909461889746162,0.0,0.6510631265920698,0.4438222487998136,0.5754772228990032,0.0,0.0,0.0,1.0,0.0,0.0,6.0,0.29461935175585396,0.47958725090338467,0.6449008346651779,0.7447467218027328,0.0,True,True,True,True,True,"[.4,.6)",late
T0432,A056,L021,SK001,8,1.0,focus,adaptive,direct_policy,final_integrity_filtered_v1,selector,logged,False,0.07587014132806266,"{""generic"": 0.5018287378632623, ""probing"": 0.26866257091603796, ""focus"": 0.07587014132806266, ""telling"": 0.1536385498926371}",0.6490929796545942,0.6634371173720574,0.014344137717463123,0.014344137717463123,0.04087731759639309,bkt_update,0.6138993426870109,0.6479162825452717,0.23177002625093526,0.36503142928611665,resolved,R0432,learner_response,True,True,True,True,,,False,True,,correct,,0.5018287378632623,0.26866257091603796,0.07587014132806266,0.1536385498926371,0.12125236949102274,0.0,0.5897939901876025,0.39831386606269414,0.3219837630141501,0.0,0.0,0.0,1.0,0.0,0.0,7.0,0.5778858211916474,0.45044881051737884,0.4817548247901968,0.2207720228046855,0.0,True,True,True,True,True,"[.6,.8)",late
T0433,A057,L021,SK012,1,0.0,probing,adaptive,direct_policy,final_integrity_filtered_v1,selector,logged,False,0.49506131030721334,"{""generic"": 0.04400392829034692, ""probing"": 0.49506131030721334, ""focus"": 0.43403277387857686, ""telling"": 0.026901987523862754}",0.6709979720354943,0.6103014826686731,-0.06069648936682115,-0.06069648936682115,-0.09045703846569964,bkt_update,0.6762505830668636,0.8748491415997964,0.6571712335065281,0.40499947893709776,resolved,R0433,learner_response,True,True,True,True,,,False,True,,incorrect,,0.04400392829034692,0.49506131030721334,0.43403277387857686,0.026901987523862754,0.0,1.0,0.0,0.0,0.0,1.0,0.0,0.0,0.0,0.0,1.0,0.0,0.0,0.0,0.0,0.0,1.0,True,True,False,False,False,"[.6,.8)",early
T0434,A057,L021,SK012,2,0.14285714285714285,generic,adaptive,direct_policy,final_integrity_filtered_v1,selector,logged,False,0.7830845855029759,"{""generic"": 0.7830845855029759, ""probing"": 0.07821287431517829, ""focus"": 0.11540141125057199, ""telling"": 0.023301128931273955}",0.6103014826686731,0.5417571770192339,-0.06854430564943925,-0.06854430564943925,-0.11231220568187822,bkt_update,0.8122574809554213,0.49809392115243856,0.6507023500501372,0.6768356950081192,resolved,R0434,learner_response,True,True,True,True,,,False,True,,incorrect,,0.7830845855029759,0.07821287431517829,0.11540141125057199,0.023301128931273955,0.022456371920114838,0.0,0.0,0.0,0.0,1.0,0.0,1.0,0.0,0.0,0.0,1.0,0.6736913920278552,0.9608957352588599,0.7004922960405197,0.3995431254402393,0.0,True,True,False,True,True,"[.6,.8)",early
T0435,A057,L021,SK012,3,0.2857142857142857,probing,adaptive,direct_policy,final_integrity_filtered_v1,selector,logged,False,0.7928590948634102,"{""generic"": 0.08015567042063546, ""probing"": 0.7928590948634102, ""focus"": 0.08865114108585528, ""telling"": 0.03833409363009895}",0.5417571770192339,0.5887565960922269,0.04699941907299299,0.04699941907299299,0.10256444120013135,bkt_update,0.7234284741472783,0.6565824678560285,0.7525927169460288,0.16036833957063354,resolved,R0435,learner_response,True,True,True,True,,,False,True,,correct,,0.08015567042063546,0.7928590948634102,0.08865114108585528,0.03833409363009895,-0.0017310199674262783,0.0,0.4788721167482189,0.6343218177698727,0.29149698556607523,0.0,1.0,0.0,0.0,0.0,0.0,2.0,0.8432665366418753,0.5911253498702086,0.6889909762521989,0.6502906589582618,0.0,True,True,True,True,True,"[.4,.6)",early
T0436,A057,L021,SK012,4,0.42857142857142855,focus,adaptive,direct_policy,final_integrity_filtered_v1,selector,logged,False,0.3043023357991598,"{""generic"": 0.022004348377149197, ""probing"": 0.29335985059553854, ""focus"": 0.3043023357991598, ""telling"": 0.3803334652281525}",0.5887565960922269,0.6571680560995152,0.06841146000728837,0.06841146000728837,0.16635272288192265,bkt_update,0.7645501005803902,0.2320809938317797,0.5727114874427077,0.7338767200837386,resolved,R0436,learner_response,True,True,True,True,,,False,True,,correct,,0.022004348377149197,0.29335985059553854,0.3043023357991598,0.3803334652281525,0.06882193001786706,0.0,0.0,0.0,0.0,1.0,0.0,1.0,0.0,0.0,0.0,3.0,0.7001703718835001,0.895103978417704,0.7516825046438045,0.3701869365352837,0.0,True,True,False,True,True,"[.4,.6)",middle
T0437,A057,L021,SK012,5,0.5714285714285714,focus,adaptive,direct_policy,final_integrity_filtered_v1,selector,logged,False,0.5918385403516071,"{""generic"": 0.019064147056382298, ""probing"": 0.09546831823780995, ""focus"": 0.5918385403516071, ""telling"": 0.2936289943542007}",0.6571680560995152,0.735980274120351,0.07881221802083582,0.07881221802083582,0.2298858651389643,bkt_update,0.8633470341112107,0.519261901879338,0.6430287301926291,0.33644017891879563,resolved,R0437,learner_response,True,True,True,True,,,False,True,,correct,,0.019064147056382298,0.09546831823780995,0.5918385403516071,0.2936289943542007,0.13192676145456508,0.0,0.9922634929031307,0.20030465376731066,0.5152283968880543,0.0,0.0,0.0,1.0,0.0,0.0,4.0,0.9089073649972771,0.3454832968193248,0.5462974025650209,0.7349975078247915,0.0,True,True,True,True,True,"[.6,.8)",middle
T0438,A057,L021,SK012,6,0.7142857142857143,telling,adaptive,direct_policy,final_integrity_filtered_v1,selector,logged,False,0.567740612462511,"{""generic"": 0.18801815676589156, ""probing"": 0.2067938484355431, ""focus"": 0.037447382336054345, ""telling"": 0.567740612462511}",0.735980274120351,0.7430149333497513,0.007034659229400275,0.007034659229400275,0.026644445622244765,bkt_update,0.4840182612108959,0.22026162511632819,0.43159638450090154,0.5526184089163082,resolved,R0438,learner_response,True,True,True,True,,,False,True,,correct,,0.18801815676589156,0.2067938484355431,0.037447382336054345,0.567740612462511,0.0392510484368219,0.0,0.6500182964154586,0.38917877805378803,0.34702387555009473,0.0,0.0,0.0,1.0,0.0,0.0,5.0,0.0,0.0,0.0,0.0,1.0,True,True,True,True,False,"[.6,.8)",late
T0439,A057,L021,SK012,7,0.8571428571428571,probing,adaptive,direct_policy,final_integrity_filtered_v1,selector,logged,False,0.7551515515884129,"{""generic"": 0.16730556271590183, ""probing"": 0.7551515515884129, ""focus"": 0.06401530250160821, ""telling"": 0.013527583194077125}",0.7430149333497513,0.7681543964740674,0.02513946312431603,0.02513946312431603,0.09782460690033136,bkt_update,0.7456198445470108,0.5152802038765586,0.4754815836784365,0.3506827974310909,resolved,R0439,learner_response,True,True,True,True,,,False,True,,correct,,0.16730556271590183,0.7551515515884129,0.06401530250160821,0.013527583194077125,0.0550135792812838,0.0,0.33272818668576964,0.3261572423514357,0.26734315480264625,0.0,0.0,0.0,0.0,1.0,0.0,6.0,0.5906198796088461,0.18403741602055934,0.36398966608386435,0.7865067507415602,0.0,True,True,True,True,True,"[.6,.8)",late
T0440,A057,L021,SK012,8,1.0,telling,adaptive,direct_policy,final_integrity_filtered_v1,selector,logged,False,0.940846748537825,"{""generic"": 0.0016681630314760818, ""probing"": 0.028274974720589156, ""focus"": 0.029210113710109797, ""telling"": 0.940846748537825}",0.7681543964740674,0.5703271015779396,-0.19782729489612771,-0.19782729489612771,-0.2575358493086569,bkt_update,0.9717724969710339,0.48730123674121667,0.6430000764302436,0.7093698083539792,resolved,R0440,learner_response,True,True,True,True,,,False,True,,incorrect,,0.0016681630314760818,0.028274974720589156,0.029210113710109797,0.940846748537825,-0.04121820480923992,0.0,0.4462326831583412,0.7172065391803741,0.2768872857435576,0.0,0.0,1.0,0.0,0.0,0.0,7.0,0.6244911443427741,0.3943750815401446,0.49272674602375166,0.2630793536688162,0.0,True,True,True,True,True,"[.6,.8)",late
T0441,A058,L021,SK008,1,0.0,telling,adaptive,direct_policy,final_integrity_filtered_v1,selector,logged,False,0.81718868363677,"{""generic"": 0.09771086773867951, ""probing"": 0.051749766158894865, ""focus"": 0.0333506824656556, ""telling"": 0.81718868363677}",0.6690717708495962,0.7521359488754831,0.08306417802588684,0.08306417802588684,0.2510036035279872,bkt_update,0.5911119232985548,0.6707750319828278,0.8820588233424124,0.9259514773887678,resolved,R0441,learner_response,True,True,True,True,,,False,True,,correct,,0.09771086773867951,0.051749766158894865,0.0333506824656556,0.81718868363677,0.0,1.0,0.7197475477609517,0.3629669258678129,0.4071549536309391,0.0,0.0,0.0,0.0,0.0,1.0,0.0,0.0,0.0,0.0,0.0,1.0,True,True,True,False,False,"[.6,.8)",early
T0442,A058,L021,SK008,2,0.14285714285714285,focus,adaptive,direct_policy,final_integrity_filtered_v1,selector,logged,False,0.9769871966447626,"{""generic"": 0.0016845246638572961, ""probing"": 0.005052995342696309, ""focus"": 0.9769871966447626, ""telling"": 0.016275283348683858}",0.7521359488754831,0.8141601471755102,0.062024198300027145,0.062024198300027145,0.25023474771203785,bkt_update,0.3883325981724297,0.7878679639404067,0.6475774277007302,0.10678178224687083,resolved,R0442,learner_response,True,True,True,True,,,False,True,,correct,,0.0016845246638572961,0.005052995342696309,0.9769871966447626,0.016275283348683858,0.09502416501199376,0.0,0.8974777325610566,0.1568998418807617,0.7014625920336038,0.0,0.0,0.0,0.0,1.0,0.0,1.0,0.5174646210420829,0.5408820716998215,0.8898670206015579,1.0,0.0,True,True,True,True,True,"[.6,.8)",early
T0443,A058,L021,SK008,3,0.2857142857142857,focus,adaptive,direct_policy,final_integrity_filtered_v1,selector,logged,False,0.8341594302922438,"{""generic"": 0.03298660429263286, ""probing"": 0.09341398732559333, ""focus"": 0.8341594302922438, ""telling"": 0.039439978089530106}",0.8141601471755102,0.8470119963406639,0.03285184916515371,0.03285184916515371,0.1767750494086946,bkt_update,0.44728104890034504,0.7016150295437753,0.41977733817471435,0.519374290008692,resolved,R0443,learner_response,True,True,True,True,,,False,True,,correct,,0.03298660429263286,0.09341398732559333,0.8341594302922438,0.039439978089530106,0.09141366916603133,0.0,0.7229318955296347,0.2834166309664851,0.6733189855841908,0.0,0.0,0.0,1.0,0.0,0.0,2.0,0.4695119165021688,0.7150917414619833,0.5972273708597402,0.2029186288604231,0.0,True,True,True,True,True,"[.8,1]",early
T0444,A058,L021,SK008,4,0.42857142857142855,telling,adaptive,direct_policy,final_integrity_filtered_v1,selector,logged,False,0.4658308692999293,"{""generic"": 0.36695910655261016, ""probing"": 0.03822067841174127, ""focus"": 0.1289893457357193, ""telling"": 0.4658308692999293}",0.8470119963406639,0.8551681234032138,0.008156127062549867,0.008156127062549867,0.053312200090612404,bkt_update,0.6047552363108217,0.7659267837952445,0.5547802632870511,0.5503529295642237,resolved,R0444,learner_response,True,True,True,True,,,False,True,,correct,,0.36695910655261016,0.03822067841174127,0.1289893457357193,0.4658308692999293,0.031033886160901518,0.0,0.36445243070860606,0.6870008247633538,0.4467249509641437,0.0,0.0,0.0,1.0,0.0,0.0,3.0,0.48762715439994453,0.7309490420509427,0.3777260492279201,0.5708517633309322,0.0,True,True,True,True,True,"[.8,1]",middle
T0445,A058,L021,SK008,5,0.5714285714285714,telling,adaptive,direct_policy,final_integrity_filtered_v1,selector,logged,False,0.9262789827147606,"{""generic"": 0.014566518714303988, ""probing"": 0.033518965316363385, ""focus"": 0.02563553325457191, ""telling"": 0.9262789827147606}",0.8551681234032138,0.8805731604008852,0.025405036997671382,0.025405036997671382,0.17541053526772515,bkt_update,0.5239775517364361,0.3219647963426995,0.23141408315962378,0.7495079821036101,resolved,R0445,learner_response,True,True,True,True,,,False,True,,correct,,0.014566518714303988,0.033518965316363385,0.02563553325457191,0.9262789827147606,0.03406568408707502,0.0,0.8691065685271512,0.3085879549827662,0.5982303266959748,0.0,0.0,0.0,0.0,1.0,0.0,4.0,0.5487443356604039,0.8334084707612074,0.6677723746327449,0.39093369756825597,0.0,True,True,True,True,True,"[.8,1]",middle
T0446,A058,L021,SK008,6,0.7142857142857143,probing,adaptive,direct_policy,final_integrity_filtered_v1,selector,logged,False,0.8025888987750732,"{""generic"": 0.14687724358074264, ""probing"": 0.8025888987750732, ""focus"": 0.013647652707139017, ""telling"": 0.03688620493704513}",0.8805731604008852,0.8756732465672737,-0.004899913833611436,-0.004899913833611436,-0.005564459665544117,bkt_update,0.09828724301331383,0.6764215267968388,0.6141339462958734,0.3088989346644062,resolved,R0446,learner_response,True,True,True,True,,,False,True,,incorrect,,0.14687724358074264,0.8025888987750732,0.013647652707139017,0.03688620493704513,0.01799227397427847,0.0,0.513430164337393,0.5493642588057404,0.43288364323307965,0.0,0.0,0.0,0.0,1.0,0.0,5.0,0.5539143252907491,0.05256010679386164,0.22322492828658236,0.7751096145616823,0.0,True,True,True,True,True,"[.8,1]",late
T0447,A058,L021,SK008,7,0.8571428571428571,telling,adaptive,direct_policy,final_integrity_filtered_v1,selector,logged,False,0.7181479627749787,"{""generic"": 0.12666202490076792, ""probing"": 0.09081683923632948, ""focus"": 0.064373173087924, ""telling"": 0.7181479627749787}",0.8756732465672737,0.8725543133582345,-0.0031189332090392208,-0.0031189332090392208,-0.0035617545942687517,bkt_update,0.8854133975480484,0.44767894253760937,0.6341887180301637,0.5552884819386017,resolved,R0447,learner_response,True,True,True,True,,,False,True,,incorrect,,0.12666202490076792,0.09081683923632948,0.064373173087924,0.7181479627749787,-0.027256315773379326,0.0,0.37374565471296495,0.6424790836889162,0.08299498492707572,0.0,0.0,1.0,0.0,0.0,0.0,6.0,0.11587398442504876,0.6582718869177889,0.4630544585359955,0.32652618881221734,0.0,True,True,True,True,True,"[.8,1]",late
T0448,A058,L021,SK008,8,1.0,telling,adaptive,direct_policy,final_integrity_filtered_v1,selector,logged,False,0.7976776634431278,"{""generic"": 0.09741223363939137, ""probing"": 0.0798497291269284, ""focus"": 0.025060373790552436, ""telling"": 0.7976776634431278}",0.8725543133582345,0.8977967024623201,0.025242389104085605,0.025242389104085605,0.19806389505389013,bkt_update,0.26093937157547537,0.8214617891827555,0.7038291059272009,0.43262671797122304,resolved,R0448,learner_response,True,True,True,True,,,False,True,,correct,,0.09741223363939137,0.0798497291269284,0.025060373790552436,0.7976776634431278,0.04500747917804196,0.0,0.8669040140633782,0.05503843444537784,0.7761237648746725,0.0,0.0,0.0,0.0,1.0,0.0,7.0,0.7602172515054639,0.6486246548548651,0.7155297014148856,0.5262599945065101,0.0,True,True,True,True,True,"[.8,1]",late
T0449,A059,L021,SK011,1,0.0,telling,adaptive,direct_policy,final_integrity_filtered_v1,selector,logged,False,0.4430241733899321,"{""generic"": 0.2910779423759631, ""probing"": 0.24328849321661494, ""focus"": 0.022609391017489947, ""telling"": 0.4430241733899321}",0.7881141049788134,0.8018078122285133,0.013693707249699871,0.013693707249699871,0.06462774338202469,bkt_update,0.5524401073127582,0.8515133234413832,0.6085578966544228,0.1787914320842026,resolved,R0449,learner_response,True,True,True,True,,,False,True,,correct,,0.2910779423759631,0.24328849321661494,0.022609391017489947,0.4430241733899321,0.0,1.0,0.6931809556541448,0.19927702386904608,0.5265947735410853,0.0,0.0,0.0,0.0,0.0,1.0,0.0,0.0,0.0,0.0,0.0,1.0,True,True,True,False,False,"[.6,.8)",early
T0450,A059,L021,SK011,2,0.14285714285714285,focus,adaptive,direct_policy,final_integrity_filtered_v1,selector,logged,False,0.7443058411068232,"{""generic"": 0.03479669773510587, ""probing"": 0.1421323164913004, ""focus"": 0.7443058411068232, ""telling"": 0.07876514466677048}",0.8018078122285133,0.8324637307470719,0.030655918518558645,0.030655918518558645,0.15467773408861382,bkt_update,0.5624813919478958,0.9074065526276395,0.630598345789914,0.548674884511875,resolved,R0450,learner_response,True,True,True,True,,,False,True,,correct,,0.03479669773510587,0.1421323164913004,0.7443058411068232,0.07876514466677048,0.051379560486779094,0.0,0.5421567040692047,0.5654413932494244,0.34371935049460367,0.0,0.0,0.0,0.0,1.0,0.0,1.0,0.5741244646938971,0.7910928848744729,0.6519092527072688,0.31885678867961503,0.0,True,True,True,True,True,"[.8,1]",early
T0451,A059,L021,SK011,3,0.2857142857142857,focus,adaptive,direct_policy,final_integrity_filtered_v1,selector,logged,False,0.28047476365958784,"{""generic"": 0.2737150826157004, ""probing"": 0.3687935431591101, ""focus"": 0.28047476365958784, ""telling"": 0.07701661056560158}",0.8324637307470719,0.8345296363122889,0.002065905565217019,0.002065905565217019,0.012331094481387422,bkt_update,0.8500956863268592,0.32512127668910445,0.1109026572296865,0.6775442006647611,resolved,R0451,learner_response,True,True,True,True,,,False,True,,correct,,0.2737150826157004,0.3687935431591101,0.28047476365958784,0.07701661056560158,0.09076082754288196,0.0,0.6177291443141247,0.44148248429782,0.26774144584997,0.0,0.0,0.0,1.0,0.0,0.0,2.0,0.6552814424699168,1.0,0.48454709148794306,0.6737630401282191,0.0,True,True,True,True,True,"[.8,1]",early
T0452,A059,L021,SK011,4,0.42857142857142855,generic,adaptive,direct_policy,final_integrity_filtered_v1,selector,logged,False,0.7068978183061194,"{""generic"": 0.7068978183061194, ""probing"": 0.060128833027987744, ""focus"": 0.0956774677459992, ""telling"": 0.13729588091989378}",0.8345296363122889,0.722645872924541,-0.11188376338774797,-0.11188376338774797,-0.1340680528520859,bkt_update,0.4546705796736071,0.6463461751654017,0.6252130748041906,0.6510273131480039,resolved,R0452,learner_response,True,True,True,True,,,False,True,,incorrect,,0.7068978183061194,0.060128833027987744,0.0956774677459992,0.13729588091989378,-0.029959727461106356,0.0,0.40882825934654116,0.5534150661976633,0.3473574599662314,0.0,0.0,0.0,1.0,0.0,0.0,3.0,0.0,0.0,0.0,0.0,1.0,True,True,True,True,False,"[.8,1]",middle
T0453,A059,L021,SK011,5,0.5714285714285714,probing,adaptive,direct_policy,final_integrity_filtered_v1,selector,logged,False,0.5636619749014341,"{""generic"": 0.19309203123736549, ""probing"": 0.5636619749014341, ""focus"": 0.07651697213954113, ""telling"": 0.1667290217216592}",0.722645872924541,0.760046336665307,0.037400463740766,0.037400463740766,0.13484733086589532,bkt_update,0.768180214130248,0.3872040067545355,0.5991440058973247,0.36641581855758704,resolved,R0453,learner_response,True,True,True,True,,,False,True,,correct,,0.19309203123736549,0.5636619749014341,0.07651697213954113,0.1667290217216592,-0.009588290036583881,0.0,0.4281758951003062,0.2960036175705396,0.5989612043869682,0.0,1.0,0.0,0.0,0.0,0.0,4.0,0.5943449534737231,0.5132855641693698,0.6986155968765413,0.6712532146284452,0.0,True,True,True,True,True,"[.6,.8)",middle
T0454,A059,L021,SK011,6,0.7142857142857143,telling,adaptive,direct_policy,final_integrity_filtered_v1,selector,logged,False,0.4667832597396285,"{""generic"": 0.14501896528133223, ""probing"": 0.08767730063507853, ""focus"": 0.3005204743439606, ""telling"": 0.4667832597396285}",0.760046336665307,0.782962120957217,0.02291578429190999,0.02291578429190999,0.09550087284954893,bkt_update,0.7384941924959081,0.6173110082366566,0.20614472280746507,0.2881257401521456,resolved,R0454,learner_response,True,True,True,True,,,False,True,,correct,,0.14501896528133223,0.08767730063507853,0.3005204743439606,0.4667832597396285,0.09678052191573613,0.0,0.8225355986594852,0.16432342809927894,0.6989652857107367,0.0,0.0,1.0,0.0,0.0,0.0,5.0,0.616619462253018,0.30694746077291574,0.6212527390124098,0.5993149568475274,0.0,True,True,True,True,True,"[.6,.8)",late
T0455,A059,L021,SK011,7,0.8571428571428571,probing,adaptive,direct_policy,final_integrity_filtered_v1,selector,logged,False,0.41717461389165716,"{""generic"": 0.4678095114849971, ""probing"": 0.41717461389165716, ""focus"": 0.10839328943794678, ""telling"": 0.0066225851853991225}",0.782962120957217,0.8078041652064162,0.024842044249199224,0.024842044249199224,0.11445948678987182,bkt_update,0.27696068040139105,0.7828114525302934,0.4833410175656039,0.6341069599392839,resolved,R0455,learner_response,True,True,True,True,,,False,True,,correct,,0.4678095114849971,0.41717461389165716,0.10839328943794678,0.0066225851853991225,0.06767476537446408,0.0,0.535354482603885,0.5620991107089025,0.24557184753892575,0.0,0.0,0.0,0.0,1.0,0.0,6.0,0.9642216347214646,0.7359822546829723,0.14891816148457004,0.4053564335438552,0.0,True,True,True,True,True,"[.6,.8)",late
T0456,A059,L021,SK011,8,1.0,telling,adaptive,direct_policy,final_integrity_filtered_v1,selector,logged,False,0.9260438811690122,"{""generic"": 0.02758288195024648, ""probing"": 0.0054050209569853, ""focus"": 0.04096821592375605, ""telling"": 0.9260438811690122}",0.8078041652064162,0.7671725635737352,-0.04063160163268098,-0.04063160163268098,-0.05029882660025464,bkt_update,0.34196871080308033,0.8463137620760615,0.7710635957702255,0.19527269578809017,resolved,R0456,learner_response,True,True,True,True,,,False,True,,incorrect,,0.02758288195024648,0.0054050209569853,0.04096821592375605,0.9260438811690122,-0.004286763978888997,0.0,0.5143351993505333,0.46353793719905007,0.29768104429509895,0.0,0.0,1.0,0.0,0.0,0.0,7.0,0.21203888445751617,0.7260443388986917,0.6894238385267122,0.6582129943199831,0.0,True,True,True,True,True,"[.8,1]",late
T0457,A060,L022,SK019,1,0.0,focus,adaptive,direct_policy,final_integrity_filtered_v1,selector,logged,False,0.8048353348302902,"{""generic"": 0.1063696715942481, ""probing"": 0.042145122074615626, ""focus"": 0.8048353348302902, ""telling"": 0.046649871500845985}",0.47632476901538173,0.5967771670821252,0.12045239806674352,0.12045239806674352,0.23001354835948223,bkt_update,0.8543490830906924,0.6768866716513372,0.40487082062364516,0.4068805317215905,resolved,R0457,learner_response,True,True,True,True,,,False,True,,correct,,0.1063696715942481,0.042145122074615626,0.8048353348302902,0.046649871500845985,0.0,1.0,0.6489087141631802,0.4365367347874072,0.5634572161087923,0.0,0.0,0.0,0.0,0.0,1.0,0.0,0.0,0.0,0.0,0.0,1.0,True,True,True,False,False,"[.4,.6)",early
T0458,A060,L022,SK019,2,0.14285714285714285,focus,adaptive,direct_policy,final_integrity_filtered_v1,selector,logged,False,0.9585424619899335,"{""generic"": 0.02782024598756045, ""probing"": 0.009148423494217461, ""focus"": 0.9585424619899335, ""telling"": 0.004488868528288676}",0.5967771670821252,0.6228117004406145,0.026034533358489265,0.026034533358489265,0.06456611886309467,bkt_update,0.8352088593399114,0.39768670551145585,0.3164397941308181,0.48404056720280214,resolved,R0458,learner_response,True,True,True,True,,,False,True,,correct,,0.02782024598756045,0.009148423494217461,0.9585424619899335,0.004488868528288676,0.07505134234128086,0.0,0.5660003409302358,0.4156179684104359,0.5122792108195309,0.0,0.0,0.0,1.0,0.0,0.0,1.0,0.947324585940958,0.6947641383160319,0.46338814797712324,0.2888642352614059,0.0,True,True,True,True,True,"[.4,.6)",early
T0459,A060,L022,SK019,3,0.2857142857142857,generic,adaptive,direct_policy,final_integrity_filtered_v1,selector,logged,False,0.8999821513799559,"{""generic"": 0.8999821513799559, ""probing"": 0.06446451796838859, ""focus"": 0.003330112192645463, ""telling"": 0.03222321845901018}",0.6228117004406145,0.6778976509077836,0.05508595046716913,0.05508595046716913,0.1460436353182696,bkt_update,0.24659959327449998,0.555394137726228,0.32956202947260166,0.37444096724220916,resolved,R0459,learner_response,True,True,True,True,,,False,True,,correct,,0.8999821513799559,0.06446451796838859,0.003330112192645463,0.03222321845901018,0.01456147224710793,0.0,0.6965563076817994,0.37542423297506977,0.7268202886974777,0.0,0.0,0.0,1.0,0.0,0.0,2.0,0.6970876704124371,0.4177657947567291,0.22741109260625977,0.5128445898016288,0.0,True,True,True,True,True,"[.6,.8)",early
T0460,A060,L022,SK019,4,0.42857142857142855,generic,adaptive,direct_policy,final_integrity_filtered_v1,selector,logged,False,0.47698190634368465,"{""generic"": 0.47698190634368465, ""probing"": 0.14220287144176813, ""focus"": 0.29360639078047246, ""telling"": 0.08720883143407485}",0.6778976509077836,0.7450663479600991,0.06716869705231543,0.06716869705231543,0.20853215520351687,bkt_update,0.4685002549557209,0.5124700783747884,0.23298401149041845,0.38565843321997095,resolved,R0460,learner_response,True,True,True,True,,,False,True,,correct,,0.47698190634368465,0.14220287144176813,0.29360639078047246,0.08720883143407485,0.08355098592676492,0.0,0.822701967610438,0.24192656816653085,0.5936516117977308,0.0,1.0,0.0,0.0,0.0,0.0,3.0,0.23994566619795776,0.38821253919061516,0.32971723557300175,0.6030259755259177,0.0,True,True,True,True,True,"[.6,.8)",middle
T0461,A060,L022,SK019,5,0.5714285714285714,telling,adaptive,direct_policy,final_integrity_filtered_v1,selector,logged,False,0.7527121669273488,"{""generic"": 0.0408966877838188, ""probing"": 0.038516961387710505, ""focus"": 0.16787418390112196, ""telling"": 0.7527121669273488}",0.7450663479600991,0.7917815425853753,0.04671519462527618,0.04671519462527618,0.18324451970728664,bkt_update,0.3650627636996548,0.15877727035751746,0.645222869299946,0.4321364254609813,resolved,R0461,learner_response,True,True,True,True,,,False,True,,correct,,0.0408966877838188,0.038516961387710505,0.16787418390112196,0.7527121669273488,0.09852619115735553,0.0,0.0,0.0,0.0,1.0,1.0,0.0,0.0,0.0,0.0,4.0,0.5693219869938155,0.5646675108563582,0.3672572564371541,0.4197606875533063,0.0,True,True,False,True,True,"[.6,.8)",middle
T0462,A060,L022,SK019,6,0.7142857142857143,focus,adaptive,direct_policy,final_integrity_filtered_v1,selector,logged,False,0.6845992708924651,"{""generic"": 0.10742281586954677, ""probing"": 0.07547664160618481, ""focus"": 0.6845992708924651, ""telling"": 0.13250127163180336}",0.7917815425853753,0.8109947185256009,0.019213175940225646,0.019213175940225646,0.09227412487244832,bkt_update,0.6188298464425652,0.5917277496819349,0.3543312957053775,0.5041356978089262,resolved,R0462,learner_response,True,True,True,True,,,False,True,,correct,,0.10742281586954677,0.07547664160618481,0.6845992708924651,0.13250127163180336,0.015456235041693356,0.0,0.5065867050469215,0.26896633368990286,0.5435283488498239,0.0,0.0,0.0,0.0,1.0,0.0,5.0,0.4460469248053879,0.01620008368730108,0.7490927276051366,0.38859845767273904,0.0,True,True,True,True,True,"[.6,.8)",late
T0463,A060,L022,SK019,7,0.8571428571428571,focus,adaptive,direct_policy,final_integrity_filtered_v1,selector,logged,False,0.6057563242531082,"{""generic"": 0.18498704386588136, ""probing"": 0.08198388209198536, ""focus"": 0.6057563242531082, ""telling"": 0.1272727497890251}",0.8109947185256009,0.8212161159260059,0.010221397400404952,0.010221397400404952,0.05407995649999573,bkt_update,0.6096649941287059,0.7178019817267048,0.49831727310211466,0.35867017082787594,resolved,R0463,learner_response,True,True,True,True,,,False,True,,correct,,0.18498704386588136,0.08198388209198536,0.6057563242531082,0.1272727497890251,0.043919220497136854,0.0,0.38893246304328766,0.4752138012666506,0.2870292802503889,0.0,0.0,0.0,1.0,0.0,0.0,6.0,0.0,0.0,0.0,0.0,1.0,True,True,True,True,False,"[.8,1]",late
T0464,A060,L022,SK019,8,1.0,generic,adaptive,direct_policy,final_integrity_filtered_v1,selector,logged,False,0.7755655331389063,"{""generic"": 0.7755655331389063, ""probing"": 0.03735675333968343, ""focus"": 0.01344044709229803, ""telling"": 0.17363726642911204}",0.8212161159260059,0.8470321641971652,0.025816048271159353,0.025816048271159353,0.14439807259403056,bkt_update,0.7661360216799694,0.6777132803121027,0.34741883989259675,0.6411685473105125,resolved,R0464,learner_response,True,True,True,True,,,False,True,,correct,,0.7755655331389063,0.03735675333968343,0.01344044709229803,0.17363726642911204,0.04968574256199718,0.0,0.6803577649899705,0.4358053957790076,0.6093410076386092,0.0,0.0,0.0,1.0,0.0,0.0,7.0,0.5913066561449287,0.5872531200968999,0.48082002362059456,0.32835785753552893,0.0,True,True,True,True,True,"[.8,1]",late
T0465,A061,L023,SK017,1,0.0,generic,adaptive,direct_policy,final_integrity_filtered_v1,selector,logged,False,0.05511974293051436,"{""generic"": 0.05511974293051436, ""probing"": 0.025753013456310602, ""focus"": 0.27773829945368095, ""telling"": 0.6413889441594941}",0.28727769851922713,0.2861980663738627,-0.0010796321453644397,-0.0010796321453644397,-0.0037581481295951742,bkt_update,0.976183006431557,0.5700993046422914,0.42027952441693694,0.5204204304992505,resolved,R0465,learner_response,True,True,True,True,,,False,True,,incorrect,,0.05511974293051436,0.025753013456310602,0.27773829945368095,0.6413889441594941,0.0,1.0,0.4808112933554206,0.5336539098430568,0.36423250650648153,0.0,0.0,0.0,0.0,0.0,1.0,0.0,0.0,0.0,0.0,0.0,1.0,True,True,True,False,False,"[.2,.4)",early
T0466,A061,L023,SK017,2,0.14285714285714285,focus,adaptive,direct_policy,final_integrity_filtered_v1,selector,logged,False,0.8741419825530427,"{""generic"": 0.054862547324672446, ""probing"": 0.044124538985897, ""focus"": 0.8741419825530427, ""telling"": 0.026870931136387846}",0.2861980663738627,0.559572634857509,0.2733745684836463,0.2733745684836463,0.3829837880865557,bkt_update,0.5529072363625147,0.4733566096359405,0.6014837293381474,0.4991590351153128,resolved,R0466,learner_response,True,True,True,True,,,False,True,,correct,,0.054862547324672446,0.044124538985897,0.8741419825530427,0.026870931136387846,0.06551584175144222,0.0,0.0,0.0,0.0,1.0,1.0,0.0,0.0,0.0,0.0,1.0,0.8938954618411175,0.5669287666783003,0.46506015720408295,0.4319894158797851,0.0,True,True,False,True,True,"[.2,.4)",early
T0467,A061,L023,SK017,3,0.2857142857142857,focus,adaptive,direct_policy,final_integrity_filtered_v1,selector,logged,False,0.9068414901197632,"{""generic"": 0.05846359404158267, ""probing"": 0.019794849736545165, ""focus"": 0.9068414901197632, ""telling"": 0.014900066102109052}",0.559572634857509,0.6841849905518609,0.12461235569435192,0.12461235569435192,0.28293508886314594,bkt_update,0.6551083290901977,0.18031273238199697,0.1856715234864554,0.6604884553072388,resolved,R0467,learner_response,True,True,True,True,,,False,True,,correct,,0.05846359404158267,0.019794849736545165,0.9068414901197632,0.014900066102109052,0.11205289641460627,0.0,0.0,0.0,0.0,1.0,0.0,0.0,1.0,0.0,0.0,2.0,0.6930680592056968,0.39744940544634993,0.6581133978865802,0.40878224722991563,0.0,True,True,False,True,True,"[.4,.6)",early
T0468,A061,L023,SK017,4,0.42857142857142855,focus,adaptive,direct_policy,final_integrity_filtered_v1,selector,logged,False,0.4202881391692163,"{""generic"": 0.14761531388568938, ""probing"": 0.3758130919099312, ""focus"": 0.4202881391692163, ""telling"": 0.05628345503516305}",0.6841849905518609,0.7108824099885993,0.026697419436738423,0.026697419436738423,0.08453499244190445,bkt_update,0.8458865619714708,0.7364400849438764,0.6405997760673093,0.38833405383703,resolved,R0468,learner_response,True,True,True,True,,,False,True,,correct,,0.14761531388568938,0.3758130919099312,0.4202881391692163,0.05628345503516305,0.10154122245642044,0.0,0.6173297289936553,0.3457283561101347,0.4442575180503012,0.0,0.0,0.0,1.0,0.0,0.0,3.0,0.6326266787054887,0.3277592203924471,0.22063773237668283,0.6662923119586449,0.0,True,True,True,True,True,"[.6,.8)",middle
T0469,A061,L023,SK017,5,0.5714285714285714,focus,adaptive,direct_policy,final_integrity_filtered_v1,selector,logged,False,0.7606717360347892,"{""generic"": 0.03494064300220703, ""probing"": 0.17716972216900717, ""focus"": 0.7606717360347892, ""telling"": 0.027217898793996678}",0.7108824099885993,0.7351475353977691,0.024265125409169808,0.024265125409169808,0.08392822245167776,bkt_update,0.5706831044893039,0.49086991974200817,0.5207766950952318,0.7239254033181762,resolved,R0469,learner_response,True,True,True,True,,,False,True,,correct,,0.03494064300220703,0.17716972216900717,0.7606717360347892,0.027217898793996678,0.016471926115781393,0.0,0.7221341105172693,0.3668414074344902,0.36812743374468904,0.0,0.0,0.0,1.0,0.0,0.0,4.0,0.8256165284421066,0.6562952752254179,0.6751839738201321,0.3808935454613774,0.0,True,True,True,True,True,"[.6,.8)",middle
T0470,A061,L023,SK017,6,0.7142857142857143,generic,adaptive,direct_policy,final_integrity_filtered_v1,selector,logged,False,0.846318115389374,"{""generic"": 0.846318115389374, ""probing"": 0.008408208873516603, ""focus"": 0.12165378884154793, ""telling"": 0.023619886895561576}",0.7351475353977691,0.7347132710341231,-0.0004342643636460197,-0.0004342643636460197,-0.0005907172951495384,bkt_update,0.4964126262733797,0.8746489169073897,0.505612450971201,0.8416818080099965,resolved,R0470,learner_response,True,True,True,True,,,False,True,,incorrect,,0.846318115389374,0.008408208873516603,0.12165378884154793,0.023619886895561576,0.02393644713113828,0.0,0.4339693305741698,0.4403615526284776,0.30400638995059837,0.0,0.0,0.0,1.0,0.0,0.0,5.0,0.5092727521286632,0.5379162273031669,0.5554325323168157,0.7639783488853551,0.0,True,True,True,True,True,"[.6,.8)",late
T0471,A061,L023,SK017,7,0.8571428571428571,focus,adaptive,direct_policy,final_integrity_filtered_v1,selector,logged,False,0.24537798418920095,"{""generic"": 0.19946653460492966, ""probing"": 0.3427332039495607, ""focus"": 0.24537798418920095, ""telling"": 0.21242227725630866}",0.7347132710341231,0.7245994669614712,-0.010113804072651944,-0.010113804072651944,-0.013765647731415781,bkt_update,0.8594169481814983,0.7497845705819574,0.45019842992492665,0.7717871832506263,resolved,R0471,learner_response,True,True,True,True,,,False,True,,incorrect,,0.19946653460492966,0.3427332039495607,0.24537798418920095,0.21242227725630866,0.03635069401593018,0.0,0.6359985512215843,0.23766131840065927,0.285069776677509,0.0,1.0,0.0,0.0,0.0,0.0,6.0,0.54029320718872,0.9309526737433078,0.6455938767941212,0.8539266416184077,0.0,True,True,True,True,True,"[.6,.8)",late
T0472,A061,L023,SK017,8,1.0,generic,adaptive,direct_policy,final_integrity_filtered_v1,selector,logged,False,0.365267485032155,"{""generic"": 0.365267485032155, ""probing"": 0.03668863823431208, ""focus"": 0.030627533144925567, ""telling"": 0.5674163435886074}",0.7245994669614712,0.6509831379818932,-0.07361632897957793,-0.07361632897957793,-0.10159589171143056,bkt_update,0.5682699331296726,0.3392162319949477,0.47905549462106334,0.6312844167357128,resolved,R0472,learner_response,True,True,True,True,,,False,True,,incorrect,,0.365267485032155,0.03668863823431208,0.030627533144925567,0.5674163435886074,-0.0020395270962996507,0.0,0.47111371071382707,0.5732284892646137,0.2892680269286245,0.0,0.0,0.0,1.0,0.0,0.0,7.0,0.8819449424462066,0.7209983037907717,0.38508561900991634,0.7539953151860812,0.0,True,True,True,True,True,"[.6,.8)",late
T0473,A062,L023,SK008,1,0.0,probing,adaptive,direct_policy,final_integrity_filtered_v1,selector,logged,False,0.7443382074358961,"{""generic"": 0.07335260682270742, ""probing"": 0.7443382074358961, ""focus"": 0.07696561498219615, ""telling"": 0.10534357075920024}",0.33790837822536307,0.3250812216005379,-0.012827156624825198,-0.012827156624825198,-0.037960457483153354,bkt_update,0.27538682971325135,0.3539773867825489,0.348286885984731,0.731052007245408,resolved,R0473,learner_response,True,True,True,True,,,False,True,,incorrect,,0.07335260682270742,0.7443382074358961,0.07696561498219615,0.10534357075920024,0.0,1.0,0.27197308358048894,0.791950574663609,0.03821862496681663,0.0,0.0,0.0,0.0,0.0,1.0,0.0,0.0,0.0,0.0,0.0,1.0,True,True,True,False,False,"[.2,.4)",early
T0474,A062,L023,SK008,2,0.14285714285714285,probing,adaptive,direct_policy,final_integrity_filtered_v1,selector,logged,False,0.32885740867157803,"{""generic"": 0.18145296828132085, ""probing"": 0.32885740867157803, ""focus"": 0.42016104460642945, ""telling"": 0.06952857844067165}",0.3250812216005379,0.5955863361669436,0.2705051145664057,0.2705051145664057,0.40079654504190226,bkt_update,0.6225490933741447,0.6193590085123735,0.6948322194184038,0.5839770131966731,resolved,R0474,learner_response,True,True,True,True,,,False,True,,correct,,0.18145296828132085,0.32885740867157803,0.42016104460642945,0.06952857844067165,0.10083843469889558,0.0,0.7665626277718651,0.15899154234971638,0.877609695857725,0.0,0.0,1.0,0.0,0.0,0.0,1.0,0.140592729449519,0.5099879719370983,0.3714863558174704,0.766863910226692,0.0,True,True,True,True,True,"[.2,.4)",early
T0475,A062,L023,SK008,3,0.2857142857142857,generic,adaptive,direct_policy,final_integrity_filtered_v1,selector,logged,False,0.5149995401292348,"{""generic"": 0.5149995401292348, ""probing"": 0.40174779027372703, ""focus"": 0.021230022948108867, ""telling"": 0.06202264664892932}",0.5955863361669436,0.7141764129991792,0.11859007683223566,0.11859007683223566,0.293239540198103,bkt_update,0.6479848800546975,0.7973868098244019,0.16020157251202977,0.4897101945559812,resolved,R0475,learner_response,True,True,True,True,,,False,True,,correct,,0.5149995401292348,0.40174779027372703,0.021230022948108867,0.06202264664892932,0.18938779169408243,0.0,0.7013548917257291,0.26035034194212847,0.6455080043136903,0.0,0.0,1.0,0.0,0.0,0.0,2.0,0.6299027156990087,0.7617854792856263,0.659382511397192,0.4507601057018438,0.0,True,True,True,True,True,"[.4,.6)",early
T0476,A062,L023,SK008,4,0.42857142857142855,probing,adaptive,direct_policy,final_integrity_filtered_v1,selector,logged,False,0.5898478390720798,"{""generic"": 0.16888047011766846, ""probing"": 0.5898478390720798, ""focus"": 0.1574633978191237, ""telling"": 0.08380829299112802}",0.7141764129991792,0.7587886534849869,0.0446122404858077,0.0446122404858077,0.15608313139558908,bkt_update,0.7278338024096809,0.588545363371133,0.43230050836761036,0.21976012019982533,resolved,R0476,learner_response,True,True,True,True,,,False,True,,correct,,0.16888047011766846,0.5898478390720798,0.1574633978191237,0.08380829299112802,0.0830549651308305,0.0,0.5223453312334292,0.5005970014560532,0.4674797848175567,0.0,1.0,0.0,0.0,0.0,0.0,3.0,0.7152307339935849,0.7008588021504354,0.21063492607181106,0.37090451297459737,0.0,True,True,True,True,True,"[.6,.8)",middle
T0477,A062,L023,SK008,5,0.5714285714285714,telling,adaptive,direct_policy,final_integrity_filtered_v1,selector,logged,False,0.7031420332318922,"{""generic"": 0.06426265553543596, ""probing"": 0.06916110926227952, ""focus"": 0.16343420197039232, ""telling"": 0.7031420332318922}",0.7587886534849869,0.7823218684992511,0.023533215014264197,0.023533215014264197,0.09756263689195682,bkt_update,0.5408888013838199,0.6711551917910271,0.8054085955065632,0.9431490153382996,resolved,R0477,learner_response,True,True,True,True,,,False,True,,correct,,0.06426265553543596,0.06916110926227952,0.16343420197039232,0.7031420332318922,0.111055628801677,0.0,0.7755900911676264,0.4044281095513296,0.6657281320580082,0.0,0.0,1.0,0.0,0.0,0.0,4.0,0.4783283243209124,0.7272260459422343,0.46431440433236504,0.22565895028363608,0.0,True,True,True,True,True,"[.6,.8)",middle
T0478,A062,L023,SK008,6,0.7142857142857143,telling,adaptive,direct_policy,final_integrity_filtered_v1,selector,logged,False,0.3222877719856122,"{""generic"": 0.40067109778997057, ""probing"": 0.14772084909292907, ""focus"": 0.12932028113148808, ""telling"": 0.3222877719856122}",0.7823218684992511,0.8070471394264472,0.02472527092719612,0.02472527092719612,0.11358637983857858,bkt_update,0.8919596039192184,0.4974031273176417,0.7324396416055631,0.7440014639159501,resolved,R0478,learner_response,True,True,True,True,,,False,True,,correct,,0.40067109778997057,0.14772084909292907,0.12932028113148808,0.3222877719856122,-0.03211562839346933,0.0,0.5951227250285,0.2783827784756975,0.39382339123281507,0.0,0.0,0.0,0.0,1.0,0.0,5.0,0.5620815611305261,0.6749830027767941,0.9745759508896473,0.8542160756063548,0.0,True,True,True,True,True,"[.6,.8)",late
T0479,A062,L023,SK008,7,0.8571428571428571,telling,adaptive,direct_policy,final_integrity_filtered_v1,selector,logged,False,0.8775411607863298,"{""generic"": 0.02081083857062206, ""probing"": 0.08901790977707486, ""focus"": 0.012630090865973265, ""telling"": 0.8775411607863298}",0.8070471394264472,0.8111311947058126,0.004084055279365395,0.004084055279365395,0.02116607790745124,bkt_update,0.40149484926111056,0.28425034799760834,0.49452586956240535,0.6735985280060381,resolved,R0479,learner_response,True,True,True,True,,,False,True,,correct,,0.02081083857062206,0.08901790977707486,0.012630090865973265,0.8775411607863298,-0.03321011797123097,0.0,0.24312133908594172,0.4682844839710498,0.19834152727130921,0.0,0.0,0.0,0.0,1.0,0.0,6.0,1.0,0.562080716785694,0.7018029207147941,0.5901695001684801,0.0,True,True,True,True,True,"[.8,1]",late
T0480,A062,L023,SK008,8,1.0,generic,adaptive,direct_policy,final_integrity_filtered_v1,selector,logged,False,0.18624883090992195,"{""generic"": 0.18624883090992195, ""probing"": 0.13112642785012843, ""focus"": 0.6543470950827552, ""telling"": 0.02827764615719454}",0.8111311947058126,0.827900690720854,0.016769496015041407,0.016769496015041407,0.0887891252815454,bkt_update,0.615657401176331,0.42855736801802574,0.5236126224243817,0.6814828450084498,resolved,R0480,learner_response,True,True,True,True,,,False,True,,correct,,0.18624883090992195,0.13112642785012843,0.6543470950827552,0.02827764615719454,0.016272263663685886,0.0,0.6607490599157989,0.4723672983475654,0.4246727498544269,0.0,0.0,0.0,0.0,1.0,0.0,7.0,0.0,0.0,0.0,0.0,1.0,True,True,True,True,False,"[.8,1]",late
T0481,A063,L024,SK003,1,0.0,generic,adaptive,direct_policy,final_integrity_filtered_v1,selector,logged,False,0.859717494556625,"{""generic"": 0.859717494556625, ""probing"": 0.016643830883684575, ""focus"": 0.05263342844708893, ""telling"": 0.07100524611260155}",0.19241260887010264,0.425195863741172,0.23278325487106938,0.23278325487106938,0.2882452814739737,bkt_update,0.3089632354304367,0.6438712216557976,0.4014698381195848,0.5777621492225713,resolved,R0481,learner_response,True,True,True,True,,,False,True,,correct,,0.859717494556625,0.016643830883684575,0.05263342844708893,0.07100524611260155,0.0,1.0,0.4667052922944509,0.37862767578766,0.10257934691719345,0.0,0.0,0.0,0.0,0.0,1.0,0.0,0.0,0.0,0.0,0.0,1.0,True,True,True,False,False,"[0,.2)",early
T0482,A063,L024,SK003,2,0.14285714285714285,focus,adaptive,direct_policy,final_integrity_filtered_v1,selector,logged,False,0.4306454631407729,"{""generic"": 0.08164892942639403, ""probing"": 0.303771971496959, ""focus"": 0.4306454631407729, ""telling"": 0.18393363593587414}",0.425195863741172,0.4188488318550879,-0.006347031886084098,-0.006347031886084098,-0.014927313333291748,bkt_update,0.46483076214317726,0.43884422672127954,0.4291175381511914,0.5201101108602945,resolved,R0482,learner_response,True,True,True,True,,,False,True,,incorrect,,0.08164892942639403,0.303771971496959,0.4306454631407729,0.18393363593587414,0.051861374693479116,0.0,0.394269688727375,0.6623045854553004,0.33270741683325716,0.0,1.0,0.0,0.0,0.0,0.0,1.0,0.37992267269899027,0.5475104688556671,0.5639142974367168,0.5678897440947887,0.0,True,True,True,True,True,"[.4,.6)",early
T0483,A063,L024,SK003,3,0.2857142857142857,focus,adaptive,direct_policy,final_integrity_filtered_v1,selector,logged,False,0.2593437371238722,"{""generic"": 0.569420187847152, ""probing"": 0.041456064056868865, ""focus"": 0.2593437371238722, ""telling"": 0.12978001097210712}",0.4188488318550879,0.653935214610025,0.2350863827549371,0.2350863827549371,0.4045184723715766,bkt_update,0.22838021240322642,0.34398137894473024,0.47727222133163977,0.4661556205666366,resolved,R0483,learner_response,True,True,True,True,,,False,True,,correct,,0.569420187847152,0.041456064056868865,0.2593437371238722,0.12978001097210712,0.10710004804015127,0.0,0.0,0.0,0.0,1.0,0.0,0.0,1.0,0.0,0.0,2.0,0.5254786085563476,0.48739693818433466,0.42267370489515327,0.6389669282526294,0.0,True,True,False,True,True,"[.4,.6)",early
T0484,A063,L024,SK003,4,0.42857142857142855,generic,adaptive,direct_policy,final_integrity_filtered_v1,selector,logged,False,0.10773629037511807,"{""generic"": 0.10773629037511807, ""probing"": 0.00773024973129215, ""focus"": 0.831947046131797, ""telling"": 0.05258641376179286}",0.653935214610025,0.46450662542538956,-0.18942858918463545,-0.18942858918463545,-0.28967485609044835,bkt_update,0.8231294576047468,0.8029355685464705,0.4082379727415004,0.24272837662721214,resolved,R0484,learner_response,True,True,True,True,,,False,True,,incorrect,,0.10773629037511807,0.00773024973129215,0.831947046131797,0.05258641376179286,0.017303957655355792,0.0,0.05726484800212042,0.8765009114539392,0.004735688836971286,0.0,0.0,0.0,1.0,0.0,0.0,3.0,0.0,0.0,0.0,0.0,1.0,True,True,True,True,False,"[.6,.8)",middle
T0485,A063,L024,SK003,5,0.5714285714285714,generic,adaptive,direct_policy,final_integrity_filtered_v1,selector,logged,False,0.9824867664740098,"{""generic"": 0.9824867664740098, ""probing"": 0.004008750027466896, ""focus"": 0.005339080992806778, ""telling"": 0.008165402505716709}",0.46450662542538956,0.5499561315911643,0.08544950616577474,0.08544950616577474,0.15957154695640222,bkt_update,0.7843763446143918,0.3178472894586588,0.507945016958577,0.5415726239682791,resolved,R0485,learner_response,True,True,True,True,,,False,True,,correct,,0.9824867664740098,0.004008750027466896,0.005339080992806778,0.008165402505716709,0.028650816757840716,0.0,0.7770307748819968,0.3231300964112613,0.7310749625960098,0.0,1.0,0.0,0.0,0.0,0.0,4.0,0.8276581922525157,0.9238465868960174,0.5300388726319396,0.3140989020048479,0.0,True,True,True,True,True,"[.4,.6)",middle
T0486,A063,L024,SK003,6,0.7142857142857143,probing,adaptive,direct_policy,final_integrity_filtered_v1,selector,logged,False,0.5774575053433922,"{""generic"": 0.09224599862746105, ""probing"": 0.5774575053433922, ""focus"": 0.145913207360864, ""telling"": 0.18438328866828269}",0.5499561315911643,0.3847896991902404,-0.16516643240092388,-0.16516643240092388,-0.3003265586348769,bkt_update,0.1760375571175453,0.2554587969028761,0.97542444661305,0.2239510526681483,resolved,R0486,learner_response,True,True,True,True,,,False,True,,incorrect,,0.09224599862746105,0.5774575053433922,0.145913207360864,0.18438328866828269,-0.029298160110223886,0.0,0.17809223592196743,0.8401528404082831,0.13413367176879515,0.0,1.0,0.0,0.0,0.0,0.0,5.0,0.7551761586408973,0.3089140824013028,0.33565085460963306,0.5080721412397415,0.0,True,True,True,True,True,"[.4,.6)",late
T0487,A063,L024,SK003,7,0.8571428571428571,generic,adaptive,direct_policy,final_integrity_filtered_v1,selector,logged,False,0.748195861404502,"{""generic"": 0.748195861404502, ""probing"": 0.08003164558375124, ""focus"": 0.09653985039027742, ""telling"": 0.07523264262146948}",0.3847896991902404,0.511956501893023,0.12716680270278258,0.12716680270278258,0.20670460578342323,bkt_update,0.46357240355416857,0.45113347162003953,0.2358334117938289,0.8875261897159789,resolved,R0487,learner_response,True,True,True,True,,,False,True,,correct,,0.748195861404502,0.08003164558375124,0.09653985039027742,0.07523264262146948,-0.0661417963520925,0.0,0.5030015155881224,0.4836505401831655,0.4671576849156989,0.0,0.0,1.0,0.0,0.0,0.0,6.0,0.21495684845598936,0.13554596551077538,0.8687901591354399,0.3600995754430184,0.0,True,True,True,True,True,"[.2,.4)",late
T0488,A063,L024,SK003,8,1.0,focus,adaptive,direct_policy,final_integrity_filtered_v1,selector,logged,False,0.7373346752380529,"{""generic"": 0.019715569555315293, ""probing"": 0.02729827518268259, ""focus"": 0.7373346752380529, ""telling"": 0.21565148002394932}",0.511956501893023,0.5972980320900407,0.08534153019701773,0.08534153019701773,0.174864598192662,bkt_update,0.24351947867756982,0.5240709400927823,0.4940803936006796,0.41679600243520115,resolved,R0488,learner_response,True,True,True,True,,,False,True,,correct,,0.019715569555315293,0.02729827518268259,0.7373346752380529,0.21565148002394932,0.05925939479197792,0.0,0.5011562803667295,0.427918547319642,0.47911804564743254,0.0,1.0,0.0,0.0,0.0,0.0,7.0,0.5282588163190627,0.5124959918671557,0.22538429416087968,0.9534795336876309,0.0,True,True,True,True,True,"[.4,.6)",late
T0489,A064,L024,SK003,1,0.0,generic,adaptive,direct_policy,final_integrity_filtered_v1,selector,logged,False,0.4734583860367441,"{""generic"": 0.4734583860367441, ""probing"": 0.16126210401515126, ""focus"": 0.020502733358940334, ""telling"": 0.34477677658916434}",0.23189245825912533,0.41606726099105884,0.1841748027319335,0.1841748027319335,0.23977736543832281,bkt_update,0.7278367137891358,0.7627761142333609,0.09756141767300419,0.5109830923697639,resolved,R0489,learner_response,True,True,True,True,,,False,True,,correct,,0.4734583860367441,0.16126210401515126,0.020502733358940334,0.34477677658916434,0.0,1.0,0.6333040881311582,0.3106177022587598,0.5885563007334962,0.0,0.0,0.0,0.0,0.0,1.0,0.0,0.0,0.0,0.0,0.0,1.0,True,True,True,False,False,"[.2,.4)",early
T0490,A064,L024,SK003,2,0.14285714285714285,telling,adaptive,direct_policy,final_integrity_filtered_v1,selector,logged,False,0.7999325939035558,"{""generic"": 0.07611842809895417, ""probing"": 0.027882525095927514, ""focus"": 0.09606645290156247, ""telling"": 0.7999325939035558}",0.41606726099105884,0.5776210041350287,0.16155374314396986,0.16155374314396986,0.27666498613891927,bkt_update,0.446633289333919,0.6328520711299336,0.46975258941754683,0.6985759039761213,resolved,R0490,learner_response,True,True,True,True,,,False,True,,correct,,0.07611842809895417,0.027882525095927514,0.09606645290156247,0.7999325939035558,0.14114672968357214,0.0,0.882188879136644,0.36934200186590044,0.6951838494843849,0.0,1.0,0.0,0.0,0.0,0.0,1.0,0.0,0.0,0.0,0.0,1.0,True,True,True,True,False,"[.4,.6)",early
T0491,A064,L024,SK003,3,0.2857142857142857,probing,adaptive,direct_policy,final_integrity_filtered_v1,selector,logged,False,0.870474435339654,"{""generic"": 0.063712595984593, ""probing"": 0.870474435339654, ""focus"": 0.01666123078587464, ""telling"": 0.04915173788987865}",0.5776210041350287,0.6909074151126093,0.11328641097758063,0.11328641097758063,0.268210332631684,bkt_update,0.5479949683612938,0.6887466410726741,0.8863934929097733,0.5732105113873867,resolved,R0491,learner_response,True,True,True,True,,,False,True,,correct,,0.063712595984593,0.870474435339654,0.01666123078587464,0.04915173788987865,0.07800894113582083,0.0,0.6690911431876143,0.2713842402646428,0.45931161130583553,0.0,0.0,0.0,0.0,1.0,0.0,2.0,0.0,0.0,0.0,0.0,1.0,True,True,True,True,False,"[.4,.6)",early
T0492,A064,L024,SK003,4,0.42857142857142855,generic,adaptive,direct_policy,final_integrity_filtered_v1,selector,logged,False,0.9005727360031515,"{""generic"": 0.9005727360031515, ""probing"": 0.044130075864593596, ""focus"": 0.03211826086469453, ""telling"": 0.023178927267560268}",0.6909074151126093,0.7203601316846917,0.02945271657208237,0.02945271657208237,0.09528768405367166,bkt_update,0.7707492931888033,0.3034690946934122,0.569025860206811,0.5585975563429302,resolved,R0492,learner_response,True,True,True,True,,,False,True,,correct,,0.9005727360031515,0.044130075864593596,0.03211826086469453,0.023178927267560268,0.07035874098236196,0.0,0.8014321122412089,0.3449253571509834,0.6409295123889992,0.0,0.0,1.0,0.0,0.0,0.0,3.0,0.0,0.0,0.0,0.0,1.0,True,True,True,True,False,"[.6,.8)",middle
T0493,A064,L024,SK003,5,0.5714285714285714,focus,adaptive,direct_policy,final_integrity_filtered_v1,selector,logged,False,0.49935207709989665,"{""generic"": 0.2713887976649438, ""probing"": 0.10135820048603943, ""focus"": 0.49935207709989665, ""telling"": 0.12790092474912004}",0.7203601316846917,0.7316353584796351,0.011275226794943416,0.011275226794943416,0.04032052676491043,bkt_update,0.76950175669626,0.3791040473753915,0.36094854785559743,0.6527773847141618,resolved,R0493,learner_response,True,True,True,True,,,False,True,,correct,,0.2713887976649438,0.10135820048603943,0.49935207709989665,0.12790092474912004,0.012183894144614866,0.0,0.348000257265155,0.7510474091196551,0.44196139005730506,0.0,1.0,0.0,0.0,0.0,0.0,4.0,0.7373952122039504,0.28170261602217417,0.6630638633099726,0.5418702594427008,0.0,True,True,True,True,True,"[.6,.8)",middle
T0494,A064,L024,SK003,6,0.7142857142857143,probing,adaptive,direct_policy,final_integrity_filtered_v1,selector,logged,False,0.9035653583968226,"{""generic"": 0.04753794065713182, ""probing"": 0.9035653583968226, ""focus"": 0.020495305684149756, ""telling"": 0.028401395261896032}",0.7316353584796351,0.7588995198699883,0.027264161390353148,0.027264161390353148,0.10159371680223456,bkt_update,0.3541281004628983,0.77491711078851,0.5038191719473661,0.40125263127651467,resolved,R0494,learner_response,True,True,True,True,,,False,True,,correct,,0.04753794065713182,0.9035653583968226,0.020495305684149756,0.028401395261896032,-0.0170731582493142,0.0,0.2826240445790259,0.5710830072045125,0.28176148107464943,0.0,0.0,0.0,1.0,0.0,0.0,5.0,0.6313509715201474,0.22623975491144516,0.406855447031169,0.5230200363657646,0.0,True,True,True,True,True,"[.6,.8)",late
T0495,A064,L024,SK003,7,0.8571428571428571,focus,adaptive,direct_policy,final_integrity_filtered_v1,selector,logged,False,0.5712504859277174,"{""generic"": 0.008929934091593235, ""probing"": 0.38073147813250663, ""focus"": 0.5712504859277174, ""telling"": 0.039088101848182816}",0.7588995198699883,0.7841819771989333,0.025282457328945074,0.025282457328945074,0.10486274152300189,bkt_update,0.42329322575729716,0.10375560437422507,0.5046866222668664,0.765711799909808,resolved,R0495,learner_response,True,True,True,True,,,False,True,,correct,,0.008929934091593235,0.38073147813250663,0.5712504859277174,0.039088101848182816,0.05668873280699949,0.0,0.6046122201947559,0.4012021378855575,0.3530253992238528,0.0,0.0,1.0,0.0,0.0,0.0,6.0,0.29941536762362003,0.9796521539483685,0.6754377796717166,0.46293113698594895,0.0,True,True,True,True,True,"[.6,.8)",late
T0496,A064,L024,SK003,8,1.0,focus,adaptive,direct_policy,final_integrity_filtered_v1,selector,logged,False,0.7224494129156553,"{""generic"": 0.027787256095851944, ""probing"": 0.0696858582646997, ""focus"": 0.7224494129156553, ""telling"": 0.180077472723793}",0.7841819771989333,0.8143531556098841,0.03017117841095074,0.03017117841095074,0.13979916051200902,bkt_update,0.36204071537607285,0.7097373176768251,0.8912343506243341,0.4331893226162688,resolved,R0496,learner_response,True,True,True,True,,,False,True,,correct,,0.027787256095851944,0.0696858582646997,0.7224494129156553,0.180077472723793,0.04372616063851992,0.0,0.565322183461233,0.32736330906895167,0.5312144573035528,0.0,0.0,0.0,1.0,0.0,0.0,7.0,0.34106179721608,0.3257774574443617,0.395488131687406,0.693438289213109,0.0,True,True,True,True,True,"[.6,.8)",late
T0497,A065,L024,SK001,1,0.0,telling,adaptive,direct_policy,final_integrity_filtered_v1,selector,logged,False,0.6503067321751262,"{""generic"": 0.25084301300222417, ""probing"": 0.04511895785220655, ""focus"": 0.05373129697044297, ""telling"": 0.6503067321751262}",0.5621217184340884,0.6172493600773056,0.05512764164321715,0.05512764164321715,0.12589718185170842,bkt_update,0.4593743492742795,0.37880163861094457,0.3356608390382138,0.08022460593789892,resolved,R0497,learner_response,True,True,True,True,,,False,True,,correct,,0.25084301300222417,0.04511895785220655,0.05373129697044297,0.6503067321751262,0.0,1.0,0.7228571771437233,0.2634046115578387,0.4631300492941546,0.0,0.0,0.0,0.0,0.0,1.0,0.0,0.0,0.0,0.0,0.0,1.0,True,True,True,False,False,"[.4,.6)",early
T0498,A065,L024,SK001,2,0.16666666666666666,focus,adaptive,direct_policy,final_integrity_filtered_v1,selector,logged,False,0.3448919290084181,"{""generic"": 0.09871699621133855, ""probing"": 0.5163506966675087, ""focus"": 0.3448919290084181, ""telling"": 0.04004037811273481}",0.6172493600773056,0.5916639756215111,-0.025585384455794502,-0.025585384455794502,-0.041450645574731965,bkt_update,0.3331776948533904,0.6923379674044045,0.7095473169436948,0.5915283740867092,resolved,R0498,learner_response,True,True,True,True,,,False,True,,incorrect,,0.09871699621133855,0.5163506966675087,0.3448919290084181,0.04004037811273481,0.0366492939729641,0.0,0.42432037471723033,0.5364854333514394,0.49336119828105846,0.0,0.0,0.0,0.0,1.0,0.0,1.0,0.36406734137718344,0.3237443340285758,0.357251381352612,0.13288308663267456,0.0,True,True,True,True,True,"[.6,.8)",early
T0499,A065,L024,SK001,3,0.3333333333333333,telling,adaptive,direct_policy,final_integrity_filtered_v1,selector,logged,False,0.6770416509513356,"{""generic"": 0.11099944809788719, ""probing"": 0.02413675583535118, ""focus"": 0.1878221451154261, ""telling"": 0.6770416509513356}",0.5916639756215111,0.6311410728139131,0.039477097192402,0.039477097192402,0.09667796823091578,bkt_update,0.7397802317222019,0.7543162572946982,0.35889691378225874,0.6953005766257101,resolved,R0499,learner_response,True,True,True,True,,,False,True,,correct,,0.11099944809788719,0.02413675583535118,0.1878221451154261,0.6770416509513356,0.033131190312495236,0.0,0.6182503460438115,0.31892512570606485,0.47181430448743544,0.0,0.0,0.0,1.0,0.0,0.0,2.0,0.0,0.0,0.0,0.0,1.0,True,True,True,True,False,"[.4,.6)",middle
T0500,A065,L024,SK001,4,0.5,probing,adaptive,direct_policy,final_integrity_filtered_v1,selector,logged,False,0.627522245127964,"{""generic"": 0.31492891828293973, ""probing"": 0.627522245127964, ""focus"": 0.04523469982233045, ""telling"": 0.012314136766765911}",0.6311410728139131,0.7222859600007145,0.09114488718680147,0.09114488718680147,0.2470995832529206,bkt_update,0.7080785634605743,0.1220348058109516,0.6908930659547662,0.2424484287477254,resolved,R0500,learner_response,True,True,True,True,,,False,True,,correct,,0.31492891828293973,0.627522245127964,0.04523469982233045,0.012314136766765911,0.026659784819163302,0.0,0.7667980805719558,0.36084244388993514,0.47623345281971047,0.0,0.0,0.0,0.0,1.0,0.0,3.0,0.8100022176211343,1.0,0.40657421019839257,0.7424978173745165,0.0,True,True,True,True,True,"[.6,.8)",middle
T0501,A065,L024,SK001,5,0.6666666666666666,focus,adaptive,direct_policy,final_integrity_filtered_v1,selector,logged,False,0.676940900385262,"{""generic"": 0.04536635220567143, ""probing"": 0.12241273087377783, ""focus"": 0.676940900385262, ""telling"": 0.15528001653528894}",0.7222859600007145,0.7657561965563293,0.04347023655561477,0.04347023655561477,0.1565287680656211,bkt_update,0.5595929982750283,0.8452034609017139,0.35868606542570897,0.42822875134529614,resolved,R0501,learner_response,True,True,True,True,,,False,True,,correct,,0.04536635220567143,0.12241273087377783,0.676940900385262,0.15528001653528894,0.09096123423822665,0.0,0.6500453805332247,0.3684345305625357,0.4447091725626833,0.0,0.0,1.0,0.0,0.0,0.0,4.0,0.0,0.0,0.0,0.0,1.0,True,True,True,True,False,"[.6,.8)",late
T0502,A065,L024,SK001,6,0.8333333333333334,telling,adaptive,direct_policy,final_integrity_filtered_v1,selector,logged,False,0.7593360278282436,"{""generic"": 0.06640865922293766, ""probing"": 0.13091850931708052, ""focus"": 0.04333680363173816, ""telling"": 0.7593360278282436}",0.7657561965563293,0.6929140107745112,-0.07284218578181811,-0.07284218578181811,-0.09512451366295906,bkt_update,0.3067775794679678,0.6292081401749162,0.31037148300980577,0.37014264491070215,resolved,R0502,learner_response,True,True,True,True,,,False,True,,incorrect,,0.06640865922293766,0.13091850931708052,0.04333680363173816,0.7593360278282436,0.07134697079396497,0.0,0.67660248515323,0.42416706034741575,0.4810982861839156,0.0,0.0,0.0,1.0,0.0,0.0,5.0,0.7513724466964546,1.0,0.4463977931985156,0.3347342070726904,0.0,True,True,True,True,True,"[.6,.8)",late
T0503,A065,L024,SK001,7,1.0,probing,adaptive,direct_policy,final_integrity_filtered_v1,selector,logged,False,0.785930718156234,"{""generic"": 0.03415617484928499, ""probing"": 0.785930718156234, ""focus"": 0.13144548698600933, ""telling"": 0.04846762000847171}",0.6929140107745112,0.6188882504146751,-0.0740257603598361,-0.0740257603598361,-0.10683253507472465,bkt_update,0.6470738378044116,0.6677323772557514,0.15613534532076523,0.5176206597920502,resolved,R0503,learner_response,True,True,True,True,,,False,True,,incorrect,,0.03415617484928499,0.785930718156234,0.13144548698600933,0.04846762000847171,-0.06393244641956082,0.0,0.43762561725573185,0.6605969232092771,0.13227958968806802,0.0,0.0,0.0,0.0,1.0,0.0,6.0,0.20289495655098094,0.4253943574114345,0.12586148753277546,0.5686283511744726,0.0,True,True,True,True,True,"[.6,.8)",late
T0504,A066,L025,SK005,1,0.0,focus,adaptive,direct_policy,final_integrity_filtered_v1,selector,logged,False,0.7654741496046967,"{""generic"": 0.02838370643886759, ""probing"": 0.19883144740280814, ""focus"": 0.7654741496046967, ""telling"": 0.007310696553627559}",0.23078916466100718,0.4264132406087935,0.1956240759477863,0.1956240759477863,0.2543178891409848,bkt_update,0.2259400876125056,0.7427617485515402,0.07854909085566504,0.677756308510223,resolved,R0504,learner_response,True,True,True,True,,,False,True,,correct,,0.02838370643886759,0.19883144740280814,0.7654741496046967,0.007310696553627559,0.0,1.0,0.5512804470582943,0.4817601429372537,0.3468504907540116,0.0,0.0,0.0,0.0,0.0,1.0,0.0,0.0,0.0,0.0,0.0,1.0,True,True,True,False,False,"[.2,.4)",early
T0505,A066,L025,SK005,2,0.16666666666666666,telling,adaptive,direct_policy,final_integrity_filtered_v1,selector,logged,False,0.7463008863971561,"{""generic"": 0.1091876436020745, ""probing"": 0.016974500611821205, ""focus"": 0.1275369693889482, ""telling"": 0.7463008863971561}",0.4264132406087935,0.36974212080123886,-0.056671119807554626,-0.056671119807554626,-0.1329018764207341,bkt_update,0.3792025872968343,0.9883428257526162,0.4629989840653041,0.6429086802985202,resolved,R0505,learner_response,True,True,True,True,,,False,True,,incorrect,,0.1091876436020745,0.016974500611821205,0.1275369693889482,0.7463008863971561,-0.045337634194221904,0.0,0.19000816241170582,0.8174859815517049,0.08719677594699819,0.0,0.0,0.0,1.0,0.0,0.0,1.0,0.1963824251860424,0.7292962576314571,0.14764627071561506,0.7900239830917221,0.0,True,True,True,True,True,"[.4,.6)",early
T0506,A066,L025,SK005,3,0.3333333333333333,focus,adaptive,direct_policy,final_integrity_filtered_v1,selector,logged,False,0.2842376919152159,"{""generic"": 0.18979325105346184, ""probing"": 0.06142789041749812, ""focus"": 0.2842376919152159, ""telling"": 0.4645411666138241}",0.36974212080123886,0.5345066635783391,0.16476454277710023,0.16476454277710023,0.26142401105173535,bkt_update,0.7079434545150182,0.31141602703962584,0.4277980634247396,0.43381307392760154,resolved,R0506,learner_response,True,True,True,True,,,False,True,,correct,,0.18979325105346184,0.06142789041749812,0.2842376919152159,0.4645411666138241,0.052408243474345764,0.0,0.693861586134151,0.25023566006447095,0.7039612826458758,0.0,0.0,0.0,0.0,1.0,0.0,2.0,0.5017150219026836,1.0,0.4476194785570883,0.6609172826327135,0.0,True,True,True,True,True,"[.2,.4)",middle
T0507,A066,L025,SK005,4,0.5,focus,adaptive,direct_policy,final_integrity_filtered_v1,selector,logged,False,0.9740654344654265,"{""generic"": 0.013820719380050583, ""probing"": 0.00235823935132158, ""focus"": 0.9740654344654265, ""telling"": 0.009755606803201413}",0.5345066635783391,0.5906885430368857,0.05618187945854658,0.05618187945854658,0.12069319808190547,bkt_update,0.262851345625576,0.7287543650850846,0.3515104175549676,0.930621992160062,resolved,R0507,learner_response,True,True,True,True,,,False,True,,correct,,0.013820719380050583,0.00235823935132158,0.9740654344654265,0.009755606803201413,0.09629462451133891,0.0,0.516407155597821,0.4789148347060786,0.520564578794831,0.0,0.0,0.0,1.0,0.0,0.0,3.0,0.0,0.0,0.0,0.0,1.0,True,True,True,True,False,"[.4,.6)",middle
T0508,A066,L025,SK005,5,0.6666666666666666,telling,adaptive,direct_policy,final_integrity_filtered_v1,selector,logged,False,0.4880751834426182,"{""generic"": 0.03517396578295956, ""probing"": 0.4504984657069955, ""focus"": 0.026252385067426724, ""telling"": 0.4880751834426182}",0.5906885430368857,0.7402166138876809,0.14952807085079522,0.14952807085079522,0.3653161139446682,bkt_update,0.30387423040877404,0.692491771143222,0.2644829660348598,0.7805531697869589,resolved,R0508,learner_response,True,True,True,True,,,False,True,,correct,,0.03517396578295956,0.4504984657069955,0.026252385067426724,0.4880751834426182,0.07557982106987246,0.0,0.8439359136889569,0.33008593097959615,0.6257804819949218,0.0,0.0,0.0,1.0,0.0,0.0,4.0,0.37880369144225345,0.7965052315904148,0.5377373900440631,1.0,0.0,True,True,True,True,True,"[.4,.6)",late
T0509,A066,L025,SK005,6,0.8333333333333334,probing,adaptive,direct_policy,final_integrity_filtered_v1,selector,logged,False,0.8830501552473617,"{""generic"": 0.06389645855826402, ""probing"": 0.8830501552473617, ""focus"": 0.010762398155344913, ""telling"": 0.0422909880390293}",0.7402166138876809,0.7630244501358803,0.022807836248199376,0.022807836248199376,0.08779559227986294,bkt_update,0.9174270849681141,0.6431120164113919,0.3900676726202522,0.6481414904186813,resolved,R0509,learner_response,True,True,True,True,,,False,True,,correct,,0.06389645855826402,0.8830501552473617,0.010762398155344913,0.0422909880390293,0.10164045087588972,0.0,0.0,0.0,0.0,1.0,0.0,0.0,0.0,1.0,0.0,5.0,0.4356561109051381,0.8113175711949268,0.2917278832167167,0.6792341937928099,0.0,True,True,False,True,True,"[.6,.8)",late
T0510,A066,L025,SK005,7,1.0,telling,adaptive,direct_policy,final_integrity_filtered_v1,selector,logged,False,0.6930113961109938,"{""generic"": 0.2515316647267898, ""probing"": 0.017840074064821423, ""focus"": 0.037616865097394946, ""telling"": 0.6930113961109938}",0.7630244501358803,0.7792110966983277,0.016186646562447393,0.016186646562447393,0.0683051334693757,bkt_update,0.8020667986419653,0.6164883232538337,0.24768362930931834,0.6904417032235097,resolved,R0510,learner_response,True,True,True,True,,,False,True,,correct,,0.2515316647267898,0.017840074064821423,0.037616865097394946,0.6930113961109938,0.0067571609409216304,0.0,0.551285218409718,0.4572344078116005,0.39933516664585517,0.0,0.0,1.0,0.0,0.0,0.0,6.0,0.0,0.0,0.0,0.0,1.0,True,True,True,True,False,"[.6,.8)",late
T0511,A067,L025,SK010,1,0.0,probing,adaptive,direct_policy,final_integrity_filtered_v1,selector,logged,False,0.5934597526803274,"{""generic"": 0.3974088742178732, ""probing"": 0.5934597526803274, ""focus"": 0.007539628087124255, ""telling"": 0.0015917450146751408}",0.4154187182610384,0.4300684098679246,0.014649691606886228,0.014649691606886228,0.02506014486695092,bkt_update,0.8996889727750481,0.27662673006918514,0.4542414054120629,0.33148288070953963,resolved,R0511,learner_response,True,True,True,True,,,False,True,,correct,,0.3974088742178732,0.5934597526803274,0.007539628087124255,0.0015917450146751408,0.0,1.0,0.3263206058789735,0.40189488325428735,0.1441309637355137,0.0,0.0,0.0,0.0,0.0,1.0,0.0,0.0,0.0,0.0,0.0,1.0,True,True,True,False,False,"[.4,.6)",early
T0512,A067,L025,SK010,2,0.14285714285714285,telling,adaptive,direct_policy,final_integrity_filtered_v1,selector,logged,False,0.8856676562665574,"{""generic"": 0.01672235207041956, ""probing"": 0.08541536587781463, ""focus"": 0.012194625785208437, ""telling"": 0.8856676562665574}",0.4300684098679246,0.32605079191944497,-0.10401761794847963,-0.10401761794847963,-0.24186295845450212,bkt_update,0.9757927129141496,0.7174227983979751,0.3521827044486501,0.6386836774620757,resolved,R0512,learner_response,True,True,True,True,,,False,True,,incorrect,,0.01672235207041956,0.08541536587781463,0.012194625785208437,0.8856676562665574,-0.065975610835123,0.0,0.0,0.9072814937951686,0.12304636289557594,0.0,0.0,1.0,0.0,0.0,0.0,1.0,0.8973609548356446,0.2916899258031601,0.4796115841784661,0.29299641828373957,0.0,True,True,True,True,True,"[.4,.6)",early
T0513,A067,L025,SK010,3,0.2857142857142857,generic,adaptive,direct_policy,final_integrity_filtered_v1,selector,logged,False,0.6831884146385415,"{""generic"": 0.6831884146385415, ""probing"": 0.2307521975233808, ""focus"": 0.031491943886068116, ""telling"": 0.054567443952009576}",0.32605079191944497,0.34552874372206693,0.019477951802621962,0.019477951802621962,0.028901216247580817,bkt_update,0.29443337111702417,0.4547789924213094,0.6345908132569082,0.7999756956609652,resolved,R0513,learner_response,True,True,True,True,,,False,True,,correct,,0.6831884146385415,0.2307521975233808,0.031491943886068116,0.054567443952009576,-0.10033408777074657,0.0,0.3785619832489937,0.5515316363459573,0.31153195341786794,0.0,0.0,0.0,0.0,1.0,0.0,2.0,0.0,0.0,0.0,0.0,1.0,True,True,True,True,False,"[.2,.4)",early
T0514,A067,L025,SK010,4,0.42857142857142855,probing,adaptive,direct_policy,final_integrity_filtered_v1,selector,logged,False,0.7893899009693296,"{""generic"": 0.09337925332458767, ""probing"": 0.7893899009693296, ""focus"": 0.00858887767636325, ""telling"": 0.10864196802971957}",0.34552874372206693,0.5095302065619427,0.16400146283987577,0.16400146283987577,0.2505861965162142,bkt_update,0.6958340453518987,0.9100950728199119,0.4167917781958942,0.7707256116399662,resolved,R0514,learner_response,True,True,True,True,,,False,True,,correct,,0.09337925332458767,0.7893899009693296,0.00858887767636325,0.10864196802971957,0.033332869640449576,0.0,0.6568313996827834,0.25468454935230855,0.431391380624218,0.0,1.0,0.0,0.0,0.0,0.0,3.0,0.22524192789769015,0.5870577904630658,0.6743991233372844,0.7025765576955402,0.0,True,True,True,True,True,"[.2,.4)",middle
T0515,A067,L025,SK010,5,0.5714285714285714,focus,adaptive,direct_policy,final_integrity_filtered_v1,selector,logged,False,0.9721313828708702,"{""generic"": 0.00464680778201204, ""probing"": 0.010098365706785052, ""focus"": 0.9721313828708702, ""telling"": 0.013123443640332574}",0.5095302065619427,0.5311234075162898,0.021593200954347136,0.021593200954347136,0.04402554702295687,bkt_update,0.7341966446566623,0.6108645327147842,0.4761443475591619,0.47889211198327813,resolved,R0515,learner_response,True,True,True,True,,,False,True,,correct,,0.00464680778201204,0.010098365706785052,0.9721313828708702,0.013123443640332574,0.11637604361731851,0.0,0.0,0.0,0.0,1.0,0.0,1.0,0.0,0.0,0.0,4.0,0.6626928234930918,0.9963625334524053,0.28780150318904724,0.8121116673644112,0.0,True,True,False,True,True,"[.4,.6)",middle
T0516,A067,L025,SK010,6,0.7142857142857143,probing,adaptive,direct_policy,final_integrity_filtered_v1,selector,logged,False,0.29298630615572924,"{""generic"": 0.04599225853395229, ""probing"": 0.29298630615572924, ""focus"": 0.44332164846351635, ""telling"": 0.21769978684680202}",0.5311234075162898,0.6478952892673451,0.11677188175105524,0.11677188175105524,0.24904608936116204,bkt_update,0.6518977732519003,0.8565284901543948,0.6485660521328049,0.4196339215444539,resolved,R0516,learner_response,True,True,True,True,,,False,True,,correct,,0.04599225853395229,0.29298630615572924,0.44332164846351635,0.21769978684680202,0.0804850614892593,0.0,0.698910565875407,0.2986032744416924,0.5480292434568257,0.0,0.0,0.0,1.0,0.0,0.0,5.0,0.7572783252011852,0.7510682858464697,0.5725586679255373,0.621580740280551,0.0,True,True,True,True,True,"[.4,.6)",late
T0517,A067,L025,SK010,7,0.8571428571428571,probing,adaptive,direct_policy,final_integrity_filtered_v1,selector,logged,False,0.41563782564942525,"{""generic"": 0.3558673357028748, ""probing"": 0.41563782564942525, ""focus"": 0.07690487133825043, ""telling"": 0.1515899673094495}",0.6478952892673451,0.6870111066433741,0.03911581737602898,0.03911581737602898,0.11109143440494533,bkt_update,0.8807504591102047,0.39033479949867533,0.7185214186278742,0.7637100190218163,resolved,R0517,learner_response,True,True,True,True,,,False,True,,correct,,0.3558673357028748,0.41563782564942525,0.07690487133825043,0.1515899673094495,0.05393683149980931,0.0,0.6609539495865392,0.5332384085840538,0.2850880371019615,0.0,0.0,1.0,0.0,0.0,0.0,6.0,0.6630498190473245,0.9624489002803284,0.5272715794156325,0.6222075241844427,0.0,True,True,True,True,True,"[.6,.8)",late
T0518,A067,L025,SK010,8,1.0,generic,adaptive,direct_policy,final_integrity_filtered_v1,selector,logged,False,0.7743503183727473,"{""generic"": 0.7743503183727473, ""probing"": 0.04456416412122236, ""focus"": 0.16493459009525932, ""telling"": 0.016150927410771055}",0.6870111066433741,0.7007995681499316,0.013788461506557548,0.013788461506557548,0.044054155911681804,bkt_update,0.28922120952884217,0.6598688980489616,0.38152907103184136,0.6655372947775378,resolved,R0518,learner_response,True,True,True,True,,,False,True,,correct,,0.7743503183727473,0.04456416412122236,0.16493459009525932,0.016150927410771055,0.026441515973743345,0.0,0.4972964053116174,0.5981239681243387,0.38255859508439605,0.0,0.0,1.0,0.0,0.0,0.0,7.0,0.0,0.0,0.0,0.0,1.0,True,True,True,True,False,"[.6,.8)",late
T0519,A068,L025,SK007,1,0.0,generic,adaptive,direct_policy,final_integrity_filtered_v1,selector,logged,False,0.7056242361664977,"{""generic"": 0.7056242361664977, ""probing"": 0.22784790026469617, ""focus"": 0.05598981034386198, ""telling"": 0.010538053224944149}",0.7057945972947405,0.6233077776761188,-0.0824868196186217,-0.0824868196186217,-0.11687085723635134,bkt_update,0.8346916207680076,0.9049615910419669,0.334651983532065,0.6695592592445063,resolved,R0519,learner_response,True,True,True,True,,,False,True,,incorrect,,0.7056242361664977,0.22784790026469617,0.05598981034386198,0.010538053224944149,0.0,1.0,0.5066041571500348,0.4059825704963356,0.5455934416345194,0.0,0.0,0.0,0.0,0.0,1.0,0.0,0.0,0.0,0.0,0.0,1.0,True,True,True,False,False,"[.6,.8)",early
T0520,A068,L025,SK007,2,0.14285714285714285,focus,adaptive,direct_policy,final_integrity_filtered_v1,selector,logged,False,0.6345464289239614,"{""generic"": 0.041593623037499514, ""probing"": 0.2085617515115579, ""focus"": 0.6345464289239614, ""telling"": 0.11529819652698103}",0.6233077776761188,0.6574985053066593,0.03419072763054054,0.03419072763054054,0.09076568509859818,bkt_update,0.5082041724409346,0.18093698381506923,0.12347432571255976,0.8625408340053935,resolved,R0520,learner_response,True,True,True,True,,,False,True,,correct,,0.041593623037499514,0.2085617515115579,0.6345464289239614,0.11529819652698103,0.0012232185073806877,0.0,0.6802829327288752,0.34205491113827313,0.5483771063936234,0.0,1.0,0.0,0.0,0.0,0.0,1.0,0.8802307530725564,0.983227020627221,0.42835244147121876,0.8512019216584341,0.0,True,True,True,True,True,"[.6,.8)",early
T0521,A068,L025,SK007,3,0.2857142857142857,telling,adaptive,direct_policy,final_integrity_filtered_v1,selector,logged,False,0.7054660907497527,"{""generic"": 0.19235119529482136, ""probing"": 0.02371878205821993, ""focus"": 0.07846393189720596, ""telling"": 0.7054660907497527}",0.6574985053066593,0.6664919347426131,0.008993429435953826,0.008993429435953826,0.02625807354214938,bkt_update,0.41757154681080366,0.5823191113293479,0.5559386640155329,0.6048290460306315,resolved,R0521,learner_response,True,True,True,True,,,False,True,,correct,,0.19235119529482136,0.02371878205821993,0.07846393189720596,0.7054660907497527,0.0918587289911785,0.0,0.6150288009014229,0.5735161016556537,0.2486663672278244,0.0,0.0,0.0,1.0,0.0,0.0,2.0,0.45722429636467665,0.29543525504741336,0.11662703799088495,0.9330252994610766,0.0,True,True,True,True,True,"[.6,.8)",early
T0522,A068,L025,SK007,4,0.42857142857142855,probing,adaptive,direct_policy,final_integrity_filtered_v1,selector,logged,False,0.2674221522592117,"{""generic"": 0.18271253880752444, ""probing"": 0.2674221522592117, ""focus"": 0.47098709365734515, ""telling"": 0.07887821527591886}",0.6664919347426131,0.6748673589781751,0.008375424235561924,0.008375424235561924,0.025113108521373058,bkt_update,0.5244747244971252,0.7452859850513516,0.25887333368236737,0.562422691436208,resolved,R0522,learner_response,True,True,True,True,,,False,True,,correct,,0.18271253880752444,0.2674221522592117,0.47098709365734515,0.07887821527591886,0.11000543990778525,0.0,0.6896010454008392,0.4040714226837847,0.45147995291681076,0.0,0.0,0.0,0.0,1.0,0.0,3.0,0.28656169968370754,0.6389238912721028,0.6113702839589786,0.7433735046753975,0.0,True,True,True,True,True,"[.6,.8)",middle
T0523,A068,L025,SK007,5,0.5714285714285714,probing,adaptive,direct_policy,final_integrity_filtered_v1,selector,logged,False,0.9741310212856102,"{""generic"": 0.004337967558321634, ""probing"": 0.9741310212856102, ""focus"": 0.0045250730765869695, ""telling"": 0.01700593807948113}",0.6748673589781751,0.6193808849130839,-0.05548647406509122,-0.05548647406509122,-0.08221834013294696,bkt_update,0.25543716832246494,0.6183685463207994,0.33395872228765344,0.6584123923222234,resolved,R0523,learner_response,True,True,True,True,,,False,True,,incorrect,,0.004337967558321634,0.9741310212856102,0.0045250730765869695,0.01700593807948113,-0.03805893949189184,0.0,0.43161113790879146,0.7907183242495838,0.3917185012621114,0.0,0.0,1.0,0.0,0.0,0.0,4.0,0.5821141315429845,0.7530972439674685,0.1536270373932292,0.5783058526999297,0.0,True,True,True,True,True,"[.6,.8)",middle
T0524,A068,L025,SK007,6,0.7142857142857143,focus,adaptive,direct_policy,final_integrity_filtered_v1,selector,logged,False,0.8959478391458658,"{""generic"": 0.030472873691986552, ""probing"": 0.023306583316064604, ""focus"": 0.8959478391458658, ""telling"": 0.05027270384608306}",0.6193808849130839,0.6490141619084837,0.02963327699539986,0.02963327699539986,0.07785546185359861,bkt_update,0.7187565108470001,0.8539391693439115,0.7179392697133854,0.6761772423266691,resolved,R0524,learner_response,True,True,True,True,,,False,True,,correct,,0.030472873691986552,0.023306583316064604,0.8959478391458658,0.05027270384608306,0.006204275193405578,0.0,0.572957439819473,0.5481032741281263,0.24705841782765858,0.0,0.0,1.0,0.0,0.0,0.0,5.0,0.22679988971155338,0.7192552549689661,0.40449151715909915,0.5802219428781246,0.0,True,True,True,True,True,"[.6,.8)",late
T0525,A068,L025,SK007,7,0.8571428571428571,telling,adaptive,direct_policy,final_integrity_filtered_v1,selector,logged,False,0.7121251685245982,"{""generic"": 0.15119684779311465, ""probing"": 0.0434717737386368, ""focus"": 0.09320620994365038, ""telling"": 0.7121251685245982}",0.6490141619084837,0.6973898744227613,0.048375712514277636,0.048375712514277636,0.13782810376999918,bkt_update,0.41140428321747924,0.16240118799664532,0.555080814287006,0.18655227247095732,resolved,R0525,learner_response,True,True,True,True,,,False,True,,correct,,0.15119684779311465,0.0434717737386368,0.09320620994365038,0.7121251685245982,0.1064589926001592,0.0,0.6878452907221069,0.3540182019966339,0.5439296224500966,0.0,0.0,0.0,1.0,0.0,0.0,6.0,0.7691025432446051,0.7175585156407285,0.8215786473727221,0.6994903845665058,0.0,True,True,True,True,True,"[.6,.8)",late
T0526,A068,L025,SK007,8,1.0,probing,adaptive,direct_policy,final_integrity_filtered_v1,selector,logged,False,0.9124400809025913,"{""generic"": 0.019546746027644293, ""probing"": 0.9124400809025913, ""focus"": 0.04094354771046916, ""telling"": 0.027069625359295055}",0.6973898744227613,0.7421780928318996,0.04478821840913827,0.04478821840913827,0.14800634421503012,bkt_update,0.6359186057992289,0.5377485732595519,0.464950799876731,0.7039868295736864,resolved,R0526,learner_response,True,True,True,True,,,False,True,,correct,,0.019546746027644293,0.9124400809025913,0.04094354771046916,0.027069625359295055,0.09429829424144318,0.0,0.7802414438001913,0.2868546597024362,0.4797770765618914,0.0,0.0,0.0,0.0,1.0,0.0,7.0,0.3375588411679369,0.01279717373816236,0.45514824285156674,0.3698115347879009,0.0,True,True,True,True,True,"[.6,.8)",late
T0527,A069,L025,SK009,1,0.0,probing,adaptive,direct_policy,final_integrity_filtered_v1,selector,logged,False,0.8666578382499686,"{""generic"": 0.09812028873187403, ""probing"": 0.8666578382499686, ""focus"": 0.005885761543895774, ""telling"": 0.029336111474261715}",0.5828278997422947,0.6765196795204141,0.09369177977811949,0.09369177977811949,0.22458783729842433,bkt_update,0.6658743170774443,0.39739913875421573,0.37996388397727077,0.08766375294343788,resolved,R0527,learner_response,True,True,True,True,,,False,True,,correct,,0.09812028873187403,0.8666578382499686,0.005885761543895774,0.029336111474261715,0.0,1.0,0.7314359781780817,0.2187916365430811,0.4682900290539957,0.0,0.0,0.0,0.0,0.0,1.0,0.0,0.0,0.0,0.0,0.0,1.0,True,True,True,False,False,"[.4,.6)",early
T0528,A069,L025,SK009,2,0.14285714285714285,telling,adaptive,direct_policy,final_integrity_filtered_v1,selector,logged,False,0.6510805801656921,"{""generic"": 0.1708551697110589, ""probing"": 0.14748601355603147, ""focus"": 0.03057823656721748, ""telling"": 0.6510805801656921}",0.6765196795204141,0.7364775170831717,0.05995783756275752,0.05995783756275752,0.18535234994779637,bkt_update,0.9530618454305595,0.5217020659340906,0.41981556122534175,0.61023018265541,resolved,R0528,learner_response,True,True,True,True,,,False,True,,correct,,0.1708551697110589,0.14748601355603147,0.03057823656721748,0.6510805801656921,0.015759913527237747,0.0,0.5610743744349174,0.4343088515364688,0.6491381120928904,0.0,0.0,1.0,0.0,0.0,0.0,1.0,0.7226308683593939,0.40399751684743945,0.43223544781617146,0.28927705770798995,0.0,True,True,True,True,True,"[.6,.8)",early
T0529,A069,L025,SK009,3,0.2857142857142857,generic,adaptive,direct_policy,final_integrity_filtered_v1,selector,logged,False,0.28849545807907356,"{""generic"": 0.28849545807907356, ""probing"": 0.2916583566246426, ""focus"": 0.03294704383314262, ""telling"": 0.38689914146314114}",0.7364775170831717,0.7507414129563019,0.014263895873130261,0.014263895873130261,0.05412781374571429,bkt_update,0.8334524756612964,0.5687972581849272,0.16694802819273175,0.6110543615109583,resolved,R0529,learner_response,True,True,True,True,,,False,True,,correct,,0.28849545807907356,0.2916583566246426,0.03294704383314262,0.38689914146314114,0.030820774053282735,0.0,0.0,0.0,0.0,1.0,0.0,0.0,0.0,1.0,0.0,2.0,0.0,0.0,0.0,0.0,1.0,True,True,False,True,False,"[.6,.8)",early
T0530,A069,L025,SK009,4,0.42857142857142855,focus,adaptive,direct_policy,final_integrity_filtered_v1,selector,logged,False,0.5069683228239948,"{""generic"": 0.06649272770832987, ""probing"": 0.25301554632552714, ""focus"": 0.5069683228239948, ""telling"": 0.17352340314214815}",0.7507414129563019,0.550741412956302,-0.19999999999999996,-0.19999999999999996,-0.2664033135090168,bkt_update,0.5718871135459918,0.19238861067728796,0.7776765781923621,0.6393591016384568,resolved,R0530,learner_response,True,True,True,True,,,False,True,,incorrect,,0.06649272770832987,0.25301554632552714,0.5069683228239948,0.17352340314214815,-0.028196842456398166,0.0,0.12472773799544404,0.7605436495675553,0.4662510627318106,0.0,1.0,0.0,0.0,0.0,0.0,3.0,0.8645510203253177,0.6416012549001847,0.2895441228619713,0.7100344502072242,0.0,True,True,True,True,True,"[.6,.8)",middle
T0531,A069,L025,SK009,5,0.5714285714285714,generic,adaptive,direct_policy,final_integrity_filtered_v1,selector,logged,False,0.8910030133923444,"{""generic"": 0.8910030133923444, ""probing"": 0.038164821364681245, ""focus"": 0.012434353518864261, ""telling"": 0.05839781172411028}",0.550741412956302,0.5484887405985354,-0.0022526723577666052,-0.0022526723577666052,-0.0040902541642448475,bkt_update,0.6455035313816255,0.5649281567892821,0.46620065318796233,0.2774794485373538,resolved,R0531,learner_response,True,True,True,True,,,False,True,,incorrect,,0.8910030133923444,0.038164821364681245,0.012434353518864261,0.05839781172411028,-0.09607792381362881,0.0,0.3183307784335219,0.49156429610887675,0.3833088565633204,0.0,0.0,0.0,1.0,0.0,0.0,4.0,0.6551494843407667,0.2743285648674164,0.8801070388166423,0.6614805371239353,0.0,True,True,True,True,True,"[.4,.6)",middle
T0532,A069,L025,SK009,6,0.7142857142857143,telling,adaptive,direct_policy,final_integrity_filtered_v1,selector,logged,False,0.6275088615863943,"{""generic"": 0.03640552891494475, ""probing"": 0.06904402877725567, ""focus"": 0.2670415807214053, ""telling"": 0.6275088615863943}",0.5484887405985354,0.4288713772432804,-0.11961736335525497,-0.11961736335525497,-0.21808535800520384,bkt_update,0.4255152154384408,0.9475063852771677,0.36828179430447,0.8041629114548959,resolved,R0532,learner_response,True,True,True,True,,,False,True,,incorrect,,0.03640552891494475,0.06904402877725567,0.2670415807214053,0.6275088615863943,-0.022624460218879733,0.0,0.16945092617322627,0.8362956815047451,0.29580409939645164,0.0,1.0,0.0,0.0,0.0,0.0,5.0,0.7409480219188287,0.5423402360043401,0.4946965134546126,0.3374969541331957,0.0,True,True,True,True,True,"[.4,.6)",late
T0533,A069,L025,SK009,7,0.8571428571428571,probing,adaptive,direct_policy,final_integrity_filtered_v1,selector,logged,False,0.8365057762889803,"{""generic"": 0.157587320994225, ""probing"": 0.8365057762889803, ""focus"": 0.0020526860565992337, ""telling"": 0.00385421666019554}",0.4288713772432804,0.5215397935410383,0.0926684162977579,0.0926684162977579,0.16225489776797852,bkt_update,0.6359178980519579,0.387000401855611,0.5569989129444686,0.45393463450175164,resolved,R0533,learner_response,True,True,True,True,,,False,True,,correct,,0.157587320994225,0.8365057762889803,0.0020526860565992337,0.00385421666019554,-0.025574976163644146,0.0,0.6086951862439761,0.2557443690436665,0.4613694120127408,0.0,0.0,0.0,0.0,1.0,0.0,6.0,0.5001596423505063,1.0,0.5242457670385654,0.7071153248440621,0.0,True,True,True,True,True,"[.4,.6)",late
T0534,A069,L025,SK009,8,1.0,generic,adaptive,direct_policy,final_integrity_filtered_v1,selector,logged,False,0.7707225716669939,"{""generic"": 0.7707225716669939, ""probing"": 0.14477088280375386, ""focus"": 0.012758711937432962, ""telling"": 0.07174783359181947}",0.5215397935410383,0.5221588634167404,0.0006190698757021496,0.0006190698757021496,0.001293879548069058,bkt_update,0.6710964580459591,0.21539321153630178,0.3198625165251114,0.749056011659471,resolved,R0534,learner_response,True,True,True,True,,,False,True,,correct,,0.7707225716669939,0.14477088280375386,0.012758711937432962,0.07174783359181947,0.040754550926411975,0.0,0.44872329212620254,0.5512950396507245,0.34202690425206533,0.0,0.0,1.0,0.0,0.0,0.0,7.0,0.6443662919569849,0.49862109993686454,0.6504655265742921,0.546319702480284,0.0,True,True,True,True,True,"[.4,.6)",late
T0535,A070,L026,SK007,1,0.0,focus,adaptive,direct_policy,final_integrity_filtered_v1,selector,logged,False,0.8591630090833908,"{""generic"": 0.00534977372993575, ""probing"": 0.09839236005341485, ""focus"": 0.8591630090833908, ""telling"": 0.037094857133258594}",0.6303211424980835,0.7181230997847623,0.08780195728667883,0.08780195728667883,0.23750873360731387,bkt_update,0.6357814940681839,0.6966041933338523,0.10726312643089453,0.21328942244427904,resolved,R0535,learner_response,True,True,True,True,,,False,True,,correct,,0.00534977372993575,0.09839236005341485,0.8591630090833908,0.037094857133258594,0.0,1.0,0.6281084924558322,0.38469512700703146,0.22256418069736536,0.0,0.0,0.0,0.0,0.0,1.0,0.0,0.0,0.0,0.0,0.0,1.0,True,True,True,False,False,"[.6,.8)",early
T0536,A070,L026,SK007,2,0.14285714285714285,generic,adaptive,direct_policy,final_integrity_filtered_v1,selector,logged,False,0.49328156789816724,"{""generic"": 0.49328156789816724, ""probing"": 0.15064612608044375, ""focus"": 0.29143297065233736, ""telling"": 0.06463933536905167}",0.7181230997847623,0.7240987328052791,0.005975633020516846,0.005975633020516846,0.02119944208253293,bkt_update,0.39843804504224395,0.990809128967727,0.6429543240587248,0.5744293366486164,resolved,R0536,learner_response,True,True,True,True,,,False,True,,correct,,0.49328156789816724,0.15064612608044375,0.29143297065233736,0.06463933536905167,0.05104219031112671,0.0,0.6329320187033474,0.4738425828381452,0.47978711948357267,0.0,0.0,0.0,1.0,0.0,0.0,1.0,0.0,0.0,0.0,0.0,1.0,True,True,True,True,False,"[.6,.8)",early
T0537,A070,L026,SK007,3,0.2857142857142857,generic,adaptive,direct_policy,final_integrity_filtered_v1,selector,logged,False,0.879605217500533,"{""generic"": 0.879605217500533, ""probing"": 0.017859596387254213, ""focus"": 0.04830964344906627, ""telling"": 0.05422554266314654}",0.7240987328052791,0.691399618809941,-0.03269911399533809,-0.03269911399533809,-0.04515836378922564,bkt_update,0.8173459832801185,0.4165298032137854,0.627381106009108,0.598349990923611,resolved,R0537,learner_response,True,True,True,True,,,False,True,,incorrect,,0.879605217500533,0.017859596387254213,0.04830964344906627,0.05422554266314654,0.041058084959533676,0.0,0.0,0.0,0.0,1.0,1.0,0.0,0.0,0.0,0.0,2.0,0.0,0.0,0.0,0.0,1.0,True,True,False,True,False,"[.6,.8)",early
T0538,A070,L026,SK007,4,0.42857142857142855,probing,adaptive,direct_policy,final_integrity_filtered_v1,selector,logged,False,0.8122373962492431,"{""generic"": 0.009737787095656036, ""probing"": 0.8122373962492431, ""focus"": 0.07748483037094794, ""telling"": 0.1005399862841531}",0.691399618809941,0.7245032656258981,0.03310364681595701,0.03310364681595701,0.10727027195591614,bkt_update,0.41106124097889163,0.214235368251409,0.6515948748996941,0.1685566867665562,resolved,R0538,learner_response,True,True,True,True,,,False,True,,correct,,0.009737787095656036,0.8122373962492431,0.07748483037094794,0.1005399862841531,0.033860758990326735,0.0,0.0,0.0,0.0,1.0,1.0,0.0,0.0,0.0,0.0,3.0,0.847455919335165,0.48042640657262137,0.7216824469740896,0.6038812911038519,0.0,True,True,False,True,True,"[.6,.8)",middle
T0539,A070,L026,SK007,5,0.5714285714285714,focus,adaptive,direct_policy,final_integrity_filtered_v1,selector,logged,False,0.8376592239268529,"{""generic"": 0.05079023102066201, ""probing"": 0.06977304784229087, ""focus"": 0.8376592239268529, ""telling"": 0.041777497210194074}",0.7245032656258981,0.759913266269056,0.03541000064315791,0.03541000064315791,0.1285314714296179,bkt_update,0.5938522193472233,0.5990129929238557,0.3006549049606475,0.5616958359426657,resolved,R0539,learner_response,True,True,True,True,,,False,True,,correct,,0.05079023102066201,0.06977304784229087,0.8376592239268529,0.041777497210194074,-0.003119837261837729,0.0,0.393854711029442,0.5898232415755355,0.4917735158748486,0.0,0.0,1.0,0.0,0.0,0.0,4.0,0.2939596640706633,0.33638322609326876,0.7308774101770655,0.09004241099777634,0.0,True,True,True,True,True,"[.6,.8)",middle
T0540,A070,L026,SK007,6,0.7142857142857143,probing,adaptive,direct_policy,final_integrity_filtered_v1,selector,logged,False,0.9808905485432241,"{""generic"": 0.0057467667836150794, ""probing"": 0.9808905485432241, ""focus"": 0.00414629103719467, ""telling"": 0.009216393635966042}",0.759913266269056,0.7630064790666139,0.0030932127975579204,0.0030932127975579204,0.012883730598061137,bkt_update,0.6805980137448787,0.4213848931742449,0.6645597933160905,0.3136178764771463,resolved,R0540,learner_response,True,True,True,True,,,False,True,,correct,,0.0057467667836150794,0.9808905485432241,0.00414629103719467,0.009216393635966042,-0.03255201102700421,0.0,0.5119767162491063,0.5795047741652475,0.5658332422618085,0.0,0.0,0.0,1.0,0.0,0.0,5.0,0.4954682226913984,0.6056880680590279,0.17138256051591602,0.5534984506464796,0.0,True,True,True,True,True,"[.6,.8)",late
T0541,A070,L026,SK007,7,0.8571428571428571,probing,adaptive,direct_policy,final_integrity_filtered_v1,selector,logged,False,0.2268438166791622,"{""generic"": 0.5129694747726449, ""probing"": 0.2268438166791622, ""focus"": 0.018253644642873268, ""telling"": 0.2419330639053197}",0.7630064790666139,0.7898811122926553,0.026874633226041444,0.026874633226041444,0.11339817696364508,bkt_update,0.26405427429361883,0.2627027856030291,0.28897082783029415,0.16220035603405644,resolved,R0541,learner_response,True,True,True,True,,,False,True,,correct,,0.5129694747726449,0.2268438166791622,0.018253644642873268,0.2419330639053197,0.0810805557755643,0.0,0.6875758039539082,0.4066306216562218,0.3845503277855936,0.0,0.0,1.0,0.0,0.0,0.0,6.0,0.8195807150447747,0.38979476932635243,0.5399909529110118,0.39445198292490496,0.0,True,True,True,True,True,"[.6,.8)",late
T0542,A070,L026,SK007,8,1.0,probing,adaptive,direct_policy,final_integrity_filtered_v1,selector,logged,False,0.4927492466003121,"{""generic"": 0.16693196660953963, ""probing"": 0.4927492466003121, ""focus"": 0.103167305605807, ""telling"": 0.23715148118434135}",0.7898811122926553,0.8235043539454282,0.03362324165277286,0.03362324165277286,0.1600200820575616,bkt_update,0.6798134297601452,0.6760424846863884,0.1448669837075533,0.3593377618552257,resolved,R0542,learner_response,True,True,True,True,,,False,True,,correct,,0.16693196660953963,0.4927492466003121,0.103167305605807,0.23715148118434135,0.10049768926821663,0.0,0.6777610351595411,0.25602447819728696,0.6393140564656573,0.0,0.0,1.0,0.0,0.0,0.0,7.0,0.42243736135989773,0.341117580989317,0.438966577786986,0.22580852820630182,0.0,True,True,True,True,True,"[.6,.8)",late
T0543,A071,L026,SK009,1,0.0,focus,adaptive,direct_policy,final_integrity_filtered_v1,selector,logged,False,0.26590966278580574,"{""generic"": 0.5349653831816502, ""probing"": 0.01500307689166915, ""focus"": 0.26590966278580574, ""telling"": 0.18412187714087497}",0.21071091326946065,0.31293126233677193,0.10222034906731128,0.10222034906731128,0.12950939115443386,bkt_update,0.4527736439296366,0.16498452693510762,0.7001455609945865,0.21953288572281543,resolved,R0543,learner_response,True,True,True,True,,,False,True,,correct,,0.5349653831816502,0.01500307689166915,0.26590966278580574,0.18412187714087497,0.0,1.0,0.0,0.0,0.0,1.0,0.0,0.0,0.0,0.0,1.0,0.0,0.0,0.0,0.0,0.0,1.0,True,True,False,False,False,"[.2,.4)",early
T0544,A071,L026,SK009,2,0.16666666666666666,generic,adaptive,direct_policy,final_integrity_filtered_v1,selector,logged,False,0.8416966821983514,"{""generic"": 0.8416966821983514, ""probing"": 0.12311406513589128, ""focus"": 0.00497281825903391, ""telling"": 0.030216434406723402}",0.31293126233677193,0.4603637009845901,0.1474324386478182,0.1474324386478182,0.2145817886420606,bkt_update,0.5820532298702012,0.7024132294335369,0.41719867844970066,0.9291014262198233,resolved,R0544,learner_response,True,True,True,True,,,False,True,,correct,,0.8416966821983514,0.12311406513589128,0.00497281825903391,0.030216434406723402,0.11931183794367514,0.0,0.7248957634162394,0.37438198453108196,0.6582455668260667,0.0,0.0,0.0,1.0,0.0,0.0,1.0,0.6249912793654491,0.29160617040187325,0.6475497643088268,0.20761738976065686,0.0,True,True,True,True,True,"[.2,.4)",early
T0545,A071,L026,SK009,3,0.3333333333333333,generic,adaptive,direct_policy,final_integrity_filtered_v1,selector,logged,False,0.6849799337452038,"{""generic"": 0.6849799337452038, ""probing"": 0.022395598073731475, ""focus"": 0.1448526223079188, ""telling"": 0.14777184587314576}",0.4603637009845901,0.6616147355200065,0.20125103453541637,0.20125103453541637,0.37293828251103145,bkt_update,0.7260444878012007,0.5734945544991826,0.41531263927323,0.7060031221446249,resolved,R0545,learner_response,True,True,True,True,,,False,True,,correct,,0.6849799337452038,0.022395598073731475,0.1448526223079188,0.14777184587314576,0.11651141894470736,0.0,0.8357900922400271,0.1291185041634271,0.5641664446760304,0.0,1.0,0.0,0.0,0.0,0.0,2.0,0.6208251592350047,0.6552876174447416,0.7111698876108223,0.8596302625477,0.0,True,True,True,True,True,"[.4,.6)",middle
T0546,A071,L026,SK009,4,0.5,focus,adaptive,direct_policy,final_integrity_filtered_v1,selector,logged,False,0.39654623584236676,"{""generic"": 0.006225912802009156, ""probing"": 0.1521018623888394, ""focus"": 0.39654623584236676, ""telling"": 0.4451259889667848}",0.6616147355200065,0.7265682407646304,0.06495350524462395,0.06495350524462395,0.19195134086125146,bkt_update,0.2775713581769195,0.7450731890520963,0.5764081481197056,0.6384577423578583,resolved,R0546,learner_response,True,True,True,True,,,False,True,,correct,,0.006225912802009156,0.1521018623888394,0.39654623584236676,0.4451259889667848,0.05942063220219597,0.0,0.7606753979372014,0.20109984182875426,0.7837175286382019,0.0,1.0,0.0,0.0,0.0,0.0,3.0,0.7971333708725239,0.7205821803932636,0.6308500270240242,0.8915333899526358,0.0,True,True,True,True,True,"[.6,.8)",middle
T0547,A071,L026,SK009,5,0.6666666666666666,focus,adaptive,direct_policy,final_integrity_filtered_v1,selector,logged,False,0.7642540848921937,"{""generic"": 0.06008931238092241, ""probing"": 0.05323586187069844, ""focus"": 0.7642540848921937, ""telling"": 0.12242074085618541}",0.7265682407646304,0.7405802066172816,0.014011965852651187,0.014011965852651187,0.05124483670746423,bkt_update,0.8985582984409501,0.5904827679370589,0.513069778357564,0.6389499608475087,resolved,R0547,learner_response,True,True,True,True,,,False,True,,correct,,0.06008931238092241,0.05323586187069844,0.7642540848921937,0.12242074085618541,0.05337127381237135,0.0,0.5742354767424359,0.42957165880707465,0.18606276438071617,0.0,0.0,0.0,1.0,0.0,0.0,4.0,0.0,0.0,0.0,0.0,1.0,True,True,True,True,False,"[.6,.8)",late
T0548,A071,L026,SK009,6,0.8333333333333334,telling,adaptive,direct_policy,final_integrity_filtered_v1,selector,logged,False,0.6787533439628645,"{""generic"": 0.023972633973767456, ""probing"": 0.2621005854841181, ""focus"": 0.03517343657924999, ""telling"": 0.6787533439628645}",0.7405802066172816,0.7785490523761404,0.03796884575885873,0.03796884575885873,0.14636063526133422,bkt_update,0.5575617109548037,0.8467107859024144,0.5346256082175909,0.46879267372093136,resolved,R0548,learner_response,True,True,True,True,,,False,True,,correct,,0.023972633973767456,0.2621005854841181,0.03517343657924999,0.6787533439628645,0.06222489471432264,0.0,0.8411264851197797,0.02602134083616703,0.6448892943730654,0.0,0.0,0.0,1.0,0.0,0.0,5.0,1.0,0.7734285275455065,0.5353866501128681,0.6861481941015886,0.0,True,True,True,True,True,"[.6,.8)",late
T0549,A071,L026,SK009,7,1.0,generic,adaptive,direct_policy,final_integrity_filtered_v1,selector,logged,False,0.09595378994827178,"{""generic"": 0.09595378994827178, ""probing"": 0.11291388508124646, ""focus"": 0.7848759699984019, ""telling"": 0.006256354972079728}",0.7785490523761404,0.7732592233026392,-0.005289829073501173,-0.005289829073501173,-0.0067944711477800354,bkt_update,0.5987909410402088,0.22893830978245003,0.48922262699878105,0.44583621065568213,resolved,R0549,learner_response,True,True,True,True,,,False,True,,incorrect,,0.09595378994827178,0.11291388508124646,0.7848759699984019,0.006256354972079728,0.024694904305615245,0.0,0.28365210172246413,0.6643239309368346,0.3017232922456946,0.0,0.0,0.0,0.0,1.0,0.0,6.0,0.5393589457154575,0.9030003849471835,0.5712330484197484,0.5592245185845468,0.0,True,True,True,True,True,"[.6,.8)",late
T0550,A072,L026,SK008,1,0.0,generic,adaptive,direct_policy,final_integrity_filtered_v1,selector,logged,False,0.6752628147009233,"{""generic"": 0.6752628147009233, ""probing"": 0.16457575687426496, ""focus"": 0.08763341289049434, ""telling"": 0.07252801553431745}",0.21479598482997767,0.21357434764265623,-0.0012216371873214338,-0.0012216371873214338,-0.005687430276168449,bkt_update,0.8041094596396675,0.7597224996662229,0.23591918865156417,0.47110233197181234,resolved,R0550,learner_response,True,True,True,True,,,False,True,,incorrect,,0.6752628147009233,0.16457575687426496,0.08763341289049434,0.07252801553431745,0.0,1.0,0.5642958883381706,0.5871639312856891,0.41559066521895144,0.0,0.0,0.0,0.0,0.0,1.0,0.0,0.0,0.0,0.0,0.0,1.0,True,True,True,False,False,"[.2,.4)",early
T0551,A072,L026,SK008,2,0.14285714285714285,focus,adaptive,direct_policy,final_integrity_filtered_v1,selector,logged,False,0.8527154927874528,"{""generic"": 0.0541773788420895, ""probing"": 0.07882356330040229, ""focus"": 0.8527154927874528, ""telling"": 0.014283565070055215}",0.21357434764265623,0.21487857523009374,0.0013042275874375064,0.0013042275874375064,0.0016584245230658865,bkt_update,0.8048832918883315,0.7970706983874783,0.7942347294052522,0.7137620678865527,resolved,R0551,learner_response,True,True,True,True,,,False,True,,correct,,0.0541773788420895,0.07882356330040229,0.8527154927874528,0.014283565070055215,0.05446777991762349,0.0,0.487360530202666,0.5788302194463524,0.4965365735337314,0.0,1.0,0.0,0.0,0.0,0.0,1.0,0.7781909375285042,0.6516693678932248,0.23578006190383202,0.5550932549839204,0.0,True,True,True,True,True,"[.2,.4)",early
T0552,A072,L026,SK008,3,0.2857142857142857,telling,adaptive,direct_policy,final_integrity_filtered_v1,selector,logged,False,0.7575455480944185,"{""generic"": 0.09656336958202921, ""probing"": 0.12831881759771055, ""focus"": 0.017572264725841703, ""telling"": 0.7575455480944185}",0.21487857523009374,0.3478581513093635,0.13297957607926975,0.13297957607926975,0.1693745347966294,bkt_update,0.9277624614475763,0.3044469819179122,0.4143036239678322,0.9075696563101764,resolved,R0552,learner_response,True,True,True,True,,,False,True,,correct,,0.09656336958202921,0.12831881759771055,0.017572264725841703,0.7575455480944185,0.09340151198930187,0.0,0.48863414820557305,0.4796008798596686,0.4464616410243594,0.0,0.0,0.0,1.0,0.0,0.0,2.0,0.7938329539896165,0.6969957363554035,0.7859267626505403,0.8258783225959447,0.0,True,True,True,True,True,"[.2,.4)",early
T0553,A072,L026,SK008,4,0.42857142857142855,generic,adaptive,direct_policy,final_integrity_filtered_v1,selector,logged,False,0.7663431414817096,"{""generic"": 0.7663431414817096, ""probing"": 0.0547107919555334, ""focus"": 0.1630632452636453, ""telling"": 0.01588282129911172}",0.3478581513093635,0.4422120698878217,0.0943539185784582,0.0943539185784582,0.144683121881997,bkt_update,0.48626084640338635,0.7303100466690327,0.19213743297409555,0.5598503578377159,resolved,R0553,learner_response,True,True,True,True,,,False,True,,correct,,0.7663431414817096,0.0547107919555334,0.1630632452636453,0.01588282129911172,0.1208731916775635,0.0,0.43898193607962477,0.5192872938183246,0.40207782352928867,0.0,0.0,0.0,0.0,1.0,0.0,3.0,0.916053337791521,0.2556013705422776,0.36980451402670783,0.7993021718103257,0.0,True,True,True,True,True,"[.2,.4)",middle
T0554,A072,L026,SK008,5,0.5714285714285714,telling,adaptive,direct_policy,final_integrity_filtered_v1,selector,logged,False,0.7437013531579048,"{""generic"": 0.06554137658240759, ""probing"": 0.07759868299672065, ""focus"": 0.11315858726296699, ""telling"": 0.7437013531579048}",0.4422120698878217,0.5945770558893819,0.15236498600156023,0.15236498600156023,0.27315934565116473,bkt_update,0.8778487027699963,0.505356546784828,0.5286488804144246,0.705049767308752,resolved,R0554,learner_response,True,True,True,True,,,False,True,,correct,,0.06554137658240759,0.07759868299672065,0.11315858726296699,0.7437013531579048,0.034766949206904374,0.0,0.6233856038447685,0.44615966842744603,0.5534602364584258,0.0,1.0,0.0,0.0,0.0,0.0,4.0,0.4541193455780581,0.5575348642278589,0.21403428118136175,0.7305350446338501,0.0,True,True,True,True,True,"[.4,.6)",middle
T0555,A072,L026,SK008,6,0.7142857142857143,generic,adaptive,direct_policy,final_integrity_filtered_v1,selector,logged,False,0.9357138516303324,"{""generic"": 0.9357138516303324, ""probing"": 0.01792404357396751, ""focus"": 0.007247056669656584, ""telling"": 0.03911504812604363}",0.5945770558893819,0.6807280778379252,0.0861510219485433,0.0861510219485433,0.21249666107954,bkt_update,0.6220767414766516,0.5170800722603317,0.713010703517848,0.5577095306819156,resolved,R0555,learner_response,True,True,True,True,,,False,True,,correct,,0.9357138516303324,0.01792404357396751,0.007247056669656584,0.03911504812604363,0.12428471059021487,0.0,0.7895924022006423,0.2938950096537701,0.5449598951109837,0.0,0.0,0.0,0.0,1.0,0.0,5.0,0.9143245008348566,0.5728131630282062,0.6556302881247371,0.9459638633591182,0.0,True,True,True,True,True,"[.4,.6)",late
T0556,A072,L026,SK008,7,0.8571428571428571,focus,adaptive,direct_policy,final_integrity_filtered_v1,selector,logged,False,0.7866349490376963,"{""generic"": 0.02002630357567957, ""probing"": 0.09757298768332352, ""focus"": 0.7866349490376963, ""telling"": 0.09576575970330067}",0.6807280778379252,0.6718927366288051,-0.008835341209120107,-0.008835341209120107,-0.012979251916833252,bkt_update,0.4756420476071026,0.8294192808338591,0.6104710757525438,0.35946318937117777,resolved,R0556,learner_response,True,True,True,True,,,False,True,,incorrect,,0.02002630357567957,0.09757298768332352,0.7866349490376963,0.09576575970330067,0.04649172164020411,0.0,0.298723196386938,0.7957818370374776,0.39199541807045324,0.0,1.0,0.0,0.0,0.0,0.0,6.0,0.6997133009149654,0.6217081117818033,0.7714801664975859,0.49317758742439394,0.0,True,True,True,True,True,"[.6,.8)",late
T0557,A072,L026,SK008,8,1.0,probing,adaptive,direct_policy,final_integrity_filtered_v1,selector,logged,False,0.2912389544151542,"{""generic"": 0.4391247770597374, ""probing"": 0.2912389544151542, ""focus"": 0.0835811297452, ""telling"": 0.18605513877990845}",0.6718927366288051,0.7175763259895319,0.045683589360726806,0.045683589360726806,0.13923370330587276,bkt_update,0.5905763274022736,0.7436369660196799,0.09505721271603582,0.6374478865265707,resolved,R0557,learner_response,True,True,True,True,,,False,True,,correct,,0.4391247770597374,0.2912389544151542,0.0835811297452,0.18605513877990845,-0.013486575540718432,0.0,0.5053580611482027,0.5597438712376523,0.449848441509631,0.0,0.0,0.0,1.0,0.0,0.0,7.0,0.5112730222669216,0.8675348522965637,0.8172732837383464,0.29938010418482947,0.0,True,True,True,True,True,"[.6,.8)",late
T0558,A073,L026,SK012,1,0.0,generic,adaptive,direct_policy,final_integrity_filtered_v1,selector,logged,False,0.9834461250939722,"{""generic"": 0.9834461250939722, ""probing"": 0.007640081820503549, ""focus"": 0.003539338497947956, ""telling"": 0.005374454587576264}",0.6598839997793596,0.762523958328879,0.10263995854951935,0.10263995854951935,0.30177927084563694,bkt_update,0.7203297664534543,0.5941838657355051,0.32085576829342616,0.4721130425715567,resolved,R0558,learner_response,True,True,True,True,,,False,True,,correct,,0.9834461250939722,0.007640081820503549,0.003539338497947956,0.005374454587576264,0.0,1.0,0.9804764117106951,0.0,0.5370093772526079,0.0,0.0,0.0,0.0,0.0,1.0,0.0,0.0,0.0,0.0,0.0,1.0,True,True,True,False,False,"[.6,.8)",early
T0559,A073,L026,SK012,2,0.14285714285714285,probing,adaptive,direct_policy,final_integrity_filtered_v1,selector,logged,False,0.5014533950396788,"{""generic"": 0.2276553127782189, ""probing"": 0.5014533950396788, ""focus"": 0.21920079411239454, ""telling"": 0.05169049806970785}",0.762523958328879,0.765214076962299,0.0026901186334200577,0.0026901186334200577,0.011327958031006703,bkt_update,0.7131502934797268,0.7181139369563649,0.3344329583029038,0.637585447144146,resolved,R0559,learner_response,True,True,True,True,,,False,True,,correct,,0.2276553127782189,0.5014533950396788,0.21920079411239454,0.05169049806970785,-0.006430853377356261,0.0,0.46409585265354675,0.6594713091118937,0.4485462192650566,0.0,1.0,0.0,0.0,0.0,0.0,1.0,0.0,0.0,0.0,0.0,1.0,True,True,True,True,False,"[.6,.8)",early
T0560,A073,L026,SK012,3,0.2857142857142857,probing,adaptive,direct_policy,final_integrity_filtered_v1,selector,logged,False,0.5061503084767837,"{""generic"": 0.1880510772327991, ""probing"": 0.5061503084767837, ""focus"": 0.21743915710078146, ""telling"": 0.08835945718963577}",0.765214076962299,0.7774914956523403,0.012277418690041286,0.012277418690041286,0.05229197104832315,bkt_update,0.7035382268472173,0.7271611001201466,0.18081259354858434,0.3936514198325519,resolved,R0560,learner_response,True,True,True,True,,,False,True,,correct,,0.1880510772327991,0.5061503084767837,0.21743915710078146,0.08835945718963577,-0.005273699580665132,0.0,0.47085411715486813,0.6379222840277455,0.42958547108119416,0.0,0.0,1.0,0.0,0.0,0.0,2.0,0.6295064711196336,0.7695182288628913,0.3495748085232609,0.8255968063125575,0.0,True,True,True,True,True,"[.6,.8)",early
T0561,A073,L026,SK012,4,0.42857142857142855,generic,adaptive,direct_policy,final_integrity_filtered_v1,selector,logged,False,0.9543246173628811,"{""generic"": 0.9543246173628811, ""probing"": 0.009470356123384933, ""focus"": 0.01634885885130186, ""telling"": 0.019856167662432037}",0.7774914956523403,0.7381760295017203,-0.03931546615061998,-0.03931546615061998,-0.05056706905537667,bkt_update,0.30970032992223645,0.6115447011172256,0.41787291544354077,0.47467825136733466,resolved,R0561,learner_response,True,True,True,True,,,False,True,,incorrect,,0.9543246173628811,0.009470356123384933,0.01634885885130186,0.019856167662432037,-0.014117798909288708,0.0,0.46525063688735147,0.591017076284908,0.45068718987292294,0.0,0.0,1.0,0.0,0.0,0.0,3.0,0.7764713158359775,0.7091770828101053,0.2009398897629415,0.3538261768852605,0.0,True,True,True,True,True,"[.6,.8)",middle
T0562,A073,L026,SK012,5,0.5714285714285714,generic,adaptive,direct_policy,final_integrity_filtered_v1,selector,logged,False,0.811893751620293,"{""generic"": 0.811893751620293, ""probing"": 0.025093406061995224, ""focus"": 0.11716870342673151, ""telling"": 0.04584413889098037}",0.7381760295017203,0.7362544481485978,-0.0019215813531225923,-0.0019215813531225923,-0.002603147862197162,bkt_update,0.8820855331766616,0.31618245050533494,0.460425103073603,0.5244734763834888,resolved,R0562,learner_response,True,True,True,True,,,False,True,,incorrect,,0.811893751620293,0.025093406061995224,0.11716870342673151,0.04584413889098037,0.03494502742113802,0.0,0.4041335272257797,0.4938057408727927,0.26041234450664597,0.0,1.0,0.0,0.0,0.0,0.0,4.0,0.34808161420826916,0.5645517284649122,0.6631861862732041,0.5788529089012592,0.0,True,True,True,True,True,"[.6,.8)",middle
T0563,A073,L026,SK012,6,0.7142857142857143,generic,adaptive,direct_policy,final_integrity_filtered_v1,selector,logged,False,0.5859977841304588,"{""generic"": 0.5859977841304588, ""probing"": 0.1290821159988848, ""focus"": 0.25040269621862904, ""telling"": 0.034517403652027406}",0.7362544481485978,0.7849360707890704,0.0486816226404726,0.0486816226404726,0.18457798548162993,bkt_update,0.6325170118948054,0.602923088768206,0.1963486897721998,0.46066314192032043,resolved,R0563,learner_response,True,True,True,True,,,False,True,,correct,,0.5859977841304588,0.1290821159988848,0.25040269621862904,0.034517403652027406,-0.01803513897769441,0.0,0.8223064223366938,0.3972963303533365,0.5025520430065429,0.0,1.0,0.0,0.0,0.0,0.0,5.0,0.8493068814803004,0.3230532359632164,0.4357646043377249,0.522160325184265,0.0,True,True,True,True,True,"[.6,.8)",late
T0564,A073,L026,SK012,7,0.8571428571428571,probing,adaptive,direct_policy,final_integrity_filtered_v1,selector,logged,False,0.4813854657746683,"{""generic"": 0.11587025174231495, ""probing"": 0.4813854657746683, ""focus"": 0.18805270683353817, ""telling"": 0.2146915756494787}",0.7849360707890704,0.8076048656661698,0.022668794877099496,0.022668794877099496,0.10540491360067394,bkt_update,0.33249051718439454,0.24685731982781392,0.5894916985979844,0.662562110463367,resolved,R0564,learner_response,True,True,True,True,,,False,True,,correct,,0.11587025174231495,0.4813854657746683,0.18805270683353817,0.2146915756494787,0.09307194074995769,0.0,0.5833156771537876,0.5083662954102215,0.25172066082254724,0.0,1.0,0.0,0.0,0.0,0.0,6.0,0.5645724338236007,0.5858709406470547,0.4312853106799085,0.4861278602481647,0.0,True,True,True,True,True,"[.6,.8)",late
T0565,A073,L026,SK012,8,1.0,focus,adaptive,direct_policy,final_integrity_filtered_v1,selector,logged,False,0.5010443247374736,"{""generic"": 0.2502358513150215, ""probing"": 0.1864827393629839, ""focus"": 0.5010443247374736, ""telling"": 0.0622370845845209}",0.8076048656661698,0.818932438135457,0.011327572469287173,0.011327572469287173,0.058876605733866355,bkt_update,0.6270008049170609,0.5935907591178546,0.11737569890512746,0.5819986264288248,resolved,R0565,learner_response,True,True,True,True,,,False,True,,correct,,0.2502358513150215,0.1864827393629839,0.5010443247374736,0.0622370845845209,0.0001264096663742744,0.0,0.0,0.0,0.0,1.0,0.0,1.0,0.0,0.0,0.0,7.0,0.21339105301869649,0.3372398984701718,0.44624355522929215,0.7960522303061677,0.0,True,True,False,True,True,"[.8,1]",late
T0566,A074,L026,SK002,1,0.0,telling,adaptive,direct_policy,final_integrity_filtered_v1,selector,logged,False,0.5115884202484849,"{""generic"": 0.08674820303317414, ""probing"": 0.19210578036581363, ""focus"": 0.20955759635252735, ""telling"": 0.5115884202484849}",0.16136067856644706,0.42946025706563473,0.26809957849918764,0.26809957849918764,0.3196840067562104,bkt_update,0.7916740036786072,0.6257199733599642,0.20186118788492646,0.7626119964659603,resolved,R0566,learner_response,True,True,True,True,,,False,True,,correct,,0.08674820303317414,0.19210578036581363,0.20955759635252735,0.5115884202484849,0.0,1.0,0.8971932007446553,0.32060817732521735,0.7142602884463163,0.0,0.0,0.0,0.0,0.0,1.0,0.0,0.0,0.0,0.0,0.0,1.0,True,True,True,False,False,"[0,.2)",early
T0567,A074,L026,SK002,2,0.14285714285714285,probing,adaptive,direct_policy,final_integrity_filtered_v1,selector,logged,False,0.7944615868387881,"{""generic"": 0.10204072456947154, ""probing"": 0.7944615868387881, ""focus"": 0.08742904940262451, ""telling"": 0.01606863918911575}",0.42946025706563473,0.5003363672529729,0.07087611018733819,0.07087611018733819,0.1242264207972831,bkt_update,0.8062043615712959,0.706071744451182,0.793634248883031,0.5594362742182809,resolved,R0567,learner_response,True,True,True,True,,,False,True,,correct,,0.10204072456947154,0.7944615868387881,0.08742904940262451,0.01606863918911575,0.10548541806176251,0.0,0.0,0.0,0.0,1.0,0.0,0.0,0.0,1.0,0.0,1.0,0.6719655543525705,0.6216672117867376,0.07072663874227289,0.7566168185409852,0.0,True,True,False,True,True,"[.4,.6)",early
T0568,A074,L026,SK002,3,0.2857142857142857,probing,adaptive,direct_policy,final_integrity_filtered_v1,selector,logged,False,0.5404707723767258,"{""generic"": 0.11010545490044607, ""probing"": 0.5404707723767258, ""focus"": 0.19357990190146687, ""telling"": 0.15584387082136134}",0.5003363672529729,0.5874909781589321,0.08715461090595922,0.08715461090595922,0.17442656458066544,bkt_update,0.9773014019117336,0.6632768336185318,0.7664297240896467,0.2607850337427606,resolved,R0568,learner_response,True,True,True,True,,,False,True,,correct,,0.11010545490044607,0.5404707723767258,0.19357990190146687,0.15584387082136134,0.0747069109765801,0.0,0.8333079951852809,0.15829017447595758,0.6976189019995546,0.0,0.0,1.0,0.0,0.0,0.0,2.0,0.8596417428457892,0.7985386724959735,0.7191760827600994,0.6508336167967437,0.0,True,True,True,True,True,"[.4,.6)",early
T0569,A074,L026,SK002,4,0.42857142857142855,probing,adaptive,direct_policy,final_integrity_filtered_v1,selector,logged,False,0.24233595748763556,"{""generic"": 0.019975457810637517, ""probing"": 0.24233595748763556, ""focus"": 0.04530723761610497, ""telling"": 0.692381347085622}",0.5874909781589321,0.6605841934939035,0.07309321533497137,0.07309321533497137,0.1771917981544967,bkt_update,0.910601692160035,0.46308010023070306,0.16472020189530925,0.7304325580719959,resolved,R0569,learner_response,True,True,True,True,,,False,True,,correct,,0.019975457810637517,0.24233595748763556,0.04530723761610497,0.692381347085622,0.04424123566585418,0.0,0.6018419032454545,0.3096229061200684,0.5326626189037221,0.0,0.0,1.0,0.0,0.0,0.0,3.0,1.0,0.7360291340810766,0.7758785043627681,0.35835335532397006,0.0,True,True,True,True,True,"[.4,.6)",middle
T0570,A074,L026,SK002,5,0.5714285714285714,generic,adaptive,direct_policy,final_integrity_filtered_v1,selector,logged,False,0.5884511951120145,"{""generic"": 0.5884511951120145, ""probing"": 0.21391369097931381, ""focus"": 0.11581896811256442, ""telling"": 0.08181614579610717}",0.6605841934939035,0.6270087260076587,-0.03357546748624485,-0.03357546748624485,-0.05082693139940339,bkt_update,0.5968911668204252,0.3421069942532653,0.13353261791314605,0.0850114226920799,resolved,R0570,learner_response,True,True,True,True,,,False,True,,incorrect,,0.5884511951120145,0.21391369097931381,0.11581896811256442,0.08181614579610717,-0.005336856761092277,0.0,0.27717557517592967,0.6495302067605204,0.18291689056164878,0.0,0.0,1.0,0.0,0.0,0.0,4.0,0.8759696727627513,0.25114685969215894,0.0,0.7513708187846516,0.0,True,True,True,True,True,"[.6,.8)",middle
T0571,A074,L026,SK002,6,0.7142857142857143,generic,adaptive,direct_policy,final_integrity_filtered_v1,selector,logged,False,0.8077347154693088,"{""generic"": 0.8077347154693088, ""probing"": 0.016341477956978028, ""focus"": 0.10337073139519921, ""telling"": 0.07255307517851407}",0.6270087260076587,0.5423306207953795,-0.08467810521227914,-0.08467810521227914,-0.13505091986749293,bkt_update,0.722845548352245,0.20260856004435507,0.4858562784939472,0.6231985307251289,resolved,R0571,learner_response,True,True,True,True,,,False,True,,incorrect,,0.8077347154693088,0.016341477956978028,0.10337073139519921,0.07255307517851407,-0.0017758692944676111,0.0,0.468485045367953,0.49308431977821443,0.20430282784977258,0.0,1.0,0.0,0.0,0.0,0.0,5.0,0.6525472282581195,0.4738978009310032,0.18863329622369235,0.07492486244465327,0.0,True,True,True,True,True,"[.6,.8)",late
T0572,A074,L026,SK002,7,0.8571428571428571,probing,adaptive,direct_policy,final_integrity_filtered_v1,selector,logged,False,0.9752187315661962,"{""generic"": 0.005517375712258793, ""probing"": 0.9752187315661962, ""focus"": 0.01012128839645147, ""telling"": 0.009142604325093439}",0.5423306207953795,0.7013918189510109,0.15906119815563136,0.15906119815563136,0.3475460788573236,bkt_update,0.6623952732115449,0.4873532783205152,0.3842282399473877,0.2131865107447657,resolved,R0572,learner_response,True,True,True,True,,,False,True,,correct,,0.005517375712258793,0.9752187315661962,0.01012128839645147,0.009142604325093439,0.09666351393122795,0.0,0.8215648391277255,0.2736660244296448,0.5309435487210222,0.0,1.0,0.0,0.0,0.0,0.0,6.0,0.7944925363193385,0.18734080906138323,0.6835338321941136,0.7817560788020398,0.0,True,True,True,True,True,"[.4,.6)",late
T0573,A074,L026,SK002,8,1.0,generic,adaptive,direct_policy,final_integrity_filtered_v1,selector,logged,False,0.6849668692230432,"{""generic"": 0.6849668692230432, ""probing"": 0.14297115370134258, ""focus"": 0.0020049589767346106, ""telling"": 0.17005701809887963}",0.7013918189510109,0.7141652468000662,0.01277342784905533,0.01277342784905533,0.04277655020764399,bkt_update,0.9199915508581206,0.3522092816368216,0.2899180656755851,0.39787450010027825,resolved,R0573,learner_response,True,True,True,True,,,False,True,,correct,,0.6849668692230432,0.14297115370134258,0.0020049589767346106,0.17005701809887963,0.008486212687107246,0.0,0.31131975073769386,0.5957959122013264,0.41181753710329505,0.0,0.0,1.0,0.0,0.0,0.0,7.0,0.0,0.0,0.0,0.0,1.0,True,True,True,True,False,"[.6,.8)",late
T0574,A075,L027,SK001,1,0.0,focus,adaptive,direct_policy,final_integrity_filtered_v1,selector,logged,False,0.6869578644904876,"{""generic"": 0.07415823174784329, ""probing"": 0.1362242695543071, ""focus"": 0.6869578644904876, ""telling"": 0.10265963420736206}",0.7147002106440221,0.7903555839237555,0.07565537327973337,0.07565537327973337,0.26517851082369953,bkt_update,0.6846881737845882,0.2339800058741868,0.3233192294166599,0.663897689813483,resolved,R0574,learner_response,True,True,True,True,,,False,True,,correct,,0.07415823174784329,0.1362242695543071,0.6869578644904876,0.10265963420736206,0.0,1.0,0.7050521801655099,0.4373287213485664,0.3826164886504906,0.0,0.0,0.0,0.0,0.0,1.0,0.0,0.0,0.0,0.0,0.0,1.0,True,True,True,False,False,"[.6,.8)",early
T0575,A075,L027,SK001,2,0.16666666666666666,generic,adaptive,direct_policy,final_integrity_filtered_v1,selector,logged,False,0.9623339605849122,"{""generic"": 0.9623339605849122, ""probing"": 0.004528028263917333, ""focus"": 0.01496015443741008, ""telling"": 0.018177856713760463}",0.7903555839237555,0.8081035590115341,0.01774797508777859,0.01774797508777859,0.08465751399419061,bkt_update,0.4650159075752195,0.4817736964418584,0.15765119410241815,0.2423874156619389,resolved,R0575,learner_response,True,True,True,True,,,False,True,,correct,,0.9623339605849122,0.004528028263917333,0.01496015443741008,0.018177856713760463,0.1508106660264286,0.0,0.7221439025404806,0.3324581507251341,0.38246938648026974,0.0,0.0,0.0,1.0,0.0,0.0,1.0,0.0,0.0,0.0,0.0,1.0,True,True,True,True,False,"[.6,.8)",early
T0576,A075,L027,SK001,3,0.3333333333333333,generic,adaptive,direct_policy,final_integrity_filtered_v1,selector,logged,False,0.21438612244333216,"{""generic"": 0.21438612244333216, ""probing"": 0.16554236735024985, ""focus"": 0.4264927330418405, ""telling"": 0.19357877716457758}",0.8081035590115341,0.8321559465885938,0.02405238757705974,0.02405238757705974,0.1253404568274689,bkt_update,0.556989962636903,0.4405397190071722,0.27588510881094136,0.45074439532461785,resolved,R0576,learner_response,True,True,True,True,,,False,True,,correct,,0.21438612244333216,0.16554236735024985,0.4264927330418405,0.19357877716457758,0.09313784283667632,0.0,0.7203897612676198,0.3387717545429571,0.5920798847557134,0.0,1.0,0.0,0.0,0.0,0.0,2.0,0.5909249899371571,0.4832241762001154,0.24569215735490502,0.2683668701439737,0.0,True,True,True,True,True,"[.8,1]",middle
T0577,A075,L027,SK001,4,0.5,focus,adaptive,direct_policy,final_integrity_filtered_v1,selector,logged,False,0.7328422872024036,"{""generic"": 0.06714894643203145, ""probing"": 0.029736755070057547, ""focus"": 0.7328422872024036, ""telling"": 0.1702720112955074}",0.8321559465885938,0.7465701914025813,-0.08558575518601252,-0.08558575518601252,-0.10284821677579734,bkt_update,0.31935418496548146,0.6242956826463086,0.3767484089393634,0.5358935624471179,resolved,R0577,learner_response,True,True,True,True,,,False,True,,incorrect,,0.06714894643203145,0.029736755070057547,0.7328422872024036,0.1702720112955074,-0.013789903973059368,0.0,0.0,0.0,0.0,1.0,1.0,0.0,0.0,0.0,0.0,3.0,0.555204944560313,0.40278290743590767,0.33955698170977494,0.5701618449719503,0.0,True,True,False,True,True,"[.8,1]",middle
T0578,A075,L027,SK001,5,0.6666666666666666,focus,adaptive,direct_policy,final_integrity_filtered_v1,selector,logged,False,0.4738389801741879,"{""generic"": 0.018565838841752738, ""probing"": 0.47661850321659144, ""focus"": 0.4738389801741879, ""telling"": 0.030976677767467764}",0.7465701914025813,0.5773287641588397,-0.16924142724374158,-0.16924142724374158,-0.22669191616904466,bkt_update,0.6143672066133087,0.6404484588859646,0.28764222604734585,0.61579004199645,resolved,R0578,learner_response,True,True,True,True,,,False,True,,incorrect,,0.018565838841752738,0.47661850321659144,0.4738389801741879,0.030976677767467764,-0.05446371918578102,0.0,0.3659291926870613,0.7574163095037711,0.45687649859768154,0.0,0.0,0.0,1.0,0.0,0.0,4.0,0.36113959582635646,0.568070599534495,0.48784210449971066,0.6734397394165452,0.0,True,True,True,True,True,"[.6,.8)",late
T0579,A075,L027,SK001,6,0.8333333333333334,telling,adaptive,direct_policy,final_integrity_filtered_v1,selector,logged,False,0.8507383293574178,"{""generic"": 0.045400945616618706, ""probing"": 0.012258961375044184, ""focus"": 0.09160176365091934, ""telling"": 0.8507383293574178}",0.5773287641588397,0.61548930179638,0.03816053763754024,0.03816053763754024,0.09028420768117032,bkt_update,0.3294833987711359,0.6336171303415756,0.4531078000014219,0.40699735187541203,resolved,R0579,learner_response,True,True,True,True,,,False,True,,correct,,0.045400945616618706,0.012258961375044184,0.09160176365091934,0.8507383293574178,-0.08542442921980825,0.0,0.16315157772045583,0.7650331092811711,0.10004455055500353,0.0,0.0,0.0,1.0,0.0,0.0,5.0,0.6113713447087585,0.6893009582509849,0.19144671856709236,0.6206259324976307,0.0,True,True,True,True,True,"[.4,.6)",late
T0580,A075,L027,SK001,7,1.0,probing,adaptive,direct_policy,final_integrity_filtered_v1,selector,logged,False,0.6907375721929669,"{""generic"": 0.23409011064069749, ""probing"": 0.6907375721929669, ""focus"": 0.010969960190018982, ""telling"": 0.0642023569763166}",0.61548930179638,0.6137269244741661,-0.0017623773222138484,-0.0017623773222138484,-0.002863376044181657,bkt_update,0.7438599448005062,0.6044888755835222,0.03417702761990116,0.5044885149444742,resolved,R0580,learner_response,True,True,True,True,,,False,True,,incorrect,,0.23409011064069749,0.6907375721929669,0.010969960190018982,0.0642023569763166,-0.012224118382741964,0.0,0.24977880711854852,0.49608259429875423,0.33937441722499556,0.0,0.0,0.0,0.0,1.0,0.0,6.0,0.2654519570770925,0.7350759696700944,0.35556619514820326,0.4450412957134162,0.0,True,True,True,True,True,"[.6,.8)",late
T0581,A076,L027,SK016,1,0.0,generic,adaptive,direct_policy,final_integrity_filtered_v1,selector,logged,False,0.3081778542752515,"{""generic"": 0.3081778542752515, ""probing"": 0.04082926235422716, ""focus"": 0.06883411029994195, ""telling"": 0.5821587730705794}",0.5092403373631814,0.6676208086350482,0.15838047127186683,0.15838047127186683,0.32272512052212937,bkt_update,0.45936085496450196,0.22690395328609225,0.7008682019473831,0.1782118275990729,resolved,R0581,learner_response,True,True,True,True,,,False,True,,correct,,0.3081778542752515,0.04082926235422716,0.06883411029994195,0.5821587730705794,0.0,1.0,0.809316429730633,0.09384565785082677,0.6245181084298617,0.0,0.0,0.0,0.0,0.0,1.0,0.0,0.0,0.0,0.0,0.0,1.0,True,True,True,False,False,"[.4,.6)",early
T0582,A076,L027,SK016,2,0.14285714285714285,generic,adaptive,direct_policy,final_integrity_filtered_v1,selector,logged,False,0.5312304377791416,"{""generic"": 0.5312304377791416, ""probing"": 0.1328293550849398, ""focus"": 0.07782501968564447, ""telling"": 0.2581151874502741}",0.6676208086350482,0.7278189119701254,0.060198103335077136,0.060198103335077136,0.18111273178043125,bkt_update,0.365367243407176,0.5994980666374685,0.5849743626877046,0.9255019541863858,resolved,R0582,learner_response,True,True,True,True,,,False,True,,correct,,0.5312304377791416,0.1328293550849398,0.07782501968564447,0.2581151874502741,0.1194418415358181,0.0,0.8076757280759714,0.2624385008742907,0.48919663809342956,0.0,1.0,0.0,0.0,0.0,0.0,1.0,0.5169212843416175,0.22298926785131906,0.5722272147981333,0.35198952141506124,0.0,True,True,True,True,True,"[.6,.8)",early
T0583,A076,L027,SK016,3,0.2857142857142857,focus,adaptive,direct_policy,final_integrity_filtered_v1,selector,logged,False,0.9631397129559,"{""generic"": 0.008382644673158414, ""probing"": 0.024136965006662573, ""focus"": 0.9631397129559, ""telling"": 0.004340677364278915}",0.7278189119701254,0.7709800778666821,0.04316116589655672,0.04316116589655672,0.15857518319501812,bkt_update,0.6529828769399317,0.4839666593349443,0.2761037727315767,0.4331468631186859,resolved,R0583,learner_response,True,True,True,True,,,False,True,,correct,,0.008382644673158414,0.024136965006662573,0.9631397129559,0.004340677364278915,0.03411368624930934,0.0,0.7314680372676423,0.519891878008367,0.5805010062842879,0.0,1.0,0.0,0.0,0.0,0.0,2.0,0.5217976979092958,0.5035473594007657,0.6438501029479777,0.9587978725531642,0.0,True,True,True,True,True,"[.6,.8)",early
T0584,A076,L027,SK016,4,0.42857142857142855,focus,adaptive,direct_policy,final_integrity_filtered_v1,selector,logged,False,0.3533707715435263,"{""generic"": 0.09278042171352391, ""probing"": 0.44951576381042196, ""focus"": 0.3533707715435263, ""telling"": 0.10433304293252789}",0.7709800778666821,0.7211095378020786,-0.04987054006460345,-0.04987054006460345,-0.06468460274952405,bkt_update,0.7307470328197174,0.34382693741354176,0.5683313390446594,0.24149725450606888,resolved,R0584,learner_response,True,True,True,True,,,False,True,,incorrect,,0.09278042171352391,0.44951576381042196,0.3533707715435263,0.10433304293252789,0.011110944818636136,0.0,0.33611680006033934,0.5313671422767413,0.21067768842754567,0.0,0.0,0.0,1.0,0.0,0.0,3.0,0.7030744934214199,0.39003386255393846,0.19535758717273174,0.4778122500264307,0.0,True,True,True,True,True,"[.6,.8)",middle
T0585,A076,L027,SK016,5,0.5714285714285714,focus,adaptive,direct_policy,final_integrity_filtered_v1,selector,logged,False,0.9224407137388342,"{""generic"": 0.015304891006370157, ""probing"": 0.016689451847782956, ""focus"": 0.9224407137388342, ""telling"": 0.045564943407012684}",0.7211095378020786,0.7478688460588245,0.026759308256745884,0.026759308256745884,0.09594916959818975,bkt_update,0.732938989067324,0.7687036766197083,0.3416169885808448,0.8648487882157485,resolved,R0585,learner_response,True,True,True,True,,,False,True,,correct,,0.015304891006370157,0.016689451847782956,0.9224407137388342,0.045564943407012684,0.10705014238856837,0.0,0.6284496346040317,0.3889737072748856,0.47470325708434485,0.0,0.0,0.0,1.0,0.0,0.0,4.0,0.7054446922942927,0.5410862905634648,0.5128347925613074,0.2980590010993063,0.0,True,True,True,True,True,"[.6,.8)",middle
T0586,A076,L027,SK016,6,0.7142857142857143,focus,adaptive,direct_policy,final_integrity_filtered_v1,selector,logged,False,0.7403178561220951,"{""generic"": 0.04211377949083373, ""probing"": 0.13287542972883318, ""focus"": 0.7403178561220951, ""telling"": 0.08469293465823803}",0.7478688460588245,0.7705926071617469,0.022723761102922402,0.022723761102922402,0.09012674851051554,bkt_update,0.20906099184741844,0.548094867834849,0.5188541343665792,0.33126534951571746,resolved,R0586,learner_response,True,True,True,True,,,False,True,,correct,,0.04211377949083373,0.13287542972883318,0.7403178561220951,0.08469293465823803,0.06283551412257651,0.0,0.6791165196928146,0.37028875398107214,0.43906994043690345,0.0,0.0,0.0,1.0,0.0,0.0,5.0,0.8010011116434421,0.8627679728277465,0.34613791270527816,0.8837857606985364,0.0,True,True,True,True,True,"[.6,.8)",late
T0587,A076,L027,SK016,7,0.8571428571428571,telling,adaptive,direct_policy,final_integrity_filtered_v1,selector,logged,False,0.9211021002842138,"{""generic"": 0.020451700647549403, ""probing"": 0.04084802482113612, ""focus"": 0.01759817424710062, ""telling"": 0.9211021002842138}",0.7705926071617469,0.7677117982930203,-0.0028808088687266586,-0.0028808088687266586,-0.003738433047440304,bkt_update,0.6675840052154607,0.5312441983529976,0.24918856214851307,0.5321149836340161,resolved,R0587,learner_response,True,True,True,True,,,False,True,,incorrect,,0.020451700647549403,0.04084802482113612,0.01759817424710062,0.9211021002842138,-0.05141086317605528,0.0,0.5891421709331769,0.5494905054797644,0.4365064136707068,0.0,0.0,0.0,1.0,0.0,0.0,6.0,0.0,0.0,0.0,0.0,1.0,True,True,True,True,False,"[.6,.8)",late
T0588,A076,L027,SK016,8,1.0,generic,adaptive,direct_policy,final_integrity_filtered_v1,selector,logged,False,0.5813642140385172,"{""generic"": 0.5813642140385172, ""probing"": 0.12398710127199093, ""focus"": 0.21890384942607397, ""telling"": 0.07574483526341795}",0.7677117982930203,0.7643687758550954,-0.0033430224379248363,-0.0033430224379248363,-0.004354527891010568,bkt_update,0.5204431840727428,0.7160502679352396,0.27340988076698874,0.6140017429460113,resolved,R0588,learner_response,True,True,True,True,,,False,True,,incorrect,,0.5813642140385172,0.12398710127199093,0.21890384942607397,0.07574483526341795,-0.02804274160271874,0.0,0.32988148159456815,0.6177842874103796,0.42230388574334504,0.0,0.0,0.0,0.0,1.0,0.0,7.0,0.4963203276557503,0.430166206539519,0.10061283108560626,0.6052670834554332,0.0,True,True,True,True,True,"[.6,.8)",late
T0589,A077,L028,SK005,1,0.0,probing,adaptive,direct_policy,final_integrity_filtered_v1,selector,logged,False,0.3224127884318508,"{""generic"": 0.11798346880211533, ""probing"": 0.3224127884318508, ""focus"": 0.08677568680184339, ""telling"": 0.4728280559641905}",0.680032737387422,0.715592296246695,0.03555955885927298,0.03555955885927298,0.11113499102665736,bkt_update,0.21979742468119245,0.15454895916695605,0.7032678081959479,0.8267715087108458,resolved,R0589,learner_response,True,True,True,True,,,False,True,,correct,,0.11798346880211533,0.3224127884318508,0.08677568680184339,0.4728280559641905,0.0,1.0,0.45697140005087755,0.40971791351497416,0.5162297390497649,0.0,0.0,0.0,0.0,0.0,1.0,0.0,0.0,0.0,0.0,0.0,1.0,True,True,True,False,False,"[.6,.8)",early
T0590,A077,L028,SK005,2,0.14285714285714285,probing,adaptive,direct_policy,final_integrity_filtered_v1,selector,logged,False,0.9025373210361471,"{""generic"": 0.07470609281456204, ""probing"": 0.9025373210361471, ""focus"": 0.015034570974638164, ""telling"": 0.007722015174652573}",0.715592296246695,0.7114905767011155,-0.004101719545579474,-0.004101719545579474,-0.00573192244675233,bkt_update,0.711865992949567,0.314857114408353,0.3382025236821769,0.2414700735761937,resolved,R0590,learner_response,True,True,True,True,,,False,True,,incorrect,,0.07470609281456204,0.9025373210361471,0.015034570974638164,0.007722015174652573,-0.025756206285719143,0.0,0.39699656811349415,0.5197378410291157,0.37750774570516943,0.0,0.0,1.0,0.0,0.0,0.0,1.0,0.06667995294281287,0.26785438705664943,0.7774653318056494,1.0,0.0,True,True,True,True,True,"[.6,.8)",early
T0591,A077,L028,SK005,3,0.2857142857142857,focus,adaptive,direct_policy,final_integrity_filtered_v1,selector,logged,False,0.8154235801438833,"{""generic"": 0.04339594600433303, ""probing"": 0.008108327316723118, ""focus"": 0.8154235801438833, ""telling"": 0.1330721465350605}",0.7114905767011155,0.7390771780055749,0.027586601304459446,0.027586601304459446,0.09561767858057378,bkt_update,0.35950414132674546,0.6484169935226461,0.13837649064494223,0.8100228589044514,resolved,R0591,learner_response,True,True,True,True,,,False,True,,correct,,0.04339594600433303,0.008108327316723118,0.8154235801438833,0.1330721465350605,0.09011589609503112,0.0,0.6843638191616745,0.3554061944764622,0.5184527704305479,0.0,0.0,1.0,0.0,0.0,0.0,2.0,0.8039333036019454,0.38534450621274724,0.4098419385145966,0.16109388905273636,0.0,True,True,True,True,True,"[.6,.8)",early
T0592,A077,L028,SK005,4,0.42857142857142855,telling,adaptive,direct_policy,final_integrity_filtered_v1,selector,logged,False,0.8757453149367013,"{""generic"": 0.0669789331592894, ""probing"": 0.006902771803735281, ""focus"": 0.050372980100274016, ""telling"": 0.8757453149367013}",0.7390771780055749,0.7675862580760201,0.02850908007044517,0.02850908007044517,0.10926250089022224,bkt_update,0.8164599589053627,0.8781210168361272,0.8841247301555466,0.5438489507540502,resolved,R0592,learner_response,True,True,True,True,,,False,True,,correct,,0.0669789331592894,0.006902771803735281,0.050372980100274016,0.8757453149367013,0.0005519204175707341,0.0,0.36087511821088164,0.4936228988211181,0.5571453347038013,0.0,0.0,0.0,1.0,0.0,0.0,3.0,0.27294261020763044,0.8143408626699397,0.11668907382726212,0.9009826553570236,0.0,True,True,True,True,True,"[.6,.8)",middle
T0593,A077,L028,SK005,5,0.5714285714285714,focus,adaptive,direct_policy,final_integrity_filtered_v1,selector,logged,False,0.4788151526109831,"{""generic"": 0.2228107142345065, ""probing"": 0.04680946653371466, ""focus"": 0.4788151526109831, ""telling"": 0.2515646666207957}",0.7675862580760201,0.7935700123727834,0.02598375429676325,0.02598375429676325,0.1117995609109132,bkt_update,0.6470973621693776,0.6225587092643526,0.4421213791769845,0.4925796764907034,resolved,R0593,learner_response,True,True,True,True,,,False,True,,correct,,0.2228107142345065,0.04680946653371466,0.4788151526109831,0.2515646666207957,0.10966182149045756,0.0,0.0,0.0,0.0,1.0,0.0,0.0,0.0,1.0,0.0,4.0,0.9642695957020028,0.912763358110603,0.7273278304166709,0.6310630586197125,0.0,True,True,False,True,True,"[.6,.8)",middle
T0594,A077,L028,SK005,6,0.7142857142857143,focus,adaptive,direct_policy,final_integrity_filtered_v1,selector,logged,False,0.9937336951303865,"{""generic"": 0.0010758579016954771, ""probing"": 0.0047988071411704716, ""focus"": 0.9937336951303865, ""telling"": 0.00039163982674754265}",0.7935700123727834,0.8047727598968619,0.011202747524078571,0.011202747524078571,0.054268992857322396,bkt_update,0.34847622107318527,0.868847795867249,0.4067842123814205,0.1374421175229834,resolved,R0594,learner_response,True,True,True,True,,,False,True,,correct,,0.0010758579016954771,0.0047988071411704716,0.9937336951303865,0.00039163982674754265,0.09978813567163243,0.0,0.6701436965746135,0.4150752279214249,0.5088636106864552,0.0,0.0,0.0,1.0,0.0,0.0,5.0,0.717991680332868,0.870856976305954,0.39138230983998445,0.48264131761245976,0.0,True,True,True,True,True,"[.6,.8)",late
T0595,A077,L028,SK005,7,0.8571428571428571,generic,adaptive,direct_policy,final_integrity_filtered_v1,selector,logged,False,0.8204729799801517,"{""generic"": 0.8204729799801517, ""probing"": 0.06322674441116356, ""focus"": 0.032251219213636106, ""telling"": 0.08404905639504857}",0.8047727598968619,0.8135390155526256,0.008766255655763722,0.008766255655763722,0.0449028304202453,bkt_update,0.27535521271122626,0.49363286819987745,0.3647308495722076,0.5617948409708681,resolved,R0595,learner_response,True,True,True,True,,,False,True,,correct,,0.8204729799801517,0.06322674441116356,0.032251219213636106,0.08404905639504857,0.07228269281232753,0.0,0.7360442564482534,0.26885346043728414,0.3976047955714348,0.0,0.0,0.0,1.0,0.0,0.0,6.0,0.18362561336393662,0.7843327596624459,0.5000610402675915,0.03931709353921581,0.0,True,True,True,True,True,"[.8,1]",late
T0596,A077,L028,SK005,8,1.0,probing,adaptive,direct_policy,final_integrity_filtered_v1,selector,logged,False,0.6496916826965465,"{""generic"": 0.0180760471375997, ""probing"": 0.6496916826965465, ""focus"": 0.07008965526123512, ""telling"": 0.2621426149046187}",0.8135390155526256,0.829608999859907,0.01606998430728135,0.01606998430728135,0.08618416530894615,bkt_update,0.6858611734835,0.5694755863902681,0.22080981824692064,0.4640865064437398,resolved,R0596,learner_response,True,True,True,True,,,False,True,,correct,,0.0180760471375997,0.6496916826965465,0.07008965526123512,0.2621426149046187,0.03370991504075475,0.0,0.2975591263369949,0.4342185059711142,0.3970974221342892,0.0,1.0,0.0,0.0,0.0,0.0,7.0,0.236660511388763,0.4943728110394744,0.29777105615720956,0.5562004206005472,0.0,True,True,True,True,True,"[.8,1]",late
T0597,A078,L028,SK003,1,0.0,telling,adaptive,direct_policy,final_integrity_filtered_v1,selector,logged,False,0.6779441017763035,"{""generic"": 0.13765714638562876, ""probing"": 0.1303852196450649, ""focus"": 0.05401353219300294, ""telling"": 0.6779441017763035}",0.3749545516038417,0.5412009643485238,0.1662464127446821,0.1662464127446821,0.26597491937788487,bkt_update,0.37418732362521556,0.3605869355830097,0.5760849159174415,0.9100934905663007,resolved,R0597,learner_response,True,True,True,True,,,False,True,,correct,,0.13765714638562876,0.1303852196450649,0.05401353219300294,0.6779441017763035,0.0,1.0,0.7318394191675787,0.26262190559971116,0.6391748163689107,0.0,0.0,0.0,0.0,0.0,1.0,0.0,0.0,0.0,0.0,0.0,1.0,True,True,True,False,False,"[.2,.4)",early
T0598,A078,L028,SK003,2,0.14285714285714285,telling,adaptive,direct_policy,final_integrity_filtered_v1,selector,logged,False,0.5266752162280606,"{""generic"": 0.09015993008843139, ""probing"": 0.04587202080265999, ""focus"": 0.33729283288084805, ""telling"": 0.5266752162280606}",0.5412009643485238,0.6344998135144818,0.09329884916595799,0.09329884916595799,0.20335450146157646,bkt_update,0.6397034074136648,0.16033806195887665,0.1812208668275067,0.5759750866775892,resolved,R0598,learner_response,True,True,True,True,,,False,True,,correct,,0.09015993008843139,0.04587202080265999,0.33729283288084805,0.5266752162280606,0.07359099925749057,0.0,0.652073319157578,0.41766193778713545,0.32760326506901766,0.0,0.0,0.0,0.0,1.0,0.0,1.0,0.5202528401756769,0.4469774053232235,0.5671617473511293,0.760935003325258,0.0,True,True,True,True,True,"[.4,.6)",early
T0599,A078,L028,SK003,3,0.2857142857142857,telling,adaptive,direct_policy,final_integrity_filtered_v1,selector,logged,False,0.2840283317187585,"{""generic"": 0.461308947586348, ""probing"": 0.06786153248945885, ""focus"": 0.18680118820543457, ""telling"": 0.2840283317187585}",0.6344998135144818,0.6972587702304294,0.06275895671594756,0.06275895671594756,0.1717070443093582,bkt_update,0.5051313930100017,0.20093981444602757,0.521955965078274,0.34656173714899097,resolved,R0599,learner_response,True,True,True,True,,,False,True,,correct,,0.461308947586348,0.06786153248945885,0.18680118820543457,0.2840283317187585,0.05338467499945632,0.0,0.6561849924609413,0.2510160210599606,0.6313470228211248,0.0,0.0,0.0,0.0,1.0,0.0,2.0,0.0,0.0,0.0,0.0,1.0,True,True,True,True,False,"[.6,.8)",early
T0600,A078,L028,SK003,4,0.42857142857142855,generic,adaptive,direct_policy,final_integrity_filtered_v1,selector,logged,False,0.578144311770253,"{""generic"": 0.578144311770253, ""probing"": 0.054734440966282084, ""focus"": 0.16999257866430867, ""telling"": 0.19712866859915626}",0.6972587702304294,0.7865521259044556,0.08929335567402619,0.08929335567402619,0.2949494383107025,bkt_update,0.4136172167038693,0.6661612385490493,0.6089935358924763,0.251123094148717,resolved,R0600,learner_response,True,True,True,True,,,False,True,,correct,,0.578144311770253,0.054734440966282084,0.16999257866430867,0.19712866859915626,0.20489053708075483,0.0,0.0,0.0,0.0,1.0,0.0,0.0,0.0,1.0,0.0,3.0,0.4452320079778748,0.258959314598377,0.5296785622573376,0.5099815200982796,0.0,True,True,False,True,True,"[.6,.8)",middle
T0601,A078,L028,SK003,5,0.5714285714285714,generic,adaptive,direct_policy,final_integrity_filtered_v1,selector,logged,False,0.9548114222987009,"{""generic"": 0.9548114222987009, ""probing"": 0.029856754878073936, ""focus"": 0.009463092707409186, ""telling"": 0.005868730115815851}",0.7865521259044556,0.7951926529140813,0.008640527009625698,0.008640527009625698,0.04048073585290425,bkt_update,0.5927869196641004,0.7619535520063287,0.534228165471775,0.449716744554601,resolved,R0601,learner_response,True,True,True,True,,,False,True,,correct,,0.9548114222987009,0.029856754878073936,0.009463092707409186,0.005868730115815851,0.039615504719278896,0.0,0.38310238763734966,0.5830636515771036,0.451731492416889,0.0,1.0,0.0,0.0,0.0,0.0,4.0,0.4979064206426537,0.6307785239997892,0.4900482976699747,0.25391737908599116,0.0,True,True,True,True,True,"[.6,.8)",middle
T0602,A078,L028,SK003,6,0.7142857142857143,probing,adaptive,direct_policy,final_integrity_filtered_v1,selector,logged,False,0.8755854981135447,"{""generic"": 0.03862050049441986, ""probing"": 0.8755854981135447, ""focus"": 0.027550811208696957, ""telling"": 0.05824319018333845}",0.7951926529140813,0.7608680613723979,-0.034324591541683325,-0.034324591541683325,-0.043165126609126275,bkt_update,0.2931318006358561,0.7552980628553583,0.5793827659033948,0.7367777061921416,resolved,R0602,learner_response,True,True,True,True,,,False,True,,incorrect,,0.03862050049441986,0.8755854981135447,0.027550811208696957,0.05824319018333845,-0.0303774379457461,0.0,0.5982350859072054,0.5628585596918337,0.5330366927719759,0.0,1.0,0.0,0.0,0.0,0.0,5.0,0.7101645037299673,0.7842750821358931,0.44712867446142235,0.3805391053950403,0.0,True,True,True,True,True,"[.6,.8)",late
T0603,A078,L028,SK003,7,0.8571428571428571,probing,adaptive,direct_policy,final_integrity_filtered_v1,selector,logged,False,0.6658031336409619,"{""generic"": 0.00841530579584447, ""probing"": 0.6658031336409619, ""focus"": 0.2800202084243391, ""telling"": 0.04576135213885458}",0.7608680613723979,0.7000185114899361,-0.06084954988246183,-0.06084954988246183,-0.07997385219811419,bkt_update,0.12342400998905982,0.5269906907449011,0.14012511059423735,0.20322286964166086,resolved,R0603,learner_response,True,True,True,True,,,False,True,,incorrect,,0.00841530579584447,0.6658031336409619,0.2800202084243391,0.04576135213885458,0.019626167719816658,0.0,0.4692140601469005,0.4597414258444463,0.3603312629844146,0.0,0.0,1.0,0.0,0.0,0.0,6.0,0.3217316098774195,1.0,0.7054403420506206,0.6610279355448072,0.0,True,True,True,True,True,"[.6,.8)",late
T0604,A078,L028,SK003,8,1.0,telling,adaptive,direct_policy,final_integrity_filtered_v1,selector,logged,False,0.7204798594887614,"{""generic"": 0.22935836691514586, ""probing"": 0.035449009539579704, ""focus"": 0.014712764056513051, ""telling"": 0.7204798594887614}",0.7000185114899361,0.6427973262760349,-0.05722118521390118,-0.05722118521390118,-0.08174238862928103,bkt_update,0.3200796470503863,0.7769195960757972,0.21600687674984925,0.7331969493176944,resolved,R0604,learner_response,True,True,True,True,,,False,True,,incorrect,,0.22935836691514586,0.035449009539579704,0.014712764056513051,0.7204798594887614,-0.06467831796745117,0.0,0.33262839668846367,0.6215225610027616,0.3837133458957645,0.0,0.0,1.0,0.0,0.0,0.0,7.0,0.14480334141500337,0.5452849867629997,0.09622859746349102,0.1260696429248212,0.0,True,True,True,True,True,"[.6,.8)",late
T0605,A079,L028,SK012,1,0.0,probing,adaptive,direct_policy,final_integrity_filtered_v1,selector,logged,False,0.635237626960529,"{""generic"": 0.08741554073941087, ""probing"": 0.635237626960529, ""focus"": 0.1346257549272755, ""telling"": 0.1427210773727848}",0.9269640734772486,0.9346892948540623,0.00772522137681364,0.00772522137681364,0.10577289485616591,bkt_update,0.23859245506628018,0.5434178320071911,0.6630141043369013,0.37803980165575396,resolved,R0605,learner_response,True,True,True,True,,,False,True,,correct,,0.08741554073941087,0.635237626960529,0.1346257549272755,0.1427210773727848,0.0,1.0,0.5807609488967798,0.3593664295739239,0.5400774738793297,0.0,0.0,0.0,0.0,0.0,1.0,0.0,0.0,0.0,0.0,0.0,1.0,True,True,True,False,False,"[.8,1]",early
T0606,A079,L028,SK012,2,0.14285714285714285,probing,adaptive,direct_policy,final_integrity_filtered_v1,selector,logged,False,0.6892781962676345,"{""generic"": 0.01764697162533273, ""probing"": 0.6892781962676345, ""focus"": 0.036989690808546166, ""telling"": 0.25608514129848653}",0.9346892948540623,0.9360909012214297,0.001401606367367414,0.001401606367367414,0.02146059155594024,bkt_update,0.6846631018384324,0.5199832136774425,0.39025668242624867,0.8156810952876073,resolved,R0606,learner_response,True,True,True,True,,,False,True,,correct,,0.01764697162533273,0.6892781962676345,0.036989690808546166,0.25608514129848653,0.07196472998928113,0.0,0.7101958947640369,0.39498392326957177,0.34965119657867727,0.0,0.0,1.0,0.0,0.0,0.0,1.0,0.4082074313081993,0.5857491516344381,0.6951312216710657,0.2247766145298074,0.0,True,True,True,True,True,"[.8,1]",early
T0607,A079,L028,SK012,3,0.2857142857142857,generic,adaptive,direct_policy,final_integrity_filtered_v1,selector,logged,False,0.37246445721143995,"{""generic"": 0.37246445721143995, ""probing"": 0.0611878701132145, ""focus"": 0.34376327306040594, ""telling"": 0.22258439961493962}",0.9360909012214297,0.9265796615851489,-0.009511239636280755,-0.009511239636280755,-0.010160594044734655,bkt_update,0.4241761121872121,0.9742325261847641,0.5068355877563206,0.17222126720415715,resolved,R0607,learner_response,True,True,True,True,,,False,True,,incorrect,,0.37246445721143995,0.0611878701132145,0.34376327306040594,0.22258439961493962,0.004227514087778547,0.0,0.41676784666994743,0.5463388009331754,0.22614480266799375,0.0,0.0,1.0,0.0,0.0,0.0,2.0,0.6290136119557151,0.4966732815708119,0.2855080054985253,0.7781335882277416,0.0,True,True,True,True,True,"[.8,1]",early
T0608,A079,L028,SK012,4,0.42857142857142855,telling,adaptive,direct_policy,final_integrity_filtered_v1,selector,logged,False,0.6732431209632471,"{""generic"": 0.08821081135318792, ""probing"": 0.02359066634535305, ""focus"": 0.2149554013382118, ""telling"": 0.6732431209632471}",0.9265796615851489,0.9271437622154347,0.0005641006302857798,0.0005641006302857798,0.007683165761214696,bkt_update,0.15497515034977324,0.8605859781747808,0.7037071494912768,0.20955293165240638,resolved,R0608,learner_response,True,True,True,True,,,False,True,,correct,,0.08821081135318792,0.02359066634535305,0.2149554013382118,0.6732431209632471,0.036770488693168527,0.0,0.46167046513096555,0.4570424231848724,0.25204432398532667,0.0,1.0,0.0,0.0,0.0,0.0,3.0,0.4656206620219025,1.0,0.5515861131779924,0.21105947720012747,0.0,True,True,True,True,True,"[.8,1]",middle
T0609,A079,L028,SK012,5,0.5714285714285714,telling,adaptive,direct_policy,final_integrity_filtered_v1,selector,logged,False,0.5061527342226636,"{""generic"": 0.2699212209425823, ""probing"": 0.020079674858912617, ""focus"": 0.20384636997584138, ""telling"": 0.5061527342226636}",0.9271437622154347,0.931548382080737,0.004404619865302273,0.004404619865302273,0.060456317801183504,bkt_update,0.6692388260471431,0.5468629555665621,0.4477787260287332,0.7193689821066037,resolved,R0609,learner_response,True,True,True,True,,,False,True,,correct,,0.2699212209425823,0.020079674858912617,0.20384636997584138,0.5061527342226636,0.06765455327832103,0.0,0.7372430221402944,0.10102470676746625,0.4569008712834979,0.0,0.0,0.0,0.0,1.0,0.0,4.0,0.0,0.0,0.0,0.0,1.0,True,True,True,True,False,"[.8,1]",middle
T0610,A079,L028,SK012,6,0.7142857142857143,probing,adaptive,direct_policy,final_integrity_filtered_v1,selector,logged,False,0.5699142814346989,"{""generic"": 0.05430686218977004, ""probing"": 0.5699142814346989, ""focus"": 0.2853747637306433, ""telling"": 0.09040409264488776}",0.931548382080737,0.9300224055633994,-0.0015259765173375461,-0.0015259765173375461,-0.0016381076352997093,bkt_update,0.2726028774836844,0.32070861141500945,0.24399211857650865,0.2572907992354868,resolved,R0610,learner_response,True,True,True,True,,,False,True,,incorrect,,0.05430686218977004,0.5699142814346989,0.2853747637306433,0.09040409264488776,-0.030384171776686706,0.0,0.21102511453500256,0.723802099174588,0.3448126597392134,0.0,0.0,0.0,0.0,1.0,0.0,5.0,0.0,0.0,0.0,0.0,1.0,True,True,True,True,False,"[.8,1]",late
T0611,A079,L028,SK012,7,0.8571428571428571,probing,adaptive,direct_policy,final_integrity_filtered_v1,selector,logged,False,0.6694319089447089,"{""generic"": 0.0814973019481699, ""probing"": 0.6694319089447089, ""focus"": 0.007893800523860354, ""telling"": 0.24117698858326087}",0.9300224055633994,0.9423387889227766,0.012316383359377125,0.012316383359377125,0.17600466918787444,bkt_update,0.5831929256847947,0.44280051735542597,0.45517692237478447,0.2233830619704126,resolved,R0611,learner_response,True,True,True,True,,,False,True,,correct,,0.0814973019481699,0.6694319089447089,0.007893800523860354,0.24117698858326087,0.06888938513074218,0.0,0.576284455411352,0.07448370249256825,0.8669587180431682,0.0,0.0,1.0,0.0,0.0,0.0,6.0,0.45158751662310626,0.2838810427316046,0.10443362044841725,0.36917605195503733,0.0,True,True,True,True,True,"[.8,1]",late
T0612,A079,L028,SK012,8,1.0,focus,adaptive,direct_policy,final_integrity_filtered_v1,selector,logged,False,0.4775551825867771,"{""generic"": 0.09089017410683295, ""probing"": 0.3054457273007875, ""focus"": 0.4775551825867771, ""telling"": 0.1261089160056025}",0.9423387889227766,0.9450710608159351,0.0027322718931585,0.0027322718931585,0.04738492033230578,bkt_update,0.8139043235506926,0.4399727649773539,0.12343999931613309,0.980675729873315,resolved,R0612,learner_response,True,True,True,True,,,False,True,,correct,,0.09089017410683295,0.3054457273007875,0.4775551825867771,0.1261089160056025,0.014079250887990835,0.0,0.4700678210317299,0.5589327747792897,0.3891251756057447,0.0,0.0,1.0,0.0,0.0,0.0,7.0,0.7116991338945077,0.6630005873749832,0.38597808426537583,0.2244906595419809,0.0,True,True,True,True,True,"[.8,1]",late
T0613,A080,L028,SK008,1,0.0,telling,adaptive,direct_policy,final_integrity_filtered_v1,selector,logged,False,0.7398976830409194,"{""generic"": 0.05494393657797449, ""probing"": 0.18859670076916116, ""focus"": 0.016561679611944963, ""telling"": 0.7398976830409194}",0.8083961521429228,0.8216595562833066,0.013263404140383739,0.013263404140383739,0.06922305730664288,bkt_update,0.40055604504490305,0.45129276179781547,0.41811442023714107,0.4961105402504911,resolved,R0613,learner_response,True,True,True,True,,,False,True,,correct,,0.05494393657797449,0.18859670076916116,0.016561679611944963,0.7398976830409194,0.0,1.0,0.5363599334735659,0.4837455855503412,0.1876609979468329,0.0,0.0,0.0,0.0,0.0,1.0,0.0,0.0,0.0,0.0,0.0,1.0,True,True,True,False,False,"[.8,1]",early
T0614,A080,L028,SK008,2,0.14285714285714285,probing,adaptive,direct_policy,final_integrity_filtered_v1,selector,logged,False,0.5760064695751604,"{""generic"": 0.23458536899130902, ""probing"": 0.5760064695751604, ""focus"": 0.17292176498312412, ""telling"": 0.016486396450406303}",0.8216595562833066,0.8295998782331698,0.007940321949863272,0.007940321949863272,0.04452339460631286,bkt_update,0.624905771299273,0.2873228899697439,0.36911305171819053,0.40740958414086015,resolved,R0614,learner_response,True,True,True,True,,,False,True,,correct,,0.23458536899130902,0.5760064695751604,0.17292176498312412,0.016486396450406303,0.007774136734247594,0.0,0.5750018706191472,0.4143928030134882,0.5982329676988412,0.0,0.0,0.0,0.0,1.0,0.0,1.0,0.3668166410102047,0.48413869010461363,0.42285067853931735,0.5336618023880665,0.0,True,True,True,True,True,"[.8,1]",early
T0615,A080,L028,SK008,3,0.2857142857142857,telling,adaptive,direct_policy,final_integrity_filtered_v1,selector,logged,False,0.8128239508659457,"{""generic"": 0.08629531599877574, ""probing"": 0.06345236285911932, ""focus"": 0.03742837027615928, ""telling"": 0.8128239508659457}",0.8295998782331698,0.8473546776581574,0.01775479942498759,0.01775479942498759,0.10419475784930872,bkt_update,0.9095772057503647,0.6298461459246627,0.5193296085143623,0.7984284186134585,resolved,R0615,learner_response,True,True,True,True,,,False,True,,correct,,0.08629531599877574,0.06345236285911932,0.03742837027615928,0.8128239508659457,0.05139910339689799,0.0,0.4743862091389133,0.3927719706793648,0.5634852076355822,0.0,0.0,1.0,0.0,0.0,0.0,2.0,0.4867210250092079,0.29012189506305874,0.4159776078667248,0.32354175395675566,0.0,True,True,True,True,True,"[.8,1]",early
T0616,A080,L028,SK008,4,0.42857142857142855,telling,adaptive,direct_policy,final_integrity_filtered_v1,selector,logged,False,0.9223565770390647,"{""generic"": 0.04607548327186007, ""probing"": 0.013915591353698428, ""focus"": 0.017652348335376815, ""telling"": 0.9223565770390647}",0.8473546776581574,0.8507848002747385,0.003430122616581044,0.003430122616581044,0.02247119377100487,bkt_update,0.7591431227051212,0.6625318625284873,0.09953093427762807,0.3997844000856333,resolved,R0616,learner_response,True,True,True,True,,,False,True,,correct,,0.04607548327186007,0.013915591353698428,0.017652348335376815,0.9223565770390647,-0.056188024580893184,0.0,0.21762609741746364,0.8017233261249335,0.1669320398276104,0.0,0.0,0.0,0.0,1.0,0.0,3.0,1.0,0.667622891178744,0.33394172893918217,0.8091323307298262,0.0,True,True,True,True,True,"[.8,1]",middle
T0617,A080,L028,SK008,5,0.5714285714285714,focus,adaptive,direct_policy,final_integrity_filtered_v1,selector,logged,False,0.7152882329774025,"{""generic"": 0.08306638119902521, ""probing"": 0.022554394454419646, ""focus"": 0.7152882329774025, ""telling"": 0.1790909913691527}",0.8507848002747385,0.838187404567844,-0.012597395706894443,-0.012597395706894443,-0.014806794506467966,bkt_update,0.19929684301548212,0.3720691823159358,0.20696199082108002,0.5321305845837884,resolved,R0617,learner_response,True,True,True,True,,,False,True,,incorrect,,0.08306638119902521,0.022554394454419646,0.7152882329774025,0.1790909913691527,-0.0508640685053686,0.0,0.43374244987422517,0.5900311877464235,0.37440372234977526,0.0,0.0,0.0,0.0,1.0,0.0,4.0,0.8340894296352621,0.6353946338699018,0.1593529155186295,0.4570246707802951,0.0,True,True,True,True,True,"[.8,1]",middle
T0618,A080,L028,SK008,6,0.7142857142857143,focus,adaptive,direct_policy,final_integrity_filtered_v1,selector,logged,False,0.6545767581617153,"{""generic"": 0.17595681689188403, ""probing"": 0.055903442178257635, ""focus"": 0.6545767581617153, ""telling"": 0.11356298276814307}",0.838187404567844,0.8494101591491461,0.011222754581302063,0.011222754581302063,0.06935649571239642,bkt_update,0.5161329258528765,0.501975871068137,0.6863043721439507,0.46337878479610367,resolved,R0618,learner_response,True,True,True,True,,,False,True,,correct,,0.17595681689188403,0.055903442178257635,0.6545767581617153,0.11356298276814307,0.05520436559479967,0.0,0.6183610987594513,0.4097904227845961,0.4372708954218558,0.0,0.0,0.0,1.0,0.0,0.0,5.0,0.0,0.0,0.0,0.0,1.0,True,True,True,True,False,"[.8,1]",late
T0619,A080,L028,SK008,7,0.8571428571428571,generic,adaptive,direct_policy,final_integrity_filtered_v1,selector,logged,False,0.5906676621337184,"{""generic"": 0.5906676621337184, ""probing"": 0.03360775290233501, ""focus"": 0.28124157279750406, ""telling"": 0.0944830121664425}",0.8494101591491461,0.8485240794245692,-0.0008860797245768826,-0.0008860797245768826,-0.001043170622617074,bkt_update,0.5910220518421914,0.8183139007296032,0.6297601902381573,0.14943921239252472,resolved,R0619,learner_response,True,True,True,True,,,False,True,,incorrect,,0.5906676621337184,0.03360775290233501,0.28124157279750406,0.0944830121664425,0.027073571108593045,0.0,0.5107197954123283,0.5486420768930956,0.22792737130094456,0.0,0.0,0.0,1.0,0.0,0.0,6.0,0.5560799816730013,0.5472338816864835,0.6951321163280697,0.3758171435432432,0.0,True,True,True,True,True,"[.8,1]",late
T0620,A080,L028,SK008,8,1.0,focus,adaptive,direct_policy,final_integrity_filtered_v1,selector,logged,False,0.6300386144171009,"{""generic"": 0.10561812826980993, ""probing"": 0.13757627863724514, ""focus"": 0.6300386144171009, ""telling"": 0.12676697867584408}",0.8485240794245692,0.8660197966338294,0.017495717209260242,0.017495717209260242,0.11550163975103793,bkt_update,0.6708797471310802,0.7193612778307252,0.08706481082568324,0.7402501958678588,resolved,R0620,learner_response,True,True,True,True,,,False,True,,correct,,0.10561812826980993,0.13757627863724514,0.6300386144171009,0.12676697867584408,0.059563042198690255,0.0,0.6357593427459121,0.3694272754989999,0.279853075748638,0.0,1.0,0.0,0.0,0.0,0.0,7.0,0.7211127382116763,0.8367397333428779,0.8176103854106405,0.0816872498566338,0.0,True,True,True,True,True,"[.8,1]",late
T0621,A081,L029,SK022,1,0.0,generic,adaptive,direct_policy,final_integrity_filtered_v1,selector,logged,False,0.6280931394051112,"{""generic"": 0.6280931394051112, ""probing"": 0.19541256803214457, ""focus"": 0.09132888663473811, ""telling"": 0.08516540592800619}",0.3652937133220912,0.5608188738120994,0.19552516049000818,0.19552516049000818,0.3080561270527172,bkt_update,0.7991469924733839,0.6642664147684936,0.7367527953593027,0.7104508522740409,resolved,R0621,learner_response,True,True,True,True,,,False,True,,correct,,0.6280931394051112,0.19541256803214457,0.09132888663473811,0.08516540592800619,0.0,1.0,0.6989561623740742,0.2771156234269483,0.5969557857572486,0.0,0.0,0.0,0.0,0.0,1.0,0.0,0.0,0.0,0.0,0.0,1.0,True,True,True,False,False,"[.2,.4)",early
T0622,A081,L029,SK022,2,0.16666666666666666,probing,adaptive,direct_policy,final_integrity_filtered_v1,selector,logged,False,0.10812357787020885,"{""generic"": 0.7615083918749056, ""probing"": 0.10812357787020885, ""focus"": 0.020540461043667912, ""telling"": 0.10982756921121777}",0.5608188738120994,0.6820192898006857,0.12120041598858633,0.12120041598858633,0.27596909056772984,bkt_update,0.4179230007384034,0.6407076576739169,0.4073199010236853,0.4212507711304652,resolved,R0622,learner_response,True,True,True,True,,,False,True,,correct,,0.7615083918749056,0.10812357787020885,0.020540461043667912,0.10982756921121777,0.16668879183826982,0.0,0.7755264152854932,0.1425581316095489,0.8620047939131326,0.0,1.0,0.0,0.0,0.0,0.0,1.0,1.0,0.5523900122818386,0.7802573133937899,0.7595174116672653,0.0,True,True,True,True,True,"[.4,.6)",early
T0623,A081,L029,SK022,3,0.3333333333333333,probing,adaptive,direct_policy,final_integrity_filtered_v1,selector,logged,False,0.6836980338626947,"{""generic"": 0.021835953500610322, ""probing"": 0.6836980338626947, ""focus"": 0.047963355412289736, ""telling"": 0.24650265722440526}",0.6820192898006857,0.7267519977969616,0.04473270799627593,0.04473270799627593,0.14067742652765608,bkt_update,0.42931572660873357,0.843599050822057,0.35704641805802906,0.57553374840939,resolved,R0623,learner_response,True,True,True,True,,,False,True,,correct,,0.021835953500610322,0.6836980338626947,0.047963355412289736,0.24650265722440526,0.0019253167125928908,0.0,0.34554699013222157,0.6327911013081687,0.4768430011208512,0.0,0.0,1.0,0.0,0.0,0.0,2.0,0.0,0.0,0.0,0.0,1.0,True,True,True,True,False,"[.6,.8)",middle
T0624,A081,L029,SK022,4,0.5,generic,adaptive,direct_policy,final_integrity_filtered_v1,selector,logged,False,0.24726587287873306,"{""generic"": 0.24726587287873306, ""probing"": 0.18436932504700407, ""focus"": 0.5368417631327673, ""telling"": 0.03152303894149547}",0.7267519977969616,0.6212990559417289,-0.1054529418552328,-0.1054529418552328,-0.1451016882993062,bkt_update,0.7226028998391166,0.17145265619274117,0.77065177682289,0.3709131837304311,resolved,R0624,learner_response,True,True,True,True,,,False,True,,incorrect,,0.24726587287873306,0.18436932504700407,0.5368417631327673,0.03152303894149547,0.10124979333930541,0.0,0.4347869522693803,0.5354751543184092,0.4039056295139236,0.0,0.0,1.0,0.0,0.0,0.0,3.0,0.37271280111916627,0.9212243466692901,0.36451539398561345,0.7770199453813503,0.0,True,True,True,True,True,"[.6,.8)",middle
T0625,A081,L029,SK022,5,0.6666666666666666,focus,adaptive,direct_policy,final_integrity_filtered_v1,selector,logged,False,0.3717726421735424,"{""generic"": 0.5272119646413074, ""probing"": 0.03527393530838468, ""focus"": 0.3717726421735424, ""telling"": 0.06574145787676554}",0.6212990559417289,0.6431933427499636,0.021894286808234797,0.021894286808234797,0.05781418597379018,bkt_update,0.5591267273518459,0.7955610961271612,0.44620520478040215,0.20872019850129217,resolved,R0625,learner_response,True,True,True,True,,,False,True,,correct,,0.5272119646413074,0.03527393530838468,0.3717726421735424,0.06574145787676554,-0.01817102417477475,0.0,0.5190414545629157,0.4563688636918688,0.48674041576918065,0.0,1.0,0.0,0.0,0.0,0.0,4.0,0.0,0.0,0.0,0.0,1.0,True,True,True,True,False,"[.6,.8)",late
T0626,A081,L029,SK022,6,0.8333333333333334,generic,adaptive,direct_policy,final_integrity_filtered_v1,selector,logged,False,0.49697972193903794,"{""generic"": 0.49697972193903794, ""probing"": 0.026733687609733728, ""focus"": 0.41195418289362223, ""telling"": 0.06433240755760614}",0.6431933427499636,0.6849772405502027,0.041783897800239056,0.041783897800239056,0.11710515191132914,bkt_update,0.5288547265170699,0.3807659994980763,0.5538534209192816,0.12061903274699567,resolved,R0626,learner_response,True,True,True,True,,,False,True,,correct,,0.49697972193903794,0.026733687609733728,0.41195418289362223,0.06433240755760614,0.0749102526463991,0.0,0.0,0.0,0.0,1.0,0.0,0.0,1.0,0.0,0.0,5.0,0.5836340560546942,0.8211495487179687,0.6184677770959705,0.48931631822302457,0.0,True,True,False,True,True,"[.6,.8)",late
T0627,A081,L029,SK022,7,1.0,probing,adaptive,direct_policy,final_integrity_filtered_v1,selector,logged,False,0.5542730145384649,"{""generic"": 0.3521218076222594, ""probing"": 0.5542730145384649, ""focus"": 0.041671873813603794, ""telling"": 0.0519333040256719}",0.6849772405502027,0.7521158085441928,0.0671385679939901,0.0671385679939901,0.21312291248813545,bkt_update,0.762525742156318,0.7557361590804266,0.9113924587859042,0.8474058730675957,resolved,R0627,learner_response,True,True,True,True,,,False,True,,correct,,0.3521218076222594,0.5542730145384649,0.041671873813603794,0.0519333040256719,0.09933508713727283,0.0,0.6409214452214989,0.31669855307949424,0.5778161348620198,0.0,1.0,0.0,0.0,0.0,0.0,6.0,0.5673468793091575,0.4883125649788755,0.727600459036933,0.30646448540156435,0.0,True,True,True,True,True,"[.6,.8)",late
T0628,A082,L029,SK003,1,0.0,focus,adaptive,direct_policy,final_integrity_filtered_v1,selector,logged,False,0.9745814431821151,"{""generic"": 0.01472326353781391, ""probing"": 0.003868026500603904, ""focus"": 0.9745814431821151, ""telling"": 0.006827266779467158}",0.2651050418873698,0.5448673472475442,0.2797623053601744,0.2797623053601744,0.38068339192129536,bkt_update,0.5428953620364002,0.8084019205193231,0.7290712512379723,0.4258821847529987,resolved,R0628,learner_response,True,True,True,True,,,False,True,,correct,,0.01472326353781391,0.003868026500603904,0.9745814431821151,0.006827266779467158,0.0,1.0,0.9293587024238865,0.0387727490478931,0.6642438819015899,0.0,0.0,0.0,0.0,0.0,1.0,0.0,0.0,0.0,0.0,0.0,1.0,True,True,True,False,False,"[.2,.4)",early
T0629,A082,L029,SK003,2,0.14285714285714285,focus,adaptive,direct_policy,final_integrity_filtered_v1,selector,logged,False,0.5826235849683207,"{""generic"": 0.08383500755488317, ""probing"": 0.19715719714312185, ""focus"": 0.5826235849683207, ""telling"": 0.1363842103336742}",0.5448673472475442,0.6287418914481673,0.08387454420062312,0.08387454420062312,0.1842859300324515,bkt_update,0.6224786139055873,0.757780224423647,0.433951356669727,0.2249384822116071,resolved,R0629,learner_response,True,True,True,True,,,False,True,,correct,,0.08383500755488317,0.19715719714312185,0.5826235849683207,0.1363842103336742,0.06571189976999464,0.0,0.3827064040179901,0.46354532115802394,0.45231334024379655,0.0,0.0,0.0,1.0,0.0,0.0,1.0,0.4394749423087225,0.9875940143327917,0.7015030783558882,0.4047002235614861,0.0,True,True,True,True,True,"[.4,.6)",early
T0630,A082,L029,SK003,3,0.2857142857142857,telling,adaptive,direct_policy,final_integrity_filtered_v1,selector,logged,False,0.3961749916913971,"{""generic"": 0.16708706484074648, ""probing"": 0.10009805714130392, ""focus"": 0.33663988632655245, ""telling"": 0.3961749916913971}",0.6287418914481673,0.6887171499487758,0.059975258500608475,0.059975258500608475,0.16154598948573565,bkt_update,0.6538471909487507,0.4900276127518973,0.06236444752898341,0.13137439001767684,resolved,R0630,learner_response,True,True,True,True,,,False,True,,correct,,0.16708706484074648,0.10009805714130392,0.33663988632655245,0.3961749916913971,0.040999709685271654,0.0,0.5641802894903162,0.17639154375514338,0.3747126287087962,0.0,0.0,0.0,1.0,0.0,0.0,2.0,0.5949668161076777,0.8505545937075413,0.5559311760912105,0.1295088018533802,0.0,True,True,True,True,True,"[.6,.8)",early
T0631,A082,L029,SK003,4,0.42857142857142855,focus,adaptive,direct_policy,final_integrity_filtered_v1,selector,logged,False,0.8271102404341482,"{""generic"": 0.08477828887925286, ""probing"": 0.02811746128063479, ""focus"": 0.8271102404341482, ""telling"": 0.059994009405964104}",0.6887171499487758,0.7474651558607377,0.05874800591196194,0.05874800591196194,0.18872869450499588,bkt_update,0.7907283141289512,0.082282548958332,0.19980128012737688,0.4827694953802816,resolved,R0631,learner_response,True,True,True,True,,,False,True,,correct,,0.08477828887925286,0.02811746128063479,0.8271102404341482,0.059994009405964104,0.09473423837438119,0.0,0.7000424242311093,0.40096424874920444,0.4873034174613928,0.0,0.0,0.0,0.0,1.0,0.0,3.0,0.5338300014316165,0.5107348355482169,0.32291502320146365,0.2555315548604754,0.0,True,True,True,True,True,"[.6,.8)",middle
T0632,A082,L029,SK003,5,0.5714285714285714,probing,adaptive,direct_policy,final_integrity_filtered_v1,selector,logged,False,0.8284007013153701,"{""generic"": 0.013075399463733534, ""probing"": 0.8284007013153701, ""focus"": 0.113402559110463, ""telling"": 0.04512134011043324}",0.7474651558607377,0.7897239304229671,0.04225877456222937,0.04225877456222937,0.16733839128720568,bkt_update,0.6960724376923172,0.5442717383549575,0.10312812318449603,0.562918546936133,resolved,R0632,learner_response,True,True,True,True,,,False,True,,correct,,0.013075399463733534,0.8284007013153701,0.113402559110463,0.04512134011043324,0.08006709178961492,0.0,0.8237009427660817,0.2573348779723673,0.5138299501751479,0.0,0.0,0.0,1.0,0.0,0.0,4.0,0.8203170628382647,0.08054991736191323,0.10954973466876733,0.6966133957644977,0.0,True,True,True,True,True,"[.6,.8)",middle
T0633,A082,L029,SK003,6,0.7142857142857143,telling,adaptive,direct_policy,final_integrity_filtered_v1,selector,logged,False,0.9246455836804021,"{""generic"": 0.0034750216020375826, ""probing"": 0.06374993339490317, ""focus"": 0.008129461322657175, ""telling"": 0.9246455836804021}",0.7897239304229671,0.8250771323030738,0.03535320188010671,0.03535320188010671,0.16812755703118823,bkt_update,0.7844338941447728,0.8419873880191774,0.9232275502642029,0.33933633927026774,resolved,R0633,learner_response,True,True,True,True,,,False,True,,correct,,0.0034750216020375826,0.06374993339490317,0.008129461322657175,0.9246455836804021,0.10672650589649509,0.0,0.5610989531067987,0.3396137989436937,0.6122861142655509,0.0,0.0,1.0,0.0,0.0,0.0,5.0,0.772812573529876,0.5927349310401538,0.025328760237969872,0.5603264535436333,0.0,True,True,True,True,True,"[.6,.8)",late
T0634,A082,L029,SK003,7,0.8571428571428571,telling,adaptive,direct_policy,final_integrity_filtered_v1,selector,logged,False,0.6662652393002703,"{""generic"": 0.007635181138645852, ""probing"": 0.024974526501478883, ""focus"": 0.30112505305960496, ""telling"": 0.6662652393002703}",0.8250771323030738,0.7726451107798123,-0.05243202152326143,-0.05243202152326143,-0.06354802414279213,bkt_update,0.6299746621285629,0.24351348072597234,0.634593108369668,0.21049044342343493,resolved,R0634,learner_response,True,True,True,True,,,False,True,,incorrect,,0.007635181138645852,0.024974526501478883,0.30112505305960496,0.6662652393002703,0.06445135118996483,0.0,0.4798626470035362,0.3811770544035074,0.6360283286045851,0.0,0.0,0.0,0.0,1.0,0.0,6.0,0.6284503482108333,1.0,0.9529772585852067,0.4985852972901249,0.0,True,True,True,True,True,"[.8,1]",late
T0635,A082,L029,SK003,8,1.0,probing,adaptive,direct_policy,final_integrity_filtered_v1,selector,logged,False,0.46442930915969344,"{""generic"": 0.08324786454157294, ""probing"": 0.46442930915969344, ""focus"": 0.2541788356312382, ""telling"": 0.19814399066749552}",0.7726451107798123,0.8004475130501327,0.02780240227032038,0.02780240227032038,0.12228636193257508,bkt_update,0.7491298428659309,0.6597528919690859,0.5973162183794449,0.4154276465777584,resolved,R0635,learner_response,True,True,True,True,,,False,True,,correct,,0.08324786454157294,0.46442930915969344,0.2541788356312382,0.19814399066749552,0.10690640543673227,0.0,0.6829047516285037,0.19663713928568588,0.5729323899730839,0.0,0.0,0.0,0.0,1.0,0.0,7.0,0.5892785936133244,0.17295640405158025,0.5635696485259643,0.25841860377454906,0.0,True,True,True,True,True,"[.6,.8)",late
T0636,A083,L029,SK001,1,0.0,generic,adaptive,direct_policy,final_integrity_filtered_v1,selector,logged,False,0.8012281316732036,"{""generic"": 0.8012281316732036, ""probing"": 0.08639994820831465, ""focus"": 0.05264840089722857, ""telling"": 0.05972351922125318}",0.5873770918522393,0.6476323880813916,0.060255296229152266,0.060255296229152266,0.14602993444943388,bkt_update,0.8652844166934924,0.6362602089366514,0.7169259924559626,0.32040859842755265,resolved,R0636,learner_response,True,True,True,True,,,False,True,,correct,,0.8012281316732036,0.08639994820831465,0.05264840089722857,0.05972351922125318,0.0,1.0,0.4352440019426067,0.5790086370233639,0.3970392477755787,0.0,0.0,0.0,0.0,0.0,1.0,0.0,0.0,0.0,0.0,0.0,1.0,True,True,True,False,False,"[.4,.6)",early
T0637,A083,L029,SK001,2,0.14285714285714285,probing,adaptive,direct_policy,final_integrity_filtered_v1,selector,logged,False,0.48678863150370827,"{""generic"": 0.1093742185628148, ""probing"": 0.48678863150370827, ""focus"": 0.3427874624077976, ""telling"": 0.06104968752567937}",0.6476323880813916,0.47415052692212234,-0.17348186115926922,-0.17348186115926922,-0.2678708853230898,bkt_update,0.6588316248282245,0.6025469101561923,0.5940203624358673,0.3095885867673259,resolved,R0637,learner_response,True,True,True,True,,,False,True,,incorrect,,0.1093742185628148,0.48678863150370827,0.3427874624077976,0.06104968752567937,0.037911252793977016,0.0,0.19102484003411477,0.6470788625250082,0.5274835791202721,0.0,1.0,0.0,0.0,0.0,0.0,1.0,0.8459558759224759,0.4722823363699923,0.4849157209892529,0.14342725815228052,0.0,True,True,True,True,True,"[.6,.8)",early
T0638,A083,L029,SK001,3,0.2857142857142857,focus,adaptive,direct_policy,final_integrity_filtered_v1,selector,logged,False,0.36061384570787774,"{""generic"": 0.418687871718774, ""probing"": 0.14575478410023587, ""focus"": 0.36061384570787774, ""telling"": 0.07494349847311246}",0.47415052692212234,0.5341542177890045,0.060003690866882176,0.060003690866882176,0.11410811256626609,bkt_update,0.9244293779561207,0.6677048377730092,0.11399637092825943,0.40162339935480584,resolved,R0638,learner_response,True,True,True,True,,,False,True,,correct,,0.418687871718774,0.14575478410023587,0.36061384570787774,0.07494349847311246,0.015412129775733613,0.0,0.6248025539588136,0.4039946556108598,0.4107479416941503,0.0,0.0,1.0,0.0,0.0,0.0,2.0,0.3681399270199529,0.7786681109287592,0.6167892247428953,0.28266603787597677,0.0,True,True,True,True,True,"[.4,.6)",early
T0639,A083,L029,SK001,4,0.42857142857142855,focus,adaptive,direct_policy,final_integrity_filtered_v1,selector,logged,False,0.25758613260122615,"{""generic"": 0.6044305796404321, ""probing"": 0.12131688152944109, ""focus"": 0.25758613260122615, ""telling"": 0.016666406228900647}",0.5341542177890045,0.5245540323832049,-0.009600185405799655,-0.009600185405799655,-0.017972684827870834,bkt_update,0.7594910757353899,0.8114462376457758,0.1990804278746078,0.6064618896557349,resolved,R0639,learner_response,True,True,True,True,,,False,True,,incorrect,,0.6044305796404321,0.12131688152944109,0.25758613260122615,0.016666406228900647,0.0791495369908748,0.0,0.8307676738416512,0.42478140290801575,0.6105107893564146,0.0,0.0,0.0,1.0,0.0,0.0,3.0,0.8884168627326682,0.6760572262907707,0.11922232924798357,0.4066803357804681,0.0,True,True,True,True,True,"[.4,.6)",middle
T0640,A083,L029,SK001,5,0.5714285714285714,focus,adaptive,direct_policy,final_integrity_filtered_v1,selector,logged,False,0.9674730807464115,"{""generic"": 0.0033912984152150655, ""probing"": 0.02150493919907673, ""focus"": 0.9674730807464115, ""telling"": 0.0076306816392965595}",0.5245540323832049,0.48592889528042593,-0.03862513710277893,-0.03862513710277893,-0.07363423921706111,bkt_update,0.7237266535054286,0.8027136981989667,0.8539093963155937,0.19439329858777285,resolved,R0640,learner_response,True,True,True,True,,,False,True,,incorrect,,0.0033912984152150655,0.02150493919907673,0.9674730807464115,0.0076306816392965595,-0.018006353670206744,0.0,0.174511594674223,0.770923335316108,0.37894175644683825,0.0,0.0,0.0,1.0,0.0,0.0,4.0,0.8352194390692592,0.842752359419253,0.1259508207235243,0.4791432899727617,0.0,True,True,True,True,True,"[.4,.6)",middle
T0641,A083,L029,SK001,6,0.7142857142857143,probing,adaptive,direct_policy,final_integrity_filtered_v1,selector,logged,False,0.4697635945649063,"{""generic"": 0.3231039213861961, ""probing"": 0.4697635945649063, ""focus"": 0.14067066963990493, ""telling"": 0.06646181440899285}",0.48592889528042593,0.4476488977992308,-0.03827999748119515,-0.03827999748119515,-0.07877695245742497,bkt_update,0.2909277729471838,0.3377470971942094,0.3505739437168242,0.7747511534161307,resolved,R0641,learner_response,True,True,True,True,,,False,True,,incorrect,,0.3231039213861961,0.4697635945649063,0.14067066963990493,0.06646181440899285,-0.03443803811191543,0.0,0.4424809622942923,0.7938031217776889,0.20545636688454777,0.0,0.0,0.0,1.0,0.0,0.0,5.0,0.8588112173482229,0.6759211894164877,0.7197930395738653,0.05542447897499478,0.0,True,True,True,True,True,"[.4,.6)",late
T0642,A083,L029,SK001,7,0.8571428571428571,generic,adaptive,direct_policy,final_integrity_filtered_v1,selector,logged,False,0.18660570759911033,"{""generic"": 0.18660570759911033, ""probing"": 0.2172115861990464, ""focus"": 0.07216180876571524, ""telling"": 0.524020897436128}",0.4476488977992308,0.53631057530479,0.0886616775055592,0.0886616775055592,0.16051688346832038,bkt_update,0.32077025707952106,0.3846918107540125,0.670053503941456,0.8151255748444844,resolved,R0642,learner_response,True,True,True,True,,,False,True,,correct,,0.18660570759911033,0.2172115861990464,0.07216180876571524,0.524020897436128,-0.03638788228501229,0.0,0.43896336524621116,0.449616270151943,0.388162213052187,0.0,0.0,1.0,0.0,0.0,0.0,6.0,0.4909892385846653,0.3047446307413427,0.2840398819332983,0.7586377666026842,0.0,True,True,True,True,True,"[.4,.6)",late
T0643,A083,L029,SK001,8,1.0,generic,adaptive,direct_policy,final_integrity_filtered_v1,selector,logged,False,0.9106554138188611,"{""generic"": 0.9106554138188611, ""probing"": 0.053638338164718524, ""focus"": 0.011090371765455229, ""telling"": 0.024615876250965237}",0.53631057530479,0.6411246601118789,0.10481408480708887,0.10481408480708887,0.22604372501267359,bkt_update,0.849564115618519,0.7912903662222986,0.09396417017117269,0.3813233402117373,resolved,R0643,learner_response,True,True,True,True,,,False,True,,correct,,0.9106554138188611,0.053638338164718524,0.011090371765455229,0.024615876250965237,0.02946651967291982,0.0,0.7654360012082986,0.15622556543451113,0.6600454801040149,0.0,1.0,0.0,0.0,0.0,0.0,7.0,0.4359556174249386,0.48208408538534303,0.5130301441642487,1.0,0.0,True,True,True,True,True,"[.4,.6)",late
T0644,A084,L029,SK003,1,0.0,focus,adaptive,direct_policy,final_integrity_filtered_v1,selector,logged,False,0.7150272675530995,"{""generic"": 0.03542822683525154, ""probing"": 0.08711196038046028, ""focus"": 0.7150272675530995, ""telling"": 0.1624325452311886}",0.27741216112480394,0.43091039335540904,0.1534982322306051,0.1534982322306051,0.21242847439772233,bkt_update,0.7301668793832913,0.9046075739730615,0.29258854228898235,0.1907840659697208,resolved,R0644,learner_response,True,True,True,True,,,False,True,,correct,,0.03542822683525154,0.08711196038046028,0.7150272675530995,0.1624325452311886,0.0,1.0,0.49954168403555443,0.5017283521721501,0.4004361088373993,0.0,0.0,0.0,0.0,0.0,1.0,0.0,0.0,0.0,0.0,0.0,1.0,True,True,True,False,False,"[.2,.4)",early
T0645,A084,L029,SK003,2,0.14285714285714285,focus,adaptive,direct_policy,final_integrity_filtered_v1,selector,logged,False,0.9280050474158102,"{""generic"": 0.02598748344098058, ""probing"": 0.03239910930160878, ""focus"": 0.9280050474158102, ""telling"": 0.013608359841600413}",0.43091039335540904,0.4248980554433468,-0.006012337912062238,-0.006012337912062238,-0.013952640745667379,bkt_update,0.9527306455457673,0.39367474608943415,0.47447645940290495,0.7410825601316359,resolved,R0645,learner_response,True,True,True,True,,,False,True,,incorrect,,0.02598748344098058,0.03239910930160878,0.9280050474158102,0.013608359841600413,-0.03561703373879318,0.0,0.0,0.0,0.0,1.0,0.0,0.0,1.0,0.0,0.0,1.0,0.6680362822695294,0.7905258565828152,0.16706890397844193,0.09210334626693253,0.0,True,True,False,True,True,"[.4,.6)",early
T0646,A084,L029,SK003,3,0.2857142857142857,focus,adaptive,direct_policy,final_integrity_filtered_v1,selector,logged,False,0.8867693598546252,"{""generic"": 0.015912973062330787, ""probing"": 0.04039285686113226, ""focus"": 0.8867693598546252, ""telling"": 0.056924810221911745}",0.4248980554433468,0.5228984140124447,0.09800035856909795,0.09800035856909795,0.1704051942384694,bkt_update,0.6169162786824133,0.8364441318630272,0.5282693086682753,0.677902700302172,resolved,R0646,learner_response,True,True,True,True,,,False,True,,correct,,0.015912973062330787,0.04039285686113226,0.8867693598546252,0.056924810221911745,0.032882318990672794,0.0,0.0,0.0,0.0,1.0,0.0,0.0,1.0,0.0,0.0,2.0,0.8709682557184188,0.2315155217688426,0.5387139734921456,0.7482643827789142,0.0,True,True,False,True,True,"[.4,.6)",early
T0647,A084,L029,SK003,4,0.42857142857142855,generic,adaptive,direct_policy,final_integrity_filtered_v1,selector,logged,False,0.2521683471299151,"{""generic"": 0.2521683471299151, ""probing"": 0.198522916884687, ""focus"": 0.38436110049513766, ""telling"": 0.16494763549026015}",0.5228984140124447,0.45475121435652377,-0.06814719965592098,-0.06814719965592098,-0.13032588707430867,bkt_update,0.8098440957889836,0.8934830795477992,0.42536848688446244,0.9210779584726673,resolved,R0647,learner_response,True,True,True,True,,,False,True,,incorrect,,0.2521683471299151,0.198522916884687,0.38436110049513766,0.16494763549026015,0.018393000041288878,0.0,0.3012550801928656,0.668647830524477,0.2656248717987165,0.0,0.0,0.0,1.0,0.0,0.0,3.0,0.0,0.0,0.0,0.0,1.0,True,True,True,True,False,"[.4,.6)",middle
T0648,A084,L029,SK003,5,0.5714285714285714,telling,adaptive,direct_policy,final_integrity_filtered_v1,selector,logged,False,0.6188658084045189,"{""generic"": 0.30750004372926787, ""probing"": 0.019314321106453567, ""focus"": 0.05431982675975971, ""telling"": 0.6188658084045189}",0.45475121435652377,0.5208988552094911,0.06614764085296732,0.06614764085296732,0.12131643865085012,bkt_update,0.6764185917181434,0.4246294573420346,0.40518397090476466,0.5014050414329463,resolved,R0648,learner_response,True,True,True,True,,,False,True,,correct,,0.30750004372926787,0.019314321106453567,0.05431982675975971,0.6188658084045189,0.08060325591453485,0.0,0.46206408751829214,0.3167588226183588,0.4044324540847671,0.0,1.0,0.0,0.0,0.0,0.0,4.0,0.8965476751594922,0.7881608754771269,0.48164806905080926,1.0,0.0,True,True,True,True,True,"[.4,.6)",middle
T0649,A084,L029,SK003,6,0.7142857142857143,focus,adaptive,direct_policy,final_integrity_filtered_v1,selector,logged,False,0.825135565068714,"{""generic"": 0.016408297057138473, ""probing"": 0.05334752671681842, ""focus"": 0.825135565068714, ""telling"": 0.10510861115732911}",0.5208988552094911,0.6204135713910987,0.09951471618160757,0.09951471618160757,0.20771128865726513,bkt_update,0.8171765536464786,0.37937723555677294,0.07079482947128254,0.22873461194869854,resolved,R0649,learner_response,True,True,True,True,,,False,True,,correct,,0.016408297057138473,0.05334752671681842,0.825135565068714,0.10510861115732911,0.07271069542027118,0.0,0.6809113094376252,0.524016879899221,0.4996591181454286,0.0,0.0,0.0,0.0,1.0,0.0,5.0,0.5030992374969558,0.6150648546236881,0.5174503911269066,0.6903913134487957,0.0,True,True,True,True,True,"[.4,.6)",late
T0650,A084,L029,SK003,7,0.8571428571428571,probing,adaptive,direct_policy,final_integrity_filtered_v1,selector,logged,False,0.7121451274821743,"{""generic"": 0.16208417389926288, ""probing"": 0.7121451274821743, ""focus"": 0.05515344828618538, ""telling"": 0.07061725033237737}",0.6204135713910987,0.5662369659372025,-0.05417660545389613,-0.05417660545389613,-0.08732337258906298,bkt_update,0.4753293350250643,0.7762871773619112,0.6242289880043072,0.14270716097752015,resolved,R0650,learner_response,True,True,True,True,,,False,True,,incorrect,,0.16208417389926288,0.7121451274821743,0.05515344828618538,0.07061725033237737,0.11668355410433885,0.0,0.48443787080699985,0.5002996360371602,0.4124947934330428,0.0,0.0,0.0,1.0,0.0,0.0,6.0,0.7971966624505461,0.3215214494943603,0.12655580910530229,0.24317369911759637,0.0,True,True,True,True,True,"[.6,.8)",late
T0651,A084,L029,SK003,8,1.0,generic,adaptive,direct_policy,final_integrity_filtered_v1,selector,logged,False,0.8666379157546651,"{""generic"": 0.8666379157546651, ""probing"": 0.047299233990481374, ""focus"": 0.008619641771284155, ""telling"": 0.07744320848356921}",0.5662369659372025,0.5734399626224412,0.007202996685238716,0.007202996685238716,0.016605833415015977,bkt_update,0.3464645239441665,0.6551087516346619,0.4059019634277841,0.2922237257574705,resolved,R0651,learner_response,True,True,True,True,,,False,True,,correct,,0.8666379157546651,0.047299233990481374,0.008619641771284155,0.07744320848356921,-0.08065119322736113,0.0,0.15747576576482086,0.7442397503730057,0.14170247094396093,0.0,0.0,1.0,0.0,0.0,0.0,7.0,0.5843331758738481,0.6582828935122373,0.6922497055533497,0.0,0.0,True,True,True,True,True,"[.4,.6)",late
T0652,A085,L030,SK005,1,0.0,focus,adaptive,direct_policy,final_integrity_filtered_v1,selector,logged,False,0.56803318937112,"{""generic"": 0.014575671855301085, ""probing"": 0.38808444941412157, ""focus"": 0.56803318937112, ""telling"": 0.02930668935945741}",0.31697080918382176,0.4933773669517799,0.17640655776795816,0.17640655776795816,0.2582708911125205,bkt_update,0.8434060057164562,0.618469889609407,0.3529399138516618,0.22895519777100087,resolved,R0652,learner_response,True,True,True,True,,,False,True,,correct,,0.014575671855301085,0.38808444941412157,0.56803318937112,0.02930668935945741,0.0,1.0,0.6110050720002793,0.5050622454328255,0.4253695655520867,0.0,0.0,0.0,0.0,0.0,1.0,0.0,0.0,0.0,0.0,0.0,1.0,True,True,True,False,False,"[.2,.4)",early
T0653,A085,L030,SK005,2,0.14285714285714285,focus,adaptive,direct_policy,final_integrity_filtered_v1,selector,logged,False,0.5803336416234068,"{""generic"": 0.18560806379161282, ""probing"": 0.10394104142612122, ""focus"": 0.5803336416234068, ""telling"": 0.13011725315885905}",0.4933773669517799,0.47054947542005976,-0.022827891531720157,-0.022827891531720157,-0.04626862329084348,bkt_update,0.608649978212815,0.44117020924833295,0.1472299816469114,0.4722894669011973,resolved,R0653,learner_response,True,True,True,True,,,False,True,,incorrect,,0.18560806379161282,0.10394104142612122,0.5803336416234068,0.13011725315885905,0.05427858424649901,0.0,0.0,0.0,0.0,1.0,0.0,0.0,1.0,0.0,0.0,1.0,0.6947200123349963,0.6668157130933016,0.38790021410647707,0.3541842856866938,0.0,True,True,False,True,True,"[.4,.6)",early
T0654,A085,L030,SK005,3,0.2857142857142857,probing,adaptive,direct_policy,final_integrity_filtered_v1,selector,logged,False,0.6101650604641934,"{""generic"": 0.08387667391146822, ""probing"": 0.6101650604641934, ""focus"": 0.21222803541703722, ""telling"": 0.09373023020730117}",0.47054947542005976,0.3506596114888396,-0.11988986393122014,-0.11988986393122014,-0.254786946312488,bkt_update,0.6010067122774523,0.3583462461870188,0.6522231170515935,0.8524574619844006,resolved,R0654,learner_response,True,True,True,True,,,False,True,,incorrect,,0.08387667391146822,0.6101650604641934,0.21222803541703722,0.09373023020730117,-0.06984309896829352,0.0,0.18655468586229518,0.9318943828332773,0.1103618814228663,0.0,0.0,0.0,1.0,0.0,0.0,2.0,0.5964646936552274,0.3456993395683505,0.0,0.31173007759008114,0.0,True,True,True,True,True,"[.4,.6)",early
T0655,A085,L030,SK005,4,0.42857142857142855,focus,adaptive,direct_policy,final_integrity_filtered_v1,selector,logged,False,0.8174170241872984,"{""generic"": 0.024934772369203745, ""probing"": 0.02299449626190247, ""focus"": 0.8174170241872984, ""telling"": 0.13465370718159528}",0.3506596114888396,0.3560507404009868,0.005391128912147158,0.005391128912147158,0.008302469717782694,bkt_update,0.7716840965129154,0.3914639253587131,0.25423495631513565,0.5441126536202362,resolved,R0655,learner_response,True,True,True,True,,,False,True,,correct,,0.024934772369203745,0.02299449626190247,0.8174170241872984,0.13465370718159528,-0.07706332838025466,0.0,0.1832770324968223,0.5705362235520313,0.16996602405756242,0.0,0.0,1.0,0.0,0.0,0.0,3.0,0.5269476611809509,0.3084008747932031,0.702558554254874,0.9514723217447429,0.0,True,True,True,True,True,"[.2,.4)",middle
T0656,A085,L030,SK005,5,0.5714285714285714,telling,adaptive,direct_policy,final_integrity_filtered_v1,selector,logged,False,0.49947458742173567,"{""generic"": 0.3334452665155723, ""probing"": 0.07043539351546127, ""focus"": 0.09664475254723083, ""telling"": 0.49947458742173567}",0.3560507404009868,0.38095265819204227,0.024901917791055495,0.024901917791055495,0.03867062104638788,bkt_update,0.39759886258275196,0.5202990917298309,0.7291709127389251,0.6301279459231166,resolved,R0656,learner_response,True,True,True,True,,,False,True,,correct,,0.3334452665155723,0.07043539351546127,0.09664475254723083,0.49947458742173567,0.07313613801356997,0.0,0.5035025390676686,0.5912157331424466,0.35585652765164927,0.0,0.0,0.0,1.0,0.0,0.0,4.0,0.7373731458582249,0.35821659525161265,0.4201547111975916,0.512299216910085,0.0,True,True,True,True,True,"[.2,.4)",middle
T0657,A085,L030,SK005,6,0.7142857142857143,generic,adaptive,direct_policy,final_integrity_filtered_v1,selector,logged,False,0.5669294597339966,"{""generic"": 0.5669294597339966, ""probing"": 0.20609671842782337, ""focus"": 0.07654803605604929, ""telling"": 0.15042578578213073}",0.38095265819204227,0.75554130639204,0.3745886481999977,0.3745886481999977,0.6051050103954787,bkt_update,0.6516289796848865,0.9472419851614219,0.21535009443455683,0.4771830729449728,resolved,R0657,learner_response,True,True,True,True,,,False,True,,correct,,0.5669294597339966,0.20609671842782337,0.07654803605604929,0.15042578578213073,0.17494142020601824,0.0,0.8241798212375184,0.12065000752301416,0.8261248262226677,0.0,0.0,0.0,0.0,1.0,0.0,5.0,0.4453830968243714,0.7401133405327138,0.7476825260234814,0.7973178584051605,0.0,True,True,True,True,True,"[.2,.4)",late
T0658,A085,L030,SK005,7,0.8571428571428571,generic,adaptive,direct_policy,final_integrity_filtered_v1,selector,logged,False,0.3044144381243868,"{""generic"": 0.3044144381243868, ""probing"": 0.2100547854845428, ""focus"": 0.4146043754571715, ""telling"": 0.07092640093389896}",0.75554130639204,0.7685968488810029,0.013055542488962901,0.013055542488962901,0.05340592431496897,bkt_update,0.6418634883479071,0.15844211713728776,0.29352868982560476,0.5864316353896748,resolved,R0658,learner_response,True,True,True,True,,,False,True,,correct,,0.3044144381243868,0.2100547854845428,0.4146043754571715,0.07092640093389896,0.1452313162184452,0.0,0.0,0.0,0.0,1.0,1.0,0.0,0.0,0.0,0.0,6.0,0.6141624091431102,0.9216352951119188,0.4854826318217438,0.37729303035566536,0.0,True,True,False,True,True,"[.6,.8)",late
T0659,A085,L030,SK005,8,1.0,telling,adaptive,direct_policy,final_integrity_filtered_v1,selector,logged,False,0.8195082249059777,"{""generic"": 0.11458463294383534, ""probing"": 0.05193008915661429, ""focus"": 0.013977052993572629, ""telling"": 0.8195082249059777}",0.7685968488810029,0.767360904522104,-0.001235944358898844,-0.001235944358898844,-0.001608052857227102,bkt_update,0.3251360938182665,0.6499293947519561,0.6304524965808731,0.3726226106154877,resolved,R0659,learner_response,True,True,True,True,,,False,True,,incorrect,,0.11458463294383534,0.05193008915661429,0.013977052993572629,0.8195082249059777,0.017267560943814098,0.0,0.5333274228043852,0.5367738924357378,0.6105671272853296,0.0,1.0,0.0,0.0,0.0,0.0,7.0,0.8009432453870096,0.09768428206856085,0.31160004942119285,0.33539490283949597,0.0,True,True,True,True,True,"[.6,.8)",late
T0660,A086,L030,SK015,1,0.0,generic,adaptive,direct_policy,final_integrity_filtered_v1,selector,logged,False,0.9378848863521079,"{""generic"": 0.9378848863521079, ""probing"": 0.03209166617791372, ""focus"": 0.01787071072420546, ""telling"": 0.01215273674577292}",0.6158802488496121,0.5956083737187291,-0.02027187513088302,-0.02027187513088302,-0.032915286971368814,bkt_update,0.6307450402525073,0.6893436435462883,0.5635620188825975,0.6107675986625072,resolved,R0660,learner_response,True,True,True,True,,,False,True,,incorrect,,0.9378848863521079,0.03209166617791372,0.01787071072420546,0.01215273674577292,0.0,1.0,0.4632785933417167,0.5985610893557407,0.46906049098396363,0.0,0.0,0.0,0.0,0.0,1.0,0.0,0.0,0.0,0.0,0.0,1.0,True,True,True,False,False,"[.6,.8)",early
T0661,A086,L030,SK015,2,0.14285714285714285,telling,adaptive,direct_policy,final_integrity_filtered_v1,selector,logged,False,0.89558883064957,"{""generic"": 0.0021891979966028852, ""probing"": 0.04798607681047661, ""focus"": 0.054235894543350587, ""telling"": 0.89558883064957}",0.5956083737187291,0.6376755099427392,0.04206713622401015,0.04206713622401015,0.10402573517867736,bkt_update,0.3953292499097905,0.259822259082109,0.28216703421172423,0.14454095188048222,resolved,R0661,learner_response,True,True,True,True,,,False,True,,correct,,0.0021891979966028852,0.04798607681047661,0.054235894543350587,0.89558883064957,-0.028732577501126615,0.0,0.4891479301173972,0.5996910277455465,0.4738113102281074,0.0,1.0,0.0,0.0,0.0,0.0,1.0,0.5687473609522903,0.6324937835213243,0.6247140756148996,0.5749964921194008,0.0,True,True,True,True,True,"[.4,.6)",early
T0662,A086,L030,SK015,3,0.2857142857142857,telling,adaptive,direct_policy,final_integrity_filtered_v1,selector,logged,False,0.20675544591706038,"{""generic"": 0.602586068044126, ""probing"": 0.14851169428866384, ""focus"": 0.042146791750149765, ""telling"": 0.20675544591706038}",0.6376755099427392,0.6771048779747636,0.03942936803202435,0.03942936803202435,0.10882335893384695,bkt_update,0.7154413684586924,0.700516517033786,0.6816912229939786,0.4566800074984325,resolved,R0662,learner_response,True,True,True,True,,,False,True,,correct,,0.602586068044126,0.14851169428866384,0.042146791750149765,0.20675544591706038,0.060822641778976796,0.0,0.5761196574580153,0.38041027386574355,0.4565670691725537,0.0,0.0,0.0,0.0,1.0,0.0,2.0,0.0,0.0,0.0,0.0,1.0,True,True,True,True,False,"[.6,.8)",early
T0663,A086,L030,SK015,4,0.42857142857142855,focus,adaptive,direct_policy,final_integrity_filtered_v1,selector,logged,False,0.7778564763717557,"{""generic"": 0.019233763241808456, ""probing"": 0.08072894080652591, ""focus"": 0.7778564763717557, ""telling"": 0.12218081957990995}",0.6771048779747636,0.795010603050292,0.11790572507552843,0.11790572507552843,0.36515176920608083,bkt_update,0.6063917993278273,0.6208381713934663,0.36829333183256113,0.4317115739258163,resolved,R0663,learner_response,True,True,True,True,,,False,True,,correct,,0.019233763241808456,0.08072894080652591,0.7778564763717557,0.12218081957990995,0.13038286611526378,0.0,0.0,0.0,0.0,1.0,0.0,0.0,0.0,1.0,0.0,3.0,0.8191676129282518,0.7645312608456716,0.6687966275801686,0.588540619225068,0.0,True,True,False,True,True,"[.6,.8)",middle
T0664,A086,L030,SK015,5,0.5714285714285714,generic,adaptive,direct_policy,final_integrity_filtered_v1,selector,logged,False,0.8469436825891343,"{""generic"": 0.8469436825891343, ""probing"": 0.07097944783747485, ""focus"": 0.038887057630827275, ""telling"": 0.04318981194256348}",0.795010603050292,0.6819347536810643,-0.11307584936922777,-0.11307584936922777,-0.1422318758207488,bkt_update,0.19347385276315235,0.4707594220367257,0.12309690853334143,0.4154787933647173,resolved,R0664,learner_response,True,True,True,True,,,False,True,,incorrect,,0.8469436825891343,0.07097944783747485,0.038887057630827275,0.04318981194256348,0.023600995402581204,0.0,0.36696125406429725,0.831375838532423,0.4123967886246731,0.0,0.0,0.0,1.0,0.0,0.0,4.0,0.5503662659167637,0.4286341907487937,0.27453378336948364,0.3554147921933648,0.0,True,True,True,True,True,"[.6,.8)",middle
T0665,A086,L030,SK015,6,0.7142857142857143,probing,adaptive,direct_policy,final_integrity_filtered_v1,selector,logged,False,0.8999090374111808,"{""generic"": 0.040820501407665924, ""probing"": 0.8999090374111808, ""focus"": 0.03192559187328758, ""telling"": 0.02734486930786566}",0.6819347536810643,0.7239184634013275,0.04198370972026322,0.04198370972026322,0.13199716160804506,bkt_update,0.7836282099551528,0.5235331081646049,0.2930744073020667,0.5982289706037567,resolved,R0665,learner_response,True,True,True,True,,,False,True,,correct,,0.040820501407665924,0.8999090374111808,0.03192559187328758,0.02734486930786566,0.028456677609481514,0.0,0.39085110864083655,0.5810858274357453,0.4120754683890984,0.0,1.0,0.0,0.0,0.0,0.0,5.0,0.3481770011252756,0.3796345980482155,0.2939565123899332,0.3964580714206635,0.0,True,True,True,True,True,"[.6,.8)",late
T0666,A086,L030,SK015,7,0.8571428571428571,telling,adaptive,direct_policy,final_integrity_filtered_v1,selector,logged,False,0.4786484065838993,"{""generic"": 0.1938358090288498, ""probing"": 0.3045027345162701, ""focus"": 0.023013049870980844, ""telling"": 0.4786484065838993}",0.7239184634013275,0.7652742575150341,0.0413557941137066,0.0413557941137066,0.14979558076650262,bkt_update,0.6289072677325537,0.9240455814024252,0.5528087381324104,0.30558832852466067,resolved,R0666,learner_response,True,True,True,True,,,False,True,,correct,,0.1938358090288498,0.3045027345162701,0.023013049870980844,0.4786484065838993,0.07631407974882701,0.0,0.6956878932506376,0.23464723655924544,0.5202619177478701,0.0,0.0,1.0,0.0,0.0,0.0,6.0,0.8823360234530693,0.6920312658900527,0.5714726448311661,0.6094152256675506,0.0,True,True,True,True,True,"[.6,.8)",late
T0667,A086,L030,SK015,8,1.0,generic,adaptive,direct_policy,final_integrity_filtered_v1,selector,logged,False,0.5581897049241941,"{""generic"": 0.5581897049241941, ""probing"": 0.3081644988624258, ""focus"": 0.08463032714671885, ""telling"": 0.04901546906666138}",0.7652742575150341,0.7638798342602953,-0.0013944232547388191,-0.0013944232547388191,-0.0018221222536175864,bkt_update,0.8125195900931025,0.5042397216399801,0.3310124057076991,0.48403942093364455,resolved,R0667,learner_response,True,True,True,True,,,False,True,,incorrect,,0.5581897049241941,0.3081644988624258,0.08463032714671885,0.04901546906666138,-0.017694904566416588,0.0,0.0,0.0,0.0,1.0,0.0,0.0,0.0,1.0,0.0,7.0,0.6263811760712089,0.7901096418306229,0.5906776771881103,0.24521370722694777,0.0,True,True,False,True,True,"[.6,.8)",late
T0668,A087,L031,SK014,1,0.0,focus,adaptive,direct_policy,final_integrity_filtered_v1,selector,logged,False,0.6868256600269058,"{""generic"": 0.2075533370455757, ""probing"": 0.0780182966516253, ""focus"": 0.6868256600269058, ""telling"": 0.027602706275893098}",0.31696843020698756,0.28651937524271004,-0.030449054964277522,-0.030449054964277522,-0.0960633680281459,bkt_update,0.8543355343245217,0.4612072642720949,0.1853944049137162,0.735231697763633,resolved,R0668,learner_response,True,True,True,True,,,False,True,,incorrect,,0.2075533370455757,0.0780182966516253,0.6868256600269058,0.027602706275893098,0.0,1.0,0.45123609940402826,0.7119784764664738,0.47748632597902785,0.0,0.0,0.0,0.0,0.0,1.0,0.0,0.0,0.0,0.0,0.0,1.0,True,True,True,False,False,"[.2,.4)",early
T0669,A087,L031,SK014,2,0.16666666666666666,focus,adaptive,direct_policy,final_integrity_filtered_v1,selector,logged,False,0.3247017552272827,"{""generic"": 0.08615336853622668, ""probing"": 0.14108692544936535, ""focus"": 0.3247017552272827, ""telling"": 0.44805795078712524}",0.28651937524271004,0.37098223302194505,0.08446285777923501,0.08446285777923501,0.118381431602249,bkt_update,0.9420955961428382,0.5644193767832014,0.6217587373714074,0.4824076291358839,resolved,R0669,learner_response,True,True,True,True,,,False,True,,correct,,0.08615336853622668,0.14108692544936535,0.3247017552272827,0.44805795078712524,0.0402540820204247,0.0,0.43929066759741087,0.41577631549205235,0.2671962164707513,0.0,0.0,0.0,1.0,0.0,0.0,1.0,0.8060315708128283,0.535761608947723,0.165148977536796,0.602373409443197,0.0,True,True,True,True,True,"[.2,.4)",early
T0670,A087,L031,SK014,3,0.3333333333333333,telling,adaptive,direct_policy,final_integrity_filtered_v1,selector,logged,False,0.8585956537591789,"{""generic"": 0.05141522448821484, ""probing"": 0.06189869543010868, ""focus"": 0.028090426322497693, ""telling"": 0.8585956537591789}",0.37098223302194505,0.3877462364177254,0.016764003395780325,0.016764003395780325,0.02665108090081211,bkt_update,0.6672652010663904,0.7862259867184143,0.2459357509038535,0.4918400288727438,resolved,R0670,learner_response,True,True,True,True,,,False,True,,correct,,0.05141522448821484,0.06189869543010868,0.028090426322497693,0.8585956537591789,-0.0017113059949815101,0.0,0.4687534345024927,0.3946125030809171,0.555695685456885,0.0,0.0,0.0,1.0,0.0,0.0,2.0,1.0,0.5682596759067041,0.6650236036812027,0.4477803810011984,0.0,True,True,True,True,True,"[.2,.4)",middle
T0671,A087,L031,SK014,4,0.5,telling,adaptive,direct_policy,final_integrity_filtered_v1,selector,logged,False,0.7701668864005651,"{""generic"": 0.05534586884622275, ""probing"": 0.15466018224763875, ""focus"": 0.019827062505573374, ""telling"": 0.7701668864005651}",0.3877462364177254,0.45517094081737874,0.06742470439965337,0.06742470439965337,0.11012542251296889,bkt_update,0.5821841417224564,0.4809976360875692,0.5405094127485417,0.7658979713738471,resolved,R0671,learner_response,True,True,True,True,,,False,True,,correct,,0.05534586884622275,0.15466018224763875,0.019827062505573374,0.7701668864005651,0.016593479195212587,0.0,0.0,0.0,0.0,1.0,0.0,0.0,0.0,1.0,0.0,3.0,0.5651297141577338,0.9485873166707807,0.3751228190609085,0.6069282830462635,0.0,True,True,False,True,True,"[.2,.4)",middle
T0672,A087,L031,SK014,5,0.6666666666666666,telling,adaptive,direct_policy,final_integrity_filtered_v1,selector,logged,False,0.6790598806557214,"{""generic"": 0.1019505950155538, ""probing"": 0.11951846573504354, ""focus"": 0.09947105859368127, ""telling"": 0.6790598806557214}",0.45517094081737874,0.5572444047718974,0.10207346395451866,0.10207346395451866,0.18734952226603732,bkt_update,0.8845151643873795,0.34758152469284165,0.5635358739189342,0.3100733128507239,resolved,R0672,learner_response,True,True,True,True,,,False,True,,correct,,0.1019505950155538,0.11951846573504354,0.09947105859368127,0.6790598806557214,0.08866874290511266,0.0,0.874813809165723,0.17174144797192492,0.6687982033934352,0.0,0.0,0.0,0.0,1.0,0.0,4.0,0.6239637167170686,0.34105198962086847,0.6651794337173078,0.8385422165279642,0.0,True,True,True,True,True,"[.4,.6)",late
T0673,A087,L031,SK014,6,0.8333333333333334,telling,adaptive,direct_policy,final_integrity_filtered_v1,selector,logged,False,0.5186450668545499,"{""generic"": 0.3020248244818204, ""probing"": 0.1099928973108974, ""focus"": 0.06933721135273223, ""telling"": 0.5186450668545499}",0.5572444047718974,0.5257325406360916,-0.031511864135805756,-0.031511864135805756,-0.056549449157241576,bkt_update,0.6444742216689352,0.5683779707484953,0.06724544786035005,0.7584605656966824,resolved,R0673,learner_response,True,True,True,True,,,False,True,,incorrect,,0.3020248244818204,0.1099928973108974,0.06933721135273223,0.5186450668545499,0.006279838917600741,0.0,0.4967057659036311,0.6932727051353369,0.49251819168385014,0.0,0.0,0.0,0.0,1.0,0.0,5.0,0.8625059377180518,0.3125462972489201,0.4351417346661685,0.07345061154731908,0.0,True,True,True,True,True,"[.4,.6)",late
T0674,A087,L031,SK014,7,1.0,generic,adaptive,direct_policy,final_integrity_filtered_v1,selector,logged,False,0.5864415998093334,"{""generic"": 0.5864415998093334, ""probing"": 0.14731526854762983, ""focus"": 0.12026338575453936, ""telling"": 0.14597974588849746}",0.5257325406360916,0.5960219536569791,0.07028941302088743,0.07028941302088743,0.14820627397705127,bkt_update,0.5121321354168591,0.47387667536613987,0.5284303046519724,0.55158877282544,resolved,R0674,learner_response,True,True,True,True,,,False,True,,correct,,0.5864415998093334,0.14731526854762983,0.12026338575453936,0.14597974588849746,0.043364319603104724,0.0,0.6459346601945852,0.3317335365627771,0.32455812820074714,0.0,0.0,0.0,0.0,1.0,0.0,6.0,0.4005817989611055,0.6892192161579896,0.19412958246410303,0.7451364523223241,0.0,True,True,True,True,True,"[.4,.6)",late
T0675,A088,L031,SK003,1,0.0,generic,adaptive,direct_policy,final_integrity_filtered_v1,selector,logged,False,0.9640865275063819,"{""generic"": 0.9640865275063819, ""probing"": 0.021628186447415872, ""focus"": 0.00655874257269292, ""telling"": 0.007726543473509172}",0.2982775334207037,0.4478562093033258,0.14957867588262214,0.14957867588262214,0.21315930871043218,bkt_update,0.5615892506104762,0.3455801378755615,0.5209279554330909,0.6204303134403464,resolved,R0675,learner_response,True,True,True,True,,,False,True,,correct,,0.9640865275063819,0.021628186447415872,0.00655874257269292,0.007726543473509172,0.0,1.0,0.39575971500954865,0.5266003851821687,0.45057364780655235,0.0,0.0,0.0,0.0,0.0,1.0,0.0,0.0,0.0,0.0,0.0,1.0,True,True,True,False,False,"[.2,.4)",early
T0676,A088,L031,SK003,2,0.14285714285714285,generic,adaptive,direct_policy,final_integrity_filtered_v1,selector,logged,False,0.5096898459541466,"{""generic"": 0.5096898459541466, ""probing"": 0.022992585825329835, ""focus"": 0.266131449252053, ""telling"": 0.20118611896847058}",0.4478562093033258,0.44051057863988385,-0.00734563066344196,-0.00734563066344196,-0.01640176134851104,bkt_update,0.48954021196063746,0.507671121931935,0.5783821418491799,0.8530822330030097,resolved,R0676,learner_response,True,True,True,True,,,False,True,,incorrect,,0.5096898459541466,0.022992585825329835,0.266131449252053,0.20118611896847058,0.071381696060938,0.0,0.0,0.0,0.0,1.0,1.0,0.0,0.0,0.0,0.0,1.0,0.4982699033507089,0.3547851019239988,0.6709502040079113,0.7756150842538714,0.0,True,True,False,True,True,"[.4,.6)",early
T0677,A088,L031,SK003,3,0.2857142857142857,focus,adaptive,direct_policy,final_integrity_filtered_v1,selector,logged,False,0.43279745786098883,"{""generic"": 0.46683481667470084, ""probing"": 0.0389367777460797, ""focus"": 0.43279745786098883, ""telling"": 0.061430947718230655}",0.44051057863988385,0.5029075660195949,0.062396987379711,0.062396987379711,0.11152487428274196,bkt_update,0.8046828197672234,0.6414990435221715,0.37003923729423177,0.7973653169245057,resolved,R0677,learner_response,True,True,True,True,,,False,True,,correct,,0.46683481667470084,0.0389367777460797,0.43279745786098883,0.061430947718230655,0.029983299957117345,0.0,0.6732454810835232,0.22271293606504092,0.6277077194494982,0.0,1.0,0.0,0.0,0.0,0.0,2.0,0.487875763603911,0.5364400805072367,0.6791989923766745,0.9010371634930316,0.0,True,True,True,True,True,"[.4,.6)",early
T0678,A088,L031,SK003,4,0.42857142857142855,generic,adaptive,direct_policy,final_integrity_filtered_v1,selector,logged,False,0.8633454125159237,"{""generic"": 0.8633454125159237, ""probing"": 0.0703464725308137, ""focus"": 0.005463566777004984, ""telling"": 0.06084454817625765}",0.5029075660195949,0.49189265115795827,-0.011014914861636582,-0.011014914861636582,-0.021902464003111473,bkt_update,0.686048583483843,0.4105143762118047,0.22447974726386177,0.2478505640689104,resolved,R0678,learner_response,True,True,True,True,,,False,True,,incorrect,,0.8633454125159237,0.0703464725308137,0.005463566777004984,0.06084454817625765,0.023927513006891016,0.0,0.4267412314716956,0.5338893667550354,0.34516903709063707,0.0,0.0,0.0,1.0,0.0,0.0,3.0,0.7053232803783324,0.6396743706619322,0.36221358321984576,0.628589170650812,0.0,True,True,True,True,True,"[.4,.6)",middle
T0679,A088,L031,SK003,5,0.5714285714285714,probing,adaptive,direct_policy,final_integrity_filtered_v1,selector,logged,False,0.9203505690435946,"{""generic"": 0.04996404685740738, ""probing"": 0.9203505690435946, ""focus"": 0.022606926771971323, ""telling"": 0.007078457327026651}",0.49189265115795827,0.5528351047481557,0.0609424535901974,0.0609424535901974,0.11994011448384488,bkt_update,0.23723774558671643,0.8753652169818491,0.3079265611672687,0.6255693986190513,resolved,R0679,learner_response,True,True,True,True,,,False,True,,correct,,0.04996404685740738,0.9203505690435946,0.022606926771971323,0.007078457327026651,0.04383815570132015,0.0,0.5075193389712938,0.6336209537300476,0.4251334484030736,0.0,1.0,0.0,0.0,0.0,0.0,4.0,0.7533509944011665,0.41744050717841125,0.29150204173781175,0.35070173931341364,0.0,True,True,True,True,True,"[.4,.6)",middle
T0680,A088,L031,SK003,6,0.7142857142857143,telling,adaptive,direct_policy,final_integrity_filtered_v1,selector,logged,False,0.23296108914330346,"{""generic"": 0.6073870079967013, ""probing"": 0.08673499148701865, ""focus"": 0.07291691137297653, ""telling"": 0.23296108914330346}",0.5528351047481557,0.6869348349239899,0.1340997301758342,0.1340997301758342,0.299888769444455,bkt_update,0.7643426165810987,0.732140781379943,0.8296834731644946,0.7268968477624135,resolved,R0680,learner_response,True,True,True,True,,,False,True,,correct,,0.6073870079967013,0.08673499148701865,0.07291691137297653,0.23296108914330346,0.09757436131900964,0.0,0.8213766684608538,0.06864398129927621,0.631199675915125,0.0,0.0,1.0,0.0,0.0,0.0,5.0,0.31974824980230176,1.0,0.4542844912745499,0.7316780963386686,0.0,True,True,True,True,True,"[.4,.6)",late
T0681,A088,L031,SK003,7,0.8571428571428571,generic,adaptive,direct_policy,final_integrity_filtered_v1,selector,logged,False,0.7750988871486721,"{""generic"": 0.7750988871486721, ""probing"": 0.19071298358323302, ""focus"": 0.007513606858235491, ""telling"": 0.026674522409859396}",0.6869348349239899,0.6559061344175816,-0.03102870050640827,-0.03102870050640827,-0.04516978748041163,bkt_update,0.5137913639921146,0.7176283079925085,0.3356795417851528,0.9131338677908278,resolved,R0681,learner_response,True,True,True,True,,,False,True,,incorrect,,0.7750988871486721,0.19071298358323302,0.007513606858235491,0.026674522409859396,0.10265582002299292,0.0,0.5128366761329126,0.5042789525301562,0.54891484060276,0.0,0.0,0.0,0.0,1.0,0.0,6.0,0.7676874585251101,0.7867135955863279,0.8277893956218713,0.7409079208285559,0.0,True,True,True,True,True,"[.6,.8)",late
T0682,A088,L031,SK003,8,1.0,probing,adaptive,direct_policy,final_integrity_filtered_v1,selector,logged,False,0.9277349952562695,"{""generic"": 0.011191902304449419, ""probing"": 0.9277349952562695, ""focus"": 0.044112288354579844, ""telling"": 0.0169608140847013}",0.6559061344175816,0.7229504157628557,0.06704428134527407,0.06704428134527407,0.19484300085325243,bkt_update,0.42865723520607485,0.6679057450820212,0.3141561612877879,0.4949934164118077,resolved,R0682,learner_response,True,True,True,True,,,False,True,,correct,,0.011191902304449419,0.9277349952562695,0.044112288354579844,0.0169608140847013,0.07380199577571268,0.0,0.40617978877241473,0.46673998164621977,0.7451729983716313,0.0,1.0,0.0,0.0,0.0,0.0,7.0,0.4836113710843114,0.7817990281653519,0.27658622468986477,0.9196473329644489,0.0,True,True,True,True,True,"[.6,.8)",late
T0683,A089,L031,SK001,1,0.0,generic,adaptive,direct_policy,final_integrity_filtered_v1,selector,logged,False,0.5213459104481286,"{""generic"": 0.5213459104481286, ""probing"": 0.044190404743922926, ""focus"": 0.24245900699914144, ""telling"": 0.192004677808807}",0.3830742320482338,0.40072148698316035,0.017647254934926526,0.017647254934926526,0.028605151302913745,bkt_update,0.42366742665696766,0.5924074213429145,0.2242991220672728,0.09971051436220435,resolved,R0683,learner_response,True,True,True,True,,,False,True,,correct,,0.5213459104481286,0.044190404743922926,0.24245900699914144,0.192004677808807,0.0,1.0,0.5452515026290025,0.5096455976893889,0.3185147951797228,0.0,0.0,0.0,0.0,0.0,1.0,0.0,0.0,0.0,0.0,0.0,1.0,True,True,True,False,False,"[.2,.4)",early
T0684,A089,L031,SK001,2,0.14285714285714285,generic,adaptive,direct_policy,final_integrity_filtered_v1,selector,logged,False,0.9221904199172181,"{""generic"": 0.9221904199172181, ""probing"": 0.00375179106255265, ""focus"": 0.055980400226607205, ""telling"": 0.018077388793622143}",0.40072148698316035,0.4842301397288069,0.08350865274564656,0.08350865274564656,0.13934865163987614,bkt_update,0.7192301219896867,0.7062802038632074,0.7540543302509749,0.5608226250447612,resolved,R0684,learner_response,True,True,True,True,,,False,True,,correct,,0.9221904199172181,0.00375179106255265,0.055980400226607205,0.018077388793622143,0.08209570007712749,0.0,0.6310397492697298,0.3287684710943049,0.4462810150705088,0.0,1.0,0.0,0.0,0.0,0.0,1.0,0.3025499080626859,0.4968689814663658,0.3127918493434926,0.10689280639384684,0.0,True,True,True,True,True,"[.4,.6)",early
T0685,A089,L031,SK001,3,0.2857142857142857,generic,adaptive,direct_policy,final_integrity_filtered_v1,selector,logged,False,0.6126125360750847,"{""generic"": 0.6126125360750847, ""probing"": 0.33305594940911226, ""focus"": 0.0022713629894145215, ""telling"": 0.05206015152638867}",0.4842301397288069,0.4802408704265626,-0.003989269302244303,-0.003989269302244303,-0.0082383746383042,bkt_update,0.6086105513949979,0.33333520176873455,0.1963558756708979,0.24897823375997205,resolved,R0685,learner_response,True,True,True,True,,,False,True,,incorrect,,0.6126125360750847,0.33305594940911226,0.0022713629894145215,0.05206015152638867,0.07774955610661805,0.0,0.639129974492245,0.40385997268578344,0.42941085362360076,0.0,1.0,0.0,0.0,0.0,0.0,2.0,0.5557212959948782,0.8417441623560129,0.8861650231129513,0.6696188550623332,0.0,True,True,True,True,True,"[.4,.6)",early
T0686,A089,L031,SK001,4,0.42857142857142855,focus,adaptive,direct_policy,final_integrity_filtered_v1,selector,logged,False,0.7050659819229719,"{""generic"": 0.038974765964166984, ""probing"": 0.13636022480026344, ""focus"": 0.7050659819229719, ""telling"": 0.1195990273125977}",0.4802408704265626,0.5598087263116723,0.07956785588510973,0.07956785588510973,0.1530860188072319,bkt_update,0.5661183278765544,0.9027721222228174,0.34257420886555573,0.8000589881030394,resolved,R0686,learner_response,True,True,True,True,,,False,True,,correct,,0.038974765964166984,0.13636022480026344,0.7050659819229719,0.1195990273125977,0.024921552857191644,0.0,0.6292990154903594,0.5484680906422108,0.4376055760230145,0.0,1.0,0.0,0.0,0.0,0.0,3.0,0.0,0.0,0.0,0.0,1.0,True,True,True,True,False,"[.4,.6)",middle
T0687,A089,L031,SK001,5,0.5714285714285714,telling,adaptive,direct_policy,final_integrity_filtered_v1,selector,logged,False,0.9123157795480928,"{""generic"": 0.03091504203295444, ""probing"": 0.03729766506594383, ""focus"": 0.01947151335300878, ""telling"": 0.9123157795480928}",0.5598087263116723,0.5209208187784293,-0.038887907533243005,-0.038887907533243005,-0.06946641898467343,bkt_update,0.31804396218306485,0.5977505535059708,0.6176704098040229,0.7488295442382007,resolved,R0687,learner_response,True,True,True,True,,,False,True,,incorrect,,0.03091504203295444,0.03729766506594383,0.01947151335300878,0.9123157795480928,0.04682684399189467,0.0,0.4326021997958024,0.6827921613743271,0.5049786265447513,0.0,0.0,0.0,1.0,0.0,0.0,4.0,0.6938133099901477,0.953479843768233,0.167015046652392,0.7159441356506465,0.0,True,True,True,True,True,"[.4,.6)",middle
T0688,A089,L031,SK001,6,0.7142857142857143,probing,adaptive,direct_policy,final_integrity_filtered_v1,selector,logged,False,0.6115931073738864,"{""generic"": 0.012763846444040515, ""probing"": 0.6115931073738864, ""focus"": 0.02864659095819641, ""telling"": 0.3469964552238766}",0.5209208187784293,0.5518686039247473,0.03094778514631802,0.03094778514631802,0.06459847632578485,bkt_update,0.6488306011823447,0.7587004737470574,0.4091436224976367,0.4265099491454789,resolved,R0688,learner_response,True,True,True,True,,,False,True,,correct,,0.012763846444040515,0.6115931073738864,0.02864659095819641,0.3469964552238766,-0.010873411354206601,0.0,0.5379432409783744,0.44572750603040556,0.44673837386583787,0.0,0.0,0.0,0.0,1.0,0.0,5.0,0.4041894995694102,0.489445998657401,0.5746339536789089,0.7072514062136617,0.0,True,True,True,True,True,"[.4,.6)",late
T0689,A089,L031,SK001,7,0.8571428571428571,probing,adaptive,direct_policy,final_integrity_filtered_v1,selector,logged,False,0.8554539716909448,"{""generic"": 0.07802854605476583, ""probing"": 0.8554539716909448, ""focus"": 0.03977321457858288, ""telling"": 0.026744267675706482}",0.5518686039247473,0.6428642192627452,0.09099561533799783,0.09099561533799783,0.2030556576373358,bkt_update,0.6361996465125784,0.8864697866073946,0.20875688891270072,0.7039336747593731,resolved,R0689,learner_response,True,True,True,True,,,False,True,,correct,,0.07802854605476583,0.8554539716909448,0.03977321457858288,0.026744267675706482,0.05198050302595685,0.0,0.6231648637188616,0.315101275325581,0.49869227357132395,0.0,0.0,1.0,0.0,0.0,0.0,6.0,0.7393956985113902,0.6714427101025321,0.45218639537447697,0.5197368073114265,0.0,True,True,True,True,True,"[.4,.6)",late
T0690,A089,L031,SK001,8,1.0,generic,adaptive,direct_policy,final_integrity_filtered_v1,selector,logged,False,0.6216916967821008,"{""generic"": 0.6216916967821008, ""probing"": 0.08180114781354088, ""focus"": 0.14964191662026305, ""telling"": 0.14686523878409521}",0.6428642192627452,0.6705323789767149,0.027668159713969742,0.027668159713969742,0.0774723822319143,bkt_update,0.19286255264804378,0.5055652518302475,0.20881263777483855,0.060912002956066906,resolved,R0690,learner_response,True,True,True,True,,,False,True,,correct,,0.6216916967821008,0.08180114781354088,0.14964191662026305,0.14686523878409521,0.05098759331167928,0.0,0.508010250481355,0.3989397941635667,0.5522838209820206,0.0,0.0,1.0,0.0,0.0,0.0,7.0,0.6290804961514204,0.8847204534462085,0.20667028795322398,0.8349829956557322,0.0,True,True,True,True,True,"[.6,.8)",late
T0691,A090,L031,SK005,1,0.0,telling,adaptive,direct_policy,final_integrity_filtered_v1,selector,logged,False,0.8095254279271641,"{""generic"": 0.07455298407882018, ""probing"": 0.03687127857300865, ""focus"": 0.0790503094210071, ""telling"": 0.8095254279271641}",0.7017943396357781,0.7404378808012796,0.038643541165501505,0.038643541165501505,0.1295868801360213,bkt_update,0.6735887512000367,0.3472362559108492,0.4087024043094785,0.5708517159274975,resolved,R0691,learner_response,True,True,True,True,,,False,True,,correct,,0.07455298407882018,0.03687127857300865,0.0790503094210071,0.8095254279271641,0.0,1.0,0.661685889480344,0.4223887967725003,0.39554523057593266,0.0,0.0,0.0,0.0,0.0,1.0,0.0,0.0,0.0,0.0,0.0,1.0,True,True,True,False,False,"[.6,.8)",early
T0692,A090,L031,SK005,2,0.16666666666666666,telling,adaptive,direct_policy,final_integrity_filtered_v1,selector,logged,False,0.6620184637897086,"{""generic"": 0.08502051462871332, ""probing"": 0.08493088190056175, ""focus"": 0.16803013968101627, ""telling"": 0.6620184637897086}",0.7404378808012796,0.798393343263246,0.05795546246196637,0.05795546246196637,0.22328166621877418,bkt_update,0.7406690784750599,0.12492772257847641,0.2462068087583033,0.5339033318417467,resolved,R0692,learner_response,True,True,True,True,,,False,True,,correct,,0.08502051462871332,0.08493088190056175,0.16803013968101627,0.6620184637897086,0.07985717595865244,0.0,0.8671690027437472,0.1310903801446611,0.750045470075489,0.0,0.0,0.0,0.0,1.0,0.0,1.0,0.0,0.0,0.0,0.0,1.0,True,True,True,True,False,"[.6,.8)",early
T0693,A090,L031,SK005,3,0.3333333333333333,telling,adaptive,direct_policy,final_integrity_filtered_v1,selector,logged,False,0.8729314850712241,"{""generic"": 0.050293151520102414, ""probing"": 0.021943356752800992, ""focus"": 0.05483200665587251, ""telling"": 0.8729314850712241}",0.798393343263246,0.7289096475346902,-0.06948369572855573,-0.06948369572855573,-0.0870294026307351,bkt_update,0.38362904160162875,0.620088754799102,0.3874424102817926,0.7561733800919069,resolved,R0693,learner_response,True,True,True,True,,,False,True,,incorrect,,0.050293151520102414,0.021943356752800992,0.05483200665587251,0.8729314850712241,0.08567688456507257,0.0,0.3947076344731677,0.6410596588477003,0.46936534661386303,0.0,0.0,0.0,0.0,1.0,0.0,2.0,0.6955205499214244,0.0,0.02102285136577034,0.5687967318605262,0.0,True,True,True,True,True,"[.6,.8)",middle
T0694,A090,L031,SK005,4,0.5,generic,adaptive,direct_policy,final_integrity_filtered_v1,selector,logged,False,0.8914356505546163,"{""generic"": 0.8914356505546163, ""probing"": 0.028540993676846507, ""focus"": 0.028807455908582143, ""telling"": 0.05121589985995481}",0.7289096475346902,0.7490055606140364,0.020095913079346217,0.020095913079346217,0.07412994559412733,bkt_update,0.6824434488537321,0.8075995970222323,0.3200409781360148,0.3823714734297978,resolved,R0694,learner_response,True,True,True,True,,,False,True,,correct,,0.8914356505546163,0.028540993676846507,0.028807455908582143,0.05121589985995481,-0.02036313232465947,0.0,0.5398675634996029,0.42044218605540895,0.3700146145157748,0.0,0.0,0.0,0.0,1.0,0.0,3.0,0.20483828136078724,0.57619272477499,0.519652721743398,0.9529270925002529,0.0,True,True,True,True,True,"[.6,.8)",middle
T0695,A090,L031,SK005,5,0.6666666666666666,probing,adaptive,direct_policy,final_integrity_filtered_v1,selector,logged,False,0.12521123310137344,"{""generic"": 0.18092793694291928, ""probing"": 0.12521123310137344, ""focus"": 0.05241341507836336, ""telling"": 0.6414474148773439}",0.7490055606140364,0.7570416212437788,0.008036060629742381,0.008036060629742381,0.03201688710475784,bkt_update,0.6278901626944048,0.7766402755052284,0.6619024007720212,0.4538090627582449,resolved,R0695,learner_response,True,True,True,True,,,False,True,,correct,,0.18092793694291928,0.12521123310137344,0.05241341507836336,0.6414474148773439,0.03339998100196513,0.0,0.4048666330888276,0.5624941884642448,0.3625189662202312,0.0,1.0,0.0,0.0,0.0,0.0,4.0,0.7238164214728853,0.8680475365177567,0.33424898399441627,0.2219732324375485,0.0,True,True,True,True,True,"[.6,.8)",late
T0696,A090,L031,SK005,6,0.8333333333333334,telling,adaptive,direct_policy,final_integrity_filtered_v1,selector,logged,False,0.86322519235497,"{""generic"": 0.016192550323836877, ""probing"": 0.04939044514511114, ""focus"": 0.07119181217608186, ""telling"": 0.86322519235497}",0.7570416212437788,0.7114682303322376,-0.04557339091154122,-0.04557339091154122,-0.060199320133372036,bkt_update,0.7506005145583666,0.5370427312961443,0.32604640863418727,0.6174818387297573,resolved,R0696,learner_response,True,True,True,True,,,False,True,,incorrect,,0.016192550323836877,0.04939044514511114,0.07119181217608186,0.86322519235497,0.02361242968487224,0.0,0.2468349368306348,0.8061698386029693,0.3296931203239486,0.0,0.0,1.0,0.0,0.0,0.0,5.0,0.5560442037228089,0.7737715731215533,0.5121132809465505,0.5585925429588228,0.0,True,True,True,True,True,"[.6,.8)",late
T0697,A090,L031,SK005,7,1.0,probing,adaptive,direct_policy,final_integrity_filtered_v1,selector,logged,False,0.8356742957279868,"{""generic"": 0.0159725429316105, ""probing"": 0.8356742957279868, ""focus"": 0.13130742580102572, ""telling"": 0.017045735539376928}",0.7114682303322376,0.7788156047856366,0.067347374453399,0.067347374453399,0.23341406920613259,bkt_update,0.7348281983114954,0.3632131784855625,0.45659938483302465,0.3515983344598238,resolved,R0697,learner_response,True,True,True,True,,,False,True,,correct,,0.0159725429316105,0.8356742957279868,0.13130742580102572,0.017045735539376928,0.05854236804646521,0.0,0.833021141328584,0.3452935115141348,0.4691319750929994,0.0,0.0,0.0,0.0,1.0,0.0,6.0,0.7362316558349649,0.3938734407011614,0.351228001034303,0.7464744320027394,0.0,True,True,True,True,True,"[.6,.8)",late
T0698,A091,L031,SK014,1,0.0,focus,adaptive,direct_policy,final_integrity_filtered_v1,selector,logged,False,0.505241707724431,"{""generic"": 0.21227322034069923, ""probing"": 0.20415057303062578, ""focus"": 0.505241707724431, ""telling"": 0.07833449890424396}",0.8730852837058227,0.7635814968063352,-0.10950378689948748,-0.10950378689948748,-0.1254216385765857,bkt_update,0.8337991484142334,0.5966577405742003,0.17853617041360142,0.38000199927808154,resolved,R0698,learner_response,True,True,True,True,,,False,True,,incorrect,,0.21227322034069923,0.20415057303062578,0.505241707724431,0.07833449890424396,0.0,1.0,0.4363383123427261,0.4076990501498653,0.43355145354288266,0.0,0.0,0.0,0.0,0.0,1.0,0.0,0.0,0.0,0.0,0.0,1.0,True,True,True,False,False,"[.8,1]",early
T0699,A091,L031,SK014,2,0.14285714285714285,generic,adaptive,direct_policy,final_integrity_filtered_v1,selector,logged,False,0.4384165647862934,"{""generic"": 0.4384165647862934, ""probing"": 0.19740895499608896, ""focus"": 0.25356396417262783, ""telling"": 0.11061051604499009}",0.7635814968063352,0.8097489299394127,0.04616743313307747,0.04616743313307747,0.19527842579757357,bkt_update,0.1463168747859305,0.8476665792664125,0.20384204668858213,0.2804683189136425,resolved,R0699,learner_response,True,True,True,True,,,False,True,,correct,,0.4384165647862934,0.19740895499608896,0.25356396417262783,0.11061051604499009,0.0746318636011389,0.0,0.7419314898918703,0.06063034641724836,0.6943107001317718,0.0,0.0,0.0,1.0,0.0,0.0,1.0,0.9085868867991023,0.5361412642446093,0.14830426479736314,0.3665817040091802,0.0,True,True,True,True,True,"[.6,.8)",early
T0700,A091,L031,SK014,3,0.2857142857142857,focus,adaptive,direct_policy,final_integrity_filtered_v1,selector,logged,False,0.30880748635812894,"{""generic"": 0.33458656733527586, ""probing"": 0.07585072960492505, ""focus"": 0.30880748635812894, ""telling"": 0.2807552167016701}",0.8097489299394127,0.8193555446058598,0.009606614666447078,0.009606614666447078,0.050494405436919534,bkt_update,0.21169229151063734,0.8358809621981355,0.32990472173437013,0.41213228020921744,resolved,R0700,learner_response,True,True,True,True,,,False,True,,correct,,0.33458656733527586,0.07585072960492505,0.30880748635812894,0.2807552167016701,-0.029774491235718882,0.0,0.0,0.0,0.0,1.0,1.0,0.0,0.0,0.0,0.0,2.0,0.11968458424030541,0.8308875652389677,0.16325083744017704,0.2860588364423098,0.0,True,True,False,True,True,"[.8,1]",early
T0701,A091,L031,SK014,4,0.42857142857142855,telling,adaptive,direct_policy,final_integrity_filtered_v1,selector,logged,False,0.8369137205649329,"{""generic"": 0.07620245063510397, ""probing"": 0.06932971744344868, ""focus"": 0.017554111356514444, ""telling"": 0.8369137205649329}",0.8193555446058598,0.830082203679522,0.010726659073662215,0.010726659073662215,0.05937995190750908,bkt_update,0.5611954013116593,0.5168460323572821,0.32183463673532103,0.7719622610353765,resolved,R0701,learner_response,True,True,True,True,,,False,True,,correct,,0.07620245063510397,0.06932971744344868,0.017554111356514444,0.8369137205649329,0.038615413238643356,0.0,0.6605348407342673,0.34256681601992395,0.5588049964337862,0.0,0.0,0.0,1.0,0.0,0.0,3.0,0.15277705087065424,0.7964798561447795,0.3322968208166448,0.5303092974340328,0.0,True,True,True,True,True,"[.8,1]",middle
T0702,A091,L031,SK014,5,0.5714285714285714,probing,adaptive,direct_policy,final_integrity_filtered_v1,selector,logged,False,0.3968405637747401,"{""generic"": 0.3944999306297603, ""probing"": 0.3968405637747401, ""focus"": 0.08370087189080808, ""telling"": 0.12495863370469151}",0.830082203679522,0.8291450711541543,-0.0009371325253677565,-0.0009371325253677565,-0.0011289635185692578,bkt_update,0.40693865174527794,0.6678658077119415,0.4276333217793894,0.4454975425409583,resolved,R0702,learner_response,True,True,True,True,,,False,True,,incorrect,,0.3944999306297603,0.3968405637747401,0.08370087189080808,0.12495863370469151,0.04511040173096264,0.0,0.3936069730813883,0.54844386539093,0.47377344004047817,0.0,0.0,0.0,0.0,1.0,0.0,4.0,0.57772469526468,0.5358550742756342,0.1934360790319326,0.7986811348442611,0.0,True,True,True,True,True,"[.8,1]",middle
T0703,A091,L031,SK014,6,0.7142857142857143,focus,adaptive,direct_policy,final_integrity_filtered_v1,selector,logged,False,0.5577738073322746,"{""generic"": 0.3075027531172176, ""probing"": 0.07869327903265515, ""focus"": 0.5577738073322746, ""telling"": 0.05603016051785272}",0.8291450711541543,0.8383080786751586,0.009163007521004296,0.009163007521004296,0.053630337637327635,bkt_update,0.4621971984319604,0.14392342186679616,0.3672223925602225,0.20087099620507748,resolved,R0703,learner_response,True,True,True,True,,,False,True,,correct,,0.3075027531172176,0.07869327903265515,0.5577738073322746,0.05603016051785272,0.028822014840825517,0.0,0.0,0.0,0.0,1.0,0.0,1.0,0.0,0.0,0.0,5.0,0.47338507696370646,0.5694838987521748,0.32538410616360514,0.47561585136562207,0.0,True,True,False,True,True,"[.8,1]",late
T0704,A091,L031,SK014,7,0.8571428571428571,telling,adaptive,direct_policy,final_integrity_filtered_v1,selector,logged,False,0.08523772459178844,"{""generic"": 0.7968321577092512, ""probing"": 0.09043317113706761, ""focus"": 0.027496946561892707, ""telling"": 0.08523772459178844}",0.8383080786751586,0.8463631831972037,0.008055104522045164,0.008055104522045164,0.049817606569609256,bkt_update,0.749772339443007,0.5552142552726375,0.7093915362437202,0.13372170765765665,resolved,R0704,learner_response,True,True,True,True,,,False,True,,correct,,0.7968321577092512,0.09043317113706761,0.027496946561892707,0.08523772459178844,0.04145799044868571,0.0,0.3815772292232816,0.5848805602215833,0.31254925220579244,0.0,0.0,0.0,1.0,0.0,0.0,6.0,0.44402782604157837,0.06345350372942643,0.374900218341451,0.2214853275972822,0.0,True,True,True,True,True,"[.8,1]",late
T0705,A091,L031,SK014,8,1.0,focus,adaptive,direct_policy,final_integrity_filtered_v1,selector,logged,False,0.17228715393789176,"{""generic"": 0.6724564826185989, ""probing"": 0.044835117430810555, ""focus"": 0.17228715393789176, ""telling"": 0.11042124601269863}",0.8463631831972037,0.8670678555556979,0.02070467235849416,0.02070467235849416,0.13476374211182773,bkt_update,0.3738164984107434,0.7868775526181917,0.4915290891415907,0.1132071757704852,resolved,R0705,learner_response,True,True,True,True,,,False,True,,correct,,0.6724564826185989,0.044835117430810555,0.17228715393789176,0.11042124601269863,0.03909404341095925,0.0,0.6488871918558861,0.4980595848961449,0.6925744595765595,0.0,0.0,0.0,0.0,1.0,0.0,7.0,0.7216443116492115,0.5716142794377667,0.6553267677652135,0.12932914617177788,0.0,True,True,True,True,True,"[.8,1]",late
T0706,A092,L031,SK007,1,0.0,generic,adaptive,direct_policy,final_integrity_filtered_v1,selector,logged,False,0.03525094653839505,"{""generic"": 0.03525094653839505, ""probing"": 0.6839366439127119, ""focus"": 0.18587492180998852, ""telling"": 0.09493748773890455}",0.6126734998415712,0.7220873886742941,0.10941388883272296,0.10941388883272296,0.2824849030158515,bkt_update,0.619720105295981,0.45986996225131294,0.7140802135659216,0.788557619128396,resolved,R0706,learner_response,True,True,True,True,,,False,True,,correct,,0.03525094653839505,0.6839366439127119,0.18587492180998852,0.09493748773890455,0.0,1.0,0.6134617705085246,0.2905717031771742,0.43799947459912314,0.0,0.0,0.0,0.0,0.0,1.0,0.0,0.0,0.0,0.0,0.0,1.0,True,True,True,False,False,"[.6,.8)",early
T0707,A092,L031,SK007,2,0.14285714285714285,generic,adaptive,direct_policy,final_integrity_filtered_v1,selector,logged,False,0.7200408946648078,"{""generic"": 0.7200408946648078, ""probing"": 0.056284874092000614, ""focus"": 0.018122968154527908, ""telling"": 0.20555126308866353}",0.7220873886742941,0.6998585379424687,-0.022228850731825456,-0.022228850731825456,-0.03078415587985298,bkt_update,0.3899509040730601,0.7384188913548028,0.2993102719212774,0.801400689409205,resolved,R0707,learner_response,True,True,True,True,,,False,True,,incorrect,,0.7200408946648078,0.056284874092000614,0.018122968154527908,0.20555126308866353,0.07248413453564864,0.0,0.5048252424685896,0.43350782349726896,0.39215307921727866,0.0,1.0,0.0,0.0,0.0,0.0,1.0,0.6069649291616802,0.5409734792573536,0.6672420743407165,0.7675839225561351,0.0,True,True,True,True,True,"[.6,.8)",early
T0708,A092,L031,SK007,3,0.2857142857142857,focus,adaptive,direct_policy,final_integrity_filtered_v1,selector,logged,False,0.21563647670697533,"{""generic"": 0.032983869412089604, ""probing"": 0.612306499105445, ""focus"": 0.21563647670697533, ""telling"": 0.1390731547754901}",0.6998585379424687,0.7563300462289763,0.0564715082865076,0.0564715082865076,0.18814964083730323,bkt_update,0.28794761830346466,0.8100068093850316,0.7997696818338423,0.6902103276450143,resolved,R0708,learner_response,True,True,True,True,,,False,True,,correct,,0.032983869412089604,0.612306499105445,0.21563647670697533,0.1390731547754901,0.04796657954299895,0.0,0.0,0.0,0.0,1.0,1.0,0.0,0.0,0.0,0.0,2.0,0.4609740218773702,0.8185614668803864,0.3474146340731511,0.9463722492958806,0.0,True,True,False,True,True,"[.6,.8)",early
T0709,A092,L031,SK007,4,0.42857142857142855,probing,adaptive,direct_policy,final_integrity_filtered_v1,selector,logged,False,0.8509038712486998,"{""generic"": 0.07668670701950299, ""probing"": 0.8509038712486998, ""focus"": 0.06267176531137424, ""telling"": 0.009737656420422949}",0.7563300462289763,0.7697970528503032,0.013467006621326938,0.013467006621326938,0.05526740746207003,bkt_update,0.8382066610668928,0.4471052410125772,0.7642991495159565,0.7336160658515068,resolved,R0709,learner_response,True,True,True,True,,,False,True,,correct,,0.07668670701950299,0.8509038712486998,0.06267176531137424,0.009737656420422949,0.11292569361804529,0.0,0.6131936359017801,0.3785487349890681,0.649573802830828,0.0,0.0,0.0,1.0,0.0,0.0,3.0,0.0,0.0,0.0,0.0,1.0,True,True,True,True,False,"[.6,.8)",middle
T0710,A092,L031,SK007,5,0.5714285714285714,focus,adaptive,direct_policy,final_integrity_filtered_v1,selector,logged,False,0.4319057969643964,"{""generic"": 0.09666218653637282, ""probing"": 0.21688806357246976, ""focus"": 0.4319057969643964, ""telling"": 0.25454395292676113}",0.7697970528503032,0.7852651852865282,0.015468132436225024,0.015468132436225024,0.0671934596309333,bkt_update,0.927483894099431,0.6128091850109986,0.375208887814565,0.41183149033040567,resolved,R0710,learner_response,True,True,True,True,,,False,True,,correct,,0.09666218653637282,0.21688806357246976,0.4319057969643964,0.25454395292676113,0.017138167693564393,0.0,0.2979266633513027,0.4781210416947274,0.4065619175802764,0.0,0.0,1.0,0.0,0.0,0.0,4.0,0.6674422863533431,0.5352635057506189,0.8756965469619205,0.7203637724375315,0.0,True,True,True,True,True,"[.6,.8)",middle
T0711,A092,L031,SK007,6,0.7142857142857143,telling,adaptive,direct_policy,final_integrity_filtered_v1,selector,logged,False,0.08642648934317215,"{""generic"": 0.10621331356672278, ""probing"": 0.03199908547102453, ""focus"": 0.7753611116190805, ""telling"": 0.08642648934317215}",0.7852651852865282,0.8095338198638631,0.024268634577334858,0.024268634577334858,0.11301676726113254,bkt_update,0.5318979766852694,0.4124523931342494,0.4199160632716214,0.28982762388846584,resolved,R0711,learner_response,True,True,True,True,,,False,True,,correct,,0.10621331356672278,0.03199908547102453,0.7753611116190805,0.08642648934317215,0.09868766307045311,0.0,0.8369186874686394,0.31523553481027955,0.5701218105713045,0.0,0.0,0.0,1.0,0.0,0.0,5.0,0.0,0.0,0.0,0.0,1.0,True,True,True,True,False,"[.6,.8)",late
T0712,A092,L031,SK007,7,0.8571428571428571,probing,adaptive,direct_policy,final_integrity_filtered_v1,selector,logged,False,0.1454915647337354,"{""generic"": 0.4115676510654004, ""probing"": 0.1454915647337354, ""focus"": 0.4176856086219304, ""telling"": 0.025255175578933944}",0.8095338198638631,0.8254540718751912,0.015920252011328073,0.015920252011328073,0.08358571584702844,bkt_update,0.5433775678277283,0.32026658639672057,0.43273558773455767,0.5889329057998473,resolved,R0712,learner_response,True,True,True,True,,,False,True,,correct,,0.4115676510654004,0.1454915647337354,0.4176856086219304,0.025255175578933944,-0.029814870377741953,0.0,0.5913724193716237,0.5705611035864155,0.36149036396708034,0.0,0.0,0.0,0.0,1.0,0.0,6.0,0.0,0.0,0.0,0.0,1.0,True,True,True,True,False,"[.8,1]",late
T0713,A092,L031,SK007,8,1.0,focus,adaptive,direct_policy,final_integrity_filtered_v1,selector,logged,False,0.49954538470629845,"{""generic"": 0.07372216913754093, ""probing"": 0.10591273128866853, ""focus"": 0.49954538470629845, ""telling"": 0.32081971486749217}",0.8254540718751912,0.838902853778997,0.013448781903805829,0.013448781903805829,0.07705010393705257,bkt_update,0.337881094310677,0.8850910462570116,0.7140439409751644,0.3306548948925115,resolved,R0713,learner_response,True,True,True,True,,,False,True,,correct,,0.07372216913754093,0.10591273128866853,0.49954538470629845,0.32081971486749217,0.09848305999267017,0.0,0.7625079813183988,0.3889141069904311,0.5534803729388762,0.0,0.0,1.0,0.0,0.0,0.0,7.0,0.537211370341799,0.490571421095814,0.45507152220240077,0.7534177249128101,0.0,True,True,True,True,True,"[.8,1]",late
