problem_id,turn_id,local_annotation_sec,global_annotation_sec,correct,uncertain,matched,transcript_index,start_sec,end_sec,student_text,alignment_gap_sec,student_id,condition,problem59_offset_sec,uncertain_label,correct_label,gap_band,text_raw,text_normalized
58,1,55.038,55.038,True,False,True,0.0,48.682,50.134,They're the same.,4.903999999999996,pslc01-c1,c1,941.0,0,1,"(3.0, 6.0]",They're the same.,They're the same
58,2,92.128,92.128,True,False,True,1.0,84.232,85.604,Vertically down.,6.524000000000001,pslc01-c1,c1,941.0,0,1,"(6.0, 10.0]",Vertically down.,Vertically down
58,3,127.131,127.131,True,True,True,2.0,120.784,122.087,Vertical down??,5.043999999999997,pslc01-c1,c1,941.0,1,1,"(3.0, 6.0]",Vertical down??,Vertical down
58,4,159.707,159.707,True,False,True,3.0,153.156,154.668,Yes. Straight down.,5.038999999999987,pslc01-c1,c1,941.0,0,1,"(3.0, 6.0]",Yes. Straight down.,Yes Straight down
58,5,172.401,172.401,True,False,True,4.0,166.029,167.191,Nine point eight.,5.210000000000008,pslc01-c1,c1,941.0,0,1,"(3.0, 6.0]",Nine point eight.,Nine point eight
58,6,192.543,192.543,True,False,True,5.0,185.788,187.44,Gravity. Straight down.,5.103000000000009,pslc01-c1,c1,941.0,0,1,"(3.0, 6.0]",Gravity. Straight down.,Gravity Straight down
58,7,211.091,211.091,True,True,True,6.0,204.667,206.078,Straight down.,5.013000000000005,pslc01-c1,c1,941.0,1,1,"(3.0, 6.0]",Straight down.,Straight down
58,8,240.624,240.624,True,False,True,7.0,234.552,236.024,Yes. Straight down.,4.599999999999994,pslc01-c1,c1,941.0,0,1,"(3.0, 6.0]",Yes. Straight down.,Yes Straight down
58,9,252.309,252.309,True,False,True,8.0,246.583,247.645,Nine point eight.,4.663999999999987,pslc01-c1,c1,941.0,0,1,"(3.0, 6.0]",Nine point eight.,Nine point eight
58,10,281.592,281.592,True,True,True,9.0,274.688,276.63,Nine point eight meters??,4.961999999999989,pslc01-c1,c1,941.0,1,1,"(3.0, 6.0]",Nine point eight meters??,Nine point eight meters
58,11,308.764,308.764,True,True,True,10.0,301.933,304.236,Nine point eight meters per second.,4.52800000000002,pslc01-c1,c1,941.0,1,1,"(3.0, 6.0]",Nine point eight meters per second.,Nine point eight meters per second
58,12,349.077,349.077,True,False,True,11.0,342.113,344.396,Nine point eight plus nine point eight.,4.680999999999983,pslc01-c1,c1,941.0,0,1,"(3.0, 6.0]",Nine point eight plus nine point eight.,Nine point eight plus nine point eight
58,13,363.619,363.619,True,False,True,12.0,357.44100000000003,358.843,They're the same.,4.7760000000000105,pslc01-c1,c1,941.0,0,1,"(3.0, 6.0]",They're the same.,They're the same
58,14,377.32,377.32,True,False,True,13.0,371.127,372.208,Yes.,5.111999999999966,pslc01-c1,c1,941.0,0,1,"(3.0, 6.0]",Yes.,Yes
58,15,396.253,396.253,True,False,True,14.0,391.237,392.549,They're the same.,3.704000000000008,pslc01-c1,c1,941.0,0,1,"(3.0, 6.0]",They're the same.,They're the same
59,1,76.095,1017.095,True,False,True,15.0,1011.494,1012.785,They're the same.,4.310000000000059,pslc01-c1,c1,941.0,0,1,"(3.0, 6.0]",They're the same.,They're the same
59,2,114.81,1055.81,True,False,True,16.0,1046.514,1051.233,"Gravity, vertically down, and air resistance.",4.576999999999998,pslc01-c1,c1,941.0,0,1,"(3.0, 6.0]","Gravity, vertically down, and air resistance.",Gravity vertically down and air resistance
59,3,134.846,1075.846,True,False,True,17.0,1069.23,1070.952,Vertically down.,4.8940000000000055,pslc01-c1,c1,941.0,0,1,"(3.0, 6.0]",Vertically down.,Vertically down
59,4,148.932,1089.932,True,False,True,18.0,1084.59,1086.283,Yes. Vertically down.,3.6490000000001146,pslc01-c1,c1,941.0,0,1,"(3.0, 6.0]",Yes. Vertically down.,Yes Vertically down
59,5,163.408,1104.408,False,False,True,19.0,1095.136,1098.14,Two point eight meters per second squared.,6.267999999999802,pslc01-c1,c1,941.0,0,0,"(6.0, 10.0]",Two point eight meters per second squared.,Two point eight meters per second squared
59,6,181.494,1122.494,True,False,True,20.0,1114.577,1117.972,"Two point eight. Er, nine point eight.",4.521999999999935,pslc01-c1,c1,941.0,0,1,"(3.0, 6.0]","Two point eight. Er, nine point eight.",Two point eight Er nine point eight
59,7,201.595,1142.595,True,False,True,21.0,1136.44,1138.583,"Gravity, vertically down.",4.011999999999944,pslc01-c1,c1,941.0,0,1,"(3.0, 6.0]","Gravity, vertically down.",Gravity vertically down
59,8,220.064,1161.064,True,False,True,22.0,1155.278,1157.011,Vertically down.,4.053000000000111,pslc01-c1,c1,941.0,0,1,"(3.0, 6.0]",Vertically down.,Vertically down
59,9,234.742,1175.742,True,False,True,23.0,1170.223,1172.175,Yes. Vertically down.,3.567000000000008,pslc01-c1,c1,941.0,0,1,"(3.0, 6.0]",Yes. Vertically down.,Yes Vertically down
59,10,246.595,1187.595,True,False,True,24.0,1181.66,1183.032,Nine point eight.,4.563000000000102,pslc01-c1,c1,941.0,0,1,"(3.0, 6.0]",Nine point eight.,Nine point eight
59,11,276.351,1217.351,True,True,True,25.0,1211.045,1213.188,Nine point eight meters??,4.163000000000011,pslc01-c1,c1,941.0,1,1,"(3.0, 6.0]",Nine point eight meters??,Nine point eight meters
59,12,300.279,1241.279,True,False,True,26.0,1235.39,1237.633,Nine point eight meters per second.,3.645999999999958,pslc01-c1,c1,941.0,0,1,"(3.0, 6.0]",Nine point eight meters per second.,Nine point eight meters per second
59,13,318.216,1259.216,True,False,True,27.0,1253.407,1256.201,Nineteen point six meters per second.,3.0149999999998727,pslc01-c1,c1,941.0,0,1,"(3.0, 6.0]",Nineteen point six meters per second.,Nineteen point six meters per second
59,14,332.957,1273.957,True,True,True,28.0,1268.484,1269.895,They are the same??,4.061999999999898,pslc01-c1,c1,941.0,1,1,"(3.0, 6.0]",They are the same??,They are the same
59,15,345.915,1286.915,True,False,True,29.0,1282.293,1283.084,Yes.,3.830999999999904,pslc01-c1,c1,941.0,0,1,"(3.0, 6.0]",Yes.,Yes
59,16,365.76,1306.76,True,False,True,30.0,1301.728,1302.88,They are the same.,3.8799999999998818,pslc01-c1,c1,941.0,0,1,"(3.0, 6.0]",They are the same.,They are the same
58,2,197.23,197.23,False,True,True,0.0,187.057,188.89,"Uh, vertically up.",8.340000000000003,pslc03-c3,c3,1956.0,1,0,"(6.0, 10.0]","Uh, vertically up.",Uh vertically up
58,4,258.109,258.109,True,False,True,2.0,250.884,252.566,Yes. Down.,5.542999999999978,pslc03-c3,c3,1956.0,0,1,"(3.0, 6.0]",Yes. Down.,Yes Down
58,5,274.25,274.25,True,False,True,3.0,266.064,267.587,Nine point eight.,6.663000000000011,pslc03-c3,c3,1956.0,0,1,"(6.0, 10.0]",Nine point eight.,Nine point eight
58,6,295.51,295.51,True,False,True,4.0,287.419,289.072,Vertically down.,6.437999999999988,pslc03-c3,c3,1956.0,0,1,"(6.0, 10.0]",Vertically down.,Vertically down
58,7,321.017,321.017,True,False,True,5.0,313.399,315.512,It's pulling him down.,5.504999999999996,pslc03-c3,c3,1956.0,0,1,"(3.0, 6.0]",It's pulling him down.,It's pulling him down
58,8,339.655,339.655,True,False,True,6.0,334.162,335.153,Down.,4.501999999999953,pslc03-c3,c3,1956.0,0,1,"(3.0, 6.0]",Down.,Down
58,9,355.244,355.244,True,False,True,7.0,349.221,350.122,Down.,5.122000000000014,pslc03-c3,c3,1956.0,0,1,"(3.0, 6.0]",Down.,Down
58,10,366.387,366.387,True,False,True,8.0,360.146,361.578,Nine point eight.,4.809000000000026,pslc03-c3,c3,1956.0,0,1,"(3.0, 6.0]",Nine point eight.,Nine point eight
58,11,419.626,419.626,False,True,True,9.0,413.027,414.469,Eight point seven.,5.156999999999982,pslc03-c3,c3,1956.0,1,0,"(3.0, 6.0]",Eight point seven.,Eight point seven
58,12,443.494,443.494,True,False,True,10.0,437.455,438.777,Nine point eight.,4.717000000000041,pslc03-c3,c3,1956.0,0,1,"(3.0, 6.0]",Nine point eight.,Nine point eight
58,14,481.616,481.616,True,False,True,12.0,474.903,476.055,They're the same.,5.560999999999979,pslc03-c3,c3,1956.0,0,1,"(3.0, 6.0]",They're the same.,They're the same
58,15,497.469,497.469,False,True,True,13.0,491.313,492.074,No.,5.394999999999982,pslc03-c3,c3,1956.0,1,0,"(3.0, 6.0]",No.,No
58,16,516.514,516.514,True,False,True,14.0,510.647,511.559,They're the same.,4.954999999999984,pslc03-c3,c3,1956.0,0,1,"(3.0, 6.0]",They're the same.,They're the same
59,1,77.53,2033.53,True,False,True,16.0,2027.378,2028.64,They're the same.,4.889999999999873,pslc03-c3,c3,1956.0,0,1,"(3.0, 6.0]",They're the same.,They're the same
59,2,114.284,2070.284,False,False,True,17.0,2062.518,2063.671,Vertically down.,6.613000000000284,pslc03-c3,c3,1956.0,0,0,"(6.0, 10.0]",Vertically down.,Vertically down
59,3,148.919,2104.919,True,False,True,18.0,2097.251,2098.372,Down.,6.5470000000000255,pslc03-c3,c3,1956.0,0,1,"(6.0, 10.0]",Down.,Down
59,4,173.29,2129.29,True,False,True,19.0,2123.255,2124.146,Down.,5.143999999999778,pslc03-c3,c3,1956.0,0,1,"(3.0, 6.0]",Down.,Down
59,5,185.457,2141.457,True,False,True,20.0,2134.003,2135.636,Nine point eight.,5.820999999999913,pslc03-c3,c3,1956.0,0,1,"(3.0, 6.0]",Nine point eight.,Nine point eight
59,6,204.582,2160.582,True,False,True,23.0,2155.21,2157.463,Down. Vertically down.,3.118999999999687,pslc03-c3,c3,1956.0,0,1,"(3.0, 6.0]",Down. Vertically down.,Down Vertically down
59,7,231.503,2187.503,True,False,True,24.0,2180.65,2181.772,Down.,5.731000000000222,pslc03-c3,c3,1956.0,0,1,"(3.0, 6.0]",Down.,Down
59,8,249.926,2205.926,True,False,True,25.0,2199.98,2201.14,Down.,4.786000000000058,pslc03-c3,c3,1956.0,0,1,"(3.0, 6.0]",Down.,Down
59,9,264.7,2220.7,True,False,True,26.0,2215.219,2216.691,Vertically down.,4.009000000000015,pslc03-c3,c3,1956.0,0,1,"(3.0, 6.0]",Vertically down.,Vertically down
59,10,275.137,2231.137,True,False,True,27.0,2226.049,2227.411,Nine point eight.,3.7260000000001128,pslc03-c3,c3,1956.0,0,1,"(3.0, 6.0]",Nine point eight.,Nine point eight
59,11,313.771,2269.771,False,True,True,28.0,2261.548,2263.101,Nineteen point six. <nspn>,6.670000000000073,pslc03-c3,c3,1956.0,1,0,"(6.0, 10.0]",Nineteen point six. <nspn>,Nineteen point six
59,12,339.096,2295.096,True,False,True,29.0,2288.501,2290.093,Nine point eight.,5.003000000000156,pslc03-c3,c3,1956.0,0,1,"(3.0, 6.0]",Nine point eight.,Nine point eight
59,13,357.907,2313.907,True,False,True,30.0,2308.555,2310.468,Nineteen point six.,3.4390000000003056,pslc03-c3,c3,1956.0,0,1,"(3.0, 6.0]",Nineteen point six.,Nineteen point six
59,14,377.953,2333.953,True,False,True,31.0,2327.69,2328.931,They're the same.,5.021999999999935,pslc03-c3,c3,1956.0,0,1,"(3.0, 6.0]",They're the same.,They're the same
59,15,392.646,2348.646,False,True,True,32.0,2342.49,2343.361,No.,5.285000000000309,pslc03-c3,c3,1956.0,1,0,"(3.0, 6.0]",No.,No
59,16,412.94,2368.94,True,False,True,33.0,2363.179,2364.42,They're the same.,4.519999999999982,pslc03-c3,c3,1956.0,0,1,"(3.0, 6.0]",They're the same.,They're the same
58,1,73.509,73.509,True,True,True,0.0,58.981,67.497,"Okay, I'm... looks+li... how does the velocity compare to that of his keys? I think it would be equal.",6.0120000000000005,pslc04-c1,c1,1536.0,1,1,"(6.0, 10.0]","Okay, I'm... looks+li... how does the velocity compare to that of his keys? I think it would be equal.",Okay I'm looks li how does the velocity compare to that of his keys I think it would be equal
58,2,129.258,129.258,True,True,True,2.0,121.779,123.371,I believe that's it.,5.887000000000015,pslc04-c1,c1,1536.0,1,1,"(3.0, 6.0]",I believe that's it.,I believe that's it
58,3,176.42,176.42,True,True,True,3.0,170.018,171.46,Downward??,4.95999999999998,pslc04-c1,c1,1536.0,1,1,"(3.0, 6.0]",Downward??,Downward
58,4,211.199,211.199,True,False,True,4.0,201.311,206.568,Yes. The person has an acceleration and the acceleration would be down.,4.631,pslc04-c1,c1,1536.0,0,1,"(3.0, 6.0]",Yes. The person has an acceleration and the acceleration would be down.,Yes The person has an acceleration and the acceleration would be down
58,5,225.708,225.708,False,False,True,5.0,217.124,218.926,It would be his weight.,6.782000000000011,pslc04-c1,c1,1536.0,0,0,"(6.0, 10.0]",It would be his weight.,It would be his weight
58,7,300.256,300.256,False,True,True,7.0,276.034,294.734,"It's the weight plus the person's mass. Um, and you would take off, uh, you subtract. You would subtract any, um, wind or any air resistance.",5.521999999999991,pslc04-c1,c1,1536.0,1,0,"(3.0, 6.0]","It's the weight plus the person's mass. Um, and you would take off, uh, you subtract. You would subtract any, um, wind or any air resistance.",It's the weight plus the person's mass Um and you would take off uh you subtract You would subtract any um wind or any air resistance
58,8,339.138,339.138,False,True,True,8.0,319.837,329.911,No. Weight is the mass of the object and G is the acceleration of gravity on that object.,9.226999999999975,pslc04-c1,c1,1536.0,1,0,"(6.0, 10.0]",No. Weight is the mass of the object and G is the acceleration of gravity on that object.,No Weight is the mass of the object and G is the acceleration of gravity on that object
58,9,396.681,396.681,True,False,True,9.0,380.19,392.266,"<X>. The force would be gravity slash, uh, weight... or the key's weight, and uh, the force would be down.",4.414999999999964,pslc04-c1,c1,1536.0,0,1,"(3.0, 6.0]","<X>. The force would be gravity slash, uh, weight... or the key's weight, and uh, the force would be down.",The force would be gravity slash uh weight or the key's weight and uh the force would be down
58,10,414.862,414.862,True,True,True,10.0,408.855,409.897,Down.,4.965000000000032,pslc04-c1,c1,1536.0,1,1,"(3.0, 6.0]",Down.,Down
58,11,443.312,443.312,True,False,True,11.0,437.013,439.587,Yes. The acceleration would be down.,3.725000000000023,pslc04-c1,c1,1536.0,0,1,"(3.0, 6.0]",Yes. The acceleration would be down.,Yes The acceleration would be down
58,12,477.46,477.46,False,True,True,12.0,450.394,471.129,"G. Um, I'm not sure. I presume it would be the weight of the keys, uh, times their mass plus any... subtract any air resistance. But usually weight times, uh, mass.",6.33099999999996,pslc04-c1,c1,1536.0,1,0,"(6.0, 10.0]","G. Um, I'm not sure. I presume it would be the weight of the keys, uh, times their mass plus any... subtract any air resistance. But usually weight times, uh, mass.",G Um I'm not sure I presume it would be the weight of the keys uh times their mass plus any subtract any air resistance But usually weight times uh mass
58,13,496.543,496.543,False,False,True,14.0,488.409,491.954,"Again, the mass of the keys times their weight.",4.588999999999999,pslc04-c1,c1,1536.0,0,0,"(3.0, 6.0]","Again, the mass of the keys times their weight.",Again the mass of the keys times their weight
58,14,530.083,530.083,False,True,True,16.0,510.283,526.624,"Mass times weight, I believe. Or the mass times velocity?? No, I think it's mass times weight. I don't know if I'm defining it by its definition, but that the best answer I have.",3.4589999999999463,pslc04-c1,c1,1536.0,1,0,"(3.0, 6.0]","Mass times weight, I believe. Or the mass times velocity?? No, I think it's mass times weight. I don't know if I'm defining it by its definition, but that the best answer I have.",Mass times weight I believe Or the mass times velocity No I think it's mass times weight I don't know if I'm defining it by its definition but that the best answer I have
58,15,621.459,621.459,True,True,True,19.0,611.318,615.928,"That would be nine point eight meters per second squared, right? I mean...",5.530999999999949,pslc04-c1,c1,1536.0,1,1,"(3.0, 6.0]","That would be nine point eight meters per second squared, right? I mean...",That would be nine point eight meters per second squared right I mean
58,16,645.649,645.649,True,False,True,21.0,639.221,641.344,Nine point eight meters per second.,4.30499999999995,pslc04-c1,c1,1536.0,0,1,"(3.0, 6.0]",Nine point eight meters per second.,Nine point eight meters per second
58,17,670.548,670.548,True,True,True,23.0,664.154,668.395,Nineteen point six meters per second??,2.15300000000002,pslc04-c1,c1,1536.0,1,1,"(-0.001, 3.0]",Nineteen point six meters per second??,Nineteen point six meters per second
58,18,720.124,720.124,True,False,True,26.0,713.3,716.255,Twenty nine point four meters per second.,3.869000000000028,pslc04-c1,c1,1536.0,0,1,"(3.0, 6.0]",Twenty nine point four meters per second.,Twenty nine point four meters per second
58,19,737.201,737.201,True,False,True,27.0,729.296,732.406,They... the velocities are equal.,4.795000000000073,pslc04-c1,c1,1536.0,0,1,"(3.0, 6.0]",They... the velocities are equal.,They the velocities are equal
58,20,762.574,762.574,False,True,True,28.0,746.861,757.083,"Um. That's the... the distance between... it's a straight line connecting two points. The shortest possible distance between them, I believe.",5.4909999999999854,pslc04-c1,c1,1536.0,1,0,"(3.0, 6.0]","Um. That's the... the distance between... it's a straight line connecting two points. The shortest possible distance between them, I believe.",Um That's the the distance between it's a straight line connecting two points The shortest possible distance between them I believe
58,21,787.14,787.14,True,False,True,29.0,777.002,784.466,They would... it would be equal. The displacement of the keys and the man at any point in their fall would be the same. Equal.,2.673999999999978,pslc04-c1,c1,1536.0,0,1,"(-0.001, 3.0]",They would... it would be equal. The displacement of the keys and the man at any point in their fall would be the same. Equal.,They would it would be equal The displacement of the keys and the man at any point in their fall would be the same Equal
59,2,112.655,1648.655,True,False,True,34.0,1642.584,1644.349,Gravity. Down.,4.30600000000004,pslc04-c1,c1,1536.0,0,1,"(3.0, 6.0]",Gravity. Down.,Gravity Down
59,3,131.635,1667.635,True,False,True,35.0,1661.924,1663.066,Down.,4.56899999999996,pslc04-c1,c1,1536.0,0,1,"(3.0, 6.0]",Down.,Down
59,4,150.753,1686.753,True,False,True,36.0,1680.946,1682.728,Yes. Down.,4.024999999999864,pslc04-c1,c1,1536.0,0,1,"(3.0, 6.0]",Yes. Down.,Yes Down
59,5,168.934,1704.934,True,True,True,37.0,1695.088,1701.267,"Oh, gee. It was something like nine point eight meters per second squared??",3.666999999999916,pslc04-c1,c1,1536.0,1,1,"(3.0, 6.0]","Oh, gee. It was something like nine point eight meters per second squared??",Oh gee It was something like nine point eight meters per second squared
59,6,189.707,1725.707,True,False,True,38.0,1719.105,1721.178,Gravity. Down.,4.528999999999996,pslc04-c1,c1,1536.0,0,1,"(3.0, 6.0]",Gravity. Down.,Gravity Down
59,7,209.095,1745.095,True,False,True,39.0,1739.394,1741.678,Down. Downward.,3.4169999999999163,pslc04-c1,c1,1536.0,0,1,"(3.0, 6.0]",Down. Downward.,Down Downward
59,8,233.058,1769.058,False,False,True,40.0,1755.286,1759.082,"Yes, Uh, nine point eight meters per second squared.",9.975999999999884,pslc04-c1,c1,1536.0,0,0,"(6.0, 10.0]","Yes, Uh, nine point eight meters per second squared.",Yes Uh nine point eight meters per second squared
59,9,259.384,1795.384,False,True,True,41.0,1784.47,1789.459,"Uh, something about mass times gravity equals acceleration.",5.9249999999999545,pslc04-c1,c1,1536.0,1,0,"(3.0, 6.0]","Uh, something about mass times gravity equals acceleration.",Uh something about mass times gravity equals acceleration
59,10,308.695,1844.695,True,False,True,42.0,1824.271,1841.337,Mmm. Let me think about this. Mass times acceleration. Net force is zer+not zero. Accelerat... no. It cannot be zero.,3.3579999999999472,pslc04-c1,c1,1536.0,0,1,"(3.0, 6.0]",Mmm. Let me think about this. Mass times acceleration. Net force is zer+not zero. Accelerat... no. It cannot be zero.,Mmm Let me think about this Mass times acceleration Net force is zer not zero Accelerat no It cannot be zero
59,11,319.829,1855.829,True,True,True,43.0,1849.787,1851.577,Downward. Down.,4.251999999999953,pslc04-c1,c1,1536.0,1,1,"(3.0, 6.0]",Downward. Down.,Downward Down
59,12,332.851,1868.851,True,True,True,44.0,1862.821,1865.425,Nine point eight meters per second squared??,3.4260000000001583,pslc04-c1,c1,1536.0,1,1,"(3.0, 6.0]",Nine point eight meters per second squared??,Nine point eight meters per second squared
59,13,362.166,1898.166,True,False,True,45.0,1891.811,1894.064,Nine point eight meters.,4.101999999999862,pslc04-c1,c1,1536.0,0,1,"(3.0, 6.0]",Nine point eight meters.,Nine point eight meters
59,14,386.362,1922.362,True,False,True,46.0,1916.259,1918.983,Nine point eight meters per second.,3.379000000000133,pslc04-c1,c1,1536.0,0,1,"(3.0, 6.0]",Nine point eight meters per second.,Nine point eight meters per second
59,15,406.238,1942.238,True,False,True,47.0,1935.906,1939.587,Nineteen point six meters per second.,2.651000000000068,pslc04-c1,c1,1536.0,0,1,"(-0.001, 3.0]",Nineteen point six meters per second.,Nineteen point six meters per second
59,16,421.548,1957.548,True,False,True,48.0,1951.966,1955.333,Their velocities are the same... would be the same.,2.214999999999918,pslc04-c1,c1,1536.0,0,1,"(-0.001, 3.0]",Their velocities are the same... would be the same.,Their velocities are the same would be the same
59,17,440.737,1976.737,False,False,True,49.0,1966.899,1972.37,Displacement is the shortest distance between two points or a straight line.,4.367000000000189,pslc04-c1,c1,1536.0,0,0,"(3.0, 6.0]",Displacement is the shortest distance between two points or a straight line.,Displacement is the shortest distance between two points or a straight line
59,18,465.606,2001.606,True,False,True,50.0,1991.562,1997.376,The displacement of the professor to his spectacles at every point in time during the fall would be equal.,4.230000000000018,pslc04-c1,c1,1536.0,0,1,"(3.0, 6.0]",The displacement of the professor to his spectacles at every point in time during the fall would be equal.,The displacement of the professor to his spectacles at every point in time during the fall would be equal
58,1,57.991,57.991,False,True,True,0.0,51.271,52.372,I don't know.,5.619,pslc06-c3,c3,1330.0,1,0,"(3.0, 6.0]",I don't know.,I don't know
58,2,115.631,115.631,True,True,True,1.0,108.192,109.574,Vertically down. <nspn>,6.057000000000002,pslc06-c3,c3,1330.0,1,1,"(6.0, 10.0]",Vertically down. <nspn>,Vertically down
58,3,154.431,154.431,True,True,True,2.0,148.148,148.909,Down.,5.52200000000002,pslc06-c3,c3,1330.0,1,1,"(3.0, 6.0]",Down.,Down
58,4,171.659,171.659,True,False,True,3.0,165.345,166.677,Yes. Down.,4.981999999999999,pslc06-c3,c3,1330.0,0,1,"(3.0, 6.0]",Yes. Down.,Yes Down
58,5,185.586,185.586,False,True,True,4.0,179.703,180.844,I don't know.,4.742000000000019,pslc06-c3,c3,1330.0,1,0,"(3.0, 6.0]",I don't know.,I don't know
58,6,202.631,202.631,False,True,True,5.0,197.683,198.635,I don't know.,3.996000000000009,pslc06-c3,c3,1330.0,1,0,"(3.0, 6.0]",I don't know.,I don't know
58,7,225.849,225.849,False,True,True,6.0,217.65,220.825,Force equals mass times acceleration??,5.024000000000001,pslc06-c3,c3,1330.0,1,0,"(3.0, 6.0]",Force equals mass times acceleration??,Force equals mass times acceleration
58,8,250.064,250.064,True,False,True,7.0,240.47,246.559,Force is equal to the mass <and> acceleration that's acted upon that force.,3.5049999999999955,pslc06-c3,c3,1330.0,0,1,"(3.0, 6.0]",Force is equal to the mass <and> acceleration that's acted upon that force.,Force is equal to the mass acceleration that's acted upon that force
58,9,297.768,297.768,True,False,True,8.0,291.16,292.353,Straight down.,5.414999999999964,pslc06-c3,c3,1330.0,0,1,"(3.0, 6.0]",Straight down.,Straight down
58,10,320.348,320.348,True,False,True,9.0,314.431,316.144,<nspn> Straight down.,4.204000000000008,pslc06-c3,c3,1330.0,0,1,"(3.0, 6.0]",<nspn> Straight down.,Straight down
58,11,339.385,339.385,True,False,True,10.0,333.573,334.784,Straight down.,4.600999999999999,pslc06-c3,c3,1330.0,0,1,"(3.0, 6.0]",Straight down.,Straight down
58,12,368.492,368.492,True,False,True,11.0,361.62,363.412,Yes. Down.,5.080000000000041,pslc06-c3,c3,1330.0,0,1,"(3.0, 6.0]",Yes. Down.,Yes Down
58,13,380.435,380.435,True,True,True,12.0,373.942,375.444,Nine point eight.,4.9909999999999854,pslc06-c3,c3,1330.0,1,1,"(3.0, 6.0]",Nine point eight.,Nine point eight
58,14,415.124,415.124,False,True,True,13.0,408.128,409.72,"Mmm, down.",5.403999999999996,pslc06-c3,c3,1330.0,1,0,"(3.0, 6.0]","Mmm, down.",Mmm down
58,15,450.741,450.741,True,False,True,14.0,443.661,445.924,Nine point eight meters. <nspn>,4.817000000000007,pslc06-c3,c3,1330.0,0,1,"(3.0, 6.0]",Nine point eight meters. <nspn>,Nine point eight meters
58,16,474.546,474.546,False,True,True,16.0,464.146,469.203,Nine point eight meters divided by seconds squared.,5.343000000000018,pslc06-c3,c3,1330.0,1,0,"(3.0, 6.0]",Nine point eight meters divided by seconds squared.,Nine point eight meters divided by seconds squared
58,17,529.728,529.728,False,True,True,17.0,520.415,524.406,Twenty point zero meters per second.,5.322000000000003,pslc06-c3,c3,1330.0,1,0,"(3.0, 6.0]",Twenty point zero meters per second.,Twenty point zero meters per second
58,19,580.193,580.193,False,True,True,19.0,573.543,575.776,The direction used in distance.,4.41700000000003,pslc06-c3,c3,1330.0,1,0,"(3.0, 6.0]",The direction used in distance.,The direction used in distance
59,1,105.939,1435.939,True,True,True,21.0,1428.767,1430.56,They're the same??,5.379000000000133,pslc06-c3,c3,1330.0,1,1,"(3.0, 6.0]",They're the same??,They're the same
59,2,143.726,1473.726,True,True,True,22.0,1465.246,1466.959,Straight down.,6.767000000000053,pslc06-c3,c3,1330.0,1,1,"(6.0, 10.0]",Straight down.,Straight down
59,3,178.918,1508.918,True,True,True,23.0,1502.413,1503.895,Straight down??,5.023000000000138,pslc06-c3,c3,1330.0,1,1,"(3.0, 6.0]",Straight down??,Straight down
59,4,194.844,1524.844,True,False,True,24.0,1518.776,1520.448,Yes. Straight down.,4.395999999999958,pslc06-c3,c3,1330.0,0,1,"(3.0, 6.0]",Yes. Straight down.,Yes Straight down
59,5,207.97,1537.97,True,True,True,25.0,1531.748,1533.11,Nine point eight.,4.860000000000127,pslc06-c3,c3,1330.0,1,1,"(3.0, 6.0]",Nine point eight.,Nine point eight
59,6,229.613,1559.613,True,False,True,26.0,1552.824,1554.216,Straight down??,5.397000000000162,pslc06-c3,c3,1330.0,0,1,"(3.0, 6.0]",Straight down??,Straight down
59,7,254.181,1584.181,True,False,True,27.0,1578.515,1579.997,Straight down.,4.183999999999969,pslc06-c3,c3,1330.0,0,1,"(3.0, 6.0]",Straight down.,Straight down
59,8,274.551,1604.551,True,False,True,28.0,1599.371,1600.544,Straight down??,4.0069999999998345,pslc06-c3,c3,1330.0,0,1,"(3.0, 6.0]",Straight down??,Straight down
59,9,296.3,1626.3,True,False,True,29.0,1620.498,1621.97,Yes. Straight down.,4.329999999999927,pslc06-c3,c3,1330.0,0,1,"(3.0, 6.0]",Yes. Straight down.,Yes Straight down
59,10,310.129,1640.129,True,True,True,30.0,1633.717,1638.604,Nine point eight meters per second squared.,1.5249999999998636,pslc06-c3,c3,1330.0,1,1,"(-0.001, 3.0]",Nine point eight meters per second squared.,Nine point eight meters per second squared
59,11,342.78,1672.78,False,True,True,31.0,1664.301,1666.594,Nine point eight meters per second squared.,6.185999999999922,pslc06-c3,c3,1330.0,1,0,"(6.0, 10.0]",Nine point eight meters per second squared.,Nine point eight meters per second squared
59,12,373.063,1703.063,False,True,True,32.0,1695.394,1698.449,Nineteen point six meters per second squared.,4.614000000000033,pslc06-c3,c3,1330.0,1,0,"(3.0, 6.0]",Nineteen point six meters per second squared.,Nineteen point six meters per second squared
59,13,416.207,1746.207,True,True,True,33.0,1736.949,1740.253,Nineteen point six meters per second squared.,5.953999999999951,pslc06-c3,c3,1330.0,1,1,"(3.0, 6.0]",Nineteen point six meters per second squared.,Nineteen point six meters per second squared
59,14,432.805,1762.805,True,True,True,34.0,1755.17,1756.482,They are the same??,6.323000000000093,pslc06-c3,c3,1330.0,1,1,"(6.0, 10.0]",They are the same??,They are the same
59,16,489.532,1819.532,True,True,True,36.0,1812.134,1813.266,The same.,6.265999999999849,pslc06-c3,c3,1330.0,1,1,"(6.0, 10.0]",The same.,The same
58,1,57.233,57.233,True,False,True,0.0,50.44,51.411,It's the same.,5.821999999999996,pslc11-c2,c2,872.0,0,1,"(3.0, 6.0]",It's the same.,It's the same
58,2,95.321,95.321,True,True,True,1.0,87.34,89.19200000000001,Gravity's pulling down.,6.128999999999991,pslc11-c2,c2,872.0,1,1,"(6.0, 10.0]",Gravity's pulling down.,Gravity's pulling down
58,3,114.861,114.861,True,False,True,2.0,108.77,111.253,Down. Vertically down.,3.608000000000004,pslc11-c2,c2,872.0,0,1,"(3.0, 6.0]",Down. Vertically down.,Down Vertically down
58,4,133.442,133.442,True,True,True,3.0,125.953,128.096,"Uh, yes. Down.",5.346000000000004,pslc11-c2,c2,872.0,1,1,"(3.0, 6.0]","Uh, yes. Down.",Uh yes Down
58,5,149.095,149.095,True,True,True,4.0,140.224,142.978,Negative nine point eight meters per second squared.,6.11699999999999,pslc11-c2,c2,872.0,1,1,"(6.0, 10.0]",Negative nine point eight meters per second squared.,Negative nine point eight meters per second squared
58,6,173.836,173.836,True,False,True,5.0,163.615,164.757,Vertically down.,9.079000000000008,pslc11-c2,c2,872.0,0,1,"(6.0, 10.0]",Vertically down.,Vertically down
58,7,198.415,198.415,True,False,True,6.0,189.927,190.778,Down.,7.637,pslc11-c2,c2,872.0,0,1,"(6.0, 10.0]",Down.,Down
58,8,216.932,216.932,True,False,True,7.0,210.826,211.828,Down.,5.103999999999985,pslc11-c2,c2,872.0,0,1,"(3.0, 6.0]",Down.,Down
58,9,231.618,231.618,True,False,True,8.0,225.681,227.494,It's accelerating down.,4.123999999999995,pslc11-c2,c2,872.0,0,1,"(3.0, 6.0]",It's accelerating down.,It's accelerating down
58,10,244.0,244.0,True,False,True,9.0,236.901,239.875,Negative nine point eight meters per second squared.,4.125,pslc11-c2,c2,872.0,0,1,"(3.0, 6.0]",Negative nine point eight meters per second squared.,Negative nine point eight meters per second squared
58,11,282.433,282.433,False,True,True,10.0,273.0,278.367,No change. <X>. I don't know.,4.065999999999974,pslc11-c2,c2,872.0,1,0,"(3.0, 6.0]",No change. <X>. I don't know.,No change I don't know
58,12,308.988,308.988,True,False,True,11.0,299.582,304.631,"Nine point eight meters per second squared. Er, nine point eight meters per second.",4.357000000000028,pslc11-c2,c2,872.0,0,1,"(3.0, 6.0]","Nine point eight meters per second squared. Er, nine point eight meters per second.",Nine point eight meters per second squared Er nine point eight meters per second
58,13,329.409,329.409,True,False,True,12.0,322.179,325.183,<nspn> Nineteen point six meters per second.,4.225999999999999,pslc11-c2,c2,872.0,0,1,"(3.0, 6.0]",<nspn> Nineteen point six meters per second.,Nineteen point six meters per second
58,14,345.247,345.247,True,False,True,13.0,338.599,339.56,They're the same.,5.687000000000012,pslc11-c2,c2,872.0,0,1,"(3.0, 6.0]",They're the same.,They're the same
58,15,358.941,358.941,True,False,True,14.0,353.01800000000003,353.689,Yes.,5.251999999999953,pslc11-c2,c2,872.0,0,1,"(3.0, 6.0]",Yes.,Yes
58,16,378.906,378.906,True,False,True,15.0,372.519,373.722,It's the same.,5.184000000000026,pslc11-c2,c2,872.0,0,1,"(3.0, 6.0]",It's the same.,It's the same
59,1,75.896,947.896,True,False,True,17.0,941.063,942.404,It's the same.,5.491999999999962,pslc11-c2,c2,872.0,0,1,"(3.0, 6.0]",It's the same.,It's the same
59,2,111.683,983.683,True,False,True,18.0,976.516,978.72,Gravity vertically down.,4.962999999999965,pslc11-c2,c2,872.0,0,1,"(3.0, 6.0]",Gravity vertically down.,Gravity vertically down
59,3,131.976,1003.976,True,False,True,19.0,996.668,998.16,Vertically down.,5.816000000000031,pslc11-c2,c2,872.0,0,1,"(3.0, 6.0]",Vertically down.,Vertically down
59,4,149.158,1021.158,True,False,True,20.0,1013.148,1016.914,Yes. He has an acceleration of gravity and it's down.,4.244000000000028,pslc11-c2,c2,872.0,0,1,"(3.0, 6.0]",Yes. He has an acceleration of gravity and it's down.,Yes He has an acceleration of gravity and it's down
59,5,162.491,1034.491,True,False,True,21.0,1026.41,1029.184,Nine point eight meters per second squared.,5.307000000000016,pslc11-c2,c2,872.0,0,1,"(3.0, 6.0]",Nine point eight meters per second squared.,Nine point eight meters per second squared
59,6,182.824,1054.824,True,False,True,22.0,1047.86,1049.822,Gravity vertically down.,5.00200000000018,pslc11-c2,c2,872.0,0,1,"(3.0, 6.0]",Gravity vertically down.,Gravity vertically down
59,7,202.277,1074.277,True,False,True,23.0,1067.581,1068.882,Vertically down.,5.394999999999982,pslc11-c2,c2,872.0,0,1,"(3.0, 6.0]",Vertically down.,Vertically down
59,8,219.346,1091.346,True,False,True,24.0,1083.698,1087.014,The acceleration is gravity and it's vertically down.,4.332000000000107,pslc11-c2,c2,872.0,0,1,"(3.0, 6.0]",The acceleration is gravity and it's vertically down.,The acceleration is gravity and it's vertically down
59,9,232.08,1104.08,True,False,True,25.0,1096.939,1099.572,Nine point eight meters per second squared.,4.508000000000038,pslc11-c2,c2,872.0,0,1,"(3.0, 6.0]",Nine point eight meters per second squared.,Nine point eight meters per second squared
59,10,260.571,1132.571,True,False,True,26.0,1126.013,1128.066,Nine point eight meters per second.,4.504999999999882,pslc11-c2,c2,872.0,0,1,"(3.0, 6.0]",Nine point eight meters per second.,Nine point eight meters per second
59,11,284.711,1156.711,True,False,True,27.0,1149.808,1152.051,Nine point eight meters per second.,4.660000000000082,pslc11-c2,c2,872.0,0,1,"(3.0, 6.0]",Nine point eight meters per second.,Nine point eight meters per second
59,14,384.71,1256.71,True,False,True,30.0,1249.716,1251.018,They are the same.,5.692000000000007,pslc11-c2,c2,872.0,0,1,"(3.0, 6.0]",They are the same.,They are the same
59,15,398.796,1270.796,True,False,True,31.0,1264.645,1265.396,Yes.,5.400000000000091,pslc11-c2,c2,872.0,0,1,"(3.0, 6.0]",Yes.,Yes
59,16,420.912,1292.912,True,False,True,32.0,1285.023,1286.124,It's the same.,6.788000000000011,pslc11-c2,c2,872.0,0,1,"(6.0, 10.0]",It's the same.,It's the same
58,1,56.342,56.342,True,True,True,0.0,49.19,50.432,It's the same??,5.909999999999997,pslc12-c3,c3,1735.0,1,1,"(3.0, 6.0]",It's the same??,It's the same
58,3,124.962,124.962,True,True,True,2.0,118.482,119.273,Down.,5.689000000000007,pslc12-c3,c3,1735.0,1,1,"(3.0, 6.0]",Down.,Down
58,4,154.285,154.285,True,False,True,3.0,147.504,150.64,"Yes, he does have an acceleration. It is down.",3.64500000000001,pslc12-c3,c3,1735.0,0,1,"(3.0, 6.0]","Yes, he does have an acceleration. It is down.",Yes he does have an acceleration It is down
58,5,168.986,168.986,True,False,True,4.0,162.167,165.061,Nine point eight meters per second squared.,3.924999999999983,pslc12-c3,c3,1735.0,0,1,"(3.0, 6.0]",Nine point eight meters per second squared.,Nine point eight meters per second squared
58,6,193.247,193.247,True,False,True,5.0,184.078,187.002,The gravitational force is acting down.,6.2450000000000045,pslc12-c3,c3,1735.0,0,1,"(6.0, 10.0]",The gravitational force is acting down.,The gravitational force is acting down
58,7,213.124,213.124,True,False,True,6.0,206.069,207.05,Down.,6.073999999999984,pslc12-c3,c3,1735.0,0,1,"(6.0, 10.0]",Down.,Down
58,8,227.769,227.769,True,False,True,7.0,222.408,224.731,"Yes, it has an acceleration. Down.",3.038000000000011,pslc12-c3,c3,1735.0,0,1,"(3.0, 6.0]","Yes, it has an acceleration. Down.",Yes it has an acceleration Down
58,9,239.031,239.031,True,False,True,8.0,233.797,235.729,Nine point eight meters per second squared.,3.302000000000021,pslc12-c3,c3,1735.0,0,1,"(3.0, 6.0]",Nine point eight meters per second squared.,Nine point eight meters per second squared
58,10,255.292,255.292,True,False,True,9.0,249.655,251.609,Nine point eight meters per second squared.,3.6829999999999927,pslc12-c3,c3,1735.0,0,1,"(3.0, 6.0]",Nine point eight meters per second squared.,Nine point eight meters per second squared
58,11,293.694,293.694,True,True,True,10.0,286.333,288.237,Nine point eight meters.,5.456999999999994,pslc12-c3,c3,1735.0,1,1,"(3.0, 6.0]",Nine point eight meters.,Nine point eight meters
58,12,317.154,317.154,True,False,True,11.0,311.601,313.894,Nine point eight meters per second.,3.259999999999991,pslc12-c3,c3,1735.0,0,1,"(3.0, 6.0]",Nine point eight meters per second.,Nine point eight meters per second
58,13,356.908,356.908,True,True,True,12.0,350.267,353.142,Nineteen point six meters per second??,3.76600000000002,pslc12-c3,c3,1735.0,1,1,"(3.0, 6.0]",Nineteen point six meters per second??,Nineteen point six meters per second
58,14,370.842,370.842,True,False,True,13.0,365.06,366.031,They're equal.,4.810999999999979,pslc12-c3,c3,1735.0,0,1,"(3.0, 6.0]",They're equal.,They're equal
58,15,388.55,388.55,False,False,True,14.0,379.251,382.044,It's a straight line between points A and B.,6.506000000000029,pslc12-c3,c3,1735.0,0,0,"(6.0, 10.0]",It's a straight line between points A and B.,It's a straight line between points A and B
58,16,421.321,421.321,True,True,True,15.0,415.081,416.333,They're the same??,4.988000000000056,pslc12-c3,c3,1735.0,1,1,"(3.0, 6.0]",They're the same??,They're the same
59,1,76.048,1811.048,True,False,True,17.0,1805.248,1806.37,They're equal.,4.678000000000111,pslc12-c3,c3,1735.0,0,1,"(3.0, 6.0]",They're equal.,They're equal
59,2,113.729,1848.729,True,False,True,18.0,1840.198,1844.564,Gravitational force is acting on the professor vertically down.,4.164999999999964,pslc12-c3,c3,1735.0,0,1,"(3.0, 6.0]",Gravitational force is acting on the professor vertically down.,Gravitational force is acting on the professor vertically down
59,3,133.535,1868.535,True,False,True,19.0,1862.162,1863.353,Downward.,5.182000000000016,pslc12-c3,c3,1735.0,0,1,"(3.0, 6.0]",Downward.,Downward
59,4,149.853,1884.853,True,False,True,20.0,1878.371,1881.756,Yes. He has an acceleration down.,3.09699999999998,pslc12-c3,c3,1735.0,0,1,"(3.0, 6.0]",Yes. He has an acceleration down.,Yes He has an acceleration down
59,5,161.579,1896.579,True,False,True,21.0,1890.072,1892.648,Nine point eight meters per second squared.,3.93100000000004,pslc12-c3,c3,1735.0,0,1,"(3.0, 6.0]",Nine point eight meters per second squared.,Nine point eight meters per second squared
59,6,183.319,1918.319,True,False,True,22.0,1911.526,1915.863,Gravitational force is acting down on the spectacles.,2.455999999999904,pslc12-c3,c3,1735.0,0,1,"(-0.001, 3.0]",Gravitational force is acting down on the spectacles.,Gravitational force is acting down on the spectacles
59,7,202.06,1937.06,True,False,True,23.0,1930.94,1932.302,That'd be down.,4.758000000000038,pslc12-c3,c3,1735.0,0,1,"(3.0, 6.0]",That'd be down.,That'd be down
59,8,218.873,1953.873,True,False,True,24.0,1947.141,1950.018,"It does, and it's down.",3.855000000000018,pslc12-c3,c3,1735.0,0,1,"(3.0, 6.0]","It does, and it's down.",It does and it's down
59,9,231.375,1966.375,True,False,True,25.0,1960.267,1963.243,Nine point eight meters per second squared.,3.132000000000062,pslc12-c3,c3,1735.0,0,1,"(3.0, 6.0]",Nine point eight meters per second squared.,Nine point eight meters per second squared
59,10,259.082,1994.082,True,False,True,26.0,1988.334,1991.468,Nine point eight meters per second.,2.6139999999998054,pslc12-c3,c3,1735.0,0,1,"(-0.001, 3.0]",Nine point eight meters per second.,Nine point eight meters per second
59,11,282.886,2017.886,True,False,True,27.0,2012.038,2014.482,Nine point eight meters per second.,3.4039999999999964,pslc12-c3,c3,1735.0,0,1,"(3.0, 6.0]",Nine point eight meters per second.,Nine point eight meters per second
59,12,301.291,2036.291,True,False,True,28.0,2030.359,2033.357,Nineteen point six meters per second.,2.933999999999969,pslc12-c3,c3,1735.0,0,1,"(-0.001, 3.0]",Nineteen point six meters per second.,Nineteen point six meters per second
59,13,316.913,2051.913,True,False,True,29.0,2045.163,2046.475,They're the same.,5.438000000000102,pslc12-c3,c3,1735.0,0,1,"(3.0, 6.0]",They're the same.,They're the same
59,14,341.477,2076.477,False,True,True,30.0,2062.962,2072.877,Um. It's distance between relative to the points. Something about that.,3.599999999999909,pslc12-c3,c3,1735.0,1,0,"(3.0, 6.0]",Um. It's distance between relative to the points. Something about that.,Um It's distance between relative to the points Something about that
59,15,361.993,2096.993,True,False,True,31.0,2091.05,2092.612,They're the same.,4.380999999999858,pslc12-c3,c3,1735.0,0,1,"(3.0, 6.0]",They're the same.,They're the same
58,1,101.763,101.763,True,True,True,1.0,77.798,96.855,"Well, he's obviously motionless and he's standing <both are, uh> towards his face and both are <let>, um, to <drop> or actually he's with keys <drop>. They would stay the same because they're descending at the same rate.",4.908000000000016,pslc13-c1,c1,1536.0,1,1,"(3.0, 6.0]","Well, he's obviously motionless and he's standing <both are, uh> towards his face and both are <let>, um, to <drop> or actually he's with keys <drop>. They would stay the same because they're descending at the same rate.",Well he's obviously motionless and he's standing towards his face and both are um to or actually he's with keys They would stay the same because they're descending at the same rate
58,2,205.968,205.968,True,True,True,2.0,142.09,198.14,"Well <one that may want> is when he releases his keys is a <X> gravity, ah, which is nine point... er, yeah nine point eight meters per second squared. I should remember that. But, um, also air resistance are on the keys as well. On the man in particular, uh, his forces are related to the speed of the elevator so that would be vertically down. Um, the forces would be coming down upon him. Um. <spn> Let's see. <X>. To me, the biggest one's gravity right now.",7.828000000000003,pslc13-c1,c1,1536.0,1,1,"(6.0, 10.0]","Well <one that may want> is when he releases his keys is a <X> gravity, ah, which is nine point... er, yeah nine point eight meters per second squared. I should remember that. But, um, also air resistance are on the keys as well. On the man in particular, uh, his forces are related to the speed of the elevator so that would be vertically down. Um, the forces would be coming down upon him. Um. <spn> Let's see. <X>. To me, the biggest one's gravity right now.",Well is when he releases his keys is a gravity ah which is nine point er yeah nine point eight meters per second squared I should remember that But um also air resistance are on the keys as well On the man in particular uh his forces are related to the speed of the elevator so that would be vertically down Um the forces would be coming down upon him Um Let's see To me the biggest one's gravity right now
58,3,250.688,250.688,True,True,True,3.0,234.34,245.243,"The direction of the net force on the person is down because of gravity, so that's the only force that's acting on the man.",5.444999999999993,pslc13-c1,c1,1536.0,1,1,"(3.0, 6.0]","The direction of the net force on the person is down because of gravity, so that's the only force that's acting on the man.",The direction of the net force on the person is down because of gravity so that's the only force that's acting on the man
58,4,301.977,301.977,True,True,True,4.0,274.115,298.406,"Uh, I believe it will have, um, acceleration just because, uh, nine point eight meters per second squared is, um, is gravity. That's what gravity is for the acceleration. Um, so, once again, it would be accelerating downward even though you don't see him move. So, straight down.",3.570999999999969,pslc13-c1,c1,1536.0,1,1,"(3.0, 6.0]","Uh, I believe it will have, um, acceleration just because, uh, nine point eight meters per second squared is, um, is gravity. That's what gravity is for the acceleration. Um, so, once again, it would be accelerating downward even though you don't see him move. So, straight down.",Uh I believe it will have um acceleration just because uh nine point eight meters per second squared is um is gravity That's what gravity is for the acceleration Um so once again it would be accelerating downward even though you don't see him move So straight down
58,5,327.772,327.772,False,True,True,5.0,312.051,323.857,Um. <X>. I do not remember.,3.915000000000021,pslc13-c1,c1,1536.0,1,0,"(3.0, 6.0]",Um. <X>. I do not remember.,Um I do not remember
58,7,429.404,429.404,True,False,True,7.0,422.628,425.483,Nine point eight meters per second squared.,3.920999999999992,pslc13-c1,c1,1536.0,0,1,"(3.0, 6.0]",Nine point eight meters per second squared.,Nine point eight meters per second squared
58,8,482.178,482.178,True,True,True,8.0,444.384,481.096,"The biggest one is gravity once again when the man releases the keys. Uh, if gravity is of course going straight down, there might be some air resistance, which would, uh, the air resistance would be going straight up which would possibly slow the keys down <to a degree>. It all depends, since they're starting from rest. Um. Other forces. The mass of the keys. That... that's all. But mainly gravity, once again.",1.0819999999999936,pslc13-c1,c1,1536.0,1,1,"(-0.001, 3.0]","The biggest one is gravity once again when the man releases the keys. Uh, if gravity is of course going straight down, there might be some air resistance, which would, uh, the air resistance would be going straight up which would possibly slow the keys down <to a degree>. It all depends, since they're starting from rest. Um. Other forces. The mass of the keys. That... that's all. But mainly gravity, once again.",The biggest one is gravity once again when the man releases the keys Uh if gravity is of course going straight down there might be some air resistance which would uh the air resistance would be going straight up which would possibly slow the keys down It all depends since they're starting from rest Um Other forces The mass of the keys That that's all But mainly gravity once again
58,9,505.391,505.391,True,False,True,9.0,499.632,500.943,Straight down.,4.448000000000036,pslc13-c1,c1,1536.0,0,1,"(3.0, 6.0]",Straight down.,Straight down
58,10,530.988,530.988,True,False,True,10.0,523.7139999999999,525.096,Straight down.,5.892000000000053,pslc13-c1,c1,1536.0,0,1,"(3.0, 6.0]",Straight down.,Straight down
58,11,549.863,549.863,True,False,True,11.0,540.375,546.386,"Yes. It does have an acceleration and it goes, uh, straight down.",3.477000000000089,pslc13-c1,c1,1536.0,0,1,"(3.0, 6.0]","Yes. It does have an acceleration and it goes, uh, straight down.",Yes It does have an acceleration and it goes uh straight down
58,12,564.493,564.493,True,False,True,12.0,555.852,557.755,Nine point eight.,6.738000000000056,pslc13-c1,c1,1536.0,0,1,"(6.0, 10.0]",Nine point eight.,Nine point eight
58,13,603.751,603.751,False,True,True,13.0,598.352,599.654,I don't know.,4.09699999999998,pslc13-c1,c1,1536.0,1,0,"(3.0, 6.0]",I don't know.,I don't know
58,14,627.86,627.86,True,False,True,14.0,621.512,623.454,Nine point eight meters per second.,4.406000000000063,pslc13-c1,c1,1536.0,0,1,"(3.0, 6.0]",Nine point eight meters per second.,Nine point eight meters per second
58,15,649.45,649.45,True,False,True,15.0,641.472,645.968,"Nineteen point six, uh, meters per second.",3.4820000000000846,pslc13-c1,c1,1536.0,0,1,"(3.0, 6.0]","Nineteen point six, uh, meters per second.",Nineteen point six uh meters per second
58,16,678.171,678.171,True,True,True,16.0,666.711,672.891,"The man's, uh, they're the same because it... the velocity just doubles.",5.280000000000086,pslc13-c1,c1,1536.0,1,1,"(3.0, 6.0]","The man's, uh, they're the same because it... the velocity just doubles.",The man's uh they're the same because it the velocity just doubles
58,17,728.043,728.043,False,True,True,17.0,713.898,723.101,"The distance between, uh, point A and point B with no direction attached to it.",4.942000000000007,pslc13-c1,c1,1536.0,1,0,"(3.0, 6.0]","The distance between, uh, point A and point B with no direction attached to it.",The distance between uh point A and point B with no direction attached to it
58,18,801.239,801.239,False,True,True,18.0,754.537,795.527,"Um, the man only change in his position is when his hand, uh, drops the keys. So ""total change in position during the elapsed time."" I don't know much else.",5.711999999999989,pslc13-c1,c1,1536.0,1,0,"(3.0, 6.0]","Um, the man only change in his position is when his hand, uh, drops the keys. So ""total change in position during the elapsed time."" I don't know much else.",Um the man only change in his position is when his hand uh drops the keys So total change in position during the elapsed time I don't know much else
59,1,88.263,1624.263,True,False,True,20.0,1607.863,1619.107,"Since they're both, um, not in motion, they have the exact same velocity, um, when he's holding them, which is zero.",5.155999999999949,pslc13-c1,c1,1536.0,0,1,"(3.0, 6.0]","Since they're both, um, not in motion, they have the exact same velocity, um, when he's holding them, which is zero.",Since they're both um not in motion they have the exact same velocity um when he's holding them which is zero
59,2,126.504,1662.504,True,False,True,21.0,1655.866,1659.086,Gravity. Vertically down. Straight down.,3.4179999999998927,pslc13-c1,c1,1536.0,0,1,"(3.0, 6.0]",Gravity. Vertically down. Straight down.,Gravity Vertically down Straight down
59,3,145.725,1681.725,True,False,True,22.0,1676.164,1677.566,Straight down.,4.158999999999878,pslc13-c1,c1,1536.0,0,1,"(3.0, 6.0]",Straight down.,Straight down
59,4,163.035,1699.035,True,False,True,23.0,1692.002,1696.222,Yes. He has an acceleration and it goes straight down.,2.813000000000102,pslc13-c1,c1,1536.0,0,1,"(-0.001, 3.0]",Yes. He has an acceleration and it goes straight down.,Yes He has an acceleration and it goes straight down
59,5,174.808,1710.808,True,False,True,24.0,1705.336,1707.121,Nine point eight.,3.686999999999898,pslc13-c1,c1,1536.0,0,1,"(3.0, 6.0]",Nine point eight.,Nine point eight
59,6,196.077,1732.077,True,False,True,25.0,1725.828,1728.181,Gravity. Straight down.,3.895999999999958,pslc13-c1,c1,1536.0,0,1,"(3.0, 6.0]",Gravity. Straight down.,Gravity Straight down
59,7,213.69,1749.69,True,False,True,26.0,1745.741,1747.303,Straight down.,2.386999999999944,pslc13-c1,c1,1536.0,0,1,"(-0.001, 3.0]",Straight down.,Straight down
59,8,229.2,1765.2,True,False,True,27.0,1759.529,1760.972,Yes. Straight down.,4.2280000000000655,pslc13-c1,c1,1536.0,0,1,"(3.0, 6.0]",Yes. Straight down.,Yes Straight down
59,9,241.365,1777.365,True,False,True,28.0,1772.167,1774.263,Nine point eight.,3.102000000000089,pslc13-c1,c1,1536.0,0,1,"(3.0, 6.0]",Nine point eight.,Nine point eight
59,10,269.96,1805.96,True,False,True,29.0,1800.323,1803.258,Nine point eight meters per second.,2.701999999999998,pslc13-c1,c1,1536.0,0,1,"(-0.001, 3.0]",Nine point eight meters per second.,Nine point eight meters per second
59,11,297.308,1833.308,True,True,True,30.0,1824.997,1829.024,Uh. Nine point eight meters per second.,4.2840000000001055,pslc13-c1,c1,1536.0,1,1,"(3.0, 6.0]",Uh. Nine point eight meters per second.,Uh Nine point eight meters per second
59,12,316.953,1852.953,True,False,True,31.0,1845.924,1850.29,Nineteen point six meters per second.,2.663000000000011,pslc13-c1,c1,1536.0,0,1,"(-0.001, 3.0]",Nineteen point six meters per second.,Nineteen point six meters per second
59,13,334.566,1870.566,True,False,True,32.0,1863.069,1864.16,They're the same.,6.405999999999949,pslc13-c1,c1,1536.0,0,1,"(6.0, 10.0]",They're the same.,They're the same
59,14,366.168,1902.168,True,True,True,33.0,1880.462,1899.95,"Uh, displacement is the position in respect to, ah, how, uh... displacement is the position in respect to how, like, the change in time is. Eh.",2.2180000000000746,pslc13-c1,c1,1536.0,1,1,"(-0.001, 3.0]","Uh, displacement is the position in respect to, ah, how, uh... displacement is the position in respect to how, like, the change in time is. Eh.",Uh displacement is the position in respect to ah how uh displacement is the position in respect to how like the change in time is Eh
59,15,387.373,1923.373,True,False,True,34.0,1918.207,1919.438,They're the same.,3.9349999999999454,pslc13-c1,c1,1536.0,0,1,"(3.0, 6.0]",They're the same.,They're the same
58,1,73.573,73.573,False,True,True,1.0,50.726,66.239,"He's moving down while the keys are moving up. No, the keys... he'll be moving down faster than the keys moving down.",7.333999999999989,pslc16-c1,c1,1583.0,1,0,"(6.0, 10.0]","He's moving down while the keys are moving up. No, the keys... he'll be moving down faster than the keys moving down.",He's moving down while the keys are moving up No the keys he'll be moving down faster than the keys moving down
58,2,143.825,143.825,True,False,True,2.0,127.054,135.279,Air is going vertically up. Gravity is pulling him vertically down.,8.545999999999992,pslc16-c1,c1,1583.0,0,1,"(6.0, 10.0]",Air is going vertically up. Gravity is pulling him vertically down.,Air is going vertically up Gravity is pulling him vertically down
58,3,181.067,181.067,False,True,True,3.0,173.09300000000002,174.35399999999998,Vertically up??,6.713000000000022,pslc16-c1,c1,1583.0,1,0,"(6.0, 10.0]",Vertically up??,Vertically up
58,4,210.816,210.816,True,False,True,4.0,204.824,207.629,Yes. Vertically down. Straight down.,3.187000000000012,pslc16-c1,c1,1583.0,0,1,"(3.0, 6.0]",Yes. Vertically down. Straight down.,Yes Vertically down Straight down
58,5,252.214,252.214,False,True,True,5.0,247.001,248.493,I do not know.,3.721000000000004,pslc16-c1,c1,1583.0,1,0,"(3.0, 6.0]",I do not know.,I do not know
58,6,358.949,358.949,False,True,True,6.0,353.244,354.226,Zero??,4.723000000000013,pslc16-c1,c1,1583.0,1,0,"(3.0, 6.0]",Zero??,Zero
58,7,392.032,392.032,False,True,True,7.0,382.79,385.154,Weight equals mass times force??,6.877999999999986,pslc16-c1,c1,1583.0,1,0,"(6.0, 10.0]",Weight equals mass times force??,Weight equals mass times force
58,8,448.494,448.494,False,True,True,8.0,434.564,445.314,That everything continues to move until a force stops it?? Or moves it??,3.180000000000007,pslc16-c1,c1,1583.0,1,0,"(3.0, 6.0]",That everything continues to move until a force stops it?? Or moves it??,That everything continues to move until a force stops it Or moves it
58,9,496.847,496.847,True,False,True,9.0,490.445,492.509,Gravity is pulling him vertically down.,4.337999999999965,pslc16-c1,c1,1583.0,0,1,"(3.0, 6.0]",Gravity is pulling him vertically down.,Gravity is pulling him vertically down
58,10,515.125,515.125,True,False,True,10.0,508.946,510.318,Straight down.,4.807000000000016,pslc16-c1,c1,1583.0,0,1,"(3.0, 6.0]",Straight down.,Straight down
58,11,530.058,530.058,True,False,True,11.0,524.755,526.368,Yes. Straight down.,3.689999999999941,pslc16-c1,c1,1583.0,0,1,"(3.0, 6.0]",Yes. Straight down.,Yes Straight down
58,12,572.218,572.218,False,True,True,12.0,562.704,564.597,It's mass times gravity??,7.620999999999981,pslc16-c1,c1,1583.0,1,0,"(6.0, 10.0]",It's mass times gravity??,It's mass times gravity
58,13,591.399,591.399,False,True,True,13.0,583.4639999999999,584.366,It's weight??,7.033000000000016,pslc16-c1,c1,1583.0,1,0,"(6.0, 10.0]",It's weight??,It's weight
58,14,617.14,617.14,False,False,True,14.0,605.114,608.128,Mass times gravitational force.,9.011999999999944,pslc16-c1,c1,1583.0,0,0,"(6.0, 10.0]",Mass times gravitational force.,Mass times gravitational force
58,15,695.071,695.071,False,True,True,15.0,680.132,686.432,Where is the nine point eight meters coming from? There's no numbers in the problem.,8.63900000000001,pslc16-c1,c1,1583.0,1,0,"(6.0, 10.0]",Where is the nine point eight meters coming from? There's no numbers in the problem.,Where is the nine point eight meters coming from There's no numbers in the problem
58,16,749.19,749.19,False,True,True,16.0,743.499,744.791,The same??,4.399000000000001,pslc16-c1,c1,1583.0,1,0,"(3.0, 6.0]",The same??,The same
58,18,837.703,837.703,True,False,True,18.0,831.668,833.441,Twenty nine point four.,4.261999999999944,pslc16-c1,c1,1583.0,0,1,"(3.0, 6.0]",Twenty nine point four.,Twenty nine point four
58,19,853.653,853.653,True,False,True,19.0,847.029,849.663,They're the same cause they were free falling.,3.990000000000009,pslc16-c1,c1,1583.0,0,1,"(3.0, 6.0]",They're the same cause they were free falling.,They're the same cause they were free falling
58,20,882.144,882.144,False,True,True,20.0,872.982,876.277,The measure between two points in its direction??,5.866999999999962,pslc16-c1,c1,1583.0,1,0,"(3.0, 6.0]",The measure between two points in its direction??,The measure between two points in its direction
58,21,915.063,915.063,True,False,True,21.0,909.339,910.501,They're the same.,4.562000000000012,pslc16-c1,c1,1583.0,0,1,"(3.0, 6.0]",They're the same.,They're the same
59,1,81.385,1664.385,True,False,True,24.0,1657.989,1660.605,They're the same. Neither are moving.,3.7799999999999727,pslc16-c1,c1,1583.0,0,1,"(3.0, 6.0]",They're the same. Neither are moving.,They're the same Neither are moving
59,2,118.355,1701.355,True,False,True,25.0,1694.793,1698.224,Gravity is pulling him vertically down.,3.131000000000085,pslc16-c1,c1,1583.0,0,1,"(3.0, 6.0]",Gravity is pulling him vertically down.,Gravity is pulling him vertically down
59,3,160.805,1743.805,True,False,True,26.0,1738.051,1739.393,Straight down.,4.412000000000035,pslc16-c1,c1,1583.0,0,1,"(3.0, 6.0]",Straight down.,Straight down
59,4,180.025,1763.025,True,False,True,27.0,1757.61,1759.272,Yes. Down.,3.753000000000157,pslc16-c1,c1,1583.0,0,1,"(3.0, 6.0]",Yes. Down.,Yes Down
59,5,205.152,1788.152,False,True,True,28.0,1779.39,1781.232,M equals F times G.,6.920000000000073,pslc16-c1,c1,1583.0,1,0,"(6.0, 10.0]",M equals F times G.,M equals F times G
59,6,245.567,1828.567,False,True,True,29.0,1821.097,1822.068,Nine??,6.499000000000024,pslc16-c1,c1,1583.0,1,0,"(6.0, 10.0]",Nine??,Nine
59,7,264.867,1847.867,True,False,True,30.0,1842.478,1844.873,Weight equals M times G.,2.9939999999999145,pslc16-c1,c1,1583.0,0,1,"(-0.001, 3.0]",Weight equals M times G.,Weight equals M times G
58,1,56.901,56.901,True,True,True,0.0,51.582,52.713,They're equal??,4.188000000000002,pslc19-c1,c1,1098.0,1,1,"(3.0, 6.0]",They're equal??,They're equal
58,2,125.824,125.824,False,True,True,1.0,107.73,121.24,"Forces exerted on the man by... after he releases his keys would be the force of falling in the elevator, which was exerted before, and I believe that's it.",4.584000000000003,pslc19-c1,c1,1098.0,1,0,"(3.0, 6.0]","Forces exerted on the man by... after he releases his keys would be the force of falling in the elevator, which was exerted before, and I believe that's it.",Forces exerted on the man by after he releases his keys would be the force of falling in the elevator which was exerted before and I believe that's it
58,3,158.755,158.755,True,False,True,2.0,153.367,155.53,"Uh, the direction is straight down.",3.2249999999999943,pslc19-c1,c1,1098.0,0,1,"(3.0, 6.0]","Uh, the direction is straight down.",Uh the direction is straight down
58,4,174.024,174.024,True,False,True,3.0,168.51,170.803,"Uh, yes. A downward acceleration.",3.221000000000004,pslc19-c1,c1,1098.0,0,1,"(3.0, 6.0]","Uh, yes. A downward acceleration.",Uh yes A downward acceleration
58,5,192.605,192.605,False,True,True,4.0,180.2,185.139,"Uh, the acceleration due to gravity. Nine point eight meters per second??",7.46599999999998,pslc19-c1,c1,1098.0,1,0,"(6.0, 10.0]","Uh, the acceleration due to gravity. Nine point eight meters per second??",Uh the acceleration due to gravity Nine point eight meters per second
58,7,234.693,234.693,True,False,True,6.0,224.852,230.68,"Um, weight equals mass times gravitational constant.",4.013000000000005,pslc19-c1,c1,1098.0,0,1,"(3.0, 6.0]","Um, weight equals mass times gravitational constant.",Um weight equals mass times gravitational constant
58,9,310.122,310.122,True,False,True,8.0,304.328,306.982,"The force of gravity, which would be straight down.",3.1399999999999864,pslc19-c1,c1,1098.0,0,1,"(3.0, 6.0]","The force of gravity, which would be straight down.",The force of gravity which would be straight down
58,10,326.991,326.991,True,False,True,9.0,322.568,323.57,Straight down.,3.4209999999999923,pslc19-c1,c1,1098.0,0,1,"(3.0, 6.0]",Straight down.,Straight down
58,11,340.66,340.66,True,False,True,10.0,336.145,338.017,Yes. Straight down.,2.643000000000029,pslc19-c1,c1,1098.0,0,1,"(-0.001, 3.0]",Yes. Straight down.,Yes Straight down
58,12,355.826,355.826,True,False,True,11.0,348.333,352.388,Nine point eight meters per second squared.,3.438000000000045,pslc19-c1,c1,1098.0,0,1,"(3.0, 6.0]",Nine point eight meters per second squared.,Nine point eight meters per second squared
58,13,387.533,387.533,True,False,True,12.0,379.456,382.458,Nine point eight meters per second.,5.0750000000000455,pslc19-c1,c1,1098.0,0,1,"(3.0, 6.0]",Nine point eight meters per second.,Nine point eight meters per second
58,14,410.577,410.577,True,False,True,13.0,405.788,407.894,Nine point eight meters per second.,2.6829999999999927,pslc19-c1,c1,1098.0,0,1,"(-0.001, 3.0]",Nine point eight meters per second.,Nine point eight meters per second
58,15,429.118,429.118,True,False,True,14.0,424.211,426.794,Nineteen point six meters per second.,2.3240000000000123,pslc19-c1,c1,1098.0,0,1,"(-0.001, 3.0]",Nineteen point six meters per second.,Nineteen point six meters per second
58,16,442.98,442.98,True,False,True,15.0,437.99,439.413,They're equal.,3.567000000000008,pslc19-c1,c1,1098.0,0,1,"(3.0, 6.0]",They're equal.,They're equal
58,17,456.537,456.537,True,False,True,16.0,451.568,452.49,Yes.,4.046999999999969,pslc19-c1,c1,1098.0,0,1,"(3.0, 6.0]",Yes.,Yes
58,18,476.254,476.254,True,False,True,17.0,471.337,473.089,They're displacements are equal.,3.1650000000000205,pslc19-c1,c1,1098.0,0,1,"(3.0, 6.0]",They're displacements are equal.,They're displacements are equal
59,2,116.124,1214.124,True,False,True,18.0,1207.001,1211.257,"The force of gravity, which acts in the downward direction.",2.866999999999962,pslc19-c1,c1,1098.0,0,1,"(-0.001, 3.0]","The force of gravity, which acts in the downward direction.",The force of gravity which acts in the downward direction
59,3,134.289,1232.289,True,False,True,19.0,1227.486,1228.668,Straight down.,3.621000000000095,pslc19-c1,c1,1098.0,0,1,"(3.0, 6.0]",Straight down.,Straight down
59,4,149.711,1247.711,True,False,True,20.0,1242.024,1244.227,Yes. Straight down.,3.483999999999924,pslc19-c1,c1,1098.0,0,1,"(3.0, 6.0]",Yes. Straight down.,Yes Straight down
59,5,161.717,1259.717,True,False,True,21.0,1254.261,1257.526,Nine point eight meters per second squared.,2.191000000000031,pslc19-c1,c1,1098.0,0,1,"(-0.001, 3.0]",Nine point eight meters per second squared.,Nine point eight meters per second squared
59,6,182.417,1280.417,True,False,True,22.0,1274.532,1277.105,Gravity. Straight down.,3.311999999999898,pslc19-c1,c1,1098.0,0,1,"(3.0, 6.0]",Gravity. Straight down.,Gravity Straight down
59,7,199.943,1297.943,True,False,True,23.0,1293.291,1294.452,Straight down.,3.490999999999985,pslc19-c1,c1,1098.0,0,1,"(3.0, 6.0]",Straight down.,Straight down
59,8,215.414,1313.414,True,False,True,24.0,1307.781,1309.745,Yes. Straight down.,3.669000000000096,pslc19-c1,c1,1098.0,0,1,"(3.0, 6.0]",Yes. Straight down.,Yes Straight down
59,9,226.722,1324.722,True,False,True,25.0,1319.331,1322.225,Nine point eight meters per second squared.,2.497000000000071,pslc19-c1,c1,1098.0,0,1,"(-0.001, 3.0]",Nine point eight meters per second squared.,Nine point eight meters per second squared
59,10,254.39,1352.39,True,False,True,26.0,1347.032,1349.401,Nine point eight meters per second.,2.9889999999998054,pslc19-c1,c1,1098.0,0,1,"(-0.001, 3.0]",Nine point eight meters per second.,Nine point eight meters per second
59,11,278.17,1376.17,True,False,True,27.0,1370.459,1372.932,Nine point eight meters per second.,3.2380000000000564,pslc19-c1,c1,1098.0,0,1,"(3.0, 6.0]",Nine point eight meters per second.,Nine point eight meters per second
59,12,295.503,1393.503,True,False,True,28.0,1388.417,1391.122,Nineteen point six meters per second.,2.380999999999858,pslc19-c1,c1,1098.0,0,1,"(-0.001, 3.0]",Nineteen point six meters per second.,Nineteen point six meters per second
59,13,310.563,1408.563,True,False,True,29.0,1403.507,1404.569,They're equal.,3.994000000000142,pslc19-c1,c1,1098.0,0,1,"(3.0, 6.0]",They're equal.,They're equal
59,14,323.604,1421.604,True,False,True,30.0,1417.365,1417.936,Yes.,3.66800000000012,pslc19-c1,c1,1098.0,0,1,"(3.0, 6.0]",Yes.,Yes
59,15,343.12,1441.12,True,False,True,31.0,1436.622,1437.784,They're equal.,3.3359999999997854,pslc19-c1,c1,1098.0,0,1,"(3.0, 6.0]",They're equal.,They're equal
58,1,70.263,70.263,False,True,True,0.0,50.317,62.608,"Uh, he's falling at the rate of gravity?? Eh, but he can't go... fall faster than the elevator while the keys can fall?? Maybe.",7.655000000000008,pslc20-c2,c2,946.0,1,0,"(6.0, 10.0]","Uh, he's falling at the rate of gravity?? Eh, but he can't go... fall faster than the elevator while the keys can fall?? Maybe.",Uh he's falling at the rate of gravity Eh but he can't go fall faster than the elevator while the keys can fall Maybe
58,2,128.341,128.341,False,True,True,1.0,109.74,121.579,"Oh. Um, the man is falling with the elevator at the rate of gravity. But I guess the elevator would be pushing up against him. So, two forces.",6.762000000000015,pslc20-c2,c2,946.0,1,0,"(6.0, 10.0]","Oh. Um, the man is falling with the elevator at the rate of gravity. But I guess the elevator would be pushing up against him. So, two forces.",Oh Um the man is falling with the elevator at the rate of gravity But I guess the elevator would be pushing up against him So two forces
58,3,165.703,165.703,True,False,True,2.0,155.864,159.291,Oh. Down at the <some>... at gravity.,6.412000000000006,pslc20-c2,c2,946.0,0,1,"(6.0, 10.0]",Oh. Down at the <some>... at gravity.,Oh Down at the at gravity
58,4,182.787,182.787,True,False,True,3.0,174.752,178.368,"Uh, yes. He's moving down at the speed of gravity.",4.419000000000011,pslc20-c2,c2,946.0,0,1,"(3.0, 6.0]","Uh, yes. He's moving down at the speed of gravity.",Uh yes He's moving down at the speed of gravity
58,5,196.737,196.737,False,True,True,4.0,189.713,191.425,Uh what+whatever gravity is.,5.311999999999983,pslc20-c2,c2,946.0,1,0,"(3.0, 6.0]",Uh what+whatever gravity is.,Uh what whatever gravity is
58,6,213.214,213.214,False,True,True,5.0,207.922,209.024,No idea.,4.189999999999998,pslc20-c2,c2,946.0,1,0,"(3.0, 6.0]",No idea.,No idea
58,7,236.506,236.506,False,True,True,6.0,231.222,232.554,No idea.,3.951999999999998,pslc20-c2,c2,946.0,1,0,"(3.0, 6.0]",No idea.,No idea
58,8,264.479,264.479,False,True,True,7.0,252.617,259.564,"Ah, I think it might be the one where things keep on moving until force acts on them to get them to stop moving.",4.914999999999964,pslc20-c2,c2,946.0,1,0,"(3.0, 6.0]","Ah, I think it might be the one where things keep on moving until force acts on them to get them to stop moving.",Ah I think it might be the one where things keep on moving until force acts on them to get them to stop moving
58,10,330.835,330.835,True,False,True,9.0,325.579,326.23,Down.,4.604999999999961,pslc20-c2,c2,946.0,0,1,"(3.0, 6.0]",Down.,Down
58,11,352.334,352.334,True,False,True,10.0,339.613,347.593,"Uh, acceleration would be gravity, which is nine point eight meters, oh, er, ah, I think it's seconds over seconds squared. Down.",4.7409999999999854,pslc20-c2,c2,946.0,0,1,"(3.0, 6.0]","Uh, acceleration would be gravity, which is nine point eight meters, oh, er, ah, I think it's seconds over seconds squared. Down.",Uh acceleration would be gravity which is nine point eight meters oh er ah I think it's seconds over seconds squared Down
58,12,365.749,365.749,True,False,True,11.0,358.568,361.624,Nine point eight meters per second squared.,4.125,pslc20-c2,c2,946.0,0,1,"(3.0, 6.0]",Nine point eight meters per second squared.,Nine point eight meters per second squared
58,13,397.951,397.951,False,True,True,12.0,389.443,394.57,"Uh, maybe the square root of nine point eight?? Whatever that would be??",3.3810000000000286,pslc20-c2,c2,946.0,1,0,"(3.0, 6.0]","Uh, maybe the square root of nine point eight?? Whatever that would be??",Uh maybe the square root of nine point eight Whatever that would be
58,14,423.17,423.17,True,False,True,13.0,415.333,416.665,Nine point eight.,6.504999999999996,pslc20-c2,c2,946.0,0,1,"(6.0, 10.0]",Nine point eight.,Nine point eight
58,15,443.503,443.503,True,True,True,14.0,436.372,438.285,Nineteen point six.,5.217999999999961,pslc20-c2,c2,946.0,1,1,"(3.0, 6.0]",Nineteen point six.,Nineteen point six
58,16,460.516,460.516,True,True,True,15.0,454.626,455.898,The same.,4.617999999999995,pslc20-c2,c2,946.0,1,1,"(3.0, 6.0]",The same.,The same
58,17,474.41,474.41,False,True,True,16.0,469.303,470.085,No.,4.3250000000000455,pslc20-c2,c2,946.0,1,0,"(3.0, 6.0]",No.,No
58,18,498.886,498.886,True,True,True,17.0,492.794,494.446,The same. Equal.,4.439999999999998,pslc20-c2,c2,946.0,1,1,"(3.0, 6.0]",The same. Equal.,The same Equal
59,2,115.09,1061.09,True,False,True,19.0,1054.681,1056.795,Gravity. Down.,4.294999999999845,pslc20-c2,c2,946.0,0,1,"(3.0, 6.0]",Gravity. Down.,Gravity Down
59,3,134.237,1080.237,True,False,True,20.0,1074.641,1075.542,Down.,4.695000000000164,pslc20-c2,c2,946.0,0,1,"(3.0, 6.0]",Down.,Down
59,4,152.857,1098.857,True,False,True,21.0,1089.145,1094.292,Yes. They're nine point eight meters per second. Down.,4.565000000000055,pslc20-c2,c2,946.0,0,1,"(3.0, 6.0]",Yes. They're nine point eight meters per second. Down.,Yes They're nine point eight meters per second Down
59,5,167.911,1113.911,False,False,True,22.0,1104.69,1107.203,Nine point eight meters per second.,6.708000000000084,pslc20-c2,c2,946.0,0,0,"(6.0, 10.0]",Nine point eight meters per second.,Nine point eight meters per second
59,6,186.747,1132.747,False,False,True,23.0,1124.28,1131.18,Nine point eight meters per second squared.,1.5670000000000073,pslc20-c2,c2,946.0,0,0,"(-0.001, 3.0]",Nine point eight meters per second squared.,Nine point eight meters per second squared
59,7,209.984,1155.984,True,False,True,24.0,1147.986,1151.851,Weight equals mass times gravity.,4.132999999999811,pslc20-c2,c2,946.0,0,1,"(3.0, 6.0]",Weight equals mass times gravity.,Weight equals mass times gravity
59,8,229.821,1175.821,False,True,True,25.0,1170.469,1171.41,Don't know.,4.410999999999831,pslc20-c2,c2,946.0,1,0,"(3.0, 6.0]",Don't know.,Don't know
59,9,278.732,1224.732,True,True,True,26.0,1217.3,1219.403,Gravity. Down.,5.328999999999951,pslc20-c2,c2,946.0,1,1,"(3.0, 6.0]",Gravity. Down.,Gravity Down
59,10,298.281,1244.281,True,False,True,27.0,1238.897,1239.948,Down.,4.332999999999856,pslc20-c2,c2,946.0,0,1,"(3.0, 6.0]",Down.,Down
59,11,317.878,1263.878,True,False,True,28.0,1253.263,1260.071,"Uh, <E S>. Nine point. Oh. Down.",3.807000000000016,pslc20-c2,c2,946.0,0,1,"(3.0, 6.0]","Uh, <E S>. Nine point. Oh. Down.",Uh Nine point Oh Down
59,13,358.031,1304.031,False,False,True,30.0,1295.456,1297.869,Nine point eight meters per <nspn> second.,6.162000000000035,pslc20-c2,c2,946.0,0,0,"(6.0, 10.0]",Nine point eight meters per <nspn> second.,Nine point eight meters per second
59,14,380.996,1326.996,True,True,True,31.0,1319.096,1322.24,Weight equals mass times gravity.,4.7560000000000855,pslc20-c2,c2,946.0,1,1,"(3.0, 6.0]",Weight equals mass times gravity.,Weight equals mass times gravity
59,15,433.868,1379.868,False,True,True,32.0,1371.621,1373.995,Nine point eight meters.,5.873000000000047,pslc20-c2,c2,946.0,1,0,"(3.0, 6.0]",Nine point eight meters.,Nine point eight meters
59,16,459.112,1405.112,True,False,True,33.0,1397.602,1399.125,Nine point eight.,5.98700000000008,pslc20-c2,c2,946.0,0,1,"(3.0, 6.0]",Nine point eight.,Nine point eight
59,17,478.269,1424.269,True,True,True,34.0,1417.375,1419.778,Nineteen point six.,4.4909999999999854,pslc20-c2,c2,946.0,1,1,"(3.0, 6.0]",Nineteen point six.,Nineteen point six
59,18,493.514,1439.514,True,False,True,35.0,1434.033,1435.194,The same.,4.320000000000164,pslc20-c2,c2,946.0,0,1,"(3.0, 6.0]",The same.,The same
59,19,509.4,1455.4,True,False,True,36.0,1449.011,1450.022,Yes.,5.378000000000156,pslc20-c2,c2,946.0,0,1,"(3.0, 6.0]",Yes.,Yes
59,20,530.381,1476.381,True,False,True,37.0,1471.05,1472.102,The same.,4.278999999999769,pslc20-c2,c2,946.0,0,1,"(3.0, 6.0]",The same.,The same
58,1,75.903,75.903,True,True,True,1.0,63.07,67.806,They'd be the same <then>. They're motionless.,8.097000000000008,pslc21-c3,c3,1557.0,1,1,"(6.0, 10.0]",They'd be the same <then>. They're motionless.,They'd be the same They're motionless
58,4,186.587,186.587,True,True,True,4.0,171.22899999999998,179.424,"It's free falling, so acceleration would increase. Down.",7.162999999999983,pslc21-c3,c3,1557.0,1,1,"(6.0, 10.0]","It's free falling, so acceleration would increase. Down.",It's free falling so acceleration would increase Down
58,5,215.158,215.158,False,True,True,5.0,201.527,207.163,It would be constantly increasing. Numerical value??,7.994999999999976,pslc21-c3,c3,1557.0,1,0,"(6.0, 10.0]",It would be constantly increasing. Numerical value??,It would be constantly increasing Numerical value
58,7,304.959,304.959,True,False,True,6.0,297.035,300.61,The weight equals M times G.,4.3489999999999895,pslc21-c3,c3,1557.0,0,1,"(3.0, 6.0]",The weight equals M times G.,The weight equals M times G
58,8,329.588,329.588,False,True,True,7.0,318.519,324.355,The acceleration is based upon how much force is exerted upon it.,5.233000000000004,pslc21-c3,c3,1557.0,1,0,"(3.0, 6.0]",The acceleration is based upon how much force is exerted upon it.,The acceleration is based upon how much force is exerted upon it
58,9,382.714,382.714,True,True,True,8.0,371.174,378.24,The keys are falling vertically down because of gravitational forces.,4.4739999999999895,pslc21-c3,c3,1557.0,1,1,"(3.0, 6.0]",The keys are falling vertically down because of gravitational forces.,The keys are falling vertically down because of gravitational forces
58,10,406.958,406.958,True,False,True,9.0,398.771,403.437,<spn> Down. Because they're falling.,3.521000000000015,pslc21-c3,c3,1557.0,0,1,"(3.0, 6.0]",<spn> Down. Because they're falling.,Down Because they're falling
58,11,425.827,425.827,True,False,True,10.0,416.282,421.682,They have an increasing acceleration towar+down.,4.144999999999982,pslc21-c3,c3,1557.0,0,1,"(3.0, 6.0]",They have an increasing acceleration towar+down.,They have an increasing acceleration towar down
58,12,466.852,466.852,False,True,True,11.0,432.72,461.081,Um. It would be l+the acceleration would be greater than the man's.,5.770999999999958,pslc21-c3,c3,1557.0,1,0,"(3.0, 6.0]",Um. It would be l+the acceleration would be greater than the man's.,Um It would be l the acceleration would be greater than the man's
58,14,544.943,544.943,True,False,True,13.0,537.222,540.21,Weight equals M times G.,4.732999999999947,pslc21-c3,c3,1557.0,0,1,"(3.0, 6.0]",Weight equals M times G.,Weight equals M times G
58,16,665.939,665.939,True,True,True,15.0,648.281,659.671,"Zero. Varies by... so, a second later, nine point eight.",6.267999999999915,pslc21-c3,c3,1557.0,1,1,"(6.0, 10.0]","Zero. Varies by... so, a second later, nine point eight.",Zero Varies by so a second later nine point eight
58,17,698.47,698.47,True,True,True,16.0,679.046,693.93,So it would be nineteen point six??,4.540000000000077,pslc21-c3,c3,1557.0,1,1,"(3.0, 6.0]",So it would be nineteen point six??,So it would be nineteen point six
58,18,713.915,713.915,True,False,True,17.0,707.758,709.33,They're the same.,4.584999999999923,pslc21-c3,c3,1557.0,0,1,"(3.0, 6.0]",They're the same.,They're the same
58,19,754.843,754.843,False,True,True,18.0,744.227,750.07,"It's when the velocity changes. When, you know, the velocity changes??",4.772999999999911,pslc21-c3,c3,1557.0,1,0,"(3.0, 6.0]","It's when the velocity changes. When, you know, the velocity changes??",It's when the velocity changes When you know the velocity changes
58,20,806.012,806.012,False,True,True,19.0,773.177,798.61,The keys fall. The man's displacement <X>. His keys will fall displacing the keys. So he <nspn> would stay and the keys would fall.,7.40199999999993,pslc21-c3,c3,1557.0,1,0,"(6.0, 10.0]",The keys fall. The man's displacement <X>. His keys will fall displacing the keys. So he <nspn> would stay and the keys would fall.,The keys fall The man's displacement His keys will fall displacing the keys So he would stay and the keys would fall
59,1,76.716,1633.716,True,False,True,21.0,1626.887,1628.129,They are the same.,5.586999999999989,pslc21-c3,c3,1557.0,0,1,"(3.0, 6.0]",They are the same.,They are the same
59,2,119.349,1676.349,True,False,True,22.0,1664.986,1672.332,Gravitational forces are exerted upon the professor and he would be falling vertically down.,4.016999999999825,pslc21-c3,c3,1557.0,0,1,"(3.0, 6.0]",Gravitational forces are exerted upon the professor and he would be falling vertically down.,Gravitational forces are exerted upon the professor and he would be falling vertically down
59,3,137.283,1694.283,True,False,True,23.0,1688.814,1690.076,Down.,4.20699999999988,pslc21-c3,c3,1557.0,0,1,"(3.0, 6.0]",Down.,Down
59,4,154.663,1711.663,True,False,True,24.0,1702.755,1710.096,Yes. The professor does have an acceleration. He's accelerating down at an increasing speed.,1.5670000000000073,pslc21-c3,c3,1557.0,0,1,"(-0.001, 3.0]",Yes. The professor does have an acceleration. He's accelerating down at an increasing speed.,Yes The professor does have an acceleration He's accelerating down at an increasing speed
59,5,169.095,1726.095,True,True,True,25.0,1718.742,1721.856,Nine point eight meters per second squared??,4.239000000000033,pslc21-c3,c3,1557.0,1,1,"(3.0, 6.0]",Nine point eight meters per second squared??,Nine point eight meters per second squared
59,6,193.498,1750.498,True,False,True,26.0,1740.104,1746.897,The spectacles are falling down because of gravitational forces. They're vertically down.,3.6010000000001128,pslc21-c3,c3,1557.0,0,1,"(3.0, 6.0]",The spectacles are falling down because of gravitational forces. They're vertically down.,The spectacles are falling down because of gravitational forces They're vertically down
59,7,217.533,1774.533,True,True,True,27.0,1763.812,1769.871,The net force is pushing the spectacles down.,4.661999999999807,pslc21-c3,c3,1557.0,1,1,"(3.0, 6.0]",The net force is pushing the spectacles down.,The net force is pushing the spectacles down
59,8,237.093,1794.093,True,True,True,28.0,1783.558,1788.354,The spectacles are accelerating down.,5.739000000000033,pslc21-c3,c3,1557.0,1,1,"(3.0, 6.0]",The spectacles are accelerating down.,The spectacles are accelerating down
59,9,252.745,1809.745,True,False,True,29.0,1800.192,1804.548,Nine meters per second squared. Nine point eight meters per second squared.,5.196999999999889,pslc21-c3,c3,1557.0,0,1,"(3.0, 6.0]",Nine meters per second squared. Nine point eight meters per second squared.,Nine meters per second squared Nine point eight meters per second squared
59,10,285.705,1842.705,False,True,True,30.0,1831.797,1836.323,Nine point eight meters per second squared.,6.3819999999998345,pslc21-c3,c3,1557.0,1,0,"(6.0, 10.0]",Nine point eight meters per second squared.,Nine point eight meters per second squared
59,11,310.519,1867.519,True,False,True,31.0,1859.582,1861.765,Nine point eight meters per second.,5.753999999999905,pslc21-c3,c3,1557.0,0,1,"(3.0, 6.0]",Nine point eight meters per second.,Nine point eight meters per second
59,13,381.747,1938.747,True,False,True,33.0,1931.316,1934.463,Twenty nine point four meters per second.,4.2840000000001055,pslc21-c3,c3,1557.0,0,1,"(3.0, 6.0]",Twenty nine point four meters per second.,Twenty nine point four meters per second
59,14,399.247,1956.247,True,False,True,34.0,1948.392,1952.752,The velocities are the same. They're both falling at the same acceleration.,3.4950000000001182,pslc21-c3,c3,1557.0,0,1,"(3.0, 6.0]",The velocities are the same. They're both falling at the same acceleration.,The velocities are the same They're both falling at the same acceleration
59,15,421.932,1978.932,False,True,True,35.0,1965.248,1970.973,It's when one of the obv+objects changes its position.,7.95900000000006,pslc21-c3,c3,1557.0,1,0,"(6.0, 10.0]",It's when one of the obv+objects changes its position.,It's when one of the obv objects changes its position
59,16,446.703,2003.703,True,False,True,36.0,1994.319,1999.016,The professor's displacement is the same as the spectacles.,4.686999999999898,pslc21-c3,c3,1557.0,0,1,"(3.0, 6.0]",The professor's displacement is the same as the spectacles.,The professor's displacement is the same as the spectacles
58,1,68.425,68.425,False,True,True,0.0,53.403,61.569,Um. He's falling faster??,6.8559999999999945,pslc22-c1,c1,1425.0,1,0,"(6.0, 10.0]",Um. He's falling faster??,Um He's falling faster
58,3,166.857,166.857,False,True,True,2.0,158.614,159.966,Vertically up.,6.890999999999991,pslc22-c1,c1,1425.0,1,0,"(6.0, 10.0]",Vertically up.,Vertically up
58,4,209.513,209.513,False,True,True,3.0,191.309,203.97,Yes. Vertically down... or up. Vertically up.,5.543000000000006,pslc22-c1,c1,1425.0,1,0,"(3.0, 6.0]",Yes. Vertically down... or up. Vertically up.,Yes Vertically down or up Vertically up
58,5,242.9,242.9,False,False,True,4.0,220.631,236.058,Um. A acceleration is directly proportional to the net force and indirectly proportional to mass.,6.842000000000013,pslc22-c1,c1,1425.0,0,0,"(6.0, 10.0]",Um. A acceleration is directly proportional to the net force and indirectly proportional to mass.,Um A acceleration is directly proportional to the net force and indirectly proportional to mass
58,6,305.251,305.251,False,True,True,5.0,293.817,301.242,The... the force equals his mass times his acceleration??,4.008999999999958,pslc22-c1,c1,1425.0,1,0,"(3.0, 6.0]",The... the force equals his mass times his acceleration??,The the force equals his mass times his acceleration
58,7,342.829,342.829,False,True,True,6.0,337.879,338.86,Zero??,3.968999999999994,pslc22-c1,c1,1425.0,1,0,"(3.0, 6.0]",Zero??,Zero
58,8,362.329,362.329,False,True,True,7.0,357.185,359.605,I don't know. Zero??,2.723999999999989,pslc22-c1,c1,1425.0,1,0,"(-0.001, 3.0]",I don't know. Zero??,I don't know Zero
58,10,417.432,417.432,True,False,True,9.0,408.673,415.128,F equals M times A. Mass times acceleration equals force.,2.3040000000000305,pslc22-c1,c1,1425.0,0,1,"(-0.001, 3.0]",F equals M times A. Mass times acceleration equals force.,F equals M times A Mass times acceleration equals force
58,11,459.401,459.401,True,False,True,10.0,452.474,456.51,Gravity vertically down.,2.89100000000002,pslc22-c1,c1,1425.0,0,1,"(-0.001, 3.0]",Gravity vertically down.,Gravity vertically down
58,12,478.766,478.766,True,False,True,11.0,474.165,476.168,Vertically down.,2.598000000000013,pslc22-c1,c1,1425.0,0,1,"(-0.001, 3.0]",Vertically down.,Vertically down
58,13,499.515,499.515,False,True,True,12.0,489.513,493.749,Yes. Vertically up??,5.765999999999963,pslc22-c1,c1,1425.0,1,0,"(3.0, 6.0]",Yes. Vertically up??,Yes Vertically up
58,14,518.862,518.862,False,False,True,13.0,513.407,516.311,F equals M times A.,2.550999999999931,pslc22-c1,c1,1425.0,0,0,"(-0.001, 3.0]",F equals M times A.,F equals M times A
58,15,547.579,547.579,True,False,True,14.0,540.598,541.64,No.,5.9389999999999645,pslc22-c1,c1,1425.0,0,1,"(3.0, 6.0]",No.,No
58,16,561.231,561.231,False,False,True,15.0,556.01,556.821,Up.,4.409999999999968,pslc22-c1,c1,1425.0,0,0,"(3.0, 6.0]",Up.,Up
58,17,593.253,593.253,True,False,True,16.0,583.451,589.515,Nine point eight M divided by S squared.,3.738000000000056,pslc22-c1,c1,1425.0,0,1,"(3.0, 6.0]",Nine point eight M divided by S squared.,Nine point eight M divided by S squared
58,18,629.381,629.381,False,True,True,17.0,620.528,624.627,Nine point eight M divided by S squared??,4.754000000000019,pslc22-c1,c1,1425.0,1,0,"(3.0, 6.0]",Nine point eight M divided by S squared??,Nine point eight M divided by S squared
58,19,655.433,655.433,False,True,True,18.0,649.528,650.9,One??,4.533000000000016,pslc22-c1,c1,1425.0,1,0,"(3.0, 6.0]",One??,One
58,20,698.386,698.386,False,True,True,19.0,684.679,695.043,Nine point eight meters per second cubed. Or to the fourth.,3.342999999999961,pslc22-c1,c1,1425.0,1,0,"(3.0, 6.0]",Nine point eight meters per second cubed. Or to the fourth.,Nine point eight meters per second cubed Or to the fourth
58,21,738.515,738.515,False,True,True,20.0,730.301,735.208,Thirty nine point two meters per second.,3.3070000000000164,pslc22-c1,c1,1425.0,1,0,"(3.0, 6.0]",Thirty nine point two meters per second.,Thirty nine point two meters per second
58,22,762.088,762.088,True,False,True,21.0,757.017,758.308,They're the same.,3.7799999999999727,pslc22-c1,c1,1425.0,0,1,"(3.0, 6.0]",They're the same.,They're the same
58,23,780.947,780.947,False,False,True,22.0,770.564,780.727,<nspn> It is the straight line from one place to another. In a straight line direction. The distance between those two.,0.2200000000000272,pslc22-c1,c1,1425.0,0,0,"(-0.001, 3.0]",<nspn> It is the straight line from one place to another. In a straight line direction. The distance between those two.,It is the straight line from one place to another In a straight line direction The distance between those two
58,24,804.2,804.2,True,False,True,23.0,798.153,799.775,They're the same.,4.425000000000068,pslc22-c1,c1,1425.0,0,1,"(3.0, 6.0]",They're the same.,They're the same
59,1,75.783,1500.783,True,False,True,24.0,1496.314,1497.876,They are the same.,2.9069999999999254,pslc22-c1,c1,1425.0,0,1,"(-0.001, 3.0]",They are the same.,They are the same
59,2,111.441,1536.441,True,False,True,25.0,1531.309,1533.664,Gravity straight down.,2.777000000000044,pslc22-c1,c1,1425.0,0,1,"(-0.001, 3.0]",Gravity straight down.,Gravity straight down
59,3,129.67,1554.67,True,False,True,26.0,1550.688,1551.709,Straight down.,2.9610000000000127,pslc22-c1,c1,1425.0,0,1,"(-0.001, 3.0]",Straight down.,Straight down
59,4,145.164,1570.164,True,False,True,27.0,1565.206,1567.75,Yes. Straight down.,2.413999999999988,pslc22-c1,c1,1425.0,0,1,"(-0.001, 3.0]",Yes. Straight down.,Yes Straight down
59,5,158.186,1583.186,True,False,True,28.0,1577.222,1580.778,Nine point eight meters per second squared.,2.4079999999999018,pslc22-c1,c1,1425.0,0,1,"(-0.001, 3.0]",Nine point eight meters per second squared.,Nine point eight meters per second squared
59,6,178.302,1603.302,True,False,True,29.0,1597.976,1600.483,Gravity. Straight down.,2.81899999999996,pslc22-c1,c1,1425.0,0,1,"(-0.001, 3.0]",Gravity. Straight down.,Gravity Straight down
59,7,195.228,1620.228,True,False,True,30.0,1616.378,1617.769,Straight down.,2.45900000000006,pslc22-c1,c1,1425.0,0,1,"(-0.001, 3.0]",Straight down.,Straight down
59,8,210.201,1635.201,True,False,True,31.0,1630.169,1632.352,Yes. Straight down.,2.8489999999999327,pslc22-c1,c1,1425.0,0,1,"(-0.001, 3.0]",Yes. Straight down.,Yes Straight down
59,9,222.191,1647.191,True,False,True,32.0,1642.178,1646.91,Nine point eight meters per second squared. <spk> Squared.,0.280999999999949,pslc22-c1,c1,1425.0,0,1,"(-0.001, 3.0]",Nine point eight meters per second squared. <spk> Squared.,Nine point eight meters per second squared Squared
59,10,250.739,1675.739,True,False,True,33.0,1671.147,1673.439,Nine point eight meters per second.,2.2999999999999545,pslc22-c1,c1,1425.0,0,1,"(-0.001, 3.0]",Nine point eight meters per second.,Nine point eight meters per second
59,11,274.543,1699.543,True,False,True,34.0,1694.598,1696.961,Nine point eight meters per second.,2.582000000000108,pslc22-c1,c1,1425.0,0,1,"(-0.001, 3.0]",Nine point eight meters per second.,Nine point eight meters per second
59,12,292.54,1717.54,True,True,True,35.0,1712.458,1716.137,Nineteen point six meters per second.,1.40300000000002,pslc22-c1,c1,1425.0,1,1,"(-0.001, 3.0]",Nineteen point six meters per second.,Nineteen point six meters per second
59,13,306.929,1731.929,True,False,True,36.0,1728.352,1729.673,They're the same.,2.256000000000085,pslc22-c1,c1,1425.0,0,1,"(-0.001, 3.0]",They're the same.,They're the same
59,15,347.562,1772.562,True,False,True,38.0,1768.316,1769.868,They are the same.,2.69399999999996,pslc22-c1,c1,1425.0,0,1,"(-0.001, 3.0]",They are the same.,They are the same
58,1,84.749,84.749,True,True,True,0.0,75.185,77.959,They are falling at the same rate.,6.789999999999992,pslc23-c2,c2,1468.0,1,1,"(6.0, 10.0]",They are falling at the same rate.,They are falling at the same rate
58,2,176.053,176.053,False,True,True,1.0,145.261,166.43200000000002,"The man is moving vertically down along with his keys after he lets go of them. They are moving at the same rate, so the keys stay at his level without falling to the floor of the elevator.",9.62099999999998,pslc23-c2,c2,1468.0,1,0,"(6.0, 10.0]","The man is moving vertically down along with his keys after he lets go of them. They are moving at the same rate, so the keys stay at his level without falling to the floor of the elevator.",The man is moving vertically down along with his keys after he lets go of them They are moving at the same rate so the keys stay at his level without falling to the floor of the elevator
58,3,211.391,211.391,True,False,True,2.0,204.818,207.963,Down. Towards Earth.,3.4279999999999973,pslc23-c2,c2,1468.0,0,1,"(3.0, 6.0]",Down. Towards Earth.,Down Towards Earth
58,4,236.741,236.741,True,False,True,3.0,226.315,233.184,"Yes. The person is accelerating towards Earth, which would be in the down direction.",3.5570000000000164,pslc23-c2,c2,1468.0,0,1,"(3.0, 6.0]","Yes. The person is accelerating towards Earth, which would be in the down direction.",Yes The person is accelerating towards Earth which would be in the down direction
58,5,251.409,251.409,False,False,True,4.0,243.457,245.721,Nine point eight meters per second.,5.687999999999988,pslc23-c2,c2,1468.0,0,0,"(3.0, 6.0]",Nine point eight meters per second.,Nine point eight meters per second
58,6,271.141,271.141,False,False,True,5.0,262.992,266.127,Nine point eight meters per second.,5.01400000000001,pslc23-c2,c2,1468.0,0,0,"(3.0, 6.0]",Nine point eight meters per second.,Nine point eight meters per second
58,7,325.012,325.012,False,True,True,6.0,300.56,315.647,"Acceleration equals mass over... um, er.",9.365000000000007,pslc23-c2,c2,1468.0,1,0,"(6.0, 10.0]","Acceleration equals mass over... um, er.",Acceleration equals mass over um er
58,8,351.624,351.624,False,True,True,7.0,344.353,347.487,Force is required to move an object.,4.1370000000000005,pslc23-c2,c2,1468.0,1,0,"(3.0, 6.0]",Force is required to move an object.,Force is required to move an object
58,10,422.165,422.165,True,False,True,9.0,416.622,418.835,Vertically down towards Earth.,3.330000000000041,pslc23-c2,c2,1468.0,0,1,"(3.0, 6.0]",Vertically down towards Earth.,Vertically down towards Earth
58,11,461.19,461.19,True,False,True,10.0,449.306,456.745,Yes. The keys have an acceleration of nine point eight meters a second per second squared down.,4.444999999999993,pslc23-c2,c2,1468.0,0,1,"(3.0, 6.0]",Yes. The keys have an acceleration of nine point eight meters a second per second squared down.,Yes The keys have an acceleration of nine point eight meters a second per second squared down
58,12,475.179,475.179,True,False,True,11.0,467.652,470.84,Nine point eight meters per second squared.,4.338999999999942,pslc23-c2,c2,1468.0,0,1,"(3.0, 6.0]",Nine point eight meters per second squared.,Nine point eight meters per second squared
58,13,518.053,518.053,False,True,True,12.0,510.613,515.534,Nine point eight meters. Down.,2.519000000000005,pslc23-c2,c2,1468.0,1,0,"(-0.001, 3.0]",Nine point eight meters. Down.,Nine point eight meters Down
58,14,547.248,547.248,True,True,True,13.0,539.864,541.749,Nine point eight meters a second.,5.499000000000024,pslc23-c2,c2,1468.0,1,1,"(3.0, 6.0]",Nine point eight meters a second.,Nine point eight meters a second
58,15,603.145,603.145,True,True,True,14.0,586.943,599.319,Mmm. Nineteen point six meters a second??,3.826000000000022,pslc23-c2,c2,1468.0,1,1,"(3.0, 6.0]",Mmm. Nineteen point six meters a second??,Mmm Nineteen point six meters a second
58,16,633.642,633.642,False,True,True,15.0,623.259,627.034,They are both accelerating at the same rate.,6.608000000000061,pslc23-c2,c2,1468.0,1,0,"(6.0, 10.0]",They are both accelerating at the same rate.,They are both accelerating at the same rate
58,18,714.556,714.556,True,False,True,17.0,706.231,709.015,They both have the eq+an equal displacement.,5.541000000000054,pslc23-c2,c2,1468.0,0,1,"(3.0, 6.0]",They both have the eq+an equal displacement.,They both have the eq an equal displacement
59,1,81.175,1549.175,True,False,True,18.0,1540.598,1543.994,They are both moving at the same velocity since he is holding them. <nspn>,5.18100000000004,pslc23-c2,c2,1468.0,0,1,"(3.0, 6.0]",They are both moving at the same velocity since he is holding them. <nspn>,They are both moving at the same velocity since he is holding them
59,3,150.436,1618.436,True,True,True,20.0,1611.8,1613.783,Vertically down.,4.65300000000002,pslc23-c2,c2,1468.0,1,1,"(3.0, 6.0]",Vertically down.,Vertically down
59,4,172.551,1640.551,True,False,True,21.0,1633.102,1636.147,The professor is accelerating down.,4.403999999999996,pslc23-c2,c2,1468.0,0,1,"(3.0, 6.0]",The professor is accelerating down.,The professor is accelerating down
59,5,188.364,1656.364,True,False,True,22.0,1647.163,1652.786,The professor is accelerating at nine point meters a second squared down.,3.5779999999999745,pslc23-c2,c2,1468.0,0,1,"(3.0, 6.0]",The professor is accelerating at nine point meters a second squared down.,The professor is accelerating at nine point meters a second squared down
59,6,218.8,1686.8,True,False,True,23.0,1671.926,1677.844,"Gravity is being exert+exerted on the spectacles, forcing them vertically down.",8.955999999999904,pslc23-c2,c2,1468.0,0,1,"(6.0, 10.0]","Gravity is being exert+exerted on the spectacles, forcing them vertically down.",Gravity is being exert exerted on the spectacles forcing them vertically down
59,7,236.517,1704.517,True,False,True,24.0,1699.602,1701.274,Vertically down.,3.243000000000165,pslc23-c2,c2,1468.0,0,1,"(3.0, 6.0]",Vertically down.,Vertically down
59,8,257.066,1725.066,True,False,True,25.0,1714.412,1721.929,"The spectacles are accelerating at a rate of nine point eight meters per second squared, vertically down.",3.136999999999944,pslc23-c2,c2,1468.0,0,1,"(3.0, 6.0]","The spectacles are accelerating at a rate of nine point eight meters per second squared, vertically down.",The spectacles are accelerating at a rate of nine point eight meters per second squared vertically down
59,9,277.935,1745.935,True,False,True,26.0,1739.612,1745.481,Nine point eight meters per second squared. Down.,0.4539999999999509,pslc23-c2,c2,1468.0,0,1,"(-0.001, 3.0]",Nine point eight meters per second squared. Down.,Nine point eight meters per second squared Down
59,10,312.56,1780.56,False,True,True,27.0,1769.888,1779.508,Nine point eight meters. Down.,1.0519999999999072,pslc23-c2,c2,1468.0,1,0,"(-0.001, 3.0]",Nine point eight meters. Down.,Nine point eight meters Down
59,11,339.331,1807.331,False,False,True,28.0,1800.155,1802.828,Nineteen point six meters per second.,4.503000000000156,pslc23-c2,c2,1468.0,0,0,"(3.0, 6.0]",Nineteen point six meters per second.,Nineteen point six meters per second
59,12,374.438,1842.438,True,False,True,29.0,1835.633,1838.129,Nineteen point six meters per second.,4.3090000000001965,pslc23-c2,c2,1468.0,0,1,"(3.0, 6.0]",Nineteen point six meters per second.,Nineteen point six meters per second
59,13,389.124,1857.124,True,False,True,30.0,1851.846,1853.157,They are both equal.,3.967000000000098,pslc23-c2,c2,1468.0,0,1,"(3.0, 6.0]",They are both equal.,They are both equal
59,14,410.983,1878.983,False,True,True,31.0,1869.566,1871.779,The total change in direction.,7.203999999999951,pslc23-c2,c2,1468.0,1,0,"(6.0, 10.0]",The total change in direction.,The total change in direction
59,15,454.465,1922.465,False,True,True,32.0,1902.782,1915.924,The professor's displacement moves at th+s+the same rate as the spectacles down due to the force of gravity at nine point eight s+meters a second squared.,6.54099999999994,pslc23-c2,c2,1468.0,1,0,"(6.0, 10.0]",The professor's displacement moves at th+s+the same rate as the spectacles down due to the force of gravity at nine point eight s+meters a second squared.,The professor's displacement moves at th s the same rate as the spectacles down due to the force of gravity at nine point eight s meters a second squared
58,1,67.744,67.744,True,True,True,0.0,61.152,62.574,It's the same.,5.170000000000002,pslc24-c3,c3,1014.0,1,1,"(3.0, 6.0]",It's the same.,It's the same
58,3,149.722,149.722,True,False,True,2.0,141.316,145.557,Down. Vertically.,4.1650000000000205,pslc24-c3,c3,1014.0,0,1,"(3.0, 6.0]",Down. Vertically.,Down Vertically
58,4,169.527,169.527,True,False,True,3.0,162.89,165.836,Uh. Yes. Down. Vertically.,3.690999999999974,pslc24-c3,c3,1014.0,0,1,"(3.0, 6.0]",Uh. Yes. Down. Vertically.,Uh Yes Down Vertically
58,5,183.686,183.686,True,False,True,4.0,175.961,179.356,Uh. Nine point eight meters per second squared.,4.3300000000000125,pslc24-c3,c3,1014.0,0,1,"(3.0, 6.0]",Uh. Nine point eight meters per second squared.,Uh Nine point eight meters per second squared
58,6,206.097,206.097,True,False,True,5.0,197.614,200.322,Uh. Gravity vertically down.,5.775000000000006,pslc24-c3,c3,1014.0,0,1,"(3.0, 6.0]",Uh. Gravity vertically down.,Uh Gravity vertically down
58,7,224.438,224.438,True,False,True,6.0,219.332,220.817,Down. Vertically down.,3.620999999999981,pslc24-c3,c3,1014.0,0,1,"(3.0, 6.0]",Down. Vertically down.,Down Vertically down
58,8,252.696,252.696,True,False,True,7.0,246.658,248.291,Yes. Vertically down.,4.405000000000001,pslc24-c3,c3,1014.0,0,1,"(3.0, 6.0]",Yes. Vertically down.,Yes Vertically down
58,9,265.711,265.711,True,False,True,8.0,259.14300000000003,261.927,Negative nine point eight meters per second squared.,3.783999999999992,pslc24-c3,c3,1014.0,0,1,"(3.0, 6.0]",Negative nine point eight meters per second squared.,Negative nine point eight meters per second squared
58,10,283.548,283.548,True,False,True,9.0,277.157,279.845,Negative nine point eight meters per second squared.,3.702999999999975,pslc24-c3,c3,1014.0,0,1,"(3.0, 6.0]",Negative nine point eight meters per second squared.,Negative nine point eight meters per second squared
58,11,313.838,313.838,False,True,True,10.0,307.319,308.905,Nine point eight meters??,4.93300000000005,pslc24-c3,c3,1014.0,1,0,"(3.0, 6.0]",Nine point eight meters??,Nine point eight meters
58,12,339.619,339.619,True,False,True,11.0,332.328,334.975,Nine point eight meters per second.,4.6440000000000055,pslc24-c3,c3,1014.0,0,1,"(3.0, 6.0]",Nine point eight meters per second.,Nine point eight meters per second
58,13,384.164,384.164,False,True,True,12.0,378.238,380.266,Nine point eight meters per second.,3.897999999999968,pslc24-c3,c3,1014.0,1,0,"(3.0, 6.0]",Nine point eight meters per second.,Nine point eight meters per second
58,14,431.012,431.012,True,True,True,13.0,423.596,427.166,Twenty nine point four meters per second.,3.846000000000004,pslc24-c3,c3,1014.0,1,1,"(3.0, 6.0]",Twenty nine point four meters per second.,Twenty nine point four meters per second
58,15,448.434,448.434,True,True,True,14.0,442.464,443.666,The same??,4.768000000000029,pslc24-c3,c3,1014.0,1,1,"(3.0, 6.0]",The same??,The same
58,16,463.071,463.071,True,False,True,15.0,457.486,458.257,Yes.,4.814000000000021,pslc24-c3,c3,1014.0,0,1,"(3.0, 6.0]",Yes.,Yes
59,1,78.13,1092.13,True,False,True,17.0,1084.798,1085.959,It's the same.,6.171000000000049,pslc24-c3,c3,1014.0,0,1,"(6.0, 10.0]",It's the same.,It's the same
59,2,115.828,1129.828,True,False,True,18.0,1122.2,1124.063,Gravity vertically down.,5.764999999999873,pslc24-c3,c3,1014.0,0,1,"(3.0, 6.0]",Gravity vertically down.,Gravity vertically down
59,3,136.985,1150.985,True,False,True,19.0,1144.926,1146.778,Uh. Vertically down.,4.207000000000107,pslc24-c3,c3,1014.0,0,1,"(3.0, 6.0]",Uh. Vertically down.,Uh Vertically down
59,4,150.447,1164.447,True,False,True,20.0,1160.315,1162.018,Yes. Vertically down.,2.429000000000088,pslc24-c3,c3,1014.0,0,1,"(-0.001, 3.0]",Yes. Vertically down.,Yes Vertically down
59,5,162.292,1176.292,True,False,True,21.0,1170.896,1173.472,Negative nine point eight meters per second squared.,2.8199999999999363,pslc24-c3,c3,1014.0,0,1,"(-0.001, 3.0]",Negative nine point eight meters per second squared.,Negative nine point eight meters per second squared
59,6,181.089,1195.089,True,False,True,22.0,1190.692,1192.388,Gravity vertically down.,2.701000000000022,pslc24-c3,c3,1014.0,0,1,"(-0.001, 3.0]",Gravity vertically down.,Gravity vertically down
59,7,199.942,1213.942,True,False,True,23.0,1209.696,1211.528,Uh. Vertically down.,2.413999999999988,pslc24-c3,c3,1014.0,0,1,"(-0.001, 3.0]",Uh. Vertically down.,Uh Vertically down
59,8,214.572,1228.572,True,False,True,24.0,1224.277,1225.827,Yes. Vertically down.,2.7450000000001182,pslc24-c3,c3,1014.0,0,1,"(-0.001, 3.0]",Yes. Vertically down.,Yes Vertically down
59,9,227.249,1241.249,True,False,True,25.0,1235.813,1238.534,Negative nine point eight meters per second squared.,2.714999999999918,pslc24-c3,c3,1014.0,0,1,"(-0.001, 3.0]",Negative nine point eight meters per second squared.,Negative nine point eight meters per second squared
59,10,256.805,1270.805,True,False,True,26.0,1264.404,1267.471,"Nine point eight meters sq+uh, per second.",3.33400000000006,pslc24-c3,c3,1014.0,0,1,"(3.0, 6.0]","Nine point eight meters sq+uh, per second.",Nine point eight meters sq uh per second
59,11,281.849,1295.849,True,False,True,27.0,1289.422,1291.821,Nine point eight meters per second.,4.02800000000002,pslc24-c3,c3,1014.0,0,1,"(3.0, 6.0]",Nine point eight meters per second.,Nine point eight meters per second
59,12,300.643,1314.643,True,False,True,28.0,1308.389,1312.176,"Eighteen... er, nineteen point six meters per second.",2.4670000000000982,pslc24-c3,c3,1014.0,0,1,"(-0.001, 3.0]","Eighteen... er, nineteen point six meters per second.",Eighteen er nineteen point six meters per second
59,13,314.244,1328.244,True,False,True,29.0,1324.631,1325.813,They're the same.,2.43100000000004,pslc24-c3,c3,1014.0,0,1,"(-0.001, 3.0]",They're the same.,They're the same
59,14,327.217,1341.217,True,False,True,30.0,1337.467,1338.348,Yes.,2.869000000000142,pslc24-c3,c3,1014.0,0,1,"(-0.001, 3.0]",Yes.,Yes
59,15,347.565,1361.565,True,False,True,31.0,1356.835,1357.866,They're the same.,3.699000000000069,pslc24-c3,c3,1014.0,0,1,"(3.0, 6.0]",They're the same.,They're the same
58,1,61.272,61.272,False,False,True,0.0,49.595,54.984,He is moving downward and the keys are staying motionless in one spot.,6.287999999999997,pslc25-c1,c1,1436.0,0,0,"(6.0, 10.0]",He is moving downward and the keys are staying motionless in one spot.,He is moving downward and the keys are staying motionless in one spot
58,2,131.222,131.222,True,True,True,1.0,112.712,126.096,"Um, the forces exerted on the man are just that he's in a free fall after he releases his keys??",5.126000000000005,pslc25-c1,c1,1436.0,1,1,"(3.0, 6.0]","Um, the forces exerted on the man are just that he's in a free fall after he releases his keys??",Um the forces exerted on the man are just that he's in a free fall after he releases his keys
58,3,167.033,167.033,True,True,True,2.0,160.176,163.117,Um. Vertically downward??,3.915999999999997,pslc25-c1,c1,1436.0,1,1,"(3.0, 6.0]",Um. Vertically downward??,Um Vertically downward
58,4,204.182,204.182,True,True,True,3.0,193.437,200.297,"Um, yes. The person should have an acceleration and it should be in a downward direction.",3.884999999999991,pslc25-c1,c1,1436.0,1,1,"(3.0, 6.0]","Um, yes. The person should have an acceleration and it should be in a downward direction.",Um yes The person should have an acceleration and it should be in a downward direction
58,5,219.742,219.742,False,True,True,4.0,214.829,216.461,I'm not sure.,3.280999999999977,pslc25-c1,c1,1436.0,1,0,"(3.0, 6.0]",I'm not sure.,I'm not sure
58,6,279.437,279.437,True,True,True,5.0,268.267,274.789,Um. The acceleration should be in a downward direction and it should be a positive number??,4.648000000000025,pslc25-c1,c1,1436.0,1,1,"(3.0, 6.0]",Um. The acceleration should be in a downward direction and it should be a positive number??,Um The acceleration should be in a downward direction and it should be a positive number
58,7,323.629,323.629,False,True,True,6.0,316.631,319.543,Um. I know that it is not zero. <spk>,4.086000000000013,pslc25-c1,c1,1436.0,1,0,"(3.0, 6.0]",Um. I know that it is not zero. <spk>,Um I know that it is not zero
58,8,343.098,343.098,False,True,True,7.0,335.04200000000003,340.8,Um. I don't know.,2.298000000000002,pslc25-c1,c1,1436.0,1,0,"(-0.001, 3.0]",Um. I don't know.,Um I don't know
58,9,383.155,383.155,False,True,True,8.0,369.893,377.308,Um. The second law is net force equals mass times acceleration.,5.84699999999998,pslc25-c1,c1,1436.0,1,0,"(3.0, 6.0]",Um. The second law is net force equals mass times acceleration.,Um The second law is net force equals mass times acceleration
58,10,406.552,406.552,True,False,True,9.0,397.2,404.149,Okay. Now Newton's second law is the net force equals the mass times the acceleration.,2.40300000000002,pslc25-c1,c1,1436.0,0,1,"(-0.001, 3.0]",Okay. Now Newton's second law is the net force equals the mass times the acceleration.,Okay Now Newton's second law is the net force equals the mass times the acceleration
58,11,464.656,464.656,True,True,True,10.0,443.526,461.384,"Um. The forces acting on the keys after they are released should be gravity, um, which is vertically down. And also... probably... yes. Vertically down.",3.271999999999992,pslc25-c1,c1,1436.0,1,1,"(3.0, 6.0]","Um. The forces acting on the keys after they are released should be gravity, um, which is vertically down. And also... probably... yes. Vertically down.",Um The forces acting on the keys after they are released should be gravity um which is vertically down And also probably yes Vertically down
58,12,488.283,488.283,True,False,True,11.0,481.865,485.81,Gravity is a downward force.,2.473000000000013,pslc25-c1,c1,1436.0,0,1,"(-0.001, 3.0]",Gravity is a downward force.,Gravity is a downward force
58,13,506.993,506.993,True,False,True,12.0,500.688,504.514,The direction of the net force on the keys is downward.,2.478999999999985,pslc25-c1,c1,1436.0,0,1,"(-0.001, 3.0]",The direction of the net force on the keys is downward.,The direction of the net force on the keys is downward
58,14,533.148,533.148,True,False,True,13.0,524.066,529.989,Yes. The keys should have an acceleration in a downward direction.,3.158999999999992,pslc25-c1,c1,1436.0,0,1,"(3.0, 6.0]",Yes. The keys should have an acceleration in a downward direction.,Yes The keys should have an acceleration in a downward direction
58,15,566.285,566.285,True,True,True,14.0,542.673,563.595,"Um. The acceleration of the keys should also be, uh, nine point eight meters per second squared?? The same as the man's??",2.689999999999941,pslc25-c1,c1,1436.0,1,1,"(-0.001, 3.0]","Um. The acceleration of the keys should also be, uh, nine point eight meters per second squared?? The same as the man's??",Um The acceleration of the keys should also be uh nine point eight meters per second squared The same as the man's
58,16,589.107,589.107,True,False,True,15.0,580.685,585.743,The value of free fall acceleration is nine point eight meters per second squared.,3.363999999999919,pslc25-c1,c1,1436.0,0,1,"(3.0, 6.0]",The value of free fall acceleration is nine point eight meters per second squared.,The value of free fall acceleration is nine point eight meters per second squared
58,17,617.27,617.27,False,True,True,16.0,611.601,613.579,Nine point eight meters.,3.691000000000031,pslc25-c1,c1,1436.0,1,0,"(3.0, 6.0]",Nine point eight meters.,Nine point eight meters
58,18,649.721,649.721,False,True,True,17.0,636.752,642.764,Uh. Nine point eight meters per second. Nine point eight meters.,6.956999999999994,pslc25-c1,c1,1436.0,1,0,"(6.0, 10.0]",Uh. Nine point eight meters per second. Nine point eight meters.,Uh Nine point eight meters per second Nine point eight meters
58,19,690.922,690.922,False,True,True,18.0,678.069,683.956,"So, one second after that it should be nineteen point six meters per second squared.",6.966000000000008,pslc25-c1,c1,1436.0,1,0,"(6.0, 10.0]","So, one second after that it should be nineteen point six meters per second squared.",So one second after that it should be nineteen point six meters per second squared
58,20,731.235,731.235,True,False,True,19.0,722.107,728.487,I think it will be twenty nine point four meters per second.,2.748000000000048,pslc25-c1,c1,1436.0,0,1,"(-0.001, 3.0]",I think it will be twenty nine point four meters per second.,I think it will be twenty nine point four meters per second
58,21,749.048,749.048,True,False,True,20.0,739.945,745.457,Their velocities will increase by nine point eight meters per second every second.,3.591000000000008,pslc25-c1,c1,1436.0,0,1,"(3.0, 6.0]",Their velocities will increase by nine point eight meters per second every second.,Their velocities will increase by nine point eight meters per second every second
58,22,761.158,761.158,False,True,True,21.0,757.614,758.475,No.,2.6829999999999927,pslc25-c1,c1,1436.0,1,0,"(-0.001, 3.0]",No.,No
58,23,814.646,814.646,False,True,True,22.0,800.805,810.748,The man's displacement should be less than the key's displacement because the keys are falling in the elevator and the man's just falling with the elevator.,3.897999999999911,pslc25-c1,c1,1436.0,1,0,"(3.0, 6.0]",The man's displacement should be less than the key's displacement because the keys are falling in the elevator and the man's just falling with the elevator.,The man's displacement should be less than the key's displacement because the keys are falling in the elevator and the man's just falling with the elevator
59,1,76.996,1512.996,True,False,True,23.0,1505.896,1510.743,His velocity should be the same as the velocity of his spectacles.,2.2530000000001564,pslc25-c1,c1,1436.0,0,1,"(-0.001, 3.0]",His velocity should be the same as the velocity of his spectacles.,His velocity should be the same as the velocity of his spectacles
59,2,119.476,1555.476,True,False,True,24.0,1545.436,1553.034,"The forces exerted on the professor should just be gravity, which is a force vertically downward.",2.442000000000008,pslc25-c1,c1,1436.0,0,1,"(-0.001, 3.0]","The forces exerted on the professor should just be gravity, which is a force vertically downward.",The forces exerted on the professor should just be gravity which is a force vertically downward
59,3,138.985,1574.985,True,False,True,25.0,1569.064,1572.399,The direction is vertically downward.,2.58600000000024,pslc25-c1,c1,1436.0,0,1,"(-0.001, 3.0]",The direction is vertically downward.,The direction is vertically downward
59,4,158.302,1594.302,True,False,True,26.0,1585.639,1592.024,Yes. The professor should have a... an acceleration in a vertically downward direction.,2.27800000000002,pslc25-c1,c1,1436.0,0,1,"(-0.001, 3.0]",Yes. The professor should have a... an acceleration in a vertically downward direction.,Yes The professor should have a an acceleration in a vertically downward direction
59,5,174.892,1610.892,False,False,True,27.0,1599.523,1605.337,The numerical value of the professor's acceleration should be nine point eight meters per second.,5.555000000000064,pslc25-c1,c1,1436.0,0,0,"(3.0, 6.0]",The numerical value of the professor's acceleration should be nine point eight meters per second.,The numerical value of the professor's acceleration should be nine point eight meters per second
59,6,205.094,1641.094,True,True,True,28.0,1630.066,1636.271,Mmm... the value of freefall acceleration should be nine point eight meters per second squared??,4.823000000000093,pslc25-c1,c1,1436.0,1,1,"(3.0, 6.0]",Mmm... the value of freefall acceleration should be nine point eight meters per second squared??,Mmm the value of freefall acceleration should be nine point eight meters per second squared
59,7,229.535,1665.535,True,True,True,29.0,1655.427,1662.4,"The forces acting on the spectacles should also be gravity, which is in a vertically downward direction.",3.134999999999991,pslc25-c1,c1,1436.0,1,1,"(3.0, 6.0]","The forces acting on the spectacles should also be gravity, which is in a vertically downward direction.",The forces acting on the spectacles should also be gravity which is in a vertically downward direction
59,8,251.007,1687.007,True,True,True,30.0,1678.819,1682.998,The direction of the net force on the spectacles should be vertically downward.,4.009000000000015,pslc25-c1,c1,1436.0,1,1,"(3.0, 6.0]",The direction of the net force on the spectacles should be vertically downward.,The direction of the net force on the spectacles should be vertically downward
59,9,269.02,1705.02,True,True,True,31.0,1696.146,1703.382,"Yes. The spectacles should have an acceleration, um, in a downward... in a vertically downward direction.",1.63799999999992,pslc25-c1,c1,1436.0,1,1,"(-0.001, 3.0]","Yes. The spectacles should have an acceleration, um, in a downward... in a vertically downward direction.",Yes The spectacles should have an acceleration um in a downward in a vertically downward direction
59,10,284.201,1720.201,True,False,True,32.0,1711.29,1717.44,The value of the acceleration of the spectacles is nine point eight meters per second squared.,2.760999999999968,pslc25-c1,c1,1436.0,0,1,"(-0.001, 3.0]",The value of the acceleration of the spectacles is nine point eight meters per second squared.,The value of the acceleration of the spectacles is nine point eight meters per second squared
59,11,317.164,1753.164,False,False,True,33.0,1743.13,1747.271,The change in the velocity in one second should be nine point eight meters.,5.893000000000029,pslc25-c1,c1,1436.0,0,0,"(3.0, 6.0]",The change in the velocity in one second should be nine point eight meters.,The change in the velocity in one second should be nine point eight meters
59,12,341.224,1777.224,True,False,True,34.0,1770.686,1773.561,It would be nine point eight meters per second.,3.663000000000011,pslc25-c1,c1,1436.0,0,1,"(3.0, 6.0]",It would be nine point eight meters per second.,It would be nine point eight meters per second
59,13,362.887,1798.887,False,False,True,35.0,1789.393,1796.302,The velocity will be nineteen point six meters per second.,2.5850000000000364,pslc25-c1,c1,1436.0,0,0,"(-0.001, 3.0]",The velocity will be nineteen point six meters per second.,The velocity will be nineteen point six meters per second
59,14,379.361,1815.361,True,False,True,36.0,1808.47,1810.425,Their velocities should be the same.,4.935999999999922,pslc25-c1,c1,1436.0,0,1,"(3.0, 6.0]",Their velocities should be the same.,Their velocities should be the same
59,15,400.59,1836.59,True,True,True,37.0,1826.587,1831.17,Displacement is the total change in position??,5.419999999999845,pslc25-c1,c1,1436.0,1,1,"(3.0, 6.0]",Displacement is the total change in position??,Displacement is the total change in position
59,16,428.138,1864.138,True,True,True,38.0,1851.768,1860.685,"The displacement could be... should be the same, um, the professor's displacement should be the same as the displacement of the spectacles.",3.4529999999999745,pslc25-c1,c1,1436.0,1,1,"(3.0, 6.0]","The displacement could be... should be the same, um, the professor's displacement should be the same as the displacement of the spectacles.",The displacement could be should be the same um the professor's displacement should be the same as the displacement of the spectacles
58,4,216.816,216.816,True,False,True,3.0,203.079,212.24,Yes. Vertically down. Acceleration due to gravity.,4.575999999999993,pslc27-c3,c3,1602.0,0,1,"(3.0, 6.0]",Yes. Vertically down. Acceleration due to gravity.,Yes Vertically down Acceleration due to gravity
58,13,585.954,585.954,True,False,True,12.0,569.8389999999999,575.978,Nine point eight meters per second squared.,9.976,pslc27-c3,c3,1602.0,0,1,"(6.0, 10.0]",Nine point eight meters per second squared.,Nine point eight meters per second squared
58,18,761.254,761.254,True,False,True,17.0,747.722,757.001,Yes. The linear distance between point A and point B.,4.253000000000043,pslc27-c3,c3,1602.0,0,1,"(3.0, 6.0]",Yes. The linear distance between point A and point B.,Yes The linear distance between point A and point B
59,7,271.808,1873.808,True,False,True,25.0,1862.089,1864.152,Vertically down.,9.655999999999947,pslc27-c3,c3,1602.0,0,1,"(6.0, 10.0]",Vertically down.,Vertically down
58,1,56.212,56.212,True,False,True,0.0,50.061,51.082,They are the same.,5.130000000000003,pslc28-c1,c1,1689.0,0,1,"(3.0, 6.0]",They are the same.,They are the same
58,2,115.523,115.523,True,False,True,1.0,88.04599999999999,107.554,Forces ver+exerted on the man after he releases his keys remain the same because he's moving vertically down. So we have the force of gravity.,7.968999999999994,pslc28-c1,c1,1689.0,0,1,"(6.0, 10.0]",Forces ver+exerted on the man after he releases his keys remain the same because he's moving vertically down. So we have the force of gravity.,Forces ver exerted on the man after he releases his keys remain the same because he's moving vertically down So we have the force of gravity
58,4,160.146,160.146,True,False,True,3.0,153.03,155.333,Yes. Vertically down.,4.812999999999988,pslc28-c1,c1,1689.0,0,1,"(3.0, 6.0]",Yes. Vertically down.,Yes Vertically down
58,5,178.502,178.502,False,False,True,4.0,169.23,171.737,We don't know because we don't know his weight.,6.765000000000015,pslc28-c1,c1,1689.0,0,0,"(6.0, 10.0]",We don't know because we don't know his weight.,We don't know because we don't know his weight
58,6,196.028,196.028,False,True,True,5.0,190.326,191.368,I don't know.,4.659999999999997,pslc28-c1,c1,1689.0,1,0,"(3.0, 6.0]",I don't know.,I don't know
58,7,222.552,222.552,False,True,True,6.0,217.254,218.195,I don't know.,4.356999999999999,pslc28-c1,c1,1689.0,1,0,"(3.0, 6.0]",I don't know.,I don't know
58,9,306.49,306.49,True,True,True,8.0,296.274,301.122,"Well, still gravity vertically down.",5.367999999999995,pslc28-c1,c1,1689.0,1,1,"(3.0, 6.0]","Well, still gravity vertically down.",Well still gravity vertically down
58,10,329.206,329.206,True,False,True,9.0,324.221,325.973,Vertically down.,3.233000000000004,pslc28-c1,c1,1689.0,0,1,"(3.0, 6.0]",Vertically down.,Vertically down
58,11,347.371,347.371,True,False,True,10.0,343.021,344.145,Vertically down.,3.225999999999999,pslc28-c1,c1,1689.0,0,1,"(3.0, 6.0]",Vertically down.,Vertically down
58,12,362.681,362.681,True,False,True,11.0,357.139,358.501,Yes. Down.,4.180000000000007,pslc28-c1,c1,1689.0,0,1,"(3.0, 6.0]",Yes. Down.,Yes Down
58,13,387.31,387.31,False,True,True,12.0,376.719,382.087,"The same as that of the man, except we need to know the weight of the keys.",5.223000000000013,pslc28-c1,c1,1689.0,1,0,"(3.0, 6.0]","The same as that of the man, except we need to know the weight of the keys.",The same as that of the man except we need to know the weight of the keys
58,14,415.064,415.064,True,True,True,13.0,405.467,410.152,Uh. Nine point eight meters per second squared.,4.912000000000035,pslc28-c1,c1,1689.0,1,1,"(3.0, 6.0]",Uh. Nine point eight meters per second squared.,Uh Nine point eight meters per second squared
58,15,446.962,446.962,True,False,True,14.0,436.423,442.944,It would be weight equals mass times acceleration of gravity.,4.017999999999972,pslc28-c1,c1,1689.0,0,1,"(3.0, 6.0]",It would be weight equals mass times acceleration of gravity.,It would be weight equals mass times acceleration of gravity
58,16,505.345,505.345,True,True,True,15.0,494.764,496.437,Nine point eight meters??,8.908000000000015,pslc28-c1,c1,1689.0,1,1,"(6.0, 10.0]",Nine point eight meters??,Nine point eight meters
58,17,535.132,535.132,True,True,True,16.0,523.933,525.805,Nine point eight.,9.326999999999998,pslc28-c1,c1,1689.0,1,1,"(6.0, 10.0]",Nine point eight.,Nine point eight
58,18,574.158,574.158,True,True,True,17.0,565.604,569.021,Uh. Nineteen point six meters per second??,5.137000000000057,pslc28-c1,c1,1689.0,1,1,"(3.0, 6.0]",Uh. Nineteen point six meters per second??,Uh Nineteen point six meters per second
58,19,620.294,620.294,True,True,True,18.0,613.424,615.929,Twenty nine point four meters per second??,4.365000000000009,pslc28-c1,c1,1689.0,1,1,"(3.0, 6.0]",Twenty nine point four meters per second??,Twenty nine point four meters per second
58,20,645.042,645.042,True,False,True,19.0,639.088,640.269,They are the same.,4.773000000000025,pslc28-c1,c1,1689.0,0,1,"(3.0, 6.0]",They are the same.,They are the same
58,21,660.504,660.504,True,False,True,20.0,654.366,655.297,Yes.,5.206999999999994,pslc28-c1,c1,1689.0,0,1,"(3.0, 6.0]",Yes.,Yes
58,22,692.179,692.179,False,False,True,21.0,678.168,684.541,Every second he will be nine point eight meters further down.,7.63799999999992,pslc28-c1,c1,1689.0,0,0,"(6.0, 10.0]",Every second he will be nine point eight meters further down.,Every second he will be nine point eight meters further down
59,1,79.279,1768.279,True,False,True,22.0,1760.893,1763.038,M+it's constant and the same.,5.2409999999999854,pslc28-c1,c1,1689.0,0,1,"(3.0, 6.0]",M+it's constant and the same.,M it's constant and the same
59,2,117.201,1806.201,True,False,True,23.0,1798.607,1801.861,Gravity. Vertically down.,4.339999999999918,pslc28-c1,c1,1689.0,0,1,"(3.0, 6.0]",Gravity. Vertically down.,Gravity Vertically down
59,3,136.183,1825.183,True,False,True,24.0,1819.976,1821.938,Vertically down.,3.244999999999891,pslc28-c1,c1,1689.0,0,1,"(3.0, 6.0]",Vertically down.,Vertically down
59,4,151.099,1840.099,True,False,True,25.0,1834.533,1836.566,Yes. Down.,3.5329999999999018,pslc28-c1,c1,1689.0,0,1,"(3.0, 6.0]",Yes. Down.,Yes Down
59,5,172.736,1861.736,True,True,True,26.0,1853.477,1856.375,Nine point eight meters per second squared??,5.360999999999876,pslc28-c1,c1,1689.0,1,1,"(3.0, 6.0]",Nine point eight meters per second squared??,Nine point eight meters per second squared
59,6,193.725,1882.725,True,False,True,27.0,1876.913,1879.756,Gravity. Vertically down.,2.968999999999824,pslc28-c1,c1,1689.0,0,1,"(-0.001, 3.0]",Gravity. Vertically down.,Gravity Vertically down
59,7,212.657,1901.657,True,False,True,28.0,1896.855,1898.607,Vertically down.,3.0499999999999545,pslc28-c1,c1,1689.0,0,1,"(3.0, 6.0]",Vertically down.,Vertically down
59,8,229.278,1918.278,True,False,True,29.0,1912.364,1915.428,Yes. Vertically down.,2.8500000000001364,pslc28-c1,c1,1689.0,0,1,"(-0.001, 3.0]",Yes. Vertically down.,Yes Vertically down
59,9,243.108,1932.108,True,False,True,30.0,1926.185,1928.892,Nine point eight meters per second squared.,3.2159999999998945,pslc28-c1,c1,1689.0,0,1,"(3.0, 6.0]",Nine point eight meters per second squared.,Nine point eight meters per second squared
59,10,273.927,1962.927,True,False,True,31.0,1954.81,1956.682,Nine point eight meters.,6.245000000000118,pslc28-c1,c1,1689.0,0,1,"(6.0, 10.0]",Nine point eight meters.,Nine point eight meters
59,11,301.483,1990.483,True,False,True,32.0,1981.194,1985.249,Nine point eight meters per second.,5.233999999999924,pslc28-c1,c1,1689.0,0,1,"(3.0, 6.0]",Nine point eight meters per second.,Nine point eight meters per second
59,12,321.551,2010.551,True,False,True,33.0,2004.318,2006.755,Nineteen point six meters per second.,3.7959999999998217,pslc28-c1,c1,1689.0,0,1,"(3.0, 6.0]",Nineteen point six meters per second.,Nineteen point six meters per second
59,13,337.67,2026.67,True,False,True,34.0,2020.202,2021.483,They're equal.,5.1870000000001255,pslc28-c1,c1,1689.0,0,1,"(3.0, 6.0]",They're equal.,They're equal
59,14,350.899,2039.899,True,False,True,35.0,2036.038,2036.949,Yes.,2.949999999999818,pslc28-c1,c1,1689.0,0,1,"(-0.001, 3.0]",Yes.,Yes
59,15,372.904,2061.904,True,False,True,36.0,2055.268,2056.55,They are the same.,5.353999999999815,pslc28-c1,c1,1689.0,0,1,"(3.0, 6.0]",They are the same.,They are the same
58,1,66.71,66.71,False,False,True,0.0,54.24,59.449,"As he is moving down, his keys are also moving down.",7.260999999999996,pslc29-c2,c2,1458.0,0,0,"(6.0, 10.0]","As he is moving down, his keys are also moving down.",As he is moving down his keys are also moving down
58,2,120.966,120.966,True,False,True,1.0,107.433,112.243,"Um, the man is going vertically down.",8.722999999999999,pslc29-c2,c2,1458.0,0,1,"(6.0, 10.0]","Um, the man is going vertically down.",Um the man is going vertically down
58,3,156.223,156.223,True,False,True,2.0,151.023,153.149,The net force is down.,3.0740000000000123,pslc29-c2,c2,1458.0,0,1,"(3.0, 6.0]",The net force is down.,The net force is down
58,4,192.712,192.712,False,False,True,3.0,168.991,188.381,Mmm. The person doesn't have an acceleration because it's the elevator that's moving vertically downward and the net force is acting downward on the man.,4.330999999999989,pslc29-c2,c2,1458.0,0,0,"(3.0, 6.0]",Mmm. The person doesn't have an acceleration because it's the elevator that's moving vertically downward and the net force is acting downward on the man.,Mmm The person doesn't have an acceleration because it's the elevator that's moving vertically downward and the net force is acting downward on the man
58,5,212.647,212.647,True,True,True,4.0,203.513,207.973,The second law is force equals mass times acceleration??,4.673999999999978,pslc29-c2,c2,1458.0,1,1,"(3.0, 6.0]",The second law is force equals mass times acceleration??,The second law is force equals mass times acceleration
58,6,273.692,273.692,True,True,True,5.0,260.117,268.08,"Since we know that the net force is straight down, then the acceleration must also be straight down.",5.612000000000023,pslc29-c2,c2,1458.0,1,1,"(3.0, 6.0]","Since we know that the net force is straight down, then the acceleration must also be straight down.",Since we know that the net force is straight down then the acceleration must also be straight down
58,7,320.74,320.74,False,True,True,6.0,316.423,317.665,I don't know.,3.0749999999999886,pslc29-c2,c2,1458.0,1,0,"(3.0, 6.0]",I don't know.,I don't know
58,8,337.36,337.36,False,False,True,7.0,331.322,333.605,Nine point eight meters per second.,3.754999999999996,pslc29-c2,c2,1458.0,0,0,"(3.0, 6.0]",Nine point eight meters per second.,Nine point eight meters per second
58,9,367.956,367.956,False,True,True,8.0,353.241,363.535,"Equation for calculating weight. Um, force times gravity??",4.420999999999992,pslc29-c2,c2,1458.0,1,0,"(3.0, 6.0]","Equation for calculating weight. Um, force times gravity??",Equation for calculating weight Um force times gravity
58,10,386.77,386.77,True,False,True,9.0,380.327,383.516,Force equals mass times acceleration.,3.2539999999999623,pslc29-c2,c2,1458.0,0,1,"(3.0, 6.0]",Force equals mass times acceleration.,Force equals mass times acceleration
58,11,433.211,433.211,True,False,True,10.0,423.816,427.101,The force acting on the keys is vertically down.,6.110000000000014,pslc29-c2,c2,1458.0,0,1,"(6.0, 10.0]",The force acting on the keys is vertically down.,The force acting on the keys is vertically down
58,12,454.63,454.63,True,False,True,11.0,450.089,451.54,Downward.,3.089999999999975,pslc29-c2,c2,1458.0,0,1,"(3.0, 6.0]",Downward.,Downward
58,13,473.162,473.162,True,False,True,12.0,466.786,470.472,"The net force is the force of gravity, which is downward.",2.6899999999999977,pslc29-c2,c2,1458.0,0,1,"(-0.001, 3.0]","The net force is the force of gravity, which is downward.",The net force is the force of gravity which is downward
58,14,499.287,499.287,True,False,True,13.0,486.104,496.542,"Um. Just like the man, the keys are accelerating at the force of gravity, which is nine point eight meters per second squared downward.",2.744999999999948,pslc29-c2,c2,1458.0,0,1,"(-0.001, 3.0]","Um. Just like the man, the keys are accelerating at the force of gravity, which is nine point eight meters per second squared downward.",Um Just like the man the keys are accelerating at the force of gravity which is nine point eight meters per second squared downward
58,15,510.097,510.097,True,False,True,14.0,504.818,507.614,Nine point eight meters per second squared.,2.483000000000004,pslc29-c2,c2,1458.0,0,1,"(-0.001, 3.0]",Nine point eight meters per second squared.,Nine point eight meters per second squared
58,16,538.768,538.768,True,False,True,15.0,531.734,534.221,Nine point eight meters.,4.5470000000000255,pslc29-c2,c2,1458.0,0,1,"(3.0, 6.0]",Nine point eight meters.,Nine point eight meters
58,17,564.077,564.077,True,False,True,16.0,558.222,560.958,Nine point eight meters per second.,3.119000000000028,pslc29-c2,c2,1458.0,0,1,"(3.0, 6.0]",Nine point eight meters per second.,Nine point eight meters per second
58,18,603.438,603.438,True,True,True,17.0,591.029,596.242,The velocity is <nspn> nineteen point six meters per second squared.,7.196000000000026,pslc29-c2,c2,1458.0,1,1,"(6.0, 10.0]",The velocity is <nspn> nineteen point six meters per second squared.,The velocity is nineteen point six meters per second squared
58,19,651.158,651.158,True,True,True,18.0,640.887,647.075,The velocity will be twenty <nspn> nine point four meters per second??,4.08299999999997,pslc29-c2,c2,1458.0,1,1,"(3.0, 6.0]",The velocity will be twenty <nspn> nine point four meters per second??,The velocity will be twenty nine point four meters per second
58,20,667.723,667.723,True,False,True,19.0,660.715,664.42,The man and keys both have the same velocity.,3.3029999999999973,pslc29-c2,c2,1458.0,0,1,"(3.0, 6.0]",The man and keys both have the same velocity.,The man and keys both have the same velocity
58,21,683.721,683.721,False,True,True,20.0,677.687,680.792,Um. No. I don't remember.,2.9289999999999736,pslc29-c2,c2,1458.0,1,0,"(-0.001, 3.0]",Um. No. I don't remember.,Um No I don't remember
58,22,704.758,704.758,True,True,True,21.0,697.695,701.352,The man and the keys will have the same displacement.,3.4060000000000628,pslc29-c2,c2,1458.0,1,1,"(3.0, 6.0]",The man and the keys will have the same displacement.,The man and the keys will have the same displacement
59,1,77.316,1535.316,True,False,True,22.0,1528.067,1533.053,The velocity of the professor is the same as the velocity of the spectacles.,2.263000000000148,pslc29-c2,c2,1458.0,0,1,"(-0.001, 3.0]",The velocity of the professor is the same as the velocity of the spectacles.,The velocity of the professor is the same as the velocity of the spectacles
59,2,116.478,1574.478,True,False,True,23.0,1564.82,1572.014,"The only force exerted on the professor is the force of gravity, which is vertically downward.",2.464000000000169,pslc29-c2,c2,1458.0,0,1,"(-0.001, 3.0]","The only force exerted on the professor is the force of gravity, which is vertically downward.",The only force exerted on the professor is the force of gravity which is vertically downward
59,3,136.26,1594.26,True,False,True,24.0,1589.224,1592.011,The direction of the net force is vertically down.,2.249000000000024,pslc29-c2,c2,1458.0,0,1,"(-0.001, 3.0]",The direction of the net force is vertically down.,The direction of the net force is vertically down
59,5,167.366,1625.366,True,False,True,26.0,1615.93,1618.354,Nine point eight meters per second.,7.011999999999944,pslc29-c2,c2,1458.0,0,1,"(6.0, 10.0]",Nine point eight meters per second.,Nine point eight meters per second
59,6,185.483,1643.483,True,False,True,27.0,1636.609,1639.352,Nine point eight meters per second.,4.130999999999858,pslc29-c2,c2,1458.0,0,1,"(3.0, 6.0]",Nine point eight meters per second.,Nine point eight meters per second
59,7,208.112,1666.112,True,False,True,28.0,1658.019,1662.085,Weight equals mass times gravity.,4.027000000000044,pslc29-c2,c2,1458.0,0,1,"(3.0, 6.0]",Weight equals mass times gravity.,Weight equals mass times gravity
59,8,227.491,1685.491,True,False,True,29.0,1679.452,1682.236,Force equals mass times acceleration.,3.2549999999998818,pslc29-c2,c2,1458.0,0,1,"(3.0, 6.0]",Force equals mass times acceleration.,Force equals mass times acceleration
59,9,280.57,1738.57,True,False,True,30.0,1722.566,1731.604,"After they're released, the force acting on the spectacles is gravity, which is nine point eight meters per second squared.",6.965999999999895,pslc29-c2,c2,1458.0,0,1,"(6.0, 10.0]","After they're released, the force acting on the spectacles is gravity, which is nine point eight meters per second squared.",After they're released the force acting on the spectacles is gravity which is nine point eight meters per second squared
59,10,303.224,1761.224,True,False,True,31.0,1755.541,1758.665,The net force is vertically down.,2.558999999999969,pslc29-c2,c2,1458.0,0,1,"(-0.001, 3.0]",The net force is vertically down.,The net force is vertically down
59,11,319.549,1777.549,True,False,True,32.0,1771.163,1775.194,Yes. The acceleration is downward.,2.355000000000018,pslc29-c2,c2,1458.0,0,1,"(-0.001, 3.0]",Yes. The acceleration is downward.,Yes The acceleration is downward
59,12,331.571,1789.571,True,False,True,33.0,1783.348,1786.453,Nine point eight meters per second squared.,3.117999999999938,pslc29-c2,c2,1458.0,0,1,"(3.0, 6.0]",Nine point eight meters per second squared.,Nine point eight meters per second squared
59,13,361.75,1819.75,True,False,True,34.0,1812.299,1815.475,Nine point eight meters in one second.,4.275000000000091,pslc29-c2,c2,1458.0,0,1,"(3.0, 6.0]",Nine point eight meters in one second.,Nine point eight meters in one second
59,14,386.858,1844.858,True,False,True,35.0,1838.688,1841.708,Nine point eight meters per second.,3.149999999999864,pslc29-c2,c2,1458.0,0,1,"(3.0, 6.0]",Nine point eight meters per second.,Nine point eight meters per second
59,15,404.824,1862.824,True,False,True,36.0,1856.764,1859.823,Nineteen point six meters per second.,3.0009999999999764,pslc29-c2,c2,1458.0,0,1,"(3.0, 6.0]",Nineteen point six meters per second.,Nineteen point six meters per second
59,16,423.9,1881.9,True,False,True,37.0,1874.068,1878.261,The professor and the spectacles have the same velocity.,3.639000000000124,pslc29-c2,c2,1458.0,0,1,"(3.0, 6.0]",The professor and the spectacles have the same velocity.,The professor and the spectacles have the same velocity
59,17,446.071,1904.071,True,False,True,38.0,1891.738,1900.208,"Yes. The displacement is the direction, er, the amount that an object has moved.",3.862999999999829,pslc29-c2,c2,1458.0,0,1,"(3.0, 6.0]","Yes. The displacement is the direction, er, the amount that an object has moved.",Yes The displacement is the direction er the amount that an object has moved
59,18,468.445,1926.445,True,False,True,39.0,1919.214,1924.081,The professor and the spectacles have the same displacement.,2.3640000000000327,pslc29-c2,c2,1458.0,0,1,"(-0.001, 3.0]",The professor and the spectacles have the same displacement.,The professor and the spectacles have the same displacement
58,1,55.053,55.053,True,True,True,0.0,49.146,50.279,They are the same.,4.773999999999994,pslc30-c3,c3,1195.0,1,1,"(3.0, 6.0]",They are the same.,They are the same
58,2,93.062,93.062,True,True,True,1.0,84.53,86.633,Gravity vertically up.,6.429000000000002,pslc30-c3,c3,1195.0,1,1,"(6.0, 10.0]",Gravity vertically up.,Gravity vertically up
58,3,117.674,117.674,False,True,True,2.0,111.882,112.583,Up.,5.091000000000008,pslc30-c3,c3,1195.0,1,0,"(3.0, 6.0]",Up.,Up
58,4,151.348,151.348,True,True,True,3.0,144.273,146.035,Yes. Down.,5.313000000000017,pslc30-c3,c3,1195.0,1,1,"(3.0, 6.0]",Yes. Down.,Yes Down
58,5,168.033,168.033,False,True,True,4.0,160.789,164.238,For every force there is another force.,3.794999999999988,pslc30-c3,c3,1195.0,1,0,"(3.0, 6.0]",For every force there is another force.,For every force there is another force
58,6,239.11,239.11,True,True,True,5.0,210.48,233.096,His acces... the man's acceleration is not zero. And points up.,6.01400000000001,pslc30-c3,c3,1195.0,1,1,"(6.0, 10.0]",His acces... the man's acceleration is not zero. And points up.,His acces the man's acceleration is not zero And points up
58,7,290.061,290.061,True,True,True,6.0,282.545,283.726,Not zero.,6.33499999999998,pslc30-c3,c3,1195.0,1,1,"(6.0, 10.0]",Not zero.,Not zero
58,8,308.442,308.442,False,True,True,7.0,302.586,304.459,One meter per second.,3.983000000000004,pslc30-c3,c3,1195.0,1,0,"(3.0, 6.0]",One meter per second.,One meter per second
58,9,331.998,331.998,False,True,True,8.0,325.359,328.644,F equals M times A??,3.353999999999985,pslc30-c3,c3,1195.0,1,0,"(3.0, 6.0]",F equals M times A??,F equals M times A
58,10,362.97,362.97,True,True,True,9.0,356.206,359.091,F equals M times A??,3.879000000000019,pslc30-c3,c3,1195.0,1,1,"(3.0, 6.0]",F equals M times A??,F equals M times A
58,11,404.635,404.635,True,True,True,10.0,397.714,400.288,Gravity vertically down.,4.34699999999998,pslc30-c3,c3,1195.0,1,1,"(3.0, 6.0]",Gravity vertically down.,Gravity vertically down
58,12,423.504,423.504,True,True,True,11.0,416.975,417.956,Down.,5.548000000000002,pslc30-c3,c3,1195.0,1,1,"(3.0, 6.0]",Down.,Down
58,13,452.739,452.739,True,True,True,12.0,446.203,448.128,Yes. Straight down.,4.61099999999999,pslc30-c3,c3,1195.0,1,1,"(3.0, 6.0]",Yes. Straight down.,Yes Straight down
58,14,467.064,467.064,True,True,True,13.0,459.027,462.893,Nine point eight meters per second squared??,4.170999999999992,pslc30-c3,c3,1195.0,1,1,"(3.0, 6.0]",Nine point eight meters per second squared??,Nine point eight meters per second squared
58,15,490.341,490.341,True,True,True,14.0,482.152,486.268,Nine point eight meters per second squared.,4.073000000000036,pslc30-c3,c3,1195.0,1,1,"(3.0, 6.0]",Nine point eight meters per second squared.,Nine point eight meters per second squared
58,16,513.345,513.345,True,True,True,15.0,506.273,509.427,W equals M times G. <nspn>,3.9180000000000064,pslc30-c3,c3,1195.0,1,1,"(3.0, 6.0]",W equals M times G. <nspn>,W equals M times G
58,17,565.08,565.08,True,True,True,16.0,557.159,559.272,Nine point eight meters.,5.807999999999993,pslc30-c3,c3,1195.0,1,1,"(3.0, 6.0]",Nine point eight meters.,Nine point eight meters
58,18,597.259,597.259,True,True,True,17.0,585.489,592.274,Nine point eight meters sp+per second.,4.985000000000014,pslc30-c3,c3,1195.0,1,1,"(3.0, 6.0]",Nine point eight meters sp+per second.,Nine point eight meters sp per second
58,19,626.814,626.814,True,True,True,18.0,619.945,622.779,Nineteen <nspn> point six meters per second.,4.034999999999968,pslc30-c3,c3,1195.0,1,1,"(3.0, 6.0]",Nineteen <nspn> point six meters per second.,Nineteen point six meters per second
58,20,665.299,665.299,True,True,True,19.0,658.931,662.065,<nspn> Twenty nine point four meters per second.,3.233999999999924,pslc30-c3,c3,1195.0,1,1,"(3.0, 6.0]",<nspn> Twenty nine point four meters per second.,Twenty nine point four meters per second
58,21,683.445,683.445,True,True,True,20.0,677.102,678.2139999999999,They are the same.,5.231000000000108,pslc30-c3,c3,1195.0,1,1,"(3.0, 6.0]",They are the same.,They are the same
58,22,698.002,698.002,False,True,True,21.0,692.2909999999999,692.882,No.,5.1200000000000045,pslc30-c3,c3,1195.0,1,0,"(3.0, 6.0]",No.,No
58,23,732.03,732.03,False,True,True,22.0,723.653,727.403,The man's displacement is less <nspn> than the keys.,4.626999999999953,pslc30-c3,c3,1195.0,1,0,"(3.0, 6.0]",The man's displacement is less <nspn> than the keys.,The man's displacement is less than the keys
59,1,77.818,1272.818,True,True,True,23.0,1266.489,1267.7,They are the same.,5.117999999999938,pslc30-c3,c3,1195.0,1,1,"(3.0, 6.0]",They are the same.,They are the same
59,2,115.731,1310.731,True,False,True,24.0,1302.688,1305.036,Gravity. Straight down.,5.694999999999936,pslc30-c3,c3,1195.0,0,1,"(3.0, 6.0]",Gravity. Straight down.,Gravity Straight down
59,3,135.848,1330.848,True,False,True,25.0,1324.61,1326.052,Straight down.,4.796000000000049,pslc30-c3,c3,1195.0,0,1,"(3.0, 6.0]",Straight down.,Straight down
59,4,154.269,1349.269,True,True,True,26.0,1342.257,1344.701,Yes. Straight down.,4.567999999999984,pslc30-c3,c3,1195.0,1,1,"(3.0, 6.0]",Yes. Straight down.,Yes Straight down
59,5,168.947,1363.947,True,True,True,27.0,1355.635,1359.881,Nine point eight meters per second squared.,4.066000000000031,pslc30-c3,c3,1195.0,1,1,"(3.0, 6.0]",Nine point eight meters per second squared.,Nine point eight meters per second squared
59,6,190.007,1385.007,True,False,True,28.0,1377.794,1380.027,Gravity. Straight down.,4.980000000000018,pslc30-c3,c3,1195.0,0,1,"(3.0, 6.0]",Gravity. Straight down.,Gravity Straight down
59,7,209.676,1404.676,True,False,True,29.0,1398.453,1399.815,Straight down.,4.860999999999876,pslc30-c3,c3,1195.0,0,1,"(3.0, 6.0]",Straight down.,Straight down
59,8,225.673,1420.673,False,True,True,30.0,1414.621,1416.758,Yes. Straight down.,3.914999999999964,pslc30-c3,c3,1195.0,1,0,"(3.0, 6.0]",Yes. Straight down.,Yes Straight down
59,9,241.223,1436.223,True,False,True,31.0,1427.256,1431.064,Nine point eight meters per second squared.,5.158999999999878,pslc30-c3,c3,1195.0,0,1,"(3.0, 6.0]",Nine point eight meters per second squared.,Nine point eight meters per second squared
59,10,273.586,1468.586,True,True,True,32.0,1459.139,1463.879,Nine point eight meters sq+per second.,4.707000000000107,pslc30-c3,c3,1195.0,1,1,"(3.0, 6.0]",Nine point eight meters sq+per second.,Nine point eight meters sq per second
59,11,299.149,1494.149,True,True,True,33.0,1487.101,1490.219,Nine point eight meters per second.,3.929999999999836,pslc30-c3,c3,1195.0,1,1,"(3.0, 6.0]",Nine point eight meters per second.,Nine point eight meters per second
59,12,319.222,1514.222,True,True,True,34.0,1506.647,1510.005,Nineteen point six meters per second.,4.216999999999871,pslc30-c3,c3,1195.0,1,1,"(3.0, 6.0]",Nineteen point six meters per second.,Nineteen point six meters per second
59,13,336.672,1531.672,True,True,True,35.0,1525.911,1527.233,They are the same.,4.439000000000078,pslc30-c3,c3,1195.0,1,1,"(3.0, 6.0]",They are the same.,They are the same
59,14,352.375,1547.375,True,False,True,36.0,1540.918,1541.589,Yes.,5.786000000000058,pslc30-c3,c3,1195.0,0,1,"(3.0, 6.0]",Yes.,Yes
59,15,374.633,1569.633,True,True,True,37.0,1563.135,1564.457,They are the same.,5.175999999999931,pslc30-c3,c3,1195.0,1,1,"(3.0, 6.0]",They are the same.,They are the same
58,1,55.387,55.387,True,False,True,1.0,49.09,53.719,<nspn> It's the same. They're equal.,1.6679999999999993,pslc32-c2,c2,1052.0,0,1,"(-0.001, 3.0]",<nspn> It's the same. They're equal.,It's the same They're equal
58,2,98.092,98.092,True,True,True,2.0,84.917,91.208,"Gravity pulling down. And, um, vertically up from the elevator.",6.884,pslc32-c2,c2,1052.0,1,1,"(6.0, 10.0]","Gravity pulling down. And, um, vertically up from the elevator.",Gravity pulling down And um vertically up from the elevator
58,3,124.574,124.574,False,False,True,3.0,117.012,117.843,Gravity.,6.7309999999999945,pslc32-c2,c2,1052.0,0,0,"(6.0, 10.0]",Gravity.,Gravity
58,4,154.074,154.074,True,False,True,4.0,147.922,150.284,Yes. Accelerates downward.,3.790000000000021,pslc32-c2,c2,1052.0,0,1,"(3.0, 6.0]",Yes. Accelerates downward.,Yes Accelerates downward
58,5,175.326,175.326,True,False,True,5.0,164.08100000000002,166.588,Nine point eight times his mass.,8.738,pslc32-c2,c2,1052.0,0,1,"(6.0, 10.0]",Nine point eight times his mass.,Nine point eight times his mass
58,6,194.259,194.259,True,False,True,6.0,187.884,189.206,Nine point eight.,5.052999999999997,pslc32-c2,c2,1052.0,0,1,"(3.0, 6.0]",Nine point eight.,Nine point eight
58,7,215.433,215.433,True,False,True,7.0,208.924,210.476,Mass times gravity.,4.956999999999994,pslc32-c2,c2,1052.0,0,1,"(3.0, 6.0]",Mass times gravity.,Mass times gravity
58,8,239.779,239.779,False,True,True,8.0,231.988,236.028,An object in motion remains <nspn> in motion unless acted on by a force??,3.7510000000000048,pslc32-c2,c2,1052.0,1,0,"(3.0, 6.0]",An object in motion remains <nspn> in motion unless acted on by a force??,An object in motion remains in motion unless acted on by a force
58,9,287.86,287.86,True,False,True,9.0,281.983,283.165,Gravity down.,4.694999999999993,pslc32-c2,c2,1052.0,0,1,"(3.0, 6.0]",Gravity down.,Gravity down
58,10,306.276,306.276,True,False,True,10.0,300.492,301.183,Down. <nspn>,5.093000000000018,pslc32-c2,c2,1052.0,0,1,"(3.0, 6.0]",Down. <nspn>,Down
58,11,320.503,320.503,True,False,True,11.0,314.771,315.803,Yes. Down.,4.699999999999989,pslc32-c2,c2,1052.0,0,1,"(3.0, 6.0]",Yes. Down.,Yes Down
58,12,334.7,334.7,False,False,True,12.0,327.489,328.851,Mass times gravity. <nspn>,5.8489999999999895,pslc32-c2,c2,1052.0,0,0,"(3.0, 6.0]",Mass times gravity. <nspn>,Mass times gravity
58,13,355.408,355.408,False,False,True,13.0,347.778,350.102,Acceleration equals gravity.,5.30600000000004,pslc32-c2,c2,1052.0,0,0,"(3.0, 6.0]",Acceleration equals gravity.,Acceleration equals gravity
58,14,374.991,374.991,True,False,True,14.0,369.02,371.473,Weight equals mass times gravity.,3.5179999999999723,pslc32-c2,c2,1052.0,0,1,"(3.0, 6.0]",Weight equals mass times gravity.,Weight equals mass times gravity
58,15,425.189,425.189,True,False,True,15.0,418.862,421.295,Nine point eight meters per second. <nspn>,3.8940000000000055,pslc32-c2,c2,1052.0,0,1,"(3.0, 6.0]",Nine point eight meters per second. <nspn>,Nine point eight meters per second
58,16,447.89,447.89,True,False,True,16.0,442.612,444.942,Nine point eight meters per second.,2.947999999999979,pslc32-c2,c2,1052.0,0,1,"(-0.001, 3.0]",Nine point eight meters per second.,Nine point eight meters per second
58,17,465.447,465.447,True,False,True,17.0,459.825,462.652,Nineteen point six meters per second.,2.795000000000016,pslc32-c2,c2,1052.0,0,1,"(-0.001, 3.0]",Nineteen point six meters per second.,Nineteen point six meters per second
58,18,479.293,479.293,True,False,True,18.0,473.898,475.104,They are equal.,4.189000000000021,pslc32-c2,c2,1052.0,0,1,"(3.0, 6.0]",They are equal.,They are equal
58,20,512.855,512.855,True,False,True,20.0,507.85,508.952,They are equal.,3.90300000000002,pslc32-c2,c2,1052.0,0,1,"(3.0, 6.0]",They are equal.,They are equal
59,1,77.967,1129.967,True,False,True,23.0,1123.36,1124.282,They are equal.,5.685000000000173,pslc32-c2,c2,1052.0,0,1,"(3.0, 6.0]",They are equal.,They are equal
59,2,112.033,1164.033,True,False,True,24.0,1159.158,1160.807,Gravity. Downward.,3.2259999999998854,pslc32-c2,c2,1052.0,0,1,"(3.0, 6.0]",Gravity. Downward.,Gravity Downward
59,3,130.495,1182.495,True,True,True,25.0,1177.224,1178.165,Down.,4.329999999999927,pslc32-c2,c2,1052.0,1,1,"(3.0, 6.0]",Down.,Down
59,4,143.98,1195.98,True,False,True,26.0,1191.056,1192.688,Yes. Down.,3.2919999999999163,pslc32-c2,c2,1052.0,0,1,"(3.0, 6.0]",Yes. Down.,Yes Down
59,5,158.841,1210.841,True,False,True,27.0,1202.534,1210.023,Nine point eight meters per second squared.,0.8179999999999836,pslc32-c2,c2,1052.0,0,1,"(-0.001, 3.0]",Nine point eight meters per second squared.,Nine point eight meters per second squared
59,6,176.622,1228.622,True,False,True,28.0,1221.983,1225.558,Gravity. Nine point eight meters per second squared.,3.064000000000078,pslc32-c2,c2,1052.0,0,1,"(3.0, 6.0]",Gravity. Nine point eight meters per second squared.,Gravity Nine point eight meters per second squared
59,7,195.851,1247.851,True,False,True,29.0,1242.722,1244.478,Gravity vertically down.,3.373000000000048,pslc32-c2,c2,1052.0,0,1,"(3.0, 6.0]",Gravity vertically down.,Gravity vertically down
59,8,212.44,1264.44,True,False,True,30.0,1260.634,1261.495,Down.,2.945000000000164,pslc32-c2,c2,1052.0,0,1,"(-0.001, 3.0]",Down.,Down
59,9,226.078,1278.078,True,False,True,31.0,1273.692,1275.064,Yes. Down.,3.0139999999998963,pslc32-c2,c2,1052.0,0,1,"(3.0, 6.0]",Yes. Down.,Yes Down
59,10,239.692,1291.692,True,False,True,32.0,1285.171,1288.661,Gravity. Nine point eight meters per second squared.,3.030999999999949,pslc32-c2,c2,1052.0,0,1,"(3.0, 6.0]",Gravity. Nine point eight meters per second squared.,Gravity Nine point eight meters per second squared
59,11,267.416,1319.416,True,False,True,33.0,1314.098,1316.146,Nine point eight meters per second.,3.269999999999982,pslc32-c2,c2,1052.0,0,1,"(3.0, 6.0]",Nine point eight meters per second.,Nine point eight meters per second
59,13,307.411,1359.411,True,False,True,35.0,1354.414,1356.998,Nineteen point six meters per second.,2.413000000000011,pslc32-c2,c2,1052.0,0,1,"(-0.001, 3.0]",Nineteen point six meters per second.,Nineteen point six meters per second
59,14,321.046,1373.046,True,False,True,36.0,1368.625,1370.087,They are equal.,2.95900000000006,pslc32-c2,c2,1052.0,0,1,"(-0.001, 3.0]",They are equal.,They are equal
59,15,336.084,1388.084,True,False,True,37.0,1382.102,1384.63,Yes. Change in distance over time.,3.453999999999951,pslc32-c2,c2,1052.0,0,1,"(3.0, 6.0]",Yes. Change in distance over time.,Yes Change in distance over time
59,16,356.745,1408.745,True,False,True,38.0,1403.37,1404.715,They are equal.,4.029999999999973,pslc32-c2,c2,1052.0,0,1,"(3.0, 6.0]",They are equal.,They are equal
58,1,55.127,55.127,True,True,True,0.0,50.007,51.228,They're equal.,3.899000000000001,pslc33-c3,c3,1306.0,1,1,"(3.0, 6.0]",They're equal.,They're equal
58,3,137.184,137.184,True,True,True,2.0,132.018,132.799,Down.,4.384999999999991,pslc33-c3,c3,1306.0,1,1,"(3.0, 6.0]",Down.,Down
58,4,165.228,165.228,False,False,True,3.0,159.072,159.933,No.,5.295000000000016,pslc33-c3,c3,1306.0,0,0,"(3.0, 6.0]",No.,No
58,5,179.953,179.953,False,True,True,4.0,174.615,176.287,I have no idea.,3.665999999999997,pslc33-c3,c3,1306.0,1,0,"(3.0, 6.0]",I have no idea.,I have no idea
58,6,237.591,237.591,False,True,True,5.0,232.453,233.985,I don't know.,3.6059999999999945,pslc33-c3,c3,1306.0,1,0,"(3.0, 6.0]",I don't know.,I don't know
58,7,277.929,277.929,False,True,True,6.0,273.07,273.871,Zero.,4.057999999999993,pslc33-c3,c3,1306.0,1,0,"(3.0, 6.0]",Zero.,Zero
58,8,296.301,296.301,True,True,True,7.0,288.914,291.608,Nine point eight miles per second.,4.692999999999984,pslc33-c3,c3,1306.0,1,1,"(3.0, 6.0]",Nine point eight miles per second.,Nine point eight miles per second
58,9,319.61,319.61,True,True,True,8.0,312.247,315.512,Uh. Mass times G??,4.098000000000013,pslc33-c3,c3,1306.0,1,1,"(3.0, 6.0]",Uh. Mass times G??,Uh Mass times G
58,10,341.663,341.663,True,True,True,9.0,334.923,337.217,F equals M times A.,4.446000000000026,pslc33-c3,c3,1306.0,1,1,"(3.0, 6.0]",F equals M times A.,F equals M times A
58,11,383.392,383.392,True,False,True,10.0,377.392,379.618,Vertically down and gravity.,3.774000000000001,pslc33-c3,c3,1306.0,0,1,"(3.0, 6.0]",Vertically down and gravity.,Vertically down and gravity
58,13,426.976,426.976,True,False,True,11.0,422.324,424.086,Yes and down.,2.8899999999999864,pslc33-c3,c3,1306.0,0,1,"(-0.001, 3.0]",Yes and down.,Yes and down
58,14,439.742,439.742,True,False,True,12.0,432.432,435.291,Nine point eight miles per second squared.,4.451000000000022,pslc33-c3,c3,1306.0,0,1,"(3.0, 6.0]",Nine point eight miles per second squared.,Nine point eight miles per second squared
58,15,459.314,459.314,True,False,True,13.0,450.034,453.469,Nine point eight M times S squared.,5.845000000000027,pslc33-c3,c3,1306.0,0,1,"(3.0, 6.0]",Nine point eight M times S squared.,Nine point eight M times S squared
58,16,480.094,480.094,True,False,True,14.0,474.952,476.544,M times G.,3.550000000000012,pslc33-c3,c3,1306.0,0,1,"(3.0, 6.0]",M times G.,M times G
58,17,538.677,538.677,True,True,True,15.0,532.447,534.25,Nine point eight meters.,4.427000000000021,pslc33-c3,c3,1306.0,1,1,"(3.0, 6.0]",Nine point eight meters.,Nine point eight meters
58,18,562.234,562.234,True,False,True,16.0,556.319,558.343,Nine point eight meters per second.,3.891000000000077,pslc33-c3,c3,1306.0,0,1,"(3.0, 6.0]",Nine point eight meters per second.,Nine point eight meters per second
58,19,600.459,600.459,True,True,True,17.0,594.715,597.048,Nineteen point six meters per second.,3.4109999999999445,pslc33-c3,c3,1306.0,1,1,"(3.0, 6.0]",Nineteen point six meters per second.,Nineteen point six meters per second
58,20,617.697,617.697,True,True,True,18.0,612.491,613.643,They're the same.,4.053999999999974,pslc33-c3,c3,1306.0,1,1,"(3.0, 6.0]",They're the same.,They're the same
58,21,631.781,631.781,True,False,True,19.0,626.923,627.634,Yes.,4.146999999999935,pslc33-c3,c3,1306.0,0,1,"(3.0, 6.0]",Yes.,Yes
58,22,650.907,650.907,True,True,True,20.0,645.764,646.986,They are the same.,3.921000000000049,pslc33-c3,c3,1306.0,1,1,"(3.0, 6.0]",They are the same.,They are the same
59,1,76.441,1382.441,True,False,True,21.0,1375.465,1376.789,They are the same.,5.652000000000044,pslc33-c3,c3,1306.0,0,1,"(3.0, 6.0]",They are the same.,They are the same
59,2,110.884,1416.884,True,False,True,22.0,1411.102,1413.016,Gravity. Vertically down.,3.867999999999938,pslc33-c3,c3,1306.0,0,1,"(3.0, 6.0]",Gravity. Vertically down.,Gravity Vertically down
59,3,128.657,1434.657,True,False,True,23.0,1431.112,1433.326,Down. Vertically down.,1.3309999999999036,pslc33-c3,c3,1306.0,0,1,"(-0.001, 3.0]",Down. Vertically down.,Down Vertically down
59,4,142.015,1448.015,True,False,True,24.0,1443.49,1445.184,Yes. Vertically down.,2.830999999999904,pslc33-c3,c3,1306.0,0,1,"(-0.001, 3.0]",Yes. Vertically down.,Yes Vertically down
59,5,154.156,1460.156,True,False,True,25.0,1454.691,1457.279,Nine point eight meters per second squared.,2.8769999999999527,pslc33-c3,c3,1306.0,0,1,"(-0.001, 3.0]",Nine point eight meters per second squared.,Nine point eight meters per second squared
59,6,172.482,1478.482,True,False,True,26.0,1473.824,1475.409,Gravity vertically down.,3.0729999999998654,pslc33-c3,c3,1306.0,0,1,"(3.0, 6.0]",Gravity vertically down.,Gravity vertically down
59,7,189.863,1495.863,True,False,True,27.0,1492.176,1493.348,Vertically down.,2.5150000000001,pslc33-c3,c3,1306.0,0,1,"(-0.001, 3.0]",Vertically down.,Vertically down
59,8,203.276,1509.276,True,False,True,28.0,1505.114,1506.687,Yes. Vertically down.,2.589000000000169,pslc33-c3,c3,1306.0,0,1,"(-0.001, 3.0]",Yes. Vertically down.,Yes Vertically down
59,9,213.924,1519.924,True,False,True,29.0,1514.944,1517.402,Nine point eight meters per second squared.,2.5219999999999345,pslc33-c3,c3,1306.0,0,1,"(-0.001, 3.0]",Nine point eight meters per second squared.,Nine point eight meters per second squared
59,10,240.742,1546.742,True,False,True,30.0,1541.679,1543.798,Nine point eight meters per second.,2.94399999999996,pslc33-c3,c3,1306.0,0,1,"(-0.001, 3.0]",Nine point eight meters per second.,Nine point eight meters per second
59,11,262.99,1568.99,True,False,True,31.0,1564.326,1566.571,Nine point eight meters per second.,2.4190000000000964,pslc33-c3,c3,1306.0,0,1,"(-0.001, 3.0]",Nine point eight meters per second.,Nine point eight meters per second
59,12,279.903,1585.903,True,False,True,32.0,1580.74,1583.52,Nineteen point six meters per second.,2.383000000000038,pslc33-c3,c3,1306.0,0,1,"(-0.001, 3.0]",Nineteen point six meters per second.,Nineteen point six meters per second
59,13,293.166,1599.166,True,False,True,33.0,1595.009,1596.321,They are the same.,2.845000000000028,pslc33-c3,c3,1306.0,0,1,"(-0.001, 3.0]",They are the same.,They are the same
59,14,305.292,1611.292,True,False,True,34.0,1607.116,1607.797,Yes.,3.494999999999891,pslc33-c3,c3,1306.0,0,1,"(3.0, 6.0]",Yes.,Yes
59,15,323.216,1629.216,True,False,True,35.0,1625.252,1626.423,They are the same.,2.7929999999998927,pslc33-c3,c3,1306.0,0,1,"(-0.001, 3.0]",They are the same.,They are the same
58,1,56.836,56.836,False,True,True,0.0,50.781,53.419,It's... it's lower??,3.4170000000000016,pslc35-c2,c2,1349.0,1,0,"(3.0, 6.0]",It's... it's lower??,It's it's lower
58,2,121.009,121.009,True,True,True,1.0,101.982,118.267,<spn> <X>. Mass... mmm... gravity down?? I don't know. Uh.,2.7420000000000044,pslc35-c2,c2,1349.0,1,1,"(-0.001, 3.0]",<spn> <X>. Mass... mmm... gravity down?? I don't know. Uh.,Mass mmm gravity down I don't know Uh
58,3,148.948,148.948,True,True,True,2.0,140.53300000000002,142.035,N+down??,6.913000000000011,pslc35-c2,c2,1349.0,1,1,"(6.0, 10.0]",N+down??,N down
58,4,168.977,168.977,True,False,True,3.0,162.75,165.56,Yes. It's accelerating down.,3.4170000000000016,pslc35-c2,c2,1349.0,0,1,"(3.0, 6.0]",Yes. It's accelerating down.,Yes It's accelerating down
58,5,199.732,199.732,False,True,True,4.0,195.242,196.744,I don't know.,2.9879999999999995,pslc35-c2,c2,1349.0,1,0,"(-0.001, 3.0]",I don't know.,I don't know
58,6,237.98,237.98,False,True,True,5.0,234.015,235.608,I still don't know.,2.3719999999999857,pslc35-c2,c2,1349.0,1,0,"(-0.001, 3.0]",I still don't know.,I still don't know
58,7,284.262,284.262,True,True,True,6.0,276.766,279.58,Gravity times mass??,4.682000000000016,pslc35-c2,c2,1349.0,1,1,"(3.0, 6.0]",Gravity times mass??,Gravity times mass
58,8,327.543,327.543,False,True,True,7.0,321.715,323.331,I don't remember.,4.211999999999989,pslc35-c2,c2,1349.0,1,0,"(3.0, 6.0]",I don't remember.,I don't remember
58,9,378.423,378.423,True,False,True,8.0,372.345,375.87,Gravity down. Vertically.,2.5529999999999973,pslc35-c2,c2,1349.0,0,1,"(-0.001, 3.0]",Gravity down. Vertically.,Gravity down Vertically
58,10,394.779,394.779,True,False,True,9.0,391.453,392.374,Down.,2.4049999999999727,pslc35-c2,c2,1349.0,0,1,"(-0.001, 3.0]",Down.,Down
58,11,409.209,409.209,True,False,True,10.0,403.835,406.593,Yes. It's accelerating down.,2.615999999999985,pslc35-c2,c2,1349.0,0,1,"(-0.001, 3.0]",Yes. It's accelerating down.,Yes It's accelerating down
58,12,450.202,450.202,False,True,True,11.0,442.127,446.794,It's acceleration?? Wait no. <spn> I don't know.,3.4080000000000155,pslc35-c2,c2,1349.0,1,0,"(3.0, 6.0]",It's acceleration?? Wait no. <spn> I don't know.,It's acceleration Wait no I don't know
58,13,500.922,500.922,False,True,True,12.0,493.746,495.932,The mass times gravity??,4.990000000000009,pslc35-c2,c2,1349.0,1,0,"(3.0, 6.0]",The mass times gravity??,The mass times gravity
58,14,520.55,520.55,True,False,True,13.0,516.126,517.928,Mass times the gravity.,2.6219999999999573,pslc35-c2,c2,1349.0,0,1,"(-0.001, 3.0]",Mass times the gravity.,Mass times the gravity
58,15,591.419,591.419,False,True,True,14.0,587.417,588.4590000000001,I don't know.,2.9599999999999227,pslc35-c2,c2,1349.0,1,0,"(-0.001, 3.0]",I don't know.,I don't know
58,16,614.495,614.495,True,False,True,15.0,609.097,611.435,Nine point eight meters per second.,3.060000000000059,pslc35-c2,c2,1349.0,0,1,"(3.0, 6.0]",Nine point eight meters per second.,Nine point eight meters per second
58,17,633.395,633.395,False,True,True,16.0,627.004,629.658,"Uh, nine point eight meters per second??",3.7369999999999663,pslc35-c2,c2,1349.0,1,0,"(3.0, 6.0]","Uh, nine point eight meters per second??",Uh nine point eight meters per second
58,18,690.283,690.283,True,True,True,17.0,684.496,687.273,Twenty nine point four meters per second??,3.009999999999991,pslc35-c2,c2,1349.0,1,1,"(3.0, 6.0]",Twenty nine point four meters per second??,Twenty nine point four meters per second
58,19,704.896,704.896,True,True,True,18.0,698.913,700.806,Um. They're the same??,4.089999999999918,pslc35-c2,c2,1349.0,1,1,"(3.0, 6.0]",Um. They're the same??,Um They're the same
58,20,730.044,730.044,False,True,True,19.0,722.489,725.872,Factors of volume and mass.,4.1720000000000255,pslc35-c2,c2,1349.0,1,0,"(3.0, 6.0]",Factors of volume and mass.,Factors of volume and mass
58,21,762.847,762.847,True,False,True,20.0,756.816,759.31,Their displacement is the same.,3.5370000000000346,pslc35-c2,c2,1349.0,0,1,"(3.0, 6.0]",Their displacement is the same.,Their displacement is the same
59,1,75.739,1424.739,True,False,True,22.0,1418.847,1420.322,They're both the same.,4.416999999999916,pslc35-c2,c2,1349.0,0,1,"(3.0, 6.0]",They're both the same.,They're both the same
59,2,110.87,1459.87,True,False,True,23.0,1452.83,1455.807,Uh. Be gravity going down.,4.0629999999998745,pslc35-c2,c2,1349.0,0,1,"(3.0, 6.0]",Uh. Be gravity going down.,Uh Be gravity going down
59,3,131.21,1480.21,True,False,True,24.0,1475.568,1477.072,"Uh, it'd be down.",3.13799999999992,pslc35-c2,c2,1349.0,0,1,"(3.0, 6.0]","Uh, it'd be down.",Uh it'd be down
59,4,145.232,1494.232,True,False,True,25.0,1488.609,1491.71,"Uh, yeah. He would be accelerating down.",2.5219999999999345,pslc35-c2,c2,1349.0,0,1,"(-0.001, 3.0]","Uh, yeah. He would be accelerating down.",Uh yeah He would be accelerating down
59,5,164.14,1513.14,True,True,True,26.0,1506.235,1509.166,Nine point eight meters per second squared??,3.9739999999999327,pslc35-c2,c2,1349.0,1,1,"(3.0, 6.0]",Nine point eight meters per second squared??,Nine point eight meters per second squared
59,6,183.29,1532.29,True,False,True,27.0,1526.399,1529.394,Be gravity going down <nspn> vertically.,2.895999999999958,pslc35-c2,c2,1349.0,0,1,"(-0.001, 3.0]",Be gravity going down <nspn> vertically.,Be gravity going down vertically
59,8,225.291,1574.291,True,False,True,28.0,1568.808,1571.605,<nspn> Yes. They're accelerating down.,2.685999999999922,pslc35-c2,c2,1349.0,0,1,"(-0.001, 3.0]",<nspn> Yes. They're accelerating down.,Yes They're accelerating down
59,9,237.977,1586.977,True,False,True,29.0,1580.924,1583.911,"Uh, nine point eight meters per second squared. <nspn>",3.066000000000031,pslc35-c2,c2,1349.0,0,1,"(3.0, 6.0]","Uh, nine point eight meters per second squared. <nspn>",Uh nine point eight meters per second squared
59,10,265.036,1614.036,True,False,True,30.0,1608.534,1611.118,Nine point eight meters per second. <nspn>,2.91800000000012,pslc35-c2,c2,1349.0,0,1,"(-0.001, 3.0]",Nine point eight meters per second. <nspn>,Nine point eight meters per second
59,11,288.248,1637.248,True,False,True,31.0,1631.872,1634.007,Nine point eight meters per second.,3.240999999999985,pslc35-c2,c2,1349.0,0,1,"(3.0, 6.0]",Nine point eight meters per second.,Nine point eight meters per second
59,12,306.837,1655.837,True,False,True,32.0,1650.179,1652.936,Nineteen point six meters per second.,2.901000000000068,pslc35-c2,c2,1349.0,0,1,"(-0.001, 3.0]",Nineteen point six meters per second.,Nineteen point six meters per second
59,13,320.387,1669.387,True,False,True,33.0,1664.615,1666.22,They are the same.,3.1669999999999163,pslc35-c2,c2,1349.0,0,1,"(3.0, 6.0]",They are the same.,They are the same
59,14,357.06,1706.06,True,True,True,34.0,1694.689,1700.815,The change in position <nspn> of... during velocity. Acceleration.,5.244999999999891,pslc35-c2,c2,1349.0,1,1,"(3.0, 6.0]",The change in position <nspn> of... during velocity. Acceleration.,The change in position of during velocity Acceleration
59,15,376.098,1725.098,True,False,True,35.0,1720.205,1721.207,They're the same.,3.890999999999849,pslc35-c2,c2,1349.0,0,1,"(3.0, 6.0]",They're the same.,They're the same
58,1,81.17,81.17,False,True,True,0.0,71.352,74.194,His velocity is greater??,6.975999999999999,pslc36-c3,c3,2452.0,1,0,"(6.0, 10.0]",His velocity is greater??,His velocity is greater
58,2,171.238,171.238,True,True,True,1.0,158.29,161.63,Mmm. Gravitational force vertically up.,9.608000000000004,pslc36-c3,c3,2452.0,1,1,"(6.0, 10.0]",Mmm. Gravitational force vertically up.,Mmm Gravitational force vertically up
58,3,240.487,240.487,True,True,True,2.0,231.563,232.634,Down.,7.85299999999998,pslc36-c3,c3,2452.0,1,1,"(6.0, 10.0]",Down.,Down
58,4,281.192,281.192,True,True,True,3.0,271.293,273.73,Yes. <spn> Down.,7.461999999999989,pslc36-c3,c3,2452.0,1,1,"(6.0, 10.0]",Yes. <spn> Down.,Yes Down
58,5,348.492,348.492,False,True,True,4.0,336.504,339.317,<nspn> Mass also affects acceleration.,9.175000000000011,pslc36-c3,c3,2452.0,1,0,"(6.0, 10.0]",<nspn> Mass also affects acceleration.,Mass also affects acceleration
58,7,540.565,540.565,False,True,True,6.0,531.512,533.749,Something greater than zero??,6.816000000000031,pslc36-c3,c3,2452.0,1,0,"(6.0, 10.0]",Something greater than zero??,Something greater than zero
58,8,580.063,580.063,False,True,True,7.0,571.293,572.715,I don't know.,7.347999999999956,pslc36-c3,c3,2452.0,1,0,"(6.0, 10.0]",I don't know.,I don't know
58,9,610.498,610.498,False,True,True,8.0,596.32,602.272,"Um, weight equals mass divided by G??",8.225999999999999,pslc36-c3,c3,2452.0,1,0,"(6.0, 10.0]","Um, weight equals mass divided by G??",Um weight equals mass divided by G
58,10,642.677,642.677,True,True,True,9.0,632.28,635.79,Net force equals mass times acceleration??,6.887000000000057,pslc36-c3,c3,2452.0,1,1,"(6.0, 10.0]",Net force equals mass times acceleration??,Net force equals mass times acceleration
58,11,696.94,696.94,True,True,True,10.0,686.173,690.19,Gravitational force <spn> going vertically down??,6.75,pslc36-c3,c3,2452.0,1,1,"(6.0, 10.0]",Gravitational force <spn> going vertically down??,Gravitational force going vertically down
58,12,718.56,718.56,False,False,True,11.0,710.414,711.4159999999999,Down.,7.1440000000000055,pslc36-c3,c3,2452.0,0,0,"(6.0, 10.0]",Down.,Down
58,13,744.636,744.636,True,True,True,12.0,735.961,737.503,Yes. Down.,7.1329999999999245,pslc36-c3,c3,2452.0,1,1,"(6.0, 10.0]",Yes. Down.,Yes Down
58,15,831.07,831.07,True,False,True,14.0,822.042,822.823,No.,8.247000000000071,pslc36-c3,c3,2452.0,0,1,"(6.0, 10.0]",No.,No
58,16,874.87,874.87,True,False,True,15.0,865.0,866.302,Straight down.,8.567999999999984,pslc36-c3,c3,2452.0,0,1,"(6.0, 10.0]",Straight down.,Straight down
58,17,935.013,935.013,True,True,True,16.0,924.732,926.454,Nine point eight.,8.559000000000083,pslc36-c3,c3,2452.0,1,1,"(6.0, 10.0]",Nine point eight.,Nine point eight
58,18,954.697,954.697,True,False,True,17.0,945.718,946.78,Nine point eight.,7.91700000000003,pslc36-c3,c3,2452.0,0,1,"(6.0, 10.0]",Nine point eight.,Nine point eight
58,19,980.453,980.453,True,False,True,18.0,971.574,973.61,Weight equals mass times G.,6.842999999999961,pslc36-c3,c3,2452.0,0,1,"(6.0, 10.0]",Weight equals mass times G.,Weight equals mass times G
58,20,1132.284,1132.284,False,True,True,19.0,1103.488,1123.523,Hmm. Nineteen point six??,8.761000000000195,pslc36-c3,c3,2452.0,1,0,"(6.0, 10.0]",Hmm. Nineteen point six??,Hmm Nineteen point six
58,21,1216.359,1216.359,False,True,True,20.0,1206.645,1207.867,Zero??,8.491999999999962,pslc36-c3,c3,2452.0,1,0,"(6.0, 10.0]",Zero??,Zero
58,22,1258.223,1258.223,True,False,True,21.0,1247.302,1254.2,Nineteen point six meters per second.,4.022999999999911,pslc36-c3,c3,2452.0,0,1,"(3.0, 6.0]",Nineteen point six meters per second.,Nineteen point six meters per second
58,23,1307.352,1307.352,True,False,True,22.0,1297.494,1300.277,Twenty nine point four meters per second.,7.0750000000000455,pslc36-c3,c3,2452.0,0,1,"(6.0, 10.0]",Twenty nine point four meters per second.,Twenty nine point four meters per second
58,24,1361.231,1361.231,True,True,True,23.0,1350.931,1352.453,They're the same??,8.77800000000002,pslc36-c3,c3,2452.0,1,1,"(6.0, 10.0]",They're the same??,They're the same
58,25,1404.679,1404.679,False,False,True,24.0,1393.034,1395.828,Yes. A straight line from point A to point B.,8.851000000000113,pslc36-c3,c3,2452.0,0,0,"(6.0, 10.0]",Yes. A straight line from point A to point B.,Yes A straight line from point A to point B
58,26,1469.284,1469.284,False,True,True,25.0,1460.763,1462.765,It is greater than the keys??,6.5190000000000055,pslc36-c3,c3,2452.0,1,0,"(6.0, 10.0]",It is greater than the keys??,It is greater than the keys
59,1,88.811,2540.811,True,False,True,27.0,2531.506,2532.649,They're the same.,8.162000000000262,pslc36-c3,c3,2452.0,0,1,"(6.0, 10.0]",They're the same.,They're the same
59,2,142.922,2594.922,True,True,True,28.0,2584.419,2587.048,Gravitational force downward.,7.874000000000251,pslc36-c3,c3,2452.0,1,1,"(6.0, 10.0]",Gravitational force downward.,Gravitational force downward
59,3,164.07,2616.07,True,False,True,29.0,2607.218,2608.913,Vertically downward.,7.157000000000153,pslc36-c3,c3,2452.0,0,1,"(6.0, 10.0]",Vertically downward.,Vertically downward
59,4,184.443,2636.443,True,False,True,30.0,2627.005,2629.379,Yes. Vertically downward.,7.064000000000306,pslc36-c3,c3,2452.0,0,1,"(6.0, 10.0]",Yes. Vertically downward.,Yes Vertically downward
59,5,203.784,2655.784,True,True,True,31.0,2644.531,2648.009,Nine point eight meters per second squared??,7.775000000000091,pslc36-c3,c3,2452.0,1,1,"(6.0, 10.0]",Nine point eight meters per second squared??,Nine point eight meters per second squared
59,6,229.644,2681.644,True,False,True,32.0,2671.72,2674.694,<nspn> Gravitational force vertically down.,6.950000000000273,pslc36-c3,c3,2452.0,0,1,"(6.0, 10.0]",<nspn> Gravitational force vertically down.,Gravitational force vertically down
59,7,263.062,2715.062,True,False,True,33.0,2706.44,2708.113,Vertically downward.,6.949000000000069,pslc36-c3,c3,2452.0,0,1,"(6.0, 10.0]",Vertically downward.,Vertically downward
59,8,293.289,2745.289,True,False,True,34.0,2737.067,2739.365,Yes. Vertically downward.,5.923999999999978,pslc36-c3,c3,2452.0,0,1,"(3.0, 6.0]",Yes. Vertically downward.,Yes Vertically downward
59,10,337.019,2789.019,True,False,True,36.0,2778.9,2781.496,Nine point eight meters per second squared.,7.523000000000138,pslc36-c3,c3,2452.0,0,1,"(6.0, 10.0]",Nine point eight meters per second squared.,Nine point eight meters per second squared
59,12,407.607,2859.607,True,False,True,38.0,2848.975,2852.043,Nine point eight meters per second.,7.563999999999851,pslc36-c3,c3,2452.0,0,1,"(6.0, 10.0]",Nine point eight meters per second.,Nine point eight meters per second
59,13,432.571,2884.571,True,False,True,39.0,2873.737,2877.565,Nineteen point six meters per second.,7.005999999999858,pslc36-c3,c3,2452.0,0,1,"(6.0, 10.0]",Nineteen point six meters per second.,Nineteen point six meters per second
59,14,450.16,2902.16,True,False,True,40.0,2893.295,2894.799,They are the same.,7.360999999999876,pslc36-c3,c3,2452.0,0,1,"(6.0, 10.0]",They are the same.,They are the same
59,15,467.333,2919.333,True,False,True,41.0,2910.11,2911.052,Yes.,8.280999999999949,pslc36-c3,c3,2452.0,0,1,"(6.0, 10.0]",Yes.,Yes
59,16,513.677,2965.677,False,True,True,42.0,2956.416,2958.001,They're the same. <nspn>,7.675999999999931,pslc36-c3,c3,2452.0,1,0,"(6.0, 10.0]",They're the same. <nspn>,They're the same
58,1,59.56,59.56,True,False,True,0.0,57.61,59.124,It is the same.,0.4359999999999999,pslc37-c1,c1,1396.0,0,1,"(-0.001, 3.0]",It is the same.,It is the same
58,2,104.591,104.591,True,False,True,1.0,93.305,101.471,The forces exerted on the man after he rel+releases his keys are vertically down.,3.1199999999999903,pslc37-c1,c1,1396.0,0,1,"(3.0, 6.0]",The forces exerted on the man after he rel+releases his keys are vertically down.,The forces exerted on the man after he rel releases his keys are vertically down
58,6,210.334,210.334,False,True,True,5.0,206.955,209.418,"Uh, three meters per second.",0.9159999999999968,pslc37-c1,c1,1396.0,1,0,"(-0.001, 3.0]","Uh, three meters per second.",Uh three meters per second
58,10,369.527,369.527,False,False,True,9.0,359.664,363.413,It is trivial to determine the net force.,6.113999999999976,pslc37-c1,c1,1396.0,0,0,"(6.0, 10.0]",It is trivial to determine the net force.,It is trivial to determine the net force
58,12,435.243,435.243,True,True,True,11.0,431.503,434.914,Nine point eight meters per second squared??,0.3290000000000077,pslc37-c1,c1,1396.0,1,1,"(-0.001, 3.0]",Nine point eight meters per second squared??,Nine point eight meters per second squared
58,14,491.728,491.728,True,True,True,13.0,488.614,490.817,Nine point eight meters.,0.9110000000000014,pslc37-c1,c1,1396.0,1,1,"(-0.001, 3.0]",Nine point eight meters.,Nine point eight meters
58,15,520.924,520.924,False,True,True,14.0,518.621,519.623,Zero.,1.3009999999999309,pslc37-c1,c1,1396.0,1,0,"(-0.001, 3.0]",Zero.,Zero
58,16,578.986,578.986,True,True,True,15.0,571.535,577.674,The velocity will be nineteen point six meters??,1.3120000000000118,pslc37-c1,c1,1396.0,1,1,"(-0.001, 3.0]",The velocity will be nineteen point six meters??,The velocity will be nineteen point six meters
58,17,655.198,655.198,True,False,True,16.0,649.312,654.39,Twenty nine point four meters <nspn> per second.,0.8079999999999927,pslc37-c1,c1,1396.0,0,1,"(-0.001, 3.0]",Twenty nine point four meters <nspn> per second.,Twenty nine point four meters per second
58,20,721.003,721.003,True,False,True,19.0,719.317,720.609,It's the same.,0.3940000000000054,pslc37-c1,c1,1396.0,0,1,"(-0.001, 3.0]",It's the same.,It's the same
59,10,272.167,1668.167,False,False,True,30.0,1660.282,1665.33,Nine point eight meters per second squared.,2.836999999999989,pslc37-c1,c1,1396.0,0,0,"(-0.001, 3.0]",Nine point eight meters per second squared.,Nine point eight meters per second squared
58,1,57.126,57.126,True,False,True,0.0,49.233,50.517,It's the same.,6.608999999999995,pslc38-c2,c2,863.0,0,1,"(6.0, 10.0]",It's the same.,It's the same
58,2,95.119,95.119,True,True,True,1.0,87.137,89.161,<spn> Gravity vertically down.,5.957999999999998,pslc38-c2,c2,863.0,1,1,"(3.0, 6.0]",<spn> Gravity vertically down.,Gravity vertically down
58,3,114.404,114.404,True,False,True,2.0,108.067,108.718,Down.,5.685999999999993,pslc38-c2,c2,863.0,0,1,"(3.0, 6.0]",Down.,Down
58,4,128.002,128.002,True,False,True,3.0,123.054,124.486,Yes. Downwards.,3.5160000000000053,pslc38-c2,c2,863.0,0,1,"(3.0, 6.0]",Yes. Downwards.,Yes Downwards
58,5,149.461,149.461,False,True,True,4.0,145.012,145.974,I don't know.,3.487000000000023,pslc38-c2,c2,863.0,1,0,"(3.0, 6.0]",I don't know.,I don't know
58,6,164.387,164.387,False,True,True,5.0,159.539,160.43099999999998,Zero??,3.956000000000017,pslc38-c2,c2,863.0,1,0,"(3.0, 6.0]",Zero??,Zero
58,7,193.513,193.513,False,True,True,6.0,187.976,189.308,I don't remember.,4.2050000000000125,pslc38-c2,c2,863.0,1,0,"(3.0, 6.0]",I don't remember.,I don't remember
58,8,219.466,219.466,False,True,True,7.0,208.567,215.709,An object will continue at motion or at rest until it's acted upon by an outside force.,3.757000000000005,pslc38-c2,c2,863.0,1,0,"(3.0, 6.0]",An object will continue at motion or at rest until it's acted upon by an outside force.,An object will continue at motion or at rest until it's acted upon by an outside force
58,9,264.026,264.026,True,False,True,8.0,259.369,260.86,Gravity vertically down.,3.165999999999997,pslc38-c2,c2,863.0,0,1,"(3.0, 6.0]",Gravity vertically down.,Gravity vertically down
58,10,280.641,280.641,True,False,True,9.0,275.851,276.632,Downward.,4.009000000000015,pslc38-c2,c2,863.0,0,1,"(3.0, 6.0]",Downward.,Downward
58,11,293.383,293.383,True,False,True,10.0,289.108,290.74,Yes. Downwards.,2.6429999999999723,pslc38-c2,c2,863.0,0,1,"(-0.001, 3.0]",Yes. Downwards.,Yes Downwards
58,12,305.429,305.429,True,False,True,11.0,299.345,301.469,Nine point eight meters per second squared.,3.95999999999998,pslc38-c2,c2,863.0,0,1,"(3.0, 6.0]",Nine point eight meters per second squared.,Nine point eight meters per second squared
58,13,343.559,343.559,True,True,True,12.0,335.01800000000003,337.621,It's going nine point eight meters per second faster??,5.938000000000045,pslc38-c2,c2,863.0,1,1,"(3.0, 6.0]",It's going nine point eight meters per second faster??,It's going nine point eight meters per second faster
58,14,367.01,367.01,True,False,True,13.0,361.357,363.161,Nine point eight meters per second.,3.8489999999999895,pslc38-c2,c2,863.0,0,1,"(3.0, 6.0]",Nine point eight meters per second.,Nine point eight meters per second
58,15,390.199,390.199,True,True,True,14.0,382.683,385.046,Nineteen point six meters per second.,5.15300000000002,pslc38-c2,c2,863.0,1,1,"(3.0, 6.0]",Nineteen point six meters per second.,Nineteen point six meters per second
58,16,410.028,410.028,True,False,True,15.0,398.884,402.423,"At every second, it increases another nine point eight meters per second. <nspn>",7.605000000000018,pslc38-c2,c2,863.0,0,1,"(6.0, 10.0]","At every second, it increases another nine point eight meters per second. <nspn>",At every second it increases another nine point eight meters per second
58,17,445.334,445.334,True,False,True,16.0,438.956,439.814,Yes.,5.519999999999982,pslc38-c2,c2,863.0,0,1,"(3.0, 6.0]",Yes.,Yes
58,18,465.349,465.349,True,False,True,17.0,459.421,460.933,<nspn> They are the same point.,4.415999999999997,pslc38-c2,c2,863.0,0,1,"(3.0, 6.0]",<nspn> They are the same point.,They are the same point
59,1,77.102,940.102,True,False,True,18.0,932.671,934.125,It's the same.,5.976999999999975,pslc38-c2,c2,863.0,0,1,"(3.0, 6.0]",It's the same.,It's the same
59,2,111.008,974.008,True,False,True,19.0,968.643,970.448,Gravity vertically down.,3.560000000000059,pslc38-c2,c2,863.0,0,1,"(3.0, 6.0]",Gravity vertically down.,Gravity vertically down
59,3,127.756,990.756,True,False,True,20.0,986.205,987.159,Down.,3.59699999999998,pslc38-c2,c2,863.0,0,1,"(3.0, 6.0]",Down.,Down
59,4,145.114,1008.114,True,False,True,21.0,1001.706,1004.323,Nine point eight meters per seconds downward.,3.7910000000000537,pslc38-c2,c2,863.0,0,1,"(3.0, 6.0]",Nine point eight meters per seconds downward.,Nine point eight meters per seconds downward
59,5,158.369,1021.369,True,False,True,22.0,1012.681,1014.633,Nine point eight meters per second.,6.73599999999999,pslc38-c2,c2,863.0,0,1,"(6.0, 10.0]",Nine point eight meters per second.,Nine point eight meters per second
59,6,175.349,1038.349,True,False,True,23.0,1030.751,1033.106,Nine point eight meters per second squared.,5.242999999999938,pslc38-c2,c2,863.0,0,1,"(3.0, 6.0]",Nine point eight meters per second squared.,Nine point eight meters per second squared
59,7,194.026,1057.026,True,False,True,24.0,1051.695,1053.449,Gravity vertically down.,3.576999999999998,pslc38-c2,c2,863.0,0,1,"(3.0, 6.0]",Gravity vertically down.,Gravity vertically down
59,8,211.263,1074.263,True,False,True,25.0,1069.627,1070.878,Downward.,3.384999999999991,pslc38-c2,c2,863.0,0,1,"(3.0, 6.0]",Downward.,Downward
59,9,226.117,1089.117,True,False,True,26.0,1083.284,1085.457,Yes. Downwards.,3.659999999999856,pslc38-c2,c2,863.0,0,1,"(3.0, 6.0]",Yes. Downwards.,Yes Downwards
59,10,237.763,1100.763,True,False,True,27.0,1094.034,1096.268,Nine point eight meters per second squared.,4.494999999999891,pslc38-c2,c2,863.0,0,1,"(3.0, 6.0]",Nine point eight meters per second squared.,Nine point eight meters per second squared
59,11,266.485,1129.485,True,False,True,28.0,1122.518,1125.592,It's going nine point eight meters per second faster.,3.893000000000029,pslc38-c2,c2,863.0,0,1,"(3.0, 6.0]",It's going nine point eight meters per second faster.,It's going nine point eight meters per second faster
59,12,289.202,1152.202,True,False,True,29.0,1146.355,1148.651,Nine point eight meters per second.,3.550999999999931,pslc38-c2,c2,863.0,0,1,"(3.0, 6.0]",Nine point eight meters per second.,Nine point eight meters per second
59,13,308.263,1171.263,True,False,True,30.0,1165.297,1167.565,Nineteen point six meters per second??,3.6979999999998654,pslc38-c2,c2,863.0,0,1,"(3.0, 6.0]",Nineteen point six meters per second??,Nineteen point six meters per second
59,14,321.413,1184.413,True,False,True,31.0,1179.472,1180.513,They're the same.,3.900000000000091,pslc38-c2,c2,863.0,0,1,"(3.0, 6.0]",They're the same.,They're the same
59,15,333.484,1196.484,True,False,True,32.0,1192.161,1192.771,Yes.,3.712999999999965,pslc38-c2,c2,863.0,0,1,"(3.0, 6.0]",Yes.,Yes
59,16,352.457,1215.457,True,False,True,33.0,1210.298,1211.582,It is the same.,3.8749999999997726,pslc38-c2,c2,863.0,0,1,"(3.0, 6.0]",It is the same.,It is the same
58,1,54.725,54.725,True,False,True,0.0,49.293,50.514,The same. <spn>,4.210999999999999,pslc39-c3,c3,1221.0,0,1,"(3.0, 6.0]",The same. <spn>,The same
58,2,89.911,89.911,True,False,True,1.0,82.162,83.895,Vertically down. <spn>,6.016000000000005,pslc39-c3,c3,1221.0,0,1,"(6.0, 10.0]",Vertically down. <spn>,Vertically down
58,3,123.154,123.154,True,True,True,2.0,118.214,119.045,Down??,4.108999999999995,pslc39-c3,c3,1221.0,1,1,"(3.0, 6.0]",Down??,Down
58,4,152.212,152.212,True,False,True,3.0,146.652,148.926,Yes. Down. <spn>,3.2860000000000014,pslc39-c3,c3,1221.0,0,1,"(3.0, 6.0]",Yes. Down. <spn>,Yes Down
58,5,167.353,167.353,False,True,True,4.0,162.427,163.603,I don't know.,3.75,pslc39-c3,c3,1221.0,1,0,"(3.0, 6.0]",I don't know.,I don't know
58,6,184.574,184.574,False,True,True,5.0,179.129,180.282,It's the same??,4.292000000000002,pslc39-c3,c3,1221.0,1,0,"(3.0, 6.0]",It's the same??,It's the same
58,7,204.419,204.419,False,True,True,6.0,199.621,200.953,I don't know.,3.466000000000008,pslc39-c3,c3,1221.0,1,0,"(3.0, 6.0]",I don't know.,I don't know
58,8,222.072,222.072,False,True,True,7.0,217.022,217.983,I don't know.,4.088999999999999,pslc39-c3,c3,1221.0,1,0,"(3.0, 6.0]",I don't know.,I don't know
58,9,267.602,267.602,True,False,True,8.0,261.819,263.361,Vertically down. <spn>,4.2409999999999854,pslc39-c3,c3,1221.0,0,1,"(3.0, 6.0]",Vertically down. <spn>,Vertically down
58,10,289.317,289.317,True,False,True,9.0,284.454,285.576,Down.,3.7409999999999854,pslc39-c3,c3,1221.0,0,1,"(3.0, 6.0]",Down.,Down
58,12,340.613,340.613,True,False,True,11.0,335.296,336.859,Yes. Down.,3.754000000000019,pslc39-c3,c3,1221.0,0,1,"(3.0, 6.0]",Yes. Down.,Yes Down
58,13,355.282,355.282,False,True,True,12.0,349.138,351.972,W equals M times G??,3.3100000000000023,pslc39-c3,c3,1221.0,1,0,"(3.0, 6.0]",W equals M times G??,W equals M times G
58,14,370.642,370.642,False,True,True,13.0,365.028,367.234,W equals M times G??,3.4080000000000155,pslc39-c3,c3,1221.0,1,0,"(3.0, 6.0]",W equals M times G??,W equals M times G
58,15,392.42,392.42,False,True,True,14.0,384.891,386.984,F equals M times A??,5.436000000000036,pslc39-c3,c3,1221.0,1,0,"(3.0, 6.0]",F equals M times A??,F equals M times A
58,16,455.683,455.683,False,True,True,15.0,449.242,451.531,Nine point eight divided by t+two??,4.151999999999987,pslc39-c3,c3,1221.0,1,0,"(3.0, 6.0]",Nine point eight divided by t+two??,Nine point eight divided by t two
58,17,480.27,480.27,True,True,True,16.0,472.638,475.118,Nine point eight meters??,5.151999999999987,pslc39-c3,c3,1221.0,1,1,"(3.0, 6.0]",Nine point eight meters??,Nine point eight meters
58,18,518.128,518.128,False,True,True,17.0,507.978,513.155,Nine point eight meters second squared. <spn>,4.97300000000007,pslc39-c3,c3,1221.0,1,0,"(3.0, 6.0]",Nine point eight meters second squared. <spn>,Nine point eight meters second squared
58,19,561.177,561.177,True,True,True,18.0,554.832,556.558,Twenty nine point four??,4.619000000000028,pslc39-c3,c3,1221.0,1,1,"(3.0, 6.0]",Twenty nine point four??,Twenty nine point four
58,20,586.325,586.325,True,False,True,19.0,578.866,580.028,The same.,6.2970000000000255,pslc39-c3,c3,1221.0,0,1,"(6.0, 10.0]",The same.,The same
58,21,598.554,598.554,False,True,True,20.0,593.927,594.748,No.,3.8059999999999263,pslc39-c3,c3,1221.0,1,0,"(3.0, 6.0]",No.,No
58,22,621.903,621.903,True,False,True,21.0,615.96,617.803,Equal. The same.,4.100000000000023,pslc39-c3,c3,1221.0,0,1,"(3.0, 6.0]",Equal. The same.,Equal The same
59,1,74.33,1295.33,True,False,True,22.0,1290.566,1291.447,The same.,3.883000000000038,pslc39-c3,c3,1221.0,0,1,"(3.0, 6.0]",The same.,The same
59,2,108.413,1329.413,True,False,True,23.0,1321.448,1325.023,***St.*** Straight down.,4.3900000000001,pslc39-c3,c3,1221.0,0,1,"(3.0, 6.0]",***St.*** Straight down.,St Straight down
59,3,141.888,1362.888,True,False,True,24.0,1357.246,1358.668,Straight down.,4.220000000000027,pslc39-c3,c3,1221.0,0,1,"(3.0, 6.0]",Straight down.,Straight down
59,4,155.172,1376.172,True,False,True,25.0,1371.333,1373.086,Yes. Down.,3.0860000000000127,pslc39-c3,c3,1221.0,0,1,"(3.0, 6.0]",Yes. Down.,Yes Down
59,5,170.786,1391.786,False,True,True,26.0,1385.255,1387.728,F equals M times A??,4.057999999999993,pslc39-c3,c3,1221.0,1,0,"(3.0, 6.0]",F equals M times A??,F equals M times A
59,6,186.36,1407.36,False,True,True,27.0,1402.748,1403.82,I don't know.,3.540000000000191,pslc39-c3,c3,1221.0,1,0,"(3.0, 6.0]",I don't know.,I don't know
59,7,207.381,1428.381,True,False,True,28.0,1421.598,1424.282,W equals M times G. <nspn>,4.09900000000016,pslc39-c3,c3,1221.0,0,1,"(3.0, 6.0]",W equals M times G. <nspn>,W equals M times G
59,8,226.745,1447.745,True,False,True,29.0,1442.242,1444.946,F equals M times A.,2.798999999999978,pslc39-c3,c3,1221.0,0,1,"(-0.001, 3.0]",F equals M times A.,F equals M times A
59,9,269.158,1490.158,True,False,True,30.0,1483.9,1486.245,Gravity. Straight down.,3.913000000000011,pslc39-c3,c3,1221.0,0,1,"(3.0, 6.0]",Gravity. Straight down.,Gravity Straight down
59,10,285.487,1506.487,True,False,True,31.0,1502.28,1503.622,Straight down.,2.865000000000009,pslc39-c3,c3,1221.0,0,1,"(-0.001, 3.0]",Straight down.,Straight down
59,11,299.029,1520.029,True,False,True,32.0,1514.869,1516.852,Yes. Straight down.,3.1769999999999072,pslc39-c3,c3,1221.0,0,1,"(3.0, 6.0]",Yes. Straight down.,Yes Straight down
59,12,313.747,1534.747,True,False,True,33.0,1526.468,1531.434,Nine point eight meters per second squared.,3.313000000000102,pslc39-c3,c3,1221.0,0,1,"(3.0, 6.0]",Nine point eight meters per second squared.,Nine point eight meters per second squared
59,13,358.211,1579.211,False,True,True,34.0,1573.004,1577.765,Four point nine <nspn> meters.,1.445999999999913,pslc39-c3,c3,1221.0,1,0,"(-0.001, 3.0]",Four point nine <nspn> meters.,Four point nine meters
59,14,382.823,1603.823,True,True,True,35.0,1596.376,1598.068,Nine point eight meters.,5.754999999999882,pslc39-c3,c3,1221.0,1,1,"(3.0, 6.0]",Nine point eight meters.,Nine point eight meters
59,15,419.841,1640.841,True,False,True,36.0,1633.346,1636.642,Nineteen point six meters per second. <spn>,4.198999999999842,pslc39-c3,c3,1221.0,0,1,"(3.0, 6.0]",Nineteen point six meters per second. <spn>,Nineteen point six meters per second
59,16,433.246,1654.246,True,False,True,37.0,1649.461,1650.563,The same.,3.6829999999999927,pslc39-c3,c3,1221.0,0,1,"(3.0, 6.0]",The same.,The same
59,17,447.541,1668.541,True,False,True,38.0,1662.423,1663.895,Yes.,4.645999999999958,pslc39-c3,c3,1221.0,0,1,"(3.0, 6.0]",Yes.,Yes
59,18,466.722,1687.722,True,False,True,39.0,1682.991,1683.942,The same.,3.7799999999999727,pslc39-c3,c3,1221.0,0,1,"(3.0, 6.0]",The same.,The same
58,2,100.337,100.337,True,True,True,1.0,89.27199999999999,94.546,Um. <nspn> Gravity vertically down. Uh.,5.791000000000011,pslc40-c1,c1,1105.0,1,1,"(3.0, 6.0]",Um. <nspn> Gravity vertically down. Uh.,Um Gravity vertically down Uh
58,3,135.41,135.41,False,False,True,2.0,129.946,131.017,Straight down.,4.393000000000001,pslc40-c1,c1,1105.0,0,0,"(3.0, 6.0]",Straight down.,Straight down
58,4,150.8,150.8,True,False,True,3.0,145.095,147.761,Yes. Accelerating straight down.,3.039000000000016,pslc40-c1,c1,1105.0,0,1,"(3.0, 6.0]",Yes. Accelerating straight down.,Yes Accelerating straight down
58,5,171.445,171.445,False,True,True,4.0,163.69,166.94400000000002,Is it equal to gravity times his weight?,4.500999999999976,pslc40-c1,c1,1105.0,1,0,"(3.0, 6.0]",Is it equal to gravity times his weight?,Is it equal to gravity times his weight
58,6,193.025,193.025,True,False,True,5.0,183.621,185.604,<No>. Nine point eight meters per second.,7.420999999999992,pslc40-c1,c1,1105.0,0,1,"(6.0, 10.0]",<No>. Nine point eight meters per second.,Nine point eight meters per second
58,7,218.18,218.18,True,True,True,6.0,206.892,213.852,Um. Mass times gravitational pull??,4.328000000000003,pslc40-c1,c1,1105.0,1,1,"(3.0, 6.0]",Um. Mass times gravitational pull??,Um Mass times gravitational pull
58,8,244.492,244.492,False,True,True,7.0,233.795,240.798,Uh. I have no idea.,3.693999999999989,pslc40-c1,c1,1105.0,1,0,"(3.0, 6.0]",Uh. I have no idea.,Uh I have no idea
58,9,291.185,291.185,True,False,True,8.0,286.269,289.846,"Gravity vertically down, straight down. Whatever you want to call it.",1.3389999999999986,pslc40-c1,c1,1105.0,0,1,"(-0.001, 3.0]","Gravity vertically down, straight down. Whatever you want to call it.",Gravity vertically down straight down Whatever you want to call it
58,10,308.15,308.15,True,False,True,9.0,303.422,304.644,Straight down.,3.505999999999972,pslc40-c1,c1,1105.0,0,1,"(3.0, 6.0]",Straight down.,Straight down
58,11,321.342,321.342,True,False,True,10.0,316.532,318.011,Yes. Straight down.,3.3309999999999604,pslc40-c1,c1,1105.0,0,1,"(3.0, 6.0]",Yes. Straight down.,Yes Straight down
58,12,350.151,350.151,True,True,True,11.0,340.555,343.068,The strength of gravity??,7.083000000000027,pslc40-c1,c1,1105.0,1,1,"(6.0, 10.0]",The strength of gravity??,The strength of gravity
58,13,380.705,380.705,False,False,True,12.0,371.944,374.097,W equals M times G.,6.608000000000004,pslc40-c1,c1,1105.0,0,0,"(6.0, 10.0]",W equals M times G.,W equals M times G
58,14,400.494,400.494,True,False,True,14.0,395.497,396.959,W equals M times G. <nspn>,3.535000000000025,pslc40-c1,c1,1105.0,0,1,"(3.0, 6.0]",W equals M times G. <nspn>,W equals M times G
58,15,458.909,458.909,True,True,True,15.0,447.224,450.954,Nine point eight meters per second squared.,7.954999999999984,pslc40-c1,c1,1105.0,1,1,"(6.0, 10.0]",Nine point eight meters per second squared.,Nine point eight meters per second squared
58,16,482.929,482.929,True,False,True,16.0,477.319,478.774,Nine point eight meters per second. <nspn>,4.154999999999973,pslc40-c1,c1,1105.0,0,1,"(3.0, 6.0]",Nine point eight meters per second. <nspn>,Nine point eight meters per second
58,17,503.157,503.157,True,False,True,17.0,497.185,499.438,Nineteen point six meters per second.,3.718999999999994,pslc40-c1,c1,1105.0,0,1,"(3.0, 6.0]",Nineteen point six meters per second.,Nineteen point six meters per second
58,19,532.241,532.241,False,True,True,19.0,527.039,527.69,No.,4.550999999999931,pslc40-c1,c1,1105.0,1,0,"(3.0, 6.0]",No.,No
58,20,553.589,553.589,True,False,True,20.0,547.996,549.318,Should be the same.,4.271000000000072,pslc40-c1,c1,1105.0,0,1,"(3.0, 6.0]",Should be the same.,Should be the same
59,1,75.651,1180.651,True,False,True,23.0,1174.797,1175.688,It's the same.,4.962999999999965,pslc40-c1,c1,1105.0,0,1,"(3.0, 6.0]",It's the same.,It's the same
59,2,115.771,1220.771,True,False,True,24.0,1209.914,1213.639,Gravity vertically down. Air resistance vertically up.,7.132000000000062,pslc40-c1,c1,1105.0,0,1,"(6.0, 10.0]",Gravity vertically down. Air resistance vertically up.,Gravity vertically down Air resistance vertically up
59,3,135.88,1240.88,True,False,True,25.0,1236.887,1238.109,Vertically down.,2.771000000000185,pslc40-c1,c1,1105.0,0,1,"(-0.001, 3.0]",Vertically down.,Vertically down
59,4,150.661,1255.661,True,False,True,26.0,1250.955,1252.988,Yes. Vertically down.,2.673000000000002,pslc40-c1,c1,1105.0,0,1,"(-0.001, 3.0]",Yes. Vertically down.,Yes Vertically down
59,5,165.084,1270.084,True,False,True,27.0,1263.953,1266.559,Nine point eight meters per second squared.,3.525000000000091,pslc40-c1,c1,1105.0,0,1,"(3.0, 6.0]",Nine point eight meters per second squared.,Nine point eight meters per second squared
59,6,187.999,1292.999,True,False,True,28.0,1285.679,1289.833,Gravity. Ver+ver+bleh gravity vertically down.,3.16599999999994,pslc40-c1,c1,1105.0,0,1,"(3.0, 6.0]",Gravity. Ver+ver+bleh gravity vertically down.,Gravity Ver ver bleh gravity vertically down
59,7,208.788,1313.788,True,False,True,29.0,1309.351,1310.673,Vertically down.,3.115000000000009,pslc40-c1,c1,1105.0,0,1,"(3.0, 6.0]",Vertically down.,Vertically down
59,8,221.65,1326.65,True,False,True,30.0,1322.38,1324.132,Yes. Vertically down. <nspn>,2.518000000000029,pslc40-c1,c1,1105.0,0,1,"(-0.001, 3.0]",Yes. Vertically down. <nspn>,Yes Vertically down
59,9,232.48,1337.48,True,False,True,31.0,1332.35,1334.503,<npsn> Nine point eight meters per second squared.,2.977000000000089,pslc40-c1,c1,1105.0,0,1,"(-0.001, 3.0]",<npsn> Nine point eight meters per second squared.,Nine point eight meters per second squared
59,10,260.628,1365.628,True,False,True,32.0,1359.884,1361.998,Nine point eight meters per second.,3.6299999999998818,pslc40-c1,c1,1105.0,0,1,"(3.0, 6.0]",Nine point eight meters per second.,Nine point eight meters per second
59,11,282.999,1387.999,True,False,True,33.0,1383.213,1385.136,Nine point eight meters per second.,2.8630000000000564,pslc40-c1,c1,1105.0,0,1,"(-0.001, 3.0]",Nine point eight meters per second.,Nine point eight meters per second
59,12,300.885,1405.885,True,False,True,34.0,1400.599,1402.873,Nineteen point six meters per second.,3.011999999999944,pslc40-c1,c1,1105.0,0,1,"(3.0, 6.0]",Nineteen point six meters per second.,Nineteen point six meters per second
59,13,316.963,1421.963,True,False,True,35.0,1416.503,1417.855,<nspn> They are identical. <spn>,4.107999999999947,pslc40-c1,c1,1105.0,0,1,"(3.0, 6.0]",<nspn> They are identical. <spn>,They are identical
59,14,334.136,1439.136,False,False,True,36.0,1432.815,1433.646,Yes.,5.490000000000009,pslc40-c1,c1,1105.0,0,0,"(3.0, 6.0]",Yes.,Yes
59,15,355.068,1460.068,True,False,True,37.0,1454.83,1456.924,They are identical.,3.144000000000005,pslc40-c1,c1,1105.0,0,1,"(3.0, 6.0]",They are identical.,They are identical
58,1,56.743,56.743,True,False,True,0.0,49.468,51.43,The velocity is the same.,5.313000000000002,pslc41-c2,c2,1130.0,0,1,"(3.0, 6.0]",The velocity is the same.,The velocity is the same
58,2,122.116,122.116,True,True,True,1.0,97.447,116.02,"The forces exerted on the man are the gravitational forces of Earth and the force of the floor of the elevator, which is being exerted vertically up.",6.095999999999989,pslc41-c2,c2,1130.0,1,1,"(6.0, 10.0]","The forces exerted on the man are the gravitational forces of Earth and the force of the floor of the elevator, which is being exerted vertically up.",The forces exerted on the man are the gravitational forces of Earth and the force of the floor of the elevator which is being exerted vertically up
58,3,148.776,148.776,True,False,True,2.0,140.248,144.637,"Uh, the direction of the net force is the force of gravity vertically down.",4.13900000000001,pslc41-c2,c2,1130.0,0,1,"(3.0, 6.0]","Uh, the direction of the net force is the force of gravity vertically down.",Uh the direction of the net force is the force of gravity vertically down
58,4,171.076,171.076,True,True,True,3.0,161.55,167.067,The person is accelerating vertically down.,4.008999999999986,pslc41-c2,c2,1130.0,1,1,"(3.0, 6.0]",The person is accelerating vertically down.,The person is accelerating vertically down
58,5,185.97,185.97,True,False,True,4.0,178.953,181.948,Nine point eight meters per second squared.,4.021999999999991,pslc41-c2,c2,1130.0,0,1,"(3.0, 6.0]",Nine point eight meters per second squared.,Nine point eight meters per second squared
58,6,215.581,215.581,True,True,True,5.0,200.239,210.165,"The forces acting on the keys after they're released is the force of gravity, which is being exerted vertically down.",5.415999999999997,pslc41-c2,c2,1130.0,1,1,"(3.0, 6.0]","The forces acting on the keys after they're released is the force of gravity, which is being exerted vertically down.",The forces acting on the keys after they're released is the force of gravity which is being exerted vertically down
58,7,239.409,239.409,True,False,True,6.0,227.846,236.708,The net force on the keys is the acceleration of gravity vertically down.,2.7009999999999934,pslc41-c2,c2,1130.0,0,1,"(-0.001, 3.0]",The net force on the keys is the acceleration of gravity vertically down.,The net force on the keys is the acceleration of gravity vertically down
58,8,255.414,255.414,True,False,True,7.0,248.659,252.734,The keys have an acceleration vertically down.,2.6799999999999784,pslc41-c2,c2,1130.0,0,1,"(-0.001, 3.0]",The keys have an acceleration vertically down.,The keys have an acceleration vertically down
58,9,267.724,267.724,True,False,True,8.0,261.22,265.155,Nine point eight meters per second squared.,2.569000000000017,pslc41-c2,c2,1130.0,0,1,"(-0.001, 3.0]",Nine point eight meters per second squared.,Nine point eight meters per second squared
58,10,303.519,303.519,True,True,True,9.0,290.624,299.11,Change in the object's velocity in one second is nine point eight meters per second.,4.408999999999992,pslc41-c2,c2,1130.0,1,1,"(3.0, 6.0]",Change in the object's velocity in one second is nine point eight meters per second.,Change in the object's velocity in one second is nine point eight meters per second
58,11,327.426,327.426,True,False,True,10.0,321.565,324.599,Nine point eight meters per second.,2.826999999999998,pslc41-c2,c2,1130.0,0,1,"(-0.001, 3.0]",Nine point eight meters per second.,Nine point eight meters per second
58,12,360.653,360.653,True,True,True,11.0,346.672,357.266,So the velocity a second after the first second would be nineteen point six meters per second??,3.3870000000000005,pslc41-c2,c2,1130.0,1,1,"(3.0, 6.0]",So the velocity a second after the first second would be nineteen point six meters per second??,So the velocity a second after the first second would be nineteen point six meters per second
58,13,381.042,381.042,True,True,True,12.0,374.878,376.634,"Uh, they are the same.",4.407999999999959,pslc41-c2,c2,1130.0,1,1,"(3.0, 6.0]","Uh, they are the same.",Uh they are the same
58,14,395.04,395.04,True,False,True,13.0,389.163,389.994,Yes.,5.045999999999992,pslc41-c2,c2,1130.0,0,1,"(3.0, 6.0]",Yes.,Yes
58,15,433.153,433.153,True,False,True,14.0,427.718,428.98,It is the same.,4.173000000000002,pslc41-c2,c2,1130.0,0,1,"(3.0, 6.0]",It is the same.,It is the same
59,1,76.742,1206.742,True,False,True,15.0,1201.331,1202.616,They are the same.,4.125999999999976,pslc41-c2,c2,1130.0,0,1,"(3.0, 6.0]",They are the same.,They are the same
59,2,137.029,1267.029,True,True,True,16.0,1244.621,1260.163,The forces exerted on the professor are the gravitational force of gravity vertically down.,6.8659999999999854,pslc41-c2,c2,1130.0,1,1,"(6.0, 10.0]",The forces exerted on the professor are the gravitational force of gravity vertically down.,The forces exerted on the professor are the gravitational force of gravity vertically down
59,3,159.465,1289.465,True,False,True,17.0,1281.428,1287.351,The direction of the net force is vertically down.,2.1139999999998054,pslc41-c2,c2,1130.0,0,1,"(-0.001, 3.0]",The direction of the net force is vertically down.,The direction of the net force is vertically down
59,4,179.75,1309.75,True,False,True,18.0,1302.491,1307.811,The professor has an acceleration vertically down.,1.9390000000000784,pslc41-c2,c2,1130.0,0,1,"(-0.001, 3.0]",The professor has an acceleration vertically down.,The professor has an acceleration vertically down
59,5,192.288,1322.288,True,False,True,19.0,1316.196,1320.126,Nine point eight meters per second squared.,2.1620000000000346,pslc41-c2,c2,1130.0,0,1,"(-0.001, 3.0]",Nine point eight meters per second squared.,Nine point eight meters per second squared
59,6,219.696,1349.696,True,False,True,20.0,1337.474,1347.593,The forces acting on the spectacles after they are released is the force of gravity vertically down.,2.102999999999838,pslc41-c2,c2,1130.0,0,1,"(-0.001, 3.0]",The forces acting on the spectacles after they are released is the force of gravity vertically down.,The forces acting on the spectacles after they are released is the force of gravity vertically down
59,7,243.843,1373.843,True,False,True,21.0,1363.949,1369.928,The direction of the net force is vertically down.,3.915000000000191,pslc41-c2,c2,1130.0,0,1,"(3.0, 6.0]",The direction of the net force is vertically down.,The direction of the net force is vertically down
59,8,265.119,1395.119,True,False,True,22.0,1385.066,1392.843,The spectacles have an acceleration vertically down.,2.276000000000068,pslc41-c2,c2,1130.0,0,1,"(-0.001, 3.0]",The spectacles have an acceleration vertically down.,The spectacles have an acceleration vertically down
59,9,276.941,1406.941,True,False,True,23.0,1401.631,1404.958,Nine point eight meters per second squared.,1.9829999999999472,pslc41-c2,c2,1130.0,0,1,"(-0.001, 3.0]",Nine point eight meters per second squared.,Nine point eight meters per second squared
59,10,306.346,1436.346,True,False,True,24.0,1430.266,1433.063,Nine point eight meters per second.,3.2829999999999018,pslc41-c2,c2,1130.0,0,1,"(3.0, 6.0]",Nine point eight meters per second.,Nine point eight meters per second
59,11,330.646,1460.646,True,False,True,25.0,1454.56,1456.654,Nine point eight meters per second.,3.991999999999962,pslc41-c2,c2,1130.0,0,1,"(3.0, 6.0]",Nine point eight meters per second.,Nine point eight meters per second
59,12,351.466,1481.466,True,False,True,26.0,1476.027,1479.143,Nineteen point six meters per second.,2.3229999999998654,pslc41-c2,c2,1130.0,0,1,"(-0.001, 3.0]",Nineteen point six meters per second.,Nineteen point six meters per second
59,13,365.838,1495.838,True,False,True,27.0,1491.43,1492.724,They are the same.,3.1140000000000327,pslc41-c2,c2,1130.0,0,1,"(3.0, 6.0]",They are the same.,They are the same
59,14,378.708,1508.708,True,False,True,28.0,1504.899,1505.71,Yes.,2.998000000000048,pslc41-c2,c2,1130.0,0,1,"(-0.001, 3.0]",Yes.,Yes
59,15,400.258,1530.258,True,False,True,29.0,1526.217,1527.74,They are the same.,2.518000000000029,pslc41-c2,c2,1130.0,0,1,"(-0.001, 3.0]",They are the same.,They are the same
58,1,57.114,57.114,True,True,True,0.0,51.203,52.625,It's the same.,4.488999999999997,pslc42-c3,c3,953.0,1,1,"(3.0, 6.0]",It's the same.,It's the same
58,2,93.747,93.747,True,True,True,1.0,86.117,87.631,Vertically down.,6.116,pslc42-c3,c3,953.0,1,1,"(6.0, 10.0]",Vertically down.,Vertically down
58,3,131.901,131.901,True,True,True,2.0,126.199,127.271,Down.,4.63000000000001,pslc42-c3,c3,953.0,1,1,"(3.0, 6.0]",Down.,Down
58,4,146.355,146.355,True,False,True,3.0,140.621,142.153,Yes. Down.,4.201999999999998,pslc42-c3,c3,953.0,0,1,"(3.0, 6.0]",Yes. Down.,Yes Down
58,5,159.592,159.592,True,True,True,4.0,152.152,155.341,Nine point eight meters per second squared??,4.251000000000005,pslc42-c3,c3,953.0,1,1,"(3.0, 6.0]",Nine point eight meters per second squared??,Nine point eight meters per second squared
58,6,180.718,180.718,True,False,True,5.0,172.625,174.698,Uh. Vertically down.,6.019999999999982,pslc42-c3,c3,953.0,0,1,"(6.0, 10.0]",Uh. Vertically down.,Uh Vertically down
58,7,204.026,204.026,True,False,True,6.0,197.579,198.531,Down.,5.4950000000000045,pslc42-c3,c3,953.0,0,1,"(3.0, 6.0]",Down.,Down
58,8,226.246,226.246,True,False,True,7.0,219.97,221.442,Vertically down.,4.804000000000002,pslc42-c3,c3,953.0,0,1,"(3.0, 6.0]",Vertically down.,Vertically down
58,9,254.235,254.235,True,False,True,8.0,248.41,249.672,Yes. Down.,4.563000000000017,pslc42-c3,c3,953.0,0,1,"(3.0, 6.0]",Yes. Down.,Yes Down
58,10,267.024,267.024,True,True,True,9.0,260.629,263.293,Nine point eight meters per second squared??,3.7309999999999945,pslc42-c3,c3,953.0,1,1,"(3.0, 6.0]",Nine point eight meters per second squared??,Nine point eight meters per second squared
58,11,305.693,305.693,True,True,True,10.0,298.665,300.451,Nine point eight meters.,5.241999999999962,pslc42-c3,c3,953.0,1,1,"(3.0, 6.0]",Nine point eight meters.,Nine point eight meters
58,12,331.933,331.933,True,True,True,11.0,323.036,326.13,Nine point eight meters per second??,5.802999999999997,pslc42-c3,c3,953.0,1,1,"(3.0, 6.0]",Nine point eight meters per second??,Nine point eight meters per second
58,13,353.537,353.537,False,True,True,12.0,346.69,349.193,Nine point eight meters per second.,4.343999999999994,pslc42-c3,c3,953.0,1,0,"(3.0, 6.0]",Nine point eight meters per second.,Nine point eight meters per second
58,14,411.736,411.736,True,True,True,13.0,405.038,408.013,Twenty nine point four meters per second??,3.723000000000013,pslc42-c3,c3,953.0,1,1,"(3.0, 6.0]",Twenty nine point four meters per second??,Twenty nine point four meters per second
58,15,428.263,428.263,True,False,True,14.0,420.473,421.855,<nspn> They are the same.,6.407999999999959,pslc42-c3,c3,953.0,0,1,"(6.0, 10.0]",<nspn> They are the same.,They are the same
58,16,462.85,462.85,True,False,True,15.0,457.394,458.226,<nspn> Yes.,4.624000000000024,pslc42-c3,c3,953.0,0,1,"(3.0, 6.0]",<nspn> Yes.,Yes
58,17,484.324,484.324,True,False,True,16.0,478.034,479.375,They are the same.,4.949000000000012,pslc42-c3,c3,953.0,0,1,"(3.0, 6.0]",They are the same.,They are the same
59,1,76.141,1029.141,True,False,True,18.0,1022.996,1024.132,They are the same.,5.009000000000015,pslc42-c3,c3,953.0,0,1,"(3.0, 6.0]",They are the same.,They are the same
59,2,112.071,1065.071,True,False,True,19.0,1056.998,1060.865,"The force of gravity, which is vertically down.",4.205999999999904,pslc42-c3,c3,953.0,0,1,"(3.0, 6.0]","The force of gravity, which is vertically down.",The force of gravity which is vertically down
59,3,131.276,1084.276,True,False,True,20.0,1077.484,1078.335,Down.,5.941000000000031,pslc42-c3,c3,953.0,0,1,"(3.0, 6.0]",Down.,Down
59,4,144.889,1097.889,True,False,True,21.0,1092.665,1094.227,Yes. Down.,3.6620000000000346,pslc42-c3,c3,953.0,0,1,"(3.0, 6.0]",Yes. Down.,Yes Down
59,5,160.135,1113.135,True,False,True,22.0,1106.606,1109.059,Nine point eight meters per second squared.,4.076000000000022,pslc42-c3,c3,953.0,0,1,"(3.0, 6.0]",Nine point eight meters per second squared.,Nine point eight meters per second squared
59,6,179.132,1132.132,True,False,True,23.0,1125.678,1128.078,"Gravity, which is vertically down.",4.054000000000087,pslc42-c3,c3,953.0,0,1,"(3.0, 6.0]","Gravity, which is vertically down.",Gravity which is vertically down
59,7,196.545,1149.545,True,False,True,24.0,1144.394,1145.496,Down.,4.048999999999978,pslc42-c3,c3,953.0,0,1,"(3.0, 6.0]",Down.,Down
59,9,242.866,1195.866,False,True,True,26.0,1190.082,1190.833,No.,5.032999999999902,pslc42-c3,c3,953.0,1,0,"(3.0, 6.0]",No.,No
59,10,277.588,1230.588,False,True,True,27.0,1222.949,1223.97,Yes.,6.617999999999938,pslc42-c3,c3,953.0,1,0,"(6.0, 10.0]",Yes.,Yes
59,11,297.105,1250.105,True,True,True,28.0,1243.32,1244.302,Down.,5.803000000000111,pslc42-c3,c3,953.0,1,1,"(3.0, 6.0]",Down.,Down
59,12,322.229,1275.229,True,True,True,29.0,1267.525,1270.509,Nine point eight meters per second squared.,4.720000000000027,pslc42-c3,c3,953.0,1,1,"(3.0, 6.0]",Nine point eight meters per second squared.,Nine point eight meters per second squared
59,13,354.846,1307.846,False,True,True,30.0,1299.961,1303.32,Nineteen <nspn> point six meters per second.,4.526000000000067,pslc42-c3,c3,953.0,1,0,"(3.0, 6.0]",Nineteen <nspn> point six meters per second.,Nineteen point six meters per second
59,14,378.907,1331.907,True,False,True,31.0,1324.289,1326.513,Nine point eight meters per second.,5.3940000000000055,pslc42-c3,c3,953.0,0,1,"(3.0, 6.0]",Nine point eight meters per second.,Nine point eight meters per second
59,15,396.512,1349.512,True,False,True,32.0,1342.612,1345.616,Nineteen point six meters per second.,3.895999999999958,pslc42-c3,c3,953.0,0,1,"(3.0, 6.0]",Nineteen point six meters per second.,Nineteen point six meters per second
59,16,409.429,1362.429,True,False,True,33.0,1357.271,1358.275,They are the same.,4.153999999999996,pslc42-c3,c3,953.0,0,1,"(3.0, 6.0]",They are the same.,They are the same
59,17,422.355,1375.355,True,False,True,34.0,1370.204,1370.875,Yes.,4.480000000000018,pslc42-c3,c3,953.0,0,1,"(3.0, 6.0]",Yes.,Yes
59,18,441.312,1394.312,True,False,True,35.0,1388.882,1390.314,They are the same.,3.99799999999982,pslc42-c3,c3,953.0,0,1,"(3.0, 6.0]",They are the same.,They are the same
58,1,59.373,59.373,False,True,True,0.0,50.071,55.542,His velocity is that he'd fall slower than the keys.,3.830999999999996,pslc43-c1,c1,1082.0,1,0,"(3.0, 6.0]",His velocity is that he'd fall slower than the keys.,His velocity is that he'd fall slower than the keys
58,2,114.092,114.092,True,True,True,1.0,99.006,109.468,"Um. After he releases the keys, they're falling vertically down and the forces are their weight.",4.623999999999995,pslc43-c1,c1,1082.0,1,1,"(3.0, 6.0]","Um. After he releases the keys, they're falling vertically down and the forces are their weight.",Um After he releases the keys they're falling vertically down and the forces are their weight
58,3,145.207,145.207,True,False,True,2.0,141.35,144.329,Straight down. Vertical down.,0.8779999999999859,pslc43-c1,c1,1082.0,0,1,"(-0.001, 3.0]",Straight down. Vertical down.,Straight down Vertical down
58,4,158.237,158.237,True,False,True,3.0,154.123,155.29500000000002,Yes. Down.,2.941999999999979,pslc43-c1,c1,1082.0,0,1,"(-0.001, 3.0]",Yes. Down.,Yes Down
58,5,169.547,169.547,False,True,True,4.0,164.79,165.68200000000002,I don't know.,3.8649999999999807,pslc43-c1,c1,1082.0,1,0,"(3.0, 6.0]",I don't know.,I don't know
58,6,186.226,186.226,False,True,True,5.0,180.922,185.809,I don't remember from the tutorial. I think it's three something.,0.4170000000000016,pslc43-c1,c1,1082.0,1,0,"(-0.001, 3.0]",I don't remember from the tutorial. I think it's three something.,I don't remember from the tutorial I think it's three something
58,7,205.309,205.309,False,True,True,6.0,200.717,201.899,I don't know.,3.4099999999999966,pslc43-c1,c1,1082.0,1,0,"(3.0, 6.0]",I don't know.,I don't know
58,8,236.735,236.735,False,True,True,7.0,220.116,233.23,"The weight... uh, eh, <I don't know>. That mass affects weight or not. I don't know.",3.505000000000024,pslc43-c1,c1,1082.0,1,0,"(3.0, 6.0]","The weight... uh, eh, <I don't know>. That mass affects weight or not. I don't know.",The weight uh eh That mass affects weight or not I don't know
58,9,288.456,288.456,True,False,True,8.0,277.47,285.909,"Their... their weight. The gravity is affecting them or acting on them, and it's vertically down or straight down.",2.547000000000025,pslc43-c1,c1,1082.0,0,1,"(-0.001, 3.0]","Their... their weight. The gravity is affecting them or acting on them, and it's vertically down or straight down.",Their their weight The gravity is affecting them or acting on them and it's vertically down or straight down
58,10,305.093,305.093,True,False,True,9.0,300.621,301.902,Straight down.,3.191000000000031,pslc43-c1,c1,1082.0,0,1,"(3.0, 6.0]",Straight down.,Straight down
58,11,317.027,317.027,True,False,True,10.0,313.575,314.737,Yes. Straight down.,2.289999999999964,pslc43-c1,c1,1082.0,0,1,"(-0.001, 3.0]",Yes. Straight down.,Yes Straight down
58,12,329.426,329.426,True,True,True,11.0,323.023,323.774,G.,5.651999999999987,pslc43-c1,c1,1082.0,1,1,"(3.0, 6.0]",G.,G
58,13,347.83,347.83,True,True,True,12.0,341.898,343.019,G.,4.810999999999979,pslc43-c1,c1,1082.0,1,1,"(3.0, 6.0]",G.,G
58,14,367.738,367.738,True,True,True,13.0,362.09,365.124,"W equals M times G, I think.",2.613999999999976,pslc43-c1,c1,1082.0,1,1,"(-0.001, 3.0]","W equals M times G, I think.",W equals M times G I think
58,15,435.103,435.103,False,True,True,14.0,422.406,434.414,Um. The change in the object's velocity. I don't know. It's going faster??,0.6890000000000214,pslc43-c1,c1,1082.0,1,0,"(-0.001, 3.0]",Um. The change in the object's velocity. I don't know. It's going faster??,Um The change in the object's velocity I don't know It's going faster
58,16,459.315,459.315,True,True,True,15.0,453.083,455.757,Nine point eight meters per second.,3.5579999999999927,pslc43-c1,c1,1082.0,1,1,"(3.0, 6.0]",Nine point eight meters per second.,Nine point eight meters per second
58,17,494.069,494.069,False,False,True,16.0,487.417,489.475,Nine point eight meters per second.,4.593999999999994,pslc43-c1,c1,1082.0,0,0,"(3.0, 6.0]",Nine point eight meters per second.,Nine point eight meters per second
58,18,552.708,552.708,True,True,True,17.0,524.451,545.023,"Nineteen point six meters per second plus nine point eight meters per second, which is twenty five... twenty six point <X>... twenty six point four meters per second?? Or no. Twenty... twenty eight point four meters per second.",7.684999999999945,pslc43-c1,c1,1082.0,1,1,"(6.0, 10.0]","Nineteen point six meters per second plus nine point eight meters per second, which is twenty five... twenty six point <X>... twenty six point four meters per second?? Or no. Twenty... twenty eight point four meters per second.",Nineteen point six meters per second plus nine point eight meters per second which is twenty five twenty six point twenty six point four meters per second Or no Twenty twenty eight point four meters per second
58,19,575.28,575.28,True,False,True,18.0,570.513,571.575,They're the same.,3.7049999999999272,pslc43-c1,c1,1082.0,0,1,"(3.0, 6.0]",They're the same.,They're the same
58,20,593.501,593.501,False,True,True,19.0,583.577,590.173,"Mmm. No, but maybe it has something to do with weight?? Like, the air around you?? How you displace it??",3.3279999999999745,pslc43-c1,c1,1082.0,1,0,"(3.0, 6.0]","Mmm. No, but maybe it has something to do with weight?? Like, the air around you?? How you displace it??",Mmm No but maybe it has something to do with weight Like the air around you How you displace it
58,21,612.602,612.602,True,True,True,20.0,607.329,608.932,It's the same.,3.669999999999959,pslc43-c1,c1,1082.0,1,1,"(3.0, 6.0]",It's the same.,It's the same
59,1,76.581,1158.581,True,False,True,22.0,1152.748,1157.105,It's the same. He's holding them.,1.4759999999998854,pslc43-c1,c1,1082.0,0,1,"(-0.001, 3.0]",It's the same. He's holding them.,It's the same He's holding them
59,2,112.881,1194.881,True,False,True,23.0,1188.494,1193.591,"Gravity or weight and it's, uh, vertically down or straight down.",1.290000000000191,pslc43-c1,c1,1082.0,0,1,"(-0.001, 3.0]","Gravity or weight and it's, uh, vertically down or straight down.",Gravity or weight and it's uh vertically down or straight down
59,3,129.804,1211.804,True,False,True,24.0,1208.219,1210.422,Vertically down or straight down.,1.3820000000000618,pslc43-c1,c1,1082.0,0,1,"(-0.001, 3.0]",Vertically down or straight down.,Vertically down or straight down
59,4,143.13,1225.13,True,False,True,25.0,1221.429,1222.711,Yes. Straight down.,2.4190000000000964,pslc43-c1,c1,1082.0,0,1,"(-0.001, 3.0]",Yes. Straight down.,Yes Straight down
59,5,157.384,1239.384,True,True,True,26.0,1231.344,1233.337,Is it nine point eight again?,6.0470000000000255,pslc43-c1,c1,1082.0,1,1,"(6.0, 10.0]",Is it nine point eight again?,Is it nine point eight again
59,6,178.148,1260.148,True,True,True,27.0,1250.728,1255.54,"Nine point eight meters per second, I think??",4.607999999999947,pslc43-c1,c1,1082.0,1,1,"(3.0, 6.0]","Nine point eight meters per second, I think??",Nine point eight meters per second I think
59,7,205.24,1287.24,True,True,True,28.0,1275.511,1284.866,Weight equals mass times gravity. It's W equals M times G.,2.374000000000024,pslc43-c1,c1,1082.0,1,1,"(-0.001, 3.0]",Weight equals mass times gravity. It's W equals M times G.,Weight equals mass times gravity It's W equals M times G
59,8,232.587,1314.587,False,True,True,29.0,1301.286,1307.84,That everything falls at the same speed?? I don't know. Can't remember.,6.747000000000071,pslc43-c1,c1,1082.0,1,0,"(6.0, 10.0]",That everything falls at the same speed?? I don't know. Can't remember.,That everything falls at the same speed I don't know Can't remember
59,9,280.172,1362.172,True,False,True,30.0,1356.424,1360.932,"The force is gravity or their weight and it's vertically down, or straight down.",1.240000000000009,pslc43-c1,c1,1082.0,0,1,"(-0.001, 3.0]","The force is gravity or their weight and it's vertically down, or straight down.",The force is gravity or their weight and it's vertically down or straight down
59,10,296.448,1378.448,True,False,True,31.0,1375.209,1376.898,Vertically down. Straight down.,1.5499999999999543,pslc43-c1,c1,1082.0,0,1,"(-0.001, 3.0]",Vertically down. Straight down.,Vertically down Straight down
59,11,309.622,1391.622,True,False,True,32.0,1388.215,1390.027,Yes. Straight down. Vertically down.,1.5950000000000273,pslc43-c1,c1,1082.0,0,1,"(-0.001, 3.0]",Yes. Straight down. Vertically down.,Yes Straight down Vertically down
59,12,322.724,1404.724,True,True,True,33.0,1397.646,1402.053,Nine point eight meters per second squared.,2.6709999999998217,pslc43-c1,c1,1082.0,1,1,"(-0.001, 3.0]",Nine point eight meters per second squared.,Nine point eight meters per second squared
59,13,353.654,1435.654,False,True,True,34.0,1427.592,1430.62,Nine point eight meters per second squared.,5.0340000000001055,pslc43-c1,c1,1082.0,1,0,"(3.0, 6.0]",Nine point eight meters per second squared.,Nine point eight meters per second squared
59,14,377.86,1459.86,True,False,True,35.0,1453.37,1456.598,Nine point eight meters per second.,3.262000000000171,pslc43-c1,c1,1082.0,0,1,"(3.0, 6.0]",Nine point eight meters per second.,Nine point eight meters per second
59,15,396.097,1478.097,True,True,True,36.0,1472.794,1476.259,Nineteen point six meters per second.,1.8379999999999648,pslc43-c1,c1,1082.0,1,1,"(-0.001, 3.0]",Nineteen point six meters per second.,Nineteen point six meters per second
59,16,408.991,1490.991,True,False,True,37.0,1487.564,1488.866,They're the same.,2.125,pslc43-c1,c1,1082.0,0,1,"(-0.001, 3.0]",They're the same.,They're the same
59,17,423.724,1505.724,False,True,True,38.0,1500.954,1502.446,Mmm. Not really.,3.27800000000002,pslc43-c1,c1,1082.0,1,0,"(3.0, 6.0]",Mmm. Not really.,Mmm Not really
59,18,441.697,1523.697,True,False,True,39.0,1520.298,1521.7,They're the same.,1.997000000000071,pslc43-c1,c1,1082.0,0,1,"(-0.001, 3.0]",They're the same.,They're the same
58,1,59.92,59.92,True,True,True,0.0,54.043,55.074,The same.,4.846000000000004,pslc44-c2,c2,856.0,1,1,"(3.0, 6.0]",The same.,The same
58,2,96.259,96.259,True,False,True,1.0,88.155,89.787,Gravity down.,6.471999999999994,pslc44-c2,c2,856.0,0,1,"(6.0, 10.0]",Gravity down.,Gravity down
58,3,114.254,114.254,True,False,True,2.0,108.932,109.913,Down.,4.341000000000008,pslc44-c2,c2,856.0,0,1,"(3.0, 6.0]",Down.,Down
58,4,130.18,130.18,True,False,True,3.0,123.987,125.309,Yes. Down.,4.871000000000009,pslc44-c2,c2,856.0,0,1,"(3.0, 6.0]",Yes. Down.,Yes Down
58,5,154.48,154.48,True,True,True,4.0,136.187,149.031,Mmm. Nine point eight meters per second squared.,5.448999999999984,pslc44-c2,c2,856.0,1,1,"(3.0, 6.0]",Mmm. Nine point eight meters per second squared.,Mmm Nine point eight meters per second squared
58,6,178.068,178.068,True,False,True,5.0,169.289,173.45499999999998,Gravity <nspn> vertically down.,4.613000000000028,pslc44-c2,c2,856.0,0,1,"(3.0, 6.0]",Gravity <nspn> vertically down.,Gravity vertically down
58,7,194.976,194.976,True,False,True,6.0,190.165,193.169,Down. Vertically.,1.806999999999988,pslc44-c2,c2,856.0,0,1,"(-0.001, 3.0]",Down. Vertically.,Down Vertically
58,8,213.79,213.79,True,False,True,7.0,204.54,209.457,Yes. Vertically down.,4.332999999999998,pslc44-c2,c2,856.0,0,1,"(3.0, 6.0]",Yes. Vertically down.,Yes Vertically down
58,9,229.515,229.515,True,False,True,8.0,219.261,220.783,Nine point eight.,8.731999999999971,pslc44-c2,c2,856.0,0,1,"(6.0, 10.0]",Nine point eight.,Nine point eight
58,10,249.04,249.04,True,False,True,9.0,241.136,244.212,Nine point eight meters <nspn> per second squared.,4.828000000000003,pslc44-c2,c2,856.0,0,1,"(3.0, 6.0]",Nine point eight meters <nspn> per second squared.,Nine point eight meters per second squared
58,11,281.795,281.795,True,True,True,10.0,271.83,277.19,Mmm. Nine point eight meters per second.,4.605000000000018,pslc44-c2,c2,856.0,1,1,"(3.0, 6.0]",Mmm. Nine point eight meters per second.,Mmm Nine point eight meters per second
58,12,308.374,308.374,True,False,True,11.0,300.527,304.373,Nine point eight meters per second.,4.001000000000033,pslc44-c2,c2,856.0,0,1,"(3.0, 6.0]",Nine point eight meters per second.,Nine point eight meters per second
58,13,330.467,330.467,True,False,True,12.0,320.208,327.248,Eighteen point... <no>. Nineteen point six meters per second.,3.218999999999994,pslc44-c2,c2,856.0,0,1,"(3.0, 6.0]",Eighteen point... <no>. Nineteen point six meters per second.,Eighteen point Nineteen point six meters per second
58,14,345.88,345.88,True,True,True,13.0,339.084,341.908,Mmm. They are the same.,3.97199999999998,pslc44-c2,c2,856.0,1,1,"(3.0, 6.0]",Mmm. They are the same.,Mmm They are the same
58,15,364.245,364.245,True,True,True,14.0,356.005,359.556,Mmm. Yes.,4.689000000000021,pslc44-c2,c2,856.0,1,1,"(3.0, 6.0]",Mmm. Yes.,Mmm Yes
58,16,383.458,383.458,True,False,True,15.0,378.565,379.256,The same.,4.202000000000055,pslc44-c2,c2,856.0,0,1,"(3.0, 6.0]",The same.,The same
59,1,76.65,932.65,True,False,True,16.0,925.656,926.938,The same.,5.711999999999989,pslc44-c2,c2,856.0,0,1,"(3.0, 6.0]",The same.,The same
59,2,112.172,968.172,True,False,True,17.0,961.549,963.582,Gravity vertically down.,4.590000000000032,pslc44-c2,c2,856.0,0,1,"(3.0, 6.0]",Gravity vertically down.,Gravity vertically down
59,3,130.289,986.289,True,False,True,18.0,981.515,984.97,Down. Vertical.,1.31899999999996,pslc44-c2,c2,856.0,0,1,"(-0.001, 3.0]",Down. Vertical.,Down Vertical
59,4,144.67,1000.67,True,False,True,19.0,994.708,997.111,Yes. Vertically down.,3.558999999999969,pslc44-c2,c2,856.0,0,1,"(3.0, 6.0]",Yes. Vertically down.,Yes Vertically down
59,5,158.996,1014.996,True,False,True,20.0,1005.438,1006.87,<nspn> Nine point eight.,8.125999999999976,pslc44-c2,c2,856.0,0,1,"(6.0, 10.0]",<nspn> Nine point eight.,Nine point eight
59,6,176.865,1032.865,True,False,True,21.0,1024.48,1031.23,Nine point eight meters per second squared.,1.634999999999991,pslc44-c2,c2,856.0,0,1,"(-0.001, 3.0]",Nine point eight meters per second squared.,Nine point eight meters per second squared
59,8,245.198,1101.198,False,True,True,23.0,1078.955,1098.043,Mmm. <nspn> Everything has two forces. <X>.,3.1550000000002,pslc44-c2,c2,856.0,1,0,"(3.0, 6.0]",Mmm. <nspn> Everything has two forces. <X>.,Mmm Everything has two forces
59,9,297.208,1153.208,True,False,True,24.0,1142.789,1147.393,Vertically down. Gravity.,5.815000000000055,pslc44-c2,c2,856.0,0,1,"(3.0, 6.0]",Vertically down. Gravity.,Vertically down Gravity
59,10,317.339,1173.339,True,False,True,25.0,1167.492,1169.898,Uh. Vertically down.,3.441000000000031,pslc44-c2,c2,856.0,0,1,"(3.0, 6.0]",Uh. Vertically down.,Uh Vertically down
59,11,330.768,1186.768,True,False,True,26.0,1181.882,1183.556,Yes. Vertically down.,3.211999999999989,pslc44-c2,c2,856.0,0,1,"(3.0, 6.0]",Yes. Vertically down.,Yes Vertically down
59,12,346.374,1202.374,True,False,True,27.0,1191.918,1200.59,<nspn> Nine point eight meters per second squared.,1.7840000000001055,pslc44-c2,c2,856.0,0,1,"(-0.001, 3.0]",<nspn> Nine point eight meters per second squared.,Nine point eight meters per second squared
59,13,363.387,1219.387,True,False,True,28.0,1212.681,1215.385,<nspn> Nine point eight meters per second squared.,4.001999999999953,pslc44-c2,c2,856.0,0,1,"(3.0, 6.0]",<nspn> Nine point eight meters per second squared.,Nine point eight meters per second squared
59,14,390.19,1246.19,True,False,True,29.0,1240.763,1242.726,Nine point eight meters <nspn> per second.,3.463999999999942,pslc44-c2,c2,856.0,0,1,"(3.0, 6.0]",Nine point eight meters <nspn> per second.,Nine point eight meters per second
59,15,412.21,1268.21,True,False,True,30.0,1262.725,1264.888,Nine point eight meters per second.,3.3220000000001164,pslc44-c2,c2,856.0,0,1,"(3.0, 6.0]",Nine point eight meters per second.,Nine point eight meters per second
59,16,429.153,1285.153,True,False,True,31.0,1279.474,1281.939,Nineteen point six meters per second.,3.213999999999942,pslc44-c2,c2,856.0,0,1,"(3.0, 6.0]",Nineteen point six meters per second.,Nineteen point six meters per second
59,17,442.509,1298.509,True,False,True,32.0,1293.835,1295.071,They're the same.,3.438000000000102,pslc44-c2,c2,856.0,0,1,"(3.0, 6.0]",They're the same.,They're the same
59,18,455.78,1311.78,True,False,True,33.0,1306.26,1306.951,Yes.,4.828999999999951,pslc44-c2,c2,856.0,0,1,"(3.0, 6.0]",Yes.,Yes
59,19,474.496,1330.496,True,False,True,34.0,1325.853,1326.915,Be the same.,3.581000000000131,pslc44-c2,c2,856.0,0,1,"(3.0, 6.0]",Be the same.,Be the same
58,1,58.157,58.157,False,True,True,0.0,49.57,55.603,Um. The man's velocity is greater than that of his keys??,2.553999999999995,pslc47-c2,c2,1017.0,1,0,"(-0.001, 3.0]",Um. The man's velocity is greater than that of his keys??,Um The man's velocity is greater than that of his keys
58,3,126.769,126.769,True,False,True,2.0,122.564,123.936,Vertically down.,2.8329999999999984,pslc47-c2,c2,1017.0,0,1,"(-0.001, 3.0]",Vertically down.,Vertically down
58,4,141.799,141.799,True,False,True,3.0,135.846,138.149,Yes. Vertically down.,3.6500000000000057,pslc47-c2,c2,1017.0,0,1,"(3.0, 6.0]",Yes. Vertically down.,Yes Vertically down
58,5,156.388,156.388,True,True,True,4.0,148.53300000000002,152.263,Nine point eight meters per second squared??,4.125,pslc47-c2,c2,1017.0,1,1,"(3.0, 6.0]",Nine point eight meters per second squared??,Nine point eight meters per second squared
58,6,178.881,178.881,True,False,True,5.0,172.56900000000002,175.176,"It's, uh, gravity vertically down.",3.705000000000013,pslc47-c2,c2,1017.0,0,1,"(3.0, 6.0]","It's, uh, gravity vertically down.",It's uh gravity vertically down
58,7,196.589,196.589,True,False,True,6.0,191.044,192.318,Vertially down.,4.270999999999987,pslc47-c2,c2,1017.0,0,1,"(3.0, 6.0]",Vertially down.,Vertially down
58,8,209.394,209.394,True,False,True,7.0,205.384,206.979,Yes. Vertically down.,2.4150000000000205,pslc47-c2,c2,1017.0,0,1,"(-0.001, 3.0]",Yes. Vertically down.,Yes Vertically down
58,9,220.513,220.513,True,False,True,8.0,214.984,217.969,Nine point eight meters per second squared.,2.544000000000011,pslc47-c2,c2,1017.0,0,1,"(-0.001, 3.0]",Nine point eight meters per second squared.,Nine point eight meters per second squared
58,10,252.908,252.908,False,True,True,9.0,247.495,249.34,Three point two??,3.567999999999984,pslc47-c2,c2,1017.0,1,0,"(3.0, 6.0]",Three point two??,Three point two
58,12,324.896,324.896,True,True,True,11.0,314.933,319.273,Mmm. Nineteen point six??,5.622999999999991,pslc47-c2,c2,1017.0,1,1,"(3.0, 6.0]",Mmm. Nineteen point six??,Mmm Nineteen point six
58,13,374.905,374.905,True,True,True,12.0,365.255,370.622,Twenty nine point four meters per second.,4.282999999999959,pslc47-c2,c2,1017.0,1,1,"(3.0, 6.0]",Twenty nine point four meters per second.,Twenty nine point four meters per second
58,14,389.143,389.143,True,True,True,13.0,383.58,385.012,They're the same??,4.130999999999972,pslc47-c2,c2,1017.0,1,1,"(3.0, 6.0]",They're the same??,They're the same
58,16,422.329,422.329,True,False,True,15.0,416.837,418.319,It's the same.,4.009999999999991,pslc47-c2,c2,1017.0,0,1,"(3.0, 6.0]",It's the same.,It's the same
59,1,77.928,1094.928,True,False,True,16.0,1088.007,1090.1,It's the same. It's zero.,4.827999999999975,pslc47-c2,c2,1017.0,0,1,"(3.0, 6.0]",It's the same. It's zero.,It's the same It's zero
59,2,127.224,1144.224,True,True,True,17.0,1126.259,1140.272,Uh. There's gravitational force--nine point eight meters per second squared and it's vertically down. It's on both of them.,3.951999999999998,pslc47-c2,c2,1017.0,1,1,"(3.0, 6.0]",Uh. There's gravitational force--nine point eight meters per second squared and it's vertically down. It's on both of them.,Uh There's gravitational force nine point eight meters per second squared and it's vertically down It's on both of them
59,3,143.588,1160.588,True,False,True,18.0,1157.889,1159.19,Vertically down.,1.3979999999999109,pslc47-c2,c2,1017.0,0,1,"(-0.001, 3.0]",Vertically down.,Vertically down
59,4,160.002,1177.002,True,False,True,19.0,1169.981,1175.181,It's nine point eight meters per second squared. Vertically down.,1.820999999999913,pslc47-c2,c2,1017.0,0,1,"(-0.001, 3.0]",It's nine point eight meters per second squared. Vertically down.,It's nine point eight meters per second squared Vertically down
59,5,170.656,1187.656,True,False,True,20.0,1183.292,1186.043,Nine point eight meters per second squared.,1.6130000000000564,pslc47-c2,c2,1017.0,0,1,"(-0.001, 3.0]",Nine point eight meters per second squared.,Nine point eight meters per second squared
59,6,190.868,1207.868,True,True,True,21.0,1202.423,1204.459,Gravity vertically down.,3.408999999999878,pslc47-c2,c2,1017.0,1,1,"(3.0, 6.0]",Gravity vertically down.,Gravity vertically down
59,7,207.434,1224.434,True,False,True,22.0,1221.238,1222.95,Vertically down.,1.4839999999999236,pslc47-c2,c2,1017.0,0,1,"(-0.001, 3.0]",Vertically down.,Vertically down
59,8,220.911,1237.911,True,False,True,23.0,1234.107,1236.13,Yes. Vertically down.,1.780999999999949,pslc47-c2,c2,1017.0,0,1,"(-0.001, 3.0]",Yes. Vertically down.,Yes Vertically down
59,9,231.807,1248.807,True,False,True,24.0,1244.298,1247.276,Nine point eight meters per second squared.,1.530999999999949,pslc47-c2,c2,1017.0,0,1,"(-0.001, 3.0]",Nine point eight meters per second squared.,Nine point eight meters per second squared
59,10,261.25,1278.25,True,True,True,25.0,1271.322,1274.513,Nine point eight meters per second.,3.73700000000008,pslc47-c2,c2,1017.0,1,1,"(3.0, 6.0]",Nine point eight meters per second.,Nine point eight meters per second
59,11,285.461,1302.461,True,False,True,26.0,1297.292,1299.838,Nine point eight meters per second.,2.623000000000048,pslc47-c2,c2,1017.0,0,1,"(-0.001, 3.0]",Nine point eight meters per second.,Nine point eight meters per second
59,12,304.842,1321.842,True,False,True,27.0,1314.683,1318.68,Nine+nineteen point six meters per second.,3.1620000000000346,pslc47-c2,c2,1017.0,0,1,"(3.0, 6.0]",Nine+nineteen point six meters per second.,Nine nineteen point six meters per second
59,13,318.063,1335.063,True,False,True,28.0,1331.829,1333.191,They are the same.,1.872000000000071,pslc47-c2,c2,1017.0,0,1,"(-0.001, 3.0]",They are the same.,They are the same
59,14,331.534,1348.534,True,False,True,29.0,1344.308,1345.199,Yes.,3.3350000000000364,pslc47-c2,c2,1017.0,0,1,"(3.0, 6.0]",Yes.,Yes
59,15,353.546,1370.546,True,False,True,30.0,1366.122,1367.975,It is the same.,2.57100000000014,pslc47-c2,c2,1017.0,0,1,"(-0.001, 3.0]",It is the same.,It is the same
58,1,53.246,53.246,False,True,True,1.0,48.788,49.83,It's greater than??,3.416000000000004,pslc50-c2,c2,957.0,1,0,"(3.0, 6.0]",It's greater than??,It's greater than
58,2,99.012,99.012,True,True,True,2.0,92.819,93.86,Vertically down??,5.152000000000001,pslc50-c2,c2,957.0,1,1,"(3.0, 6.0]",Vertically down??,Vertically down
58,3,131.943,131.943,True,True,True,3.0,126.303,127.385,The down??,4.558000000000007,pslc50-c2,c2,957.0,1,1,"(3.0, 6.0]",The down??,The down
58,4,145.597,145.597,True,True,True,4.0,141.199,142.34,<Is it> vertically down??,3.257000000000005,pslc50-c2,c2,957.0,1,1,"(3.0, 6.0]",<Is it> vertically down??,vertically down
58,5,155.844,155.844,False,True,True,5.0,152.394,153.406,I'm not sure.,2.437999999999988,pslc50-c2,c2,957.0,1,0,"(-0.001, 3.0]",I'm not sure.,I'm not sure
58,6,169.569,169.569,False,True,True,6.0,165.46699999999998,166.508,I'm not sure.,3.060999999999978,pslc50-c2,c2,957.0,1,0,"(3.0, 6.0]",I'm not sure.,I'm not sure
58,7,188.373,188.373,False,True,True,7.0,185.375,186.557,I'm not sure.,1.8160000000000025,pslc50-c2,c2,957.0,1,0,"(-0.001, 3.0]",I'm not sure.,I'm not sure
58,8,204.203,204.203,False,True,True,8.0,201.323,202.384,I'm not sure.,1.8189999999999884,pslc50-c2,c2,957.0,1,0,"(-0.001, 3.0]",I'm not sure.,I'm not sure
58,9,249.86,249.86,True,True,True,9.0,243.612,244.714,Vertically down??,5.146000000000015,pslc50-c2,c2,957.0,1,1,"(3.0, 6.0]",Vertically down??,Vertically down
58,10,267.208,267.208,True,False,True,10.0,262.039,262.96,Down.,4.248000000000047,pslc50-c2,c2,957.0,0,1,"(3.0, 6.0]",Down.,Down
58,11,279.783,279.783,True,True,True,11.0,275.647,276.829,Vertically down??,2.954000000000008,pslc50-c2,c2,957.0,1,1,"(-0.001, 3.0]",Vertically down??,Vertically down
58,12,289.348,289.348,False,True,True,12.0,285.377,286.438,I'm not sure.,2.910000000000025,pslc50-c2,c2,957.0,1,0,"(-0.001, 3.0]",I'm not sure.,I'm not sure
58,13,304.044,304.044,False,True,True,13.0,300.394,301.495,I'm not sure.,2.548999999999978,pslc50-c2,c2,957.0,1,0,"(-0.001, 3.0]",I'm not sure.,I'm not sure
58,14,322.311,322.311,False,True,True,14.0,319.033,320.115,I'm not sure.,2.195999999999969,pslc50-c2,c2,957.0,1,0,"(-0.001, 3.0]",I'm not sure.,I'm not sure
58,15,377.135,377.135,False,True,True,15.0,372.794,373.816,Eight meters??,3.319000000000017,pslc50-c2,c2,957.0,1,0,"(3.0, 6.0]",Eight meters??,Eight meters
58,16,402.179,402.179,False,True,True,16.0,397.892,398.813,Three??,3.365999999999985,pslc50-c2,c2,957.0,1,0,"(3.0, 6.0]",Three??,Three
58,17,435.791,435.791,False,True,True,17.0,430.061,432.374,The... eighteen meters??,3.416999999999973,pslc50-c2,c2,957.0,1,0,"(3.0, 6.0]",The... eighteen meters??,The eighteen meters
58,18,470.416,470.416,False,True,True,18.0,466.079,467.18,Forty meters??,3.23599999999999,pslc50-c2,c2,957.0,1,0,"(3.0, 6.0]",Forty meters??,Forty meters
58,19,491.726,491.726,False,True,True,19.0,487.807,488.809,I don't know.,2.916999999999973,pslc50-c2,c2,957.0,1,0,"(-0.001, 3.0]",I don't know.,I don't know
58,20,525.799,525.799,False,True,True,20.0,522.057,522.939,No.,2.8600000000000136,pslc50-c2,c2,957.0,1,0,"(-0.001, 3.0]",No.,No
58,21,546.684,546.684,True,True,True,21.0,542.295,543.096,The same??,3.587999999999965,pslc50-c2,c2,957.0,1,1,"(3.0, 6.0]",The same??,The same
59,1,81.319,1038.319,False,False,True,24.0,1030.151,1032.794,He's staying still and the spectacles are falling.,5.524999999999864,pslc50-c2,c2,957.0,0,0,"(3.0, 6.0]",He's staying still and the spectacles are falling.,He's staying still and the spectacles are falling
59,2,127.127,1084.127,True,True,True,25.0,1078.296,1079.69,Vertically down??,4.436999999999898,pslc50-c2,c2,957.0,1,1,"(3.0, 6.0]",Vertically down??,Vertically down
59,4,177.375,1134.375,True,True,True,27.0,1127.455,1131.992,I'm not sure. It might be down?? Vertically down??,2.383000000000038,pslc50-c2,c2,957.0,1,1,"(-0.001, 3.0]",I'm not sure. It might be down?? Vertically down??,I'm not sure It might be down Vertically down
59,5,186.951,1143.951,False,True,True,28.0,1139.908,1141.099,I'm not sure.,2.852000000000089,pslc50-c2,c2,957.0,1,0,"(-0.001, 3.0]",I'm not sure.,I'm not sure
59,6,201.211,1158.211,False,True,True,29.0,1154.564,1155.886,I can't remember.,2.325000000000045,pslc50-c2,c2,957.0,1,0,"(-0.001, 3.0]",I can't remember.,I can't remember
59,7,219.68,1176.68,False,True,True,30.0,1172.841,1174.073,I forgot.,2.606999999999971,pslc50-c2,c2,957.0,1,0,"(-0.001, 3.0]",I forgot.,I forgot
59,8,240.084,1197.084,False,True,True,31.0,1189.477,1191.21,Gravity pulls everything down??,5.874000000000024,pslc50-c2,c2,957.0,1,0,"(3.0, 6.0]",Gravity pulls everything down??,Gravity pulls everything down
59,9,285.782,1242.782,True,False,True,32.0,1237.297,1238.529,Vertically down??,4.252999999999929,pslc50-c2,c2,957.0,0,1,"(3.0, 6.0]",Vertically down??,Vertically down
59,10,307.801,1264.801,True,False,True,33.0,1258.965,1261.459,Down?? Downward??,3.341999999999871,pslc50-c2,c2,957.0,0,1,"(3.0, 6.0]",Down?? Downward??,Down Downward
59,11,324.407,1281.407,True,True,True,34.0,1277.055,1278.277,Is it vertically down??,3.1299999999998818,pslc50-c2,c2,957.0,1,1,"(3.0, 6.0]",Is it vertically down??,Is it vertically down
59,12,337.333,1294.333,True,True,True,35.0,1289.571,1290.633,Is it down?,3.7000000000000455,pslc50-c2,c2,957.0,1,1,"(3.0, 6.0]",Is it down?,Is it down
59,13,350.987,1307.987,False,True,True,36.0,1303.119,1304.281,Maybe less than??,3.706000000000131,pslc50-c2,c2,957.0,1,0,"(3.0, 6.0]",Maybe less than??,Maybe less than
59,14,364.57,1321.57,False,True,True,37.0,1317.787,1318.808,I'm not sure.,2.761999999999944,pslc50-c2,c2,957.0,1,0,"(-0.001, 3.0]",I'm not sure.,I'm not sure
59,15,381.615,1338.615,False,True,True,38.0,1335.605,1336.598,I don't remember.,2.0170000000000528,pslc50-c2,c2,957.0,1,0,"(-0.001, 3.0]",I don't remember.,I don't remember
59,16,438.164,1395.164,False,True,True,39.0,1389.724,1392.588,"Eighteen meters... er, nineteen meters??",2.576000000000022,pslc50-c2,c2,957.0,1,0,"(-0.001, 3.0]","Eighteen meters... er, nineteen meters??",Eighteen meters er nineteen meters
59,17,461.529,1418.529,True,True,True,40.0,1411.841,1413.053,Is it nine point eight?,5.476000000000113,pslc50-c2,c2,957.0,1,1,"(3.0, 6.0]",Is it nine point eight?,Is it nine point eight
59,18,478.831,1435.831,True,True,True,41.0,1430.371,1432.063,Is it nineteen point six? <nspn>,3.768000000000029,pslc50-c2,c2,957.0,1,1,"(3.0, 6.0]",Is it nineteen point six? <nspn>,Is it nineteen point six
59,21,533.27,1490.27,False,True,True,44.0,1481.413,1487.402,"I think it's different. I think the spectacles are going to hit first. Or maybe he went first if he's falling, if he weighs more.",2.867999999999938,pslc50-c2,c2,957.0,1,0,"(-0.001, 3.0]","I think it's different. I think the spectacles are going to hit first. Or maybe he went first if he's falling, if he weighs more.",I think it's different I think the spectacles are going to hit first Or maybe he went first if he's falling if he weighs more
58,1,63.327,63.327,True,False,True,0.0,55.638,60.166,They are the same. The velocity is the same for the man and his keys.,3.1610000000000014,pslc55-c1,c1,1428.0,0,1,"(3.0, 6.0]",They are the same. The velocity is the same for the man and his keys.,They are the same The velocity is the same for the man and his keys
58,2,105.033,105.033,True,False,True,1.0,96.98,99.473,Vertically down is gravity.,5.560000000000002,pslc55-c1,c1,1428.0,0,1,"(3.0, 6.0]",Vertically down is gravity.,Vertically down is gravity
58,3,127.707,127.707,True,False,True,2.0,121.534,122.737,Vertically down.,4.969999999999999,pslc55-c1,c1,1428.0,0,1,"(3.0, 6.0]",Vertically down.,Vertically down
58,4,144.495,144.495,False,False,True,3.0,137.404,140.581,No. The person does not have an acceleration.,3.914000000000016,pslc55-c1,c1,1428.0,0,0,"(3.0, 6.0]",No. The person does not have an acceleration.,No The person does not have an acceleration
58,5,160.11,160.11,False,True,True,4.0,154.389,155.49,I don't know.,4.6200000000000045,pslc55-c1,c1,1428.0,1,0,"(3.0, 6.0]",I don't know.,I don't know
58,6,215.685,215.685,False,False,True,5.0,204.939,206.671,<nspn> He is not accelerating.,9.01400000000001,pslc55-c1,c1,1428.0,0,0,"(6.0, 10.0]",<nspn> He is not accelerating.,He is not accelerating
58,7,270.766,270.766,False,True,True,6.0,264.61,265.391,One.,5.375,pslc55-c1,c1,1428.0,1,0,"(3.0, 6.0]",One.,One
58,8,289.712,289.712,False,False,True,7.0,282.138,283.059,One.,6.65300000000002,pslc55-c1,c1,1428.0,0,0,"(6.0, 10.0]",One.,One
58,9,319.443,319.443,True,False,True,8.0,307.677,310.622,Mass times acceleration.,8.82099999999997,pslc55-c1,c1,1428.0,0,1,"(6.0, 10.0]",Mass times acceleration.,Mass times acceleration
58,10,339.959,339.959,True,False,True,9.0,333.23,336.865,Force equals mass times acceleration.,3.093999999999994,pslc55-c1,c1,1428.0,0,1,"(3.0, 6.0]",Force equals mass times acceleration.,Force equals mass times acceleration
58,11,383.921,383.921,True,False,True,10.0,376.116,378.204,Gravity vertically down.,5.7169999999999845,pslc55-c1,c1,1428.0,0,1,"(3.0, 6.0]",Gravity vertically down.,Gravity vertically down
58,12,402.846,402.846,True,False,True,11.0,396.429,397.831,Vertically down.,5.014999999999986,pslc55-c1,c1,1428.0,0,1,"(3.0, 6.0]",Vertically down.,Vertically down
58,13,419.955,419.955,True,False,True,12.0,413.23,415.825,Yes. Vertically down.,4.129999999999996,pslc55-c1,c1,1428.0,0,1,"(3.0, 6.0]",Yes. Vertically down.,Yes Vertically down
58,14,446.99,446.99,False,False,True,13.0,435.592,438.155,Force divided by mass.,8.835000000000036,pslc55-c1,c1,1428.0,0,0,"(6.0, 10.0]",Force divided by mass.,Force divided by mass
58,15,467.243,467.243,False,False,True,14.0,459.64,461.657,Force divided by mass.,5.586000000000013,pslc55-c1,c1,1428.0,0,0,"(3.0, 6.0]",Force divided by mass.,Force divided by mass
58,16,491.567,491.567,True,False,True,15.0,481.683,487.521,Weight equals mass times acceleration of gravity.,4.045999999999992,pslc55-c1,c1,1428.0,0,1,"(3.0, 6.0]",Weight equals mass times acceleration of gravity.,Weight equals mass times acceleration of gravity
58,17,549.478,549.478,True,False,True,16.0,540.828,544.547,Nine point eight meters per second.,4.930999999999926,pslc55-c1,c1,1428.0,0,1,"(3.0, 6.0]",Nine point eight meters per second.,Nine point eight meters per second
58,18,586.384,586.384,True,False,True,17.0,567.944,577.41,"Nine point eight, um, mass divided by one second.",8.974000000000046,pslc55-c1,c1,1428.0,0,1,"(6.0, 10.0]","Nine point eight, um, mass divided by one second.",Nine point eight um mass divided by one second
58,19,634.751,634.751,False,True,True,18.0,621.045,629.218,Nineteen point eight meters per second.,5.533000000000016,pslc55-c1,c1,1428.0,1,0,"(3.0, 6.0]",Nineteen point eight meters per second.,Nineteen point eight meters per second
58,20,673.937,673.937,True,False,True,19.0,666.461,670.7,Twenty nine point four meters per second.,3.2369999999999663,pslc55-c1,c1,1428.0,0,1,"(3.0, 6.0]",Twenty nine point four meters per second.,Twenty nine point four meters per second
58,21,693.11,693.11,True,False,True,20.0,685.258,687.352,Their velocities are the same.,5.758000000000038,pslc55-c1,c1,1428.0,0,1,"(3.0, 6.0]",Their velocities are the same.,Their velocities are the same
58,22,708.291,708.291,False,True,True,21.0,700.92,701.551,No.,6.740000000000009,pslc55-c1,c1,1428.0,1,0,"(6.0, 10.0]",No.,No
58,23,729.16,729.16,True,False,True,22.0,723.768,725.009,It is the same.,4.150999999999954,pslc55-c1,c1,1428.0,0,1,"(3.0, 6.0]",It is the same.,It is the same
59,1,75.431,1503.431,True,False,True,23.0,1497.885,1499.087,It's the same.,4.344000000000051,pslc55-c1,c1,1428.0,0,1,"(3.0, 6.0]",It's the same.,It's the same
59,2,111.993,1539.993,True,False,True,24.0,1532.67,1535.724,Gravey+gravity vertically down.,4.2690000000000055,pslc55-c1,c1,1428.0,0,1,"(3.0, 6.0]",Gravey+gravity vertically down.,Gravey gravity vertically down
59,3,129.542,1557.542,True,False,True,25.0,1552.653,1554.155,Vertically down.,3.386999999999944,pslc55-c1,c1,1428.0,0,1,"(3.0, 6.0]",Vertically down.,Vertically down
59,4,145.308,1573.308,True,False,True,26.0,1566.729,1568.952,Yes. Vertically down.,4.3559999999999945,pslc55-c1,c1,1428.0,0,1,"(3.0, 6.0]",Yes. Vertically down.,Yes Vertically down
59,5,170.151,1598.151,False,True,True,27.0,1583.298,1593.045,Um. The acceleration equals the force divided by the mass.,5.1059999999999945,pslc55-c1,c1,1428.0,1,0,"(3.0, 6.0]",Um. The acceleration equals the force divided by the mass.,Um The acceleration equals the force divided by the mass
59,6,188.9,1616.9,False,False,True,28.0,1608.803,1614.005,Acceleration equals force divided by mass.,2.894999999999982,pslc55-c1,c1,1428.0,0,0,"(-0.001, 3.0]",Acceleration equals force divided by mass.,Acceleration equals force divided by mass
59,7,214.36,1642.36,True,False,True,29.0,1632.051,1638.356,Weight equals mass times acceleration of gravity.,4.004000000000133,pslc55-c1,c1,1428.0,0,1,"(3.0, 6.0]",Weight equals mass times acceleration of gravity.,Weight equals mass times acceleration of gravity
59,8,239.572,1667.572,True,False,True,30.0,1657.875,1663.403,Force equals mass times acceleration.,4.169000000000096,pslc55-c1,c1,1428.0,0,1,"(3.0, 6.0]",Force equals mass times acceleration.,Force equals mass times acceleration
59,9,281.493,1709.493,True,False,True,31.0,1703.582,1705.604,Gravity vertically down.,3.888999999999896,pslc55-c1,c1,1428.0,0,1,"(3.0, 6.0]",Gravity vertically down.,Gravity vertically down
59,10,299.874,1727.874,True,False,True,32.0,1722.692,1724.397,Vertically down.,3.477000000000089,pslc55-c1,c1,1428.0,0,1,"(3.0, 6.0]",Vertically down.,Vertically down
59,11,316.583,1744.583,True,False,True,33.0,1737.053,1739.258,Yes. Vertically down.,5.3250000000000455,pslc55-c1,c1,1428.0,0,1,"(3.0, 6.0]",Yes. Vertically down.,Yes Vertically down
59,12,337.652,1765.652,True,True,True,34.0,1751.705,1761.579,Uh. Nine point eight seconds. Nine point eight meters per second squared.,4.073000000000093,pslc55-c1,c1,1428.0,1,1,"(3.0, 6.0]",Uh. Nine point eight seconds. Nine point eight meters per second squared.,Uh Nine point eight seconds Nine point eight meters per second squared
59,13,371.63,1799.63,False,False,True,35.0,1789.769,1795.358,Nine tw+nineteen point six meters per second.,4.272000000000162,pslc55-c1,c1,1428.0,0,0,"(3.0, 6.0]",Nine tw+nineteen point six meters per second.,Nine tw nineteen point six meters per second
59,14,399.754,1827.754,True,True,True,36.0,1817.024,1822.928,Nine point eight meters p+per second.,4.8259999999997945,pslc55-c1,c1,1428.0,1,1,"(3.0, 6.0]",Nine point eight meters p+per second.,Nine point eight meters p per second
59,15,422.478,1850.478,True,True,True,37.0,1840.313,1847.503,Nineteen point six meters per second.,2.9750000000001364,pslc55-c1,c1,1428.0,1,1,"(-0.001, 3.0]",Nineteen point six meters per second.,Nineteen point six meters per second
59,16,441.042,1869.042,True,False,True,38.0,1860.138,1862.172,They are the same.,6.869999999999891,pslc55-c1,c1,1428.0,0,1,"(6.0, 10.0]",They are the same.,They are the same
59,17,456.792,1884.792,True,False,True,39.0,1877.899,1879.061,Yes.,5.7309999999999945,pslc55-c1,c1,1428.0,0,1,"(3.0, 6.0]",Yes.,Yes
59,18,480.285,1908.285,True,False,True,40.0,1901.471,1903.075,They are the same.,5.210000000000036,pslc55-c1,c1,1428.0,0,1,"(3.0, 6.0]",They are the same.,They are the same
58,1,56.255,56.255,True,False,True,0.0,50.555,51.526,The same.,4.728999999999999,pslc56-c2,c2,1238.0,0,1,"(3.0, 6.0]",The same.,The same
58,2,93.384,93.384,True,False,True,1.0,84.72800000000001,86.101,Vertically down.,7.283000000000001,pslc56-c2,c2,1238.0,0,1,"(6.0, 10.0]",Vertically down.,Vertically down
58,3,132.187,132.187,True,False,True,2.0,125.808,126.819,Down.,5.368000000000009,pslc56-c2,c2,1238.0,0,1,"(3.0, 6.0]",Down.,Down
58,4,160.406,160.406,True,False,True,3.0,153.933,155.245,Yes. Down.,5.161000000000001,pslc56-c2,c2,1238.0,0,1,"(3.0, 6.0]",Yes. Down.,Yes Down
58,5,178.37,178.37,False,True,True,4.0,173.197,174.239,I don't know.,4.131,pslc56-c2,c2,1238.0,1,0,"(3.0, 6.0]",I don't know.,I don't know
58,6,214.572,214.572,False,True,True,5.0,207.663,208.644,Gravity??,5.927999999999997,pslc56-c2,c2,1238.0,1,0,"(3.0, 6.0]",Gravity??,Gravity
58,7,256.389,256.389,False,True,True,6.0,243.579,252.802,"Is it force equals mass, um, plus acceleration?",3.587000000000017,pslc56-c2,c2,1238.0,1,0,"(3.0, 6.0]","Is it force equals mass, um, plus acceleration?",Is it force equals mass um plus acceleration
58,8,294.991,294.991,False,True,True,7.0,281.183,290.426,"Well, um. I don't know.",4.564999999999998,pslc56-c2,c2,1238.0,1,0,"(3.0, 6.0]","Well, um. I don't know.",Well um I don't know
58,9,346.04,346.04,True,False,True,8.0,336.546,340.882,Vertically down. Also gravity.,5.158000000000016,pslc56-c2,c2,1238.0,0,1,"(3.0, 6.0]",Vertically down. Also gravity.,Vertically down Also gravity
58,10,364.596,364.596,True,False,True,9.0,358.357,359.658,Vertically down.,4.937999999999988,pslc56-c2,c2,1238.0,0,1,"(3.0, 6.0]",Vertically down.,Vertically down
58,11,380.377,380.377,True,False,True,10.0,373.786,375.188,Vertically down.,5.189000000000021,pslc56-c2,c2,1238.0,0,1,"(3.0, 6.0]",Vertically down.,Vertically down
58,12,401.422,401.422,True,True,True,11.0,394.709,396.131,Nine point eight.,5.291000000000054,pslc56-c2,c2,1238.0,1,1,"(3.0, 6.0]",Nine point eight.,Nine point eight
58,13,429.569,429.569,False,True,True,12.0,423.59,424.611,Vertically down.,4.958000000000027,pslc56-c2,c2,1238.0,1,0,"(3.0, 6.0]",Vertically down.,Vertically down
58,14,454.141,454.141,False,True,True,13.0,446.685,450.219,Force equals mass times acceleration??,3.9220000000000255,pslc56-c2,c2,1238.0,1,0,"(3.0, 6.0]",Force equals mass times acceleration??,Force equals mass times acceleration
58,15,513.508,513.508,False,False,True,14.0,507.097,508.87,There is no change.,4.638000000000034,pslc56-c2,c2,1238.0,0,0,"(3.0, 6.0]",There is no change.,There is no change
58,16,542.439,542.439,False,False,True,15.0,531.487,532.929,Nineteen point six.,9.509999999999993,pslc56-c2,c2,1238.0,0,0,"(6.0, 10.0]",Nineteen point six.,Nineteen point six
58,17,581.824,581.824,False,True,True,16.0,571.342,577.622,"Uh. Another nine point eight, which would make that twenty nine point four.",4.201999999999998,pslc56-c2,c2,1238.0,1,0,"(3.0, 6.0]","Uh. Another nine point eight, which would make that twenty nine point four.",Uh Another nine point eight which would make that twenty nine point four
58,18,622.761,622.761,True,False,True,17.0,613.588,617.326,"Another nine point eight, which is twenty nine point four.",5.434999999999945,pslc56-c2,c2,1238.0,0,1,"(3.0, 6.0]","Another nine point eight, which is twenty nine point four.",Another nine point eight which is twenty nine point four
58,19,645.606,645.606,True,False,True,18.0,639.608,640.67,They're the same.,4.936000000000036,pslc56-c2,c2,1238.0,0,1,"(3.0, 6.0]",They're the same.,They're the same
58,21,680.576,680.576,True,False,True,20.0,672.85,674.112,They're the same.,6.464000000000056,pslc56-c2,c2,1238.0,0,1,"(6.0, 10.0]",They're the same.,They're the same
59,1,76.133,1314.133,True,False,True,22.0,1308.608,1309.627,<nspn> It's the same.,4.5060000000000855,pslc56-c2,c2,1238.0,0,1,"(3.0, 6.0]",<nspn> It's the same.,It's the same
59,2,120.23,1358.23,True,True,True,23.0,1344.365,1349.207,It's going to be vertically down. It's gravel+gravity. Um.,9.02299999999991,pslc56-c2,c2,1238.0,1,1,"(6.0, 10.0]",It's going to be vertically down. It's gravel+gravity. Um.,It's going to be vertically down It's gravel gravity Um
59,3,141.171,1379.171,True,False,True,24.0,1373.543,1374.796,Vertically down.,4.375,pslc56-c2,c2,1238.0,0,1,"(3.0, 6.0]",Vertically down.,Vertically down
59,4,155.921,1393.921,True,False,True,25.0,1389.243,1390.767,Yes. Vertically down.,3.1539999999999964,pslc56-c2,c2,1238.0,0,1,"(3.0, 6.0]",Yes. Vertically down.,Yes Vertically down
59,5,188.554,1426.554,True,True,True,26.0,1413.382,1417.28,G for ac+acceleration of gravity??,9.274000000000116,pslc56-c2,c2,1238.0,1,1,"(6.0, 10.0]",G for ac+acceleration of gravity??,G for ac acceleration of gravity
59,6,209.607,1447.607,False,True,True,27.0,1440.788,1441.96,The same.,5.646999999999935,pslc56-c2,c2,1238.0,1,0,"(3.0, 6.0]",The same.,The same
59,7,237.003,1475.003,True,False,True,28.0,1463.481,1470.877,"Weight equals mass times, uh, acceleration. G.",4.125999999999976,pslc56-c2,c2,1238.0,0,1,"(3.0, 6.0]","Weight equals mass times, uh, acceleration. G.",Weight equals mass times uh acceleration G
59,8,269.103,1507.103,True,True,True,29.0,1491.097,1503.136,"Uh. It's force equals, um, mass times acceleration.",3.967000000000098,pslc56-c2,c2,1238.0,1,1,"(3.0, 6.0]","Uh. It's force equals, um, mass times acceleration.",Uh It's force equals um mass times acceleration
59,9,311.032,1549.032,True,False,True,30.0,1543.244,1545.318,Gravity. Vertically down.,3.713999999999942,pslc56-c2,c2,1238.0,0,1,"(3.0, 6.0]",Gravity. Vertically down.,Gravity Vertically down
59,10,330.204,1568.204,True,False,True,31.0,1563.586,1564.91,Vertically down.,3.293999999999869,pslc56-c2,c2,1238.0,0,1,"(3.0, 6.0]",Vertically down.,Vertically down
59,11,345.937,1583.937,True,False,True,32.0,1579.207,1580.621,Vertically down.,3.3159999999998035,pslc56-c2,c2,1238.0,0,1,"(3.0, 6.0]",Vertically down.,Vertically down
59,12,381.268,1619.268,False,True,True,33.0,1599.745,1613.902,"Um. Force equals... F equals W, or M times A equals M times G.",5.3659999999999854,pslc56-c2,c2,1238.0,1,0,"(3.0, 6.0]","Um. Force equals... F equals W, or M times A equals M times G.",Um Force equals F equals W or M times A equals M times G
59,13,403.88,1641.88,False,False,True,34.0,1634.52,1637.468,M times A equals M times G.,4.412000000000035,pslc56-c2,c2,1238.0,0,0,"(3.0, 6.0]",M times A equals M times G.,M times A equals M times G
59,14,428.34,1666.34,True,False,True,35.0,1661.076,1663.901,W equals M times G.,2.438999999999851,pslc56-c2,c2,1238.0,0,1,"(-0.001, 3.0]",W equals M times G.,W equals M times G
59,15,485.13,1723.13,True,False,True,36.0,1711.404,1718.377,Nine point eight. M divided by S. Ni+nine point eight.,4.753000000000156,pslc56-c2,c2,1238.0,0,1,"(3.0, 6.0]",Nine point eight. M divided by S. Ni+nine point eight.,Nine point eight M divided by S Ni nine point eight
59,16,510.102,1748.102,False,False,True,37.0,1743.206,1744.438,Nine point eight.,3.66399999999976,pslc56-c2,c2,1238.0,0,0,"(3.0, 6.0]",Nine point eight.,Nine point eight
59,17,545.288,1783.288,True,False,True,38.0,1776.768,1778.381,Nineteen point six.,4.906999999999925,pslc56-c2,c2,1238.0,0,1,"(3.0, 6.0]",Nineteen point six.,Nineteen point six
59,18,584.994,1822.994,True,False,True,39.0,1814.689,1818.637,"Another nine point eight, which will make it twenty nine point four.",4.357000000000198,pslc56-c2,c2,1238.0,0,1,"(3.0, 6.0]","Another nine point eight, which will make it twenty nine point four.",Another nine point eight which will make it twenty nine point four
59,19,607.574,1845.574,True,False,True,40.0,1842.19,1843.581,They're the same.,1.9930000000001653,pslc56-c2,c2,1238.0,0,1,"(-0.001, 3.0]",They're the same.,They're the same
59,20,633.665,1871.665,False,False,True,41.0,1858.232,1866.651,Uh. Displacement is this distance between point A and B in a straight line.,5.013999999999896,pslc56-c2,c2,1238.0,0,0,"(3.0, 6.0]",Uh. Displacement is this distance between point A and B in a straight line.,Uh Displacement is this distance between point A and B in a straight line
59,21,653.479,1891.479,True,False,True,42.0,1886.573,1887.684,They're the same.,3.7950000000000728,pslc56-c2,c2,1238.0,0,1,"(3.0, 6.0]",They're the same.,They're the same
58,1,64.372,64.372,False,True,True,0.0,57.243,60.256,He is faster than the keys??,4.116,pslc57-c3,c3,1388.0,1,0,"(3.0, 6.0]",He is faster than the keys??,He is faster than the keys
58,2,130.306,130.306,True,True,True,1.0,120.206,122.39,Gravitational pull up.,7.916000000000011,pslc57-c3,c3,1388.0,1,1,"(6.0, 10.0]",Gravitational pull up.,Gravitational pull up
58,3,167.692,167.692,True,True,True,2.0,160.839,162.341,Pull down??,5.350999999999999,pslc57-c3,c3,1388.0,1,1,"(3.0, 6.0]",Pull down??,Pull down
58,4,200.606,200.606,True,True,True,3.0,194.261,195.723,Yes. Down??,4.882999999999981,pslc57-c3,c3,1388.0,1,1,"(3.0, 6.0]",Yes. Down??,Yes Down
58,5,235.144,235.144,False,True,True,4.0,228.443,231.062,One m+meter per second??,4.081999999999994,pslc57-c3,c3,1388.0,1,0,"(3.0, 6.0]",One m+meter per second??,One m meter per second
58,6,257.78,257.78,False,True,True,5.0,251.71,253.372,Meters per second??,4.407999999999959,pslc57-c3,c3,1388.0,1,0,"(3.0, 6.0]",Meters per second??,Meters per second
58,7,288.351,288.351,False,True,True,6.0,273.979,283.132,Weight equals mass over acceleration??,5.218999999999994,pslc57-c3,c3,1388.0,1,0,"(3.0, 6.0]",Weight equals mass over acceleration??,Weight equals mass over acceleration
58,8,336.752,336.752,True,True,True,7.0,321.26,326.862,The weight equals the mass times the gravitational pull??,9.889999999999986,pslc57-c3,c3,1388.0,1,1,"(6.0, 10.0]",The weight equals the mass times the gravitational pull??,The weight equals the mass times the gravitational pull
58,9,397.214,397.214,True,True,True,8.0,390.11,391.994,Gravitational pull down??,5.21999999999997,pslc57-c3,c3,1388.0,1,1,"(3.0, 6.0]",Gravitational pull down??,Gravitational pull down
58,10,419.738,419.738,True,False,True,9.0,414.351,415.463,Down.,4.274999999999977,pslc57-c3,c3,1388.0,0,1,"(3.0, 6.0]",Down.,Down
58,11,436.337,436.337,True,False,True,10.0,430.388,431.831,Yes. Down.,4.505999999999972,pslc57-c3,c3,1388.0,0,1,"(3.0, 6.0]",Yes. Down.,Yes Down
58,12,455.54,455.54,True,False,True,11.0,447.748,451.275,Nine point eight meters per second squared??,4.265000000000043,pslc57-c3,c3,1388.0,0,1,"(3.0, 6.0]",Nine point eight meters per second squared??,Nine point eight meters per second squared
58,13,477.033,477.033,True,False,True,12.0,470.565,473.361,Nine point eight meters per second squared??,3.6720000000000255,pslc57-c3,c3,1388.0,0,1,"(3.0, 6.0]",Nine point eight meters per second squared??,Nine point eight meters per second squared
58,14,506.356,506.356,True,False,True,13.0,498.056,501.921,Weight equals mass times gravitational pull??,4.435000000000002,pslc57-c3,c3,1388.0,0,1,"(3.0, 6.0]",Weight equals mass times gravitational pull??,Weight equals mass times gravitational pull
58,15,587.094,587.094,False,True,True,14.0,580.4639999999999,581.545,Nothing??,5.549000000000092,pslc57-c3,c3,1388.0,1,0,"(3.0, 6.0]",Nothing??,Nothing
58,16,614.618,614.618,True,False,True,15.0,606.991,609.656,Nine point eight meters per second??,4.962000000000103,pslc57-c3,c3,1388.0,0,1,"(3.0, 6.0]",Nine point eight meters per second??,Nine point eight meters per second
58,17,647.891,647.891,False,True,True,16.0,640.91,643.423,Nine point eight meters per second??,4.467999999999961,pslc57-c3,c3,1388.0,1,0,"(3.0, 6.0]",Nine point eight meters per second??,Nine point eight meters per second
58,18,699.044,699.044,True,True,True,17.0,690.473,693.649,Twenty nine point four meters per second??,5.394999999999982,pslc57-c3,c3,1388.0,1,1,"(3.0, 6.0]",Twenty nine point four meters per second??,Twenty nine point four meters per second
58,19,728.351,728.351,True,False,True,18.0,721.987,723.329,They are the same??,5.022000000000048,pslc57-c3,c3,1388.0,0,1,"(3.0, 6.0]",They are the same??,They are the same
58,20,742.709,742.709,False,True,True,19.0,737.624,738.605,No.,4.103999999999928,pslc57-c3,c3,1388.0,1,0,"(3.0, 6.0]",No.,No
58,21,780.342,780.342,True,False,True,20.0,773.515,774.759,They are the same??,5.58299999999997,pslc57-c3,c3,1388.0,0,1,"(3.0, 6.0]",They are the same??,They are the same
59,1,78.224,1466.224,True,False,True,21.0,1457.158,1458.289,They are equal??,7.934999999999945,pslc57-c3,c3,1388.0,0,1,"(6.0, 10.0]",They are equal??,They are equal
59,2,119.585,1507.585,True,False,True,22.0,1499.6,1501.953,Gravitational pull down.,5.632000000000062,pslc57-c3,c3,1388.0,0,1,"(3.0, 6.0]",Gravitational pull down.,Gravitational pull down
59,3,142.253,1530.253,True,False,True,23.0,1522.589,1523.55,Down.,6.702999999999975,pslc57-c3,c3,1388.0,0,1,"(6.0, 10.0]",Down.,Down
59,4,160.69,1548.69,True,False,True,24.0,1542.767,1544.039,Yes. Down.,4.651000000000067,pslc57-c3,c3,1388.0,0,1,"(3.0, 6.0]",Yes. Down.,Yes Down
59,5,183.19,1571.19,True,True,True,25.0,1561.917,1565.284,Nine point eight meters per second squared??,5.905999999999949,pslc57-c3,c3,1388.0,1,1,"(3.0, 6.0]",Nine point eight meters per second squared??,Nine point eight meters per second squared
59,6,204.051,1592.051,True,False,True,26.0,1585.518,1587.754,Gravitational pull down??,4.2970000000000255,pslc57-c3,c3,1388.0,0,1,"(3.0, 6.0]",Gravitational pull down??,Gravitational pull down
59,7,223.128,1611.128,True,False,True,27.0,1604.85,1605.942,Down.,5.185999999999922,pslc57-c3,c3,1388.0,0,1,"(3.0, 6.0]",Down.,Down
59,8,241.109,1629.109,True,False,True,28.0,1622.438,1623.79,Yes. Down.,5.31899999999996,pslc57-c3,c3,1388.0,0,1,"(3.0, 6.0]",Yes. Down.,Yes Down
59,9,254.154,1642.154,True,False,True,29.0,1634.735,1637.775,Nine point eight meters per second squared??,4.378999999999905,pslc57-c3,c3,1388.0,0,1,"(3.0, 6.0]",Nine point eight meters per second squared??,Nine point eight meters per second squared
59,10,293.804,1681.804,False,True,True,30.0,1673.555,1676.602,Nine point eight meters per second squared??,5.201999999999998,pslc57-c3,c3,1388.0,1,0,"(3.0, 6.0]",Nine point eight meters per second squared??,Nine point eight meters per second squared
59,11,320.735,1708.735,True,False,True,31.0,1699.199,1701.798,Nine point eight meters per second.,6.9370000000001255,pslc57-c3,c3,1388.0,0,1,"(6.0, 10.0]",Nine point eight meters per second.,Nine point eight meters per second
59,12,342.884,1730.884,True,True,True,32.0,1722.025,1725.22,Nineteen point six meters per second??,5.663999999999987,pslc57-c3,c3,1388.0,1,1,"(3.0, 6.0]",Nineteen point six meters per second??,Nineteen point six meters per second
59,13,360.641,1748.641,True,False,True,33.0,1740.376,1741.758,They are the same.,6.883000000000038,pslc57-c3,c3,1388.0,0,1,"(6.0, 10.0]",They are the same.,They are the same
59,14,376.054,1764.054,False,True,True,34.0,1757.166,1757.997,No.,6.057000000000016,pslc57-c3,c3,1388.0,1,0,"(6.0, 10.0]",No.,No
59,15,397.571,1785.571,True,False,True,35.0,1777.211,1778.573,They are the same.,6.99799999999982,pslc57-c3,c3,1388.0,0,1,"(6.0, 10.0]",They are the same.,They are the same
