learner_pseudonym,attempt_id,action_event_id,action_turn_index,skill,problem,history_before_action,formatted_history,historical_raw_md7_move,baseline_p_generic,baseline_p_probing,baseline_p_focus,baseline_p_telling,baseline_top1,candidate_p_generic,candidate_p_probing,candidate_p_focus,candidate_p_telling,candidate_top1,delta_p_generic,delta_p_probing,delta_p_focus,delta_p_telling,top1_changed,changed_to_telling,changed_away_from_telling,evaluator_category_observational,immediate_delta_mastery_observational,mastery_before_observational
psn_f78c0817d43053e5bd31da20,5413cab2-22c8-4536-a66b-66619d887e84:1,5413cab2-22c8-4536-a66b-66619d887e84:1:action:1,1,Equation Solving Two or Fewer Steps,A rectangle has a length that is 4 cm more than its width. The area of the rectangle is 96 cm². Find the length and width of the rectangle.,[],[No previous conversation],generic,0.8909776210784912,0.06675581634044647,0.030821459367871284,0.01144502218812704,generic,0.8518093228340149,0.11102169752120972,0.028539154678583145,0.008629908785223961,generic,-0.03916829824447632,0.044265881180763245,-0.0022823046892881393,-0.00281511340290308,False,False,False,correct,0.07868423614657372,0.6416626571109912
psn_f78c0817d43053e5bd31da20,5413cab2-22c8-4536-a66b-66619d887e84:1,5413cab2-22c8-4536-a66b-66619d887e84:1:action:2,2,Equation Solving Two or Fewer Steps,A rectangle has a length that is 4 cm more than its width. The area of the rectangle is 96 cm². Find the length and width of the rectangle.,"[{""text"":""How would you start solving this problem?"",""user"":""teacher""},{""text"":""I would start by letting the width be \\(x\\) cm. Then the length would be \\(x + 4\\) cm. Since the area is 96 cm², I can use the formula length × width = area to form an equation."",""user"":""student""}]","teacher: How would you start solving this problem?
student: I would start by letting the width be \(x\) cm. Then the length would be \(x + 4\) cm. Since the area is 96 cm², I can use the formula length × width = area to form an equation.",probing,0.005811878014355898,0.9807745814323425,0.009098847396671772,0.004314720630645752,probing,8.772801811574027e-05,0.9983612895011902,0.0007617201190441847,0.0007893421570770442,probing,-0.005724149996240158,0.017586708068847656,-0.008337127277627587,-0.0035253784735687077,False,False,False,incorrect,-0.12250213021842593,0.720346893257565
psn_f78c0817d43053e5bd31da20,5413cab2-22c8-4536-a66b-66619d887e84:1,5413cab2-22c8-4536-a66b-66619d887e84:1:action:3,3,Equation Solving Two or Fewer Steps,A rectangle has a length that is 4 cm more than its width. The area of the rectangle is 96 cm². Find the length and width of the rectangle.,"[{""text"":""How would you start solving this problem?"",""user"":""teacher""},{""text"":""I would start by letting the width be \\(x\\) cm. Then the length would be \\(x + 4\\) cm. Since the area is 96 cm², I can use the formula length × width = area to form an equation."",""user"":""student""},{""text"":""That's a great start! What equation would you form using those expressions for length and width?"",""user"":""teacher""},{""text"":""I think the equation would be \\(x + 4x = 96\\), because the width is \\(x\\) and the length is \\(x+4\\)."",""user"":""student""}]","teacher: How would you start solving this problem?
student: I would start by letting the width be \(x\) cm. Then the length would be \(x + 4\) cm. Since the area is 96 cm², I can use the formula length × width = area to form an equation.
teacher: That's a great start! What equation would you form using those expressions for length and width?
student: I think the equation would be \(x + 4x = 96\), because the width is \(x\) and the length is \(x+4\).",focus,0.04292262718081474,0.32328200340270996,0.6246809363365173,0.009114398621022701,focus,0.003834715811535716,0.873275637626648,0.11920976638793945,0.003679902059957385,probing,-0.03908791136927903,0.549993634223938,-0.5054711699485779,-0.005434496561065316,True,False,False,correct,0.08985114611370748,0.597844763039139
psn_f78c0817d43053e5bd31da20,5413cab2-22c8-4536-a66b-66619d887e84:1,5413cab2-22c8-4536-a66b-66619d887e84:1:action:4,4,Equation Solving Two or Fewer Steps,A rectangle has a length that is 4 cm more than its width. The area of the rectangle is 96 cm². Find the length and width of the rectangle.,"[{""text"":""How would you start solving this problem?"",""user"":""teacher""},{""text"":""I would start by letting the width be \\(x\\) cm. Then the length would be \\(x + 4\\) cm. Since the area is 96 cm², I can use the formula length × width = area to form an equation."",""user"":""student""},{""text"":""That's a great start! What equation would you form using those expressions for length and width?"",""user"":""teacher""},{""text"":""I think the equation would be \\(x + 4x = 96\\), because the width is \\(x\\) and the length is \\(x+4\\)."",""user"":""student""},{""text"":""You've correctly defined the width as \\(x\\) and the length as \\(x+4\\). Remember that the area of a rectangle is found by multiplying the length and the width. How would you write that multiplication using your expressions for length and width?"",""user"":""teacher""},{""text"":""I would write it as \\(x(x+4)=96\\), because the width is \\(x\\) and the length is \\(x+4\\)."",""user"":""student""}]","teacher: How would you start solving this problem?
student: I would start by letting the width be \(x\) cm. Then the length would be \(x + 4\) cm. Since the area is 96 cm², I can use the formula length × width = area to form an equation.
teacher: That's a great start! What equation would you form using those expressions for length and width?
student: I think the equation would be \(x + 4x = 96\), because the width is \(x\) and the length is \(x+4\).
teacher: You've correctly defined the width as \(x\) and the length as \(x+4\). Remember that the area of a rectangle is found by multiplying the length and the width. How would you write that multiplication using your expressions for length and width?
student: I would write it as \(x(x+4)=96\), because the width is \(x\) and the length is \(x+4\).",focus,0.14922988414764404,0.21275900304317474,0.6106135845184326,0.02739761210978031,focus,0.048522867262363434,0.5744291543960571,0.35148555040359497,0.02556237205862999,probing,-0.10070701688528061,0.3616701513528824,-0.25912803411483765,-0.001835240051150322,True,False,False,unknown,-0.047624630861649364,0.6876959091528465
psn_f78c0817d43053e5bd31da20,5413cab2-22c8-4536-a66b-66619d887e84:1,5413cab2-22c8-4536-a66b-66619d887e84:1:action:5,5,Equation Solving Two or Fewer Steps,A rectangle has a length that is 4 cm more than its width. The area of the rectangle is 96 cm². Find the length and width of the rectangle.,"[{""text"":""How would you start solving this problem?"",""user"":""teacher""},{""text"":""I would start by letting the width be \\(x\\) cm. Then the length would be \\(x + 4\\) cm. Since the area is 96 cm², I can use the formula length × width = area to form an equation."",""user"":""student""},{""text"":""That's a great start! What equation would you form using those expressions for length and width?"",""user"":""teacher""},{""text"":""I think the equation would be \\(x + 4x = 96\\), because the width is \\(x\\) and the length is \\(x+4\\)."",""user"":""student""},{""text"":""You've correctly defined the width as \\(x\\) and the length as \\(x+4\\). Remember that the area of a rectangle is found by multiplying the length and the width. How would you write that multiplication using your expressions for length and width?"",""user"":""teacher""},{""text"":""I would write it as \\(x(x+4)=96\\), because the width is \\(x\\) and the length is \\(x+4\\)."",""user"":""student""},{""text"":""Excellent! Now that you have the equation \\(x(x+4)=96\\), what's the first step to simplify the left side of this equation?"",""user"":""teacher""},{""text"":""i dont know"",""user"":""student""}]","teacher: How would you start solving this problem?
student: I would start by letting the width be \(x\) cm. Then the length would be \(x + 4\) cm. Since the area is 96 cm², I can use the formula length × width = area to form an equation.
teacher: That's a great start! What equation would you form using those expressions for length and width?
student: I think the equation would be \(x + 4x = 96\), because the width is \(x\) and the length is \(x+4\).
teacher: You've correctly defined the width as \(x\) and the length as \(x+4\). Remember that the area of a rectangle is found by multiplying the length and the width. How would you write that multiplication using your expressions for length and width?
student: I would write it as \(x(x+4)=96\), because the width is \(x\) and the length is \(x+4\).
teacher: Excellent! Now that you have the equation \(x(x+4)=96\), what's the first step to simplify the left side of this equation?
student: i dont know",focus,0.25203171372413635,0.27005356550216675,0.44853296875953674,0.029381779953837395,focus,0.0554661862552166,0.6275439858436584,0.3014514744281769,0.015538320876657963,probing,-0.19656552746891975,0.3574904203414917,-0.14708149433135986,-0.013843459077179432,True,False,False,unknown,-0.02644543348638606,0.6400712782911971
psn_f78c0817d43053e5bd31da20,5413cab2-22c8-4536-a66b-66619d887e84:1,5413cab2-22c8-4536-a66b-66619d887e84:1:action:6,6,Equation Solving Two or Fewer Steps,A rectangle has a length that is 4 cm more than its width. The area of the rectangle is 96 cm². Find the length and width of the rectangle.,"[{""text"":""How would you start solving this problem?"",""user"":""teacher""},{""text"":""I would start by letting the width be \\(x\\) cm. Then the length would be \\(x + 4\\) cm. Since the area is 96 cm², I can use the formula length × width = area to form an equation."",""user"":""student""},{""text"":""That's a great start! What equation would you form using those expressions for length and width?"",""user"":""teacher""},{""text"":""I think the equation would be \\(x + 4x = 96\\), because the width is \\(x\\) and the length is \\(x+4\\)."",""user"":""student""},{""text"":""You've correctly defined the width as \\(x\\) and the length as \\(x+4\\). Remember that the area of a rectangle is found by multiplying the length and the width. How would you write that multiplication using your expressions for length and width?"",""user"":""teacher""},{""text"":""I would write it as \\(x(x+4)=96\\), because the width is \\(x\\) and the length is \\(x+4\\)."",""user"":""student""},{""text"":""Excellent! Now that you have the equation \\(x(x+4)=96\\), what's the first step to simplify the left side of this equation?"",""user"":""teacher""},{""text"":""i dont know"",""user"":""student""},{""text"":""To simplify \\(x(x+4)\\), you need to multiply \\(x\\) by each term inside the parentheses. What do you get when you do that?"",""user"":""teacher""},{""text"":""i cannot understand clearly"",""user"":""student""}]","teacher: How would you start solving this problem?
student: I would start by letting the width be \(x\) cm. Then the length would be \(x + 4\) cm. Since the area is 96 cm², I can use the formula length × width = area to form an equation.
teacher: That's a great start! What equation would you form using those expressions for length and width?
student: I think the equation would be \(x + 4x = 96\), because the width is \(x\) and the length is \(x+4\).
teacher: You've correctly defined the width as \(x\) and the length as \(x+4\). Remember that the area of a rectangle is found by multiplying the length and the width. How would you write that multiplication using your expressions for length and width?
student: I would write it as \(x(x+4)=96\), because the width is \(x\) and the length is \(x+4\).
teacher: Excellent! Now that you have the equation \(x(x+4)=96\), what's the first step to simplify the left side of this equation?
student: i dont know
teacher: To simplify \(x(x+4)\), you need to multiply \(x\) by each term inside the parentheses. What do you get when you do that?
student: i cannot understand clearly",focus,0.1934514194726944,0.2741049826145172,0.4933553636074066,0.03908824175596237,focus,0.040311191231012344,0.611575186252594,0.32840174436569214,0.019711928442120552,probing,-0.15314022824168205,0.3374702036380768,-0.16495361924171448,-0.01937631331384182,True,False,False,incorrect,-0.13840553953494755,0.6136258448048111
psn_f78c0817d43053e5bd31da20,5413cab2-22c8-4536-a66b-66619d887e84:1,5413cab2-22c8-4536-a66b-66619d887e84:1:action:7,7,Equation Solving Two or Fewer Steps,A rectangle has a length that is 4 cm more than its width. The area of the rectangle is 96 cm². Find the length and width of the rectangle.,"[{""text"":""How would you start solving this problem?"",""user"":""teacher""},{""text"":""I would start by letting the width be \\(x\\) cm. Then the length would be \\(x + 4\\) cm. Since the area is 96 cm², I can use the formula length × width = area to form an equation."",""user"":""student""},{""text"":""That's a great start! What equation would you form using those expressions for length and width?"",""user"":""teacher""},{""text"":""I think the equation would be \\(x + 4x = 96\\), because the width is \\(x\\) and the length is \\(x+4\\)."",""user"":""student""},{""text"":""You've correctly defined the width as \\(x\\) and the length as \\(x+4\\). Remember that the area of a rectangle is found by multiplying the length and the width. How would you write that multiplication using your expressions for length and width?"",""user"":""teacher""},{""text"":""I would write it as \\(x(x+4)=96\\), because the width is \\(x\\) and the length is \\(x+4\\)."",""user"":""student""},{""text"":""Excellent! Now that you have the equation \\(x(x+4)=96\\), what's the first step to simplify the left side of this equation?"",""user"":""teacher""},{""text"":""i dont know"",""user"":""student""},{""text"":""To simplify \\(x(x+4)\\), you need to multiply \\(x\\) by each term inside the parentheses. What do you get when you do that?"",""user"":""teacher""},{""text"":""i cannot understand clearly"",""user"":""student""},{""text"":""No problem. Let's break it down. To simplify \\(x(x+4)\\), you need to multiply \\(x\\) by each term inside the parentheses. What do you get when you multiply \\(x\\) by the first term, which is \\(x\\)?"",""user"":""teacher""},{""text"":""2x"",""user"":""student""}]","teacher: How would you start solving this problem?
student: I would start by letting the width be \(x\) cm. Then the length would be \(x + 4\) cm. Since the area is 96 cm², I can use the formula length × width = area to form an equation.
teacher: That's a great start! What equation would you form using those expressions for length and width?
student: I think the equation would be \(x + 4x = 96\), because the width is \(x\) and the length is \(x+4\).
teacher: You've correctly defined the width as \(x\) and the length as \(x+4\). Remember that the area of a rectangle is found by multiplying the length and the width. How would you write that multiplication using your expressions for length and width?
student: I would write it as \(x(x+4)=96\), because the width is \(x\) and the length is \(x+4\).
teacher: Excellent! Now that you have the equation \(x(x+4)=96\), what's the first step to simplify the left side of this equation?
student: i dont know
teacher: To simplify \(x(x+4)\), you need to multiply \(x\) by each term inside the parentheses. What do you get when you do that?
student: i cannot understand clearly
teacher: No problem. Let's break it down. To simplify \(x(x+4)\), you need to multiply \(x\) by each term inside the parentheses. What do you get when you multiply \(x\) by the first term, which is \(x\)?
student: 2x",focus,0.13401998579502106,0.21850146353244781,0.6115864515304565,0.0358920656144619,focus,0.0373680554330349,0.5481818914413452,0.3903091847896576,0.024140911176800728,probing,-0.09665193036198616,0.3296804279088974,-0.22127726674079895,-0.011751154437661171,True,False,False,unknown,-0.042964368035165734,0.47522030526986353
psn_f78c0817d43053e5bd31da20,5413cab2-22c8-4536-a66b-66619d887e84:1,5413cab2-22c8-4536-a66b-66619d887e84:1:action:8,8,Equation Solving Two or Fewer Steps,A rectangle has a length that is 4 cm more than its width. The area of the rectangle is 96 cm². Find the length and width of the rectangle.,"[{""text"":""How would you start solving this problem?"",""user"":""teacher""},{""text"":""I would start by letting the width be \\(x\\) cm. Then the length would be \\(x + 4\\) cm. Since the area is 96 cm², I can use the formula length × width = area to form an equation."",""user"":""student""},{""text"":""That's a great start! What equation would you form using those expressions for length and width?"",""user"":""teacher""},{""text"":""I think the equation would be \\(x + 4x = 96\\), because the width is \\(x\\) and the length is \\(x+4\\)."",""user"":""student""},{""text"":""You've correctly defined the width as \\(x\\) and the length as \\(x+4\\). Remember that the area of a rectangle is found by multiplying the length and the width. How would you write that multiplication using your expressions for length and width?"",""user"":""teacher""},{""text"":""I would write it as \\(x(x+4)=96\\), because the width is \\(x\\) and the length is \\(x+4\\)."",""user"":""student""},{""text"":""Excellent! Now that you have the equation \\(x(x+4)=96\\), what's the first step to simplify the left side of this equation?"",""user"":""teacher""},{""text"":""i dont know"",""user"":""student""},{""text"":""To simplify \\(x(x+4)\\), you need to multiply \\(x\\) by each term inside the parentheses. What do you get when you do that?"",""user"":""teacher""},{""text"":""i cannot understand clearly"",""user"":""student""},{""text"":""No problem. Let's break it down. To simplify \\(x(x+4)\\), you need to multiply \\(x\\) by each term inside the parentheses. What do you get when you multiply \\(x\\) by the first term, which is \\(x\\)?"",""user"":""teacher""},{""text"":""2x"",""user"":""student""},{""text"":""Not quite. When you multiply \\(x\\) by \\(x\\), you are multiplying a variable by itself. What is \\(x \\cdot x\\) usually written as?"",""user"":""teacher""},{""text"":""i really dont know"",""user"":""student""}]","teacher: How would you start solving this problem?
student: I would start by letting the width be \(x\) cm. Then the length would be \(x + 4\) cm. Since the area is 96 cm², I can use the formula length × width = area to form an equation.
teacher: That's a great start! What equation would you form using those expressions for length and width?
student: I think the equation would be \(x + 4x = 96\), because the width is \(x\) and the length is \(x+4\).
teacher: You've correctly defined the width as \(x\) and the length as \(x+4\). Remember that the area of a rectangle is found by multiplying the length and the width. How would you write that multiplication using your expressions for length and width?
student: I would write it as \(x(x+4)=96\), because the width is \(x\) and the length is \(x+4\).
teacher: Excellent! Now that you have the equation \(x(x+4)=96\), what's the first step to simplify the left side of this equation?
student: i dont know
teacher: To simplify \(x(x+4)\), you need to multiply \(x\) by each term inside the parentheses. What do you get when you do that?
student: i cannot understand clearly
teacher: No problem. Let's break it down. To simplify \(x(x+4)\), you need to multiply \(x\) by each term inside the parentheses. What do you get when you multiply \(x\) by the first term, which is \(x\)?
student: 2x
teacher: Not quite. When you multiply \(x\) by \(x\), you are multiplying a variable by itself. What is \(x \cdot x\) usually written as?
student: i really dont know",focus,0.16785591840744019,0.19797390699386597,0.5910537838935852,0.04311641678214073,focus,0.046347226947546005,0.4603999853134155,0.4638727009296417,0.029380176216363907,focus,-0.12150869145989418,0.26242607831954956,-0.12718108296394348,-0.013736240565776825,False,False,False,correct,0.09588176360133072,0.4322559372346978
psn_f78c0817d43053e5bd31da20,5413cab2-22c8-4536-a66b-66619d887e84:1,5413cab2-22c8-4536-a66b-66619d887e84:1:action:9,9,Equation Solving Two or Fewer Steps,A rectangle has a length that is 4 cm more than its width. The area of the rectangle is 96 cm². Find the length and width of the rectangle.,"[{""text"":""How would you start solving this problem?"",""user"":""teacher""},{""text"":""I would start by letting the width be \\(x\\) cm. Then the length would be \\(x + 4\\) cm. Since the area is 96 cm², I can use the formula length × width = area to form an equation."",""user"":""student""},{""text"":""That's a great start! What equation would you form using those expressions for length and width?"",""user"":""teacher""},{""text"":""I think the equation would be \\(x + 4x = 96\\), because the width is \\(x\\) and the length is \\(x+4\\)."",""user"":""student""},{""text"":""You've correctly defined the width as \\(x\\) and the length as \\(x+4\\). Remember that the area of a rectangle is found by multiplying the length and the width. How would you write that multiplication using your expressions for length and width?"",""user"":""teacher""},{""text"":""I would write it as \\(x(x+4)=96\\), because the width is \\(x\\) and the length is \\(x+4\\)."",""user"":""student""},{""text"":""Excellent! Now that you have the equation \\(x(x+4)=96\\), what's the first step to simplify the left side of this equation?"",""user"":""teacher""},{""text"":""i dont know"",""user"":""student""},{""text"":""To simplify \\(x(x+4)\\), you need to multiply \\(x\\) by each term inside the parentheses. What do you get when you do that?"",""user"":""teacher""},{""text"":""i cannot understand clearly"",""user"":""student""},{""text"":""No problem. Let's break it down. To simplify \\(x(x+4)\\), you need to multiply \\(x\\) by each term inside the parentheses. What do you get when you multiply \\(x\\) by the first term, which is \\(x\\)?"",""user"":""teacher""},{""text"":""2x"",""user"":""student""},{""text"":""Not quite. When you multiply \\(x\\) by \\(x\\), you are multiplying a variable by itself. What is \\(x \\cdot x\\) usually written as?"",""user"":""teacher""},{""text"":""i really dont know"",""user"":""student""},{""text"":""No problem. When you multiply a variable by itself, like \\(x \\cdot x\\), we write it using an exponent. For example, \\(2 \\cdot 2\\) is \\(2^2\\). How would you write \\(x \\cdot x\\) using an exponent?"",""user"":""teacher""},{""text"":""I think it would be \\(x^2\\)."",""user"":""student""}]","teacher: How would you start solving this problem?
student: I would start by letting the width be \(x\) cm. Then the length would be \(x + 4\) cm. Since the area is 96 cm², I can use the formula length × width = area to form an equation.
teacher: That's a great start! What equation would you form using those expressions for length and width?
student: I think the equation would be \(x + 4x = 96\), because the width is \(x\) and the length is \(x+4\).
teacher: You've correctly defined the width as \(x\) and the length as \(x+4\). Remember that the area of a rectangle is found by multiplying the length and the width. How would you write that multiplication using your expressions for length and width?
student: I would write it as \(x(x+4)=96\), because the width is \(x\) and the length is \(x+4\).
teacher: Excellent! Now that you have the equation \(x(x+4)=96\), what's the first step to simplify the left side of this equation?
student: i dont know
teacher: To simplify \(x(x+4)\), you need to multiply \(x\) by each term inside the parentheses. What do you get when you do that?
student: i cannot understand clearly
teacher: No problem. Let's break it down. To simplify \(x(x+4)\), you need to multiply \(x\) by each term inside the parentheses. What do you get when you multiply \(x\) by the first term, which is \(x\)?
student: 2x
teacher: Not quite. When you multiply \(x\) by \(x\), you are multiplying a variable by itself. What is \(x \cdot x\) usually written as?
student: i really dont know
teacher: No problem. When you multiply a variable by itself, like \(x \cdot x\), we write it using an exponent. For example, \(2 \cdot 2\) is \(2^2\). How would you write \(x \cdot x\) using an exponent?
student: I think it would be \(x^2\).",focus,0.16053849458694458,0.20988085865974426,0.5769899487495422,0.05259069800376892,focus,0.05499817058444023,0.31054407358169556,0.5986383557319641,0.035819362848997116,focus,-0.10554032400250435,0.1006632149219513,0.021648406982421875,-0.016771335154771805,False,False,False,correct,0.09935852058825301,0.5281377008360285
psn_f78c0817d43053e5bd31da20,5413cab2-22c8-4536-a66b-66619d887e84:1,5413cab2-22c8-4536-a66b-66619d887e84:1:action:10,10,Equation Solving Two or Fewer Steps,A rectangle has a length that is 4 cm more than its width. The area of the rectangle is 96 cm². Find the length and width of the rectangle.,"[{""text"":""How would you start solving this problem?"",""user"":""teacher""},{""text"":""I would start by letting the width be \\(x\\) cm. Then the length would be \\(x + 4\\) cm. Since the area is 96 cm², I can use the formula length × width = area to form an equation."",""user"":""student""},{""text"":""That's a great start! What equation would you form using those expressions for length and width?"",""user"":""teacher""},{""text"":""I think the equation would be \\(x + 4x = 96\\), because the width is \\(x\\) and the length is \\(x+4\\)."",""user"":""student""},{""text"":""You've correctly defined the width as \\(x\\) and the length as \\(x+4\\). Remember that the area of a rectangle is found by multiplying the length and the width. How would you write that multiplication using your expressions for length and width?"",""user"":""teacher""},{""text"":""I would write it as \\(x(x+4)=96\\), because the width is \\(x\\) and the length is \\(x+4\\)."",""user"":""student""},{""text"":""Excellent! Now that you have the equation \\(x(x+4)=96\\), what's the first step to simplify the left side of this equation?"",""user"":""teacher""},{""text"":""i dont know"",""user"":""student""},{""text"":""To simplify \\(x(x+4)\\), you need to multiply \\(x\\) by each term inside the parentheses. What do you get when you do that?"",""user"":""teacher""},{""text"":""i cannot understand clearly"",""user"":""student""},{""text"":""No problem. Let's break it down. To simplify \\(x(x+4)\\), you need to multiply \\(x\\) by each term inside the parentheses. What do you get when you multiply \\(x\\) by the first term, which is \\(x\\)?"",""user"":""teacher""},{""text"":""2x"",""user"":""student""},{""text"":""Not quite. When you multiply \\(x\\) by \\(x\\), you are multiplying a variable by itself. What is \\(x \\cdot x\\) usually written as?"",""user"":""teacher""},{""text"":""i really dont know"",""user"":""student""},{""text"":""No problem. When you multiply a variable by itself, like \\(x \\cdot x\\), we write it using an exponent. For example, \\(2 \\cdot 2\\) is \\(2^2\\). How would you write \\(x \\cdot x\\) using an exponent?"",""user"":""teacher""},{""text"":""I think it would be \\(x^2\\)."",""user"":""student""},{""text"":""Exactly! So, you've multiplied \\(x\\) by the first term, \\(x\\), to get \\(x^2\\). Now, what do you get when you multiply \\(x\\) by the second term inside the parentheses, which is \\(4\\)?"",""user"":""teacher""},{""text"":""I get \\(4x\\), because \\(x \\times 4 = 4x\\)."",""user"":""student""}]","teacher: How would you start solving this problem?
student: I would start by letting the width be \(x\) cm. Then the length would be \(x + 4\) cm. Since the area is 96 cm², I can use the formula length × width = area to form an equation.
teacher: That's a great start! What equation would you form using those expressions for length and width?
student: I think the equation would be \(x + 4x = 96\), because the width is \(x\) and the length is \(x+4\).
teacher: You've correctly defined the width as \(x\) and the length as \(x+4\). Remember that the area of a rectangle is found by multiplying the length and the width. How would you write that multiplication using your expressions for length and width?
student: I would write it as \(x(x+4)=96\), because the width is \(x\) and the length is \(x+4\).
teacher: Excellent! Now that you have the equation \(x(x+4)=96\), what's the first step to simplify the left side of this equation?
student: i dont know
teacher: To simplify \(x(x+4)\), you need to multiply \(x\) by each term inside the parentheses. What do you get when you do that?
student: i cannot understand clearly
teacher: No problem. Let's break it down. To simplify \(x(x+4)\), you need to multiply \(x\) by each term inside the parentheses. What do you get when you multiply \(x\) by the first term, which is \(x\)?
student: 2x
teacher: Not quite. When you multiply \(x\) by \(x\), you are multiplying a variable by itself. What is \(x \cdot x\) usually written as?
student: i really dont know
teacher: No problem. When you multiply a variable by itself, like \(x \cdot x\), we write it using an exponent. For example, \(2 \cdot 2\) is \(2^2\). How would you write \(x \cdot x\) using an exponent?
student: I think it would be \(x^2\).
teacher: Exactly! So, you've multiplied \(x\) by the first term, \(x\), to get \(x^2\). Now, what do you get when you multiply \(x\) by the second term inside the parentheses, which is \(4\)?
student: I get \(4x\), because \(x \times 4 = 4x\).",focus,0.2673194408416748,0.09824184328317642,0.43515050411224365,0.19928817451000214,focus,0.2294047474861145,0.07912401109933853,0.4976671636104584,0.19380411505699158,focus,-0.0379146933555603,-0.01911783218383789,0.06251665949821472,-0.005484059453010559,False,False,False,correct,0.07679833901241251,0.6274962214242815
psn_f78c0817d43053e5bd31da20,5413cab2-22c8-4536-a66b-66619d887e84:1,5413cab2-22c8-4536-a66b-66619d887e84:1:action:11,11,Equation Solving Two or Fewer Steps,A rectangle has a length that is 4 cm more than its width. The area of the rectangle is 96 cm². Find the length and width of the rectangle.,"[{""text"":""How would you start solving this problem?"",""user"":""teacher""},{""text"":""I would start by letting the width be \\(x\\) cm. Then the length would be \\(x + 4\\) cm. Since the area is 96 cm², I can use the formula length × width = area to form an equation."",""user"":""student""},{""text"":""That's a great start! What equation would you form using those expressions for length and width?"",""user"":""teacher""},{""text"":""I think the equation would be \\(x + 4x = 96\\), because the width is \\(x\\) and the length is \\(x+4\\)."",""user"":""student""},{""text"":""You've correctly defined the width as \\(x\\) and the length as \\(x+4\\). Remember that the area of a rectangle is found by multiplying the length and the width. How would you write that multiplication using your expressions for length and width?"",""user"":""teacher""},{""text"":""I would write it as \\(x(x+4)=96\\), because the width is \\(x\\) and the length is \\(x+4\\)."",""user"":""student""},{""text"":""Excellent! Now that you have the equation \\(x(x+4)=96\\), what's the first step to simplify the left side of this equation?"",""user"":""teacher""},{""text"":""i dont know"",""user"":""student""},{""text"":""To simplify \\(x(x+4)\\), you need to multiply \\(x\\) by each term inside the parentheses. What do you get when you do that?"",""user"":""teacher""},{""text"":""i cannot understand clearly"",""user"":""student""},{""text"":""No problem. Let's break it down. To simplify \\(x(x+4)\\), you need to multiply \\(x\\) by each term inside the parentheses. What do you get when you multiply \\(x\\) by the first term, which is \\(x\\)?"",""user"":""teacher""},{""text"":""2x"",""user"":""student""},{""text"":""Not quite. When you multiply \\(x\\) by \\(x\\), you are multiplying a variable by itself. What is \\(x \\cdot x\\) usually written as?"",""user"":""teacher""},{""text"":""i really dont know"",""user"":""student""},{""text"":""No problem. When you multiply a variable by itself, like \\(x \\cdot x\\), we write it using an exponent. For example, \\(2 \\cdot 2\\) is \\(2^2\\). How would you write \\(x \\cdot x\\) using an exponent?"",""user"":""teacher""},{""text"":""I think it would be \\(x^2\\)."",""user"":""student""},{""text"":""Exactly! So, you've multiplied \\(x\\) by the first term, \\(x\\), to get \\(x^2\\). Now, what do you get when you multiply \\(x\\) by the second term inside the parentheses, which is \\(4\\)?"",""user"":""teacher""},{""text"":""I get \\(4x\\), because \\(x \\times 4 = 4x\\)."",""user"":""student""},{""text"":""Great! You've found that \\(x \\cdot x = x^2\\) and \\(x \\cdot 4 = 4x\\). Now, how do you combine these two results to show the simplified form of \\(x(x+4)\\)?"",""user"":""teacher""},{""text"":""The simplified form is \\(x^2 + 4x\\)."",""user"":""student""}]","teacher: How would you start solving this problem?
student: I would start by letting the width be \(x\) cm. Then the length would be \(x + 4\) cm. Since the area is 96 cm², I can use the formula length × width = area to form an equation.
teacher: That's a great start! What equation would you form using those expressions for length and width?
student: I think the equation would be \(x + 4x = 96\), because the width is \(x\) and the length is \(x+4\).
teacher: You've correctly defined the width as \(x\) and the length as \(x+4\). Remember that the area of a rectangle is found by multiplying the length and the width. How would you write that multiplication using your expressions for length and width?
student: I would write it as \(x(x+4)=96\), because the width is \(x\) and the length is \(x+4\).
teacher: Excellent! Now that you have the equation \(x(x+4)=96\), what's the first step to simplify the left side of this equation?
student: i dont know
teacher: To simplify \(x(x+4)\), you need to multiply \(x\) by each term inside the parentheses. What do you get when you do that?
student: i cannot understand clearly
teacher: No problem. Let's break it down. To simplify \(x(x+4)\), you need to multiply \(x\) by each term inside the parentheses. What do you get when you multiply \(x\) by the first term, which is \(x\)?
student: 2x
teacher: Not quite. When you multiply \(x\) by \(x\), you are multiplying a variable by itself. What is \(x \cdot x\) usually written as?
student: i really dont know
teacher: No problem. When you multiply a variable by itself, like \(x \cdot x\), we write it using an exponent. For example, \(2 \cdot 2\) is \(2^2\). How would you write \(x \cdot x\) using an exponent?
student: I think it would be \(x^2\).
teacher: Exactly! So, you've multiplied \(x\) by the first term, \(x\), to get \(x^2\). Now, what do you get when you multiply \(x\) by the second term inside the parentheses, which is \(4\)?
student: I get \(4x\), because \(x \times 4 = 4x\).
teacher: Great! You've found that \(x \cdot x = x^2\) and \(x \cdot 4 = 4x\). Now, how do you combine these two results to show the simplified form of \(x(x+4)\)?
student: The simplified form is \(x^2 + 4x\).",focus,0.3491843342781067,0.13934233784675598,0.4017629623413086,0.10971029102802277,focus,0.2548198103904724,0.11497465521097183,0.5323085188865662,0.0978970155119896,focus,-0.09436452388763428,-0.02436768263578415,0.13054555654525757,-0.011813275516033173,False,False,False,correct,0.06469504064096476,0.704294560436694
psn_f78c0817d43053e5bd31da20,5413cab2-22c8-4536-a66b-66619d887e84:1,5413cab2-22c8-4536-a66b-66619d887e84:1:action:12,12,Equation Solving Two or Fewer Steps,A rectangle has a length that is 4 cm more than its width. The area of the rectangle is 96 cm². Find the length and width of the rectangle.,"[{""text"":""How would you start solving this problem?"",""user"":""teacher""},{""text"":""I would start by letting the width be \\(x\\) cm. Then the length would be \\(x + 4\\) cm. Since the area is 96 cm², I can use the formula length × width = area to form an equation."",""user"":""student""},{""text"":""That's a great start! What equation would you form using those expressions for length and width?"",""user"":""teacher""},{""text"":""I think the equation would be \\(x + 4x = 96\\), because the width is \\(x\\) and the length is \\(x+4\\)."",""user"":""student""},{""text"":""You've correctly defined the width as \\(x\\) and the length as \\(x+4\\). Remember that the area of a rectangle is found by multiplying the length and the width. How would you write that multiplication using your expressions for length and width?"",""user"":""teacher""},{""text"":""I would write it as \\(x(x+4)=96\\), because the width is \\(x\\) and the length is \\(x+4\\)."",""user"":""student""},{""text"":""Excellent! Now that you have the equation \\(x(x+4)=96\\), what's the first step to simplify the left side of this equation?"",""user"":""teacher""},{""text"":""i dont know"",""user"":""student""},{""text"":""To simplify \\(x(x+4)\\), you need to multiply \\(x\\) by each term inside the parentheses. What do you get when you do that?"",""user"":""teacher""},{""text"":""i cannot understand clearly"",""user"":""student""},{""text"":""No problem. Let's break it down. To simplify \\(x(x+4)\\), you need to multiply \\(x\\) by each term inside the parentheses. What do you get when you multiply \\(x\\) by the first term, which is \\(x\\)?"",""user"":""teacher""},{""text"":""2x"",""user"":""student""},{""text"":""Not quite. When you multiply \\(x\\) by \\(x\\), you are multiplying a variable by itself. What is \\(x \\cdot x\\) usually written as?"",""user"":""teacher""},{""text"":""i really dont know"",""user"":""student""},{""text"":""No problem. When you multiply a variable by itself, like \\(x \\cdot x\\), we write it using an exponent. For example, \\(2 \\cdot 2\\) is \\(2^2\\). How would you write \\(x \\cdot x\\) using an exponent?"",""user"":""teacher""},{""text"":""I think it would be \\(x^2\\)."",""user"":""student""},{""text"":""Exactly! So, you've multiplied \\(x\\) by the first term, \\(x\\), to get \\(x^2\\). Now, what do you get when you multiply \\(x\\) by the second term inside the parentheses, which is \\(4\\)?"",""user"":""teacher""},{""text"":""I get \\(4x\\), because \\(x \\times 4 = 4x\\)."",""user"":""student""},{""text"":""Great! You've found that \\(x \\cdot x = x^2\\) and \\(x \\cdot 4 = 4x\\). Now, how do you combine these two results to show the simplified form of \\(x(x+4)\\)?"",""user"":""teacher""},{""text"":""The simplified form is \\(x^2 + 4x\\)."",""user"":""student""},{""text"":""You've correctly simplified \\(x(x+4)\\) to \\(x^2 + 4x\\). Now, what is the complete equation when you substitute this simplified expression back into \\(x(x+4)=96\\)?"",""user"":""teacher""},{""text"":""The complete equation is \\(x^2 + 4x = 96\\)."",""user"":""student""}]","teacher: How would you start solving this problem?
student: I would start by letting the width be \(x\) cm. Then the length would be \(x + 4\) cm. Since the area is 96 cm², I can use the formula length × width = area to form an equation.
teacher: That's a great start! What equation would you form using those expressions for length and width?
student: I think the equation would be \(x + 4x = 96\), because the width is \(x\) and the length is \(x+4\).
teacher: You've correctly defined the width as \(x\) and the length as \(x+4\). Remember that the area of a rectangle is found by multiplying the length and the width. How would you write that multiplication using your expressions for length and width?
student: I would write it as \(x(x+4)=96\), because the width is \(x\) and the length is \(x+4\).
teacher: Excellent! Now that you have the equation \(x(x+4)=96\), what's the first step to simplify the left side of this equation?
student: i dont know
teacher: To simplify \(x(x+4)\), you need to multiply \(x\) by each term inside the parentheses. What do you get when you do that?
student: i cannot understand clearly
teacher: No problem. Let's break it down. To simplify \(x(x+4)\), you need to multiply \(x\) by each term inside the parentheses. What do you get when you multiply \(x\) by the first term, which is \(x\)?
student: 2x
teacher: Not quite. When you multiply \(x\) by \(x\), you are multiplying a variable by itself. What is \(x \cdot x\) usually written as?
student: i really dont know
teacher: No problem. When you multiply a variable by itself, like \(x \cdot x\), we write it using an exponent. For example, \(2 \cdot 2\) is \(2^2\). How would you write \(x \cdot x\) using an exponent?
student: I think it would be \(x^2\).
teacher: Exactly! So, you've multiplied \(x\) by the first term, \(x\), to get \(x^2\). Now, what do you get when you multiply \(x\) by the second term inside the parentheses, which is \(4\)?
student: I get \(4x\), because \(x \times 4 = 4x\).
teacher: Great! You've found that \(x \cdot x = x^2\) and \(x \cdot 4 = 4x\). Now, how do you combine these two results to show the simplified form of \(x(x+4)\)?
student: The simplified form is \(x^2 + 4x\).
teacher: You've correctly simplified \(x(x+4)\) to \(x^2 + 4x\). Now, what is the complete equation when you substitute this simplified expression back into \(x(x+4)=96\)?
student: The complete equation is \(x^2 + 4x = 96\).",focus,0.22279566526412964,0.11684565246105194,0.5391048192977905,0.12125387042760849,focus,0.1576114296913147,0.08497441560029984,0.6325193047523499,0.12489478290081024,focus,-0.06518423557281494,-0.031871236860752106,0.09341448545455933,0.0036409124732017517,False,False,False,correct,0.05445503652772832,0.7689896010776588
psn_f78c0817d43053e5bd31da20,5413cab2-22c8-4536-a66b-66619d887e84:1,5413cab2-22c8-4536-a66b-66619d887e84:1:action:13,13,Equation Solving Two or Fewer Steps,A rectangle has a length that is 4 cm more than its width. The area of the rectangle is 96 cm². Find the length and width of the rectangle.,"[{""text"":""How would you start solving this problem?"",""user"":""teacher""},{""text"":""I would start by letting the width be \\(x\\) cm. Then the length would be \\(x + 4\\) cm. Since the area is 96 cm², I can use the formula length × width = area to form an equation."",""user"":""student""},{""text"":""That's a great start! What equation would you form using those expressions for length and width?"",""user"":""teacher""},{""text"":""I think the equation would be \\(x + 4x = 96\\), because the width is \\(x\\) and the length is \\(x+4\\)."",""user"":""student""},{""text"":""You've correctly defined the width as \\(x\\) and the length as \\(x+4\\). Remember that the area of a rectangle is found by multiplying the length and the width. How would you write that multiplication using your expressions for length and width?"",""user"":""teacher""},{""text"":""I would write it as \\(x(x+4)=96\\), because the width is \\(x\\) and the length is \\(x+4\\)."",""user"":""student""},{""text"":""Excellent! Now that you have the equation \\(x(x+4)=96\\), what's the first step to simplify the left side of this equation?"",""user"":""teacher""},{""text"":""i dont know"",""user"":""student""},{""text"":""To simplify \\(x(x+4)\\), you need to multiply \\(x\\) by each term inside the parentheses. What do you get when you do that?"",""user"":""teacher""},{""text"":""i cannot understand clearly"",""user"":""student""},{""text"":""No problem. Let's break it down. To simplify \\(x(x+4)\\), you need to multiply \\(x\\) by each term inside the parentheses. What do you get when you multiply \\(x\\) by the first term, which is \\(x\\)?"",""user"":""teacher""},{""text"":""2x"",""user"":""student""},{""text"":""Not quite. When you multiply \\(x\\) by \\(x\\), you are multiplying a variable by itself. What is \\(x \\cdot x\\) usually written as?"",""user"":""teacher""},{""text"":""i really dont know"",""user"":""student""},{""text"":""No problem. When you multiply a variable by itself, like \\(x \\cdot x\\), we write it using an exponent. For example, \\(2 \\cdot 2\\) is \\(2^2\\). How would you write \\(x \\cdot x\\) using an exponent?"",""user"":""teacher""},{""text"":""I think it would be \\(x^2\\)."",""user"":""student""},{""text"":""Exactly! So, you've multiplied \\(x\\) by the first term, \\(x\\), to get \\(x^2\\). Now, what do you get when you multiply \\(x\\) by the second term inside the parentheses, which is \\(4\\)?"",""user"":""teacher""},{""text"":""I get \\(4x\\), because \\(x \\times 4 = 4x\\)."",""user"":""student""},{""text"":""Great! You've found that \\(x \\cdot x = x^2\\) and \\(x \\cdot 4 = 4x\\). Now, how do you combine these two results to show the simplified form of \\(x(x+4)\\)?"",""user"":""teacher""},{""text"":""The simplified form is \\(x^2 + 4x\\)."",""user"":""student""},{""text"":""You've correctly simplified \\(x(x+4)\\) to \\(x^2 + 4x\\). Now, what is the complete equation when you substitute this simplified expression back into \\(x(x+4)=96\\)?"",""user"":""teacher""},{""text"":""The complete equation is \\(x^2 + 4x = 96\\)."",""user"":""student""},{""text"":""You've got the equation \\(x^2 + 4x = 96\\). To solve a quadratic equation, it's usually helpful to set one side of the equation to zero. What would the equation look like if you moved the 96 to the left side?"",""user"":""teacher""},{""text"":""It would be:\n\n$$\nx^2 + 4x - 96 = 0\n$$"",""user"":""student""}]","teacher: How would you start solving this problem?
student: I would start by letting the width be \(x\) cm. Then the length would be \(x + 4\) cm. Since the area is 96 cm², I can use the formula length × width = area to form an equation.
teacher: That's a great start! What equation would you form using those expressions for length and width?
student: I think the equation would be \(x + 4x = 96\), because the width is \(x\) and the length is \(x+4\).
teacher: You've correctly defined the width as \(x\) and the length as \(x+4\). Remember that the area of a rectangle is found by multiplying the length and the width. How would you write that multiplication using your expressions for length and width?
student: I would write it as \(x(x+4)=96\), because the width is \(x\) and the length is \(x+4\).
teacher: Excellent! Now that you have the equation \(x(x+4)=96\), what's the first step to simplify the left side of this equation?
student: i dont know
teacher: To simplify \(x(x+4)\), you need to multiply \(x\) by each term inside the parentheses. What do you get when you do that?
student: i cannot understand clearly
teacher: No problem. Let's break it down. To simplify \(x(x+4)\), you need to multiply \(x\) by each term inside the parentheses. What do you get when you multiply \(x\) by the first term, which is \(x\)?
student: 2x
teacher: Not quite. When you multiply \(x\) by \(x\), you are multiplying a variable by itself. What is \(x \cdot x\) usually written as?
student: i really dont know
teacher: No problem. When you multiply a variable by itself, like \(x \cdot x\), we write it using an exponent. For example, \(2 \cdot 2\) is \(2^2\). How would you write \(x \cdot x\) using an exponent?
student: I think it would be \(x^2\).
teacher: Exactly! So, you've multiplied \(x\) by the first term, \(x\), to get \(x^2\). Now, what do you get when you multiply \(x\) by the second term inside the parentheses, which is \(4\)?
student: I get \(4x\), because \(x \times 4 = 4x\).
teacher: Great! You've found that \(x \cdot x = x^2\) and \(x \cdot 4 = 4x\). Now, how do you combine these two results to show the simplified form of \(x(x+4)\)?
student: The simplified form is \(x^2 + 4x\).
teacher: You've correctly simplified \(x(x+4)\) to \(x^2 + 4x\). Now, what is the complete equation when you substitute this simplified expression back into \(x(x+4)=96\)?
student: The complete equation is \(x^2 + 4x = 96\).
teacher: You've got the equation \(x^2 + 4x = 96\). To solve a quadratic equation, it's usually helpful to set one side of the equation to zero. What would the equation look like if you moved the 96 to the left side?
student: It would be:

$$
x^2 + 4x - 96 = 0
$$",generic,0.5200952291488647,0.08440104871988297,0.2722986340522766,0.12320510298013687,generic,0.493258535861969,0.04699653759598732,0.3195497989654541,0.14019517600536346,generic,-0.026836693286895752,-0.037404511123895645,0.04725116491317749,0.016990073025226593,False,False,False,unknown,-0.03877959002929399,0.8234446376053871
psn_f78c0817d43053e5bd31da20,5413cab2-22c8-4536-a66b-66619d887e84:1,5413cab2-22c8-4536-a66b-66619d887e84:1:action:14,14,Equation Solving Two or Fewer Steps,A rectangle has a length that is 4 cm more than its width. The area of the rectangle is 96 cm². Find the length and width of the rectangle.,"[{""text"":""How would you start solving this problem?"",""user"":""teacher""},{""text"":""I would start by letting the width be \\(x\\) cm. Then the length would be \\(x + 4\\) cm. Since the area is 96 cm², I can use the formula length × width = area to form an equation."",""user"":""student""},{""text"":""That's a great start! What equation would you form using those expressions for length and width?"",""user"":""teacher""},{""text"":""I think the equation would be \\(x + 4x = 96\\), because the width is \\(x\\) and the length is \\(x+4\\)."",""user"":""student""},{""text"":""You've correctly defined the width as \\(x\\) and the length as \\(x+4\\). Remember that the area of a rectangle is found by multiplying the length and the width. How would you write that multiplication using your expressions for length and width?"",""user"":""teacher""},{""text"":""I would write it as \\(x(x+4)=96\\), because the width is \\(x\\) and the length is \\(x+4\\)."",""user"":""student""},{""text"":""Excellent! Now that you have the equation \\(x(x+4)=96\\), what's the first step to simplify the left side of this equation?"",""user"":""teacher""},{""text"":""i dont know"",""user"":""student""},{""text"":""To simplify \\(x(x+4)\\), you need to multiply \\(x\\) by each term inside the parentheses. What do you get when you do that?"",""user"":""teacher""},{""text"":""i cannot understand clearly"",""user"":""student""},{""text"":""No problem. Let's break it down. To simplify \\(x(x+4)\\), you need to multiply \\(x\\) by each term inside the parentheses. What do you get when you multiply \\(x\\) by the first term, which is \\(x\\)?"",""user"":""teacher""},{""text"":""2x"",""user"":""student""},{""text"":""Not quite. When you multiply \\(x\\) by \\(x\\), you are multiplying a variable by itself. What is \\(x \\cdot x\\) usually written as?"",""user"":""teacher""},{""text"":""i really dont know"",""user"":""student""},{""text"":""No problem. When you multiply a variable by itself, like \\(x \\cdot x\\), we write it using an exponent. For example, \\(2 \\cdot 2\\) is \\(2^2\\). How would you write \\(x \\cdot x\\) using an exponent?"",""user"":""teacher""},{""text"":""I think it would be \\(x^2\\)."",""user"":""student""},{""text"":""Exactly! So, you've multiplied \\(x\\) by the first term, \\(x\\), to get \\(x^2\\). Now, what do you get when you multiply \\(x\\) by the second term inside the parentheses, which is \\(4\\)?"",""user"":""teacher""},{""text"":""I get \\(4x\\), because \\(x \\times 4 = 4x\\)."",""user"":""student""},{""text"":""Great! You've found that \\(x \\cdot x = x^2\\) and \\(x \\cdot 4 = 4x\\). Now, how do you combine these two results to show the simplified form of \\(x(x+4)\\)?"",""user"":""teacher""},{""text"":""The simplified form is \\(x^2 + 4x\\)."",""user"":""student""},{""text"":""You've correctly simplified \\(x(x+4)\\) to \\(x^2 + 4x\\). Now, what is the complete equation when you substitute this simplified expression back into \\(x(x+4)=96\\)?"",""user"":""teacher""},{""text"":""The complete equation is \\(x^2 + 4x = 96\\)."",""user"":""student""},{""text"":""You've got the equation \\(x^2 + 4x = 96\\). To solve a quadratic equation, it's usually helpful to set one side of the equation to zero. What would the equation look like if you moved the 96 to the left side?"",""user"":""teacher""},{""text"":""It would be:\n\n$$\nx^2 + 4x - 96 = 0\n$$"",""user"":""student""},{""text"":""Now that you have the equation \\(x^2 + 4x - 96 = 0\\), what would be your next step to solve for \\(x\\)?"",""user"":""teacher""},{""text"":""i dont know"",""user"":""student""}]","teacher: How would you start solving this problem?
student: I would start by letting the width be \(x\) cm. Then the length would be \(x + 4\) cm. Since the area is 96 cm², I can use the formula length × width = area to form an equation.
teacher: That's a great start! What equation would you form using those expressions for length and width?
student: I think the equation would be \(x + 4x = 96\), because the width is \(x\) and the length is \(x+4\).
teacher: You've correctly defined the width as \(x\) and the length as \(x+4\). Remember that the area of a rectangle is found by multiplying the length and the width. How would you write that multiplication using your expressions for length and width?
student: I would write it as \(x(x+4)=96\), because the width is \(x\) and the length is \(x+4\).
teacher: Excellent! Now that you have the equation \(x(x+4)=96\), what's the first step to simplify the left side of this equation?
student: i dont know
teacher: To simplify \(x(x+4)\), you need to multiply \(x\) by each term inside the parentheses. What do you get when you do that?
student: i cannot understand clearly
teacher: No problem. Let's break it down. To simplify \(x(x+4)\), you need to multiply \(x\) by each term inside the parentheses. What do you get when you multiply \(x\) by the first term, which is \(x\)?
student: 2x
teacher: Not quite. When you multiply \(x\) by \(x\), you are multiplying a variable by itself. What is \(x \cdot x\) usually written as?
student: i really dont know
teacher: No problem. When you multiply a variable by itself, like \(x \cdot x\), we write it using an exponent. For example, \(2 \cdot 2\) is \(2^2\). How would you write \(x \cdot x\) using an exponent?
student: I think it would be \(x^2\).
teacher: Exactly! So, you've multiplied \(x\) by the first term, \(x\), to get \(x^2\). Now, what do you get when you multiply \(x\) by the second term inside the parentheses, which is \(4\)?
student: I get \(4x\), because \(x \times 4 = 4x\).
teacher: Great! You've found that \(x \cdot x = x^2\) and \(x \cdot 4 = 4x\). Now, how do you combine these two results to show the simplified form of \(x(x+4)\)?
student: The simplified form is \(x^2 + 4x\).
teacher: You've correctly simplified \(x(x+4)\) to \(x^2 + 4x\). Now, what is the complete equation when you substitute this simplified expression back into \(x(x+4)=96\)?
student: The complete equation is \(x^2 + 4x = 96\).
teacher: You've got the equation \(x^2 + 4x = 96\). To solve a quadratic equation, it's usually helpful to set one side of the equation to zero. What would the equation look like if you moved the 96 to the left side?
student: It would be:

$$
x^2 + 4x - 96 = 0
$$
teacher: Now that you have the equation \(x^2 + 4x - 96 = 0\), what would be your next step to solve for \(x\)?
student: i dont know",generic,0.5011601448059082,0.07967556267976761,0.28244251012802124,0.13672174513339996,generic,0.5275728702545166,0.033711209893226624,0.28719738125801086,0.1515185683965683,generic,0.0264127254486084,-0.045964352786540985,0.004754871129989624,0.014796823263168335,False,False,False,unknown,-0.04041929710863523,0.7846650475760931
psn_f78c0817d43053e5bd31da20,5413cab2-22c8-4536-a66b-66619d887e84:1,5413cab2-22c8-4536-a66b-66619d887e84:1:action:15,15,Equation Solving Two or Fewer Steps,A rectangle has a length that is 4 cm more than its width. The area of the rectangle is 96 cm². Find the length and width of the rectangle.,"[{""text"":""How would you start solving this problem?"",""user"":""teacher""},{""text"":""I would start by letting the width be \\(x\\) cm. Then the length would be \\(x + 4\\) cm. Since the area is 96 cm², I can use the formula length × width = area to form an equation."",""user"":""student""},{""text"":""That's a great start! What equation would you form using those expressions for length and width?"",""user"":""teacher""},{""text"":""I think the equation would be \\(x + 4x = 96\\), because the width is \\(x\\) and the length is \\(x+4\\)."",""user"":""student""},{""text"":""You've correctly defined the width as \\(x\\) and the length as \\(x+4\\). Remember that the area of a rectangle is found by multiplying the length and the width. How would you write that multiplication using your expressions for length and width?"",""user"":""teacher""},{""text"":""I would write it as \\(x(x+4)=96\\), because the width is \\(x\\) and the length is \\(x+4\\)."",""user"":""student""},{""text"":""Excellent! Now that you have the equation \\(x(x+4)=96\\), what's the first step to simplify the left side of this equation?"",""user"":""teacher""},{""text"":""i dont know"",""user"":""student""},{""text"":""To simplify \\(x(x+4)\\), you need to multiply \\(x\\) by each term inside the parentheses. What do you get when you do that?"",""user"":""teacher""},{""text"":""i cannot understand clearly"",""user"":""student""},{""text"":""No problem. Let's break it down. To simplify \\(x(x+4)\\), you need to multiply \\(x\\) by each term inside the parentheses. What do you get when you multiply \\(x\\) by the first term, which is \\(x\\)?"",""user"":""teacher""},{""text"":""2x"",""user"":""student""},{""text"":""Not quite. When you multiply \\(x\\) by \\(x\\), you are multiplying a variable by itself. What is \\(x \\cdot x\\) usually written as?"",""user"":""teacher""},{""text"":""i really dont know"",""user"":""student""},{""text"":""No problem. When you multiply a variable by itself, like \\(x \\cdot x\\), we write it using an exponent. For example, \\(2 \\cdot 2\\) is \\(2^2\\). How would you write \\(x \\cdot x\\) using an exponent?"",""user"":""teacher""},{""text"":""I think it would be \\(x^2\\)."",""user"":""student""},{""text"":""Exactly! So, you've multiplied \\(x\\) by the first term, \\(x\\), to get \\(x^2\\). Now, what do you get when you multiply \\(x\\) by the second term inside the parentheses, which is \\(4\\)?"",""user"":""teacher""},{""text"":""I get \\(4x\\), because \\(x \\times 4 = 4x\\)."",""user"":""student""},{""text"":""Great! You've found that \\(x \\cdot x = x^2\\) and \\(x \\cdot 4 = 4x\\). Now, how do you combine these two results to show the simplified form of \\(x(x+4)\\)?"",""user"":""teacher""},{""text"":""The simplified form is \\(x^2 + 4x\\)."",""user"":""student""},{""text"":""You've correctly simplified \\(x(x+4)\\) to \\(x^2 + 4x\\). Now, what is the complete equation when you substitute this simplified expression back into \\(x(x+4)=96\\)?"",""user"":""teacher""},{""text"":""The complete equation is \\(x^2 + 4x = 96\\)."",""user"":""student""},{""text"":""You've got the equation \\(x^2 + 4x = 96\\). To solve a quadratic equation, it's usually helpful to set one side of the equation to zero. What would the equation look like if you moved the 96 to the left side?"",""user"":""teacher""},{""text"":""It would be:\n\n$$\nx^2 + 4x - 96 = 0\n$$"",""user"":""student""},{""text"":""Now that you have the equation \\(x^2 + 4x - 96 = 0\\), what would be your next step to solve for \\(x\\)?"",""user"":""teacher""},{""text"":""i dont know"",""user"":""student""},{""text"":""You have a quadratic equation. What methods do you know for solving equations like this?"",""user"":""teacher""},{""text"":""i dont know about that"",""user"":""student""}]","teacher: How would you start solving this problem?
student: I would start by letting the width be \(x\) cm. Then the length would be \(x + 4\) cm. Since the area is 96 cm², I can use the formula length × width = area to form an equation.
teacher: That's a great start! What equation would you form using those expressions for length and width?
student: I think the equation would be \(x + 4x = 96\), because the width is \(x\) and the length is \(x+4\).
teacher: You've correctly defined the width as \(x\) and the length as \(x+4\). Remember that the area of a rectangle is found by multiplying the length and the width. How would you write that multiplication using your expressions for length and width?
student: I would write it as \(x(x+4)=96\), because the width is \(x\) and the length is \(x+4\).
teacher: Excellent! Now that you have the equation \(x(x+4)=96\), what's the first step to simplify the left side of this equation?
student: i dont know
teacher: To simplify \(x(x+4)\), you need to multiply \(x\) by each term inside the parentheses. What do you get when you do that?
student: i cannot understand clearly
teacher: No problem. Let's break it down. To simplify \(x(x+4)\), you need to multiply \(x\) by each term inside the parentheses. What do you get when you multiply \(x\) by the first term, which is \(x\)?
student: 2x
teacher: Not quite. When you multiply \(x\) by \(x\), you are multiplying a variable by itself. What is \(x \cdot x\) usually written as?
student: i really dont know
teacher: No problem. When you multiply a variable by itself, like \(x \cdot x\), we write it using an exponent. For example, \(2 \cdot 2\) is \(2^2\). How would you write \(x \cdot x\) using an exponent?
student: I think it would be \(x^2\).
teacher: Exactly! So, you've multiplied \(x\) by the first term, \(x\), to get \(x^2\). Now, what do you get when you multiply \(x\) by the second term inside the parentheses, which is \(4\)?
student: I get \(4x\), because \(x \times 4 = 4x\).
teacher: Great! You've found that \(x \cdot x = x^2\) and \(x \cdot 4 = 4x\). Now, how do you combine these two results to show the simplified form of \(x(x+4)\)?
student: The simplified form is \(x^2 + 4x\).
teacher: You've correctly simplified \(x(x+4)\) to \(x^2 + 4x\). Now, what is the complete equation when you substitute this simplified expression back into \(x(x+4)=96\)?
student: The complete equation is \(x^2 + 4x = 96\).
teacher: You've got the equation \(x^2 + 4x = 96\). To solve a quadratic equation, it's usually helpful to set one side of the equation to zero. What would the equation look like if you moved the 96 to the left side?
student: It would be:

$$
x^2 + 4x - 96 = 0
$$
teacher: Now that you have the equation \(x^2 + 4x - 96 = 0\), what would be your next step to solve for \(x\)?
student: i dont know
teacher: You have a quadratic equation. What methods do you know for solving equations like this?
student: i dont know about that",generic,0.5191155076026917,0.06907767802476883,0.2730099558830261,0.13879680633544922,generic,0.39054787158966064,0.03381159156560898,0.37697693705558777,0.19866353273391724,generic,-0.128567636013031,-0.03526608645915985,0.10396698117256165,0.05986672639846802,False,False,False,correct,0.06112563424122075,0.7442457504674579
psn_f78c0817d43053e5bd31da20,8a72eaca-f99f-4226-92d4-f73cc0492a2e:1,8a72eaca-f99f-4226-92d4-f73cc0492a2e:1:action:1,1,Equation Solving Two or Fewer Steps,"A rectangular garden has a length that is 6 meters more than its width. The area of the garden is 72 m².

Find the width and length of the garden.",[],[No previous conversation],generic,0.8857775330543518,0.0690644159913063,0.03329549357295036,0.011862590909004211,generic,0.8131891489028931,0.13682639598846436,0.03852428123354912,0.011460140347480774,generic,-0.07258838415145874,0.06776197999715805,0.005228787660598755,-0.0004024505615234375,False,False,False,correct,0.007024604359649134,0.9740457914204136
psn_f78c0817d43053e5bd31da20,8a72eaca-f99f-4226-92d4-f73cc0492a2e:1,8a72eaca-f99f-4226-92d4-f73cc0492a2e:1:action:2,2,Equation Solving Two or Fewer Steps,"A rectangular garden has a length that is 6 meters more than its width. The area of the garden is 72 m².

Find the width and length of the garden.","[{""text"":""How would you start solving this problem?"",""user"":""teacher""},{""text"":""I would let the width be \\(x\\) meters. Then the length would be \\(x+6\\) meters. Since the area is 72 m², I would use the formula length × width = area to make an equation."",""user"":""student""}]","teacher: How would you start solving this problem?
student: I would let the width be \(x\) meters. Then the length would be \(x+6\) meters. Since the area is 72 m², I would use the formula length × width = area to make an equation.",probing,0.0009126695222221315,0.9881311655044556,0.007828125730156898,0.003127973061054945,probing,0.00013070263958070427,0.9732969403266907,0.024096330627799034,0.002476087538525462,probing,-0.0007819668826414272,-0.014834225177764893,0.016268204897642136,-0.0006518855225294828,False,False,False,incorrect,-0.017475511774733055,0.9810703957800627
psn_f78c0817d43053e5bd31da20,8a72eaca-f99f-4226-92d4-f73cc0492a2e:1,8a72eaca-f99f-4226-92d4-f73cc0492a2e:1:action:3,3,Equation Solving Two or Fewer Steps,"A rectangular garden has a length that is 6 meters more than its width. The area of the garden is 72 m².

Find the width and length of the garden.","[{""text"":""How would you start solving this problem?"",""user"":""teacher""},{""text"":""I would let the width be \\(x\\) meters. Then the length would be \\(x+6\\) meters. Since the area is 72 m², I would use the formula length × width = area to make an equation."",""user"":""student""},{""text"":""That's a great plan! What equation would you get when you put your expressions for length and width into the area formula?"",""user"":""teacher""},{""text"":""i dont know"",""user"":""student""}]","teacher: How would you start solving this problem?
student: I would let the width be \(x\) meters. Then the length would be \(x+6\) meters. Since the area is 72 m², I would use the formula length × width = area to make an equation.
teacher: That's a great plan! What equation would you get when you put your expressions for length and width into the area formula?
student: i dont know",probing,0.07284554094076157,0.5400439500808716,0.3822580575942993,0.004852431360632181,probing,0.005224004853516817,0.900246262550354,0.09321843832731247,0.001311268424615264,probing,-0.06762153608724475,0.3602023124694824,-0.28903961926698685,-0.0035411629360169172,False,False,False,correct,0.010496846066103127,0.9635948840053297
psn_f78c0817d43053e5bd31da20,8a72eaca-f99f-4226-92d4-f73cc0492a2e:1,8a72eaca-f99f-4226-92d4-f73cc0492a2e:1:action:4,4,Equation Solving Two or Fewer Steps,"A rectangular garden has a length that is 6 meters more than its width. The area of the garden is 72 m².

Find the width and length of the garden.","[{""text"":""How would you start solving this problem?"",""user"":""teacher""},{""text"":""I would let the width be \\(x\\) meters. Then the length would be \\(x+6\\) meters. Since the area is 72 m², I would use the formula length × width = area to make an equation."",""user"":""student""},{""text"":""That's a great plan! What equation would you get when you put your expressions for length and width into the area formula?"",""user"":""teacher""},{""text"":""i dont know"",""user"":""student""},{""text"":""You've correctly identified that length × width = area. Can you try writing out what that looks like when you substitute your expressions for length and width into the formula?"",""user"":""teacher""},{""text"":""The equation would be:\n\n$$\nx(x+6)=72\n$$\n\nbecause the width is \\(x\\) and the length is \\(x+6\\)."",""user"":""student""}]","teacher: How would you start solving this problem?
student: I would let the width be \(x\) meters. Then the length would be \(x+6\) meters. Since the area is 72 m², I would use the formula length × width = area to make an equation.
teacher: That's a great plan! What equation would you get when you put your expressions for length and width into the area formula?
student: i dont know
teacher: You've correctly identified that length × width = area. Can you try writing out what that looks like when you substitute your expressions for length and width into the formula?
student: The equation would be:

$$
x(x+6)=72
$$

because the width is \(x\) and the length is \(x+6\).",focus,0.1109367236495018,0.38944265246391296,0.49048125743865967,0.009139260277152061,focus,0.012209995649755001,0.8572791814804077,0.12686610221862793,0.0036446801386773586,probing,-0.0987267279997468,0.46783652901649475,-0.36361515522003174,-0.005494580138474703,True,False,False,correct,0.0060176392857084204,0.9740917300714328
psn_f78c0817d43053e5bd31da20,8a72eaca-f99f-4226-92d4-f73cc0492a2e:1,8a72eaca-f99f-4226-92d4-f73cc0492a2e:1:action:5,5,Equation Solving Two or Fewer Steps,"A rectangular garden has a length that is 6 meters more than its width. The area of the garden is 72 m².

Find the width and length of the garden.","[{""text"":""How would you start solving this problem?"",""user"":""teacher""},{""text"":""I would let the width be \\(x\\) meters. Then the length would be \\(x+6\\) meters. Since the area is 72 m², I would use the formula length × width = area to make an equation."",""user"":""student""},{""text"":""That's a great plan! What equation would you get when you put your expressions for length and width into the area formula?"",""user"":""teacher""},{""text"":""i dont know"",""user"":""student""},{""text"":""You've correctly identified that length × width = area. Can you try writing out what that looks like when you substitute your expressions for length and width into the formula?"",""user"":""teacher""},{""text"":""The equation would be:\n\n$$\nx(x+6)=72\n$$\n\nbecause the width is \\(x\\) and the length is \\(x+6\\)."",""user"":""student""},{""text"":""That's the correct equation! Now, what would be your next step to solve for \\(x\\)? How can you simplify and rearrange this equation?"",""user"":""teacher""},{""text"":""I would expand the left side first:\n\n$$\nx(x+6)=x^2+6x\n$$\n\nSo the equation becomes:\n\n$$\nx^2+6x=72\n$$\n\nThen move 72 to the left side:\n\n$$\nx^2+6x-72=0\n$$\n\nNow I can factor the quadratic to solve for \\(x\\)."",""user"":""student""}]","teacher: How would you start solving this problem?
student: I would let the width be \(x\) meters. Then the length would be \(x+6\) meters. Since the area is 72 m², I would use the formula length × width = area to make an equation.
teacher: That's a great plan! What equation would you get when you put your expressions for length and width into the area formula?
student: i dont know
teacher: You've correctly identified that length × width = area. Can you try writing out what that looks like when you substitute your expressions for length and width into the formula?
student: The equation would be:

$$
x(x+6)=72
$$

because the width is \(x\) and the length is \(x+6\).
teacher: That's the correct equation! Now, what would be your next step to solve for \(x\)? How can you simplify and rearrange this equation?
student: I would expand the left side first:

$$
x(x+6)=x^2+6x
$$

So the equation becomes:

$$
x^2+6x=72
$$

Then move 72 to the left side:

$$
x^2+6x-72=0
$$

Now I can factor the quadratic to solve for \(x\).",generic,0.8358862996101379,0.04025311395525932,0.09445048868656158,0.029409997165203094,generic,0.7639224529266357,0.12236445397138596,0.09949037432670593,0.014222715981304646,generic,-0.0719638466835022,0.08211134001612663,0.005039885640144348,-0.015187281183898449,False,False,False,unknown,-0.008144814390873889,0.9801093693571412
psn_f78c0817d43053e5bd31da20,8a72eaca-f99f-4226-92d4-f73cc0492a2e:1,8a72eaca-f99f-4226-92d4-f73cc0492a2e:1:action:6,6,Equation Solving Two or Fewer Steps,"A rectangular garden has a length that is 6 meters more than its width. The area of the garden is 72 m².

Find the width and length of the garden.","[{""text"":""How would you start solving this problem?"",""user"":""teacher""},{""text"":""I would let the width be \\(x\\) meters. Then the length would be \\(x+6\\) meters. Since the area is 72 m², I would use the formula length × width = area to make an equation."",""user"":""student""},{""text"":""That's a great plan! What equation would you get when you put your expressions for length and width into the area formula?"",""user"":""teacher""},{""text"":""i dont know"",""user"":""student""},{""text"":""You've correctly identified that length × width = area. Can you try writing out what that looks like when you substitute your expressions for length and width into the formula?"",""user"":""teacher""},{""text"":""The equation would be:\n\n$$\nx(x+6)=72\n$$\n\nbecause the width is \\(x\\) and the length is \\(x+6\\)."",""user"":""student""},{""text"":""That's the correct equation! Now, what would be your next step to solve for \\(x\\)? How can you simplify and rearrange this equation?"",""user"":""teacher""},{""text"":""I would expand the left side first:\n\n$$\nx(x+6)=x^2+6x\n$$\n\nSo the equation becomes:\n\n$$\nx^2+6x=72\n$$\n\nThen move 72 to the left side:\n\n$$\nx^2+6x-72=0\n$$\n\nNow I can factor the quadratic to solve for \\(x\\)."",""user"":""student""},{""text"":""You're ready to factor that quadratic. What's your approach for finding the factors of \\(x^2+6x-72=0\\)?"",""user"":""teacher""},{""text"":""what?"",""user"":""student""}]","teacher: How would you start solving this problem?
student: I would let the width be \(x\) meters. Then the length would be \(x+6\) meters. Since the area is 72 m², I would use the formula length × width = area to make an equation.
teacher: That's a great plan! What equation would you get when you put your expressions for length and width into the area formula?
student: i dont know
teacher: You've correctly identified that length × width = area. Can you try writing out what that looks like when you substitute your expressions for length and width into the formula?
student: The equation would be:

$$
x(x+6)=72
$$

because the width is \(x\) and the length is \(x+6\).
teacher: That's the correct equation! Now, what would be your next step to solve for \(x\)? How can you simplify and rearrange this equation?
student: I would expand the left side first:

$$
x(x+6)=x^2+6x
$$

So the equation becomes:

$$
x^2+6x=72
$$

Then move 72 to the left side:

$$
x^2+6x-72=0
$$

Now I can factor the quadratic to solve for \(x\).
teacher: You're ready to factor that quadratic. What's your approach for finding the factors of \(x^2+6x-72=0\)?
student: what?",generic,0.7558170557022095,0.053647831082344055,0.15618163347244263,0.03435346856713295,generic,0.4486696720123291,0.3525525629520416,0.17925003170967102,0.019527824595570564,generic,-0.30714738368988037,0.29890473186969757,0.023068398237228394,-0.014825643971562386,False,False,False,unknown,-0.008554521605941057,0.9719645549662673
psn_f78c0817d43053e5bd31da20,8a72eaca-f99f-4226-92d4-f73cc0492a2e:1,8a72eaca-f99f-4226-92d4-f73cc0492a2e:1:action:7,7,Equation Solving Two or Fewer Steps,"A rectangular garden has a length that is 6 meters more than its width. The area of the garden is 72 m².

Find the width and length of the garden.","[{""text"":""How would you start solving this problem?"",""user"":""teacher""},{""text"":""I would let the width be \\(x\\) meters. Then the length would be \\(x+6\\) meters. Since the area is 72 m², I would use the formula length × width = area to make an equation."",""user"":""student""},{""text"":""That's a great plan! What equation would you get when you put your expressions for length and width into the area formula?"",""user"":""teacher""},{""text"":""i dont know"",""user"":""student""},{""text"":""You've correctly identified that length × width = area. Can you try writing out what that looks like when you substitute your expressions for length and width into the formula?"",""user"":""teacher""},{""text"":""The equation would be:\n\n$$\nx(x+6)=72\n$$\n\nbecause the width is \\(x\\) and the length is \\(x+6\\)."",""user"":""student""},{""text"":""That's the correct equation! Now, what would be your next step to solve for \\(x\\)? How can you simplify and rearrange this equation?"",""user"":""teacher""},{""text"":""I would expand the left side first:\n\n$$\nx(x+6)=x^2+6x\n$$\n\nSo the equation becomes:\n\n$$\nx^2+6x=72\n$$\n\nThen move 72 to the left side:\n\n$$\nx^2+6x-72=0\n$$\n\nNow I can factor the quadratic to solve for \\(x\\)."",""user"":""student""},{""text"":""You're ready to factor that quadratic. What's your approach for finding the factors of \\(x^2+6x-72=0\\)?"",""user"":""teacher""},{""text"":""what?"",""user"":""student""},{""text"":""What comes to mind when you think about factoring a quadratic equation like this one?"",""user"":""teacher""},{""text"":""no idea"",""user"":""student""}]","teacher: How would you start solving this problem?
student: I would let the width be \(x\) meters. Then the length would be \(x+6\) meters. Since the area is 72 m², I would use the formula length × width = area to make an equation.
teacher: That's a great plan! What equation would you get when you put your expressions for length and width into the area formula?
student: i dont know
teacher: You've correctly identified that length × width = area. Can you try writing out what that looks like when you substitute your expressions for length and width into the formula?
student: The equation would be:

$$
x(x+6)=72
$$

because the width is \(x\) and the length is \(x+6\).
teacher: That's the correct equation! Now, what would be your next step to solve for \(x\)? How can you simplify and rearrange this equation?
student: I would expand the left side first:

$$
x(x+6)=x^2+6x
$$

So the equation becomes:

$$
x^2+6x=72
$$

Then move 72 to the left side:

$$
x^2+6x-72=0
$$

Now I can factor the quadratic to solve for \(x\).
teacher: You're ready to factor that quadratic. What's your approach for finding the factors of \(x^2+6x-72=0\)?
student: what?
teacher: What comes to mind when you think about factoring a quadratic equation like this one?
student: no idea",generic,0.6910079121589661,0.06680439412593842,0.19871948659420013,0.04346819221973419,generic,0.2133626788854599,0.5360820889472961,0.22820033133029938,0.022354857996106148,probing,-0.47764523327350616,0.4692776948213577,0.029480844736099243,-0.021113334223628044,True,False,False,unknown,-0.010492437480852046,0.9634100333603263
psn_f78c0817d43053e5bd31da20,8a72eaca-f99f-4226-92d4-f73cc0492a2e:1,8a72eaca-f99f-4226-92d4-f73cc0492a2e:1:action:8,8,Equation Solving Two or Fewer Steps,"A rectangular garden has a length that is 6 meters more than its width. The area of the garden is 72 m².

Find the width and length of the garden.","[{""text"":""How would you start solving this problem?"",""user"":""teacher""},{""text"":""I would let the width be \\(x\\) meters. Then the length would be \\(x+6\\) meters. Since the area is 72 m², I would use the formula length × width = area to make an equation."",""user"":""student""},{""text"":""That's a great plan! What equation would you get when you put your expressions for length and width into the area formula?"",""user"":""teacher""},{""text"":""i dont know"",""user"":""student""},{""text"":""You've correctly identified that length × width = area. Can you try writing out what that looks like when you substitute your expressions for length and width into the formula?"",""user"":""teacher""},{""text"":""The equation would be:\n\n$$\nx(x+6)=72\n$$\n\nbecause the width is \\(x\\) and the length is \\(x+6\\)."",""user"":""student""},{""text"":""That's the correct equation! Now, what would be your next step to solve for \\(x\\)? How can you simplify and rearrange this equation?"",""user"":""teacher""},{""text"":""I would expand the left side first:\n\n$$\nx(x+6)=x^2+6x\n$$\n\nSo the equation becomes:\n\n$$\nx^2+6x=72\n$$\n\nThen move 72 to the left side:\n\n$$\nx^2+6x-72=0\n$$\n\nNow I can factor the quadratic to solve for \\(x\\)."",""user"":""student""},{""text"":""You're ready to factor that quadratic. What's your approach for finding the factors of \\(x^2+6x-72=0\\)?"",""user"":""teacher""},{""text"":""what?"",""user"":""student""},{""text"":""What comes to mind when you think about factoring a quadratic equation like this one?"",""user"":""teacher""},{""text"":""no idea"",""user"":""student""},{""text"":""There are a few ways to factor quadratic equations. Do you recall any of them?"",""user"":""teacher""},{""text"":""no"",""user"":""student""}]","teacher: How would you start solving this problem?
student: I would let the width be \(x\) meters. Then the length would be \(x+6\) meters. Since the area is 72 m², I would use the formula length × width = area to make an equation.
teacher: That's a great plan! What equation would you get when you put your expressions for length and width into the area formula?
student: i dont know
teacher: You've correctly identified that length × width = area. Can you try writing out what that looks like when you substitute your expressions for length and width into the formula?
student: The equation would be:

$$
x(x+6)=72
$$

because the width is \(x\) and the length is \(x+6\).
teacher: That's the correct equation! Now, what would be your next step to solve for \(x\)? How can you simplify and rearrange this equation?
student: I would expand the left side first:

$$
x(x+6)=x^2+6x
$$

So the equation becomes:

$$
x^2+6x=72
$$

Then move 72 to the left side:

$$
x^2+6x-72=0
$$

Now I can factor the quadratic to solve for \(x\).
teacher: You're ready to factor that quadratic. What's your approach for finding the factors of \(x^2+6x-72=0\)?
student: what?
teacher: What comes to mind when you think about factoring a quadratic equation like this one?
student: no idea
teacher: There are a few ways to factor quadratic equations. Do you recall any of them?
student: no",generic,0.6798089742660522,0.06872143596410751,0.20237977802753448,0.04908980429172516,generic,0.2901563048362732,0.4368734359741211,0.24555420875549316,0.027416078373789787,probing,-0.38965266942977905,0.3681520000100136,0.04317443072795868,-0.02167372591793537,True,False,False,correct,0.012954817150850007,0.9529175958794742
psn_f78c0817d43053e5bd31da20,ecaa67e8-e212-4866-877f-9e2dd4cced40:1,ecaa67e8-e212-4866-877f-9e2dd4cced40:1:action:1,1,Complementary and Supplementary Angles,"Two angles are supplementary. One angle is 18° more than twice the other angle.

Find the measure of both angles.",[],[No previous conversation],generic,0.9758464097976685,0.012219002470374107,0.008107420988380909,0.003827239153906703,generic,0.9960904717445374,0.002185892779380083,0.001340141287073493,0.0003833720402326435,generic,0.020244061946868896,-0.010033109690994024,-0.006767279701307416,-0.0034438671136740595,False,False,False,unknown,-0.04790032279014167,0.8436223211978062
psn_f78c0817d43053e5bd31da20,ecaa67e8-e212-4866-877f-9e2dd4cced40:1,ecaa67e8-e212-4866-877f-9e2dd4cced40:1:action:2,2,Complementary and Supplementary Angles,"Two angles are supplementary. One angle is 18° more than twice the other angle.

Find the measure of both angles.","[{""text"":""How would you start solving this problem?"",""user"":""teacher""},{""text"":""i have no idea"",""user"":""student""}]","teacher: How would you start solving this problem?
student: i have no idea",probing,0.0004184059507679194,0.9983406066894531,0.00042328896233811975,0.0008176279370673001,probing,8.978752157418057e-05,0.9990707635879517,0.0002799839130602777,0.0005594132817350328,probing,-0.00032861842919373885,0.0007301568984985352,-0.00014330504927784204,-0.0002582146553322673,False,False,False,unknown,-0.05594138530742976,0.7957219984076646
psn_f78c0817d43053e5bd31da20,ecaa67e8-e212-4866-877f-9e2dd4cced40:1,ecaa67e8-e212-4866-877f-9e2dd4cced40:1:action:3,3,Complementary and Supplementary Angles,"Two angles are supplementary. One angle is 18° more than twice the other angle.

Find the measure of both angles.","[{""text"":""How would you start solving this problem?"",""user"":""teacher""},{""text"":""i have no idea"",""user"":""student""},{""text"":""You mentioned you have no idea how to start. Does the term 'supplementary angles' sound familiar to you?"",""user"":""teacher""},{""text"":""no"",""user"":""student""}]","teacher: How would you start solving this problem?
student: i have no idea
teacher: You mentioned you have no idea how to start. Does the term 'supplementary angles' sound familiar to you?
student: no",probing,0.0006578844622708857,0.985862135887146,0.012019087560474873,0.001460957690142095,probing,0.0007950650760903955,0.3255127966403961,0.6605830192565918,0.013109114952385426,focus,0.00013718061381950974,-0.6603493392467499,0.6485639316961169,0.01164815726224333,True,False,False,partial,0.03998716139038372,0.7397806131002348
psn_f78c0817d43053e5bd31da20,ecaa67e8-e212-4866-877f-9e2dd4cced40:1,ecaa67e8-e212-4866-877f-9e2dd4cced40:1:action:4,4,Complementary and Supplementary Angles,"Two angles are supplementary. One angle is 18° more than twice the other angle.

Find the measure of both angles.","[{""text"":""How would you start solving this problem?"",""user"":""teacher""},{""text"":""i have no idea"",""user"":""student""},{""text"":""You mentioned you have no idea how to start. Does the term 'supplementary angles' sound familiar to you?"",""user"":""teacher""},{""text"":""no"",""user"":""student""},{""text"":""No problem at all. What do you remember about angles in general?"",""user"":""teacher""},{""text"":""I know angles are measured in degrees, and I think a straight line is \\(180^\\circ\\), but I’m not sure how that relates to supplementary angles."",""user"":""student""}]","teacher: How would you start solving this problem?
student: i have no idea
teacher: You mentioned you have no idea how to start. Does the term 'supplementary angles' sound familiar to you?
student: no
teacher: No problem at all. What do you remember about angles in general?
student: I know angles are measured in degrees, and I think a straight line is \(180^\circ\), but I’m not sure how that relates to supplementary angles.",probing,0.004993163514882326,0.7645746469497681,0.2172098159790039,0.013222374022006989,probing,0.0009688689606264234,0.5536385178565979,0.42349234223365784,0.02190028876066208,probing,-0.004024294554255903,-0.21093612909317017,0.20628252625465393,0.00867791473865509,False,False,False,correct,0.08902783473080111,0.7797677744906185
psn_f78c0817d43053e5bd31da20,ecaa67e8-e212-4866-877f-9e2dd4cced40:1,ecaa67e8-e212-4866-877f-9e2dd4cced40:1:action:5,5,Complementary and Supplementary Angles,"Two angles are supplementary. One angle is 18° more than twice the other angle.

Find the measure of both angles.","[{""text"":""How would you start solving this problem?"",""user"":""teacher""},{""text"":""i have no idea"",""user"":""student""},{""text"":""You mentioned you have no idea how to start. Does the term 'supplementary angles' sound familiar to you?"",""user"":""teacher""},{""text"":""no"",""user"":""student""},{""text"":""No problem at all. What do you remember about angles in general?"",""user"":""teacher""},{""text"":""I know angles are measured in degrees, and I think a straight line is \\(180^\\circ\\), but I’m not sure how that relates to supplementary angles."",""user"":""student""},{""text"":""You're right that a straight line is 180 degrees. How might two angles relate to that 180 degrees?"",""user"":""teacher""},{""text"":""Maybe the two angles add up to \\(180^\\circ\\), like they could form a straight line together."",""user"":""student""}]","teacher: How would you start solving this problem?
student: i have no idea
teacher: You mentioned you have no idea how to start. Does the term 'supplementary angles' sound familiar to you?
student: no
teacher: No problem at all. What do you remember about angles in general?
student: I know angles are measured in degrees, and I think a straight line is \(180^\circ\), but I’m not sure how that relates to supplementary angles.
teacher: You're right that a straight line is 180 degrees. How might two angles relate to that 180 degrees?
student: Maybe the two angles add up to \(180^\circ\), like they could form a straight line together.",probing,0.011946828104555607,0.6231085062026978,0.3327072858810425,0.03223738446831703,probing,0.0013278239639475942,0.6097025871276855,0.35976314544677734,0.0292064119130373,probing,-0.010619004140608013,-0.013405919075012207,0.027055859565734863,-0.0030309725552797318,False,False,False,incorrect,-0.13976188360302422,0.8687956092214196
psn_f78c0817d43053e5bd31da20,ecaa67e8-e212-4866-877f-9e2dd4cced40:1,ecaa67e8-e212-4866-877f-9e2dd4cced40:1:action:6,6,Complementary and Supplementary Angles,"Two angles are supplementary. One angle is 18° more than twice the other angle.

Find the measure of both angles.","[{""text"":""How would you start solving this problem?"",""user"":""teacher""},{""text"":""i have no idea"",""user"":""student""},{""text"":""You mentioned you have no idea how to start. Does the term 'supplementary angles' sound familiar to you?"",""user"":""teacher""},{""text"":""no"",""user"":""student""},{""text"":""No problem at all. What do you remember about angles in general?"",""user"":""teacher""},{""text"":""I know angles are measured in degrees, and I think a straight line is \\(180^\\circ\\), but I’m not sure how that relates to supplementary angles."",""user"":""student""},{""text"":""You're right that a straight line is 180 degrees. How might two angles relate to that 180 degrees?"",""user"":""teacher""},{""text"":""Maybe the two angles add up to \\(180^\\circ\\), like they could form a straight line together."",""user"":""student""},{""text"":""That's a great observation! Based on what you just said, how would you define 'supplementary angles'?"",""user"":""teacher""},{""text"":""i dont konw what supplementary angles means"",""user"":""student""}]","teacher: How would you start solving this problem?
student: i have no idea
teacher: You mentioned you have no idea how to start. Does the term 'supplementary angles' sound familiar to you?
student: no
teacher: No problem at all. What do you remember about angles in general?
student: I know angles are measured in degrees, and I think a straight line is \(180^\circ\), but I’m not sure how that relates to supplementary angles.
teacher: You're right that a straight line is 180 degrees. How might two angles relate to that 180 degrees?
student: Maybe the two angles add up to \(180^\circ\), like they could form a straight line together.
teacher: That's a great observation! Based on what you just said, how would you define 'supplementary angles'?
student: i dont konw what supplementary angles means",probing,0.00849946029484272,0.8651168346405029,0.11824420094490051,0.008139523677527905,probing,0.0007486019167117774,0.9550784826278687,0.041368644684553146,0.002804359421133995,probing,-0.007750858378130943,0.08996164798736572,-0.07687555626034737,-0.0053351642563939095,False,False,False,unknown,-0.05028393295507971,0.7290337256183954
psn_f78c0817d43053e5bd31da20,ecaa67e8-e212-4866-877f-9e2dd4cced40:1,ecaa67e8-e212-4866-877f-9e2dd4cced40:1:action:7,7,Complementary and Supplementary Angles,"Two angles are supplementary. One angle is 18° more than twice the other angle.

Find the measure of both angles.","[{""text"":""How would you start solving this problem?"",""user"":""teacher""},{""text"":""i have no idea"",""user"":""student""},{""text"":""You mentioned you have no idea how to start. Does the term 'supplementary angles' sound familiar to you?"",""user"":""teacher""},{""text"":""no"",""user"":""student""},{""text"":""No problem at all. What do you remember about angles in general?"",""user"":""teacher""},{""text"":""I know angles are measured in degrees, and I think a straight line is \\(180^\\circ\\), but I’m not sure how that relates to supplementary angles."",""user"":""student""},{""text"":""You're right that a straight line is 180 degrees. How might two angles relate to that 180 degrees?"",""user"":""teacher""},{""text"":""Maybe the two angles add up to \\(180^\\circ\\), like they could form a straight line together."",""user"":""student""},{""text"":""That's a great observation! Based on what you just said, how would you define 'supplementary angles'?"",""user"":""teacher""},{""text"":""i dont konw what supplementary angles means"",""user"":""student""},{""text"":""You just said that two angles might add up to 180 degrees. How does that idea relate to the term 'supplementary angles'?"",""user"":""teacher""},{""text"":""i dont know,just tell me"",""user"":""student""}]","teacher: How would you start solving this problem?
student: i have no idea
teacher: You mentioned you have no idea how to start. Does the term 'supplementary angles' sound familiar to you?
student: no
teacher: No problem at all. What do you remember about angles in general?
student: I know angles are measured in degrees, and I think a straight line is \(180^\circ\), but I’m not sure how that relates to supplementary angles.
teacher: You're right that a straight line is 180 degrees. How might two angles relate to that 180 degrees?
student: Maybe the two angles add up to \(180^\circ\), like they could form a straight line together.
teacher: That's a great observation! Based on what you just said, how would you define 'supplementary angles'?
student: i dont konw what supplementary angles means
teacher: You just said that two angles might add up to 180 degrees. How does that idea relate to the term 'supplementary angles'?
student: i dont know,just tell me",probing,0.04503527656197548,0.5769051313400269,0.313043475151062,0.06501607596874237,probing,0.005773006472736597,0.7958001494407654,0.17897459864616394,0.019452223554253578,probing,-0.03926227008923888,0.21889501810073853,-0.13406887650489807,-0.04556385241448879,False,False,False,unknown,-0.03588190336849484,0.6787497926633157
psn_f78c0817d43053e5bd31da20,ecaa67e8-e212-4866-877f-9e2dd4cced40:1,ecaa67e8-e212-4866-877f-9e2dd4cced40:1:action:8,8,Complementary and Supplementary Angles,"Two angles are supplementary. One angle is 18° more than twice the other angle.

Find the measure of both angles.","[{""text"":""How would you start solving this problem?"",""user"":""teacher""},{""text"":""i have no idea"",""user"":""student""},{""text"":""You mentioned you have no idea how to start. Does the term 'supplementary angles' sound familiar to you?"",""user"":""teacher""},{""text"":""no"",""user"":""student""},{""text"":""No problem at all. What do you remember about angles in general?"",""user"":""teacher""},{""text"":""I know angles are measured in degrees, and I think a straight line is \\(180^\\circ\\), but I’m not sure how that relates to supplementary angles."",""user"":""student""},{""text"":""You're right that a straight line is 180 degrees. How might two angles relate to that 180 degrees?"",""user"":""teacher""},{""text"":""Maybe the two angles add up to \\(180^\\circ\\), like they could form a straight line together."",""user"":""student""},{""text"":""That's a great observation! Based on what you just said, how would you define 'supplementary angles'?"",""user"":""teacher""},{""text"":""i dont konw what supplementary angles means"",""user"":""student""},{""text"":""You just said that two angles might add up to 180 degrees. How does that idea relate to the term 'supplementary angles'?"",""user"":""teacher""},{""text"":""i dont know,just tell me"",""user"":""student""},{""text"":""You've correctly identified that two angles adding up to 180 degrees is a key idea. What makes it difficult to connect that idea to the term 'supplementary angles'?"",""user"":""teacher""},{""text"":""i dont undersand"",""user"":""student""}]","teacher: How would you start solving this problem?
student: i have no idea
teacher: You mentioned you have no idea how to start. Does the term 'supplementary angles' sound familiar to you?
student: no
teacher: No problem at all. What do you remember about angles in general?
student: I know angles are measured in degrees, and I think a straight line is \(180^\circ\), but I’m not sure how that relates to supplementary angles.
teacher: You're right that a straight line is 180 degrees. How might two angles relate to that 180 degrees?
student: Maybe the two angles add up to \(180^\circ\), like they could form a straight line together.
teacher: That's a great observation! Based on what you just said, how would you define 'supplementary angles'?
student: i dont konw what supplementary angles means
teacher: You just said that two angles might add up to 180 degrees. How does that idea relate to the term 'supplementary angles'?
student: i dont know,just tell me
teacher: You've correctly identified that two angles adding up to 180 degrees is a key idea. What makes it difficult to connect that idea to the term 'supplementary angles'?
student: i dont undersand",focus,0.2241417020559311,0.31149792671203613,0.32329756021499634,0.14106282591819763,focus,0.2571758031845093,0.241411492228508,0.31687256693840027,0.18454013764858246,focus,0.033034101128578186,-0.07008643448352814,-0.006424993276596069,0.04347731173038483,False,False,False,unknown,-0.07363193478262864,0.6428678892948209
psn_f78c0817d43053e5bd31da20,ecaa67e8-e212-4866-877f-9e2dd4cced40:1,ecaa67e8-e212-4866-877f-9e2dd4cced40:1:action:9,9,Complementary and Supplementary Angles,"Two angles are supplementary. One angle is 18° more than twice the other angle.

Find the measure of both angles.","[{""text"":""How would you start solving this problem?"",""user"":""teacher""},{""text"":""i have no idea"",""user"":""student""},{""text"":""You mentioned you have no idea how to start. Does the term 'supplementary angles' sound familiar to you?"",""user"":""teacher""},{""text"":""no"",""user"":""student""},{""text"":""No problem at all. What do you remember about angles in general?"",""user"":""teacher""},{""text"":""I know angles are measured in degrees, and I think a straight line is \\(180^\\circ\\), but I’m not sure how that relates to supplementary angles."",""user"":""student""},{""text"":""You're right that a straight line is 180 degrees. How might two angles relate to that 180 degrees?"",""user"":""teacher""},{""text"":""Maybe the two angles add up to \\(180^\\circ\\), like they could form a straight line together."",""user"":""student""},{""text"":""That's a great observation! Based on what you just said, how would you define 'supplementary angles'?"",""user"":""teacher""},{""text"":""i dont konw what supplementary angles means"",""user"":""student""},{""text"":""You just said that two angles might add up to 180 degrees. How does that idea relate to the term 'supplementary angles'?"",""user"":""teacher""},{""text"":""i dont know,just tell me"",""user"":""student""},{""text"":""You've correctly identified that two angles adding up to 180 degrees is a key idea. What makes it difficult to connect that idea to the term 'supplementary angles'?"",""user"":""teacher""},{""text"":""i dont undersand"",""user"":""student""},{""text"":""You've made a great connection that the two angles add up to 180 degrees. How can you use that idea to start setting up the problem?"",""user"":""teacher""},{""text"":""You've made a great connection that the two angles add up to 180 degrees. How can you use that idea to start setting up the problem?"",""user"":""student""}]","teacher: How would you start solving this problem?
student: i have no idea
teacher: You mentioned you have no idea how to start. Does the term 'supplementary angles' sound familiar to you?
student: no
teacher: No problem at all. What do you remember about angles in general?
student: I know angles are measured in degrees, and I think a straight line is \(180^\circ\), but I’m not sure how that relates to supplementary angles.
teacher: You're right that a straight line is 180 degrees. How might two angles relate to that 180 degrees?
student: Maybe the two angles add up to \(180^\circ\), like they could form a straight line together.
teacher: That's a great observation! Based on what you just said, how would you define 'supplementary angles'?
student: i dont konw what supplementary angles means
teacher: You just said that two angles might add up to 180 degrees. How does that idea relate to the term 'supplementary angles'?
student: i dont know,just tell me
teacher: You've correctly identified that two angles adding up to 180 degrees is a key idea. What makes it difficult to connect that idea to the term 'supplementary angles'?
student: i dont undersand
teacher: You've made a great connection that the two angles add up to 180 degrees. How can you use that idea to start setting up the problem?
student: You've made a great connection that the two angles add up to 180 degrees. How can you use that idea to start setting up the problem?",focus,0.24687010049819946,0.20665909349918365,0.3716110587120056,0.17485980689525604,focus,0.2546875476837158,0.15134727954864502,0.3480898141860962,0.24587538838386536,focus,0.007817447185516357,-0.055311813950538635,-0.023521244525909424,0.07101558148860931,False,False,False,correct,0.17710046200543128,0.5692359545121922
psn_f78c0817d43053e5bd31da20,f3133173-8f14-44d9-b485-97a42dc45030:1,f3133173-8f14-44d9-b485-97a42dc45030:1:action:1,1,Conversion of Fraction Decimals Percents,"A school survey shows that \(\frac{3}{5}\) of the students prefer studying with digital tools.

Convert \(\frac{3}{5}\) into:

A decimal
A percent

Then, if there are 200 students in total, how many students prefer digital tools?",[],[No previous conversation],generic,0.9238771796226501,0.03804639354348183,0.027562299743294716,0.0105140944942832,generic,0.8713427186012268,0.08005228638648987,0.0365196168422699,0.01208539679646492,generic,-0.05253446102142334,0.04200589284300804,0.008957317098975182,0.0015713023021817207,False,False,False,correct,0.06529782482722746,0.6167572017388457
psn_f78c0817d43053e5bd31da20,f3133173-8f14-44d9-b485-97a42dc45030:1,f3133173-8f14-44d9-b485-97a42dc45030:1:action:2,2,Conversion of Fraction Decimals Percents,"A school survey shows that \(\frac{3}{5}\) of the students prefer studying with digital tools.

Convert \(\frac{3}{5}\) into:

A decimal
A percent

Then, if there are 200 students in total, how many students prefer digital tools?","[{""text"":""How would you start solving this problem?"",""user"":""teacher""},{""text"":""I would start by converting \\(\\frac{3}{5}\\) to a decimal by dividing 3 by 5. Then I can turn that decimal into a percent by multiplying by 100."",""user"":""student""}]","teacher: How would you start solving this problem?
student: I would start by converting \(\frac{3}{5}\) to a decimal by dividing 3 by 5. Then I can turn that decimal into a percent by multiplying by 100.",probing,0.0004500216746237129,0.9897688627243042,0.007734118029475212,0.0020470558665692806,probing,0.0002747678372543305,0.7935498952865601,0.1990399956703186,0.007135300897061825,probing,-0.00017525383736938238,-0.19621896743774414,0.1913058776408434,0.005088245030492544,False,False,False,partial,0.023630824304038178,0.6820550265660732
psn_f78c0817d43053e5bd31da20,f3133173-8f14-44d9-b485-97a42dc45030:1,f3133173-8f14-44d9-b485-97a42dc45030:1:action:3,3,Conversion of Fraction Decimals Percents,"A school survey shows that \(\frac{3}{5}\) of the students prefer studying with digital tools.

Convert \(\frac{3}{5}\) into:

A decimal
A percent

Then, if there are 200 students in total, how many students prefer digital tools?","[{""text"":""How would you start solving this problem?"",""user"":""teacher""},{""text"":""I would start by converting \\(\\frac{3}{5}\\) to a decimal by dividing 3 by 5. Then I can turn that decimal into a percent by multiplying by 100."",""user"":""student""},{""text"":""That's a great plan! Can you explain why dividing the numerator by the denominator converts a fraction to a decimal?"",""user"":""teacher""},{""text"":""I think dividing the numerator by the denominator works because the fraction bar means division. So \\(\\frac{3}{5}\\) means \\(3 \\div 5\\). I’m not totally sure though—I sometimes get confused about whether it should be \\(3 \\div 5\\) or \\(5 \\div 3\\)."",""user"":""student""}]","teacher: How would you start solving this problem?
student: I would start by converting \(\frac{3}{5}\) to a decimal by dividing 3 by 5. Then I can turn that decimal into a percent by multiplying by 100.
teacher: That's a great plan! Can you explain why dividing the numerator by the denominator converts a fraction to a decimal?
student: I think dividing the numerator by the denominator works because the fraction bar means division. So \(\frac{3}{5}\) means \(3 \div 5\). I’m not totally sure though—I sometimes get confused about whether it should be \(3 \div 5\) or \(5 \div 3\).",probing,0.0727066621184349,0.6897081136703491,0.2329680621623993,0.004617234691977501,probing,0.008682272396981716,0.9576686024665833,0.03187047690153122,0.0017786066746339202,probing,-0.06402438972145319,0.26796048879623413,-0.20109758526086807,-0.0028386280173435807,False,False,False,correct,0.05553350861322515,0.7056858508701114
psn_f78c0817d43053e5bd31da20,f3133173-8f14-44d9-b485-97a42dc45030:1,f3133173-8f14-44d9-b485-97a42dc45030:1:action:4,4,Conversion of Fraction Decimals Percents,"A school survey shows that \(\frac{3}{5}\) of the students prefer studying with digital tools.

Convert \(\frac{3}{5}\) into:

A decimal
A percent

Then, if there are 200 students in total, how many students prefer digital tools?","[{""text"":""How would you start solving this problem?"",""user"":""teacher""},{""text"":""I would start by converting \\(\\frac{3}{5}\\) to a decimal by dividing 3 by 5. Then I can turn that decimal into a percent by multiplying by 100."",""user"":""student""},{""text"":""That's a great plan! Can you explain why dividing the numerator by the denominator converts a fraction to a decimal?"",""user"":""teacher""},{""text"":""I think dividing the numerator by the denominator works because the fraction bar means division. So \\(\\frac{3}{5}\\) means \\(3 \\div 5\\). I’m not totally sure though—I sometimes get confused about whether it should be \\(3 \\div 5\\) or \\(5 \\div 3\\)."",""user"":""student""},{""text"":""You're right that the fraction bar means division. To help clarify, what do the numerator (the top number) and the denominator (the bottom number) represent in a fraction like \\(\\frac{3}{5}\\) when you think about sharing or dividing?"",""user"":""teacher""},{""text"":""The numerator is how many parts you have, and the denominator is how many equal parts the whole is divided into."",""user"":""student""}]","teacher: How would you start solving this problem?
student: I would start by converting \(\frac{3}{5}\) to a decimal by dividing 3 by 5. Then I can turn that decimal into a percent by multiplying by 100.
teacher: That's a great plan! Can you explain why dividing the numerator by the denominator converts a fraction to a decimal?
student: I think dividing the numerator by the denominator works because the fraction bar means division. So \(\frac{3}{5}\) means \(3 \div 5\). I’m not totally sure though—I sometimes get confused about whether it should be \(3 \div 5\) or \(5 \div 3\).
teacher: You're right that the fraction bar means division. To help clarify, what do the numerator (the top number) and the denominator (the bottom number) represent in a fraction like \(\frac{3}{5}\) when you think about sharing or dividing?
student: The numerator is how many parts you have, and the denominator is how many equal parts the whole is divided into.",probing,0.026564810425043106,0.617461621761322,0.3493953049182892,0.006578162312507629,probing,0.00260669132694602,0.945530891418457,0.05001435801386833,0.0018480991711840034,probing,-0.023958119098097086,0.328069269657135,-0.29938094690442085,-0.004730063141323626,False,False,False,incorrect,-0.13315942608723352,0.7612193594833365
psn_f78c0817d43053e5bd31da20,f3133173-8f14-44d9-b485-97a42dc45030:1,f3133173-8f14-44d9-b485-97a42dc45030:1:action:5,5,Conversion of Fraction Decimals Percents,"A school survey shows that \(\frac{3}{5}\) of the students prefer studying with digital tools.

Convert \(\frac{3}{5}\) into:

A decimal
A percent

Then, if there are 200 students in total, how many students prefer digital tools?","[{""text"":""How would you start solving this problem?"",""user"":""teacher""},{""text"":""I would start by converting \\(\\frac{3}{5}\\) to a decimal by dividing 3 by 5. Then I can turn that decimal into a percent by multiplying by 100."",""user"":""student""},{""text"":""That's a great plan! Can you explain why dividing the numerator by the denominator converts a fraction to a decimal?"",""user"":""teacher""},{""text"":""I think dividing the numerator by the denominator works because the fraction bar means division. So \\(\\frac{3}{5}\\) means \\(3 \\div 5\\). I’m not totally sure though—I sometimes get confused about whether it should be \\(3 \\div 5\\) or \\(5 \\div 3\\)."",""user"":""student""},{""text"":""You're right that the fraction bar means division. To help clarify, what do the numerator (the top number) and the denominator (the bottom number) represent in a fraction like \\(\\frac{3}{5}\\) when you think about sharing or dividing?"",""user"":""teacher""},{""text"":""The numerator is how many parts you have, and the denominator is how many equal parts the whole is divided into."",""user"":""student""},{""text"":""Excellent! So, if you have 3 parts and you're dividing them into 5 equal sections, which number is being divided by which?"",""user"":""teacher""},{""text"":""idk"",""user"":""student""}]","teacher: How would you start solving this problem?
student: I would start by converting \(\frac{3}{5}\) to a decimal by dividing 3 by 5. Then I can turn that decimal into a percent by multiplying by 100.
teacher: That's a great plan! Can you explain why dividing the numerator by the denominator converts a fraction to a decimal?
student: I think dividing the numerator by the denominator works because the fraction bar means division. So \(\frac{3}{5}\) means \(3 \div 5\). I’m not totally sure though—I sometimes get confused about whether it should be \(3 \div 5\) or \(5 \div 3\).
teacher: You're right that the fraction bar means division. To help clarify, what do the numerator (the top number) and the denominator (the bottom number) represent in a fraction like \(\frac{3}{5}\) when you think about sharing or dividing?
student: The numerator is how many parts you have, and the denominator is how many equal parts the whole is divided into.
teacher: Excellent! So, if you have 3 parts and you're dividing them into 5 equal sections, which number is being divided by which?
student: idk",probing,0.049296122044324875,0.5627783536911011,0.3784482479095459,0.009477210231125355,probing,0.006794702727347612,0.8596062064170837,0.13030441105365753,0.0032947028521448374,probing,-0.04250141931697726,0.29682785272598267,-0.24814383685588837,-0.006182507378980517,False,False,False,unknown,-0.03714518575832093,0.628059933396103
psn_f78c0817d43053e5bd31da20,f3133173-8f14-44d9-b485-97a42dc45030:1,f3133173-8f14-44d9-b485-97a42dc45030:1:action:6,6,Conversion of Fraction Decimals Percents,"A school survey shows that \(\frac{3}{5}\) of the students prefer studying with digital tools.

Convert \(\frac{3}{5}\) into:

A decimal
A percent

Then, if there are 200 students in total, how many students prefer digital tools?","[{""text"":""How would you start solving this problem?"",""user"":""teacher""},{""text"":""I would start by converting \\(\\frac{3}{5}\\) to a decimal by dividing 3 by 5. Then I can turn that decimal into a percent by multiplying by 100."",""user"":""student""},{""text"":""That's a great plan! Can you explain why dividing the numerator by the denominator converts a fraction to a decimal?"",""user"":""teacher""},{""text"":""I think dividing the numerator by the denominator works because the fraction bar means division. So \\(\\frac{3}{5}\\) means \\(3 \\div 5\\). I’m not totally sure though—I sometimes get confused about whether it should be \\(3 \\div 5\\) or \\(5 \\div 3\\)."",""user"":""student""},{""text"":""You're right that the fraction bar means division. To help clarify, what do the numerator (the top number) and the denominator (the bottom number) represent in a fraction like \\(\\frac{3}{5}\\) when you think about sharing or dividing?"",""user"":""teacher""},{""text"":""The numerator is how many parts you have, and the denominator is how many equal parts the whole is divided into."",""user"":""student""},{""text"":""Excellent! So, if you have 3 parts and you're dividing them into 5 equal sections, which number is being divided by which?"",""user"":""teacher""},{""text"":""idk"",""user"":""student""},{""text"":""You mentioned the numerator is 'how many parts you have'. When you perform division, which number represents the total amount that is being divided or shared?"",""user"":""teacher""},{""text"":""i  dnt understand it"",""user"":""student""}]","teacher: How would you start solving this problem?
student: I would start by converting \(\frac{3}{5}\) to a decimal by dividing 3 by 5. Then I can turn that decimal into a percent by multiplying by 100.
teacher: That's a great plan! Can you explain why dividing the numerator by the denominator converts a fraction to a decimal?
student: I think dividing the numerator by the denominator works because the fraction bar means division. So \(\frac{3}{5}\) means \(3 \div 5\). I’m not totally sure though—I sometimes get confused about whether it should be \(3 \div 5\) or \(5 \div 3\).
teacher: You're right that the fraction bar means division. To help clarify, what do the numerator (the top number) and the denominator (the bottom number) represent in a fraction like \(\frac{3}{5}\) when you think about sharing or dividing?
student: The numerator is how many parts you have, and the denominator is how many equal parts the whole is divided into.
teacher: Excellent! So, if you have 3 parts and you're dividing them into 5 equal sections, which number is being divided by which?
student: idk
teacher: You mentioned the numerator is 'how many parts you have'. When you perform division, which number represents the total amount that is being divided or shared?
student: i  dnt understand it",focus,0.04764031246304512,0.45825156569480896,0.47708284854888916,0.01702525094151497,focus,0.013406720012426376,0.753483235836029,0.22381284832954407,0.009297219105064869,probing,-0.034233592450618744,0.2952316701412201,-0.2532700002193451,-0.0077280318364501,True,False,False,incorrect,-0.1549093972095324,0.5909147476377821
psn_f78c0817d43053e5bd31da20,f3133173-8f14-44d9-b485-97a42dc45030:1,f3133173-8f14-44d9-b485-97a42dc45030:1:action:7,7,Conversion of Fraction Decimals Percents,"A school survey shows that \(\frac{3}{5}\) of the students prefer studying with digital tools.

Convert \(\frac{3}{5}\) into:

A decimal
A percent

Then, if there are 200 students in total, how many students prefer digital tools?","[{""text"":""How would you start solving this problem?"",""user"":""teacher""},{""text"":""I would start by converting \\(\\frac{3}{5}\\) to a decimal by dividing 3 by 5. Then I can turn that decimal into a percent by multiplying by 100."",""user"":""student""},{""text"":""That's a great plan! Can you explain why dividing the numerator by the denominator converts a fraction to a decimal?"",""user"":""teacher""},{""text"":""I think dividing the numerator by the denominator works because the fraction bar means division. So \\(\\frac{3}{5}\\) means \\(3 \\div 5\\). I’m not totally sure though—I sometimes get confused about whether it should be \\(3 \\div 5\\) or \\(5 \\div 3\\)."",""user"":""student""},{""text"":""You're right that the fraction bar means division. To help clarify, what do the numerator (the top number) and the denominator (the bottom number) represent in a fraction like \\(\\frac{3}{5}\\) when you think about sharing or dividing?"",""user"":""teacher""},{""text"":""The numerator is how many parts you have, and the denominator is how many equal parts the whole is divided into."",""user"":""student""},{""text"":""Excellent! So, if you have 3 parts and you're dividing them into 5 equal sections, which number is being divided by which?"",""user"":""teacher""},{""text"":""idk"",""user"":""student""},{""text"":""You mentioned the numerator is 'how many parts you have'. When you perform division, which number represents the total amount that is being divided or shared?"",""user"":""teacher""},{""text"":""i  dnt understand it"",""user"":""student""},{""text"":""In a division problem, the number that is being divided is called the dividend. Based on what you said about the numerator, which number in \\(\\frac{3}{5}\\) is the dividend?"",""user"":""teacher""},{""text"":""5"",""user"":""student""}]","teacher: How would you start solving this problem?
student: I would start by converting \(\frac{3}{5}\) to a decimal by dividing 3 by 5. Then I can turn that decimal into a percent by multiplying by 100.
teacher: That's a great plan! Can you explain why dividing the numerator by the denominator converts a fraction to a decimal?
student: I think dividing the numerator by the denominator works because the fraction bar means division. So \(\frac{3}{5}\) means \(3 \div 5\). I’m not totally sure though—I sometimes get confused about whether it should be \(3 \div 5\) or \(5 \div 3\).
teacher: You're right that the fraction bar means division. To help clarify, what do the numerator (the top number) and the denominator (the bottom number) represent in a fraction like \(\frac{3}{5}\) when you think about sharing or dividing?
student: The numerator is how many parts you have, and the denominator is how many equal parts the whole is divided into.
teacher: Excellent! So, if you have 3 parts and you're dividing them into 5 equal sections, which number is being divided by which?
student: idk
teacher: You mentioned the numerator is 'how many parts you have'. When you perform division, which number represents the total amount that is being divided or shared?
student: i  dnt understand it
teacher: In a division problem, the number that is being divided is called the dividend. Based on what you said about the numerator, which number in \(\frac{3}{5}\) is the dividend?
student: 5",focus,0.06258019804954529,0.3947281241416931,0.5230088233947754,0.01968286745250225,focus,0.02050202339887619,0.6940198540687561,0.2727425694465637,0.012735496275126934,probing,-0.0420781746506691,0.299291729927063,-0.25026625394821167,-0.006947371177375317,True,False,False,correct,0.08096977427432944,0.43600535042824967
psn_f78c0817d43053e5bd31da20,f3133173-8f14-44d9-b485-97a42dc45030:1,f3133173-8f14-44d9-b485-97a42dc45030:1:action:8,8,Conversion of Fraction Decimals Percents,"A school survey shows that \(\frac{3}{5}\) of the students prefer studying with digital tools.

Convert \(\frac{3}{5}\) into:

A decimal
A percent

Then, if there are 200 students in total, how many students prefer digital tools?","[{""text"":""How would you start solving this problem?"",""user"":""teacher""},{""text"":""I would start by converting \\(\\frac{3}{5}\\) to a decimal by dividing 3 by 5. Then I can turn that decimal into a percent by multiplying by 100."",""user"":""student""},{""text"":""That's a great plan! Can you explain why dividing the numerator by the denominator converts a fraction to a decimal?"",""user"":""teacher""},{""text"":""I think dividing the numerator by the denominator works because the fraction bar means division. So \\(\\frac{3}{5}\\) means \\(3 \\div 5\\). I’m not totally sure though—I sometimes get confused about whether it should be \\(3 \\div 5\\) or \\(5 \\div 3\\)."",""user"":""student""},{""text"":""You're right that the fraction bar means division. To help clarify, what do the numerator (the top number) and the denominator (the bottom number) represent in a fraction like \\(\\frac{3}{5}\\) when you think about sharing or dividing?"",""user"":""teacher""},{""text"":""The numerator is how many parts you have, and the denominator is how many equal parts the whole is divided into."",""user"":""student""},{""text"":""Excellent! So, if you have 3 parts and you're dividing them into 5 equal sections, which number is being divided by which?"",""user"":""teacher""},{""text"":""idk"",""user"":""student""},{""text"":""You mentioned the numerator is 'how many parts you have'. When you perform division, which number represents the total amount that is being divided or shared?"",""user"":""teacher""},{""text"":""i  dnt understand it"",""user"":""student""},{""text"":""In a division problem, the number that is being divided is called the dividend. Based on what you said about the numerator, which number in \\(\\frac{3}{5}\\) is the dividend?"",""user"":""teacher""},{""text"":""5"",""user"":""student""},{""text"":""You previously said the numerator is 'how many parts you have'. If you have 3 parts, and you're dividing them, which number is the one being divided?"",""user"":""teacher""},{""text"":""3"",""user"":""student""}]","teacher: How would you start solving this problem?
student: I would start by converting \(\frac{3}{5}\) to a decimal by dividing 3 by 5. Then I can turn that decimal into a percent by multiplying by 100.
teacher: That's a great plan! Can you explain why dividing the numerator by the denominator converts a fraction to a decimal?
student: I think dividing the numerator by the denominator works because the fraction bar means division. So \(\frac{3}{5}\) means \(3 \div 5\). I’m not totally sure though—I sometimes get confused about whether it should be \(3 \div 5\) or \(5 \div 3\).
teacher: You're right that the fraction bar means division. To help clarify, what do the numerator (the top number) and the denominator (the bottom number) represent in a fraction like \(\frac{3}{5}\) when you think about sharing or dividing?
student: The numerator is how many parts you have, and the denominator is how many equal parts the whole is divided into.
teacher: Excellent! So, if you have 3 parts and you're dividing them into 5 equal sections, which number is being divided by which?
student: idk
teacher: You mentioned the numerator is 'how many parts you have'. When you perform division, which number represents the total amount that is being divided or shared?
student: i  dnt understand it
teacher: In a division problem, the number that is being divided is called the dividend. Based on what you said about the numerator, which number in \(\frac{3}{5}\) is the dividend?
student: 5
teacher: You previously said the numerator is 'how many parts you have'. If you have 3 parts, and you're dividing them, which number is the one being divided?
student: 3",focus,0.08068153262138367,0.3427108824253082,0.5477203130722046,0.0288873128592968,focus,0.030075259506702423,0.5898299813270569,0.3600394129753113,0.020055267959833145,probing,-0.050606273114681244,0.24711909890174866,-0.1876809000968933,-0.008832044899463654,True,False,False,correct,0.07569781220279781,0.5169751247025791
psn_f78c0817d43053e5bd31da20,f3133173-8f14-44d9-b485-97a42dc45030:1,f3133173-8f14-44d9-b485-97a42dc45030:1:action:9,9,Conversion of Fraction Decimals Percents,"A school survey shows that \(\frac{3}{5}\) of the students prefer studying with digital tools.

Convert \(\frac{3}{5}\) into:

A decimal
A percent

Then, if there are 200 students in total, how many students prefer digital tools?","[{""text"":""How would you start solving this problem?"",""user"":""teacher""},{""text"":""I would start by converting \\(\\frac{3}{5}\\) to a decimal by dividing 3 by 5. Then I can turn that decimal into a percent by multiplying by 100."",""user"":""student""},{""text"":""That's a great plan! Can you explain why dividing the numerator by the denominator converts a fraction to a decimal?"",""user"":""teacher""},{""text"":""I think dividing the numerator by the denominator works because the fraction bar means division. So \\(\\frac{3}{5}\\) means \\(3 \\div 5\\). I’m not totally sure though—I sometimes get confused about whether it should be \\(3 \\div 5\\) or \\(5 \\div 3\\)."",""user"":""student""},{""text"":""You're right that the fraction bar means division. To help clarify, what do the numerator (the top number) and the denominator (the bottom number) represent in a fraction like \\(\\frac{3}{5}\\) when you think about sharing or dividing?"",""user"":""teacher""},{""text"":""The numerator is how many parts you have, and the denominator is how many equal parts the whole is divided into."",""user"":""student""},{""text"":""Excellent! So, if you have 3 parts and you're dividing them into 5 equal sections, which number is being divided by which?"",""user"":""teacher""},{""text"":""idk"",""user"":""student""},{""text"":""You mentioned the numerator is 'how many parts you have'. When you perform division, which number represents the total amount that is being divided or shared?"",""user"":""teacher""},{""text"":""i  dnt understand it"",""user"":""student""},{""text"":""In a division problem, the number that is being divided is called the dividend. Based on what you said about the numerator, which number in \\(\\frac{3}{5}\\) is the dividend?"",""user"":""teacher""},{""text"":""5"",""user"":""student""},{""text"":""You previously said the numerator is 'how many parts you have'. If you have 3 parts, and you're dividing them, which number is the one being divided?"",""user"":""teacher""},{""text"":""3"",""user"":""student""},{""text"":""Exactly! So if 3 is the dividend, which number in \\(\\frac{3}{5}\\) is the divisor, the number that divides the dividend?"",""user"":""teacher""},{""text"":""The divisor is 5."",""user"":""student""}]","teacher: How would you start solving this problem?
student: I would start by converting \(\frac{3}{5}\) to a decimal by dividing 3 by 5. Then I can turn that decimal into a percent by multiplying by 100.
teacher: That's a great plan! Can you explain why dividing the numerator by the denominator converts a fraction to a decimal?
student: I think dividing the numerator by the denominator works because the fraction bar means division. So \(\frac{3}{5}\) means \(3 \div 5\). I’m not totally sure though—I sometimes get confused about whether it should be \(3 \div 5\) or \(5 \div 3\).
teacher: You're right that the fraction bar means division. To help clarify, what do the numerator (the top number) and the denominator (the bottom number) represent in a fraction like \(\frac{3}{5}\) when you think about sharing or dividing?
student: The numerator is how many parts you have, and the denominator is how many equal parts the whole is divided into.
teacher: Excellent! So, if you have 3 parts and you're dividing them into 5 equal sections, which number is being divided by which?
student: idk
teacher: You mentioned the numerator is 'how many parts you have'. When you perform division, which number represents the total amount that is being divided or shared?
student: i  dnt understand it
teacher: In a division problem, the number that is being divided is called the dividend. Based on what you said about the numerator, which number in \(\frac{3}{5}\) is the dividend?
student: 5
teacher: You previously said the numerator is 'how many parts you have'. If you have 3 parts, and you're dividing them, which number is the one being divided?
student: 3
teacher: Exactly! So if 3 is the dividend, which number in \(\frac{3}{5}\) is the divisor, the number that divides the dividend?
student: The divisor is 5.",focus,0.13385914266109467,0.2517213523387909,0.5571491718292236,0.057270314544439316,focus,0.04109853506088257,0.40482595562934875,0.5057406425476074,0.04833489656448364,focus,-0.0927606076002121,0.15310460329055786,-0.05140852928161621,-0.008935417979955673,False,False,False,correct,0.07116099405207954,0.5926729369053769
psn_f78c0817d43053e5bd31da20,f3133173-8f14-44d9-b485-97a42dc45030:1,f3133173-8f14-44d9-b485-97a42dc45030:1:action:10,10,Conversion of Fraction Decimals Percents,"A school survey shows that \(\frac{3}{5}\) of the students prefer studying with digital tools.

Convert \(\frac{3}{5}\) into:

A decimal
A percent

Then, if there are 200 students in total, how many students prefer digital tools?","[{""text"":""How would you start solving this problem?"",""user"":""teacher""},{""text"":""I would start by converting \\(\\frac{3}{5}\\) to a decimal by dividing 3 by 5. Then I can turn that decimal into a percent by multiplying by 100."",""user"":""student""},{""text"":""That's a great plan! Can you explain why dividing the numerator by the denominator converts a fraction to a decimal?"",""user"":""teacher""},{""text"":""I think dividing the numerator by the denominator works because the fraction bar means division. So \\(\\frac{3}{5}\\) means \\(3 \\div 5\\). I’m not totally sure though—I sometimes get confused about whether it should be \\(3 \\div 5\\) or \\(5 \\div 3\\)."",""user"":""student""},{""text"":""You're right that the fraction bar means division. To help clarify, what do the numerator (the top number) and the denominator (the bottom number) represent in a fraction like \\(\\frac{3}{5}\\) when you think about sharing or dividing?"",""user"":""teacher""},{""text"":""The numerator is how many parts you have, and the denominator is how many equal parts the whole is divided into."",""user"":""student""},{""text"":""Excellent! So, if you have 3 parts and you're dividing them into 5 equal sections, which number is being divided by which?"",""user"":""teacher""},{""text"":""idk"",""user"":""student""},{""text"":""You mentioned the numerator is 'how many parts you have'. When you perform division, which number represents the total amount that is being divided or shared?"",""user"":""teacher""},{""text"":""i  dnt understand it"",""user"":""student""},{""text"":""In a division problem, the number that is being divided is called the dividend. Based on what you said about the numerator, which number in \\(\\frac{3}{5}\\) is the dividend?"",""user"":""teacher""},{""text"":""5"",""user"":""student""},{""text"":""You previously said the numerator is 'how many parts you have'. If you have 3 parts, and you're dividing them, which number is the one being divided?"",""user"":""teacher""},{""text"":""3"",""user"":""student""},{""text"":""Exactly! So if 3 is the dividend, which number in \\(\\frac{3}{5}\\) is the divisor, the number that divides the dividend?"",""user"":""teacher""},{""text"":""The divisor is 5."",""user"":""student""},{""text"":""Great! Now that you know 3 is the dividend and 5 is the divisor, what is the result when you perform that division?"",""user"":""teacher""},{""text"":""\\(3 \\div 5 = 0.6\\)"",""user"":""student""}]","teacher: How would you start solving this problem?
student: I would start by converting \(\frac{3}{5}\) to a decimal by dividing 3 by 5. Then I can turn that decimal into a percent by multiplying by 100.
teacher: That's a great plan! Can you explain why dividing the numerator by the denominator converts a fraction to a decimal?
student: I think dividing the numerator by the denominator works because the fraction bar means division. So \(\frac{3}{5}\) means \(3 \div 5\). I’m not totally sure though—I sometimes get confused about whether it should be \(3 \div 5\) or \(5 \div 3\).
teacher: You're right that the fraction bar means division. To help clarify, what do the numerator (the top number) and the denominator (the bottom number) represent in a fraction like \(\frac{3}{5}\) when you think about sharing or dividing?
student: The numerator is how many parts you have, and the denominator is how many equal parts the whole is divided into.
teacher: Excellent! So, if you have 3 parts and you're dividing them into 5 equal sections, which number is being divided by which?
student: idk
teacher: You mentioned the numerator is 'how many parts you have'. When you perform division, which number represents the total amount that is being divided or shared?
student: i  dnt understand it
teacher: In a division problem, the number that is being divided is called the dividend. Based on what you said about the numerator, which number in \(\frac{3}{5}\) is the dividend?
student: 5
teacher: You previously said the numerator is 'how many parts you have'. If you have 3 parts, and you're dividing them, which number is the one being divided?
student: 3
teacher: Exactly! So if 3 is the dividend, which number in \(\frac{3}{5}\) is the divisor, the number that divides the dividend?
student: The divisor is 5.
teacher: Great! Now that you know 3 is the dividend and 5 is the divisor, what is the result when you perform that division?
student: \(3 \div 5 = 0.6\)",focus,0.24455676972866058,0.11900459229946136,0.5548700094223022,0.081568643450737,focus,0.05041304603219032,0.135147824883461,0.7581275105476379,0.05631161108613014,focus,-0.19414372369647026,0.016143232583999634,0.2032575011253357,-0.025257032364606857,False,False,False,correct,0.05997218360955492,0.6638339309574565
psn_f78c0817d43053e5bd31da20,a6d964ef-ca38-47e1-a1f5-6009be1aa0b5:1,a6d964ef-ca38-47e1-a1f5-6009be1aa0b5:1:action:1,1,Multiplication Whole Numbers,"A warehouse packs 48 boxes of notebooks. Each box contains 125 notebooks.

How many notebooks are there altogether?",[],[No previous conversation],generic,0.9669169783592224,0.016782894730567932,0.01251219678670168,0.003788016038015485,generic,0.9882302284240723,0.006522574461996555,0.004535612650215626,0.0007115267217159271,generic,0.021313250064849854,-0.010260320268571377,-0.007976584136486053,-0.0030764893162995577,False,False,False,unknown,-0.029859393497005726,0.6606278883543171
psn_f78c0817d43053e5bd31da20,a6d964ef-ca38-47e1-a1f5-6009be1aa0b5:1,a6d964ef-ca38-47e1-a1f5-6009be1aa0b5:1:action:2,2,Multiplication Whole Numbers,"A warehouse packs 48 boxes of notebooks. Each box contains 125 notebooks.

How many notebooks are there altogether?","[{""text"":""How would you start solving this problem?"",""user"":""teacher""},{""text"":""i have no idea"",""user"":""student""}]","teacher: How would you start solving this problem?
student: i have no idea",probing,0.0005327240214683115,0.9985114932060242,0.0004044405068270862,0.0005513984942808747,probing,0.00011480497778393328,0.9992101192474365,0.00021323919645510614,0.00046181149082258344,probing,-0.00041791904368437827,0.0006986260414123535,-0.00019120131037198007,-8.958700345829129e-05,False,False,False,incorrect,-0.10647752449450332,0.6307684948573113
psn_f78c0817d43053e5bd31da20,a6d964ef-ca38-47e1-a1f5-6009be1aa0b5:1,a6d964ef-ca38-47e1-a1f5-6009be1aa0b5:1:action:3,3,Multiplication Whole Numbers,"A warehouse packs 48 boxes of notebooks. Each box contains 125 notebooks.

How many notebooks are there altogether?","[{""text"":""How would you start solving this problem?"",""user"":""teacher""},{""text"":""i have no idea"",""user"":""student""},{""text"":""What about the problem makes you feel stuck?"",""user"":""teacher""},{""text"":""do i need to devide 125 by 48?"",""user"":""student""}]","teacher: How would you start solving this problem?
student: i have no idea
teacher: What about the problem makes you feel stuck?
student: do i need to devide 125 by 48?",probing,0.00022053832071833313,0.9983774423599243,0.0006300522363744676,0.0007718928391113877,probing,6.22802326688543e-05,0.9976510405540466,0.0008052692865021527,0.0014813655288890004,probing,-0.00015825808804947883,-0.0007264018058776855,0.00017521705012768507,0.0007094726897776127,False,False,False,unknown,-0.02710504074275727,0.524290970362808
psn_f78c0817d43053e5bd31da20,a6d964ef-ca38-47e1-a1f5-6009be1aa0b5:1,a6d964ef-ca38-47e1-a1f5-6009be1aa0b5:1:action:4,4,Multiplication Whole Numbers,"A warehouse packs 48 boxes of notebooks. Each box contains 125 notebooks.

How many notebooks are there altogether?","[{""text"":""How would you start solving this problem?"",""user"":""teacher""},{""text"":""i have no idea"",""user"":""student""},{""text"":""What about the problem makes you feel stuck?"",""user"":""teacher""},{""text"":""do i need to devide 125 by 48?"",""user"":""student""},{""text"":""Why do you think division would be the right operation to find the total number of notebooks?"",""user"":""teacher""},{""text"":""i just thought like that"",""user"":""student""}]","teacher: How would you start solving this problem?
student: i have no idea
teacher: What about the problem makes you feel stuck?
student: do i need to devide 125 by 48?
teacher: Why do you think division would be the right operation to find the total number of notebooks?
student: i just thought like that",probing,0.0001805115898605436,0.9962249994277954,0.0014643830945715308,0.0021301142405718565,probing,0.00011709299724316224,0.9833794236183167,0.0026118895038962364,0.01389168482273817,probing,-6.341859261738136e-05,-0.01284557580947876,0.0011475064093247056,0.011761570582166314,False,False,False,incorrect,-0.09502752255463648,0.49718592962005076
psn_f78c0817d43053e5bd31da20,a6d964ef-ca38-47e1-a1f5-6009be1aa0b5:1,a6d964ef-ca38-47e1-a1f5-6009be1aa0b5:1:action:5,5,Multiplication Whole Numbers,"A warehouse packs 48 boxes of notebooks. Each box contains 125 notebooks.

How many notebooks are there altogether?","[{""text"":""How would you start solving this problem?"",""user"":""teacher""},{""text"":""i have no idea"",""user"":""student""},{""text"":""What about the problem makes you feel stuck?"",""user"":""teacher""},{""text"":""do i need to devide 125 by 48?"",""user"":""student""},{""text"":""Why do you think division would be the right operation to find the total number of notebooks?"",""user"":""teacher""},{""text"":""i just thought like that"",""user"":""student""},{""text"":""What would dividing 125 by 48 tell you about the notebooks in the warehouse?"",""user"":""teacher""},{""text"":""number of all notebooks"",""user"":""student""}]","teacher: How would you start solving this problem?
student: i have no idea
teacher: What about the problem makes you feel stuck?
student: do i need to devide 125 by 48?
teacher: Why do you think division would be the right operation to find the total number of notebooks?
student: i just thought like that
teacher: What would dividing 125 by 48 tell you about the notebooks in the warehouse?
student: number of all notebooks",probing,0.00038398781907744706,0.9844949841499329,0.00570891797542572,0.009412091225385666,probing,0.0004323154571466148,0.7543776035308838,0.017889289185404778,0.22730079293251038,probing,4.832763806916773e-05,-0.23011738061904907,0.012180371209979057,0.2178887017071247,False,False,False,incorrect,-0.08146860088791191,0.4021584070654143
psn_f78c0817d43053e5bd31da20,a6d964ef-ca38-47e1-a1f5-6009be1aa0b5:1,a6d964ef-ca38-47e1-a1f5-6009be1aa0b5:1:action:6,6,Multiplication Whole Numbers,"A warehouse packs 48 boxes of notebooks. Each box contains 125 notebooks.

How many notebooks are there altogether?","[{""text"":""How would you start solving this problem?"",""user"":""teacher""},{""text"":""i have no idea"",""user"":""student""},{""text"":""What about the problem makes you feel stuck?"",""user"":""teacher""},{""text"":""do i need to devide 125 by 48?"",""user"":""student""},{""text"":""Why do you think division would be the right operation to find the total number of notebooks?"",""user"":""teacher""},{""text"":""i just thought like that"",""user"":""student""},{""text"":""What would dividing 125 by 48 tell you about the notebooks in the warehouse?"",""user"":""teacher""},{""text"":""number of all notebooks"",""user"":""student""},{""text"":""If you divide 125 notebooks by 48 boxes, what would the resulting number tell you?"",""user"":""teacher""},{""text"":""number of all notebooks in the warehouse"",""user"":""student""}]","teacher: How would you start solving this problem?
student: i have no idea
teacher: What about the problem makes you feel stuck?
student: do i need to devide 125 by 48?
teacher: Why do you think division would be the right operation to find the total number of notebooks?
student: i just thought like that
teacher: What would dividing 125 by 48 tell you about the notebooks in the warehouse?
student: number of all notebooks
teacher: If you divide 125 notebooks by 48 boxes, what would the resulting number tell you?
student: number of all notebooks in the warehouse",probing,0.0007721405127085745,0.9468826651573181,0.022690139710903168,0.029654959216713905,probing,0.0005684321513399482,0.2172251045703888,0.07514159381389618,0.7070648074150085,telling,-0.00020370836136862636,-0.7296575605869293,0.05245145410299301,0.6774098481982946,True,True,False,correct,0.18042513587715142,0.32068980617750237
psn_f78c0817d43053e5bd31da20,a6d964ef-ca38-47e1-a1f5-6009be1aa0b5:1,a6d964ef-ca38-47e1-a1f5-6009be1aa0b5:1:action:7,7,Multiplication Whole Numbers,"A warehouse packs 48 boxes of notebooks. Each box contains 125 notebooks.

How many notebooks are there altogether?","[{""text"":""How would you start solving this problem?"",""user"":""teacher""},{""text"":""i have no idea"",""user"":""student""},{""text"":""What about the problem makes you feel stuck?"",""user"":""teacher""},{""text"":""do i need to devide 125 by 48?"",""user"":""student""},{""text"":""Why do you think division would be the right operation to find the total number of notebooks?"",""user"":""teacher""},{""text"":""i just thought like that"",""user"":""student""},{""text"":""What would dividing 125 by 48 tell you about the notebooks in the warehouse?"",""user"":""teacher""},{""text"":""number of all notebooks"",""user"":""student""},{""text"":""If you divide 125 notebooks by 48 boxes, what would the resulting number tell you?"",""user"":""teacher""},{""text"":""number of all notebooks in the warehouse"",""user"":""student""},{""text"":""If you divide 125 notebooks by 48 boxes, what would the resulting number tell you about the notebooks *per box*?"",""user"":""teacher""},{""text"":""It would tell me how many notebooks there are per box, not the total number of notebooks."",""user"":""student""}]","teacher: How would you start solving this problem?
student: i have no idea
teacher: What about the problem makes you feel stuck?
student: do i need to devide 125 by 48?
teacher: Why do you think division would be the right operation to find the total number of notebooks?
student: i just thought like that
teacher: What would dividing 125 by 48 tell you about the notebooks in the warehouse?
student: number of all notebooks
teacher: If you divide 125 notebooks by 48 boxes, what would the resulting number tell you?
student: number of all notebooks in the warehouse
teacher: If you divide 125 notebooks by 48 boxes, what would the resulting number tell you about the notebooks *per box*?
student: It would tell me how many notebooks there are per box, not the total number of notebooks.",probing,0.0015034624375402927,0.9002169966697693,0.037600405514240265,0.0606791153550148,probing,0.0008056408842094243,0.21306684613227844,0.06733787804841995,0.7187896370887756,telling,-0.0006978215533308685,-0.6871501505374908,0.029737472534179688,0.6581105217337608,True,True,False,correct,0.1706694610645264,0.5011149420546538
psn_f78c0817d43053e5bd31da20,dffa3aac-68c5-4b98-b5cc-3bddd6e5f956:1,dffa3aac-68c5-4b98-b5cc-3bddd6e5f956:1:action:1,1,Simplifying Expressions positive exponents,"Simplify:

$$ 3x^2 \cdot 4x^3 $$

Write your final answer using a single exponent for \(x\).",[],[No previous conversation],generic,0.9850139021873474,0.007712970487773418,0.004774861037731171,0.0024983100593090057,generic,0.9962034821510315,0.0021329219453036785,0.001172014162875712,0.0004916333709843457,generic,0.011189579963684082,-0.00558004854246974,-0.0036028468748554587,-0.00200667668832466,False,False,False,correct,0.5565306848534494,0.011041522580481314
psn_f78c0817d43053e5bd31da20,dffa3aac-68c5-4b98-b5cc-3bddd6e5f956:1,dffa3aac-68c5-4b98-b5cc-3bddd6e5f956:1:action:2,2,Simplifying Expressions positive exponents,"Simplify:

$$ 3x^2 \cdot 4x^3 $$

Write your final answer using a single exponent for \(x\).","[{""text"":""How would you start simplifying this expression?"",""user"":""teacher""},{""text"":""I would start by multiplying the coefficients, \\(3 \\times 4\\), and then combine \\(x^2\\) and \\(x^3\\) using the exponent rule for multiplying powers with the same base."",""user"":""student""}]","teacher: How would you start simplifying this expression?
student: I would start by multiplying the coefficients, \(3 \times 4\), and then combine \(x^2\) and \(x^3\) using the exponent rule for multiplying powers with the same base.",probing,0.12145823985338211,0.8706097602844238,0.006557145155966282,0.001374848186969757,probing,0.0002949048939626664,0.710182249546051,0.28765439987182617,0.0018685710383579135,probing,-0.12116333495941944,-0.1604275107383728,0.2810972547158599,0.0004937228513881564,False,False,False,incorrect,0.12787876533336617,0.5675722074339307
psn_f78c0817d43053e5bd31da20,dffa3aac-68c5-4b98-b5cc-3bddd6e5f956:1,dffa3aac-68c5-4b98-b5cc-3bddd6e5f956:1:action:3,3,Simplifying Expressions positive exponents,"Simplify:

$$ 3x^2 \cdot 4x^3 $$

Write your final answer using a single exponent for \(x\).","[{""text"":""How would you start simplifying this expression?"",""user"":""teacher""},{""text"":""I would start by multiplying the coefficients, \\(3 \\times 4\\), and then combine \\(x^2\\) and \\(x^3\\) using the exponent rule for multiplying powers with the same base."",""user"":""student""},{""text"":""That's a great plan! Can you remind me what that exponent rule is?"",""user"":""teacher""},{""text"":""I think when multiplying powers with the same base, you multiply the exponents, so maybe \\(x^2 \\cdot x^3 = x^6\\). I’m not completely sure though—I sometimes mix up when to add and when to multiply the exponents."",""user"":""student""}]","teacher: How would you start simplifying this expression?
student: I would start by multiplying the coefficients, \(3 \times 4\), and then combine \(x^2\) and \(x^3\) using the exponent rule for multiplying powers with the same base.
teacher: That's a great plan! Can you remind me what that exponent rule is?
student: I think when multiplying powers with the same base, you multiply the exponents, so maybe \(x^2 \cdot x^3 = x^6\). I’m not completely sure though—I sometimes mix up when to add and when to multiply the exponents.",focus,0.06888564676046371,0.31721168756484985,0.6054686307907104,0.008434095419943333,focus,0.0027536151465028524,0.7190174460411072,0.2747369110584259,0.0034920675680041313,probing,-0.06613203161396086,0.4018057584762573,-0.33073171973228455,-0.004942027851939201,True,False,False,correct,0.21034632888316085,0.6954509727672968
psn_f78c0817d43053e5bd31da20,dffa3aac-68c5-4b98-b5cc-3bddd6e5f956:1,dffa3aac-68c5-4b98-b5cc-3bddd6e5f956:1:action:4,4,Simplifying Expressions positive exponents,"Simplify:

$$ 3x^2 \cdot 4x^3 $$

Write your final answer using a single exponent for \(x\).","[{""text"":""How would you start simplifying this expression?"",""user"":""teacher""},{""text"":""I would start by multiplying the coefficients, \\(3 \\times 4\\), and then combine \\(x^2\\) and \\(x^3\\) using the exponent rule for multiplying powers with the same base."",""user"":""student""},{""text"":""That's a great plan! Can you remind me what that exponent rule is?"",""user"":""teacher""},{""text"":""I think when multiplying powers with the same base, you multiply the exponents, so maybe \\(x^2 \\cdot x^3 = x^6\\). I’m not completely sure though—I sometimes mix up when to add and when to multiply the exponents."",""user"":""student""},{""text"":""You're right that it's easy to mix them up! Let's think about what \\(x^2\\) and \\(x^3\\) actually represent. What does \\(x^2\\) mean in expanded form?"",""user"":""teacher""},{""text"":""\\(x^2\\) means \\(x \\times x\\)."",""user"":""student""}]","teacher: How would you start simplifying this expression?
student: I would start by multiplying the coefficients, \(3 \times 4\), and then combine \(x^2\) and \(x^3\) using the exponent rule for multiplying powers with the same base.
teacher: That's a great plan! Can you remind me what that exponent rule is?
student: I think when multiplying powers with the same base, you multiply the exponents, so maybe \(x^2 \cdot x^3 = x^6\). I’m not completely sure though—I sometimes mix up when to add and when to multiply the exponents.
teacher: You're right that it's easy to mix them up! Let's think about what \(x^2\) and \(x^3\) actually represent. What does \(x^2\) mean in expanded form?
student: \(x^2\) means \(x \times x\).",focus,0.03666362166404724,0.2934876084327698,0.6526207327842712,0.017228035256266594,focus,0.002841938752681017,0.595687747001648,0.39544594287872314,0.006024405360221863,probing,-0.033821682911366224,0.3022001385688782,-0.2571747899055481,-0.011203629896044731,True,False,False,correct,0.06599124873048245,0.9057973016504577
psn_f78c0817d43053e5bd31da20,dffa3aac-68c5-4b98-b5cc-3bddd6e5f956:1,dffa3aac-68c5-4b98-b5cc-3bddd6e5f956:1:action:5,5,Simplifying Expressions positive exponents,"Simplify:

$$ 3x^2 \cdot 4x^3 $$

Write your final answer using a single exponent for \(x\).","[{""text"":""How would you start simplifying this expression?"",""user"":""teacher""},{""text"":""I would start by multiplying the coefficients, \\(3 \\times 4\\), and then combine \\(x^2\\) and \\(x^3\\) using the exponent rule for multiplying powers with the same base."",""user"":""student""},{""text"":""That's a great plan! Can you remind me what that exponent rule is?"",""user"":""teacher""},{""text"":""I think when multiplying powers with the same base, you multiply the exponents, so maybe \\(x^2 \\cdot x^3 = x^6\\). I’m not completely sure though—I sometimes mix up when to add and when to multiply the exponents."",""user"":""student""},{""text"":""You're right that it's easy to mix them up! Let's think about what \\(x^2\\) and \\(x^3\\) actually represent. What does \\(x^2\\) mean in expanded form?"",""user"":""teacher""},{""text"":""\\(x^2\\) means \\(x \\times x\\)."",""user"":""student""},{""text"":""Exactly! So, following that same idea, what would \\(x^3\\) mean in expanded form?"",""user"":""teacher""},{""text"":""\\(x^3\\) means \\(x \\times x \\times x\\)."",""user"":""student""}]","teacher: How would you start simplifying this expression?
student: I would start by multiplying the coefficients, \(3 \times 4\), and then combine \(x^2\) and \(x^3\) using the exponent rule for multiplying powers with the same base.
teacher: That's a great plan! Can you remind me what that exponent rule is?
student: I think when multiplying powers with the same base, you multiply the exponents, so maybe \(x^2 \cdot x^3 = x^6\). I’m not completely sure though—I sometimes mix up when to add and when to multiply the exponents.
teacher: You're right that it's easy to mix them up! Let's think about what \(x^2\) and \(x^3\) actually represent. What does \(x^2\) mean in expanded form?
student: \(x^2\) means \(x \times x\).
teacher: Exactly! So, following that same idea, what would \(x^3\) mean in expanded form?
student: \(x^3\) means \(x \times x \times x\).",focus,0.08313481509685516,0.2625386118888855,0.6316969394683838,0.02262965589761734,focus,0.019180649891495705,0.39154252409935,0.5781809091567993,0.011095799505710602,focus,-0.06395416520535946,0.12900391221046448,-0.05351603031158447,-0.011533856391906738,False,False,False,unknown,-0.0041448032690865055,0.9717885503809401
psn_f78c0817d43053e5bd31da20,dffa3aac-68c5-4b98-b5cc-3bddd6e5f956:1,dffa3aac-68c5-4b98-b5cc-3bddd6e5f956:1:action:6,6,Simplifying Expressions positive exponents,"Simplify:

$$ 3x^2 \cdot 4x^3 $$

Write your final answer using a single exponent for \(x\).","[{""text"":""How would you start simplifying this expression?"",""user"":""teacher""},{""text"":""I would start by multiplying the coefficients, \\(3 \\times 4\\), and then combine \\(x^2\\) and \\(x^3\\) using the exponent rule for multiplying powers with the same base."",""user"":""student""},{""text"":""That's a great plan! Can you remind me what that exponent rule is?"",""user"":""teacher""},{""text"":""I think when multiplying powers with the same base, you multiply the exponents, so maybe \\(x^2 \\cdot x^3 = x^6\\). I’m not completely sure though—I sometimes mix up when to add and when to multiply the exponents."",""user"":""student""},{""text"":""You're right that it's easy to mix them up! Let's think about what \\(x^2\\) and \\(x^3\\) actually represent. What does \\(x^2\\) mean in expanded form?"",""user"":""teacher""},{""text"":""\\(x^2\\) means \\(x \\times x\\)."",""user"":""student""},{""text"":""Exactly! So, following that same idea, what would \\(x^3\\) mean in expanded form?"",""user"":""teacher""},{""text"":""\\(x^3\\) means \\(x \\times x \\times x\\)."",""user"":""student""},{""text"":""Great! Now, if you put those two expanded forms together, what would \\(x^2 \\cdot x^3\\) look like?"",""user"":""teacher""},{""text"":""i dont know that"",""user"":""student""}]","teacher: How would you start simplifying this expression?
student: I would start by multiplying the coefficients, \(3 \times 4\), and then combine \(x^2\) and \(x^3\) using the exponent rule for multiplying powers with the same base.
teacher: That's a great plan! Can you remind me what that exponent rule is?
student: I think when multiplying powers with the same base, you multiply the exponents, so maybe \(x^2 \cdot x^3 = x^6\). I’m not completely sure though—I sometimes mix up when to add and when to multiply the exponents.
teacher: You're right that it's easy to mix them up! Let's think about what \(x^2\) and \(x^3\) actually represent. What does \(x^2\) mean in expanded form?
student: \(x^2\) means \(x \times x\).
teacher: Exactly! So, following that same idea, what would \(x^3\) mean in expanded form?
student: \(x^3\) means \(x \times x \times x\).
teacher: Great! Now, if you put those two expanded forms together, what would \(x^2 \cdot x^3\) look like?
student: i dont know that",focus,0.11664646863937378,0.24635598063468933,0.6067125797271729,0.03028486855328083,focus,0.022776737809181213,0.3911631107330322,0.5717180371284485,0.014342186972498894,focus,-0.09386973083019257,0.1448071300983429,-0.034994542598724365,-0.015942681580781937,False,False,False,correct,0.02177036934898069,0.9676437471118536
psn_f78c0817d43053e5bd31da20,dffa3aac-68c5-4b98-b5cc-3bddd6e5f956:1,dffa3aac-68c5-4b98-b5cc-3bddd6e5f956:1:action:7,7,Simplifying Expressions positive exponents,"Simplify:

$$ 3x^2 \cdot 4x^3 $$

Write your final answer using a single exponent for \(x\).","[{""text"":""How would you start simplifying this expression?"",""user"":""teacher""},{""text"":""I would start by multiplying the coefficients, \\(3 \\times 4\\), and then combine \\(x^2\\) and \\(x^3\\) using the exponent rule for multiplying powers with the same base."",""user"":""student""},{""text"":""That's a great plan! Can you remind me what that exponent rule is?"",""user"":""teacher""},{""text"":""I think when multiplying powers with the same base, you multiply the exponents, so maybe \\(x^2 \\cdot x^3 = x^6\\). I’m not completely sure though—I sometimes mix up when to add and when to multiply the exponents."",""user"":""student""},{""text"":""You're right that it's easy to mix them up! Let's think about what \\(x^2\\) and \\(x^3\\) actually represent. What does \\(x^2\\) mean in expanded form?"",""user"":""teacher""},{""text"":""\\(x^2\\) means \\(x \\times x\\)."",""user"":""student""},{""text"":""Exactly! So, following that same idea, what would \\(x^3\\) mean in expanded form?"",""user"":""teacher""},{""text"":""\\(x^3\\) means \\(x \\times x \\times x\\)."",""user"":""student""},{""text"":""Great! Now, if you put those two expanded forms together, what would \\(x^2 \\cdot x^3\\) look like?"",""user"":""teacher""},{""text"":""i dont know that"",""user"":""student""},{""text"":""You know that \\(x^2 = x \\times x\\) and \\(x^3 = x \\times x \\times x\\). So, if we multiply them, we have \\((x \\times x) \\cdot (x \\times x \\times x)\\). How many \\(x\\)'s are being multiplied together in total?"",""user"":""teacher""},{""text"":""There are 5 \\(x\\)'s being multiplied together."",""user"":""student""}]","teacher: How would you start simplifying this expression?
student: I would start by multiplying the coefficients, \(3 \times 4\), and then combine \(x^2\) and \(x^3\) using the exponent rule for multiplying powers with the same base.
teacher: That's a great plan! Can you remind me what that exponent rule is?
student: I think when multiplying powers with the same base, you multiply the exponents, so maybe \(x^2 \cdot x^3 = x^6\). I’m not completely sure though—I sometimes mix up when to add and when to multiply the exponents.
teacher: You're right that it's easy to mix them up! Let's think about what \(x^2\) and \(x^3\) actually represent. What does \(x^2\) mean in expanded form?
student: \(x^2\) means \(x \times x\).
teacher: Exactly! So, following that same idea, what would \(x^3\) mean in expanded form?
student: \(x^3\) means \(x \times x \times x\).
teacher: Great! Now, if you put those two expanded forms together, what would \(x^2 \cdot x^3\) look like?
student: i dont know that
teacher: You know that \(x^2 = x \times x\) and \(x^3 = x \times x \times x\). So, if we multiply them, we have \((x \times x) \cdot (x \times x \times x)\). How many \(x\)'s are being multiplied together in total?
student: There are 5 \(x\)'s being multiplied together.",focus,0.12518581748008728,0.20814968645572662,0.6243898272514343,0.042274605482816696,focus,0.035020433366298676,0.3056301474571228,0.6295854449272156,0.029764004051685333,focus,-0.0901653841137886,0.09748046100139618,0.00519561767578125,-0.012510601431131363,False,False,False,incorrect,-0.0013711078406207777,0.9894141164608343
psn_f78c0817d43053e5bd31da20,dffa3aac-68c5-4b98-b5cc-3bddd6e5f956:1,dffa3aac-68c5-4b98-b5cc-3bddd6e5f956:1:action:8,8,Simplifying Expressions positive exponents,"Simplify:

$$ 3x^2 \cdot 4x^3 $$

Write your final answer using a single exponent for \(x\).","[{""text"":""How would you start simplifying this expression?"",""user"":""teacher""},{""text"":""I would start by multiplying the coefficients, \\(3 \\times 4\\), and then combine \\(x^2\\) and \\(x^3\\) using the exponent rule for multiplying powers with the same base."",""user"":""student""},{""text"":""That's a great plan! Can you remind me what that exponent rule is?"",""user"":""teacher""},{""text"":""I think when multiplying powers with the same base, you multiply the exponents, so maybe \\(x^2 \\cdot x^3 = x^6\\). I’m not completely sure though—I sometimes mix up when to add and when to multiply the exponents."",""user"":""student""},{""text"":""You're right that it's easy to mix them up! Let's think about what \\(x^2\\) and \\(x^3\\) actually represent. What does \\(x^2\\) mean in expanded form?"",""user"":""teacher""},{""text"":""\\(x^2\\) means \\(x \\times x\\)."",""user"":""student""},{""text"":""Exactly! So, following that same idea, what would \\(x^3\\) mean in expanded form?"",""user"":""teacher""},{""text"":""\\(x^3\\) means \\(x \\times x \\times x\\)."",""user"":""student""},{""text"":""Great! Now, if you put those two expanded forms together, what would \\(x^2 \\cdot x^3\\) look like?"",""user"":""teacher""},{""text"":""i dont know that"",""user"":""student""},{""text"":""You know that \\(x^2 = x \\times x\\) and \\(x^3 = x \\times x \\times x\\). So, if we multiply them, we have \\((x \\times x) \\cdot (x \\times x \\times x)\\). How many \\(x\\)'s are being multiplied together in total?"",""user"":""teacher""},{""text"":""There are 5 \\(x\\)'s being multiplied together."",""user"":""student""},{""text"":""Exactly! So, how would you write '5 \\(x\\)'s being multiplied together' using a single exponent?"",""user"":""teacher""},{""text"":""I think it would be \\(x^4\\), because there are five \\(x\\)'s but I’m a little confused about whether the exponent counts the number of multiplications or the number of \\(x\\)'s."",""user"":""student""}]","teacher: How would you start simplifying this expression?
student: I would start by multiplying the coefficients, \(3 \times 4\), and then combine \(x^2\) and \(x^3\) using the exponent rule for multiplying powers with the same base.
teacher: That's a great plan! Can you remind me what that exponent rule is?
student: I think when multiplying powers with the same base, you multiply the exponents, so maybe \(x^2 \cdot x^3 = x^6\). I’m not completely sure though—I sometimes mix up when to add and when to multiply the exponents.
teacher: You're right that it's easy to mix them up! Let's think about what \(x^2\) and \(x^3\) actually represent. What does \(x^2\) mean in expanded form?
student: \(x^2\) means \(x \times x\).
teacher: Exactly! So, following that same idea, what would \(x^3\) mean in expanded form?
student: \(x^3\) means \(x \times x \times x\).
teacher: Great! Now, if you put those two expanded forms together, what would \(x^2 \cdot x^3\) look like?
student: i dont know that
teacher: You know that \(x^2 = x \times x\) and \(x^3 = x \times x \times x\). So, if we multiply them, we have \((x \times x) \cdot (x \times x \times x)\). How many \(x\)'s are being multiplied together in total?
student: There are 5 \(x\)'s being multiplied together.
teacher: Exactly! So, how would you write '5 \(x\)'s being multiplied together' using a single exponent?
student: I think it would be \(x^4\), because there are five \(x\)'s but I’m a little confused about whether the exponent counts the number of multiplications or the number of \(x\)'s.",focus,0.14210312068462372,0.18334844708442688,0.6060235500335693,0.06852487474679947,focus,0.037765853106975555,0.3015691936016083,0.619792640209198,0.040872253477573395,focus,-0.10433726757764816,0.1182207465171814,0.013769090175628662,-0.027652621269226074,False,False,False,correct,0.00790240854353319,0.9880430086202135
psn_9a081eb5df240169b9f3c83b,b9a3b98d-ab91-4e24-b3f7-39a0623831b9:1,b9a3b98d-ab91-4e24-b3f7-39a0623831b9:1:action:1,1,Polynomial Factors,"Factor completely:

$$ x^2 + 9x + 20 $$

Then use your factors to find the values of \(x\) that make the expression equal to zero.",[],[No previous conversation],generic,0.9515932202339172,0.027388103306293488,0.014449386857450008,0.006569309160113335,generic,0.9404382705688477,0.044349703937768936,0.01112845167517662,0.004083454608917236,generic,-0.01115494966506958,0.01696160063147545,-0.003320935182273388,-0.0024858545511960983,False,False,False,correct,0.10619456954326456,0.20917734369717744
psn_9a081eb5df240169b9f3c83b,b9a3b98d-ab91-4e24-b3f7-39a0623831b9:1,b9a3b98d-ab91-4e24-b3f7-39a0623831b9:1:action:2,2,Polynomial Factors,"Factor completely:

$$ x^2 + 9x + 20 $$

Then use your factors to find the values of \(x\) that make the expression equal to zero.","[{""text"":""How would you start solving this problem?"",""user"":""teacher""},{""text"":""I think I need to find two numbers that multiply to 20 and add to 9, but I’m not fully sure how to pick them."",""user"":""student""}]","teacher: How would you start solving this problem?
student: I think I need to find two numbers that multiply to 20 and add to 9, but I’m not fully sure how to pick them.",probing,0.000471172301331535,0.9982826709747314,0.0007499281782656908,0.0004962582606822252,probing,6.222132651600987e-05,0.9988283514976501,0.0007242276915349066,0.000385244406061247,probing,-0.0004089509748155251,0.0005456805229187012,-2.5700486730784178e-05,-0.00011101385462097824,False,False,False,correct,0.12790690822739315,0.315371913240442
psn_9a081eb5df240169b9f3c83b,b9a3b98d-ab91-4e24-b3f7-39a0623831b9:1,b9a3b98d-ab91-4e24-b3f7-39a0623831b9:1:action:3,3,Polynomial Factors,"Factor completely:

$$ x^2 + 9x + 20 $$

Then use your factors to find the values of \(x\) that make the expression equal to zero.","[{""text"":""How would you start solving this problem?"",""user"":""teacher""},{""text"":""I think I need to find two numbers that multiply to 20 and add to 9, but I’m not fully sure how to pick them."",""user"":""student""},{""text"":""That's a great start! To help you pick them, what are some pairs of numbers that multiply to 20?"",""user"":""teacher""},{""text"":""Maybe \\(1\\) and \\(20\\), \\(2\\) and \\(10\\), and \\(4\\) and \\(5\\)."",""user"":""student""}]","teacher: How would you start solving this problem?
student: I think I need to find two numbers that multiply to 20 and add to 9, but I’m not fully sure how to pick them.
teacher: That's a great start! To help you pick them, what are some pairs of numbers that multiply to 20?
student: Maybe \(1\) and \(20\), \(2\) and \(10\), and \(4\) and \(5\).",probing,0.022883564233779907,0.6028819680213928,0.37056249380111694,0.003672039834782481,probing,0.0014109568437561393,0.8986499309539795,0.09825561195611954,0.0016834177076816559,probing,-0.021472607390023768,0.29576796293258667,-0.2723068818449974,-0.0019886221271008253,False,False,False,correct,0.12140540106171338,0.44327882146783515
psn_9a081eb5df240169b9f3c83b,b9a3b98d-ab91-4e24-b3f7-39a0623831b9:1,b9a3b98d-ab91-4e24-b3f7-39a0623831b9:1:action:4,4,Polynomial Factors,"Factor completely:

$$ x^2 + 9x + 20 $$

Then use your factors to find the values of \(x\) that make the expression equal to zero.","[{""text"":""How would you start solving this problem?"",""user"":""teacher""},{""text"":""I think I need to find two numbers that multiply to 20 and add to 9, but I’m not fully sure how to pick them."",""user"":""student""},{""text"":""That's a great start! To help you pick them, what are some pairs of numbers that multiply to 20?"",""user"":""teacher""},{""text"":""Maybe \\(1\\) and \\(20\\), \\(2\\) and \\(10\\), and \\(4\\) and \\(5\\)."",""user"":""student""},{""text"":""Excellent! Now, for each of those pairs, what do they add up to?"",""user"":""teacher""},{""text"":""\\(1+20=21\\), \\(2+10=12\\), and \\(4+5=9\\). So I think \\(4\\) and \\(5\\) are the pair we need."",""user"":""student""}]","teacher: How would you start solving this problem?
student: I think I need to find two numbers that multiply to 20 and add to 9, but I’m not fully sure how to pick them.
teacher: That's a great start! To help you pick them, what are some pairs of numbers that multiply to 20?
student: Maybe \(1\) and \(20\), \(2\) and \(10\), and \(4\) and \(5\).
teacher: Excellent! Now, for each of those pairs, what do they add up to?
student: \(1+20=21\), \(2+10=12\), and \(4+5=9\). So I think \(4\) and \(5\) are the pair we need.",probing,0.16863642632961273,0.5731544494628906,0.24770382046699524,0.010505331680178642,probing,0.013167349621653557,0.7620851993560791,0.21850000321865082,0.006247440818697214,probing,-0.15546907670795918,0.18893074989318848,-0.02920381724834442,-0.004257890861481428,False,False,False,correct,0.110144616456612,0.5646842225295485
psn_9a081eb5df240169b9f3c83b,b9a3b98d-ab91-4e24-b3f7-39a0623831b9:1,b9a3b98d-ab91-4e24-b3f7-39a0623831b9:1:action:5,5,Polynomial Factors,"Factor completely:

$$ x^2 + 9x + 20 $$

Then use your factors to find the values of \(x\) that make the expression equal to zero.","[{""text"":""How would you start solving this problem?"",""user"":""teacher""},{""text"":""I think I need to find two numbers that multiply to 20 and add to 9, but I’m not fully sure how to pick them."",""user"":""student""},{""text"":""That's a great start! To help you pick them, what are some pairs of numbers that multiply to 20?"",""user"":""teacher""},{""text"":""Maybe \\(1\\) and \\(20\\), \\(2\\) and \\(10\\), and \\(4\\) and \\(5\\)."",""user"":""student""},{""text"":""Excellent! Now, for each of those pairs, what do they add up to?"",""user"":""teacher""},{""text"":""\\(1+20=21\\), \\(2+10=12\\), and \\(4+5=9\\). So I think \\(4\\) and \\(5\\) are the pair we need."",""user"":""student""},{""text"":""You're absolutely right! The numbers 4 and 5 are the pair we need. Now, how do you use these numbers to write the factored form of \\(x^2 + 9x + 20\\)?"",""user"":""teacher""},{""text"":""I think the factored form is \\((x+4)(x+5)\\), because 4 and 5 multiply to 20 and add to 9."",""user"":""student""}]","teacher: How would you start solving this problem?
student: I think I need to find two numbers that multiply to 20 and add to 9, but I’m not fully sure how to pick them.
teacher: That's a great start! To help you pick them, what are some pairs of numbers that multiply to 20?
student: Maybe \(1\) and \(20\), \(2\) and \(10\), and \(4\) and \(5\).
teacher: Excellent! Now, for each of those pairs, what do they add up to?
student: \(1+20=21\), \(2+10=12\), and \(4+5=9\). So I think \(4\) and \(5\) are the pair we need.
teacher: You're absolutely right! The numbers 4 and 5 are the pair we need. Now, how do you use these numbers to write the factored form of \(x^2 + 9x + 20\)?
student: I think the factored form is \((x+4)(x+5)\), because 4 and 5 multiply to 20 and add to 9.",focus,0.24298861622810364,0.23242305219173431,0.49170953035354614,0.03287878632545471,focus,0.03827208653092384,0.37178492546081543,0.5741066932678223,0.015836331993341446,focus,-0.2047165296971798,0.13936187326908112,0.08239716291427612,-0.017042454332113266,False,False,False,correct,0.07980927927325687,0.6748288389861605
psn_9a081eb5df240169b9f3c83b,0adabdf3-b861-4b0f-b802-451cc208dd0b:1,0adabdf3-b861-4b0f-b802-451cc208dd0b:1:action:1,1,Pythagorean Theorem,"A right triangle has a hypotenuse of 13 cm and one shorter side of 5 cm.

Find the length of the other shorter side.",[],[No previous conversation],generic,0.9652584791183472,0.01899520494043827,0.01086112018674612,0.004885253496468067,generic,0.9927870631217957,0.004457680508494377,0.0020611968357115984,0.0006940983003005385,generic,0.027528584003448486,-0.014537524431943893,-0.008799923351034522,-0.004191155196167529,False,False,False,partial,0.015999710158805303,0.7322287873726493
psn_9a081eb5df240169b9f3c83b,0adabdf3-b861-4b0f-b802-451cc208dd0b:1,0adabdf3-b861-4b0f-b802-451cc208dd0b:1:action:2,2,Pythagorean Theorem,"A right triangle has a hypotenuse of 13 cm and one shorter side of 5 cm.

Find the length of the other shorter side.","[{""text"":""How would you start solving this problem?"",""user"":""teacher""},{""text"":""I think I use the Pythagorean theorem, but I’m not sure how to set it up since 13 is already the hypotenuse."",""user"":""student""}]","teacher: How would you start solving this problem?
student: I think I use the Pythagorean theorem, but I’m not sure how to set it up since 13 is already the hypotenuse.",probing,0.0003595851012505591,0.9977189898490906,0.0014215080300346017,0.0004999153316020966,probing,8.731982961762697e-05,0.9991335272789001,0.0004625897854566574,0.00031655910424888134,probing,-0.0002722652716329321,0.0014145374298095703,-0.0009589182445779443,-0.00018335622735321522,False,False,False,correct,0.04175755938341297,0.7482284975314546
psn_9a081eb5df240169b9f3c83b,0adabdf3-b861-4b0f-b802-451cc208dd0b:1,0adabdf3-b861-4b0f-b802-451cc208dd0b:1:action:3,3,Pythagorean Theorem,"A right triangle has a hypotenuse of 13 cm and one shorter side of 5 cm.

Find the length of the other shorter side.","[{""text"":""How would you start solving this problem?"",""user"":""teacher""},{""text"":""I think I use the Pythagorean theorem, but I’m not sure how to set it up since 13 is already the hypotenuse."",""user"":""student""},{""text"":""You're right that the Pythagorean theorem is the way to go! How does the hypotenuse relate to the other two sides in the formula?"",""user"":""teacher""},{""text"":""I think the hypotenuse is \\(c\\), so \\(13^2\\) should go on the \\(c^2\\) side. The other two sides go on the other side."",""user"":""student""}]","teacher: How would you start solving this problem?
student: I think I use the Pythagorean theorem, but I’m not sure how to set it up since 13 is already the hypotenuse.
teacher: You're right that the Pythagorean theorem is the way to go! How does the hypotenuse relate to the other two sides in the formula?
student: I think the hypotenuse is \(c\), so \(13^2\) should go on the \(c^2\) side. The other two sides go on the other side.",focus,0.1649572104215622,0.25307559967041016,0.5586196184158325,0.02334754168987274,focus,0.0022576958872377872,0.9768853187561035,0.01932072639465332,0.0015362839912995696,probing,-0.1626995145343244,0.7238097190856934,-0.5392988920211792,-0.021811257698573172,True,False,False,correct,0.03739970769462708,0.7899860569148676
psn_9a081eb5df240169b9f3c83b,978c3e3b-ab82-4c73-9791-5dc47de68792:1,978c3e3b-ab82-4c73-9791-5dc47de68792:1:action:1,1,Perimeter of a Polygon,"A pentagon has side lengths of 6 cm, 8 cm, 5 cm, 7 cm, and 9 cm.

What is the perimeter of the pentagon?",[],[No previous conversation],generic,0.9089400768280029,0.05303793027997017,0.02799009531736374,0.01003189291805029,generic,0.8690838813781738,0.09720698744058609,0.026402583345770836,0.0073065850883722305,generic,-0.0398561954498291,0.04416905716061592,-0.0015875119715929031,-0.0027253078296780586,False,False,False,correct,0.03350661651400533,0.9009116153875528
psn_9a081eb5df240169b9f3c83b,978c3e3b-ab82-4c73-9791-5dc47de68792:1,978c3e3b-ab82-4c73-9791-5dc47de68792:1:action:2,2,Perimeter of a Polygon,"A pentagon has side lengths of 6 cm, 8 cm, 5 cm, 7 cm, and 9 cm.

What is the perimeter of the pentagon?","[{""text"":""How would you start solving this problem?"",""user"":""teacher""},{""text"":""I think I need to add the side lengths together, but I’m not completely sure if perimeter means adding all of them."",""user"":""student""}]","teacher: How would you start solving this problem?
student: I think I need to add the side lengths together, but I’m not completely sure if perimeter means adding all of them.",probing,0.0003152705612592399,0.9957595467567444,0.003219434292986989,0.0007056434988044202,probing,0.0001309831568505615,0.9768325090408325,0.022066693753004074,0.0009698089561425149,probing,-0.0001842874044086784,-0.018927037715911865,0.018847259460017085,0.0002641654573380947,False,False,False,correct,0.02478328045601441,0.9344182319015581
psn_b94f4a505b4ee07be23867fc,bf4054b0-35ba-46ac-8cef-3d83a59f61c0:1,bf4054b0-35ba-46ac-8cef-3d83a59f61c0:1:action:1,1,Multiplication and Division Integers,"A diver is at −18 meters below sea level. They descend at −7 meters per minute for 6 minutes, then rise 36 meters at a rate of +9 meters per minute.

What is the diver’s depth after the descent?
How many minutes does the rise take?
What is the diver’s final depth after the rise?",[],[No previous conversation],generic,0.8146116137504578,0.09474059194326401,0.06573136150836945,0.02491648867726326,generic,0.7556256651878357,0.15180081129074097,0.07075595110654831,0.021817531436681747,generic,-0.05898594856262207,0.05706021934747696,0.0050245895981788635,-0.0030989572405815125,False,False,False,partial,0.013918459761173674,0.7807387535603924
psn_b94f4a505b4ee07be23867fc,bf4054b0-35ba-46ac-8cef-3d83a59f61c0:1,bf4054b0-35ba-46ac-8cef-3d83a59f61c0:1:action:2,2,Multiplication and Division Integers,"A diver is at −18 meters below sea level. They descend at −7 meters per minute for 6 minutes, then rise 36 meters at a rate of +9 meters per minute.

What is the diver’s depth after the descent?
How many minutes does the rise take?
What is the diver’s final depth after the rise?","[{""text"":""How would you start solving this problem?"",""user"":""teacher""},{""text"":""I’d probably start with the descent part first. Since it says \\(-7\\) meters per minute for 6 minutes, I think I need to multiply those somehow, but I’m not fully sure what to do with the starting \\(-18\\)."",""user"":""student""}]","teacher: How would you start solving this problem?
student: I’d probably start with the descent part first. Since it says \(-7\) meters per minute for 6 minutes, I think I need to multiply those somehow, but I’m not fully sure what to do with the starting \(-18\).",probing,0.0038674436509609222,0.5212698578834534,0.4543384611606598,0.020524214953184128,probing,0.0012614962179213762,0.13459999859333038,0.8398734927177429,0.024264993146061897,focus,-0.002605947433039546,-0.386669859290123,0.38553503155708313,0.0037407781928777695,True,False,False,correct,0.036351916190221156,0.794657213321566
psn_b94f4a505b4ee07be23867fc,bf4054b0-35ba-46ac-8cef-3d83a59f61c0:1,bf4054b0-35ba-46ac-8cef-3d83a59f61c0:1:action:3,3,Multiplication and Division Integers,"A diver is at −18 meters below sea level. They descend at −7 meters per minute for 6 minutes, then rise 36 meters at a rate of +9 meters per minute.

What is the diver’s depth after the descent?
How many minutes does the rise take?
What is the diver’s final depth after the rise?","[{""text"":""How would you start solving this problem?"",""user"":""teacher""},{""text"":""I’d probably start with the descent part first. Since it says \\(-7\\) meters per minute for 6 minutes, I think I need to multiply those somehow, but I’m not fully sure what to do with the starting \\(-18\\)."",""user"":""student""},{""text"":""You're on the right track with multiplying -7 and 6. What would that product represent in terms of the diver's movement?"",""user"":""teacher""},{""text"":""I think it represents how far the diver moved downward during those 6 minutes."",""user"":""student""}]","teacher: How would you start solving this problem?
student: I’d probably start with the descent part first. Since it says \(-7\) meters per minute for 6 minutes, I think I need to multiply those somehow, but I’m not fully sure what to do with the starting \(-18\).
teacher: You're on the right track with multiplying -7 and 6. What would that product represent in terms of the diver's movement?
student: I think it represents how far the diver moved downward during those 6 minutes.",focus,0.022682424634695053,0.3819602131843567,0.5605115294456482,0.03484590724110603,focus,0.0023918424267321825,0.15088221430778503,0.7740964889526367,0.07262949645519257,focus,-0.02029058220796287,-0.23107799887657166,0.21358495950698853,0.03778358921408653,False,False,False,correct,0.032355347925816735,0.8310091295117872
psn_b94f4a505b4ee07be23867fc,bf4054b0-35ba-46ac-8cef-3d83a59f61c0:1,bf4054b0-35ba-46ac-8cef-3d83a59f61c0:1:action:4,4,Multiplication and Division Integers,"A diver is at −18 meters below sea level. They descend at −7 meters per minute for 6 minutes, then rise 36 meters at a rate of +9 meters per minute.

What is the diver’s depth after the descent?
How many minutes does the rise take?
What is the diver’s final depth after the rise?","[{""text"":""How would you start solving this problem?"",""user"":""teacher""},{""text"":""I’d probably start with the descent part first. Since it says \\(-7\\) meters per minute for 6 minutes, I think I need to multiply those somehow, but I’m not fully sure what to do with the starting \\(-18\\)."",""user"":""student""},{""text"":""You're on the right track with multiplying -7 and 6. What would that product represent in terms of the diver's movement?"",""user"":""teacher""},{""text"":""I think it represents how far the diver moved downward during those 6 minutes."",""user"":""student""},{""text"":""You've correctly identified that the product of -7 and 6 represents the total change in depth during the descent. How would you combine that change with the diver's initial depth of -18 meters to find their depth after the descent?"",""user"":""teacher""},{""text"":""I think I add the change to the starting depth, so it would be \\(-18 + (-42)\\). I’m a little unsure with the two negative signs though."",""user"":""student""}]","teacher: How would you start solving this problem?
student: I’d probably start with the descent part first. Since it says \(-7\) meters per minute for 6 minutes, I think I need to multiply those somehow, but I’m not fully sure what to do with the starting \(-18\).
teacher: You're on the right track with multiplying -7 and 6. What would that product represent in terms of the diver's movement?
student: I think it represents how far the diver moved downward during those 6 minutes.
teacher: You've correctly identified that the product of -7 and 6 represents the total change in depth during the descent. How would you combine that change with the diver's initial depth of -18 meters to find their depth after the descent?
student: I think I add the change to the starting depth, so it would be \(-18 + (-42)\). I’m a little unsure with the two negative signs though.",focus,0.12437573820352554,0.21082372963428497,0.5573387742042542,0.10746180266141891,focus,0.06779125332832336,0.09742919355630875,0.49185219407081604,0.34292736649513245,focus,-0.05658448487520218,-0.11339453607797623,-0.06548658013343811,0.23546556383371353,False,False,False,partial,0.00996837764287617,0.8633644774376039
psn_b94f4a505b4ee07be23867fc,bf4054b0-35ba-46ac-8cef-3d83a59f61c0:1,bf4054b0-35ba-46ac-8cef-3d83a59f61c0:1:action:5,5,Multiplication and Division Integers,"A diver is at −18 meters below sea level. They descend at −7 meters per minute for 6 minutes, then rise 36 meters at a rate of +9 meters per minute.

What is the diver’s depth after the descent?
How many minutes does the rise take?
What is the diver’s final depth after the rise?","[{""text"":""How would you start solving this problem?"",""user"":""teacher""},{""text"":""I’d probably start with the descent part first. Since it says \\(-7\\) meters per minute for 6 minutes, I think I need to multiply those somehow, but I’m not fully sure what to do with the starting \\(-18\\)."",""user"":""student""},{""text"":""You're on the right track with multiplying -7 and 6. What would that product represent in terms of the diver's movement?"",""user"":""teacher""},{""text"":""I think it represents how far the diver moved downward during those 6 minutes."",""user"":""student""},{""text"":""You've correctly identified that the product of -7 and 6 represents the total change in depth during the descent. How would you combine that change with the diver's initial depth of -18 meters to find their depth after the descent?"",""user"":""teacher""},{""text"":""I think I add the change to the starting depth, so it would be \\(-18 + (-42)\\). I’m a little unsure with the two negative signs though."",""user"":""student""},{""text"":""You're starting at -18 meters and then adding a change of -42 meters. What does adding a negative number mean for the diver's depth?"",""user"":""teacher""},{""text"":""It means the diver goes even deeper, so the depth becomes more negative. I think I need to combine \\(-18\\) and \\(-42\\), but I’m not sure of the final number yet."",""user"":""student""}]","teacher: How would you start solving this problem?
student: I’d probably start with the descent part first. Since it says \(-7\) meters per minute for 6 minutes, I think I need to multiply those somehow, but I’m not fully sure what to do with the starting \(-18\).
teacher: You're on the right track with multiplying -7 and 6. What would that product represent in terms of the diver's movement?
student: I think it represents how far the diver moved downward during those 6 minutes.
teacher: You've correctly identified that the product of -7 and 6 represents the total change in depth during the descent. How would you combine that change with the diver's initial depth of -18 meters to find their depth after the descent?
student: I think I add the change to the starting depth, so it would be \(-18 + (-42)\). I’m a little unsure with the two negative signs though.
teacher: You're starting at -18 meters and then adding a change of -42 meters. What does adding a negative number mean for the diver's depth?
student: It means the diver goes even deeper, so the depth becomes more negative. I think I need to combine \(-18\) and \(-42\), but I’m not sure of the final number yet.",focus,0.16860421001911163,0.13040877878665924,0.383115291595459,0.31787168979644775,focus,0.07038890570402145,0.09406265616416931,0.3557380735874176,0.4798104166984558,telling,-0.09821530431509018,-0.03634612262248993,-0.027377218008041382,0.16193872690200806,True,True,False,correct,0.023544549322920605,0.8733328550804801
psn_b94f4a505b4ee07be23867fc,bf4054b0-35ba-46ac-8cef-3d83a59f61c0:1,bf4054b0-35ba-46ac-8cef-3d83a59f61c0:1:action:6,6,Multiplication and Division Integers,"A diver is at −18 meters below sea level. They descend at −7 meters per minute for 6 minutes, then rise 36 meters at a rate of +9 meters per minute.

What is the diver’s depth after the descent?
How many minutes does the rise take?
What is the diver’s final depth after the rise?","[{""text"":""How would you start solving this problem?"",""user"":""teacher""},{""text"":""I’d probably start with the descent part first. Since it says \\(-7\\) meters per minute for 6 minutes, I think I need to multiply those somehow, but I’m not fully sure what to do with the starting \\(-18\\)."",""user"":""student""},{""text"":""You're on the right track with multiplying -7 and 6. What would that product represent in terms of the diver's movement?"",""user"":""teacher""},{""text"":""I think it represents how far the diver moved downward during those 6 minutes."",""user"":""student""},{""text"":""You've correctly identified that the product of -7 and 6 represents the total change in depth during the descent. How would you combine that change with the diver's initial depth of -18 meters to find their depth after the descent?"",""user"":""teacher""},{""text"":""I think I add the change to the starting depth, so it would be \\(-18 + (-42)\\). I’m a little unsure with the two negative signs though."",""user"":""student""},{""text"":""You're starting at -18 meters and then adding a change of -42 meters. What does adding a negative number mean for the diver's depth?"",""user"":""teacher""},{""text"":""It means the diver goes even deeper, so the depth becomes more negative. I think I need to combine \\(-18\\) and \\(-42\\), but I’m not sure of the final number yet."",""user"":""student""},{""text"":""You're right, the depth becomes more negative. What is the result when you combine -18 and -42?"",""user"":""teacher""},{""text"":""\\(-18 + (-42) = -60\\), so the diver is at \\(-60\\) meters after the descent."",""user"":""student""}]","teacher: How would you start solving this problem?
student: I’d probably start with the descent part first. Since it says \(-7\) meters per minute for 6 minutes, I think I need to multiply those somehow, but I’m not fully sure what to do with the starting \(-18\).
teacher: You're on the right track with multiplying -7 and 6. What would that product represent in terms of the diver's movement?
student: I think it represents how far the diver moved downward during those 6 minutes.
teacher: You've correctly identified that the product of -7 and 6 represents the total change in depth during the descent. How would you combine that change with the diver's initial depth of -18 meters to find their depth after the descent?
student: I think I add the change to the starting depth, so it would be \(-18 + (-42)\). I’m a little unsure with the two negative signs though.
teacher: You're starting at -18 meters and then adding a change of -42 meters. What does adding a negative number mean for the diver's depth?
student: It means the diver goes even deeper, so the depth becomes more negative. I think I need to combine \(-18\) and \(-42\), but I’m not sure of the final number yet.
teacher: You're right, the depth becomes more negative. What is the result when you combine -18 and -42?
student: \(-18 + (-42) = -60\), so the diver is at \(-60\) meters after the descent.",focus,0.20083551108837128,0.11975336819887161,0.3714592158794403,0.3079518675804138,focus,0.07936955988407135,0.1131548061966896,0.3242815434932709,0.4831940233707428,telling,-0.12146595120429993,-0.006598562002182007,-0.047177672386169434,0.17524215579032898,True,True,False,correct,0.018871587353022856,0.8968774044034007
psn_b94f4a505b4ee07be23867fc,bf4054b0-35ba-46ac-8cef-3d83a59f61c0:1,bf4054b0-35ba-46ac-8cef-3d83a59f61c0:1:action:7,7,Multiplication and Division Integers,"A diver is at −18 meters below sea level. They descend at −7 meters per minute for 6 minutes, then rise 36 meters at a rate of +9 meters per minute.

What is the diver’s depth after the descent?
How many minutes does the rise take?
What is the diver’s final depth after the rise?","[{""text"":""How would you start solving this problem?"",""user"":""teacher""},{""text"":""I’d probably start with the descent part first. Since it says \\(-7\\) meters per minute for 6 minutes, I think I need to multiply those somehow, but I’m not fully sure what to do with the starting \\(-18\\)."",""user"":""student""},{""text"":""You're on the right track with multiplying -7 and 6. What would that product represent in terms of the diver's movement?"",""user"":""teacher""},{""text"":""I think it represents how far the diver moved downward during those 6 minutes."",""user"":""student""},{""text"":""You've correctly identified that the product of -7 and 6 represents the total change in depth during the descent. How would you combine that change with the diver's initial depth of -18 meters to find their depth after the descent?"",""user"":""teacher""},{""text"":""I think I add the change to the starting depth, so it would be \\(-18 + (-42)\\). I’m a little unsure with the two negative signs though."",""user"":""student""},{""text"":""You're starting at -18 meters and then adding a change of -42 meters. What does adding a negative number mean for the diver's depth?"",""user"":""teacher""},{""text"":""It means the diver goes even deeper, so the depth becomes more negative. I think I need to combine \\(-18\\) and \\(-42\\), but I’m not sure of the final number yet."",""user"":""student""},{""text"":""You're right, the depth becomes more negative. What is the result when you combine -18 and -42?"",""user"":""teacher""},{""text"":""\\(-18 + (-42) = -60\\), so the diver is at \\(-60\\) meters after the descent."",""user"":""student""},{""text"":""Great job finding the depth after the descent! Now, let's move on to the next part of the problem. The diver rises 36 meters at a rate of +9 meters per minute. What is the next question you need to answer based on this information?"",""user"":""teacher""},{""text"":""I need to figure out how many minutes it takes to rise 36 meters at 9 meters per minute."",""user"":""student""}]","teacher: How would you start solving this problem?
student: I’d probably start with the descent part first. Since it says \(-7\) meters per minute for 6 minutes, I think I need to multiply those somehow, but I’m not fully sure what to do with the starting \(-18\).
teacher: You're on the right track with multiplying -7 and 6. What would that product represent in terms of the diver's movement?
student: I think it represents how far the diver moved downward during those 6 minutes.
teacher: You've correctly identified that the product of -7 and 6 represents the total change in depth during the descent. How would you combine that change with the diver's initial depth of -18 meters to find their depth after the descent?
student: I think I add the change to the starting depth, so it would be \(-18 + (-42)\). I’m a little unsure with the two negative signs though.
teacher: You're starting at -18 meters and then adding a change of -42 meters. What does adding a negative number mean for the diver's depth?
student: It means the diver goes even deeper, so the depth becomes more negative. I think I need to combine \(-18\) and \(-42\), but I’m not sure of the final number yet.
teacher: You're right, the depth becomes more negative. What is the result when you combine -18 and -42?
student: \(-18 + (-42) = -60\), so the diver is at \(-60\) meters after the descent.
teacher: Great job finding the depth after the descent! Now, let's move on to the next part of the problem. The diver rises 36 meters at a rate of +9 meters per minute. What is the next question you need to answer based on this information?
student: I need to figure out how many minutes it takes to rise 36 meters at 9 meters per minute.",focus,0.16222919523715973,0.07735554128885269,0.5647389888763428,0.1956762969493866,focus,0.0800543799996376,0.07294117659330368,0.6775636076927185,0.16944080591201782,focus,-0.08217481523752213,-0.004414364695549011,0.11282461881637573,-0.026235491037368774,False,False,False,correct,0.0154998074563506,0.9157489917564235
psn_b94f4a505b4ee07be23867fc,bf4054b0-35ba-46ac-8cef-3d83a59f61c0:1,bf4054b0-35ba-46ac-8cef-3d83a59f61c0:1:action:8,8,Multiplication and Division Integers,"A diver is at −18 meters below sea level. They descend at −7 meters per minute for 6 minutes, then rise 36 meters at a rate of +9 meters per minute.

What is the diver’s depth after the descent?
How many minutes does the rise take?
What is the diver’s final depth after the rise?","[{""text"":""How would you start solving this problem?"",""user"":""teacher""},{""text"":""I’d probably start with the descent part first. Since it says \\(-7\\) meters per minute for 6 minutes, I think I need to multiply those somehow, but I’m not fully sure what to do with the starting \\(-18\\)."",""user"":""student""},{""text"":""You're on the right track with multiplying -7 and 6. What would that product represent in terms of the diver's movement?"",""user"":""teacher""},{""text"":""I think it represents how far the diver moved downward during those 6 minutes."",""user"":""student""},{""text"":""You've correctly identified that the product of -7 and 6 represents the total change in depth during the descent. How would you combine that change with the diver's initial depth of -18 meters to find their depth after the descent?"",""user"":""teacher""},{""text"":""I think I add the change to the starting depth, so it would be \\(-18 + (-42)\\). I’m a little unsure with the two negative signs though."",""user"":""student""},{""text"":""You're starting at -18 meters and then adding a change of -42 meters. What does adding a negative number mean for the diver's depth?"",""user"":""teacher""},{""text"":""It means the diver goes even deeper, so the depth becomes more negative. I think I need to combine \\(-18\\) and \\(-42\\), but I’m not sure of the final number yet."",""user"":""student""},{""text"":""You're right, the depth becomes more negative. What is the result when you combine -18 and -42?"",""user"":""teacher""},{""text"":""\\(-18 + (-42) = -60\\), so the diver is at \\(-60\\) meters after the descent."",""user"":""student""},{""text"":""Great job finding the depth after the descent! Now, let's move on to the next part of the problem. The diver rises 36 meters at a rate of +9 meters per minute. What is the next question you need to answer based on this information?"",""user"":""teacher""},{""text"":""I need to figure out how many minutes it takes to rise 36 meters at 9 meters per minute."",""user"":""student""},{""text"":""You're right, you need to find the time. What operation would you use with 36 meters and +9 meters per minute to calculate how many minutes the rise takes?"",""user"":""teacher""},{""text"":""I think I should divide \\(36\\) by \\(9\\) to find the number of minutes."",""user"":""student""}]","teacher: How would you start solving this problem?
student: I’d probably start with the descent part first. Since it says \(-7\) meters per minute for 6 minutes, I think I need to multiply those somehow, but I’m not fully sure what to do with the starting \(-18\).
teacher: You're on the right track with multiplying -7 and 6. What would that product represent in terms of the diver's movement?
student: I think it represents how far the diver moved downward during those 6 minutes.
teacher: You've correctly identified that the product of -7 and 6 represents the total change in depth during the descent. How would you combine that change with the diver's initial depth of -18 meters to find their depth after the descent?
student: I think I add the change to the starting depth, so it would be \(-18 + (-42)\). I’m a little unsure with the two negative signs though.
teacher: You're starting at -18 meters and then adding a change of -42 meters. What does adding a negative number mean for the diver's depth?
student: It means the diver goes even deeper, so the depth becomes more negative. I think I need to combine \(-18\) and \(-42\), but I’m not sure of the final number yet.
teacher: You're right, the depth becomes more negative. What is the result when you combine -18 and -42?
student: \(-18 + (-42) = -60\), so the diver is at \(-60\) meters after the descent.
teacher: Great job finding the depth after the descent! Now, let's move on to the next part of the problem. The diver rises 36 meters at a rate of +9 meters per minute. What is the next question you need to answer based on this information?
student: I need to figure out how many minutes it takes to rise 36 meters at 9 meters per minute.
teacher: You're right, you need to find the time. What operation would you use with 36 meters and +9 meters per minute to calculate how many minutes the rise takes?
student: I think I should divide \(36\) by \(9\) to find the number of minutes.",focus,0.16732855141162872,0.06005408987402916,0.6794049739837646,0.09321234375238419,focus,0.07426238059997559,0.05538283661007881,0.7930789589881897,0.0772758349776268,focus,-0.09306617081165314,-0.004671253263950348,0.11367398500442505,-0.015936508774757385,False,False,False,correct,0.012941259402848737,0.9312487992127741
psn_b94f4a505b4ee07be23867fc,bf4054b0-35ba-46ac-8cef-3d83a59f61c0:1,bf4054b0-35ba-46ac-8cef-3d83a59f61c0:1:action:9,9,Multiplication and Division Integers,"A diver is at −18 meters below sea level. They descend at −7 meters per minute for 6 minutes, then rise 36 meters at a rate of +9 meters per minute.

What is the diver’s depth after the descent?
How many minutes does the rise take?
What is the diver’s final depth after the rise?","[{""text"":""How would you start solving this problem?"",""user"":""teacher""},{""text"":""I’d probably start with the descent part first. Since it says \\(-7\\) meters per minute for 6 minutes, I think I need to multiply those somehow, but I’m not fully sure what to do with the starting \\(-18\\)."",""user"":""student""},{""text"":""You're on the right track with multiplying -7 and 6. What would that product represent in terms of the diver's movement?"",""user"":""teacher""},{""text"":""I think it represents how far the diver moved downward during those 6 minutes."",""user"":""student""},{""text"":""You've correctly identified that the product of -7 and 6 represents the total change in depth during the descent. How would you combine that change with the diver's initial depth of -18 meters to find their depth after the descent?"",""user"":""teacher""},{""text"":""I think I add the change to the starting depth, so it would be \\(-18 + (-42)\\). I’m a little unsure with the two negative signs though."",""user"":""student""},{""text"":""You're starting at -18 meters and then adding a change of -42 meters. What does adding a negative number mean for the diver's depth?"",""user"":""teacher""},{""text"":""It means the diver goes even deeper, so the depth becomes more negative. I think I need to combine \\(-18\\) and \\(-42\\), but I’m not sure of the final number yet."",""user"":""student""},{""text"":""You're right, the depth becomes more negative. What is the result when you combine -18 and -42?"",""user"":""teacher""},{""text"":""\\(-18 + (-42) = -60\\), so the diver is at \\(-60\\) meters after the descent."",""user"":""student""},{""text"":""Great job finding the depth after the descent! Now, let's move on to the next part of the problem. The diver rises 36 meters at a rate of +9 meters per minute. What is the next question you need to answer based on this information?"",""user"":""teacher""},{""text"":""I need to figure out how many minutes it takes to rise 36 meters at 9 meters per minute."",""user"":""student""},{""text"":""You're right, you need to find the time. What operation would you use with 36 meters and +9 meters per minute to calculate how many minutes the rise takes?"",""user"":""teacher""},{""text"":""I think I should divide \\(36\\) by \\(9\\) to find the number of minutes."",""user"":""student""},{""text"":""What result do you get when you divide 36 by 9?"",""user"":""teacher""},{""text"":""\\(36 \\div 9 = 4\\), so the rise takes **4 minutes**."",""user"":""student""}]","teacher: How would you start solving this problem?
student: I’d probably start with the descent part first. Since it says \(-7\) meters per minute for 6 minutes, I think I need to multiply those somehow, but I’m not fully sure what to do with the starting \(-18\).
teacher: You're on the right track with multiplying -7 and 6. What would that product represent in terms of the diver's movement?
student: I think it represents how far the diver moved downward during those 6 minutes.
teacher: You've correctly identified that the product of -7 and 6 represents the total change in depth during the descent. How would you combine that change with the diver's initial depth of -18 meters to find their depth after the descent?
student: I think I add the change to the starting depth, so it would be \(-18 + (-42)\). I’m a little unsure with the two negative signs though.
teacher: You're starting at -18 meters and then adding a change of -42 meters. What does adding a negative number mean for the diver's depth?
student: It means the diver goes even deeper, so the depth becomes more negative. I think I need to combine \(-18\) and \(-42\), but I’m not sure of the final number yet.
teacher: You're right, the depth becomes more negative. What is the result when you combine -18 and -42?
student: \(-18 + (-42) = -60\), so the diver is at \(-60\) meters after the descent.
teacher: Great job finding the depth after the descent! Now, let's move on to the next part of the problem. The diver rises 36 meters at a rate of +9 meters per minute. What is the next question you need to answer based on this information?
student: I need to figure out how many minutes it takes to rise 36 meters at 9 meters per minute.
teacher: You're right, you need to find the time. What operation would you use with 36 meters and +9 meters per minute to calculate how many minutes the rise takes?
student: I think I should divide \(36\) by \(9\) to find the number of minutes.
teacher: What result do you get when you divide 36 by 9?
student: \(36 \div 9 = 4\), so the rise takes **4 minutes**.",focus,0.11296918243169785,0.07909640669822693,0.738102376461029,0.06983206421136856,focus,0.038302574306726456,0.05700139328837395,0.8724715709686279,0.03222448378801346,focus,-0.07466660812497139,-0.02209501340985298,0.13436919450759888,-0.0376075804233551,False,False,False,correct,0.010504240864149028,0.9441900586156229
psn_b94f4a505b4ee07be23867fc,9bba79bb-b00a-40ca-a121-24da1db2e319:1,9bba79bb-b00a-40ca-a121-24da1db2e319:1:action:1,1,Interior Angles Triangle,"In a triangle, one angle is 20° more than the smallest angle, and the third angle is twice the smallest angle.

Find the measure of all three angles.",[],[No previous conversation],generic,0.9086674451828003,0.05334139242768288,0.027171360328793526,0.010819782502949238,generic,0.8954734206199646,0.07626249641180038,0.02157309278845787,0.006690992973744869,generic,-0.013194024562835693,0.022921103984117508,-0.005598267540335655,-0.004128789529204369,False,False,False,correct,0.06572723311364259,0.8135524878930875
psn_b94f4a505b4ee07be23867fc,9bba79bb-b00a-40ca-a121-24da1db2e319:1,9bba79bb-b00a-40ca-a121-24da1db2e319:1:action:2,2,Interior Angles Triangle,"In a triangle, one angle is 20° more than the smallest angle, and the third angle is twice the smallest angle.

Find the measure of all three angles.","[{""text"":""How would you start solving this problem?"",""user"":""teacher""},{""text"":""I think I should let the smallest angle be \\(x\\), but I’m not sure what to do after that."",""user"":""student""}]","teacher: How would you start solving this problem?
student: I think I should let the smallest angle be \(x\), but I’m not sure what to do after that.",probing,0.00032437476329505444,0.9983870983123779,0.0008660584571771324,0.0004225471639074385,probing,7.429722609231248e-05,0.9986864924430847,0.0008943454595282674,0.00034486057120375335,probing,-0.00025007753720274195,0.0002993941307067871,2.8287002351135015e-05,-7.768659270368516e-05,False,False,False,correct,0.04841810116145173,0.8792797210067301
psn_b94f4a505b4ee07be23867fc,9bba79bb-b00a-40ca-a121-24da1db2e319:1,9bba79bb-b00a-40ca-a121-24da1db2e319:1:action:3,3,Interior Angles Triangle,"In a triangle, one angle is 20° more than the smallest angle, and the third angle is twice the smallest angle.

Find the measure of all three angles.","[{""text"":""How would you start solving this problem?"",""user"":""teacher""},{""text"":""I think I should let the smallest angle be \\(x\\), but I’m not sure what to do after that."",""user"":""student""},{""text"":""That's a great start! If the smallest angle is \\(x\\), how would you express the other two angles using \\(x\\) and the information given in the problem?"",""user"":""teacher""},{""text"":""Maybe the second angle is \\(x+20\\), and the third angle is \\(2x\\)."",""user"":""student""}]","teacher: How would you start solving this problem?
student: I think I should let the smallest angle be \(x\), but I’m not sure what to do after that.
teacher: That's a great start! If the smallest angle is \(x\), how would you express the other two angles using \(x\) and the information given in the problem?
student: Maybe the second angle is \(x+20\), and the third angle is \(2x\).",focus,0.10191197693347931,0.3779005706310272,0.514503002166748,0.005684374365955591,focus,0.05217462778091431,0.5080220103263855,0.43547430634498596,0.004329105373471975,probing,-0.049737349152565,0.13012143969535828,-0.07902869582176208,-0.0013552689924836159,True,False,False,correct,0.026530053163642098,0.9276978221681819
psn_b94f4a505b4ee07be23867fc,9bba79bb-b00a-40ca-a121-24da1db2e319:1,9bba79bb-b00a-40ca-a121-24da1db2e319:1:action:4,4,Interior Angles Triangle,"In a triangle, one angle is 20° more than the smallest angle, and the third angle is twice the smallest angle.

Find the measure of all three angles.","[{""text"":""How would you start solving this problem?"",""user"":""teacher""},{""text"":""I think I should let the smallest angle be \\(x\\), but I’m not sure what to do after that."",""user"":""student""},{""text"":""That's a great start! If the smallest angle is \\(x\\), how would you express the other two angles using \\(x\\) and the information given in the problem?"",""user"":""teacher""},{""text"":""Maybe the second angle is \\(x+20\\), and the third angle is \\(2x\\)."",""user"":""student""},{""text"":""That's exactly right! You have expressions for all three angles. Now, what do you know about the sum of the angles inside any triangle?"",""user"":""teacher""},{""text"":""I think the angles in a triangle add up to \\(180^\\circ\\)."",""user"":""student""}]","teacher: How would you start solving this problem?
student: I think I should let the smallest angle be \(x\), but I’m not sure what to do after that.
teacher: That's a great start! If the smallest angle is \(x\), how would you express the other two angles using \(x\) and the information given in the problem?
student: Maybe the second angle is \(x+20\), and the third angle is \(2x\).
teacher: That's exactly right! You have expressions for all three angles. Now, what do you know about the sum of the angles inside any triangle?
student: I think the angles in a triangle add up to \(180^\circ\).",generic,0.6610990166664124,0.11608350276947021,0.21436859667301178,0.008448869921267033,generic,0.5171080231666565,0.2223101556301117,0.2539159655570984,0.006665852386504412,generic,-0.14399099349975586,0.10622665286064148,0.03954736888408661,-0.001783017534762621,False,False,False,incorrect,-0.04945243061107418,0.954227875331824
psn_b94f4a505b4ee07be23867fc,9bba79bb-b00a-40ca-a121-24da1db2e319:1,9bba79bb-b00a-40ca-a121-24da1db2e319:1:action:5,5,Interior Angles Triangle,"In a triangle, one angle is 20° more than the smallest angle, and the third angle is twice the smallest angle.

Find the measure of all three angles.","[{""text"":""How would you start solving this problem?"",""user"":""teacher""},{""text"":""I think I should let the smallest angle be \\(x\\), but I’m not sure what to do after that."",""user"":""student""},{""text"":""That's a great start! If the smallest angle is \\(x\\), how would you express the other two angles using \\(x\\) and the information given in the problem?"",""user"":""teacher""},{""text"":""Maybe the second angle is \\(x+20\\), and the third angle is \\(2x\\)."",""user"":""student""},{""text"":""That's exactly right! You have expressions for all three angles. Now, what do you know about the sum of the angles inside any triangle?"",""user"":""teacher""},{""text"":""I think the angles in a triangle add up to \\(180^\\circ\\)."",""user"":""student""},{""text"":""That's right! So, how can you use that information, along with your expressions for the three angles, to set up an equation?"",""user"":""teacher""},{""text"":""Maybe it would be \\(x+(x+20)+2x=360\\) because there are three angles, but I’m not sure if I’m mixing it up with something else."",""user"":""student""}]","teacher: How would you start solving this problem?
student: I think I should let the smallest angle be \(x\), but I’m not sure what to do after that.
teacher: That's a great start! If the smallest angle is \(x\), how would you express the other two angles using \(x\) and the information given in the problem?
student: Maybe the second angle is \(x+20\), and the third angle is \(2x\).
teacher: That's exactly right! You have expressions for all three angles. Now, what do you know about the sum of the angles inside any triangle?
student: I think the angles in a triangle add up to \(180^\circ\).
teacher: That's right! So, how can you use that information, along with your expressions for the three angles, to set up an equation?
student: Maybe it would be \(x+(x+20)+2x=360\) because there are three angles, but I’m not sure if I’m mixing it up with something else.",generic,0.42381173372268677,0.12495334446430206,0.421835720539093,0.02939925529062748,generic,0.2400982528924942,0.15951348841190338,0.5893281698226929,0.011060060933232307,focus,-0.18371348083019257,0.03456014394760132,0.16749244928359985,-0.018339194357395172,True,False,False,correct,0.03756898682546994,0.9047754447207498
psn_b94f4a505b4ee07be23867fc,eef1d04e-fe55-4457-9edf-f1c05786fd69:1,eef1d04e-fe55-4457-9edf-f1c05786fd69:1:action:1,1,Multiplication and Division Positive Decimals,"A shop sells juice bottles for $2.75 each. A customer buys 6 bottles and pays with $20. How much do the 6 bottles cost altogether? How much change should the customer receive? If the total cost were shared equally among 3 people, how much would each person pay?",[],[No previous conversation],generic,0.784541666507721,0.10945530235767365,0.0760936290025711,0.029909459874033928,generic,0.7605205178260803,0.1444934755563736,0.07244839519262314,0.022537581622600555,generic,-0.024021148681640625,0.03503817319869995,-0.0036452338099479675,-0.0073718782514333725,False,False,False,partial,0.017205843368118368,0.85
psn_b94f4a505b4ee07be23867fc,eef1d04e-fe55-4457-9edf-f1c05786fd69:1,eef1d04e-fe55-4457-9edf-f1c05786fd69:1:action:2,2,Multiplication and Division Positive Decimals,"A shop sells juice bottles for $2.75 each. A customer buys 6 bottles and pays with $20. How much do the 6 bottles cost altogether? How much change should the customer receive? If the total cost were shared equally among 3 people, how much would each person pay?","[{""text"":""This problem asks a few things. What's the first part you'd like to tackle?"",""user"":""teacher""},{""text"":""I’d start with finding the total cost for the 6 bottles, but I’m not completely sure if I should multiply or add."",""user"":""student""}]","teacher: This problem asks a few things. What's the first part you'd like to tackle?
student: I’d start with finding the total cost for the 6 bottles, but I’m not completely sure if I should multiply or add.",probing,0.0019030030816793442,0.9202567934989929,0.07614963501691818,0.0016905792290344834,probing,0.0008067206363193691,0.3627753257751465,0.6347801089286804,0.0016379313310608268,focus,-0.001096282445359975,-0.5574814677238464,0.5586304739117622,-5.2647897973656654e-05,True,False,False,correct,0.03861021700884815,0.8672058433681183
psn_b94f4a505b4ee07be23867fc,eef1d04e-fe55-4457-9edf-f1c05786fd69:1,eef1d04e-fe55-4457-9edf-f1c05786fd69:1:action:3,3,Multiplication and Division Positive Decimals,"A shop sells juice bottles for $2.75 each. A customer buys 6 bottles and pays with $20. How much do the 6 bottles cost altogether? How much change should the customer receive? If the total cost were shared equally among 3 people, how much would each person pay?","[{""text"":""This problem asks a few things. What's the first part you'd like to tackle?"",""user"":""teacher""},{""text"":""I’d start with finding the total cost for the 6 bottles, but I’m not completely sure if I should multiply or add."",""user"":""student""},{""text"":""You're thinking about multiplication or addition. What does each of those operations mean in the context of finding the total cost of several items?"",""user"":""teacher""},{""text"":""Addition would mean adding the price over and over, and multiplication is kind of a faster way to do that for all 6 bottles."",""user"":""student""}]","teacher: This problem asks a few things. What's the first part you'd like to tackle?
student: I’d start with finding the total cost for the 6 bottles, but I’m not completely sure if I should multiply or add.
teacher: You're thinking about multiplication or addition. What does each of those operations mean in the context of finding the total cost of several items?
student: Addition would mean adding the price over and over, and multiplication is kind of a faster way to do that for all 6 bottles.",probing,0.0016837856965139508,0.7063732743263245,0.2873462736606598,0.004596668761223555,probing,0.0004112072056159377,0.08660152554512024,0.9106224179267883,0.002364903688430786,focus,-0.0012725784908980131,-0.6197717487812042,0.6232761442661285,-0.0022317650727927685,True,False,False,incorrect,-0.1710836699786672,0.9058160603769665
psn_b94f4a505b4ee07be23867fc,eef1d04e-fe55-4457-9edf-f1c05786fd69:1,eef1d04e-fe55-4457-9edf-f1c05786fd69:1:action:4,4,Multiplication and Division Positive Decimals,"A shop sells juice bottles for $2.75 each. A customer buys 6 bottles and pays with $20. How much do the 6 bottles cost altogether? How much change should the customer receive? If the total cost were shared equally among 3 people, how much would each person pay?","[{""text"":""This problem asks a few things. What's the first part you'd like to tackle?"",""user"":""teacher""},{""text"":""I’d start with finding the total cost for the 6 bottles, but I’m not completely sure if I should multiply or add."",""user"":""student""},{""text"":""You're thinking about multiplication or addition. What does each of those operations mean in the context of finding the total cost of several items?"",""user"":""teacher""},{""text"":""Addition would mean adding the price over and over, and multiplication is kind of a faster way to do that for all 6 bottles."",""user"":""student""},{""text"":""That's a great way to put it. So, based on that, which operation do you think is best for finding the total cost of the 6 bottles?"",""user"":""teacher""},{""text"":""Maybe division? Like \\(2.75 \\div 6\\)? I’m getting mixed up about whether I’m finding the price for all 6 or the price for one bottle."",""user"":""student""}]","teacher: This problem asks a few things. What's the first part you'd like to tackle?
student: I’d start with finding the total cost for the 6 bottles, but I’m not completely sure if I should multiply or add.
teacher: You're thinking about multiplication or addition. What does each of those operations mean in the context of finding the total cost of several items?
student: Addition would mean adding the price over and over, and multiplication is kind of a faster way to do that for all 6 bottles.
teacher: That's a great way to put it. So, based on that, which operation do you think is best for finding the total cost of the 6 bottles?
student: Maybe division? Like \(2.75 \div 6\)? I’m getting mixed up about whether I’m finding the price for all 6 or the price for one bottle.",probing,0.1431531459093094,0.4281608462333679,0.4215649664402008,0.007121002767235041,probing,0.18383006751537323,0.5372132658958435,0.2733536958694458,0.0056029618717730045,probing,0.04067692160606384,0.10905241966247559,-0.148211270570755,-0.0015180408954620361,False,False,False,unknown,-0.09515838274512489,0.7347323903982993
psn_b94f4a505b4ee07be23867fc,eef1d04e-fe55-4457-9edf-f1c05786fd69:1,eef1d04e-fe55-4457-9edf-f1c05786fd69:1:action:5,5,Multiplication and Division Positive Decimals,"A shop sells juice bottles for $2.75 each. A customer buys 6 bottles and pays with $20. How much do the 6 bottles cost altogether? How much change should the customer receive? If the total cost were shared equally among 3 people, how much would each person pay?","[{""text"":""This problem asks a few things. What's the first part you'd like to tackle?"",""user"":""teacher""},{""text"":""I’d start with finding the total cost for the 6 bottles, but I’m not completely sure if I should multiply or add."",""user"":""student""},{""text"":""You're thinking about multiplication or addition. What does each of those operations mean in the context of finding the total cost of several items?"",""user"":""teacher""},{""text"":""Addition would mean adding the price over and over, and multiplication is kind of a faster way to do that for all 6 bottles."",""user"":""student""},{""text"":""That's a great way to put it. So, based on that, which operation do you think is best for finding the total cost of the 6 bottles?"",""user"":""teacher""},{""text"":""Maybe division? Like \\(2.75 \\div 6\\)? I’m getting mixed up about whether I’m finding the price for all 6 or the price for one bottle."",""user"":""student""},{""text"":""You're right to think about what each operation means. If you were to divide $2.75 by 6, what would that result tell you in the context of this problem?"",""user"":""teacher""},{""text"":""You're right to think about what each operation means. If you were to divide $2.75 by 6, what would that result tell you in the context of this problem?"",""user"":""student""}]","teacher: This problem asks a few things. What's the first part you'd like to tackle?
student: I’d start with finding the total cost for the 6 bottles, but I’m not completely sure if I should multiply or add.
teacher: You're thinking about multiplication or addition. What does each of those operations mean in the context of finding the total cost of several items?
student: Addition would mean adding the price over and over, and multiplication is kind of a faster way to do that for all 6 bottles.
teacher: That's a great way to put it. So, based on that, which operation do you think is best for finding the total cost of the 6 bottles?
student: Maybe division? Like \(2.75 \div 6\)? I’m getting mixed up about whether I’m finding the price for all 6 or the price for one bottle.
teacher: You're right to think about what each operation means. If you were to divide $2.75 by 6, what would that result tell you in the context of this problem?
student: You're right to think about what each operation means. If you were to divide $2.75 by 6, what would that result tell you in the context of this problem?",focus,0.06980051845312119,0.35710111260414124,0.5620867013931274,0.011011641472578049,focus,0.03142504394054413,0.4060276746749878,0.5557421445846558,0.006805069278925657,focus,-0.03837547451257706,0.04892656207084656,-0.00634455680847168,-0.0042065721936523914,False,False,False,correct,0.09392519136062616,0.6395740076531744
psn_b94f4a505b4ee07be23867fc,eef1d04e-fe55-4457-9edf-f1c05786fd69:1,eef1d04e-fe55-4457-9edf-f1c05786fd69:1:action:6,6,Multiplication and Division Positive Decimals,"A shop sells juice bottles for $2.75 each. A customer buys 6 bottles and pays with $20. How much do the 6 bottles cost altogether? How much change should the customer receive? If the total cost were shared equally among 3 people, how much would each person pay?","[{""text"":""This problem asks a few things. What's the first part you'd like to tackle?"",""user"":""teacher""},{""text"":""I’d start with finding the total cost for the 6 bottles, but I’m not completely sure if I should multiply or add."",""user"":""student""},{""text"":""You're thinking about multiplication or addition. What does each of those operations mean in the context of finding the total cost of several items?"",""user"":""teacher""},{""text"":""Addition would mean adding the price over and over, and multiplication is kind of a faster way to do that for all 6 bottles."",""user"":""student""},{""text"":""That's a great way to put it. So, based on that, which operation do you think is best for finding the total cost of the 6 bottles?"",""user"":""teacher""},{""text"":""Maybe division? Like \\(2.75 \\div 6\\)? I’m getting mixed up about whether I’m finding the price for all 6 or the price for one bottle."",""user"":""student""},{""text"":""You're right to think about what each operation means. If you were to divide $2.75 by 6, what would that result tell you in the context of this problem?"",""user"":""teacher""},{""text"":""You're right to think about what each operation means. If you were to divide $2.75 by 6, what would that result tell you in the context of this problem?"",""user"":""student""},{""text"":""You're trying to find the total cost of 6 bottles. What kind of situation usually calls for division?"",""user"":""teacher""},{""text"":""Division is usually for splitting something into equal groups. Here I need the total for 6 bottles, so I should multiply:"",""user"":""student""}]","teacher: This problem asks a few things. What's the first part you'd like to tackle?
student: I’d start with finding the total cost for the 6 bottles, but I’m not completely sure if I should multiply or add.
teacher: You're thinking about multiplication or addition. What does each of those operations mean in the context of finding the total cost of several items?
student: Addition would mean adding the price over and over, and multiplication is kind of a faster way to do that for all 6 bottles.
teacher: That's a great way to put it. So, based on that, which operation do you think is best for finding the total cost of the 6 bottles?
student: Maybe division? Like \(2.75 \div 6\)? I’m getting mixed up about whether I’m finding the price for all 6 or the price for one bottle.
teacher: You're right to think about what each operation means. If you were to divide $2.75 by 6, what would that result tell you in the context of this problem?
student: You're right to think about what each operation means. If you were to divide $2.75 by 6, what would that result tell you in the context of this problem?
teacher: You're trying to find the total cost of 6 bottles. What kind of situation usually calls for division?
student: Division is usually for splitting something into equal groups. Here I need the total for 6 bottles, so I should multiply:",focus,0.0690707191824913,0.3269835114479065,0.5884802341461182,0.015465556643903255,focus,0.031320665031671524,0.39025577902793884,0.569645345211029,0.008778209798038006,focus,-0.03775005415081978,0.06327226758003235,-0.01883488893508911,-0.00668734684586525,False,False,False,correct,0.08067437702145175,0.7334991990138006
