example_id,base_move,target_move,base_probability,target_probability,gap
mathdial_0016_turn_000,generic,probing,0.7865641713142395,0.12284080684185028,0.6637233644723892
mathdial_0016_turn_000,generic,focus,0.7865641713142395,0.06125341355800629,0.7253107577562332
mathdial_0016_turn_000,generic,telling,0.7865641713142395,0.02934151142835617,0.7572226598858833
mathdial_0016_turn_002,probing,generic,0.6260840892791748,0.020701298490166664,0.6053827907890081
mathdial_0016_turn_002,probing,focus,0.6260840892791748,0.2973040044307709,0.32878008484840393
mathdial_0016_turn_002,probing,telling,0.6260840892791748,0.055910639464855194,0.5701734498143196
mathdial_0016_turn_004,probing,generic,0.4745962917804718,0.024499380961060524,0.4500969108194113
mathdial_0016_turn_004,probing,focus,0.4745962917804718,0.42599785327911377,0.04859843850135803
mathdial_0016_turn_004,probing,telling,0.4745962917804718,0.07490640878677368,0.3996898829936981
mathdial_0016_turn_006,focus,generic,0.47777608036994934,0.04067486897110939,0.43710121139883995
mathdial_0016_turn_006,focus,probing,0.47777608036994934,0.38149407505989075,0.0962820053100586
mathdial_0016_turn_006,focus,telling,0.47777608036994934,0.10005496442317963,0.3777211159467697
mathdial_0016_turn_008,focus,generic,0.45462024211883545,0.05163881555199623,0.4029814265668392
mathdial_0016_turn_008,focus,probing,0.45462024211883545,0.3308650851249695,0.12375515699386597
mathdial_0016_turn_008,focus,telling,0.45462024211883545,0.16287586092948914,0.2917443811893463
mathdial_0016_turn_010,focus,generic,0.42606011033058167,0.058164600282907486,0.3678955100476742
mathdial_0016_turn_010,focus,probing,0.42606011033058167,0.2635692358016968,0.1624908745288849
mathdial_0016_turn_010,focus,telling,0.42606011033058167,0.252206027507782,0.17385408282279968
mathdial_0016_turn_012,focus,generic,0.37255457043647766,0.07501929253339767,0.29753527790308
mathdial_0016_turn_012,focus,probing,0.37255457043647766,0.19823826849460602,0.17431630194187164
mathdial_0016_turn_012,focus,telling,0.37255457043647766,0.35418784618377686,0.018366724252700806
mathdial_0016_turn_014,telling,generic,0.40763548016548157,0.1963343471288681,0.21130113303661346
mathdial_0016_turn_014,telling,probing,0.40763548016548157,0.12551429867744446,0.2821211814880371
mathdial_0016_turn_014,telling,focus,0.40763548016548157,0.27051588892936707,0.1371195912361145
mathdial_0016_turn_016,telling,generic,0.44763705134391785,0.17840367555618286,0.269233375787735
mathdial_0016_turn_016,telling,probing,0.44763705134391785,0.11434721201658249,0.33328983932733536
mathdial_0016_turn_016,telling,focus,0.44763705134391785,0.2596120834350586,0.18802496790885925
mathdial_0021_turn_000,generic,probing,0.7851025462150574,0.126471146941185,0.6586313992738724
mathdial_0021_turn_000,generic,focus,0.7851025462150574,0.06020214036107063,0.7249004058539867
mathdial_0021_turn_000,generic,telling,0.7851025462150574,0.02822413668036461,0.7568784095346928
mathdial_0021_turn_002,focus,generic,0.6632028222084045,0.04489016905426979,0.6183126531541348
mathdial_0021_turn_002,focus,probing,0.6632028222084045,0.23629054427146912,0.4269122779369354
mathdial_0021_turn_002,focus,telling,0.6632028222084045,0.055616457015275955,0.6075863651931286
mathdial_0021_turn_004,focus,generic,0.6297725439071655,0.053219497203826904,0.5765530467033386
mathdial_0021_turn_004,focus,probing,0.6297725439071655,0.20198068022727966,0.42779186367988586
mathdial_0021_turn_004,focus,telling,0.6297725439071655,0.11502727121114731,0.5147452726960182
mathdial_0021_turn_006,focus,generic,0.6166968941688538,0.056850556284189224,0.5598463378846645
mathdial_0021_turn_006,focus,probing,0.6166968941688538,0.1902434080839157,0.42645348608493805
mathdial_0021_turn_006,focus,telling,0.6166968941688538,0.13620923459529877,0.480487659573555
mathdial_0021_turn_008,focus,generic,0.5250723361968994,0.09558088332414627,0.42949145287275314
mathdial_0021_turn_008,focus,probing,0.5250723361968994,0.13885679841041565,0.38621553778648376
mathdial_0021_turn_008,focus,telling,0.5250723361968994,0.24049001932144165,0.28458231687545776
mathdial_0024_turn_000,generic,probing,0.7920986413955688,0.11767593771219254,0.6744227036833763
mathdial_0024_turn_000,generic,focus,0.7920986413955688,0.06207749992609024,0.7300211414694786
mathdial_0024_turn_000,generic,telling,0.7920986413955688,0.02814793586730957,0.7639507055282593
mathdial_0024_turn_002,probing,generic,0.5817237496376038,0.022764481604099274,0.5589592680335045
mathdial_0024_turn_002,probing,focus,0.5817237496376038,0.3309266269207001,0.2507971227169037
mathdial_0024_turn_002,probing,telling,0.5817237496376038,0.06458507478237152,0.5171386748552322
mathdial_0024_turn_004,probing,generic,0.4989781379699707,0.029160134494304657,0.46981800347566605
mathdial_0024_turn_004,probing,focus,0.4989781379699707,0.3340892493724823,0.1648888885974884
mathdial_0024_turn_004,probing,telling,0.4989781379699707,0.13777244091033936,0.36120569705963135
mathdial_0024_turn_006,probing,generic,0.4133034944534302,0.08823655545711517,0.325066938996315
mathdial_0024_turn_006,probing,focus,0.4133034944534302,0.2607409656047821,0.15256252884864807
mathdial_0024_turn_006,probing,telling,0.4133034944534302,0.23771895468235016,0.17558453977108002
mathdial_0024_turn_008,probing,generic,0.37345221638679504,0.1292325258255005,0.24421969056129456
mathdial_0024_turn_008,probing,focus,0.37345221638679504,0.263541579246521,0.10991063714027405
mathdial_0024_turn_008,probing,telling,0.37345221638679504,0.23377357423305511,0.13967864215373993
mathdial_0024_turn_010,probing,generic,0.3438258171081543,0.1327599436044693,0.211065873503685
mathdial_0024_turn_010,probing,focus,0.3438258171081543,0.2617478370666504,0.0820779800415039
mathdial_0024_turn_010,probing,telling,0.3438258171081543,0.2616663873195648,0.08215942978858948
mathdial_0028_turn_000,generic,probing,0.796380877494812,0.11417201161384583,0.6822088658809662
mathdial_0028_turn_000,generic,focus,0.796380877494812,0.06172845512628555,0.7346524223685265
mathdial_0028_turn_000,generic,telling,0.796380877494812,0.027718648314476013,0.768662229180336
mathdial_0028_turn_002,probing,generic,0.6885207295417786,0.026362212374806404,0.6621585171669722
mathdial_0028_turn_002,probing,focus,0.6885207295417786,0.17685861885547638,0.5116621106863022
mathdial_0028_turn_002,probing,telling,0.6885207295417786,0.1082584336400032,0.5802622959017754
mathdial_0028_turn_003,probing,generic,0.6380053162574768,0.09375011920928955,0.5442551970481873
mathdial_0028_turn_003,probing,focus,0.6380053162574768,0.1593940258026123,0.4786112904548645
mathdial_0028_turn_003,probing,telling,0.6380053162574768,0.10885056853294373,0.5291547477245331
mathdial_0031_turn_000,generic,probing,0.7763735055923462,0.13250820338726044,0.6438653022050858
mathdial_0031_turn_000,generic,focus,0.7763735055923462,0.061726365238428116,0.7146471403539181
mathdial_0031_turn_000,generic,telling,0.7763735055923462,0.02939189411699772,0.7469816114753485
mathdial_0031_turn_002,probing,generic,0.6632538437843323,0.0314427949488163,0.631811048835516
mathdial_0031_turn_002,probing,focus,0.6632538437843323,0.15333543717861176,0.5099184066057205
mathdial_0031_turn_002,probing,telling,0.6632538437843323,0.1519678682088852,0.5112859755754471
mathdial_0031_turn_004,probing,generic,0.5902925729751587,0.055547941476106644,0.534744631499052
mathdial_0031_turn_004,probing,focus,0.5902925729751587,0.16810020804405212,0.42219236493110657
mathdial_0031_turn_004,probing,telling,0.5902925729751587,0.18605917692184448,0.4042333960533142
mathdial_0031_turn_006,probing,generic,0.5290417075157166,0.08659801632165909,0.44244369119405746
mathdial_0031_turn_006,probing,focus,0.5290417075157166,0.21065951883792877,0.3183821886777878
mathdial_0031_turn_006,probing,telling,0.5290417075157166,0.17370077967643738,0.3553409278392792
mathdial_0031_turn_008,probing,generic,0.44682782888412476,0.11424343287944794,0.3325843960046768
mathdial_0031_turn_008,probing,focus,0.44682782888412476,0.23343037068843842,0.21339745819568634
mathdial_0031_turn_008,probing,telling,0.44682782888412476,0.20549841225147247,0.24132941663265228
mathdial_0033_turn_000,generic,probing,0.7926018834114075,0.11721879988908768,0.6753830835223198
mathdial_0033_turn_000,generic,focus,0.7926018834114075,0.0625302866101265,0.730071596801281
mathdial_0033_turn_000,generic,telling,0.7926018834114075,0.027648966759443283,0.7649529166519642
mathdial_0033_turn_002,focus,generic,0.4568469524383545,0.020701633766293526,0.43614531867206097
mathdial_0033_turn_002,focus,probing,0.4568469524383545,0.4485529363155365,0.008294016122817993
mathdial_0033_turn_002,focus,telling,0.4568469524383545,0.07389849424362183,0.38294845819473267
mathdial_0033_turn_004,probing,generic,0.608910083770752,0.026707641780376434,0.5822024419903755
mathdial_0033_turn_004,probing,focus,0.608910083770752,0.21398867666721344,0.3949214071035385
mathdial_0033_turn_004,probing,telling,0.608910083770752,0.15039357542991638,0.45851650834083557
mathdial_0033_turn_006,probing,generic,0.49932795763015747,0.03296203911304474,0.46636591851711273
mathdial_0033_turn_006,probing,focus,0.49932795763015747,0.26983997225761414,0.22948798537254333
mathdial_0033_turn_006,probing,telling,0.49932795763015747,0.19786995649337769,0.3014580011367798
mathdial_0033_turn_008,telling,generic,0.44944584369659424,0.08136387169361115,0.3680819720029831
mathdial_0033_turn_008,telling,probing,0.44944584369659424,0.24614055454730988,0.20330528914928436
mathdial_0033_turn_008,telling,focus,0.44944584369659424,0.22304978966712952,0.22639605402946472
mathdial_0034_turn_000,generic,probing,0.7859469056129456,0.122635617852211,0.6633112877607346
mathdial_0034_turn_000,generic,focus,0.7859469056129456,0.06316389888525009,0.7227830067276955
mathdial_0034_turn_000,generic,telling,0.7859469056129456,0.028253547847270966,0.7576933577656746
mathdial_0034_turn_002,probing,generic,0.49603748321533203,0.021506626158952713,0.4745308570563793
mathdial_0034_turn_002,probing,focus,0.49603748321533203,0.4345211684703827,0.06151631474494934
mathdial_0034_turn_002,probing,telling,0.49603748321533203,0.04793465510010719,0.44810282811522484
mathdial_0034_turn_004,probing,generic,0.5322403311729431,0.021853523328900337,0.5103868078440428
mathdial_0034_turn_004,probing,focus,0.5322403311729431,0.33545079827308655,0.19678953289985657
mathdial_0034_turn_004,probing,telling,0.5322403311729431,0.11045537143945694,0.4217849597334862
mathdial_0034_turn_006,probing,generic,0.4860294759273529,0.023366425186395645,0.46266305074095726
mathdial_0034_turn_006,probing,focus,0.4860294759273529,0.34256476163864136,0.14346471428871155
mathdial_0034_turn_006,probing,telling,0.4860294759273529,0.1480393260717392,0.3379901498556137
mathdial_0034_turn_008,probing,generic,0.3742493689060211,0.03196752816438675,0.34228184074163437
mathdial_0034_turn_008,probing,focus,0.3742493689060211,0.3506143093109131,0.023635059595108032
mathdial_0034_turn_008,probing,telling,0.3742493689060211,0.24316877126693726,0.13108059763908386
mathdial_0034_turn_010,telling,generic,0.3918175995349884,0.05803712084889412,0.3337804786860943
mathdial_0034_turn_010,telling,probing,0.3918175995349884,0.24853146076202393,0.14328613877296448
mathdial_0034_turn_010,telling,focus,0.3918175995349884,0.30161377787590027,0.09020382165908813
mathdial_0043_turn_000,generic,probing,0.7868207097053528,0.12263911217451096,0.6641815975308418
mathdial_0043_turn_000,generic,focus,0.7868207097053528,0.0629105195403099,0.7239101901650429
mathdial_0043_turn_000,generic,telling,0.7868207097053528,0.02762972004711628,0.7591909896582365
mathdial_0043_turn_002,focus,generic,0.6679487824440002,0.02921414189040661,0.6387346405535936
mathdial_0043_turn_002,focus,probing,0.6679487824440002,0.2500346302986145,0.41791415214538574
mathdial_0043_turn_002,focus,telling,0.6679487824440002,0.05280245840549469,0.6151463240385056
mathdial_0043_turn_004,focus,generic,0.6634911894798279,0.023670177906751633,0.6398210115730762
mathdial_0043_turn_004,focus,probing,0.6634911894798279,0.2529643476009369,0.410526841878891
mathdial_0043_turn_004,focus,telling,0.6634911894798279,0.05987432971596718,0.6036168597638607
mathdial_0043_turn_006,focus,generic,0.5291056632995605,0.06741077452898026,0.4616948887705803
mathdial_0043_turn_006,focus,probing,0.5291056632995605,0.19758570194244385,0.3315199613571167
mathdial_0043_turn_006,focus,telling,0.5291056632995605,0.20589782297611237,0.3232078403234482
mathdial_0043_turn_008,focus,generic,0.36105990409851074,0.19242466986179352,0.16863523423671722
mathdial_0043_turn_008,focus,probing,0.36105990409851074,0.1788867861032486,0.18217311799526215
mathdial_0043_turn_008,focus,telling,0.36105990409851074,0.2676287293434143,0.09343117475509644
mathdial_0043_turn_010,focus,generic,0.3580661714076996,0.18523868918418884,0.17282748222351074
mathdial_0043_turn_010,focus,probing,0.3580661714076996,0.16882888972759247,0.18923728168010712
mathdial_0043_turn_010,focus,telling,0.3580661714076996,0.2878662943840027,0.0701998770236969
mathdial_0043_turn_012,telling,generic,0.3469192385673523,0.19869954884052277,0.14821968972682953
mathdial_0043_turn_012,telling,probing,0.3469192385673523,0.15107671916484833,0.19584251940250397
mathdial_0043_turn_012,telling,focus,0.3469192385673523,0.30330443382263184,0.04361480474472046
mathdial_0043_turn_014,telling,generic,0.34103116393089294,0.2347007393836975,0.10633042454719543
mathdial_0043_turn_014,telling,probing,0.34103116393089294,0.15290062129497528,0.18813054263591766
mathdial_0043_turn_014,telling,focus,0.34103116393089294,0.27136746048927307,0.06966370344161987
mathdial_0043_turn_016,telling,generic,0.3899034857749939,0.20024487376213074,0.18965861201286316
mathdial_0043_turn_016,telling,probing,0.3899034857749939,0.16781079769134521,0.22209268808364868
mathdial_0043_turn_016,telling,focus,0.3899034857749939,0.24204081296920776,0.14786267280578613
mathdial_0043_turn_018,telling,generic,0.35401153564453125,0.18891280889511108,0.16509872674942017
mathdial_0043_turn_018,telling,probing,0.35401153564453125,0.1780596375465393,0.17595189809799194
mathdial_0043_turn_018,telling,focus,0.35401153564453125,0.27901598811149597,0.07499554753303528
mathdial_0043_turn_020,telling,generic,0.3598519563674927,0.2568134069442749,0.10303854942321777
mathdial_0043_turn_020,telling,probing,0.3598519563674927,0.1398766040802002,0.21997535228729248
mathdial_0043_turn_020,telling,focus,0.3598519563674927,0.24345801770687103,0.11639393866062164
mathdial_0046_turn_000,generic,probing,0.7893272042274475,0.1219634935259819,0.6673637107014656
mathdial_0046_turn_000,generic,focus,0.7893272042274475,0.061028845608234406,0.7282983586192131
mathdial_0046_turn_000,generic,telling,0.7893272042274475,0.02768045663833618,0.7616467475891113
mathdial_0046_turn_002,probing,generic,0.5591890811920166,0.018517471849918365,0.5406716093420982
mathdial_0046_turn_002,probing,focus,0.5591890811920166,0.3526760935783386,0.20651298761367798
mathdial_0046_turn_002,probing,telling,0.5591890811920166,0.06961729377508163,0.48957178741693497
mathdial_0046_turn_004,probing,generic,0.507363498210907,0.01923825591802597,0.488125242292881
mathdial_0046_turn_004,probing,focus,0.507363498210907,0.3837602436542511,0.12360325455665588
mathdial_0046_turn_004,probing,telling,0.507363498210907,0.08963801711797714,0.41772548109292984
mathdial_0046_turn_006,probing,generic,0.45696040987968445,0.020180482417345047,0.4367799274623394
mathdial_0046_turn_006,probing,focus,0.45696040987968445,0.40914186835289,0.047818541526794434
mathdial_0046_turn_006,probing,telling,0.45696040987968445,0.11371725052595139,0.34324315935373306
mathdial_0046_turn_008,focus,generic,0.44169408082962036,0.023050347343087196,0.41864373348653316
mathdial_0046_turn_008,focus,probing,0.44169408082962036,0.39986100792884827,0.041833072900772095
mathdial_0046_turn_008,focus,telling,0.44169408082962036,0.1353946179151535,0.30629946291446686
mathdial_0046_turn_010,focus,generic,0.3427751660346985,0.08456281572580338,0.2582123503088951
mathdial_0046_turn_010,focus,probing,0.3427751660346985,0.23958750069141388,0.1031876653432846
mathdial_0046_turn_010,focus,telling,0.3427751660346985,0.33307451009750366,0.009700655937194824
mathdial_0046_turn_012,focus,generic,0.3506050705909729,0.08250153064727783,0.26810353994369507
mathdial_0046_turn_012,focus,probing,0.3506050705909729,0.21776624023914337,0.13283883035182953
mathdial_0046_turn_012,focus,telling,0.3506050705909729,0.3491271436214447,0.0014779269695281982
mathdial_0052_turn_000,generic,probing,0.7962126731872559,0.11438261717557907,0.6818300560116768
mathdial_0052_turn_000,generic,focus,0.7962126731872559,0.06211540475487709,0.7340972684323788
mathdial_0052_turn_000,generic,telling,0.7962126731872559,0.027289249002933502,0.7689234241843224
mathdial_0052_turn_002,focus,generic,0.40336745977401733,0.09456833451986313,0.3087991252541542
mathdial_0052_turn_002,focus,probing,0.40336745977401733,0.36973467469215393,0.0336327850818634
mathdial_0052_turn_002,focus,telling,0.40336745977401733,0.13232943415641785,0.2710380256175995
mathdial_0052_turn_004,focus,generic,0.3473826050758362,0.13757504522800446,0.20980755984783173
mathdial_0052_turn_004,focus,probing,0.3473826050758362,0.24688172340393066,0.10050088167190552
mathdial_0052_turn_004,focus,telling,0.3473826050758362,0.26816055178642273,0.07922205328941345
mathdial_0052_turn_006,telling,generic,0.3223748803138733,0.20071817934513092,0.12165670096874237
mathdial_0052_turn_006,telling,probing,0.3223748803138733,0.18163850903511047,0.14073637127876282
mathdial_0052_turn_006,telling,focus,0.3223748803138733,0.29526838660240173,0.027106493711471558
mathdial_0052_turn_008,focus,generic,0.33794039487838745,0.18860109150409698,0.14933930337429047
mathdial_0052_turn_008,focus,probing,0.33794039487838745,0.1869671791791916,0.15097321569919586
mathdial_0052_turn_008,focus,telling,0.33794039487838745,0.286491334438324,0.05144906044006348
mathdial_0052_turn_010,focus,generic,0.3373139500617981,0.1850900799036026,0.1522238701581955
mathdial_0052_turn_010,focus,probing,0.3373139500617981,0.17949539422988892,0.15781855583190918
mathdial_0052_turn_010,focus,telling,0.3373139500617981,0.2981005311012268,0.03921341896057129
mathdial_0052_turn_012,telling,generic,0.3583190143108368,0.18635018169879913,0.17196883261203766
mathdial_0052_turn_012,telling,probing,0.3583190143108368,0.15403975546360016,0.20427925884723663
mathdial_0052_turn_012,telling,focus,0.3583190143108368,0.3012910485267639,0.057027965784072876
mathdial_0052_turn_014,telling,generic,0.45433691143989563,0.19521833956241608,0.25911857187747955
mathdial_0052_turn_014,telling,probing,0.45433691143989563,0.11561889946460724,0.3387180119752884
mathdial_0052_turn_014,telling,focus,0.45433691143989563,0.23482586443424225,0.21951104700565338
mathdial_0052_turn_016,telling,generic,0.4886574149131775,0.17769232392311096,0.31096509099006653
mathdial_0052_turn_016,telling,probing,0.4886574149131775,0.11088242381811142,0.37777499109506607
mathdial_0052_turn_016,telling,focus,0.4886574149131775,0.22276780009269714,0.26588961482048035
mathdial_0059_turn_000,generic,probing,0.7884863018989563,0.12129032611846924,0.6671959757804871
mathdial_0059_turn_000,generic,focus,0.7884863018989563,0.062270089983940125,0.7262162119150162
mathdial_0059_turn_000,generic,telling,0.7884863018989563,0.027953272685408592,0.7605330292135477
mathdial_0059_turn_002,probing,generic,0.753450870513916,0.016636641696095467,0.7368142288178205
mathdial_0059_turn_002,probing,focus,0.753450870513916,0.16065002977848053,0.5928008407354355
mathdial_0059_turn_002,probing,telling,0.753450870513916,0.06926245242357254,0.6841884180903435
mathdial_0059_turn_004,probing,generic,0.6752990484237671,0.014186849817633629,0.6611121986061335
mathdial_0059_turn_004,probing,focus,0.6752990484237671,0.22405767440795898,0.4512413740158081
mathdial_0059_turn_004,probing,telling,0.6752990484237671,0.08645636588335037,0.5888426825404167
mathdial_0063_turn_000,generic,probing,0.7959977388381958,0.11432906240224838,0.6816686764359474
mathdial_0063_turn_000,generic,focus,0.7959977388381958,0.06169316917657852,0.7343045696616173
mathdial_0063_turn_000,generic,telling,0.7959977388381958,0.02798006683588028,0.7680176720023155
mathdial_0063_turn_001,generic,probing,0.8232405781745911,0.09435979276895523,0.7288807854056358
mathdial_0063_turn_001,generic,focus,0.8232405781745911,0.0594460666179657,0.7637945115566254
mathdial_0063_turn_001,generic,telling,0.8232405781745911,0.022953607141971588,0.8002869710326195
mathdial_0063_turn_003,probing,generic,0.5549210906028748,0.027579614892601967,0.5273414757102728
mathdial_0063_turn_003,probing,focus,0.5549210906028748,0.38336730003356934,0.17155379056930542
mathdial_0063_turn_003,probing,telling,0.5549210906028748,0.03413195535540581,0.520789135247469
mathdial_0063_turn_005,probing,generic,0.4789476990699768,0.029609903693199158,0.44933779537677765
mathdial_0063_turn_005,probing,focus,0.4789476990699768,0.43001171946525574,0.04893597960472107
mathdial_0063_turn_005,probing,telling,0.4789476990699768,0.061430688947439194,0.4175170101225376
mathdial_0063_turn_006,probing,generic,0.45886528491973877,0.03182541951537132,0.42703986540436745
mathdial_0063_turn_006,probing,focus,0.45886528491973877,0.44000422954559326,0.018861055374145508
mathdial_0063_turn_006,probing,telling,0.45886528491973877,0.06930509954690933,0.38956018537282944
mathdial_0071_turn_000,generic,probing,0.7935419082641602,0.11604757606983185,0.6774943321943283
mathdial_0071_turn_000,generic,focus,0.7935419082641602,0.06220945715904236,0.7313324511051178
mathdial_0071_turn_000,generic,telling,0.7935419082641602,0.0282010268419981,0.7653408814221621
mathdial_0071_turn_002,focus,generic,0.5113905668258667,0.16658839583396912,0.3448021709918976
mathdial_0071_turn_002,focus,probing,0.5113905668258667,0.1215190440416336,0.3898715227842331
mathdial_0071_turn_002,focus,telling,0.5113905668258667,0.20050202310085297,0.31088854372501373
mathdial_0071_turn_004,focus,generic,0.5648228526115417,0.11457357555627823,0.4502492770552635
mathdial_0071_turn_004,focus,probing,0.5648228526115417,0.11353582888841629,0.45128702372312546
mathdial_0071_turn_004,focus,telling,0.5648228526115417,0.20706769824028015,0.3577551543712616
mathdial_0071_turn_006,focus,generic,0.5392530560493469,0.11729749292135239,0.42195556312799454
mathdial_0071_turn_006,focus,probing,0.5392530560493469,0.10783589631319046,0.43141715973615646
mathdial_0071_turn_006,focus,telling,0.5392530560493469,0.23561355471611023,0.3036395013332367
mathdial_0071_turn_008,focus,generic,0.5012684464454651,0.14464275538921356,0.3566256910562515
mathdial_0071_turn_008,focus,probing,0.5012684464454651,0.12945978343486786,0.37180866301059723
mathdial_0071_turn_008,focus,telling,0.5012684464454651,0.22462895512580872,0.27663949131965637
mathdial_0071_turn_010,focus,generic,0.3751629590988159,0.22003310918807983,0.15512984991073608
mathdial_0071_turn_010,focus,probing,0.3751629590988159,0.12992550432682037,0.24523745477199554
mathdial_0071_turn_010,focus,telling,0.3751629590988159,0.2748784124851227,0.10028454661369324
mathdial_0071_turn_012,telling,generic,0.34338560700416565,0.22517268359661102,0.11821292340755463
mathdial_0071_turn_012,telling,probing,0.34338560700416565,0.15542399883270264,0.187961608171463
mathdial_0071_turn_012,telling,focus,0.34338560700416565,0.2760177552700043,0.06736785173416138
mathdial_0071_turn_014,telling,generic,0.2970532178878784,0.24938099086284637,0.04767222702503204
mathdial_0071_turn_014,telling,probing,0.2970532178878784,0.18900549411773682,0.1080477237701416
mathdial_0071_turn_014,telling,focus,0.2970532178878784,0.26456037163734436,0.03249284625053406
mathdial_0071_turn_016,telling,generic,0.3621455729007721,0.28915321826934814,0.07299235463142395
mathdial_0071_turn_016,telling,probing,0.3621455729007721,0.14208751916885376,0.22005805373191833
mathdial_0071_turn_016,telling,focus,0.3621455729007721,0.20661364495754242,0.15553192794322968
mathdial_0071_turn_018,telling,generic,0.3826345205307007,0.24071361124515533,0.14192090928554535
mathdial_0071_turn_018,telling,probing,0.3826345205307007,0.15273618698120117,0.2298983335494995
mathdial_0071_turn_018,telling,focus,0.3826345205307007,0.223915696144104,0.15871882438659668
mathdial_0072_turn_000,generic,probing,0.7874712944030762,0.12037473171949387,0.6670965626835823
mathdial_0072_turn_000,generic,focus,0.7874712944030762,0.06357958167791367,0.7238917127251625
mathdial_0072_turn_000,generic,telling,0.7874712944030762,0.028574449941515923,0.7588968444615602
mathdial_0072_turn_002,focus,generic,0.548254132270813,0.16086576879024506,0.38738836348056793
mathdial_0072_turn_002,focus,probing,0.548254132270813,0.11661240458488464,0.43164172768592834
mathdial_0072_turn_002,focus,telling,0.548254132270813,0.1742677390575409,0.3739863932132721
mathdial_0072_turn_004,focus,generic,0.3801325261592865,0.24558347463607788,0.13454905152320862
mathdial_0072_turn_004,focus,probing,0.3801325261592865,0.1037418395280838,0.2763906866312027
mathdial_0072_turn_004,focus,telling,0.3801325261592865,0.270542174577713,0.10959035158157349
mathdial_0072_turn_006,focus,generic,0.4010658860206604,0.22360749542713165,0.17745839059352875
mathdial_0072_turn_006,focus,probing,0.4010658860206604,0.097578264772892,0.3034876212477684
mathdial_0072_turn_006,focus,telling,0.4010658860206604,0.2777484059333801,0.12331748008728027
mathdial_0083_turn_000,generic,probing,0.7808623313903809,0.12879253923892975,0.6520697921514511
mathdial_0083_turn_000,generic,focus,0.7808623313903809,0.06136127933859825,0.7195010520517826
mathdial_0083_turn_000,generic,telling,0.7808623313903809,0.028983790427446365,0.7518785409629345
mathdial_0083_turn_002,focus,generic,0.5625782608985901,0.026794351637363434,0.5357839092612267
mathdial_0083_turn_002,focus,probing,0.5625782608985901,0.3599257469177246,0.20265251398086548
mathdial_0083_turn_002,focus,telling,0.5625782608985901,0.05070160701870918,0.5118766538798809
mathdial_0083_turn_004,focus,generic,0.522024393081665,0.052935682237148285,0.46908871084451675
mathdial_0083_turn_004,focus,probing,0.522024393081665,0.31412777304649353,0.2078966200351715
mathdial_0083_turn_004,focus,telling,0.522024393081665,0.11091211438179016,0.4111122786998749
mathdial_0083_turn_006,focus,generic,0.5119100213050842,0.09600241482257843,0.4159076064825058
mathdial_0083_turn_006,focus,probing,0.5119100213050842,0.25302767753601074,0.2588823437690735
mathdial_0083_turn_006,focus,telling,0.5119100213050842,0.13905982673168182,0.3728501945734024
mathdial_0083_turn_008,focus,generic,0.5012953877449036,0.10961103439331055,0.391684353351593
mathdial_0083_turn_008,focus,probing,0.5012953877449036,0.20107805728912354,0.30021733045578003
mathdial_0083_turn_008,focus,telling,0.5012953877449036,0.18801552057266235,0.3132798671722412
mathdial_0097_turn_000,generic,probing,0.7906173467636108,0.12047884613275528,0.6701385006308556
mathdial_0097_turn_000,generic,focus,0.7906173467636108,0.06033352017402649,0.7302838265895844
mathdial_0097_turn_000,generic,telling,0.7906173467636108,0.02857021987438202,0.7620471268892288
mathdial_0097_turn_002,probing,generic,0.5174257159233093,0.021282711997628212,0.4961430039256811
mathdial_0097_turn_002,probing,focus,0.5174257159233093,0.4015105068683624,0.1159152090549469
mathdial_0097_turn_002,probing,telling,0.5174257159233093,0.05978105589747429,0.45764466002583504
mathdial_0097_turn_004,probing,generic,0.5175817608833313,0.020817717537283897,0.4967640433460474
mathdial_0097_turn_004,probing,focus,0.5175817608833313,0.3838731050491333,0.133708655834198
mathdial_0097_turn_004,probing,telling,0.5175817608833313,0.07772733271121979,0.4398544281721115
mathdial_0097_turn_006,probing,generic,0.49877646565437317,0.021376362070441246,0.4774001035839319
mathdial_0097_turn_006,probing,focus,0.49877646565437317,0.39238008856773376,0.1063963770866394
mathdial_0097_turn_006,probing,telling,0.49877646565437317,0.08746711909770966,0.4113093465566635
mathdial_0097_turn_008,probing,generic,0.4664888083934784,0.023317666724324226,0.44317114166915417
mathdial_0097_turn_008,probing,focus,0.4664888083934784,0.4063452482223511,0.06014356017112732
mathdial_0097_turn_008,probing,telling,0.4664888083934784,0.10384827107191086,0.36264053732156754
mathdial_0097_turn_010,probing,generic,0.4440562427043915,0.02650320529937744,0.41755303740501404
mathdial_0097_turn_010,probing,focus,0.4440562427043915,0.4085686504840851,0.035487592220306396
mathdial_0097_turn_010,probing,telling,0.4440562427043915,0.12087181210517883,0.32318443059921265
mathdial_0097_turn_012,probing,generic,0.4088219702243805,0.03031967580318451,0.378502294421196
mathdial_0097_turn_012,probing,focus,0.4088219702243805,0.40600451827049255,0.0028174519538879395
mathdial_0097_turn_012,probing,telling,0.4088219702243805,0.15485383570194244,0.25396813452243805
mathdial_0097_turn_014,focus,generic,0.40907779335975647,0.032477784901857376,0.3766000084578991
mathdial_0097_turn_014,focus,probing,0.40907779335975647,0.3920428156852722,0.017034977674484253
mathdial_0097_turn_014,focus,telling,0.40907779335975647,0.16640159487724304,0.24267619848251343
mathdial_0097_turn_016,focus,generic,0.37903183698654175,0.044511713087558746,0.334520123898983
mathdial_0097_turn_016,focus,probing,0.37903183698654175,0.36036479473114014,0.01866704225540161
mathdial_0097_turn_016,focus,telling,0.37903183698654175,0.21609163284301758,0.16294020414352417
mathdial_0097_turn_018,focus,generic,0.32718420028686523,0.061708852648735046,0.2654753476381302
mathdial_0097_turn_018,focus,probing,0.32718420028686523,0.28754904866218567,0.039635151624679565
mathdial_0097_turn_018,focus,telling,0.32718420028686523,0.3235577940940857,0.003626406192779541
mathdial_0097_turn_020,telling,generic,0.36090293526649475,0.07486263662576675,0.286040298640728
mathdial_0097_turn_020,telling,probing,0.36090293526649475,0.2544007897377014,0.10650214552879333
mathdial_0097_turn_020,telling,focus,0.36090293526649475,0.3098335862159729,0.05106934905052185
mathdial_0097_turn_022,telling,generic,0.4086931049823761,0.08150166273117065,0.32719144225120544
mathdial_0097_turn_022,telling,probing,0.4086931049823761,0.21707504987716675,0.19161805510520935
mathdial_0097_turn_022,telling,focus,0.4086931049823761,0.2927302122116089,0.11596289277076721
mathdial_0097_turn_024,telling,generic,0.5202434062957764,0.1585145890712738,0.36172881722450256
mathdial_0097_turn_024,telling,probing,0.5202434062957764,0.14577719569206238,0.374466210603714
mathdial_0097_turn_024,telling,focus,0.5202434062957764,0.17546474933624268,0.3447786569595337
mathdial_0100_turn_000,generic,probing,0.7744096517562866,0.13313592970371246,0.6412737220525742
mathdial_0100_turn_000,generic,focus,0.7744096517562866,0.06457655131816864,0.709833100438118
mathdial_0100_turn_000,generic,telling,0.7744096517562866,0.027877962216734886,0.7465316895395517
mathdial_0100_turn_002,probing,generic,0.5445754528045654,0.02210996486246586,0.5224654879420996
mathdial_0100_turn_002,probing,focus,0.5445754528045654,0.3769642114639282,0.1676112413406372
mathdial_0100_turn_002,probing,telling,0.5445754528045654,0.05635027959942818,0.48822517320513725
mathdial_0100_turn_004,probing,generic,0.4895755648612976,0.017272641882300377,0.47230292297899723
mathdial_0100_turn_004,probing,focus,0.4895755648612976,0.42929530143737793,0.06028026342391968
mathdial_0100_turn_004,probing,telling,0.4895755648612976,0.06385644525289536,0.42571911960840225
mathdial_0100_turn_006,focus,generic,0.4578871428966522,0.08260950446128845,0.37527763843536377
mathdial_0100_turn_006,focus,probing,0.4578871428966522,0.23308295011520386,0.22480419278144836
mathdial_0100_turn_006,focus,telling,0.4578871428966522,0.22642040252685547,0.23146674036979675
mathdial_0101_turn_000,generic,probing,0.7936287522315979,0.1174364909529686,0.6761922612786293
mathdial_0101_turn_000,generic,focus,0.7936287522315979,0.06197146326303482,0.7316572889685631
mathdial_0101_turn_000,generic,telling,0.7936287522315979,0.02696322090923786,0.76666553132236
mathdial_0101_turn_002,probing,generic,0.5858013033866882,0.02217506803572178,0.5636262353509665
mathdial_0101_turn_002,probing,focus,0.5858013033866882,0.3492545187473297,0.23654678463935852
mathdial_0101_turn_002,probing,telling,0.5858013033866882,0.042769115418195724,0.5430321879684925
mathdial_0101_turn_004,focus,generic,0.5509757399559021,0.030952736735343933,0.5200230032205582
mathdial_0101_turn_004,focus,probing,0.5509757399559021,0.344196081161499,0.20677965879440308
mathdial_0101_turn_004,focus,telling,0.5509757399559021,0.07387544959783554,0.47710029035806656
mathdial_0101_turn_006,focus,generic,0.5346114635467529,0.04833093658089638,0.48628052696585655
mathdial_0101_turn_006,focus,probing,0.5346114635467529,0.28301817178726196,0.25159329175949097
mathdial_0101_turn_006,focus,telling,0.5346114635467529,0.13403937220573425,0.4005720913410187
mathdial_0101_turn_008,focus,generic,0.4582231640815735,0.10053291916847229,0.3576902449131012
mathdial_0101_turn_008,focus,probing,0.4582231640815735,0.2025350034236908,0.2556881606578827
mathdial_0101_turn_008,focus,telling,0.4582231640815735,0.23870885372161865,0.21951431035995483
mathdial_0101_turn_010,telling,generic,0.4878312647342682,0.22180770337581635,0.26602356135845184
mathdial_0101_turn_010,telling,probing,0.4878312647342682,0.10168784111738205,0.38614342361688614
mathdial_0101_turn_010,telling,focus,0.4878312647342682,0.1886732131242752,0.299158051609993
mathdial_0110_turn_000,generic,probing,0.7849460244178772,0.12428377568721771,0.6606622487306595
mathdial_0110_turn_000,generic,focus,0.7849460244178772,0.06254303455352783,0.7224029898643494
mathdial_0110_turn_000,generic,telling,0.7849460244178772,0.02822716161608696,0.7567188628017902
mathdial_0110_turn_002,probing,generic,0.7027845978736877,0.016199642792344093,0.6865849550813437
mathdial_0110_turn_002,probing,focus,0.7027845978736877,0.2194601446390152,0.48332445323467255
mathdial_0110_turn_002,probing,telling,0.7027845978736877,0.06155558302998543,0.6412290148437023
mathdial_0110_turn_004,probing,generic,0.6046028137207031,0.013419430702924728,0.5911833830177784
mathdial_0110_turn_004,probing,focus,0.6046028137207031,0.2791421413421631,0.32546067237854004
mathdial_0110_turn_004,probing,telling,0.6046028137207031,0.10283565521240234,0.5017671585083008
mathdial_0110_turn_006,probing,generic,0.5975143313407898,0.019505217671394348,0.5780091136693954
mathdial_0110_turn_006,probing,focus,0.5975143313407898,0.26606062054634094,0.33145371079444885
mathdial_0110_turn_006,probing,telling,0.5975143313407898,0.11691980063915253,0.48059453070163727
mathdial_0110_turn_008,probing,generic,0.5726478099822998,0.019298937171697617,0.5533488728106022
mathdial_0110_turn_008,probing,focus,0.5726478099822998,0.2779623568058014,0.2946854531764984
mathdial_0110_turn_008,probing,telling,0.5726478099822998,0.13009093701839447,0.44255687296390533
mathdial_0110_turn_010,probing,generic,0.539501428604126,0.02131570689380169,0.5181857217103243
mathdial_0110_turn_010,probing,focus,0.539501428604126,0.29204028844833374,0.24746114015579224
mathdial_0110_turn_010,probing,telling,0.539501428604126,0.14714261889457703,0.39235880970954895
mathdial_0110_turn_012,probing,generic,0.42058101296424866,0.03578270971775055,0.3847983032464981
mathdial_0110_turn_012,probing,focus,0.42058101296424866,0.29623353481292725,0.12434747815132141
mathdial_0110_turn_012,probing,telling,0.42058101296424866,0.24740271270275116,0.1731783002614975
mathdial_0110_turn_014,telling,generic,0.39646655321121216,0.10361050069332123,0.29285605251789093
mathdial_0110_turn_014,telling,probing,0.39646655321121216,0.20778341591358185,0.1886831372976303
mathdial_0110_turn_014,telling,focus,0.39646655321121216,0.29213955998420715,0.104326993227005
mathdial_0110_turn_016,telling,generic,0.4476657509803772,0.1304175704717636,0.3172481805086136
mathdial_0110_turn_016,telling,probing,0.4476657509803772,0.18611876666545868,0.2615469843149185
mathdial_0110_turn_016,telling,focus,0.4476657509803772,0.23579786717891693,0.21186788380146027
mathdial_0146_turn_000,generic,probing,0.7965189814567566,0.11481428891420364,0.681704692542553
mathdial_0146_turn_000,generic,focus,0.7965189814567566,0.06085938960313797,0.7356595918536186
mathdial_0146_turn_000,generic,telling,0.7965189814567566,0.02780739590525627,0.7687115855515003
mathdial_0146_turn_002,probing,generic,0.5250828862190247,0.024747757241129875,0.5003351289778948
mathdial_0146_turn_002,probing,focus,0.5250828862190247,0.39362335205078125,0.1314595341682434
mathdial_0146_turn_002,probing,telling,0.5250828862190247,0.05654604732990265,0.468536838889122
mathdial_0146_turn_004,probing,generic,0.3543804883956909,0.10507490485906601,0.2493055835366249
mathdial_0146_turn_004,probing,focus,0.3543804883956909,0.34196868538856506,0.012411803007125854
mathdial_0146_turn_004,probing,telling,0.3543804883956909,0.19857589900493622,0.1558045893907547
mathdial_0146_turn_006,telling,generic,0.3547852039337158,0.1903720647096634,0.16441313922405243
mathdial_0146_turn_006,telling,probing,0.3547852039337158,0.21149060130119324,0.14329460263252258
mathdial_0146_turn_006,telling,focus,0.3547852039337158,0.24335218966007233,0.1114330142736435
mathdial_0168_turn_000,generic,probing,0.8007689714431763,0.1131460964679718,0.6876228749752045
mathdial_0168_turn_000,generic,focus,0.8007689714431763,0.059457775205373764,0.7413111962378025
mathdial_0168_turn_000,generic,telling,0.8007689714431763,0.026627184823155403,0.7741417866200209
mathdial_0168_turn_002,focus,generic,0.5467602610588074,0.03016454540193081,0.5165957156568766
mathdial_0168_turn_002,focus,probing,0.5467602610588074,0.379035085439682,0.16772517561912537
mathdial_0168_turn_002,focus,telling,0.5467602610588074,0.04404005780816078,0.5027202032506466
mathdial_0168_turn_004,focus,generic,0.45118653774261475,0.064992755651474,0.38619378209114075
mathdial_0168_turn_004,focus,probing,0.45118653774261475,0.27922898530960083,0.17195755243301392
mathdial_0168_turn_004,focus,telling,0.45118653774261475,0.20459164679050446,0.2465948909521103
mathdial_0168_turn_006,focus,generic,0.4518112540245056,0.061870548874139786,0.38994070515036583
mathdial_0168_turn_006,focus,probing,0.4518112540245056,0.24450720846652985,0.20730404555797577
mathdial_0168_turn_006,focus,telling,0.4518112540245056,0.24181099236011505,0.21000026166439056
mathdial_0168_turn_008,focus,generic,0.42817965149879456,0.06592337042093277,0.3622562810778618
mathdial_0168_turn_008,focus,probing,0.42817965149879456,0.2044108659029007,0.22376878559589386
mathdial_0168_turn_008,focus,telling,0.42817965149879456,0.30148613452911377,0.1266935169696808
mathdial_0168_turn_009,focus,generic,0.3874450922012329,0.08115027844905853,0.3062948137521744
mathdial_0168_turn_009,focus,probing,0.3874450922012329,0.18436235189437866,0.20308274030685425
mathdial_0168_turn_009,focus,telling,0.3874450922012329,0.3470422625541687,0.04040282964706421
mathdial_0185_turn_000,generic,probing,0.79747474193573,0.11428476125001907,0.6831899806857109
mathdial_0185_turn_000,generic,focus,0.79747474193573,0.060806114226579666,0.7366686277091503
mathdial_0185_turn_000,generic,telling,0.79747474193573,0.02743448317050934,0.7700402587652206
mathdial_0185_turn_001,generic,probing,0.8387576937675476,0.0826476439833641,0.7561100497841835
mathdial_0185_turn_001,generic,focus,0.8387576937675476,0.05679816007614136,0.7819595336914062
mathdial_0185_turn_001,generic,telling,0.8387576937675476,0.02179655246436596,0.8169611413031816
mathdial_0185_turn_003,focus,generic,0.6690837144851685,0.036328963935375214,0.6327547505497932
mathdial_0185_turn_003,focus,probing,0.6690837144851685,0.2526373267173767,0.41644638776779175
mathdial_0185_turn_003,focus,telling,0.6690837144851685,0.0419500470161438,0.6271336674690247
mathdial_0185_turn_005,focus,generic,0.69258713722229,0.026732327416539192,0.6658548098057508
mathdial_0185_turn_005,focus,probing,0.69258713722229,0.23225736618041992,0.4603297710418701
mathdial_0185_turn_005,focus,telling,0.69258713722229,0.0484231673181057,0.6441639699041843
mathdial_0185_turn_007,focus,generic,0.7058480381965637,0.035685572773218155,0.6701624654233456
mathdial_0185_turn_007,focus,probing,0.7058480381965637,0.20575708150863647,0.5000909566879272
mathdial_0185_turn_007,focus,telling,0.7058480381965637,0.05270937830209732,0.6531386598944664
mathdial_0210_turn_000,generic,probing,0.7935419082641602,0.11604757606983185,0.6774943321943283
mathdial_0210_turn_000,generic,focus,0.7935419082641602,0.06220945715904236,0.7313324511051178
mathdial_0210_turn_000,generic,telling,0.7935419082641602,0.0282010268419981,0.7653408814221621
mathdial_0210_turn_002,probing,generic,0.6731645464897156,0.024497495964169502,0.6486670505255461
mathdial_0210_turn_002,probing,focus,0.6731645464897156,0.22367948293685913,0.44948506355285645
mathdial_0210_turn_002,probing,telling,0.6731645464897156,0.07865845412015915,0.5945060923695564
mathdial_0210_turn_004,probing,generic,0.5238587260246277,0.03195575624704361,0.4919029697775841
mathdial_0210_turn_004,probing,focus,0.5238587260246277,0.3217233717441559,0.2021353542804718
mathdial_0210_turn_004,probing,telling,0.5238587260246277,0.1224621832370758,0.4013965427875519
mathdial_0210_turn_006,focus,generic,0.3745131492614746,0.06606915593147278,0.30844399333000183
mathdial_0210_turn_006,focus,probing,0.3745131492614746,0.3579290509223938,0.01658409833908081
mathdial_0210_turn_006,focus,telling,0.3745131492614746,0.2014886736869812,0.1730244755744934
mathdial_0210_turn_008,focus,generic,0.35720470547676086,0.09640935808420181,0.26079534739255905
mathdial_0210_turn_008,focus,probing,0.35720470547676086,0.27660036087036133,0.08060434460639954
mathdial_0210_turn_008,focus,telling,0.35720470547676086,0.269785612821579,0.08741909265518188
mathdial_0210_turn_009,telling,generic,0.33614611625671387,0.1190636083483696,0.21708250790834427
mathdial_0210_turn_009,telling,probing,0.33614611625671387,0.21749727427959442,0.11864884197711945
mathdial_0210_turn_009,telling,focus,0.33614611625671387,0.3272929787635803,0.008853137493133545
mathdial_0210_turn_011,telling,generic,0.42234569787979126,0.12330097705125809,0.2990447208285332
mathdial_0210_turn_011,telling,probing,0.42234569787979126,0.1497947722673416,0.27255092561244965
mathdial_0210_turn_011,telling,focus,0.42234569787979126,0.30455854535102844,0.11778715252876282
mathdial_0210_turn_013,telling,generic,0.4434489607810974,0.20245996117591858,0.24098899960517883
mathdial_0210_turn_013,telling,probing,0.4434489607810974,0.11862912774085999,0.3248198330402374
mathdial_0210_turn_013,telling,focus,0.4434489607810974,0.23546195030212402,0.2079870104789734
mathdial_0210_turn_015,telling,generic,0.38846054673194885,0.24064572155475616,0.1478148251771927
mathdial_0210_turn_015,telling,probing,0.38846054673194885,0.1221962422132492,0.26626430451869965
mathdial_0210_turn_015,telling,focus,0.38846054673194885,0.24869748950004578,0.13976305723190308
mathdial_0210_turn_017,telling,generic,0.3597894608974457,0.2648232877254486,0.09496617317199707
mathdial_0210_turn_017,telling,probing,0.3597894608974457,0.1333664208650589,0.22642304003238678
mathdial_0210_turn_017,telling,focus,0.3597894608974457,0.24202080070972443,0.11776866018772125
mathdial_0210_turn_019,telling,generic,0.3824542760848999,0.2715059518814087,0.11094832420349121
mathdial_0210_turn_019,telling,probing,0.3824542760848999,0.13073770701885223,0.25171656906604767
mathdial_0210_turn_019,telling,focus,0.3824542760848999,0.21530210971832275,0.16715216636657715
mathdial_0210_turn_020,telling,generic,0.4272471070289612,0.24805237352848053,0.17919473350048065
mathdial_0210_turn_020,telling,probing,0.4272471070289612,0.11825292557477951,0.30899418145418167
mathdial_0210_turn_020,telling,focus,0.4272471070289612,0.20644764602184296,0.22079946100711823
mathdial_0225_turn_000,generic,probing,0.7911796569824219,0.12003253400325775,0.6711471229791641
mathdial_0225_turn_000,generic,focus,0.7911796569824219,0.060913749039173126,0.7302659079432487
mathdial_0225_turn_000,generic,telling,0.7911796569824219,0.027874059975147247,0.7633055970072746
mathdial_0225_turn_002,focus,generic,0.5285062789916992,0.021877655759453773,0.5066286232322454
mathdial_0225_turn_002,focus,probing,0.5285062789916992,0.40799209475517273,0.12051418423652649
mathdial_0225_turn_002,focus,telling,0.5285062789916992,0.04162391647696495,0.48688236251473427
mathdial_0225_turn_004,focus,generic,0.5389889478683472,0.01799580827355385,0.5209931395947933
mathdial_0225_turn_004,focus,probing,0.5389889478683472,0.38786691427230835,0.15112203359603882
mathdial_0225_turn_004,focus,telling,0.5389889478683472,0.055148426443338394,0.4838405214250088
mathdial_0225_turn_006,focus,generic,0.559076189994812,0.03641287609934807,0.5226633138954639
mathdial_0225_turn_006,focus,probing,0.559076189994812,0.27742594480514526,0.28165024518966675
mathdial_0225_turn_006,focus,telling,0.559076189994812,0.12708501517772675,0.43199117481708527
mathdial_0225_turn_008,focus,generic,0.521369993686676,0.06476136296987534,0.4566086307168007
mathdial_0225_turn_008,focus,probing,0.521369993686676,0.22552525997161865,0.2958447337150574
mathdial_0225_turn_008,focus,telling,0.521369993686676,0.1883433610200882,0.33302663266658783
mathdial_0225_turn_010,focus,generic,0.4175702631473541,0.10418491065502167,0.31338535249233246
mathdial_0225_turn_010,focus,probing,0.4175702631473541,0.17512889206409454,0.24244137108325958
mathdial_0225_turn_010,focus,telling,0.4175702631473541,0.30311593413352966,0.11445432901382446
mathdial_0225_turn_012,telling,generic,0.31914404034614563,0.29107189178466797,0.02807214856147766
mathdial_0225_turn_012,telling,probing,0.31914404034614563,0.14885693788528442,0.1702871024608612
mathdial_0225_turn_012,telling,focus,0.31914404034614563,0.24092712998390198,0.07821691036224365
mathdial_0232_turn_000,generic,probing,0.7859469056129456,0.122635617852211,0.6633112877607346
mathdial_0232_turn_000,generic,focus,0.7859469056129456,0.06316389888525009,0.7227830067276955
mathdial_0232_turn_000,generic,telling,0.7859469056129456,0.028253547847270966,0.7576933577656746
mathdial_0232_turn_002,focus,generic,0.4725182056427002,0.23421040177345276,0.23830780386924744
mathdial_0232_turn_002,focus,probing,0.4725182056427002,0.1222788393497467,0.3502393662929535
mathdial_0232_turn_002,focus,telling,0.4725182056427002,0.17099249362945557,0.30152571201324463
mathdial_0232_turn_004,focus,generic,0.4766860008239746,0.20011559128761292,0.2765704095363617
mathdial_0232_turn_004,focus,probing,0.4766860008239746,0.12365485727787018,0.35303114354610443
mathdial_0232_turn_004,focus,telling,0.4766860008239746,0.19954347610473633,0.2771425247192383
mathdial_0232_turn_006,focus,generic,0.4225948750972748,0.22483448684215546,0.19776038825511932
mathdial_0232_turn_006,focus,probing,0.4225948750972748,0.11248815804719925,0.31010671705007553
mathdial_0232_turn_006,focus,telling,0.4225948750972748,0.2400824874639511,0.18251238763332367
mathdial_0232_turn_008,focus,generic,0.3382970690727234,0.26168113946914673,0.07661592960357666
mathdial_0232_turn_008,focus,probing,0.3382970690727234,0.10319837182760239,0.235098697245121
mathdial_0232_turn_008,focus,telling,0.3382970690727234,0.2968234419822693,0.0414736270904541
mathdial_0235_turn_000,generic,probing,0.7919505834579468,0.1176203265786171,0.6743302568793297
mathdial_0235_turn_000,generic,focus,0.7919505834579468,0.06209829822182655,0.7298522852361202
mathdial_0235_turn_000,generic,telling,0.7919505834579468,0.028330817818641663,0.7636197656393051
mathdial_0235_turn_002,focus,generic,0.6146705746650696,0.03428454324603081,0.5803860314190388
mathdial_0235_turn_002,focus,probing,0.6146705746650696,0.30135318636894226,0.3133173882961273
mathdial_0235_turn_002,focus,telling,0.6146705746650696,0.04969169199466705,0.5649788826704025
mathdial_0235_turn_004,focus,generic,0.5981176495552063,0.03779846802353859,0.5603191815316677
mathdial_0235_turn_004,focus,probing,0.5981176495552063,0.2743838429450989,0.3237338066101074
mathdial_0235_turn_004,focus,telling,0.5981176495552063,0.0897001251578331,0.5084175243973732
mathdial_0235_turn_006,focus,generic,0.3273441791534424,0.18475723266601562,0.14258694648742676
mathdial_0235_turn_006,focus,probing,0.3273441791534424,0.17970359325408936,0.14764058589935303
mathdial_0235_turn_006,focus,telling,0.3273441791534424,0.30819499492645264,0.019149184226989746
mathdial_0242_turn_000,generic,probing,0.7874300479888916,0.12134774774312973,0.6660823002457619
mathdial_0242_turn_000,generic,focus,0.7874300479888916,0.06268799304962158,0.72474205493927
mathdial_0242_turn_000,generic,telling,0.7874300479888916,0.028534291312098503,0.7588957566767931
mathdial_0242_turn_002,focus,generic,0.5460479855537415,0.018823057413101196,0.5272249281406403
mathdial_0242_turn_002,focus,probing,0.5460479855537415,0.36924055218696594,0.1768074333667755
mathdial_0242_turn_002,focus,telling,0.5460479855537415,0.06588832288980484,0.4801596626639366
mathdial_0242_turn_004,focus,generic,0.3901160657405853,0.06768397986888885,0.32243208587169647
mathdial_0242_turn_004,focus,probing,0.3901160657405853,0.20795589685440063,0.1821601688861847
mathdial_0242_turn_004,focus,telling,0.3901160657405853,0.3342440724372864,0.05587199330329895
mathdial_0242_turn_006,focus,generic,0.39627352356910706,0.07470591366291046,0.3215676099061966
mathdial_0242_turn_006,focus,probing,0.39627352356910706,0.16163752973079681,0.23463599383831024
mathdial_0242_turn_006,focus,telling,0.39627352356910706,0.3673830032348633,0.028890520334243774
mathdial_0242_turn_008,focus,generic,0.4001101851463318,0.07307066023349762,0.32703952491283417
mathdial_0242_turn_008,focus,probing,0.4001101851463318,0.16354551911354065,0.23656466603279114
mathdial_0242_turn_008,focus,telling,0.4001101851463318,0.3632736802101135,0.03683650493621826
mathdial_0242_turn_010,telling,generic,0.5319897532463074,0.11262808740139008,0.4193616658449173
mathdial_0242_turn_010,telling,probing,0.5319897532463074,0.11826078593730927,0.4137289673089981
mathdial_0242_turn_010,telling,focus,0.5319897532463074,0.2371213287115097,0.29486842453479767
mathdial_0256_turn_000,generic,probing,0.792392909526825,0.11732737720012665,0.6750655323266983
mathdial_0256_turn_000,generic,focus,0.792392909526825,0.062042709439992905,0.730350200086832
mathdial_0256_turn_000,generic,telling,0.792392909526825,0.028237005695700645,0.7641559038311243
mathdial_0256_turn_002,probing,generic,0.6385387182235718,0.03670072928071022,0.6018379889428616
mathdial_0256_turn_002,probing,focus,0.6385387182235718,0.1462179273366928,0.49232079088687897
mathdial_0256_turn_002,probing,telling,0.6385387182235718,0.17854267358779907,0.4599960446357727
mathdial_0256_turn_004,probing,generic,0.5817611217498779,0.03827446326613426,0.5434866584837437
mathdial_0256_turn_004,probing,focus,0.5817611217498779,0.14340130984783173,0.4383598119020462
mathdial_0256_turn_004,probing,telling,0.5817611217498779,0.2365630865097046,0.34519803524017334
mathdial_0256_turn_006,probing,generic,0.5738240480422974,0.04443538561463356,0.5293886624276638
mathdial_0256_turn_006,probing,focus,0.5738240480422974,0.1341206431388855,0.43970340490341187
mathdial_0256_turn_006,probing,telling,0.5738240480422974,0.24761998653411865,0.3262040615081787
mathdial_0278_turn_000,generic,probing,0.7980326414108276,0.11280397325754166,0.685228668153286
mathdial_0278_turn_000,generic,focus,0.7980326414108276,0.06191202253103256,0.7361206188797951
mathdial_0278_turn_000,generic,telling,0.7980326414108276,0.027251359075307846,0.7707812823355198
mathdial_0278_turn_002,probing,generic,0.2997914254665375,0.25949782133102417,0.040293604135513306
mathdial_0278_turn_002,probing,focus,0.2997914254665375,0.29608282446861267,0.0037086009979248047
mathdial_0278_turn_002,probing,telling,0.2997914254665375,0.14462785422801971,0.15516357123851776
mathdial_0278_turn_003,generic,probing,0.29326820373535156,0.2927263379096985,0.0005418658256530762
mathdial_0278_turn_003,generic,focus,0.29326820373535156,0.25449278950691223,0.03877541422843933
mathdial_0278_turn_003,generic,telling,0.29326820373535156,0.1595126837491989,0.13375551998615265
mathdial_0278_turn_005,probing,generic,0.3413352370262146,0.21826936304569244,0.12306587398052216
mathdial_0278_turn_005,probing,focus,0.3413352370262146,0.24382765591144562,0.09750758111476898
mathdial_0278_turn_005,probing,telling,0.3413352370262146,0.1965678632259369,0.1447673738002777
mathdial_0278_turn_007,probing,generic,0.2930988669395447,0.22140230238437653,0.07169656455516815
mathdial_0278_turn_007,probing,focus,0.2930988669395447,0.2630297541618347,0.03006911277770996
mathdial_0278_turn_007,probing,telling,0.2930988669395447,0.2224690467119217,0.07062982022762299
mathdial_0302_turn_000,generic,probing,0.7967476844787598,0.11492876708507538,0.6818189173936844
mathdial_0302_turn_000,generic,focus,0.7967476844787598,0.061167407780885696,0.7355802766978741
mathdial_0302_turn_000,generic,telling,0.7967476844787598,0.027156151831150055,0.7695915326476097
mathdial_0302_turn_002,probing,generic,0.4885459840297699,0.018698595464229584,0.4698473885655403
mathdial_0302_turn_002,probing,focus,0.4885459840297699,0.43324965238571167,0.05529633164405823
mathdial_0302_turn_002,probing,telling,0.4885459840297699,0.05950578674674034,0.42904019728302956
mathdial_0302_turn_004,probing,generic,0.4814862310886383,0.01672978699207306,0.46475644409656525
mathdial_0302_turn_004,probing,focus,0.4814862310886383,0.4258825182914734,0.05560371279716492
mathdial_0302_turn_004,probing,telling,0.4814862310886383,0.07590146362781525,0.40558476746082306
mathdial_0302_turn_006,probing,generic,0.4830741584300995,0.019979722797870636,0.46309443563222885
mathdial_0302_turn_006,probing,focus,0.4830741584300995,0.3831573724746704,0.09991678595542908
mathdial_0302_turn_006,probing,telling,0.4830741584300995,0.11378870904445648,0.369285449385643
mathdial_0302_turn_008,probing,generic,0.3518635630607605,0.04959840700030327,0.30226515606045723
mathdial_0302_turn_008,probing,focus,0.3518635630607605,0.2740517258644104,0.0778118371963501
mathdial_0302_turn_008,probing,telling,0.3518635630607605,0.32448628544807434,0.027377277612686157
mathdial_0309_turn_000,generic,probing,0.797264814376831,0.11365446448326111,0.68361034989357
mathdial_0309_turn_000,generic,focus,0.797264814376831,0.06156083196401596,0.7357039824128151
mathdial_0309_turn_000,generic,telling,0.797264814376831,0.027519868686795235,0.7697449456900358
mathdial_0309_turn_002,focus,generic,0.4776094853878021,0.04593699425458908,0.43167249113321304
mathdial_0309_turn_002,focus,probing,0.4776094853878021,0.414846271276474,0.06276321411132812
mathdial_0309_turn_002,focus,telling,0.4776094853878021,0.061607230454683304,0.4160022549331188
mathdial_0309_turn_004,focus,generic,0.482820600271225,0.04509970545768738,0.4377208948135376
mathdial_0309_turn_004,focus,probing,0.482820600271225,0.38135096430778503,0.10146963596343994
mathdial_0309_turn_004,focus,telling,0.482820600271225,0.090728759765625,0.3920918405056
mathdial_0309_turn_006,focus,generic,0.4029221832752228,0.09578298777341843,0.30713919550180435
mathdial_0309_turn_006,focus,probing,0.4029221832752228,0.30729547142982483,0.09562671184539795
mathdial_0309_turn_006,focus,telling,0.4029221832752228,0.19399933516979218,0.2089228481054306
mathdial_0309_turn_008,focus,generic,0.3633282482624054,0.12100256979465485,0.24232567846775055
mathdial_0309_turn_008,focus,probing,0.3633282482624054,0.26575157046318054,0.09757667779922485
mathdial_0309_turn_008,focus,telling,0.3633282482624054,0.24991758167743683,0.11341066658496857
mathdial_0309_turn_010,telling,generic,0.29753297567367554,0.20404912531375885,0.09348385035991669
mathdial_0309_turn_010,telling,probing,0.29753297567367554,0.20540878176689148,0.09212419390678406
mathdial_0309_turn_010,telling,focus,0.29753297567367554,0.2930091321468353,0.00452384352684021
mathdial_0309_turn_012,telling,generic,0.35695749521255493,0.21738684177398682,0.13957065343856812
mathdial_0309_turn_012,telling,probing,0.35695749521255493,0.17391546070575714,0.1830420345067978
mathdial_0309_turn_012,telling,focus,0.35695749521255493,0.2517402470111847,0.10521724820137024
mathdial_0309_turn_014,telling,generic,0.4067469835281372,0.27058306336402893,0.13616392016410828
mathdial_0309_turn_014,telling,probing,0.4067469835281372,0.13424892723560333,0.2724980562925339
mathdial_0309_turn_014,telling,focus,0.4067469835281372,0.1884211152791977,0.21832586824893951
mathdial_0309_turn_016,telling,generic,0.4131779372692108,0.23164764046669006,0.18153029680252075
mathdial_0309_turn_016,telling,probing,0.4131779372692108,0.14502252638339996,0.26815541088581085
mathdial_0309_turn_016,telling,focus,0.4131779372692108,0.21015185117721558,0.20302608609199524
mathdial_0310_turn_000,generic,probing,0.7967948317527771,0.11505500227212906,0.681739829480648
mathdial_0310_turn_000,generic,focus,0.7967948317527771,0.060865618288517,0.7359292134642601
mathdial_0310_turn_000,generic,telling,0.7967948317527771,0.027284538373351097,0.769510293379426
mathdial_0310_turn_002,probing,generic,0.6283980011940002,0.09097405523061752,0.5374239459633827
mathdial_0310_turn_002,probing,focus,0.6283980011940002,0.15191635489463806,0.4764816462993622
mathdial_0310_turn_002,probing,telling,0.6283980011940002,0.12871161103248596,0.4996863901615143
mathdial_0310_turn_004,probing,generic,0.46212756633758545,0.09855717420578003,0.3635703921318054
mathdial_0310_turn_004,probing,focus,0.46212756633758545,0.16134977340698242,0.300777792930603
mathdial_0310_turn_004,probing,telling,0.46212756633758545,0.2779655456542969,0.18416202068328857
mathdial_0314_turn_000,generic,probing,0.7951992750167847,0.11511879414319992,0.6800804808735847
mathdial_0314_turn_000,generic,focus,0.7951992750167847,0.061903152614831924,0.7332961224019527
mathdial_0314_turn_000,generic,telling,0.7951992750167847,0.02777874656021595,0.7674205284565687
mathdial_0314_turn_002,focus,generic,0.6156148314476013,0.03027988225221634,0.585334949195385
mathdial_0314_turn_002,focus,probing,0.6156148314476013,0.2892569303512573,0.326357901096344
mathdial_0314_turn_002,focus,telling,0.6156148314476013,0.06484836339950562,0.5507664680480957
mathdial_0314_turn_004,focus,generic,0.4087139070034027,0.06265798956155777,0.34605591744184494
mathdial_0314_turn_004,focus,probing,0.4087139070034027,0.32903367280960083,0.07968023419380188
mathdial_0314_turn_004,focus,telling,0.4087139070034027,0.1995944231748581,0.20911948382854462
mathdial_0314_turn_006,focus,generic,0.450021892786026,0.06963547319173813,0.3803864195942879
mathdial_0314_turn_006,focus,probing,0.450021892786026,0.23725628852844238,0.21276560425758362
mathdial_0314_turn_006,focus,telling,0.450021892786026,0.24308642745018005,0.20693546533584595
mathdial_0314_turn_008,focus,generic,0.38672322034835815,0.08734536916017532,0.29937785118818283
mathdial_0314_turn_008,focus,probing,0.38672322034835815,0.18931268155574799,0.19741053879261017
mathdial_0314_turn_008,focus,telling,0.38672322034835815,0.3366188108921051,0.05010440945625305
mathdial_0348_turn_000,generic,probing,0.7901826500892639,0.12042275071144104,0.6697598993778229
mathdial_0348_turn_000,generic,focus,0.7901826500892639,0.061101704835891724,0.7290809452533722
mathdial_0348_turn_000,generic,telling,0.7901826500892639,0.028292905539274216,0.7618897445499897
mathdial_0348_turn_002,focus,generic,0.6415219902992249,0.02636120468378067,0.6151607856154442
mathdial_0348_turn_002,focus,probing,0.6415219902992249,0.2773923873901367,0.36412960290908813
mathdial_0348_turn_002,focus,telling,0.6415219902992249,0.054724521934986115,0.5867974683642387
mathdial_0348_turn_004,focus,generic,0.5958558917045593,0.039161551743745804,0.5566943399608135
mathdial_0348_turn_004,focus,probing,0.5958558917045593,0.226969376206398,0.3688865154981613
mathdial_0348_turn_004,focus,telling,0.5958558917045593,0.13801313936710358,0.45784275233745575
mathdial_0348_turn_006,focus,generic,0.5952461957931519,0.05058042332530022,0.5446657724678516
mathdial_0348_turn_006,focus,probing,0.5952461957931519,0.18335291743278503,0.4118932783603668
mathdial_0348_turn_006,focus,telling,0.5952461957931519,0.17082048952579498,0.4244257062673569
mathdial_0348_turn_008,focus,generic,0.5387038588523865,0.0641205683350563,0.47458329051733017
mathdial_0348_turn_008,focus,probing,0.5387038588523865,0.169610857963562,0.36909300088882446
mathdial_0348_turn_008,focus,telling,0.5387038588523865,0.22756467759609222,0.31113918125629425
mathdial_0348_turn_010,telling,generic,0.46806246042251587,0.1600475311279297,0.3080149292945862
mathdial_0348_turn_010,telling,probing,0.46806246042251587,0.10882500559091568,0.3592374548316002
mathdial_0348_turn_010,telling,focus,0.46806246042251587,0.26306504011154175,0.20499742031097412
mathdial_0348_turn_012,telling,generic,0.3657013475894928,0.23466646671295166,0.13103488087654114
mathdial_0348_turn_012,telling,probing,0.3657013475894928,0.14355801045894623,0.22214333713054657
mathdial_0348_turn_012,telling,focus,0.3657013475894928,0.2560741901397705,0.10962715744972229
mathdial_0348_turn_014,telling,generic,0.3903128206729889,0.2232893705368042,0.1670234501361847
mathdial_0348_turn_014,telling,probing,0.3903128206729889,0.1333349496126175,0.2569778710603714
mathdial_0348_turn_014,telling,focus,0.3903128206729889,0.25306281447410583,0.13725000619888306
mathdial_0353_turn_000,generic,probing,0.7884055376052856,0.12149225175380707,0.6669132858514786
mathdial_0353_turn_000,generic,focus,0.7884055376052856,0.06266787648200989,0.7257376611232758
mathdial_0353_turn_000,generic,telling,0.7884055376052856,0.02743438631296158,0.7609711512923241
mathdial_0353_turn_002,focus,generic,0.5975167751312256,0.0386381596326828,0.5588786154985428
mathdial_0353_turn_002,focus,probing,0.5975167751312256,0.31171485781669617,0.2858019173145294
mathdial_0353_turn_002,focus,telling,0.5975167751312256,0.052130233496427536,0.545386541634798
mathdial_0353_turn_004,focus,generic,0.44004714488983154,0.07202309370040894,0.3680240511894226
mathdial_0353_turn_004,focus,probing,0.44004714488983154,0.2598707675933838,0.18017637729644775
mathdial_0353_turn_004,focus,telling,0.44004714488983154,0.22805902361869812,0.21198812127113342
mathdial_0353_turn_006,focus,generic,0.4202740490436554,0.07573435455560684,0.34453969448804855
mathdial_0353_turn_006,focus,probing,0.4202740490436554,0.22852832078933716,0.19174572825431824
mathdial_0353_turn_006,focus,telling,0.4202740490436554,0.2754632234573364,0.14481082558631897
mathdial_0353_turn_008,focus,generic,0.39683088660240173,0.09074410051107407,0.30608678609132767
mathdial_0353_turn_008,focus,probing,0.39683088660240173,0.19030353426933289,0.20652735233306885
mathdial_0353_turn_008,focus,telling,0.39683088660240173,0.3221215307712555,0.07470935583114624
mathdial_0354_turn_000,generic,probing,0.7599704265594482,0.1390414535999298,0.6209289729595184
mathdial_0354_turn_000,generic,focus,0.7599704265594482,0.0681229829788208,0.6918474435806274
mathdial_0354_turn_000,generic,telling,0.7599704265594482,0.03286516293883324,0.727105263620615
mathdial_0354_turn_002,focus,generic,0.5552231669425964,0.025500403717160225,0.5297227632254362
mathdial_0354_turn_002,focus,probing,0.5552231669425964,0.3510289788246155,0.20419418811798096
mathdial_0354_turn_002,focus,telling,0.5552231669425964,0.06824750453233719,0.48697566241025925
mathdial_0354_turn_004,focus,generic,0.4866192936897278,0.02352963760495186,0.4630896560847759
mathdial_0354_turn_004,focus,probing,0.4866192936897278,0.38374724984169006,0.10287204384803772
mathdial_0354_turn_004,focus,telling,0.4866192936897278,0.10610385984182358,0.3805154338479042
mathdial_0354_turn_006,focus,generic,0.5053712129592896,0.028117964044213295,0.47725324891507626
mathdial_0354_turn_006,focus,probing,0.5053712129592896,0.32765525579452515,0.1777159571647644
mathdial_0354_turn_006,focus,telling,0.5053712129592896,0.1388554871082306,0.36651572585105896
mathdial_0354_turn_008,focus,generic,0.49405232071876526,0.03311006352305412,0.46094225719571114
mathdial_0354_turn_008,focus,probing,0.49405232071876526,0.28833964467048645,0.2057126760482788
mathdial_0354_turn_008,focus,telling,0.49405232071876526,0.18449796736240387,0.3095543533563614
mathdial_0354_turn_010,telling,generic,0.3560602068901062,0.11192545294761658,0.24413475394248962
mathdial_0354_turn_010,telling,probing,0.3560602068901062,0.19515852630138397,0.16090168058872223
mathdial_0354_turn_010,telling,focus,0.3560602068901062,0.33685585856437683,0.01920434832572937
mathdial_0354_turn_011,probing,generic,0.34523627161979675,0.11511782556772232,0.23011844605207443
mathdial_0354_turn_011,probing,focus,0.34523627161979675,0.2139238715171814,0.13131240010261536
mathdial_0354_turn_011,probing,telling,0.34523627161979675,0.3257220387458801,0.019514232873916626
mathdial_0362_turn_000,generic,probing,0.7892724871635437,0.12229601293802261,0.6669764742255211
mathdial_0362_turn_000,generic,focus,0.7892724871635437,0.06025845184922218,0.7290140353143215
mathdial_0362_turn_000,generic,telling,0.7892724871635437,0.028173070400953293,0.7610994167625904
mathdial_0362_turn_002,generic,probing,0.4618746042251587,0.31631118059158325,0.14556342363357544
mathdial_0362_turn_002,generic,focus,0.4618746042251587,0.14972956478595734,0.31214503943920135
mathdial_0362_turn_002,generic,telling,0.4618746042251587,0.07208464294672012,0.38978996127843857
mathdial_0362_turn_003,generic,probing,0.44976598024368286,0.30411210656166077,0.1456538736820221
mathdial_0362_turn_003,generic,focus,0.44976598024368286,0.16527988016605377,0.2844861000776291
mathdial_0362_turn_003,generic,telling,0.44976598024368286,0.08084195852279663,0.36892402172088623
mathdial_0362_turn_005,probing,generic,0.39385825395584106,0.2266925722360611,0.16716568171977997
mathdial_0362_turn_005,probing,focus,0.39385825395584106,0.24851690232753754,0.14534135162830353
mathdial_0362_turn_005,probing,telling,0.39385825395584106,0.13093234598636627,0.2629259079694748
mathdial_0371_turn_000,generic,probing,0.7967948317527771,0.11505500227212906,0.681739829480648
mathdial_0371_turn_000,generic,focus,0.7967948317527771,0.060865618288517,0.7359292134642601
mathdial_0371_turn_000,generic,telling,0.7967948317527771,0.027284538373351097,0.769510293379426
mathdial_0371_turn_002,focus,generic,0.531430721282959,0.055560726672410965,0.475869994610548
mathdial_0371_turn_002,focus,probing,0.531430721282959,0.3602587580680847,0.17117196321487427
mathdial_0371_turn_002,focus,telling,0.531430721282959,0.0527498796582222,0.4786808416247368
mathdial_0371_turn_004,telling,generic,0.28159385919570923,0.26864227652549744,0.012951582670211792
mathdial_0371_turn_004,telling,probing,0.28159385919570923,0.19650550186634064,0.08508835732936859
mathdial_0371_turn_004,telling,focus,0.28159385919570923,0.2532583475112915,0.028335511684417725
mathdial_0371_turn_006,generic,probing,0.2949480414390564,0.1956973373889923,0.09925070405006409
mathdial_0371_turn_006,generic,focus,0.2949480414390564,0.28927522897720337,0.005672812461853027
mathdial_0371_turn_006,generic,telling,0.2949480414390564,0.22007931768894196,0.07486872375011444
mathdial_0371_turn_008,focus,generic,0.35252970457077026,0.2431323081254959,0.10939739644527435
mathdial_0371_turn_008,focus,probing,0.35252970457077026,0.19618654251098633,0.15634316205978394
mathdial_0371_turn_008,focus,telling,0.35252970457077026,0.2081514596939087,0.14437824487686157
mathdial_0371_turn_010,focus,generic,0.3545668125152588,0.23282429575920105,0.12174251675605774
mathdial_0371_turn_010,focus,probing,0.3545668125152588,0.18883752822875977,0.16572928428649902
mathdial_0371_turn_010,focus,telling,0.3545668125152588,0.2237713634967804,0.1307954490184784
mathdial_0371_turn_012,focus,generic,0.3386697471141815,0.24017801880836487,0.09849172830581665
mathdial_0371_turn_012,focus,probing,0.3386697471141815,0.17611064016819,0.16255910694599152
mathdial_0371_turn_012,focus,telling,0.3386697471141815,0.2450416386127472,0.09362810850143433
mathdial_0392_turn_000,generic,probing,0.7956120371818542,0.11496364325284958,0.6806483939290047
mathdial_0392_turn_000,generic,focus,0.7956120371818542,0.061616867780685425,0.7339951694011688
mathdial_0392_turn_000,generic,telling,0.7956120371818542,0.027807390317320824,0.7678046468645334
mathdial_0392_turn_001,generic,probing,0.8308030366897583,0.08758430927991867,0.7432187274098396
mathdial_0392_turn_001,generic,focus,0.8308030366897583,0.058011844754219055,0.7727911919355392
mathdial_0392_turn_001,generic,telling,0.8308030366897583,0.023600850254297256,0.807202186435461
mathdial_0392_turn_002,generic,probing,0.8297452330589294,0.08666136860847473,0.7430838644504547
mathdial_0392_turn_002,generic,focus,0.8297452330589294,0.060317255556583405,0.769427977502346
mathdial_0392_turn_002,generic,telling,0.8297452330589294,0.02327621728181839,0.806469015777111
mathdial_0392_turn_004,focus,generic,0.6036734580993652,0.02913735806941986,0.5745361000299454
mathdial_0392_turn_004,focus,probing,0.6036734580993652,0.3269280195236206,0.27674543857574463
mathdial_0392_turn_004,focus,telling,0.6036734580993652,0.040261153131723404,0.5634123049676418
mathdial_0392_turn_006,focus,generic,0.6367579698562622,0.02383551374077797,0.6129224561154842
mathdial_0392_turn_006,focus,probing,0.6367579698562622,0.28909793496131897,0.34766003489494324
mathdial_0392_turn_006,focus,telling,0.6367579698562622,0.05030859261751175,0.5864493772387505
mathdial_0392_turn_008,focus,generic,0.6302034854888916,0.0312601737678051,0.5989433117210865
mathdial_0392_turn_008,focus,probing,0.6302034854888916,0.2765715420246124,0.3536319434642792
mathdial_0392_turn_008,focus,telling,0.6302034854888916,0.061964843422174454,0.5682386420667171
mathdial_0392_turn_010,focus,generic,0.6414142847061157,0.034418731927871704,0.606995552778244
mathdial_0392_turn_010,focus,probing,0.6414142847061157,0.25185075402259827,0.38956353068351746
mathdial_0392_turn_010,focus,telling,0.6414142847061157,0.07231617718935013,0.5690981075167656
mathdial_0392_turn_012,focus,generic,0.5820366740226746,0.06286247819662094,0.5191741958260536
mathdial_0392_turn_012,focus,probing,0.5820366740226746,0.23137272894382477,0.3506639450788498
mathdial_0392_turn_012,focus,telling,0.5820366740226746,0.12372805923223495,0.4583086147904396
mathdial_0392_turn_014,focus,generic,0.4770219922065735,0.102204829454422,0.3748171627521515
mathdial_0392_turn_014,focus,probing,0.4770219922065735,0.16448408365249634,0.31253790855407715
mathdial_0392_turn_014,focus,telling,0.4770219922065735,0.25628915429115295,0.22073283791542053
mathdial_0392_turn_016,telling,generic,0.36893948912620544,0.19025537371635437,0.17868411540985107
mathdial_0392_turn_016,telling,probing,0.36893948912620544,0.15800979733467102,0.21092969179153442
mathdial_0392_turn_016,telling,focus,0.36893948912620544,0.28279536962509155,0.08614411950111389
mathdial_0392_turn_018,telling,generic,0.5253714919090271,0.1564917415380478,0.3688797503709793
mathdial_0392_turn_018,telling,probing,0.5253714919090271,0.12400218844413757,0.4013693034648895
mathdial_0392_turn_018,telling,focus,0.5253714919090271,0.19413459300994873,0.33123689889907837
mathdial_0392_turn_020,telling,generic,0.5179619193077087,0.16214069724082947,0.3558212220668793
mathdial_0392_turn_020,telling,probing,0.5179619193077087,0.12599143385887146,0.3919704854488373
mathdial_0392_turn_020,telling,focus,0.5179619193077087,0.19390591979026794,0.3240559995174408
mathdial_0392_turn_022,telling,generic,0.6788856983184814,0.0934051051735878,0.5854805931448936
mathdial_0392_turn_022,telling,probing,0.6788856983184814,0.09281760454177856,0.5860680937767029
mathdial_0392_turn_022,telling,focus,0.6788856983184814,0.134891539812088,0.5439941585063934
mathdial_0428_turn_000,generic,probing,0.7897510528564453,0.12029145658016205,0.6694595962762833
mathdial_0428_turn_000,generic,focus,0.7897510528564453,0.06247500330209732,0.727276049554348
mathdial_0428_turn_000,generic,telling,0.7897510528564453,0.02748248726129532,0.76226856559515
mathdial_0428_turn_002,focus,generic,0.5279073119163513,0.14410141110420227,0.38380590081214905
mathdial_0428_turn_002,focus,probing,0.5279073119163513,0.18416865170001984,0.3437386602163315
mathdial_0428_turn_002,focus,telling,0.5279073119163513,0.14382264018058777,0.38408467173576355
mathdial_0428_turn_004,focus,generic,0.48957139253616333,0.1549260914325714,0.3346453011035919
mathdial_0428_turn_004,focus,probing,0.48957139253616333,0.1745200902223587,0.3150513023138046
mathdial_0428_turn_004,focus,telling,0.48957139253616333,0.18098250031471252,0.3085888922214508
mathdial_0428_turn_005,focus,generic,0.34354886412620544,0.2598690688610077,0.08367979526519775
mathdial_0428_turn_005,focus,probing,0.34354886412620544,0.20632301270961761,0.13722585141658783
mathdial_0428_turn_005,focus,telling,0.34354886412620544,0.19025903940200806,0.1532898247241974
mathdial_0428_turn_007,focus,generic,0.3417133390903473,0.2145393043756485,0.1271740347146988
mathdial_0428_turn_007,focus,probing,0.3417133390903473,0.18613211810588837,0.15558122098445892
mathdial_0428_turn_007,focus,telling,0.3417133390903473,0.25761523842811584,0.08409810066223145
mathdial_0428_turn_009,focus,generic,0.35104089975357056,0.19401097297668457,0.157029926776886
mathdial_0428_turn_009,focus,probing,0.35104089975357056,0.17216256260871887,0.17887833714485168
mathdial_0428_turn_009,focus,telling,0.35104089975357056,0.2827855348587036,0.06825536489486694
mathdial_0428_turn_011,telling,generic,0.4253489673137665,0.11817063391208649,0.30717833340168
mathdial_0428_turn_011,telling,probing,0.4253489673137665,0.1908814013004303,0.23446756601333618
mathdial_0428_turn_011,telling,focus,0.4253489673137665,0.26559898257255554,0.15974998474121094
mathdial_0428_turn_013,telling,generic,0.40772780776023865,0.16202454268932343,0.24570326507091522
mathdial_0428_turn_013,telling,probing,0.40772780776023865,0.18495647609233856,0.22277133166790009
mathdial_0428_turn_013,telling,focus,0.40772780776023865,0.24529118835926056,0.1624366194009781
mathdial_0428_turn_015,telling,generic,0.43647828698158264,0.1047091856598854,0.33176910132169724
mathdial_0428_turn_015,telling,probing,0.43647828698158264,0.13888150453567505,0.2975967824459076
mathdial_0428_turn_015,telling,focus,0.43647828698158264,0.3199310600757599,0.11654722690582275
mathdial_0428_turn_017,telling,generic,0.41294917464256287,0.11967329680919647,0.2932758778333664
mathdial_0428_turn_017,telling,probing,0.41294917464256287,0.13922762870788574,0.2737215459346771
mathdial_0428_turn_017,telling,focus,0.41294917464256287,0.3281500041484833,0.08479917049407959
mathdial_0428_turn_019,telling,generic,0.378526508808136,0.12698614597320557,0.2515403628349304
mathdial_0428_turn_019,telling,probing,0.378526508808136,0.1680590659379959,0.21046744287014008
mathdial_0428_turn_019,telling,focus,0.378526508808136,0.32642823457717896,0.05209827423095703
mathdial_0428_turn_021,telling,generic,0.36083176732063293,0.1473551243543625,0.21347664296627045
mathdial_0428_turn_021,telling,probing,0.36083176732063293,0.1762806475162506,0.18455111980438232
mathdial_0428_turn_021,telling,focus,0.36083176732063293,0.31553247570991516,0.04529929161071777
mathdial_0428_turn_023,focus,generic,0.3912196159362793,0.10159953683614731,0.289620079100132
mathdial_0428_turn_023,focus,probing,0.3912196159362793,0.1883031576871872,0.2029164582490921
mathdial_0428_turn_023,focus,telling,0.3912196159362793,0.3188776969909668,0.0723419189453125
mathdial_0430_turn_000,generic,probing,0.7894066572189331,0.12158538401126862,0.6678212732076645
mathdial_0430_turn_000,generic,focus,0.7894066572189331,0.061180099844932556,0.7282265573740005
mathdial_0430_turn_000,generic,telling,0.7894066572189331,0.027827804908156395,0.7615788523107767
mathdial_0430_turn_002,focus,generic,0.4546465575695038,0.07040197402238846,0.3842445835471153
mathdial_0430_turn_002,focus,probing,0.4546465575695038,0.42112061381340027,0.033525943756103516
mathdial_0430_turn_002,focus,telling,0.4546465575695038,0.05383089929819107,0.4008156582713127
mathdial_0430_turn_004,focus,generic,0.5002143979072571,0.03607291728258133,0.46414148062467575
mathdial_0430_turn_004,focus,probing,0.5002143979072571,0.4110800325870514,0.08913436532020569
mathdial_0430_turn_004,focus,telling,0.5002143979072571,0.05263267457485199,0.4475817233324051
mathdial_0430_turn_005,focus,generic,0.4422859251499176,0.05584833025932312,0.3864375948905945
mathdial_0430_turn_005,focus,probing,0.4422859251499176,0.43730467557907104,0.004981249570846558
mathdial_0430_turn_005,focus,telling,0.4422859251499176,0.06456117331981659,0.377724751830101
mathdial_0430_turn_007,focus,generic,0.372942179441452,0.16249144077301025,0.21045073866844177
mathdial_0430_turn_007,focus,probing,0.372942179441452,0.31489285826683044,0.05804932117462158
mathdial_0430_turn_007,focus,telling,0.372942179441452,0.1496734619140625,0.22326871752738953
mathdial_0430_turn_009,focus,generic,0.3511647582054138,0.19189374148845673,0.1592710167169571
mathdial_0430_turn_009,focus,probing,0.3511647582054138,0.278414249420166,0.0727505087852478
mathdial_0430_turn_009,focus,telling,0.3511647582054138,0.17852731049060822,0.1726374477148056
mathdial_0430_turn_011,focus,generic,0.3234022855758667,0.22564078867435455,0.09776149690151215
mathdial_0430_turn_011,focus,probing,0.3234022855758667,0.2405122071504593,0.08289007842540741
mathdial_0430_turn_011,focus,telling,0.3234022855758667,0.2104446440935135,0.11295764148235321
mathdial_0430_turn_013,focus,generic,0.3362053632736206,0.21463419497013092,0.12157116830348969
mathdial_0430_turn_013,focus,probing,0.3362053632736206,0.2343953251838684,0.1018100380897522
mathdial_0430_turn_013,focus,telling,0.3362053632736206,0.21476517617702484,0.12144018709659576
mathdial_0430_turn_014,focus,generic,0.30353426933288574,0.2463633418083191,0.05717092752456665
mathdial_0430_turn_014,focus,probing,0.30353426933288574,0.21953096985816956,0.08400329947471619
mathdial_0430_turn_014,focus,telling,0.30353426933288574,0.230571448802948,0.07296282052993774
mathdial_0430_turn_016,focus,generic,0.3050866723060608,0.25107666850090027,0.05401000380516052
mathdial_0430_turn_016,focus,probing,0.3050866723060608,0.19004319608211517,0.11504347622394562
mathdial_0430_turn_016,focus,telling,0.3050866723060608,0.2537934482097626,0.05129322409629822
mathdial_0458_turn_000,generic,probing,0.7781607508659363,0.13251979649066925,0.645640954375267
mathdial_0458_turn_000,generic,focus,0.7781607508659363,0.05907415971159935,0.7190865911543369
mathdial_0458_turn_000,generic,telling,0.7781607508659363,0.030245287343859673,0.7479154635220766
mathdial_0458_turn_002,probing,generic,0.5223773121833801,0.020984340459108353,0.5013929717242718
mathdial_0458_turn_002,probing,focus,0.5223773121833801,0.33314308524131775,0.18923422694206238
mathdial_0458_turn_002,probing,telling,0.5223773121833801,0.1234951913356781,0.398882120847702
mathdial_0458_turn_004,probing,generic,0.39001065492630005,0.03712946176528931,0.35288119316101074
mathdial_0458_turn_004,probing,focus,0.39001065492630005,0.3797139525413513,0.01029670238494873
mathdial_0458_turn_004,probing,telling,0.39001065492630005,0.1931460201740265,0.19686463475227356
mathdial_0458_turn_006,probing,generic,0.33918532729148865,0.05135522782802582,0.28783009946346283
mathdial_0458_turn_006,probing,focus,0.33918532729148865,0.2955479025840759,0.04363742470741272
mathdial_0458_turn_006,probing,telling,0.33918532729148865,0.3139115869998932,0.02527374029159546
mathdial_0458_turn_008,telling,generic,0.34669309854507446,0.06513671576976776,0.2815563827753067
mathdial_0458_turn_008,telling,probing,0.34669309854507446,0.3119630515575409,0.03473004698753357
mathdial_0458_turn_008,telling,focus,0.34669309854507446,0.2762070894241333,0.07048600912094116
mathdial_0458_turn_010,telling,generic,0.37477174401283264,0.15984466671943665,0.214927077293396
mathdial_0458_turn_010,telling,probing,0.37477174401283264,0.21046581864356995,0.1643059253692627
mathdial_0458_turn_010,telling,focus,0.37477174401283264,0.25491780042648315,0.11985394358634949
mathdial_0458_turn_012,telling,generic,0.3835141062736511,0.16312292218208313,0.220391184091568
mathdial_0458_turn_012,telling,probing,0.3835141062736511,0.2020351141691208,0.18147899210453033
mathdial_0458_turn_012,telling,focus,0.3835141062736511,0.25132784247398376,0.13218626379966736
mathdial_0458_turn_014,telling,generic,0.4142276644706726,0.15798787772655487,0.25623978674411774
mathdial_0458_turn_014,telling,probing,0.4142276644706726,0.183693990111351,0.2305336743593216
mathdial_0458_turn_014,telling,focus,0.4142276644706726,0.2440904974937439,0.1701371669769287
mathdial_0475_turn_000,generic,probing,0.7897509932518005,0.12029147893190384,0.6694595143198967
mathdial_0475_turn_000,generic,focus,0.7897509932518005,0.062474995851516724,0.7272759974002838
mathdial_0475_turn_000,generic,telling,0.7897509932518005,0.027482490986585617,0.7622685022652149
mathdial_0475_turn_002,probing,generic,0.7293627262115479,0.04841499403119087,0.680947732180357
mathdial_0475_turn_002,probing,focus,0.7293627262115479,0.13516904413700104,0.5941936820745468
mathdial_0475_turn_002,probing,telling,0.7293627262115479,0.08705313503742218,0.6423095911741257
mathdial_0475_turn_004,probing,generic,0.5771129131317139,0.11536732316017151,0.46174558997154236
mathdial_0475_turn_004,probing,focus,0.5771129131317139,0.16036733984947205,0.4167455732822418
mathdial_0475_turn_004,probing,telling,0.5771129131317139,0.14715245366096497,0.4299604594707489
mathdial_0475_turn_006,probing,generic,0.44801777601242065,0.1926814466714859,0.25533632934093475
mathdial_0475_turn_006,probing,focus,0.44801777601242065,0.19088932871818542,0.25712844729423523
mathdial_0475_turn_006,probing,telling,0.44801777601242065,0.1684114933013916,0.27960628271102905
mathdial_0475_turn_008,probing,generic,0.2982715368270874,0.28158220648765564,0.016689330339431763
mathdial_0475_turn_008,probing,focus,0.2982715368270874,0.17124061286449432,0.12703092396259308
mathdial_0475_turn_008,probing,telling,0.2982715368270874,0.24890562891960144,0.04936590790748596
mathdial_0475_turn_010,probing,generic,0.2924668788909912,0.26389238238334656,0.028574496507644653
mathdial_0475_turn_010,probing,focus,0.2924668788909912,0.17239351570606232,0.1200733631849289
mathdial_0475_turn_010,probing,telling,0.2924668788909912,0.2712472975254059,0.021219581365585327
mathdial_0475_turn_012,telling,generic,0.3271949887275696,0.22872576117515564,0.09846922755241394
mathdial_0475_turn_012,telling,probing,0.3271949887275696,0.27820396423339844,0.04899102449417114
mathdial_0475_turn_012,telling,focus,0.3271949887275696,0.16587531566619873,0.16131967306137085
mathdial_0478_turn_000,generic,probing,0.7942342758178711,0.11572658270597458,0.6785076931118965
mathdial_0478_turn_000,generic,focus,0.7942342758178711,0.0626147910952568,0.7316194847226143
mathdial_0478_turn_000,generic,telling,0.7942342758178711,0.027424335479736328,0.7668099403381348
mathdial_0478_turn_002,probing,generic,0.720651388168335,0.032958075404167175,0.6876933127641678
mathdial_0478_turn_002,probing,focus,0.720651388168335,0.17297430336475372,0.5476770848035812
mathdial_0478_turn_002,probing,telling,0.720651388168335,0.07341623306274414,0.6472351551055908
mathdial_0478_turn_004,probing,generic,0.6697770953178406,0.0273392703384161,0.6424378249794245
mathdial_0478_turn_004,probing,focus,0.6697770953178406,0.21216623485088348,0.4576108604669571
mathdial_0478_turn_004,probing,telling,0.6697770953178406,0.09071741998195648,0.5790596753358841
mathdial_0478_turn_006,probing,generic,0.35118260979652405,0.23007382452487946,0.12110878527164459
mathdial_0478_turn_006,probing,focus,0.35118260979652405,0.1671523004770279,0.18403030931949615
mathdial_0478_turn_006,probing,telling,0.35118260979652405,0.2515912353992462,0.09959137439727783
mathdial_0478_turn_008,probing,generic,0.38385775685310364,0.19651930034160614,0.1873384565114975
mathdial_0478_turn_008,probing,focus,0.38385775685310364,0.19388635456562042,0.18997140228748322
mathdial_0478_turn_008,probing,telling,0.38385775685310364,0.2257366180419922,0.15812113881111145
mathdial_0479_turn_000,generic,probing,0.7893694043159485,0.12250925600528717,0.6668601483106613
mathdial_0479_turn_000,generic,focus,0.7893694043159485,0.060279447585344315,0.7290899567306042
mathdial_0479_turn_000,generic,telling,0.7893694043159485,0.02784189023077488,0.7615275140851736
mathdial_0479_turn_002,probing,generic,0.29860633611679077,0.2367352545261383,0.061871081590652466
mathdial_0479_turn_002,probing,focus,0.29860633611679077,0.22859854996204376,0.07000778615474701
mathdial_0479_turn_002,probing,telling,0.29860633611679077,0.23605990409851074,0.06254643201828003
mathdial_0479_turn_004,telling,generic,0.3072565495967865,0.20749741792678833,0.09975913166999817
mathdial_0479_turn_004,telling,probing,0.3072565495967865,0.24874579906463623,0.05851075053215027
mathdial_0479_turn_004,telling,focus,0.3072565495967865,0.23650017380714417,0.07075637578964233
mathdial_0479_turn_006,telling,generic,0.3401995003223419,0.3139503300189972,0.026249170303344727
mathdial_0479_turn_006,telling,probing,0.3401995003223419,0.1894046664237976,0.1507948338985443
mathdial_0479_turn_006,telling,focus,0.3401995003223419,0.1564454287290573,0.1837540715932846
mathdial_0479_turn_008,telling,generic,0.3626483380794525,0.29031527042388916,0.07233306765556335
mathdial_0479_turn_008,telling,probing,0.3626483380794525,0.18367362022399902,0.1789747178554535
mathdial_0479_turn_008,telling,focus,0.3626483380794525,0.1633627712726593,0.1992855668067932
mathdial_0479_turn_010,telling,generic,0.3802351951599121,0.24670235812664032,0.1335328370332718
mathdial_0479_turn_010,telling,probing,0.3802351951599121,0.1871217042207718,0.19311349093914032
mathdial_0479_turn_010,telling,focus,0.3802351951599121,0.1859407275915146,0.19429446756839752
mathdial_0482_turn_000,generic,probing,0.7911667823791504,0.11969208717346191,0.6714746952056885
mathdial_0482_turn_000,generic,focus,0.7911667823791504,0.06133521348237991,0.7298315688967705
mathdial_0482_turn_000,generic,telling,0.7911667823791504,0.027805883437395096,0.7633608989417553
mathdial_0482_turn_002,probing,generic,0.3230615556240082,0.23442667722702026,0.08863487839698792
mathdial_0482_turn_002,probing,focus,0.3230615556240082,0.24687105417251587,0.07619050145149231
mathdial_0482_turn_002,probing,telling,0.3230615556240082,0.19564072787761688,0.1274208277463913
mathdial_0482_turn_004,probing,generic,0.3106880486011505,0.21049875020980835,0.10018929839134216
mathdial_0482_turn_004,probing,focus,0.3106880486011505,0.24147452414035797,0.06921352446079254
mathdial_0482_turn_004,probing,telling,0.3106880486011505,0.23733866214752197,0.07334938645362854
mathdial_0492_turn_000,generic,probing,0.7942718267440796,0.11611681431531906,0.6781550124287605
mathdial_0492_turn_000,generic,focus,0.7942718267440796,0.06191416457295418,0.7323576621711254
mathdial_0492_turn_000,generic,telling,0.7942718267440796,0.027697207406163216,0.7665746193379164
mathdial_0492_turn_002,focus,generic,0.4681266248226166,0.20931977033615112,0.25880685448646545
mathdial_0492_turn_002,focus,probing,0.4681266248226166,0.12661266326904297,0.3415139615535736
mathdial_0492_turn_002,focus,telling,0.4681266248226166,0.19594095647335052,0.27218566834926605
mathdial_0492_turn_004,focus,generic,0.4706457853317261,0.18112705647945404,0.28951872885227203
mathdial_0492_turn_004,focus,probing,0.4706457853317261,0.12371388077735901,0.34693190455436707
mathdial_0492_turn_004,focus,telling,0.4706457853317261,0.22451326251029968,0.2461325228214264
mathdial_0492_turn_006,focus,generic,0.3391450345516205,0.23560823500156403,0.10353679955005646
mathdial_0492_turn_006,focus,probing,0.3391450345516205,0.10856424272060394,0.23058079183101654
mathdial_0492_turn_006,focus,telling,0.3391450345516205,0.31668245792388916,0.022462576627731323
mathdial_0492_turn_008,telling,generic,0.35006967186927795,0.21756096184253693,0.13250871002674103
mathdial_0492_turn_008,telling,probing,0.35006967186927795,0.09902079403400421,0.25104887783527374
mathdial_0492_turn_008,telling,focus,0.35006967186927795,0.3333486020565033,0.016721069812774658
mathdial_0492_turn_010,telling,generic,0.5826351642608643,0.17099006474018097,0.4116450995206833
mathdial_0492_turn_010,telling,probing,0.5826351642608643,0.08392242342233658,0.4987127408385277
mathdial_0492_turn_010,telling,focus,0.5826351642608643,0.1624523252248764,0.42018283903598785
mathdial_0495_turn_000,generic,probing,0.788589358329773,0.12091777473688126,0.6676715835928917
mathdial_0495_turn_000,generic,focus,0.788589358329773,0.06291941553354263,0.7256699427962303
mathdial_0495_turn_000,generic,telling,0.788589358329773,0.027573542669415474,0.7610158156603575
mathdial_0495_turn_001,generic,probing,0.8271418809890747,0.08931025862693787,0.7378316223621368
mathdial_0495_turn_001,generic,focus,0.8271418809890747,0.062168776988983154,0.7649731040000916
mathdial_0495_turn_001,generic,telling,0.8271418809890747,0.02137909084558487,0.8057627901434898
mathdial_0495_turn_003,focus,generic,0.6739146113395691,0.02500895969569683,0.6489056516438723
mathdial_0495_turn_003,focus,probing,0.6739146113395691,0.24865587055683136,0.42525874078273773
mathdial_0495_turn_003,focus,telling,0.6739146113395691,0.052420567721128464,0.6214940436184406
mathdial_0495_turn_005,focus,generic,0.6956554055213928,0.023322101682424545,0.6723333038389683
mathdial_0495_turn_005,focus,probing,0.6956554055213928,0.21580514311790466,0.47985026240348816
mathdial_0495_turn_005,focus,telling,0.6956554055213928,0.06521736830472946,0.6304380372166634
mathdial_0495_turn_007,focus,generic,0.6506865620613098,0.03212318569421768,0.6185633763670921
mathdial_0495_turn_007,focus,probing,0.6506865620613098,0.1988469511270523,0.4518396109342575
mathdial_0495_turn_007,focus,telling,0.6506865620613098,0.1183433011174202,0.5323432609438896
mathdial_0495_turn_009,focus,generic,0.4585590660572052,0.0765160322189331,0.3820430338382721
mathdial_0495_turn_009,focus,probing,0.4585590660572052,0.17893873155117035,0.27962033450603485
mathdial_0495_turn_009,focus,telling,0.4585590660572052,0.28598618507385254,0.17257288098335266
mathdial_0495_turn_011,telling,generic,0.46526142954826355,0.18834367394447327,0.2769177556037903
mathdial_0495_turn_011,telling,probing,0.46526142954826355,0.1285381317138672,0.33672329783439636
mathdial_0495_turn_011,telling,focus,0.46526142954826355,0.21785670518875122,0.24740472435951233
mathdial_0495_turn_013,telling,generic,0.402854323387146,0.19755549728870392,0.20529882609844208
mathdial_0495_turn_013,telling,probing,0.402854323387146,0.14339256286621094,0.25946176052093506
mathdial_0495_turn_013,telling,focus,0.402854323387146,0.25619760155677795,0.14665672183036804
mathdial_0505_turn_000,generic,probing,0.7963583469390869,0.1143849790096283,0.6819733679294586
mathdial_0505_turn_000,generic,focus,0.7963583469390869,0.06212718412280083,0.7342311628162861
mathdial_0505_turn_000,generic,telling,0.7963583469390869,0.027129489928483963,0.769228857010603
mathdial_0505_turn_002,focus,generic,0.6811993718147278,0.04237562045454979,0.638823751360178
mathdial_0505_turn_002,focus,probing,0.6811993718147278,0.22619280219078064,0.45500656962394714
mathdial_0505_turn_002,focus,telling,0.6811993718147278,0.050232186913490295,0.6309671849012375
mathdial_0505_turn_004,focus,generic,0.6700239777565002,0.03728809207677841,0.6327358856797218
mathdial_0505_turn_004,focus,probing,0.6700239777565002,0.1952814757823944,0.47474250197410583
mathdial_0505_turn_004,focus,telling,0.6700239777565002,0.09740640223026276,0.5726175755262375
mathdial_0505_turn_006,focus,generic,0.4841519892215729,0.09846881777048111,0.38568317145109177
mathdial_0505_turn_006,focus,probing,0.4841519892215729,0.15903353691101074,0.32511845231056213
mathdial_0505_turn_006,focus,telling,0.4841519892215729,0.25834572315216064,0.22580626606941223
mathdial_0505_turn_008,telling,generic,0.4206254780292511,0.13340187072753906,0.28722360730171204
mathdial_0505_turn_008,telling,probing,0.4206254780292511,0.18770989775657654,0.23291558027267456
mathdial_0505_turn_008,telling,focus,0.4206254780292511,0.2582626938819885,0.16236278414726257
mathdial_0505_turn_010,generic,probing,0.30921053886413574,0.13977552950382233,0.16943500936031342
mathdial_0505_turn_010,generic,focus,0.30921053886413574,0.2679246962070465,0.04128584265708923
mathdial_0505_turn_010,generic,telling,0.30921053886413574,0.28308922052383423,0.026121318340301514
mathdial_0509_turn_000,generic,probing,0.7899400591850281,0.12008940428495407,0.669850654900074
mathdial_0509_turn_000,generic,focus,0.7899400591850281,0.06254174560308456,0.7273983135819435
mathdial_0509_turn_000,generic,telling,0.7899400591850281,0.027428878471255302,0.7625111807137728
mathdial_0509_turn_002,probing,generic,0.527816653251648,0.03512675315141678,0.49268990010023117
mathdial_0509_turn_002,probing,focus,0.527816653251648,0.34198543429374695,0.185831218957901
mathdial_0509_turn_002,probing,telling,0.527816653251648,0.09507118165493011,0.43274547159671783
mathdial_0509_turn_004,probing,generic,0.519510805606842,0.029473867267370224,0.4900369383394718
mathdial_0509_turn_004,probing,focus,0.519510805606842,0.3228566646575928,0.19665414094924927
mathdial_0509_turn_004,probing,telling,0.519510805606842,0.12815870344638824,0.3913521021604538
mathdial_0509_turn_006,probing,generic,0.5168059468269348,0.04172747582197189,0.4750784710049629
mathdial_0509_turn_006,probing,focus,0.5168059468269348,0.293063759803772,0.22374218702316284
mathdial_0509_turn_006,probing,telling,0.5168059468269348,0.14840281009674072,0.3684031367301941
mathdial_0509_turn_008,probing,generic,0.36702409386634827,0.1844159960746765,0.18260809779167175
mathdial_0509_turn_008,probing,focus,0.36702409386634827,0.22643697261810303,0.14058712124824524
mathdial_0509_turn_008,probing,telling,0.36702409386634827,0.22212302684783936,0.1449010670185089
mathdial_0509_turn_010,probing,generic,0.30253514647483826,0.18251655995845795,0.12001858651638031
mathdial_0509_turn_010,probing,focus,0.30253514647483826,0.23535224795341492,0.06718289852142334
mathdial_0509_turn_010,probing,telling,0.30253514647483826,0.2795960009098053,0.02293914556503296
mathdial_0509_turn_012,telling,generic,0.30035480856895447,0.1767616868019104,0.12359312176704407
mathdial_0509_turn_012,telling,probing,0.30035480856895447,0.2661382853984833,0.03421652317047119
mathdial_0509_turn_012,telling,focus,0.30035480856895447,0.2567451596260071,0.04360964894294739
mathdial_0509_turn_014,telling,generic,0.32580432295799255,0.19496390223503113,0.13084042072296143
mathdial_0509_turn_014,telling,probing,0.32580432295799255,0.23194508254528046,0.0938592404127121
mathdial_0509_turn_014,telling,focus,0.32580432295799255,0.24728669226169586,0.07851763069629669
mathdial_0509_turn_016,telling,generic,0.34432584047317505,0.19894272089004517,0.14538311958312988
mathdial_0509_turn_016,telling,probing,0.34432584047317505,0.22486212849617004,0.119463711977005
mathdial_0509_turn_016,telling,focus,0.34432584047317505,0.23186931014060974,0.11245653033256531
mathdial_0509_turn_018,telling,generic,0.38964709639549255,0.20898805558681488,0.18065904080867767
mathdial_0509_turn_018,telling,probing,0.38964709639549255,0.19585607945919037,0.19379101693630219
mathdial_0509_turn_018,telling,focus,0.38964709639549255,0.2055087834596634,0.18413831293582916
mathdial_0509_turn_020,telling,generic,0.44734981656074524,0.14690887928009033,0.3004409372806549
mathdial_0509_turn_020,telling,probing,0.44734981656074524,0.20579411089420319,0.24155570566654205
mathdial_0509_turn_020,telling,focus,0.44734981656074524,0.19994720816612244,0.2474026083946228
mathdial_0511_turn_000,generic,probing,0.7850817441940308,0.12464559823274612,0.6604361459612846
mathdial_0511_turn_000,generic,focus,0.7850817441940308,0.06142440810799599,0.7236573360860348
mathdial_0511_turn_000,generic,telling,0.7850817441940308,0.028848212212324142,0.7562335319817066
mathdial_0511_turn_002,probing,generic,0.6895411610603333,0.026281781494617462,0.6632593795657158
mathdial_0511_turn_002,probing,focus,0.6895411610603333,0.16394203901290894,0.5255991220474243
mathdial_0511_turn_002,probing,telling,0.6895411610603333,0.12023502588272095,0.5693061351776123
mathdial_0511_turn_004,probing,generic,0.5504145622253418,0.04746748134493828,0.5029470808804035
mathdial_0511_turn_004,probing,focus,0.5504145622253418,0.1653808355331421,0.3850337266921997
mathdial_0511_turn_004,probing,telling,0.5504145622253418,0.23673716187477112,0.3136774003505707
mathdial_0511_turn_006,probing,generic,0.4949621260166168,0.08528680354356766,0.40967532247304916
mathdial_0511_turn_006,probing,focus,0.4949621260166168,0.18518885970115662,0.3097732663154602
mathdial_0511_turn_006,probing,telling,0.4949621260166168,0.23456226289272308,0.26039986312389374
mathdial_0511_turn_008,probing,generic,0.40134483575820923,0.08446545898914337,0.31687937676906586
mathdial_0511_turn_008,probing,focus,0.40134483575820923,0.26658865809440613,0.1347561776638031
mathdial_0511_turn_008,probing,telling,0.40134483575820923,0.2476009577512741,0.15374387800693512
mathdial_0531_turn_000,generic,probing,0.7967476844787598,0.11492876708507538,0.6818189173936844
mathdial_0531_turn_000,generic,focus,0.7967476844787598,0.061167407780885696,0.7355802766978741
mathdial_0531_turn_000,generic,telling,0.7967476844787598,0.027156151831150055,0.7695915326476097
mathdial_0531_turn_001,generic,probing,0.8382072448730469,0.08504464477300644,0.7531626001000404
mathdial_0531_turn_001,generic,focus,0.8382072448730469,0.054806485772132874,0.783400759100914
mathdial_0531_turn_001,generic,telling,0.8382072448730469,0.021941576153039932,0.8162656687200069
mathdial_0531_turn_003,probing,generic,0.5081666111946106,0.03216657415032387,0.47600003704428673
mathdial_0531_turn_003,probing,focus,0.5081666111946106,0.4162748157978058,0.09189179539680481
mathdial_0531_turn_003,probing,telling,0.5081666111946106,0.04339194670319557,0.464774664491415
mathdial_0531_turn_005,probing,generic,0.4887468218803406,0.026302598416805267,0.4624442234635353
mathdial_0531_turn_005,probing,focus,0.4887468218803406,0.4362325966358185,0.052514225244522095
mathdial_0531_turn_005,probing,telling,0.4887468218803406,0.048717938363552094,0.4400288835167885
mathdial_0531_turn_007,focus,generic,0.47577932476997375,0.041820116341114044,0.4339592084288597
mathdial_0531_turn_007,focus,probing,0.47577932476997375,0.3951162099838257,0.08066311478614807
mathdial_0531_turn_007,focus,telling,0.47577932476997375,0.08728431910276413,0.3884950056672096
mathdial_0531_turn_009,focus,generic,0.4175720512866974,0.0999530628323555,0.3176189884543419
mathdial_0531_turn_009,focus,probing,0.4175720512866974,0.3299429714679718,0.08762907981872559
mathdial_0531_turn_009,focus,telling,0.4175720512866974,0.15253198146820068,0.2650400698184967
mathdial_0531_turn_011,focus,generic,0.378886878490448,0.14284217357635498,0.23604470491409302
mathdial_0531_turn_011,focus,probing,0.378886878490448,0.26174673438072205,0.11714014410972595
mathdial_0531_turn_011,focus,telling,0.378886878490448,0.21652422845363617,0.16236265003681183
mathdial_0531_turn_013,telling,generic,0.4252118468284607,0.280098557472229,0.1451132893562317
mathdial_0531_turn_013,telling,probing,0.4252118468284607,0.08976253122091293,0.33544931560754776
mathdial_0531_turn_013,telling,focus,0.4252118468284607,0.20492714643478394,0.22028470039367676
mathdial_0534_turn_000,generic,probing,0.7868709564208984,0.12301398068666458,0.6638569757342339
mathdial_0534_turn_000,generic,focus,0.7868709564208984,0.06160358339548111,0.7252673730254173
mathdial_0534_turn_000,generic,telling,0.7868709564208984,0.028511542826890945,0.7583594135940075
mathdial_0534_turn_001,generic,probing,0.8142040967941284,0.10201621055603027,0.7121878862380981
mathdial_0534_turn_001,generic,focus,0.8142040967941284,0.057411834597587585,0.7567922621965408
mathdial_0534_turn_001,generic,telling,0.8142040967941284,0.026367856189608574,0.7878362406045198
mathdial_0534_turn_002,generic,probing,0.8211016058921814,0.09746859222650528,0.7236330136656761
mathdial_0534_turn_002,generic,focus,0.8211016058921814,0.05575500801205635,0.765346597880125
mathdial_0534_turn_002,generic,telling,0.8211016058921814,0.025674808770418167,0.7954267971217632
mathdial_0534_turn_003,generic,probing,0.8202546238899231,0.09803135693073273,0.7222232669591904
mathdial_0534_turn_003,generic,focus,0.8202546238899231,0.054996099323034286,0.7652585245668888
mathdial_0534_turn_003,generic,telling,0.8202546238899231,0.02671794965863228,0.7935366742312908
mathdial_0534_turn_004,generic,probing,0.8175143003463745,0.10044335573911667,0.7170709446072578
mathdial_0534_turn_004,generic,focus,0.8175143003463745,0.055501680821180344,0.7620126195251942
mathdial_0534_turn_004,generic,telling,0.8175143003463745,0.02654070220887661,0.7909735981374979
mathdial_0534_turn_005,generic,probing,0.8185850977897644,0.0995493084192276,0.7190357893705368
mathdial_0534_turn_005,generic,focus,0.8185850977897644,0.05520056188106537,0.763384535908699
mathdial_0534_turn_005,generic,telling,0.8185850977897644,0.026665031909942627,0.7919200658798218
mathdial_0534_turn_007,probing,generic,0.6007968783378601,0.048770662397146225,0.5520262159407139
mathdial_0534_turn_007,probing,focus,0.6007968783378601,0.28215137124061584,0.31864550709724426
mathdial_0534_turn_007,probing,telling,0.6007968783378601,0.0682811439037323,0.5325157344341278
mathdial_0534_turn_009,telling,generic,0.3063589632511139,0.2460910826921463,0.06026788055896759
mathdial_0534_turn_009,telling,probing,0.3063589632511139,0.2257244735956192,0.08063448965549469
mathdial_0534_turn_009,telling,focus,0.3063589632511139,0.2218254655599594,0.08453349769115448
mathdial_0534_turn_011,telling,generic,0.35825294256210327,0.21713043749332428,0.141122505068779
mathdial_0534_turn_011,telling,probing,0.35825294256210327,0.19577762484550476,0.1624753177165985
mathdial_0534_turn_011,telling,focus,0.35825294256210327,0.22883901000022888,0.1294139325618744
mathdial_0534_turn_013,telling,generic,0.3658314645290375,0.21043257415294647,0.155398890376091
mathdial_0534_turn_013,telling,probing,0.3658314645290375,0.18793907761573792,0.17789238691329956
mathdial_0534_turn_013,telling,focus,0.3658314645290375,0.23579683899879456,0.13003462553024292
mathdial_0536_turn_000,generic,probing,0.7967948317527771,0.11505500227212906,0.681739829480648
mathdial_0536_turn_000,generic,focus,0.7967948317527771,0.060865618288517,0.7359292134642601
mathdial_0536_turn_000,generic,telling,0.7967948317527771,0.027284538373351097,0.769510293379426
mathdial_0536_turn_002,focus,generic,0.5338883996009827,0.17391924560070038,0.3599691540002823
mathdial_0536_turn_002,focus,probing,0.5338883996009827,0.1098346933722496,0.42405370622873306
mathdial_0536_turn_002,focus,telling,0.5338883996009827,0.18235762417316437,0.3515307754278183
mathdial_0536_turn_004,generic,probing,0.3504686653614044,0.15407687425613403,0.19639179110527039
mathdial_0536_turn_004,generic,focus,0.3504686653614044,0.24974797666072845,0.10072068870067596
mathdial_0536_turn_004,generic,telling,0.3504686653614044,0.2457064688205719,0.10476219654083252
mathdial_0538_turn_000,generic,probing,0.797264814376831,0.11365446448326111,0.68361034989357
mathdial_0538_turn_000,generic,focus,0.797264814376831,0.06156083196401596,0.7357039824128151
mathdial_0538_turn_000,generic,telling,0.797264814376831,0.027519868686795235,0.7697449456900358
mathdial_0538_turn_002,focus,generic,0.4777644872665405,0.20502705872058868,0.27273742854595184
mathdial_0538_turn_002,focus,probing,0.4777644872665405,0.12206218391656876,0.35570230334997177
mathdial_0538_turn_002,focus,telling,0.4777644872665405,0.19514624774456024,0.2826182395219803
mathdial_0538_turn_004,focus,generic,0.4089045822620392,0.24700933694839478,0.1618952453136444
mathdial_0538_turn_004,focus,probing,0.4089045822620392,0.13736234605312347,0.2715422362089157
mathdial_0538_turn_004,focus,telling,0.4089045822620392,0.20672369003295898,0.2021808922290802
mathdial_0538_turn_006,focus,generic,0.3064817786216736,0.29773902893066406,0.008742749691009521
mathdial_0538_turn_006,focus,probing,0.3064817786216736,0.12604458630084991,0.18043719232082367
mathdial_0538_turn_006,focus,telling,0.3064817786216736,0.26973459124565125,0.03674718737602234
mathdial_0538_turn_008,focus,generic,0.3485606908798218,0.28803351521492004,0.06052717566490173
mathdial_0538_turn_008,focus,probing,0.3485606908798218,0.1288861781358719,0.2196745127439499
mathdial_0538_turn_008,focus,telling,0.3485606908798218,0.23451963067054749,0.11404106020927429
mathdial_0538_turn_010,telling,generic,0.2982228398323059,0.2838423550128937,0.014380484819412231
mathdial_0538_turn_010,telling,probing,0.2982228398323059,0.12001806497573853,0.17820477485656738
mathdial_0538_turn_010,telling,focus,0.2982228398323059,0.2979167699813843,0.00030606985092163086
mathdial_0538_turn_012,generic,probing,0.3127177357673645,0.15131522715091705,0.16140250861644745
mathdial_0538_turn_012,generic,focus,0.3127177357673645,0.22624270617961884,0.08647502958774567
mathdial_0538_turn_012,generic,telling,0.3127177357673645,0.309724360704422,0.002993375062942505
mathdial_0538_turn_014,telling,generic,0.3210778832435608,0.29389429092407227,0.027183592319488525
mathdial_0538_turn_014,telling,probing,0.3210778832435608,0.1472529172897339,0.1738249659538269
mathdial_0538_turn_014,telling,focus,0.3210778832435608,0.23777496814727783,0.08330291509628296
mathdial_0544_turn_000,generic,probing,0.7888806462287903,0.12057730555534363,0.6683033406734467
mathdial_0544_turn_000,generic,focus,0.7888806462287903,0.06247133016586304,0.7264093160629272
mathdial_0544_turn_000,generic,telling,0.7888806462287903,0.028070729225873947,0.7608099170029163
mathdial_0544_turn_002,probing,generic,0.6898338794708252,0.02393748238682747,0.6658963970839977
mathdial_0544_turn_002,probing,focus,0.6898338794708252,0.19449718296527863,0.49533669650554657
mathdial_0544_turn_002,probing,telling,0.6898338794708252,0.09173145145177841,0.5981024280190468
mathdial_0544_turn_003,probing,generic,0.5536755323410034,0.05984944477677345,0.49382608756422997
mathdial_0544_turn_003,probing,focus,0.5536755323410034,0.1587175875902176,0.3949579447507858
mathdial_0544_turn_003,probing,telling,0.5536755323410034,0.22775739431381226,0.32591813802719116
mathdial_0544_turn_004,probing,generic,0.41639310121536255,0.18605321645736694,0.2303398847579956
mathdial_0544_turn_004,probing,focus,0.41639310121536255,0.15235847234725952,0.264034628868103
mathdial_0544_turn_004,probing,telling,0.41639310121536255,0.2451951652765274,0.17119793593883514
mathdial_0544_turn_006,telling,generic,0.34930869936943054,0.13081693649291992,0.21849176287651062
mathdial_0544_turn_006,telling,probing,0.34930869936943054,0.32102498412132263,0.02828371524810791
mathdial_0544_turn_006,telling,focus,0.34930869936943054,0.1988493651151657,0.15045933425426483
mathdial_0544_turn_008,telling,generic,0.4308703541755676,0.1760343313217163,0.2548360228538513
mathdial_0544_turn_008,telling,probing,0.4308703541755676,0.18942870199680328,0.24144165217876434
mathdial_0544_turn_008,telling,focus,0.4308703541755676,0.2036665827035904,0.22720377147197723
mathdial_0567_turn_000,generic,probing,0.7901826500892639,0.12042276561260223,0.6697598844766617
mathdial_0567_turn_000,generic,focus,0.7901826500892639,0.061101723462343216,0.7290809266269207
mathdial_0567_turn_000,generic,telling,0.7901826500892639,0.028292905539274216,0.7618897445499897
mathdial_0567_turn_002,probing,generic,0.5641993880271912,0.02926722727715969,0.5349321607500315
mathdial_0567_turn_002,probing,focus,0.5641993880271912,0.3154374957084656,0.24876189231872559
mathdial_0567_turn_002,probing,telling,0.5641993880271912,0.09109582751989365,0.4731035605072975
mathdial_0567_turn_004,focus,generic,0.4760483503341675,0.03598209097981453,0.44006625935435295
mathdial_0567_turn_004,focus,probing,0.4760483503341675,0.39831846952438354,0.07772988080978394
mathdial_0567_turn_004,focus,telling,0.4760483503341675,0.08965111523866653,0.38639723509550095
mathdial_0567_turn_006,focus,generic,0.4672205150127411,0.05709419399499893,0.41012632101774216
mathdial_0567_turn_006,focus,probing,0.4672205150127411,0.3512035608291626,0.11601695418357849
mathdial_0567_turn_006,focus,telling,0.4672205150127411,0.12448175251483917,0.3427387624979019
mathdial_0567_turn_008,focus,generic,0.4535767436027527,0.12065702676773071,0.332919716835022
mathdial_0567_turn_008,focus,probing,0.4535767436027527,0.2250434011220932,0.22853334248065948
mathdial_0567_turn_008,focus,telling,0.4535767436027527,0.2007228434085846,0.2528539001941681
mathdial_0567_turn_010,focus,generic,0.4034160375595093,0.17838223278522491,0.22503380477428436
mathdial_0567_turn_010,focus,probing,0.4034160375595093,0.16961924731731415,0.23379679024219513
mathdial_0567_turn_010,focus,telling,0.4034160375595093,0.24858249723911285,0.15483354032039642
mathdial_0567_turn_012,telling,generic,0.3426261842250824,0.1687747836112976,0.1738514006137848
mathdial_0567_turn_012,telling,probing,0.3426261842250824,0.16042037308216095,0.18220581114292145
mathdial_0567_turn_012,telling,focus,0.3426261842250824,0.32817864418029785,0.014447540044784546
mathdial_0567_turn_014,focus,generic,0.3412150740623474,0.1682274043560028,0.1729876697063446
mathdial_0567_turn_014,focus,probing,0.3412150740623474,0.1597798615694046,0.1814352124929428
mathdial_0567_turn_014,focus,telling,0.3412150740623474,0.33077770471572876,0.010437369346618652
mathdial_0577_turn_000,generic,probing,0.7892724871635437,0.12229600548744202,0.6669764816761017
mathdial_0577_turn_000,generic,focus,0.7892724871635437,0.06025846302509308,0.7290140241384506
mathdial_0577_turn_000,generic,telling,0.7892724871635437,0.02817307598888874,0.761099411174655
mathdial_0577_turn_002,probing,generic,0.5785737633705139,0.018467098474502563,0.5601066648960114
mathdial_0577_turn_002,probing,focus,0.5785737633705139,0.30606675148010254,0.2725070118904114
mathdial_0577_turn_002,probing,telling,0.5785737633705139,0.09689231961965561,0.4816814437508583
mathdial_0577_turn_004,probing,generic,0.3729213774204254,0.03927312046289444,0.333648256957531
mathdial_0577_turn_004,probing,focus,0.3729213774204254,0.2463071197271347,0.1266142576932907
mathdial_0577_turn_004,probing,telling,0.3729213774204254,0.34149837493896484,0.03142300248146057
mathdial_0577_turn_006,telling,generic,0.44172272086143494,0.0693284422159195,0.37239427864551544
mathdial_0577_turn_006,telling,probing,0.44172272086143494,0.27304694056510925,0.16867578029632568
mathdial_0577_turn_006,telling,focus,0.44172272086143494,0.21590186655521393,0.225820854306221
mathdial_0577_turn_008,telling,generic,0.4807167947292328,0.08492825925350189,0.3957885354757309
mathdial_0577_turn_008,telling,probing,0.4807167947292328,0.21980297565460205,0.26091381907463074
mathdial_0577_turn_008,telling,focus,0.4807167947292328,0.21455195546150208,0.2661648392677307
mathdial_0577_turn_010,telling,generic,0.5488019585609436,0.09934487193822861,0.449457086622715
mathdial_0577_turn_010,telling,probing,0.5488019585609436,0.1541089564561844,0.3946930021047592
mathdial_0577_turn_010,telling,focus,0.5488019585609436,0.1977442055940628,0.3510577529668808
mathdial_0577_turn_012,telling,generic,0.6371086239814758,0.14800754189491272,0.4891010820865631
mathdial_0577_turn_012,telling,probing,0.6371086239814758,0.08012509346008301,0.5569835305213928
mathdial_0577_turn_012,telling,focus,0.6371086239814758,0.13475875556468964,0.5023498684167862
mathdial_0588_turn_000,generic,probing,0.7926049828529358,0.11773533374071121,0.6748696491122246
mathdial_0588_turn_000,generic,focus,0.7926049828529358,0.06201836094260216,0.7305866219103336
mathdial_0588_turn_000,generic,telling,0.7926049828529358,0.027641238644719124,0.7649637442082167
mathdial_0588_turn_002,probing,generic,0.6207242608070374,0.04191109538078308,0.5788131654262543
mathdial_0588_turn_002,probing,focus,0.6207242608070374,0.1937459409236908,0.42697831988334656
mathdial_0588_turn_002,probing,telling,0.6207242608070374,0.14361874759197235,0.477105513215065
mathdial_0588_turn_004,probing,generic,0.40913668274879456,0.11673067510128021,0.29240600764751434
mathdial_0588_turn_004,probing,focus,0.40913668274879456,0.21244226396083832,0.19669441878795624
mathdial_0588_turn_004,probing,telling,0.40913668274879456,0.2616903781890869,0.14744630455970764
mathdial_0614_turn_000,generic,probing,0.7591661810874939,0.14565616846084595,0.613510012626648
mathdial_0614_turn_000,generic,focus,0.7591661810874939,0.06583652645349503,0.6933296546339989
mathdial_0614_turn_000,generic,telling,0.7591661810874939,0.029341166839003563,0.7298250142484903
mathdial_0614_turn_002,focus,generic,0.545893669128418,0.020678658038377762,0.5252150110900402
mathdial_0614_turn_002,focus,probing,0.545893669128418,0.38108932971954346,0.1648043394088745
mathdial_0614_turn_002,focus,telling,0.545893669128418,0.052338313311338425,0.49355535581707954
mathdial_0614_turn_004,focus,generic,0.5733194351196289,0.019559208303689957,0.553760226815939
mathdial_0614_turn_004,focus,probing,0.5733194351196289,0.3309665322303772,0.2423529028892517
mathdial_0614_turn_004,focus,telling,0.5733194351196289,0.07615484297275543,0.4971645921468735
mathdial_0614_turn_006,focus,generic,0.5481429696083069,0.02980300970375538,0.5183399599045515
mathdial_0614_turn_006,focus,probing,0.5481429696083069,0.24519027769565582,0.30295269191265106
mathdial_0614_turn_006,focus,telling,0.5481429696083069,0.17686370015144348,0.3712792694568634
mathdial_0614_turn_008,telling,generic,0.4501843750476837,0.15346528589725494,0.29671908915042877
mathdial_0614_turn_008,telling,probing,0.4501843750476837,0.17277748882770538,0.27740688621997833
mathdial_0614_turn_008,telling,focus,0.4501843750476837,0.22357286512851715,0.22661150991916656
mathdial_0614_turn_010,telling,generic,0.4564935564994812,0.2201029509305954,0.2363906055688858
mathdial_0614_turn_010,telling,probing,0.4564935564994812,0.12927599251270294,0.32721756398677826
mathdial_0614_turn_010,telling,focus,0.4564935564994812,0.19412750005722046,0.26236605644226074
mathdial_0614_turn_012,telling,generic,0.4311283230781555,0.23842361569404602,0.1927047073841095
mathdial_0614_turn_012,telling,probing,0.4311283230781555,0.12855014204978943,0.3025781810283661
mathdial_0614_turn_012,telling,focus,0.4311283230781555,0.20189791917800903,0.22923040390014648
mathdial_0614_turn_014,telling,generic,0.391343891620636,0.2036583423614502,0.1876855492591858
mathdial_0614_turn_014,telling,probing,0.391343891620636,0.14862030744552612,0.24272358417510986
mathdial_0614_turn_014,telling,focus,0.391343891620636,0.2563774883747101,0.1349664032459259
mathdial_0614_turn_016,telling,generic,0.40209677815437317,0.23401601612567902,0.16808076202869415
mathdial_0614_turn_016,telling,probing,0.40209677815437317,0.1320754438638687,0.27002133429050446
mathdial_0614_turn_016,telling,focus,0.40209677815437317,0.2318117916584015,0.17028498649597168
mathdial_0614_turn_018,telling,generic,0.36657804250717163,0.25469496846199036,0.11188307404518127
mathdial_0614_turn_018,telling,probing,0.36657804250717163,0.13320107758045197,0.23337696492671967
mathdial_0614_turn_018,telling,focus,0.36657804250717163,0.24552588164806366,0.12105216085910797
mathdial_0614_turn_020,telling,generic,0.42863792181015015,0.22762133181095123,0.2010165899991989
mathdial_0614_turn_020,telling,probing,0.42863792181015015,0.12959426641464233,0.2990436553955078
mathdial_0614_turn_020,telling,focus,0.42863792181015015,0.2141464650630951,0.21449145674705505
mathdial_0627_turn_000,generic,probing,0.797264814376831,0.11365444958209991,0.6836103647947311
mathdial_0627_turn_000,generic,focus,0.797264814376831,0.06156083196401596,0.7357039824128151
mathdial_0627_turn_000,generic,telling,0.797264814376831,0.027519861236214638,0.7697449531406164
mathdial_0627_turn_002,probing,generic,0.6987000107765198,0.013798166066408157,0.6849018447101116
mathdial_0627_turn_002,probing,focus,0.6987000107765198,0.22082680463790894,0.47787320613861084
mathdial_0627_turn_002,probing,telling,0.6987000107765198,0.06667499989271164,0.6320250108838081
mathdial_0627_turn_004,probing,generic,0.6319488883018494,0.020227676257491112,0.6117212120443583
mathdial_0627_turn_004,probing,focus,0.6319488883018494,0.21401074528694153,0.41793814301490784
mathdial_0627_turn_004,probing,telling,0.6319488883018494,0.13381260633468628,0.4981362819671631
mathdial_0627_turn_006,probing,generic,0.5868948101997375,0.02142159640789032,0.5654732137918472
mathdial_0627_turn_006,probing,focus,0.5868948101997375,0.2334473580121994,0.35344745218753815
mathdial_0627_turn_006,probing,telling,0.5868948101997375,0.1582363098859787,0.42865850031375885
mathdial_0627_turn_008,probing,generic,0.5377481579780579,0.031056195497512817,0.506691962480545
mathdial_0627_turn_008,probing,focus,0.5377481579780579,0.2351875901222229,0.30256056785583496
mathdial_0627_turn_008,probing,telling,0.5377481579780579,0.19600814580917358,0.3417400121688843
mathdial_0627_turn_010,probing,generic,0.5002375245094299,0.03570778667926788,0.46452973783016205
mathdial_0627_turn_010,probing,focus,0.5002375245094299,0.24598506093025208,0.25425246357917786
mathdial_0627_turn_010,probing,telling,0.5002375245094299,0.2180696427822113,0.28216788172721863
mathdial_0627_turn_012,probing,generic,0.4772646725177765,0.03661147877573967,0.4406531937420368
mathdial_0627_turn_012,probing,focus,0.4772646725177765,0.2514326274394989,0.2258320450782776
mathdial_0627_turn_012,probing,telling,0.4772646725177765,0.23469124734401703,0.24257342517375946
mathdial_0627_turn_013,probing,generic,0.46975454688072205,0.03807828575372696,0.4316762611269951
mathdial_0627_turn_013,probing,focus,0.46975454688072205,0.24903278052806854,0.2207217663526535
mathdial_0627_turn_013,probing,telling,0.46975454688072205,0.24313433468341827,0.22662021219730377
mathdial_0627_turn_014,probing,generic,0.47339677810668945,0.03698604553937912,0.43641073256731033
mathdial_0627_turn_014,probing,focus,0.47339677810668945,0.24590060114860535,0.2274961769580841
mathdial_0627_turn_014,probing,telling,0.47339677810668945,0.24371649324893951,0.22968028485774994
mathdial_0627_turn_015,probing,generic,0.4743993282318115,0.03798728436231613,0.4364120438694954
mathdial_0627_turn_015,probing,focus,0.4743993282318115,0.24510936439037323,0.2292899638414383
mathdial_0627_turn_015,probing,telling,0.4743993282318115,0.24250397086143494,0.2318953573703766
mathdial_0627_turn_016,probing,generic,0.4709331691265106,0.03935110941529274,0.4315820597112179
mathdial_0627_turn_016,probing,focus,0.4709331691265106,0.24442744255065918,0.22650572657585144
mathdial_0627_turn_016,probing,telling,0.4709331691265106,0.24528832733631134,0.22564484179019928
mathdial_0627_turn_017,probing,generic,0.4739266037940979,0.039287861436605453,0.43463874235749245
mathdial_0627_turn_017,probing,focus,0.4739266037940979,0.24475181102752686,0.22917479276657104
mathdial_0627_turn_017,probing,telling,0.4739266037940979,0.2420337200164795,0.2318928837776184
mathdial_0627_turn_018,probing,generic,0.47246113419532776,0.03995316103100777,0.43250797316432
mathdial_0627_turn_018,probing,focus,0.47246113419532776,0.24539023637771606,0.2270708978176117
mathdial_0627_turn_018,probing,telling,0.47246113419532776,0.2421954870223999,0.23026564717292786
mathdial_0627_turn_019,probing,generic,0.47501063346862793,0.03959554433822632,0.4354150891304016
mathdial_0627_turn_019,probing,focus,0.47501063346862793,0.24548733234405518,0.22952330112457275
mathdial_0627_turn_019,probing,telling,0.47501063346862793,0.23990653455257416,0.23510409891605377
mathdial_0627_turn_021,probing,generic,0.4584474265575409,0.039877865463495255,0.41856956109404564
mathdial_0627_turn_021,probing,focus,0.4584474265575409,0.2486647516489029,0.209782674908638
mathdial_0627_turn_021,probing,telling,0.4584474265575409,0.2530099153518677,0.20543751120567322
mathdial_0627_turn_023,probing,generic,0.36780866980552673,0.04932384565472603,0.3184848241508007
mathdial_0627_turn_023,probing,focus,0.36780866980552673,0.25333696603775024,0.11447170376777649
mathdial_0627_turn_023,probing,telling,0.36780866980552673,0.3295304775238037,0.03827819228172302
mathdial_0627_turn_025,telling,generic,0.4593384563922882,0.1557709127664566,0.3035675436258316
mathdial_0627_turn_025,telling,probing,0.4593384563922882,0.1781030148267746,0.2812354415655136
mathdial_0627_turn_025,telling,focus,0.4593384563922882,0.2067876160144806,0.2525508403778076
mathdial_0633_turn_000,generic,probing,0.7906173467636108,0.12047884613275528,0.6701385006308556
mathdial_0633_turn_000,generic,focus,0.7906173467636108,0.06033352017402649,0.7302838265895844
mathdial_0633_turn_000,generic,telling,0.7906173467636108,0.028570229187607765,0.7620471175760031
mathdial_0633_turn_002,focus,generic,0.6421071290969849,0.025166470557451248,0.6169406585395336
mathdial_0633_turn_002,focus,probing,0.6421071290969849,0.2860328257083893,0.3560743033885956
mathdial_0633_turn_002,focus,telling,0.6421071290969849,0.04669356718659401,0.5954135619103909
mathdial_0633_turn_004,focus,generic,0.49481555819511414,0.09980402886867523,0.3950115293264389
mathdial_0633_turn_004,focus,probing,0.49481555819511414,0.23588530719280243,0.2589302510023117
mathdial_0633_turn_004,focus,telling,0.49481555819511414,0.16949516534805298,0.32532039284706116
mathdial_0633_turn_006,focus,generic,0.5288450717926025,0.08252589404582977,0.44631917774677277
mathdial_0633_turn_006,focus,probing,0.5288450717926025,0.2142205685377121,0.31462450325489044
mathdial_0633_turn_006,focus,telling,0.5288450717926025,0.1744084507226944,0.35443662106990814
mathdial_0633_turn_008,focus,generic,0.45347896218299866,0.1201666072010994,0.33331235498189926
mathdial_0633_turn_008,focus,probing,0.45347896218299866,0.17128023505210876,0.2821987271308899
mathdial_0633_turn_008,focus,telling,0.45347896218299866,0.2550742030143738,0.19840475916862488
mathdial_0633_turn_010,telling,generic,0.40111300349235535,0.16974039375782013,0.23137260973453522
mathdial_0633_turn_010,telling,probing,0.40111300349235535,0.14483967423439026,0.2562733292579651
mathdial_0633_turn_010,telling,focus,0.40111300349235535,0.2843068838119507,0.11680611968040466
mathdial_0633_turn_012,telling,generic,0.3966132700443268,0.16700488328933716,0.22960838675498962
mathdial_0633_turn_012,telling,probing,0.3966132700443268,0.14835184812545776,0.24826142191886902
mathdial_0633_turn_012,telling,focus,0.3966132700443268,0.2880299389362335,0.10858333110809326
mathdial_0633_turn_014,telling,generic,0.36903542280197144,0.1779133826494217,0.19112204015254974
mathdial_0633_turn_014,telling,probing,0.36903542280197144,0.15329833328723907,0.21573708951473236
mathdial_0633_turn_014,telling,focus,0.36903542280197144,0.299752801656723,0.06928262114524841
mathdial_0633_turn_016,telling,generic,0.36082616448402405,0.18281325697898865,0.1780129075050354
mathdial_0633_turn_016,telling,probing,0.36082616448402405,0.15889742970466614,0.2019287347793579
mathdial_0633_turn_016,telling,focus,0.36082616448402405,0.29746317863464355,0.0633629858493805
mathdial_0633_turn_018,telling,generic,0.389488160610199,0.1977972835302353,0.19169087707996368
mathdial_0633_turn_018,telling,probing,0.389488160610199,0.1472485512495041,0.24223960936069489
mathdial_0633_turn_018,telling,focus,0.389488160610199,0.26546603441238403,0.12402212619781494
mathdial_0633_turn_020,telling,generic,0.47943755984306335,0.1878526210784912,0.29158493876457214
mathdial_0633_turn_020,telling,probing,0.47943755984306335,0.12088793516159058,0.3585496246814728
mathdial_0633_turn_020,telling,focus,0.47943755984306335,0.21182182431221008,0.26761573553085327
mathdial_0639_turn_000,generic,probing,0.7892408967018127,0.12013551592826843,0.6691053807735443
mathdial_0639_turn_000,generic,focus,0.7892408967018127,0.062427688390016556,0.7268132083117962
mathdial_0639_turn_000,generic,telling,0.7892408967018127,0.028195863589644432,0.7610450331121683
mathdial_0639_turn_002,focus,generic,0.5622105598449707,0.0260066669434309,0.5362038929015398
mathdial_0639_turn_002,focus,probing,0.5622105598449707,0.3660929501056671,0.1961176097393036
mathdial_0639_turn_002,focus,telling,0.5622105598449707,0.04568975046277046,0.5165208093822002
mathdial_0639_turn_004,focus,generic,0.2967091500759125,0.218583881855011,0.07812526822090149
mathdial_0639_turn_004,focus,probing,0.2967091500759125,0.23151595890522003,0.06519319117069244
mathdial_0639_turn_004,focus,telling,0.2967091500759125,0.2531909942626953,0.04351815581321716
mathdial_0639_turn_006,focus,generic,0.3084859549999237,0.1874748021364212,0.1210111528635025
mathdial_0639_turn_006,focus,probing,0.3084859549999237,0.19813166558742523,0.11035428941249847
mathdial_0639_turn_006,focus,telling,0.3084859549999237,0.3059075176715851,0.002578437328338623
mathdial_0639_turn_008,telling,generic,0.32269078493118286,0.20877601206302643,0.11391477286815643
mathdial_0639_turn_008,telling,probing,0.32269078493118286,0.16938215494155884,0.15330862998962402
mathdial_0639_turn_008,telling,focus,0.32269078493118286,0.2991509735584259,0.023539811372756958
mathdial_0639_turn_010,telling,generic,0.36641791462898254,0.17605580389499664,0.1903621107339859
mathdial_0639_turn_010,telling,probing,0.36641791462898254,0.15442414581775665,0.2119937688112259
mathdial_0639_turn_010,telling,focus,0.36641791462898254,0.30310219526290894,0.06331571936607361
mathdial_0654_turn_000,generic,probing,0.7880629897117615,0.11998385190963745,0.668079137802124
mathdial_0654_turn_000,generic,focus,0.7880629897117615,0.06372501701116562,0.7243379727005959
mathdial_0654_turn_000,generic,telling,0.7880629897117615,0.02822812646627426,0.7598348632454872
mathdial_0654_turn_002,focus,generic,0.48502224683761597,0.022700127214193344,0.4623221196234226
mathdial_0654_turn_002,focus,probing,0.48502224683761597,0.44372767210006714,0.04129457473754883
mathdial_0654_turn_002,focus,telling,0.48502224683761597,0.04855000600218773,0.43647224083542824
mathdial_0654_turn_004,telling,generic,0.31678080558776855,0.1793729066848755,0.13740789890289307
mathdial_0654_turn_004,telling,probing,0.31678080558776855,0.22035078704357147,0.09643001854419708
mathdial_0654_turn_004,telling,focus,0.31678080558776855,0.2834954857826233,0.033285319805145264
mathdial_0654_turn_006,telling,generic,0.35759279131889343,0.19171105325222015,0.16588173806667328
mathdial_0654_turn_006,telling,probing,0.35759279131889343,0.1867661327123642,0.17082665860652924
mathdial_0654_turn_006,telling,focus,0.35759279131889343,0.26392996311187744,0.09366282820701599
mathdial_0660_turn_000,generic,probing,0.7853651642799377,0.12443697452545166,0.6609281897544861
mathdial_0660_turn_000,generic,focus,0.7853651642799377,0.062253501266241074,0.7231116630136967
mathdial_0660_turn_000,generic,telling,0.7853651642799377,0.02794436551630497,0.7574207987636328
mathdial_0660_turn_002,focus,generic,0.5202986001968384,0.026257269084453583,0.4940413311123848
mathdial_0660_turn_002,focus,probing,0.5202986001968384,0.4024936556816101,0.11780494451522827
mathdial_0660_turn_002,focus,telling,0.5202986001968384,0.050950489938259125,0.46934811025857925
mathdial_0660_turn_004,focus,generic,0.3821162283420563,0.12080252170562744,0.26131370663642883
mathdial_0660_turn_004,focus,probing,0.3821162283420563,0.23593121767044067,0.1461850106716156
mathdial_0660_turn_004,focus,telling,0.3821162283420563,0.2611500918865204,0.12096613645553589
mathdial_0660_turn_006,focus,generic,0.3699013888835907,0.11077798902988434,0.25912339985370636
mathdial_0660_turn_006,focus,probing,0.3699013888835907,0.19711902737617493,0.17278236150741577
mathdial_0660_turn_006,focus,telling,0.3699013888835907,0.32220157980918884,0.047699809074401855
mathdial_0660_turn_008,focus,generic,0.4901335835456848,0.0830559954047203,0.4070775881409645
mathdial_0660_turn_008,focus,probing,0.4901335835456848,0.20096395909786224,0.28916962444782257
mathdial_0660_turn_008,focus,telling,0.4901335835456848,0.22584643959999084,0.26428714394569397
mathdial_0660_turn_010,focus,generic,0.32157984375953674,0.21810656785964966,0.10347327589988708
mathdial_0660_turn_010,focus,probing,0.32157984375953674,0.16450823843479156,0.15707160532474518
mathdial_0660_turn_010,focus,telling,0.32157984375953674,0.29580533504486084,0.025774508714675903
mathdial_0660_turn_012,focus,generic,0.341600626707077,0.23349504172801971,0.10810558497905731
mathdial_0660_turn_012,focus,probing,0.341600626707077,0.16882865130901337,0.17277197539806366
mathdial_0660_turn_012,focus,telling,0.341600626707077,0.2560757100582123,0.08552491664886475
mathdial_0660_turn_014,focus,generic,0.3557526767253876,0.25103145837783813,0.10472121834754944
mathdial_0660_turn_014,focus,probing,0.3557526767253876,0.19448405504226685,0.16126862168312073
mathdial_0660_turn_014,focus,telling,0.3557526767253876,0.19873186945915222,0.15702080726623535
mathdial_0660_turn_016,telling,generic,0.36072656512260437,0.23794348537921906,0.12278307974338531
mathdial_0660_turn_016,telling,probing,0.36072656512260437,0.14422960579395294,0.21649695932865143
mathdial_0660_turn_016,telling,focus,0.36072656512260437,0.2571004033088684,0.10362616181373596
mathdial_0664_turn_000,generic,probing,0.781792163848877,0.12683214247226715,0.6549600213766098
mathdial_0664_turn_000,generic,focus,0.781792163848877,0.06256905198097229,0.7192231118679047
mathdial_0664_turn_000,generic,telling,0.781792163848877,0.028806738555431366,0.7529854252934456
mathdial_0664_turn_002,focus,generic,0.6896921992301941,0.02743629552423954,0.6622559037059546
mathdial_0664_turn_002,focus,probing,0.6896921992301941,0.2393738031387329,0.4503183960914612
mathdial_0664_turn_002,focus,telling,0.6896921992301941,0.04349767789244652,0.6461945213377476
mathdial_0664_turn_004,focus,generic,0.7049652338027954,0.02870841510593891,0.6762568186968565
mathdial_0664_turn_004,focus,probing,0.7049652338027954,0.2007218897342682,0.5042433440685272
mathdial_0664_turn_004,focus,telling,0.7049652338027954,0.06560453772544861,0.6393606960773468
mathdial_0664_turn_006,focus,generic,0.6655835509300232,0.047035783529281616,0.6185477674007416
mathdial_0664_turn_006,focus,probing,0.6655835509300232,0.18628741800785065,0.47929613292217255
mathdial_0664_turn_006,focus,telling,0.6655835509300232,0.10109321773052216,0.564490333199501
mathdial_0664_turn_008,focus,generic,0.6656161546707153,0.05024237185716629,0.615373782813549
mathdial_0664_turn_008,focus,probing,0.6656161546707153,0.19681818783283234,0.468797966837883
mathdial_0664_turn_008,focus,telling,0.6656161546707153,0.08732324838638306,0.5782929062843323
mathdial_0664_turn_010,focus,generic,0.6517404913902283,0.04809236153960228,0.603648129850626
mathdial_0664_turn_010,focus,probing,0.6517404913902283,0.19687420129776,0.45486629009246826
mathdial_0664_turn_010,focus,telling,0.6517404913902283,0.10329292714595795,0.5484475642442703
mathdial_0664_turn_012,focus,generic,0.5830868482589722,0.06671267747879028,0.5163741707801819
mathdial_0664_turn_012,focus,probing,0.5830868482589722,0.18071351945400238,0.4023733288049698
mathdial_0664_turn_012,focus,telling,0.5830868482589722,0.16948696970939636,0.4135998785495758
mathdial_0664_turn_014,focus,generic,0.48162776231765747,0.1269051879644394,0.3547225743532181
mathdial_0664_turn_014,focus,probing,0.48162776231765747,0.17505724728107452,0.30657051503658295
mathdial_0664_turn_014,focus,telling,0.48162776231765747,0.21640975773334503,0.26521800458431244
mathdial_0664_turn_016,focus,generic,0.4497033953666687,0.1255483329296112,0.3241550624370575
mathdial_0664_turn_016,focus,probing,0.4497033953666687,0.15314163267612457,0.29656176269054413
mathdial_0664_turn_016,focus,telling,0.4497033953666687,0.2716066539287567,0.178096741437912
mathdial_0664_turn_018,telling,generic,0.3622123897075653,0.1773037165403366,0.1849086731672287
mathdial_0664_turn_018,telling,probing,0.3622123897075653,0.13853465020656586,0.22367773950099945
mathdial_0664_turn_018,telling,focus,0.3622123897075653,0.3219492435455322,0.04026314616203308
mathdial_0664_turn_020,telling,generic,0.3770036995410919,0.14891061186790466,0.22809308767318726
mathdial_0664_turn_020,telling,probing,0.3770036995410919,0.13494421541690826,0.24205948412418365
mathdial_0664_turn_020,telling,focus,0.3770036995410919,0.33914145827293396,0.03786224126815796
mathdial_0664_turn_022,telling,generic,0.45713144540786743,0.15373766422271729,0.30339378118515015
mathdial_0664_turn_022,telling,probing,0.45713144540786743,0.11822642385959625,0.3389050215482712
mathdial_0664_turn_022,telling,focus,0.45713144540786743,0.27090445160865784,0.1862269937992096
mathdial_0676_turn_000,generic,probing,0.7853468656539917,0.1260373294353485,0.6593095362186432
mathdial_0676_turn_000,generic,focus,0.7853468656539917,0.058320626616477966,0.7270262390375137
mathdial_0676_turn_000,generic,telling,0.7853468656539917,0.03029519133269787,0.7550516743212938
mathdial_0676_turn_001,generic,probing,0.6322588920593262,0.24586869776248932,0.38639019429683685
mathdial_0676_turn_001,generic,focus,0.6322588920593262,0.08028166741132736,0.5519772246479988
mathdial_0676_turn_001,generic,telling,0.6322588920593262,0.041590794920921326,0.5906680971384048
mathdial_0676_turn_003,probing,generic,0.6797835230827332,0.033511098474264145,0.646272424608469
mathdial_0676_turn_003,probing,focus,0.6797835230827332,0.16017386317253113,0.519609659910202
mathdial_0676_turn_003,probing,telling,0.6797835230827332,0.12653157114982605,0.5532519519329071
mathdial_0676_turn_005,probing,generic,0.5299201011657715,0.06062088534235954,0.46929921582341194
mathdial_0676_turn_005,probing,focus,0.5299201011657715,0.24924318492412567,0.2806769162416458
mathdial_0676_turn_005,probing,telling,0.5299201011657715,0.16021578013896942,0.36970432102680206
mathdial_0676_turn_007,probing,generic,0.3807195723056793,0.17176349461078644,0.20895607769489288
mathdial_0676_turn_007,probing,focus,0.3807195723056793,0.22793273627758026,0.15278683602809906
mathdial_0676_turn_007,probing,telling,0.3807195723056793,0.21958418190479279,0.16113539040088654
mathdial_0676_turn_009,telling,generic,0.335816890001297,0.2764450013637543,0.059371888637542725
mathdial_0676_turn_009,telling,probing,0.335816890001297,0.21672163903713226,0.11909525096416473
mathdial_0676_turn_009,telling,focus,0.335816890001297,0.17101642489433289,0.1648004651069641
mathdial_0676_turn_011,telling,generic,0.3813764750957489,0.23258377611637115,0.14879269897937775
mathdial_0676_turn_011,telling,probing,0.3813764750957489,0.19575533270835876,0.18562114238739014
mathdial_0676_turn_011,telling,focus,0.3813764750957489,0.19028443098068237,0.19109204411506653
mathdial_0676_turn_013,telling,generic,0.3960856795310974,0.22673000395298004,0.16935567557811737
mathdial_0676_turn_013,telling,probing,0.3960856795310974,0.18316197395324707,0.21292370557785034
mathdial_0676_turn_013,telling,focus,0.3960856795310974,0.19402244687080383,0.20206323266029358
mathdial_0676_turn_015,telling,generic,0.41357898712158203,0.23131296038627625,0.1822660267353058
mathdial_0676_turn_015,telling,probing,0.41357898712158203,0.17191922664642334,0.2416597604751587
mathdial_0676_turn_015,telling,focus,0.41357898712158203,0.18318885564804077,0.23039013147354126
mathdial_0676_turn_017,telling,generic,0.45074543356895447,0.20403891801834106,0.2467065155506134
mathdial_0676_turn_017,telling,probing,0.45074543356895447,0.15799438953399658,0.2927510440349579
mathdial_0676_turn_017,telling,focus,0.45074543356895447,0.1872212141752243,0.26352421939373016
mathdial_0676_turn_019,telling,generic,0.47169825434684753,0.19659759104251862,0.2751006633043289
mathdial_0676_turn_019,telling,probing,0.47169825434684753,0.15163657069206238,0.32006168365478516
mathdial_0676_turn_019,telling,focus,0.47169825434684753,0.1800675392150879,0.29163071513175964
mathdial_0676_turn_021,telling,generic,0.49128419160842896,0.1877647489309311,0.30351944267749786
mathdial_0676_turn_021,telling,probing,0.49128419160842896,0.14791029691696167,0.3433738946914673
mathdial_0676_turn_021,telling,focus,0.49128419160842896,0.1730407327413559,0.31824345886707306
mathdial_0676_turn_023,telling,generic,0.5110195279121399,0.18610841035842896,0.32491111755371094
mathdial_0676_turn_023,telling,probing,0.5110195279121399,0.13039706647396088,0.380622461438179
mathdial_0676_turn_023,telling,focus,0.5110195279121399,0.17247503995895386,0.33854448795318604
mathdial_0676_turn_025,telling,generic,0.5199191570281982,0.1857720911502838,0.33414706587791443
mathdial_0676_turn_025,telling,probing,0.5199191570281982,0.12003955245018005,0.3998796045780182
mathdial_0676_turn_025,telling,focus,0.5199191570281982,0.17426909506320953,0.3456500619649887
mathdial_0682_turn_000,generic,probing,0.7923701405525208,0.11834254860877991,0.6740275919437408
mathdial_0682_turn_000,generic,focus,0.7923701405525208,0.06144798547029495,0.7309221550822258
mathdial_0682_turn_000,generic,telling,0.7923701405525208,0.027839409187436104,0.7645307313650846
mathdial_0682_turn_002,focus,generic,0.6440091133117676,0.05152592062950134,0.5924831926822662
mathdial_0682_turn_002,focus,probing,0.6440091133117676,0.26429033279418945,0.3797187805175781
mathdial_0682_turn_002,focus,telling,0.6440091133117676,0.04017464816570282,0.6038344651460648
mathdial_0682_turn_004,focus,generic,0.6065889000892639,0.043514251708984375,0.5630746483802795
mathdial_0682_turn_004,focus,probing,0.6065889000892639,0.2964822053909302,0.31010669469833374
mathdial_0682_turn_004,focus,telling,0.6065889000892639,0.05341454967856407,0.5531743504106998
mathdial_0682_turn_006,focus,generic,0.5791723132133484,0.05394263193011284,0.5252296812832355
mathdial_0682_turn_006,focus,probing,0.5791723132133484,0.29134032130241394,0.28783199191093445
mathdial_0682_turn_006,focus,telling,0.5791723132133484,0.0755448266863823,0.5036274865269661
mathdial_0690_turn_000,generic,probing,0.7967948913574219,0.11505496501922607,0.6817399263381958
mathdial_0690_turn_000,generic,focus,0.7967948913574219,0.06086559221148491,0.735929299145937
mathdial_0690_turn_000,generic,telling,0.7967948913574219,0.027284540235996246,0.7695103511214256
mathdial_0690_turn_002,probing,generic,0.5434403419494629,0.018909448757767677,0.5245308931916952
mathdial_0690_turn_002,probing,focus,0.5434403419494629,0.3875570297241211,0.1558833122253418
mathdial_0690_turn_002,probing,telling,0.5434403419494629,0.050093211233615875,0.493347130715847
mathdial_0690_turn_004,probing,generic,0.30180463194847107,0.2240721434354782,0.07773248851299286
mathdial_0690_turn_004,probing,focus,0.30180463194847107,0.1957661658525467,0.10603846609592438
mathdial_0690_turn_004,probing,telling,0.30180463194847107,0.27835699915885925,0.023447632789611816
mathdial_0690_turn_006,telling,generic,0.3058006465435028,0.22549983859062195,0.08030080795288086
mathdial_0690_turn_006,telling,probing,0.3058006465435028,0.2502824664115906,0.05551818013191223
mathdial_0690_turn_006,telling,focus,0.3058006465435028,0.21841715276241302,0.08738349378108978
mathdial_0690_turn_008,telling,generic,0.4691808819770813,0.1997760534286499,0.2694048285484314
mathdial_0690_turn_008,telling,probing,0.4691808819770813,0.13812951743602753,0.33105136454105377
mathdial_0690_turn_008,telling,focus,0.4691808819770813,0.19291354715824127,0.27626733481884
mathdial_0690_turn_010,telling,generic,0.42186057567596436,0.23396804928779602,0.18789252638816833
mathdial_0690_turn_010,telling,probing,0.42186057567596436,0.15729770064353943,0.2645628750324249
mathdial_0690_turn_010,telling,focus,0.42186057567596436,0.1868736743927002,0.23498690128326416
mathdial_0690_turn_012,telling,generic,0.4817863702774048,0.19742175936698914,0.28436461091041565
mathdial_0690_turn_012,telling,probing,0.4817863702774048,0.13670136034488678,0.345085009932518
mathdial_0690_turn_012,telling,focus,0.4817863702774048,0.1840904802083969,0.2976958900690079
mathdial_0690_turn_014,telling,generic,0.38536179065704346,0.2475389689207077,0.13782282173633575
mathdial_0690_turn_014,telling,probing,0.38536179065704346,0.1551964432001114,0.23016534745693207
mathdial_0690_turn_014,telling,focus,0.38536179065704346,0.21190275251865387,0.1734590381383896
mathdial_0690_turn_016,telling,generic,0.3744056820869446,0.27070876955986023,0.10369691252708435
mathdial_0690_turn_016,telling,probing,0.3744056820869446,0.155957892537117,0.21844778954982758
mathdial_0690_turn_016,telling,focus,0.3744056820869446,0.198927640914917,0.1754780411720276
mathdial_0696_turn_000,generic,probing,0.7919505834579468,0.1176203265786171,0.6743302568793297
mathdial_0696_turn_000,generic,focus,0.7919505834579468,0.06209829822182655,0.7298522852361202
mathdial_0696_turn_000,generic,telling,0.7919505834579468,0.028330817818641663,0.7636197656393051
mathdial_0696_turn_002,probing,generic,0.5869686007499695,0.0668061152100563,0.5201624855399132
mathdial_0696_turn_002,probing,focus,0.5869686007499695,0.29358962178230286,0.2933789789676666
mathdial_0696_turn_002,probing,telling,0.5869686007499695,0.052635736763477325,0.5343328639864922
mathdial_0696_turn_004,focus,generic,0.5378157496452332,0.07589071989059448,0.46192502975463867
mathdial_0696_turn_004,focus,probing,0.5378157496452332,0.32070648670196533,0.21710926294326782
mathdial_0696_turn_004,focus,telling,0.5378157496452332,0.06558703631162643,0.4722287133336067
mathdial_0696_turn_006,focus,generic,0.5749567151069641,0.09167655557394028,0.48328015953302383
mathdial_0696_turn_006,focus,probing,0.5749567151069641,0.23173432052135468,0.34322239458560944
mathdial_0696_turn_006,focus,telling,0.5749567151069641,0.10163239389657974,0.47332432121038437
mathdial_0696_turn_008,focus,generic,0.5514506697654724,0.10400499403476715,0.44744567573070526
mathdial_0696_turn_008,focus,probing,0.5514506697654724,0.20895902812480927,0.34249164164066315
mathdial_0696_turn_008,focus,telling,0.5514506697654724,0.13558529317378998,0.41586537659168243
mathdial_0696_turn_010,focus,generic,0.36953258514404297,0.169386088848114,0.20014649629592896
mathdial_0696_turn_010,focus,probing,0.36953258514404297,0.14982512593269348,0.2197074592113495
mathdial_0696_turn_010,focus,telling,0.36953258514404297,0.31125614047050476,0.05827644467353821
mathdial_0696_turn_012,focus,generic,0.4252200126647949,0.16930507123470306,0.25591494143009186
mathdial_0696_turn_012,focus,probing,0.4252200126647949,0.1604238748550415,0.2647961378097534
mathdial_0696_turn_012,focus,telling,0.4252200126647949,0.2450510412454605,0.1801689714193344
mathdial_0696_turn_014,telling,generic,0.3545147776603699,0.20781245827674866,0.14670231938362122
mathdial_0696_turn_014,telling,probing,0.3545147776603699,0.13359062373638153,0.22092415392398834
mathdial_0696_turn_014,telling,focus,0.3545147776603699,0.30408212542533875,0.05043265223503113
mathdial_0696_turn_016,telling,generic,0.345289021730423,0.1927792727947235,0.15250974893569946
mathdial_0696_turn_016,telling,probing,0.345289021730423,0.1447375863790512,0.20055143535137177
mathdial_0696_turn_016,telling,focus,0.345289021730423,0.3171941637992859,0.028094857931137085
mathdial_0700_turn_000,generic,probing,0.7996450066566467,0.11174574494361877,0.687899261713028
mathdial_0700_turn_000,generic,focus,0.7996450066566467,0.06164315715432167,0.7380018495023251
mathdial_0700_turn_000,generic,telling,0.7996450066566467,0.026966113597154617,0.7726788930594921
mathdial_0700_turn_002,probing,generic,0.46645694971084595,0.020639169961214066,0.4458177797496319
mathdial_0700_turn_002,probing,focus,0.46645694971084595,0.4573991596698761,0.009057790040969849
mathdial_0700_turn_002,probing,telling,0.46645694971084595,0.05550466850399971,0.41095228120684624
mathdial_0700_turn_004,probing,generic,0.4704657793045044,0.018231485038995743,0.45223429426550865
mathdial_0700_turn_004,probing,focus,0.4704657793045044,0.4209110140800476,0.04955476522445679
mathdial_0700_turn_004,probing,telling,0.4704657793045044,0.09039178490638733,0.38007399439811707
mathdial_0700_turn_006,probing,generic,0.4989177882671356,0.019180666655302048,0.4797371216118336
mathdial_0700_turn_006,probing,focus,0.4989177882671356,0.3329131305217743,0.16600465774536133
mathdial_0700_turn_006,probing,telling,0.4989177882671356,0.14898847043514252,0.3499293178319931
mathdial_0703_turn_000,generic,probing,0.7963318228721619,0.11460715532302856,0.6817246675491333
mathdial_0703_turn_000,generic,focus,0.7963318228721619,0.061646003276109695,0.7346858195960522
mathdial_0703_turn_000,generic,telling,0.7963318228721619,0.027414975687861443,0.7689168471843004
mathdial_0703_turn_002,probing,generic,0.6032547950744629,0.031083915382623672,0.5721708796918392
mathdial_0703_turn_002,probing,focus,0.6032547950744629,0.2913447916507721,0.3119100034236908
mathdial_0703_turn_002,probing,telling,0.6032547950744629,0.07431650906801224,0.5289382860064507
mathdial_0703_turn_004,focus,generic,0.41765618324279785,0.1065870150923729,0.31106916815042496
mathdial_0703_turn_004,focus,probing,0.41765618324279785,0.3649730980396271,0.052683085203170776
mathdial_0703_turn_004,focus,telling,0.41765618324279785,0.1107836589217186,0.30687252432107925
mathdial_0703_turn_006,focus,generic,0.3706739544868469,0.1673327386379242,0.20334121584892273
mathdial_0703_turn_006,focus,probing,0.3706739544868469,0.2905690371990204,0.08010491728782654
mathdial_0703_turn_006,focus,telling,0.3706739544868469,0.1714242398738861,0.19924971461296082
mathdial_0717_turn_000,generic,probing,0.7813974618911743,0.12680205702781677,0.6545954048633575
mathdial_0717_turn_000,generic,focus,0.7813974618911743,0.06233428791165352,0.7190631739795208
mathdial_0717_turn_000,generic,telling,0.7813974618911743,0.029466213658452034,0.7519312482327223
mathdial_0717_turn_002,probing,generic,0.4754411280155182,0.020659085363149643,0.45478204265236855
mathdial_0717_turn_002,probing,focus,0.4754411280155182,0.4261869490146637,0.04925417900085449
mathdial_0717_turn_002,probing,telling,0.4754411280155182,0.07771278917789459,0.3977283388376236
mathdial_0717_turn_004,generic,probing,0.3317556381225586,0.1820640116930008,0.1496916264295578
mathdial_0717_turn_004,generic,focus,0.3317556381225586,0.18993715941905975,0.14181847870349884
mathdial_0717_turn_004,generic,telling,0.3317556381225586,0.29624319076538086,0.035512447357177734
mathdial_0735_turn_000,generic,probing,0.7967948317527771,0.11505500227212906,0.681739829480648
mathdial_0735_turn_000,generic,focus,0.7967948317527771,0.060865618288517,0.7359292134642601
mathdial_0735_turn_000,generic,telling,0.7967948317527771,0.027284538373351097,0.769510293379426
mathdial_0735_turn_002,focus,generic,0.521088182926178,0.18986909091472626,0.3312190920114517
mathdial_0735_turn_002,focus,probing,0.521088182926178,0.11550053209066391,0.40558765083551407
mathdial_0735_turn_002,focus,telling,0.521088182926178,0.17354221642017365,0.34754596650600433
mathdial_0735_turn_004,focus,generic,0.3564497232437134,0.24738533794879913,0.10906438529491425
mathdial_0735_turn_004,focus,probing,0.3564497232437134,0.10425178706645966,0.2521979361772537
mathdial_0735_turn_004,focus,telling,0.3564497232437134,0.2919132113456726,0.06453651189804077
mathdial_0735_turn_006,focus,generic,0.3503304719924927,0.22797389328479767,0.12235657870769501
mathdial_0735_turn_006,focus,probing,0.3503304719924927,0.09414619952440262,0.25618427246809006
mathdial_0735_turn_006,focus,telling,0.3503304719924927,0.32754939794540405,0.022781074047088623
mathdial_0740_turn_000,generic,probing,0.7911796569824219,0.12003253400325775,0.6711471229791641
mathdial_0740_turn_000,generic,focus,0.7911796569824219,0.060913749039173126,0.7302659079432487
mathdial_0740_turn_000,generic,telling,0.7911796569824219,0.027874067425727844,0.763305589556694
mathdial_0740_turn_002,focus,generic,0.6143330931663513,0.024187179282307625,0.5901459138840437
mathdial_0740_turn_002,focus,probing,0.6143330931663513,0.3148658871650696,0.29946720600128174
mathdial_0740_turn_002,focus,telling,0.6143330931663513,0.046613894402980804,0.5677191987633705
mathdial_0740_turn_004,focus,generic,0.6403679847717285,0.02254492975771427,0.6178230550140142
mathdial_0740_turn_004,focus,probing,0.6403679847717285,0.275644987821579,0.36472299695014954
mathdial_0740_turn_004,focus,telling,0.6403679847717285,0.061442092061042786,0.5789258927106857
mathdial_0740_turn_006,focus,generic,0.6466873288154602,0.030993159860372543,0.6156941689550877
mathdial_0740_turn_006,focus,probing,0.6466873288154602,0.22894713282585144,0.41774019598960876
mathdial_0740_turn_006,focus,telling,0.6466873288154602,0.0933724194765091,0.5533149093389511
mathdial_0740_turn_008,focus,generic,0.5415670275688171,0.05697586014866829,0.48459116742014885
mathdial_0740_turn_008,focus,probing,0.5415670275688171,0.22548924386501312,0.316077783703804
mathdial_0740_turn_008,focus,telling,0.5415670275688171,0.17596784234046936,0.3655991852283478
mathdial_0740_turn_010,focus,generic,0.4453389644622803,0.08807401359081268,0.3572649508714676
mathdial_0740_turn_010,focus,probing,0.4453389644622803,0.22977107763290405,0.21556788682937622
mathdial_0740_turn_010,focus,telling,0.4453389644622803,0.23681588470935822,0.20852307975292206
mathdial_0740_turn_012,focus,generic,0.42894446849823,0.08528470247983932,0.34365976601839066
mathdial_0740_turn_012,focus,probing,0.42894446849823,0.22474396228790283,0.20420050621032715
mathdial_0740_turn_012,focus,telling,0.42894446849823,0.2610267996788025,0.1679176688194275
mathdial_0745_turn_000,generic,probing,0.7874300479888916,0.12134774774312973,0.6660823002457619
mathdial_0745_turn_000,generic,focus,0.7874300479888916,0.06268799304962158,0.72474205493927
mathdial_0745_turn_000,generic,telling,0.7874300479888916,0.028534291312098503,0.7588957566767931
mathdial_0745_turn_002,focus,generic,0.6391851902008057,0.024588849395513535,0.6145963408052921
mathdial_0745_turn_002,focus,probing,0.6391851902008057,0.28754350543022156,0.3516416847705841
mathdial_0745_turn_002,focus,telling,0.6391851902008057,0.04868251085281372,0.5905026793479919
mathdial_0745_turn_004,focus,generic,0.6537219285964966,0.023356223478913307,0.6303657051175833
mathdial_0745_turn_004,focus,probing,0.6537219285964966,0.24667014181613922,0.40705178678035736
mathdial_0745_turn_004,focus,telling,0.6537219285964966,0.07625172287225723,0.5774702057242393
mathdial_0745_turn_006,focus,generic,0.6391056180000305,0.03356356546282768,0.6055420525372028
mathdial_0745_turn_006,focus,probing,0.6391056180000305,0.19885525107383728,0.44025036692619324
mathdial_0745_turn_006,focus,telling,0.6391056180000305,0.12847553193569183,0.5106300860643387
mathdial_0745_turn_008,focus,generic,0.6282795667648315,0.038205236196517944,0.5900743305683136
mathdial_0745_turn_008,focus,probing,0.6282795667648315,0.18737061321735382,0.4409089535474777
mathdial_0745_turn_008,focus,telling,0.6282795667648315,0.1461445540189743,0.48213501274585724
mathdial_0745_turn_010,focus,generic,0.392020046710968,0.18017958104610443,0.2118404656648636
mathdial_0745_turn_010,focus,probing,0.392020046710968,0.1368505358695984,0.25516951084136963
mathdial_0745_turn_010,focus,telling,0.392020046710968,0.29094991087913513,0.10107013583183289
mathdial_0745_turn_012,telling,generic,0.3407641053199768,0.18212641775608063,0.15863768756389618
mathdial_0745_turn_012,telling,probing,0.3407641053199768,0.14745470881462097,0.19330939650535583
mathdial_0745_turn_012,telling,focus,0.3407641053199768,0.329654723405838,0.011109381914138794
mathdial_0745_turn_014,telling,generic,0.33994463086128235,0.16847436130046844,0.1714702695608139
mathdial_0745_turn_014,telling,probing,0.33994463086128235,0.15398038923740387,0.18596424162387848
mathdial_0745_turn_014,telling,focus,0.33994463086128235,0.33760058879852295,0.0023440420627593994
mathdial_0745_turn_016,focus,generic,0.3501240015029907,0.17471905052661896,0.17540495097637177
mathdial_0745_turn_016,focus,probing,0.3501240015029907,0.17050394415855408,0.17962005734443665
mathdial_0745_turn_016,focus,telling,0.3501240015029907,0.3046529293060303,0.04547107219696045
mathdial_0745_turn_018,focus,generic,0.3196575343608856,0.22935287654399872,0.0903046578168869
mathdial_0745_turn_018,focus,probing,0.3196575343608856,0.15176980197429657,0.16788773238658905
mathdial_0745_turn_018,focus,telling,0.3196575343608856,0.2992197573184967,0.020437777042388916
mathdial_0746_turn_000,generic,probing,0.7884055376052856,0.12149223685264587,0.6669133007526398
mathdial_0746_turn_000,generic,focus,0.7884055376052856,0.06266787648200989,0.7257376611232758
mathdial_0746_turn_000,generic,telling,0.7884055376052856,0.02743438631296158,0.7609711512923241
mathdial_0746_turn_002,focus,generic,0.6048582792282104,0.02880614437162876,0.5760521348565817
mathdial_0746_turn_002,focus,probing,0.6048582792282104,0.3146226108074188,0.2902356684207916
mathdial_0746_turn_002,focus,telling,0.6048582792282104,0.05171291530132294,0.5531453639268875
mathdial_0746_turn_004,focus,generic,0.6267603635787964,0.02449881285429001,0.6022615507245064
mathdial_0746_turn_004,focus,probing,0.6267603635787964,0.2906757593154907,0.33608460426330566
mathdial_0746_turn_004,focus,telling,0.6267603635787964,0.05806514248251915,0.5686952210962772
mathdial_0746_turn_006,focus,generic,0.6358000040054321,0.024573110044002533,0.6112268939614296
mathdial_0746_turn_006,focus,probing,0.6358000040054321,0.2711954712867737,0.36460453271865845
mathdial_0746_turn_006,focus,telling,0.6358000040054321,0.06843136250972748,0.5673686414957047
mathdial_0746_turn_008,focus,generic,0.6375412344932556,0.02635304257273674,0.6111881919205189
mathdial_0746_turn_008,focus,probing,0.6375412344932556,0.2584701180458069,0.37907111644744873
mathdial_0746_turn_008,focus,telling,0.6375412344932556,0.07763563096523285,0.5599056035280228
mathdial_0746_turn_010,focus,generic,0.4807042181491852,0.06948854774236679,0.4112156704068184
mathdial_0746_turn_010,focus,probing,0.4807042181491852,0.21462607383728027,0.2660781443119049
mathdial_0746_turn_010,focus,telling,0.4807042181491852,0.23518112301826477,0.2455230951309204
mathdial_0746_turn_012,telling,generic,0.3517765402793884,0.12577739357948303,0.2259991466999054
mathdial_0746_turn_012,telling,probing,0.3517765402793884,0.1893972009420395,0.16237933933734894
mathdial_0746_turn_012,telling,focus,0.3517765402793884,0.33304888010025024,0.018727660179138184
mathdial_0746_turn_014,telling,generic,0.46388229727745056,0.20994803309440613,0.25393426418304443
mathdial_0746_turn_014,telling,probing,0.46388229727745056,0.1454538255929947,0.31842847168445587
mathdial_0746_turn_014,telling,focus,0.46388229727745056,0.18071581423282623,0.28316648304462433
mathdial_0747_turn_000,generic,probing,0.7976619601249695,0.11433060467243195,0.6833313554525375
mathdial_0747_turn_000,generic,focus,0.7976619601249695,0.06085570901632309,0.7368062511086464
mathdial_0747_turn_000,generic,telling,0.7976619601249695,0.027151739224791527,0.770510220900178
mathdial_0747_turn_002,probing,generic,0.3568597435951233,0.25526300072669983,0.10159674286842346
mathdial_0747_turn_002,probing,focus,0.3568597435951233,0.27796033024787903,0.07889941334724426
mathdial_0747_turn_002,probing,telling,0.3568597435951233,0.10991689562797546,0.24694284796714783
mathdial_0747_turn_004,generic,probing,0.28985849022865295,0.23325903713703156,0.0565994530916214
mathdial_0747_turn_004,generic,focus,0.28985849022865295,0.23949985206127167,0.05035863816738129
mathdial_0747_turn_004,generic,telling,0.28985849022865295,0.23738260567188263,0.052475884556770325
mathdial_0747_turn_006,generic,probing,0.33697250485420227,0.1769452840089798,0.16002722084522247
mathdial_0747_turn_006,generic,focus,0.33697250485420227,0.19629055261611938,0.14068195223808289
mathdial_0747_turn_006,generic,telling,0.33697250485420227,0.28979170322418213,0.04718080163002014
mathdial_0747_turn_008,telling,generic,0.27789995074272156,0.26473507285118103,0.013164877891540527
mathdial_0747_turn_008,telling,probing,0.27789995074272156,0.210591122508049,0.06730882823467255
mathdial_0747_turn_008,telling,focus,0.27789995074272156,0.2467738837003708,0.03112606704235077
mathdial_0747_turn_010,telling,generic,0.3312622606754303,0.2509744465351105,0.08028781414031982
mathdial_0747_turn_010,telling,probing,0.3312622606754303,0.18573513627052307,0.14552712440490723
mathdial_0747_turn_010,telling,focus,0.3312622606754303,0.23202815651893616,0.09923410415649414
mathdial_0747_turn_012,telling,generic,0.3761690557003021,0.23445968329906464,0.1417093724012375
mathdial_0747_turn_012,telling,probing,0.3761690557003021,0.166571244597435,0.20959781110286713
mathdial_0747_turn_012,telling,focus,0.3761690557003021,0.2228000909090042,0.1533689647912979
mathdial_0750_turn_000,generic,probing,0.7945287823677063,0.11740472912788391,0.6771240532398224
mathdial_0750_turn_000,generic,focus,0.7945287823677063,0.060658179223537445,0.7338706031441689
mathdial_0750_turn_000,generic,telling,0.7945287823677063,0.02740827389061451,0.7671205084770918
mathdial_0750_turn_002,focus,generic,0.559179961681366,0.027409043163061142,0.5317709185183048
mathdial_0750_turn_002,focus,probing,0.559179961681366,0.3682892322540283,0.19089072942733765
mathdial_0750_turn_002,focus,telling,0.559179961681366,0.04512177035212517,0.5140581913292408
mathdial_0750_turn_004,focus,generic,0.6147282123565674,0.02587883360683918,0.5888493787497282
mathdial_0750_turn_004,focus,probing,0.6147282123565674,0.297976553440094,0.3167516589164734
mathdial_0750_turn_004,focus,telling,0.6147282123565674,0.0614163912832737,0.5533118210732937
mathdial_0750_turn_006,focus,generic,0.6110756993293762,0.025804735720157623,0.5852709636092186
mathdial_0750_turn_006,focus,probing,0.6110756993293762,0.27998507022857666,0.33109062910079956
mathdial_0750_turn_006,focus,telling,0.6110756993293762,0.08313458412885666,0.5279411152005196
mathdial_0750_turn_008,focus,generic,0.5691354274749756,0.04593201354146004,0.5232034139335155
mathdial_0750_turn_008,focus,probing,0.5691354274749756,0.24750056862831116,0.32163485884666443
mathdial_0750_turn_008,focus,telling,0.5691354274749756,0.1374320536851883,0.4317033737897873
mathdial_0750_turn_010,focus,generic,0.5511347651481628,0.039675768464803696,0.5114589966833591
mathdial_0750_turn_010,focus,probing,0.5511347651481628,0.24993368983268738,0.30120107531547546
mathdial_0750_turn_010,focus,telling,0.5511347651481628,0.15925586223602295,0.3918789029121399
mathdial_0750_turn_012,focus,generic,0.5275258421897888,0.04430091008543968,0.48322493210434914
mathdial_0750_turn_012,focus,probing,0.5275258421897888,0.2393590360879898,0.288166806101799
mathdial_0750_turn_012,focus,telling,0.5275258421897888,0.18881431221961975,0.33871152997016907
mathdial_0750_turn_014,focus,generic,0.45954862236976624,0.05847286432981491,0.4010757580399513
mathdial_0750_turn_014,focus,probing,0.45954862236976624,0.23948927223682404,0.2200593501329422
mathdial_0750_turn_014,focus,telling,0.45954862236976624,0.24248921871185303,0.2170594036579132
mathdial_0750_turn_016,focus,generic,0.44982483983039856,0.06994214653968811,0.37988269329071045
mathdial_0750_turn_016,focus,probing,0.44982483983039856,0.17461246252059937,0.2752123773097992
mathdial_0750_turn_016,focus,telling,0.44982483983039856,0.30562055110931396,0.1442042887210846
mathdial_0750_turn_018,telling,generic,0.4276157319545746,0.1561267375946045,0.2714889943599701
mathdial_0750_turn_018,telling,probing,0.4276157319545746,0.1456717699766159,0.2819439619779587
mathdial_0750_turn_018,telling,focus,0.4276157319545746,0.27058568596839905,0.15703004598617554
mathdial_0752_turn_000,generic,probing,0.7892724871635437,0.12229601293802261,0.6669764742255211
mathdial_0752_turn_000,generic,focus,0.7892724871635437,0.06025845184922218,0.7290140353143215
mathdial_0752_turn_000,generic,telling,0.7892724871635437,0.028173070400953293,0.7610994167625904
mathdial_0752_turn_002,probing,generic,0.5103182196617126,0.020224396139383316,0.49009382352232933
mathdial_0752_turn_002,probing,focus,0.5103182196617126,0.3819890022277832,0.12832921743392944
mathdial_0752_turn_002,probing,telling,0.5103182196617126,0.08746842294931412,0.42284979671239853
mathdial_0752_turn_004,focus,generic,0.451080858707428,0.04118063673377037,0.4099002219736576
mathdial_0752_turn_004,focus,probing,0.451080858707428,0.3847191035747528,0.06636175513267517
mathdial_0752_turn_004,focus,telling,0.451080858707428,0.12301940470933914,0.32806145399808884
mathdial_0764_turn_000,generic,probing,0.7599704265594482,0.1390414535999298,0.6209289729595184
mathdial_0764_turn_000,generic,focus,0.7599704265594482,0.0681229829788208,0.6918474435806274
mathdial_0764_turn_000,generic,telling,0.7599704265594482,0.03286516293883324,0.727105263620615
mathdial_0764_turn_002,focus,generic,0.5870111584663391,0.027745788916945457,0.5592653695493937
mathdial_0764_turn_002,focus,probing,0.5870111584663391,0.31553715467453003,0.2714740037918091
mathdial_0764_turn_002,focus,telling,0.5870111584663391,0.06970595568418503,0.5173052027821541
mathdial_0764_turn_004,focus,generic,0.6084674000740051,0.028891906142234802,0.5795754939317703
mathdial_0764_turn_004,focus,probing,0.6084674000740051,0.2877313494682312,0.3207360506057739
mathdial_0764_turn_004,focus,telling,0.6084674000740051,0.07490929961204529,0.5335581004619598
mathdial_0764_turn_006,focus,generic,0.4459165930747986,0.08091223239898682,0.36500436067581177
mathdial_0764_turn_006,focus,probing,0.4459165930747986,0.33860036730766296,0.10731622576713562
mathdial_0764_turn_006,focus,telling,0.4459165930747986,0.13457082211971283,0.31134577095508575
mathdial_0764_turn_008,focus,generic,0.4542030096054077,0.055940523743629456,0.39826248586177826
mathdial_0764_turn_008,focus,probing,0.4542030096054077,0.34412264823913574,0.11008036136627197
mathdial_0764_turn_008,focus,telling,0.4542030096054077,0.14573383331298828,0.30846917629241943
mathdial_0764_turn_010,focus,generic,0.44711047410964966,0.062347203493118286,0.38476327061653137
mathdial_0764_turn_010,focus,probing,0.44711047410964966,0.23703297972679138,0.21007749438285828
mathdial_0764_turn_010,focus,telling,0.44711047410964966,0.2535093426704407,0.19360113143920898
mathdial_0764_turn_011,focus,generic,0.42589783668518066,0.06598315387964249,0.3599146828055382
mathdial_0764_turn_011,focus,probing,0.42589783668518066,0.2313924878835678,0.19450534880161285
mathdial_0764_turn_011,focus,telling,0.42589783668518066,0.27672651410102844,0.14917132258415222
mathdial_0764_turn_013,telling,generic,0.5019339323043823,0.07640167325735092,0.4255322590470314
mathdial_0764_turn_013,telling,probing,0.5019339323043823,0.15511174499988556,0.34682218730449677
mathdial_0764_turn_013,telling,focus,0.5019339323043823,0.26655271649360657,0.23538121581077576
mathdial_0764_turn_015,telling,generic,0.5611642599105835,0.10168814659118652,0.459476113319397
mathdial_0764_turn_015,telling,probing,0.5611642599105835,0.14306700229644775,0.41809725761413574
mathdial_0764_turn_015,telling,focus,0.5611642599105835,0.19408059120178223,0.36708366870880127
mathdial_0767_turn_000,generic,probing,0.7853644490242004,0.12340008467435837,0.6619643643498421
mathdial_0767_turn_000,generic,focus,0.7853644490242004,0.06327031552791595,0.7220941334962845
mathdial_0767_turn_000,generic,telling,0.7853644490242004,0.027965068817138672,0.7573993802070618
mathdial_0767_turn_002,focus,generic,0.6384510397911072,0.023105507716536522,0.6153455320745707
mathdial_0767_turn_002,focus,probing,0.6384510397911072,0.2864854335784912,0.35196560621261597
mathdial_0767_turn_002,focus,telling,0.6384510397911072,0.051958099007606506,0.5864929407835007
mathdial_0767_turn_004,focus,generic,0.5658859610557556,0.021813059225678444,0.5440729018300772
mathdial_0767_turn_004,focus,probing,0.5658859610557556,0.2945374846458435,0.2713484764099121
mathdial_0767_turn_004,focus,telling,0.5658859610557556,0.11776356399059296,0.44812239706516266
mathdial_0767_turn_006,focus,generic,0.5705718398094177,0.026064760982990265,0.5445070788264275
mathdial_0767_turn_006,focus,probing,0.5705718398094177,0.23962925374507904,0.3309425860643387
mathdial_0767_turn_006,focus,telling,0.5705718398094177,0.1637340486049652,0.4068377912044525
mathdial_0767_turn_008,focus,generic,0.467046320438385,0.046574000269174576,0.42047232016921043
mathdial_0767_turn_008,focus,probing,0.467046320438385,0.16185753047466278,0.30518878996372223
mathdial_0767_turn_008,focus,telling,0.467046320438385,0.32452213764190674,0.14252418279647827
mathdial_0767_turn_010,telling,generic,0.6213296055793762,0.14745010435581207,0.47387950122356415
mathdial_0767_turn_010,telling,probing,0.6213296055793762,0.09351052343845367,0.5278190821409225
mathdial_0767_turn_010,telling,focus,0.6213296055793762,0.13770970702171326,0.48361989855766296
mathdial_0767_turn_012,telling,generic,0.5600680708885193,0.20014695823192596,0.3599211126565933
mathdial_0767_turn_012,telling,probing,0.5600680708885193,0.1135060042142868,0.4465620666742325
mathdial_0767_turn_012,telling,focus,0.5600680708885193,0.12627889215946198,0.4337891787290573
mathdial_0767_turn_014,telling,generic,0.6002039313316345,0.1748664528131485,0.425337478518486
mathdial_0767_turn_014,telling,probing,0.6002039313316345,0.09473863989114761,0.5054652914404869
mathdial_0767_turn_014,telling,focus,0.6002039313316345,0.13019098341464996,0.47001294791698456
mathdial_0767_turn_016,telling,generic,0.5930332541465759,0.14123620092868805,0.4517970532178879
mathdial_0767_turn_016,telling,probing,0.5930332541465759,0.08912615478038788,0.503907099366188
mathdial_0767_turn_016,telling,focus,0.5930332541465759,0.17660439014434814,0.4164288640022278
mathdial_0770_turn_000,generic,probing,0.7911667823791504,0.11969208717346191,0.6714746952056885
mathdial_0770_turn_000,generic,focus,0.7911667823791504,0.06133521348237991,0.7298315688967705
mathdial_0770_turn_000,generic,telling,0.7911667823791504,0.027805883437395096,0.7633608989417553
mathdial_0770_turn_002,focus,generic,0.6071564555168152,0.028914056718349457,0.5782423987984657
mathdial_0770_turn_002,focus,probing,0.6071564555168152,0.32560864090919495,0.28154781460762024
mathdial_0770_turn_002,focus,telling,0.6071564555168152,0.03832089900970459,0.5688355565071106
mathdial_0770_turn_004,focus,generic,0.35395482182502747,0.20209963619709015,0.15185518562793732
mathdial_0770_turn_004,focus,probing,0.35395482182502747,0.2162259966135025,0.13772882521152496
mathdial_0770_turn_004,focus,telling,0.35395482182502747,0.22771956026554108,0.1262352615594864
mathdial_0820_turn_000,generic,probing,0.7962126731872559,0.11438261717557907,0.6818300560116768
mathdial_0820_turn_000,generic,focus,0.7962126731872559,0.06211540475487709,0.7340972684323788
mathdial_0820_turn_000,generic,telling,0.7962126731872559,0.027289249002933502,0.7689234241843224
mathdial_0820_turn_002,probing,generic,0.5563090443611145,0.023945534601807594,0.5323635097593069
mathdial_0820_turn_002,probing,focus,0.5563090443611145,0.3646451532840729,0.19166389107704163
mathdial_0820_turn_002,probing,telling,0.5563090443611145,0.05510025843977928,0.5012087859213352
mathdial_0820_turn_004,focus,generic,0.445704847574234,0.11216650158166885,0.33353834599256516
mathdial_0820_turn_004,focus,probing,0.445704847574234,0.31871315836906433,0.12699168920516968
mathdial_0820_turn_004,focus,telling,0.445704847574234,0.12341555207967758,0.3222892954945564
mathdial_0820_turn_006,focus,generic,0.4671816825866699,0.09288106113672256,0.37430062144994736
mathdial_0820_turn_006,focus,probing,0.4671816825866699,0.3173311948776245,0.1498504877090454
mathdial_0820_turn_006,focus,telling,0.4671816825866699,0.122606061398983,0.3445756211876869
mathdial_0820_turn_008,focus,generic,0.36283034086227417,0.13906548917293549,0.22376485168933868
mathdial_0820_turn_008,focus,probing,0.36283034086227417,0.2859362065792084,0.0768941342830658
mathdial_0820_turn_008,focus,telling,0.36283034086227417,0.21216793358325958,0.1506624072790146
mathdial_0820_turn_010,focus,generic,0.36134976148605347,0.1568155288696289,0.20453423261642456
mathdial_0820_turn_010,focus,probing,0.36134976148605347,0.2343992292881012,0.12695053219795227
mathdial_0820_turn_010,focus,telling,0.36134976148605347,0.24743548035621643,0.11391428112983704
mathdial_0820_turn_012,telling,generic,0.36199209094047546,0.16241218149662018,0.19957990944385529
mathdial_0820_turn_012,telling,probing,0.36199209094047546,0.19757555425167084,0.16441653668880463
mathdial_0820_turn_012,telling,focus,0.36199209094047546,0.27802014350891113,0.08397194743156433
mathdial_0820_turn_014,telling,generic,0.43762677907943726,0.16176414489746094,0.2758626341819763
mathdial_0820_turn_014,telling,probing,0.43762677907943726,0.16124634444713593,0.27638043463230133
mathdial_0820_turn_014,telling,focus,0.43762677907943726,0.2393627017736435,0.19826407730579376
mathdial_0820_turn_016,telling,generic,0.5569064617156982,0.14886420965194702,0.4080422520637512
mathdial_0820_turn_016,telling,probing,0.5569064617156982,0.13074877858161926,0.426157683134079
mathdial_0820_turn_016,telling,focus,0.5569064617156982,0.16348056495189667,0.3934258967638016
mathdial_0820_turn_018,telling,generic,0.4922521114349365,0.16335631906986237,0.32889579236507416
mathdial_0820_turn_018,telling,probing,0.4922521114349365,0.17825566232204437,0.31399644911289215
mathdial_0820_turn_018,telling,focus,0.4922521114349365,0.16613586246967316,0.32611624896526337
mathdial_0822_turn_000,generic,probing,0.7859469056129456,0.122635617852211,0.6633112877607346
mathdial_0822_turn_000,generic,focus,0.7859469056129456,0.06316389888525009,0.7227830067276955
mathdial_0822_turn_000,generic,telling,0.7859469056129456,0.028253547847270966,0.7576933577656746
mathdial_0822_turn_002,focus,generic,0.5946484208106995,0.02530873566865921,0.5693396851420403
mathdial_0822_turn_002,focus,probing,0.5946484208106995,0.33551228046417236,0.2591361403465271
mathdial_0822_turn_002,focus,telling,0.5946484208106995,0.04453054443001747,0.550117876380682
mathdial_0822_turn_004,focus,generic,0.6280073523521423,0.032551784068346024,0.5954555682837963
mathdial_0822_turn_004,focus,probing,0.6280073523521423,0.2874937951564789,0.34051355719566345
mathdial_0822_turn_004,focus,telling,0.6280073523521423,0.05194718390703201,0.5760601684451103
mathdial_0822_turn_006,focus,generic,0.6195584535598755,0.04471013322472572,0.5748483203351498
mathdial_0822_turn_006,focus,probing,0.6195584535598755,0.25947105884552,0.36008739471435547
mathdial_0822_turn_006,focus,telling,0.6195584535598755,0.07626040279865265,0.5432980507612228
mathdial_0822_turn_008,focus,generic,0.408034086227417,0.12667037546634674,0.28136371076107025
mathdial_0822_turn_008,focus,probing,0.408034086227417,0.2217707335948944,0.18626335263252258
mathdial_0822_turn_008,focus,telling,0.408034086227417,0.24352474510669708,0.1645093411207199
mathdial_0822_turn_010,focus,generic,0.40714266896247864,0.12140453606843948,0.28573813289403915
mathdial_0822_turn_010,focus,probing,0.40714266896247864,0.21237939596176147,0.19476327300071716
mathdial_0822_turn_010,focus,telling,0.40714266896247864,0.2590733468532562,0.1480693221092224
mathdial_0826_turn_000,generic,probing,0.7901826500892639,0.12042275071144104,0.6697598993778229
mathdial_0826_turn_000,generic,focus,0.7901826500892639,0.061101704835891724,0.7290809452533722
mathdial_0826_turn_000,generic,telling,0.7901826500892639,0.028292905539274216,0.7618897445499897
mathdial_0826_turn_002,focus,generic,0.4890277683734894,0.022804945707321167,0.4662228226661682
mathdial_0826_turn_002,focus,probing,0.4890277683734894,0.43074488639831543,0.05828288197517395
mathdial_0826_turn_002,focus,telling,0.4890277683734894,0.057422392070293427,0.43160537630319595
mathdial_0826_turn_004,focus,generic,0.5004252195358276,0.02554796077311039,0.47487725876271725
mathdial_0826_turn_004,focus,probing,0.5004252195358276,0.3265478014945984,0.17387741804122925
mathdial_0826_turn_004,focus,telling,0.5004252195358276,0.14747902750968933,0.3529461920261383
mathdial_0826_turn_006,focus,generic,0.41815876960754395,0.14920656383037567,0.2689522057771683
mathdial_0826_turn_006,focus,probing,0.41815876960754395,0.29267022013664246,0.1254885494709015
mathdial_0826_turn_006,focus,telling,0.41815876960754395,0.13996432721614838,0.27819444239139557
mathdial_0826_turn_008,focus,generic,0.3790663182735443,0.1817883551120758,0.1972779631614685
mathdial_0826_turn_008,focus,probing,0.3790663182735443,0.2571214735507965,0.1219448447227478
mathdial_0826_turn_008,focus,telling,0.3790663182735443,0.18202385306358337,0.19704246520996094
mathdial_0826_turn_010,focus,generic,0.3689979612827301,0.1816645860671997,0.1873333752155304
mathdial_0826_turn_010,focus,probing,0.3689979612827301,0.23997414112091064,0.12902382016181946
mathdial_0826_turn_010,focus,telling,0.3689979612827301,0.20936328172683716,0.15963467955589294
mathdial_0826_turn_012,focus,generic,0.36765366792678833,0.1766219139099121,0.19103175401687622
mathdial_0826_turn_012,focus,probing,0.36765366792678833,0.22741074860095978,0.14024291932582855
mathdial_0826_turn_012,focus,telling,0.36765366792678833,0.22831368446350098,0.13933998346328735
mathdial_0826_turn_014,focus,generic,0.3423929214477539,0.1774214804172516,0.16497144103050232
mathdial_0826_turn_014,focus,probing,0.3423929214477539,0.20026040077209473,0.14213252067565918
mathdial_0826_turn_014,focus,telling,0.3423929214477539,0.2799251973628998,0.062467724084854126
mathdial_0826_turn_016,focus,generic,0.3321521580219269,0.17837315797805786,0.15377900004386902
mathdial_0826_turn_016,focus,probing,0.3321521580219269,0.18523699045181274,0.14691516757011414
mathdial_0826_turn_016,focus,telling,0.3321521580219269,0.3042377233505249,0.027914434671401978
mathdial_0830_turn_000,generic,probing,0.7851025462150574,0.1264711171388626,0.6586314290761948
mathdial_0830_turn_000,generic,focus,0.7851025462150574,0.06020214036107063,0.7249004058539867
mathdial_0830_turn_000,generic,telling,0.7851025462150574,0.02822413668036461,0.7568784095346928
mathdial_0830_turn_002,probing,generic,0.4848625063896179,0.04789891093969345,0.43696359544992447
mathdial_0830_turn_002,probing,focus,0.4848625063896179,0.3772025406360626,0.1076599657535553
mathdial_0830_turn_002,probing,telling,0.4848625063896179,0.09003601968288422,0.3948264867067337
mathdial_0830_turn_004,probing,generic,0.32747817039489746,0.1968792974948883,0.13059887290000916
mathdial_0830_turn_004,probing,focus,0.32747817039489746,0.262111097574234,0.06536707282066345
mathdial_0830_turn_004,probing,telling,0.32747817039489746,0.21353144943714142,0.11394672095775604
mathdial_0830_turn_005,probing,generic,0.29626932740211487,0.2598918080329895,0.036377519369125366
mathdial_0830_turn_005,probing,focus,0.29626932740211487,0.23421642184257507,0.062052905559539795
mathdial_0830_turn_005,probing,telling,0.29626932740211487,0.2096223682165146,0.08664695918560028
mathdial_0830_turn_007,probing,generic,0.30755969882011414,0.21591466665267944,0.09164503216743469
mathdial_0830_turn_007,probing,focus,0.30755969882011414,0.24275150895118713,0.064808189868927
mathdial_0830_turn_007,probing,telling,0.30755969882011414,0.23377415537834167,0.07378554344177246
mathdial_0851_turn_000,generic,probing,0.7859083414077759,0.12260850518941879,0.6632998362183571
mathdial_0851_turn_000,generic,focus,0.7859083414077759,0.0638173446059227,0.7220909968018532
mathdial_0851_turn_000,generic,telling,0.7859083414077759,0.027665726840496063,0.7582426145672798
mathdial_0851_turn_002,probing,generic,0.6401857733726501,0.02194458246231079,0.6182411909103394
mathdial_0851_turn_002,probing,focus,0.6401857733726501,0.22566717863082886,0.4145185947418213
mathdial_0851_turn_002,probing,telling,0.6401857733726501,0.11220236122608185,0.5279834121465683
mathdial_0851_turn_004,probing,generic,0.36535805463790894,0.16354990005493164,0.2018081545829773
mathdial_0851_turn_004,probing,focus,0.36535805463790894,0.133339062333107,0.23201899230480194
mathdial_0851_turn_004,probing,telling,0.36535805463790894,0.33775296807289124,0.0276050865650177
mathdial_0851_turn_006,telling,generic,0.4743763208389282,0.16683800518512726,0.30753831565380096
mathdial_0851_turn_006,telling,probing,0.4743763208389282,0.16811256110668182,0.3062637597322464
mathdial_0851_turn_006,telling,focus,0.4743763208389282,0.19067315757274628,0.28370316326618195
mathdial_0851_turn_008,telling,generic,0.436844140291214,0.18208736181259155,0.25475677847862244
mathdial_0851_turn_008,telling,probing,0.436844140291214,0.16245374083518982,0.27439039945602417
mathdial_0851_turn_008,telling,focus,0.436844140291214,0.21861475706100464,0.21822938323020935
mathdial_0851_turn_010,telling,generic,0.45502668619155884,0.144387349486351,0.3106393367052078
mathdial_0851_turn_010,telling,probing,0.45502668619155884,0.14626450836658478,0.30876217782497406
mathdial_0851_turn_010,telling,focus,0.45502668619155884,0.25432151556015015,0.2007051706314087
mathdial_0886_turn_000,generic,probing,0.7851025462150574,0.126471146941185,0.6586313992738724
mathdial_0886_turn_000,generic,focus,0.7851025462150574,0.06020214036107063,0.7249004058539867
mathdial_0886_turn_000,generic,telling,0.7851025462150574,0.02822413668036461,0.7568784095346928
mathdial_0886_turn_002,focus,generic,0.5650224685668945,0.02835969254374504,0.5366627760231495
mathdial_0886_turn_002,focus,probing,0.5650224685668945,0.34501829743385315,0.22000417113304138
mathdial_0886_turn_002,focus,telling,0.5650224685668945,0.06159946694970131,0.5034230016171932
mathdial_0886_turn_004,focus,generic,0.593316912651062,0.02776912786066532,0.5655477847903967
mathdial_0886_turn_004,focus,probing,0.593316912651062,0.28377634286880493,0.3095405697822571
mathdial_0886_turn_004,focus,telling,0.593316912651062,0.09513755887746811,0.4981793537735939
mathdial_0886_turn_006,focus,generic,0.5670238733291626,0.03899591788649559,0.528027955442667
mathdial_0886_turn_006,focus,probing,0.5670238733291626,0.21013900637626648,0.3568848669528961
mathdial_0886_turn_006,focus,telling,0.5670238733291626,0.18384122848510742,0.3831826448440552
mathdial_0886_turn_008,focus,generic,0.5566666722297668,0.04502416029572487,0.511642511934042
mathdial_0886_turn_008,focus,probing,0.5566666722297668,0.18525096774101257,0.3714157044887543
mathdial_0886_turn_008,focus,telling,0.5566666722297668,0.21305815875530243,0.3436085134744644
mathdial_0886_turn_010,telling,generic,0.5383827686309814,0.2132503092288971,0.32513245940208435
mathdial_0886_turn_010,telling,probing,0.5383827686309814,0.08726110309362411,0.45112166553735733
mathdial_0886_turn_010,telling,focus,0.5383827686309814,0.16110579669475555,0.3772769719362259
mathdial_0886_turn_012,telling,generic,0.5799338817596436,0.19852463901042938,0.3814092427492142
mathdial_0886_turn_012,telling,probing,0.5799338817596436,0.07740961015224457,0.502524271607399
mathdial_0886_turn_012,telling,focus,0.5799338817596436,0.1441318690776825,0.43580201268196106
mathdial_0886_turn_014,telling,generic,0.5751366019248962,0.1911080777645111,0.38402852416038513
mathdial_0886_turn_014,telling,probing,0.5751366019248962,0.0823712944984436,0.49276530742645264
mathdial_0886_turn_014,telling,focus,0.5751366019248962,0.15138401091098785,0.4237525910139084
mathdial_0886_turn_016,telling,generic,0.4721263647079468,0.22910092771053314,0.24302543699741364
mathdial_0886_turn_016,telling,probing,0.4721263647079468,0.10226871818304062,0.36985764652490616
mathdial_0886_turn_016,telling,focus,0.4721263647079468,0.19650399684906006,0.2756223678588867
mathdial_0889_turn_000,generic,probing,0.784680187702179,0.12445389479398727,0.6602262929081917
mathdial_0889_turn_000,generic,focus,0.784680187702179,0.06315538287162781,0.7215248048305511
mathdial_0889_turn_000,generic,telling,0.784680187702179,0.027710525318980217,0.7569696623831987
mathdial_0889_turn_002,focus,generic,0.551616907119751,0.025033794343471527,0.5265831127762794
mathdial_0889_turn_002,focus,probing,0.551616907119751,0.37521737813949585,0.17639952898025513
mathdial_0889_turn_002,focus,telling,0.551616907119751,0.048131901770830154,0.5034850053489208
mathdial_0889_turn_004,focus,generic,0.5684505701065063,0.034001126885414124,0.5344494432210922
mathdial_0889_turn_004,focus,probing,0.5684505701065063,0.31647831201553345,0.2519722580909729
mathdial_0889_turn_004,focus,telling,0.5684505701065063,0.08107005059719086,0.4873805195093155
mathdial_0889_turn_006,focus,generic,0.541373074054718,0.04764391854405403,0.493729155510664
mathdial_0889_turn_006,focus,probing,0.541373074054718,0.29522505402565,0.246148020029068
mathdial_0889_turn_006,focus,telling,0.541373074054718,0.11575791984796524,0.4256151542067528
mathdial_0889_turn_008,focus,generic,0.5149022936820984,0.07242044061422348,0.4424818530678749
mathdial_0889_turn_008,focus,probing,0.5149022936820984,0.2593947947025299,0.2555074989795685
mathdial_0889_turn_008,focus,telling,0.5149022936820984,0.15328249335289001,0.3616198003292084
mathdial_0889_turn_010,focus,generic,0.3873377740383148,0.17284750938415527,0.21449026465415955
mathdial_0889_turn_010,focus,probing,0.3873377740383148,0.24532422423362732,0.1420135498046875
mathdial_0889_turn_010,focus,telling,0.3873377740383148,0.19449050724506378,0.19284726679325104
mathdial_0889_turn_012,focus,generic,0.3816419541835785,0.18469472229480743,0.19694723188877106
mathdial_0889_turn_012,focus,probing,0.3816419541835785,0.21692052483558655,0.16472142934799194
mathdial_0889_turn_012,focus,telling,0.3816419541835785,0.21674267947673798,0.16489927470684052
mathdial_0892_turn_000,generic,probing,0.7897354364395142,0.12135376036167145,0.6683816760778427
mathdial_0892_turn_000,generic,focus,0.7897354364395142,0.061525262892246246,0.7282101735472679
mathdial_0892_turn_000,generic,telling,0.7897354364395142,0.027385514229536057,0.7623499222099781
mathdial_0892_turn_002,focus,generic,0.47467684745788574,0.025709200650453568,0.4489676468074322
mathdial_0892_turn_002,focus,probing,0.47467684745788574,0.4441944360733032,0.03048241138458252
mathdial_0892_turn_002,focus,telling,0.47467684745788574,0.055419594049453735,0.419257253408432
mathdial_0892_turn_004,focus,generic,0.48250576853752136,0.021961035206913948,0.4605447333306074
mathdial_0892_turn_004,focus,probing,0.48250576853752136,0.40846553444862366,0.0740402340888977
mathdial_0892_turn_004,focus,telling,0.48250576853752136,0.08706758916378021,0.39543817937374115
mathdial_0892_turn_006,focus,generic,0.4370706081390381,0.03385983780026436,0.4032107703387737
mathdial_0892_turn_006,focus,probing,0.4370706081390381,0.41202449798583984,0.025046110153198242
mathdial_0892_turn_006,focus,telling,0.4370706081390381,0.1170450896024704,0.3200255185365677
mathdial_0892_turn_008,focus,generic,0.42252013087272644,0.038188692182302475,0.38433143869042397
mathdial_0892_turn_008,focus,probing,0.42252013087272644,0.37393873929977417,0.04858139157295227
mathdial_0892_turn_008,focus,telling,0.42252013087272644,0.165352463722229,0.25716766715049744
mathdial_0892_turn_009,generic,probing,0.2868407964706421,0.2423047423362732,0.044536054134368896
mathdial_0892_turn_009,generic,focus,0.2868407964706421,0.2399916648864746,0.04684913158416748
mathdial_0892_turn_009,generic,telling,0.2868407964706421,0.2308628410100937,0.0559779554605484
mathdial_0900_turn_000,generic,probing,0.7834388017654419,0.12470640242099762,0.6587323993444443
mathdial_0900_turn_000,generic,focus,0.7834388017654419,0.0631597563624382,0.7202790454030037
mathdial_0900_turn_000,generic,telling,0.7834388017654419,0.028695102781057358,0.7547436989843845
mathdial_0900_turn_002,probing,generic,0.5049309134483337,0.046419497579336166,0.4585114158689976
mathdial_0900_turn_002,probing,focus,0.5049309134483337,0.3286878764629364,0.17624303698539734
mathdial_0900_turn_002,probing,telling,0.5049309134483337,0.11996164172887802,0.3849692717194557
mathdial_0900_turn_004,focus,generic,0.2866221070289612,0.27024585008621216,0.016376256942749023
mathdial_0900_turn_004,focus,probing,0.2866221070289612,0.26488354802131653,0.021738559007644653
mathdial_0900_turn_004,focus,telling,0.2866221070289612,0.1782485693693161,0.10837353765964508
mathdial_0900_turn_006,focus,generic,0.32191625237464905,0.23327887058258057,0.08863738179206848
mathdial_0900_turn_006,focus,probing,0.32191625237464905,0.30907508730888367,0.01284116506576538
mathdial_0900_turn_006,focus,telling,0.32191625237464905,0.13572973012924194,0.1861865222454071
mathdial_0916_turn_000,generic,probing,0.7893271446228027,0.12196353822946548,0.6673636063933372
mathdial_0916_turn_000,generic,focus,0.7893271446228027,0.06102889031171799,0.7282982543110847
mathdial_0916_turn_000,generic,telling,0.7893271446228027,0.027680465951561928,0.7616466786712408
mathdial_0916_turn_002,probing,generic,0.5289389491081238,0.04722212255001068,0.4817168265581131
mathdial_0916_turn_002,probing,focus,0.5289389491081238,0.3378309905529022,0.19110795855522156
mathdial_0916_turn_002,probing,telling,0.5289389491081238,0.0860079973936081,0.4429309517145157
mathdial_0916_turn_004,probing,generic,0.4375602602958679,0.04776688292622566,0.38979337736964226
mathdial_0916_turn_004,probing,focus,0.4375602602958679,0.393086314201355,0.04447394609451294
mathdial_0916_turn_004,probing,telling,0.4375602602958679,0.12158650904893875,0.31597375124692917
mathdial_0916_turn_006,probing,generic,0.4007258117198944,0.09550022333860397,0.30522558838129044
mathdial_0916_turn_006,probing,focus,0.4007258117198944,0.3370590806007385,0.06366673111915588
mathdial_0916_turn_006,probing,telling,0.4007258117198944,0.16671493649482727,0.23401087522506714
mathdial_0916_turn_008,probing,generic,0.37104591727256775,0.09079623967409134,0.2802496775984764
mathdial_0916_turn_008,probing,focus,0.37104591727256775,0.32880261540412903,0.04224330186843872
mathdial_0916_turn_008,probing,telling,0.37104591727256775,0.20935530960559845,0.1616906076669693
mathdial_0916_turn_010,probing,generic,0.35227489471435547,0.09961140900850296,0.2526634857058525
mathdial_0916_turn_010,probing,focus,0.35227489471435547,0.2935280501842499,0.05874684453010559
mathdial_0916_turn_010,probing,telling,0.35227489471435547,0.2545856535434723,0.09768924117088318
mathdial_0916_turn_012,probing,generic,0.3090578317642212,0.10741087049245834,0.20164696127176285
mathdial_0916_turn_012,probing,focus,0.3090578317642212,0.27828776836395264,0.030770063400268555
mathdial_0916_turn_012,probing,telling,0.3090578317642212,0.3052435517311096,0.0038142800331115723
mathdial_0916_turn_014,telling,generic,0.342881441116333,0.13746437430381775,0.20541706681251526
mathdial_0916_turn_014,telling,probing,0.342881441116333,0.24406398832798004,0.09881745278835297
mathdial_0916_turn_014,telling,focus,0.342881441116333,0.27559027075767517,0.06729117035865784
mathdial_0916_turn_016,telling,generic,0.4700082242488861,0.16434048116207123,0.3056677430868149
mathdial_0916_turn_016,telling,probing,0.4700082242488861,0.14446114003658295,0.32554708421230316
mathdial_0916_turn_016,telling,focus,0.4700082242488861,0.22119015455245972,0.2488180696964264
mathdial_0916_turn_018,telling,generic,0.35122379660606384,0.22739385068416595,0.12382994592189789
mathdial_0916_turn_018,telling,probing,0.35122379660606384,0.16388334333896637,0.18734045326709747
mathdial_0916_turn_018,telling,focus,0.35122379660606384,0.2574990391731262,0.09372475743293762
mathdial_0924_turn_000,generic,probing,0.7957966327667236,0.11470281332731247,0.6810938194394112
mathdial_0924_turn_000,generic,focus,0.7957966327667236,0.062055554240942,0.7337410785257816
mathdial_0924_turn_000,generic,telling,0.7957966327667236,0.027444975450634956,0.7683516573160887
mathdial_0924_turn_002,focus,generic,0.5821896195411682,0.028544491156935692,0.5536451283842325
mathdial_0924_turn_002,focus,probing,0.5821896195411682,0.32711154222488403,0.2550780773162842
mathdial_0924_turn_002,focus,telling,0.5821896195411682,0.06215440481901169,0.5200352147221565
mathdial_0924_turn_004,focus,generic,0.4733959138393402,0.04065180569887161,0.4327441081404686
mathdial_0924_turn_004,focus,probing,0.4733959138393402,0.2836053967475891,0.1897905170917511
mathdial_0924_turn_004,focus,telling,0.4733959138393402,0.20234689116477966,0.27104902267456055
mathdial_0924_turn_006,focus,generic,0.32770806550979614,0.13745641708374023,0.1902516484260559
mathdial_0924_turn_006,focus,probing,0.32770806550979614,0.2167419195175171,0.11096614599227905
mathdial_0924_turn_006,focus,telling,0.32770806550979614,0.3180936574935913,0.009614408016204834
mathdial_0924_turn_008,telling,generic,0.37006455659866333,0.1313224732875824,0.23874208331108093
mathdial_0924_turn_008,telling,probing,0.37006455659866333,0.16905929148197174,0.2010052651166916
mathdial_0924_turn_008,telling,focus,0.37006455659866333,0.32955366373062134,0.04051089286804199
mathdial_0938_turn_000,generic,probing,0.7920986413955688,0.11767593771219254,0.6744227036833763
mathdial_0938_turn_000,generic,focus,0.7920986413955688,0.06207749992609024,0.7300211414694786
mathdial_0938_turn_000,generic,telling,0.7920986413955688,0.02814793586730957,0.7639507055282593
mathdial_0938_turn_001,generic,probing,0.8236348628997803,0.09488335996866226,0.728751502931118
mathdial_0938_turn_001,generic,focus,0.8236348628997803,0.05925874039530754,0.7643761225044727
mathdial_0938_turn_001,generic,telling,0.8236348628997803,0.022223083302378654,0.8014117795974016
mathdial_0938_turn_003,probing,generic,0.6575838327407837,0.049143705517053604,0.6084401272237301
mathdial_0938_turn_003,probing,focus,0.6575838327407837,0.26029640436172485,0.39728742837905884
mathdial_0938_turn_003,probing,telling,0.6575838327407837,0.032976143062114716,0.624607689678669
mathdial_0938_turn_005,probing,generic,0.5969683527946472,0.02538805827498436,0.5715802945196629
mathdial_0938_turn_005,probing,focus,0.5969683527946472,0.30857887864112854,0.2883894741535187
mathdial_0938_turn_005,probing,telling,0.5969683527946472,0.0690646544098854,0.5279036983847618
mathdial_0938_turn_007,telling,generic,0.36152544617652893,0.19372403621673584,0.1678014099597931
mathdial_0938_turn_007,telling,probing,0.36152544617652893,0.20913593471050262,0.1523895114660263
mathdial_0938_turn_007,telling,focus,0.36152544617652893,0.2356146275997162,0.12591081857681274
mathdial_0938_turn_009,telling,generic,0.34565427899360657,0.1684056967496872,0.17724858224391937
mathdial_0938_turn_009,telling,probing,0.34565427899360657,0.2327258586883545,0.11292842030525208
mathdial_0938_turn_009,telling,focus,0.34565427899360657,0.25321412086486816,0.0924401581287384
mathdial_0938_turn_010,probing,generic,0.3026044964790344,0.243095263838768,0.05950923264026642
mathdial_0938_turn_010,probing,focus,0.3026044964790344,0.22967121005058289,0.07293328642845154
mathdial_0938_turn_010,probing,telling,0.3026044964790344,0.22462907433509827,0.07797542214393616
mathdial_0938_turn_012,probing,generic,0.34202849864959717,0.1380033642053604,0.20402513444423676
mathdial_0938_turn_012,probing,focus,0.34202849864959717,0.26469939947128296,0.07732909917831421
mathdial_0938_turn_012,probing,telling,0.34202849864959717,0.25526875257492065,0.08675974607467651
mathdial_0938_turn_013,probing,generic,0.35408249497413635,0.14034831523895264,0.21373417973518372
mathdial_0938_turn_013,probing,focus,0.35408249497413635,0.2527787983417511,0.10130369663238525
mathdial_0938_turn_013,probing,telling,0.35408249497413635,0.25279030203819275,0.1012921929359436
mathdial_0938_turn_015,probing,generic,0.3236031234264374,0.13876423239707947,0.1848388910293579
mathdial_0938_turn_015,probing,focus,0.3236031234264374,0.26467809081077576,0.05892503261566162
mathdial_0938_turn_015,probing,telling,0.3236031234264374,0.2729545533657074,0.05064857006072998
mathdial_0938_turn_017,telling,generic,0.37429943680763245,0.1741544008255005,0.20014503598213196
mathdial_0938_turn_017,telling,probing,0.37429943680763245,0.20166918635368347,0.17263025045394897
mathdial_0938_turn_017,telling,focus,0.37429943680763245,0.2498769909143448,0.12442244589328766
mathdial_0938_turn_019,telling,generic,0.5125548243522644,0.21422186493873596,0.29833295941352844
mathdial_0938_turn_019,telling,probing,0.5125548243522644,0.11370959132909775,0.39884523302316666
mathdial_0938_turn_019,telling,focus,0.5125548243522644,0.15951374173164368,0.3530410826206207
mathdial_0938_turn_021,telling,generic,0.4174845814704895,0.2767876386642456,0.1406969428062439
mathdial_0938_turn_021,telling,probing,0.4174845814704895,0.1404094099998474,0.2770751714706421
mathdial_0938_turn_021,telling,focus,0.4174845814704895,0.16531828045845032,0.2521663010120392
mathdial_0942_turn_000,generic,probing,0.7744095325469971,0.13313592970371246,0.6412736028432846
mathdial_0942_turn_000,generic,focus,0.7744095325469971,0.06457654386758804,0.709832988679409
mathdial_0942_turn_000,generic,telling,0.7744095325469971,0.02787795662879944,0.7465315759181976
mathdial_0942_turn_002,focus,generic,0.6758052110671997,0.03429275006055832,0.6415124610066414
mathdial_0942_turn_002,focus,probing,0.6758052110671997,0.22833727300167084,0.44746793806552887
mathdial_0942_turn_002,focus,telling,0.6758052110671997,0.06156468018889427,0.6142405308783054
mathdial_0942_turn_004,focus,generic,0.5792419910430908,0.061971329152584076,0.5172706618905067
mathdial_0942_turn_004,focus,probing,0.5792419910430908,0.199128195643425,0.38011379539966583
mathdial_0942_turn_004,focus,telling,0.5792419910430908,0.1596584916114807,0.4195834994316101
mathdial_0942_turn_006,focus,generic,0.39421942830085754,0.1712135225534439,0.22300590574741364
mathdial_0942_turn_006,focus,probing,0.39421942830085754,0.16416029632091522,0.23005913197994232
mathdial_0942_turn_006,focus,telling,0.39421942830085754,0.2704067826271057,0.12381264567375183
mathdial_0942_turn_008,focus,generic,0.4017811119556427,0.13430802524089813,0.26747308671474457
mathdial_0942_turn_008,focus,probing,0.4017811119556427,0.13524925708770752,0.2665318548679352
mathdial_0942_turn_008,focus,telling,0.4017811119556427,0.3286615312099457,0.07311958074569702
mathdial_0967_turn_000,generic,probing,0.7602837085723877,0.14244268834590912,0.6178410202264786
mathdial_0967_turn_000,generic,focus,0.7602837085723877,0.06674151867628098,0.6935421898961067
mathdial_0967_turn_000,generic,telling,0.7602837085723877,0.03053206205368042,0.7297516465187073
mathdial_0967_turn_002,probing,generic,0.6175621747970581,0.013805346563458443,0.6037568282335997
mathdial_0967_turn_002,probing,focus,0.6175621747970581,0.27686554193496704,0.34069663286209106
mathdial_0967_turn_002,probing,telling,0.6175621747970581,0.0917668417096138,0.5257953330874443
mathdial_0967_turn_004,probing,generic,0.5543234348297119,0.015522987581789494,0.5388004472479224
mathdial_0967_turn_004,probing,focus,0.5543234348297119,0.2902401089668274,0.2640833258628845
mathdial_0967_turn_004,probing,telling,0.5543234348297119,0.13991348445415497,0.41440995037555695
mathdial_0967_turn_006,probing,generic,0.4827825725078583,0.03249712288379669,0.4502854496240616
mathdial_0967_turn_006,probing,focus,0.4827825725078583,0.287150114774704,0.1956324577331543
mathdial_0967_turn_006,probing,telling,0.4827825725078583,0.19757011532783508,0.2852124571800232
mathdial_0967_turn_008,probing,generic,0.5047858953475952,0.04296881705522537,0.46181707829236984
mathdial_0967_turn_008,probing,focus,0.5047858953475952,0.2630533277988434,0.24173256754875183
mathdial_0967_turn_008,probing,telling,0.5047858953475952,0.18919190764427185,0.31559398770332336
mathdial_0967_turn_010,probing,generic,0.3066538870334625,0.11613591015338898,0.19051797688007355
mathdial_0967_turn_010,probing,focus,0.3066538870334625,0.29752400517463684,0.009129881858825684
mathdial_0967_turn_010,probing,telling,0.3066538870334625,0.27968621253967285,0.026967674493789673
mathdial_0967_turn_012,focus,generic,0.3658607006072998,0.12022532522678375,0.24563537538051605
mathdial_0967_turn_012,focus,probing,0.3658607006072998,0.2309938371181488,0.134866863489151
mathdial_0967_turn_012,focus,telling,0.3658607006072998,0.28292006254196167,0.08294063806533813
mathdial_0968_turn_000,generic,probing,0.7962686419487,0.11372968554496765,0.6825389564037323
mathdial_0968_turn_000,generic,focus,0.7962686419487,0.06270737946033478,0.7335612624883652
mathdial_0968_turn_000,generic,telling,0.7962686419487,0.02729431726038456,0.7689743246883154
mathdial_0968_turn_002,probing,generic,0.6582795977592468,0.019801974296569824,0.638477623462677
mathdial_0968_turn_002,probing,focus,0.6582795977592468,0.2017429769039154,0.4565366208553314
mathdial_0968_turn_002,probing,telling,0.6582795977592468,0.12017554044723511,0.5381040573120117
mathdial_0968_turn_004,telling,generic,0.4187913239002228,0.12884247303009033,0.28994885087013245
mathdial_0968_turn_004,telling,probing,0.4187913239002228,0.3037000894546509,0.1150912344455719
mathdial_0968_turn_004,telling,focus,0.4187913239002228,0.14866603910923004,0.27012528479099274
mathdial_0984_turn_000,generic,probing,0.7968754172325134,0.11381473392248154,0.6830606833100319
mathdial_0984_turn_000,generic,focus,0.7968754172325134,0.06153418496251106,0.7353412322700024
mathdial_0984_turn_000,generic,telling,0.7968754172325134,0.027775591239333153,0.7690998259931803
mathdial_0984_turn_002,probing,generic,0.6511544585227966,0.02480451390147209,0.6263499446213245
mathdial_0984_turn_002,probing,focus,0.6511544585227966,0.24526536464691162,0.405889093875885
mathdial_0984_turn_002,probing,telling,0.6511544585227966,0.07877568155527115,0.5723787769675255
mathdial_0984_turn_004,probing,generic,0.3356530964374542,0.18782149255275726,0.14783160388469696
mathdial_0984_turn_004,probing,focus,0.3356530964374542,0.21219050884246826,0.12346258759498596
mathdial_0984_turn_004,probing,telling,0.3356530964374542,0.26433485746383667,0.07131823897361755
mathdial_0984_turn_006,probing,generic,0.3128639757633209,0.15997858345508575,0.15288539230823517
mathdial_0984_turn_006,probing,focus,0.3128639757633209,0.2198275476694107,0.09303642809391022
mathdial_0984_turn_006,probing,telling,0.3128639757633209,0.30732986330986023,0.005534112453460693
mathdial_0984_turn_008,telling,generic,0.40186288952827454,0.13591651618480682,0.2659463733434677
mathdial_0984_turn_008,telling,probing,0.40186288952827454,0.2580470144748688,0.14381587505340576
mathdial_0984_turn_008,telling,focus,0.40186288952827454,0.20417360961437225,0.19768927991390228
mathdial_0984_turn_010,telling,generic,0.37844428420066833,0.14474189281463623,0.2337023913860321
mathdial_0984_turn_010,telling,probing,0.37844428420066833,0.24768655002117157,0.13075773417949677
mathdial_0984_turn_010,telling,focus,0.37844428420066833,0.22912731766700745,0.1493169665336609
mathdial_0990_turn_000,generic,probing,0.7962126731872559,0.11438261717557907,0.6818300560116768
mathdial_0990_turn_000,generic,focus,0.7962126731872559,0.0621153861284256,0.7340972870588303
mathdial_0990_turn_000,generic,telling,0.7962126731872559,0.027289249002933502,0.7689234241843224
mathdial_0990_turn_002,probing,generic,0.6384009122848511,0.03482037037611008,0.603580541908741
mathdial_0990_turn_002,probing,focus,0.6384009122848511,0.19158796966075897,0.4468129426240921
mathdial_0990_turn_002,probing,telling,0.6384009122848511,0.1351906806230545,0.5032102316617966
mathdial_0990_turn_004,probing,generic,0.5338965654373169,0.05077352374792099,0.4831230416893959
mathdial_0990_turn_004,probing,focus,0.5338965654373169,0.20517000555992126,0.32872655987739563
mathdial_0990_turn_004,probing,telling,0.5338965654373169,0.21015989780426025,0.32373666763305664
mathdial_0990_turn_006,probing,generic,0.32845890522003174,0.18356415629386902,0.14489474892616272
mathdial_0990_turn_006,probing,focus,0.32845890522003174,0.28315791487693787,0.04530099034309387
mathdial_0990_turn_006,probing,telling,0.32845890522003174,0.20481902360916138,0.12363988161087036
mathdial_0991_turn_000,generic,probing,0.8019675016403198,0.10986011475324631,0.6921073868870735
mathdial_0991_turn_000,generic,focus,0.8019675016403198,0.061073511838912964,0.7408939898014069
mathdial_0991_turn_000,generic,telling,0.8019675016403198,0.027098869904875755,0.7748686317354441
mathdial_0991_turn_002,probing,generic,0.4913555681705475,0.08356143534183502,0.40779413282871246
mathdial_0991_turn_002,probing,focus,0.4913555681705475,0.3410135805606842,0.15034198760986328
mathdial_0991_turn_002,probing,telling,0.4913555681705475,0.08406947553157806,0.4072860926389694
mathdial_0991_turn_004,probing,generic,0.45897263288497925,0.0870278924703598,0.37194474041461945
mathdial_0991_turn_004,probing,focus,0.45897263288497925,0.3490946888923645,0.10987794399261475
mathdial_0991_turn_004,probing,telling,0.45897263288497925,0.10490479320287704,0.3540678396821022
mathdial_0991_turn_006,probing,generic,0.439853310585022,0.08991123735904694,0.34994207322597504
mathdial_0991_turn_006,probing,focus,0.439853310585022,0.34084421396255493,0.09900909662246704
mathdial_0991_turn_006,probing,telling,0.439853310585022,0.12939123809337616,0.3104620724916458
mathdial_0991_turn_008,telling,generic,0.31791117787361145,0.2773817777633667,0.04052940011024475
mathdial_0991_turn_008,telling,probing,0.31791117787361145,0.18030694127082825,0.1376042366027832
mathdial_0991_turn_008,telling,focus,0.31791117787361145,0.22440007328987122,0.09351110458374023
mathdial_0991_turn_010,telling,generic,0.316567987203598,0.29512980580329895,0.021438181400299072
mathdial_0991_turn_010,telling,probing,0.316567987203598,0.18258261680603027,0.13398537039756775
mathdial_0991_turn_010,telling,focus,0.316567987203598,0.20571957528591156,0.11084841191768646
mathdial_0993_turn_000,generic,probing,0.7846267223358154,0.12608632445335388,0.6585403978824615
mathdial_0993_turn_000,generic,focus,0.7846267223358154,0.060788121074438095,0.7238386012613773
mathdial_0993_turn_000,generic,telling,0.7846267223358154,0.028498809784650803,0.7561279125511646
mathdial_0993_turn_002,probing,generic,0.43336865305900574,0.12389186769723892,0.3094767853617668
mathdial_0993_turn_002,probing,focus,0.43336865305900574,0.23480390012264252,0.19856475293636322
mathdial_0993_turn_002,probing,telling,0.43336865305900574,0.20793558657169342,0.22543306648731232
mathdial_0993_turn_004,probing,generic,0.36869725584983826,0.14639969170093536,0.2222975641489029
mathdial_0993_turn_004,probing,focus,0.36869725584983826,0.21037791669368744,0.15831933915615082
mathdial_0993_turn_004,probing,telling,0.36869725584983826,0.27452516555786133,0.09417209029197693
mathdial_0993_turn_006,telling,generic,0.32270580530166626,0.16169598698616028,0.16100981831550598
mathdial_0993_turn_006,telling,probing,0.32270580530166626,0.30928102135658264,0.013424783945083618
mathdial_0993_turn_006,telling,focus,0.32270580530166626,0.20631718635559082,0.11638861894607544
mathdial_0993_turn_008,telling,generic,0.36290547251701355,0.1686829924583435,0.19422248005867004
mathdial_0993_turn_008,telling,probing,0.36290547251701355,0.2589755356311798,0.10392993688583374
mathdial_0993_turn_008,telling,focus,0.36290547251701355,0.20943592488765717,0.15346954762935638
mathdial_0998_turn_000,generic,probing,0.7994288802146912,0.11152379959821701,0.6879050806164742
mathdial_0998_turn_000,generic,focus,0.7994288802146912,0.06192750483751297,0.7375013753771782
mathdial_0998_turn_000,generic,telling,0.7994288802146912,0.027119791135191917,0.7723090890794992
mathdial_0998_turn_002,probing,generic,0.625337541103363,0.016684502363204956,0.6086530387401581
mathdial_0998_turn_002,probing,focus,0.625337541103363,0.24896995723247528,0.37636758387088776
mathdial_0998_turn_002,probing,telling,0.625337541103363,0.10900791734457016,0.5163296237587929
mathdial_0998_turn_004,probing,generic,0.5941534042358398,0.019916826859116554,0.5742365773767233
mathdial_0998_turn_004,probing,focus,0.5941534042358398,0.23169192671775818,0.36246147751808167
mathdial_0998_turn_004,probing,telling,0.5941534042358398,0.15423788130283356,0.4399155229330063
mathdial_1010_turn_000,generic,probing,0.7857910394668579,0.12391909956932068,0.6618719398975372
mathdial_1010_turn_000,generic,focus,0.7857910394668579,0.06275001168251038,0.7230410277843475
mathdial_1010_turn_000,generic,telling,0.7857910394668579,0.02753986231982708,0.7582511771470308
mathdial_1010_turn_002,probing,generic,0.6870560646057129,0.014849119819700718,0.6722069447860122
mathdial_1010_turn_002,probing,focus,0.6870560646057129,0.22576595842838287,0.46129010617733
mathdial_1010_turn_002,probing,telling,0.6870560646057129,0.07232896983623505,0.6147270947694778
mathdial_1010_turn_004,probing,generic,0.6670304536819458,0.013235727325081825,0.653794726356864
mathdial_1010_turn_004,probing,focus,0.6670304536819458,0.22988280653953552,0.4371476471424103
mathdial_1010_turn_004,probing,telling,0.6670304536819458,0.0898510217666626,0.5771794319152832
mathdial_1010_turn_006,probing,generic,0.5962842106819153,0.015969669446349144,0.5803145412355661
mathdial_1010_turn_006,probing,focus,0.5962842106819153,0.24568237364292145,0.35060183703899384
mathdial_1010_turn_006,probing,telling,0.5962842106819153,0.14206375181674957,0.4542204588651657
mathdial_1016_turn_000,generic,probing,0.7868207097053528,0.12263909727334976,0.664181612432003
mathdial_1016_turn_000,generic,focus,0.7868207097053528,0.0629105195403099,0.7239101901650429
mathdial_1016_turn_000,generic,telling,0.7868207097053528,0.027629725635051727,0.7591909840703011
mathdial_1016_turn_002,focus,generic,0.6746043562889099,0.02658572979271412,0.6480186264961958
mathdial_1016_turn_002,focus,probing,0.6746043562889099,0.2349848449230194,0.4396195113658905
mathdial_1016_turn_002,focus,telling,0.6746043562889099,0.0638251081109047,0.6107792481780052
mathdial_1016_turn_004,focus,generic,0.5083566904067993,0.09790211170911789,0.4104545786976814
mathdial_1016_turn_004,focus,probing,0.5083566904067993,0.18128223717212677,0.32707445323467255
mathdial_1016_turn_004,focus,telling,0.5083566904067993,0.21245898306369781,0.2958977073431015
mathdial_1016_turn_006,focus,generic,0.617622971534729,0.06099226325750351,0.5566307082772255
mathdial_1016_turn_006,focus,probing,0.617622971534729,0.19295847415924072,0.4246644973754883
mathdial_1016_turn_006,focus,telling,0.617622971534729,0.12842638790607452,0.4891965836286545
mathdial_1016_turn_008,focus,generic,0.626694917678833,0.05988476797938347,0.5668101496994495
mathdial_1016_turn_008,focus,probing,0.626694917678833,0.17922966182231903,0.447465255856514
mathdial_1016_turn_008,focus,telling,0.626694917678833,0.1341906189918518,0.4925042986869812
mathdial_1016_turn_010,focus,generic,0.6214758157730103,0.0623149573802948,0.5591608583927155
mathdial_1016_turn_010,focus,probing,0.6214758157730103,0.17472481727600098,0.4467509984970093
mathdial_1016_turn_010,focus,telling,0.6214758157730103,0.14148443937301636,0.4799913763999939
mathdial_1016_turn_012,focus,generic,0.6206867098808289,0.06156199425458908,0.5591247156262398
mathdial_1016_turn_012,focus,probing,0.6206867098808289,0.1705646514892578,0.45012205839157104
mathdial_1016_turn_012,focus,telling,0.6206867098808289,0.14718660712242126,0.4735001027584076
mathdial_1016_turn_014,focus,generic,0.5023980140686035,0.1131310984492302,0.3892669156193733
mathdial_1016_turn_014,focus,probing,0.5023980140686035,0.16323010623455048,0.33916790783405304
mathdial_1016_turn_014,focus,telling,0.5023980140686035,0.22124087810516357,0.28115713596343994
mathdial_1016_turn_016,focus,generic,0.3463134467601776,0.17648716270923615,0.16982628405094147
mathdial_1016_turn_016,focus,probing,0.3463134467601776,0.1747647076845169,0.1715487390756607
mathdial_1016_turn_016,focus,telling,0.3463134467601776,0.30243465304374695,0.043878793716430664
mathdial_1027_turn_000,generic,probing,0.7965189814567566,0.11481428891420364,0.681704692542553
mathdial_1027_turn_000,generic,focus,0.7965189814567566,0.06085938960313797,0.7356595918536186
mathdial_1027_turn_000,generic,telling,0.7965189814567566,0.02780739590525627,0.7687115855515003
mathdial_1027_turn_002,probing,generic,0.41586926579475403,0.15960142016410828,0.25626784563064575
mathdial_1027_turn_002,probing,focus,0.41586926579475403,0.36042845249176025,0.055440813302993774
mathdial_1027_turn_002,probing,telling,0.41586926579475403,0.06410075724124908,0.35176850855350494
mathdial_1027_turn_004,probing,generic,0.3906499445438385,0.16827799379825592,0.22237195074558258
mathdial_1027_turn_004,probing,focus,0.3906499445438385,0.34628531336784363,0.04436463117599487
mathdial_1027_turn_004,probing,telling,0.3906499445438385,0.09478677064180374,0.29586317390203476
mathdial_1027_turn_006,probing,generic,0.25834542512893677,0.2523718774318695,0.005973547697067261
mathdial_1027_turn_006,probing,focus,0.25834542512893677,0.24604833126068115,0.012297093868255615
mathdial_1027_turn_006,probing,telling,0.25834542512893677,0.243234321475029,0.015111103653907776
mathdial_1040_turn_000,generic,probing,0.7997193336486816,0.11160831898450851,0.6881110146641731
mathdial_1040_turn_000,generic,focus,0.7997193336486816,0.06185391545295715,0.7378654181957245
mathdial_1040_turn_000,generic,telling,0.7997193336486816,0.02681843377649784,0.7729008998721838
mathdial_1040_turn_002,probing,generic,0.35094618797302246,0.1779698133468628,0.17297637462615967
mathdial_1040_turn_002,probing,focus,0.35094618797302246,0.31326013803482056,0.037686049938201904
mathdial_1040_turn_002,probing,telling,0.35094618797302246,0.1578238606452942,0.19312232732772827
mathdial_1040_turn_003,generic,probing,0.4910310208797455,0.22358660399913788,0.2674444168806076
mathdial_1040_turn_003,generic,focus,0.4910310208797455,0.15461090207099915,0.33642011880874634
mathdial_1040_turn_003,generic,telling,0.4910310208797455,0.1307714581489563,0.3602595627307892
mathdial_1040_turn_005,generic,probing,0.44046756625175476,0.2535741925239563,0.18689337372779846
mathdial_1040_turn_005,generic,focus,0.44046756625175476,0.16388559341430664,0.2765819728374481
mathdial_1040_turn_005,generic,telling,0.44046756625175476,0.14207257330417633,0.29839499294757843
mathdial_1040_turn_007,generic,probing,0.4208967983722687,0.2508764863014221,0.17002031207084656
mathdial_1040_turn_007,generic,focus,0.4208967983722687,0.1712290197610855,0.24966777861118317
mathdial_1040_turn_007,generic,telling,0.4208967983722687,0.15699762105941772,0.26389917731285095
mathdial_1049_turn_000,generic,probing,0.7963583469390869,0.11438500881195068,0.6819733381271362
mathdial_1049_turn_000,generic,focus,0.7963583469390869,0.06212719529867172,0.7342311516404152
mathdial_1049_turn_000,generic,telling,0.7963583469390869,0.02712949551641941,0.7692288514226675
mathdial_1049_turn_002,focus,generic,0.5383917689323425,0.059654440730810165,0.47873732820153236
mathdial_1049_turn_002,focus,probing,0.5383917689323425,0.35676491260528564,0.18162685632705688
mathdial_1049_turn_002,focus,telling,0.5383917689323425,0.04518887773156166,0.49320289120078087
mathdial_1049_turn_004,focus,generic,0.594668447971344,0.05057399719953537,0.5440944507718086
mathdial_1049_turn_004,focus,probing,0.594668447971344,0.29136982560157776,0.30329862236976624
mathdial_1049_turn_004,focus,telling,0.594668447971344,0.06338769942522049,0.5312807485461235
mathdial_1049_turn_006,focus,generic,0.6466673612594604,0.04610792174935341,0.600559439510107
mathdial_1049_turn_006,focus,probing,0.6466673612594604,0.24424618482589722,0.40242117643356323
mathdial_1049_turn_006,focus,telling,0.6466673612594604,0.06297849118709564,0.5836888700723648
mathdial_1049_turn_008,focus,generic,0.44997039437294006,0.16480787098407745,0.2851625233888626
mathdial_1049_turn_008,focus,probing,0.44997039437294006,0.22733953595161438,0.22263085842132568
mathdial_1049_turn_008,focus,telling,0.44997039437294006,0.15788224339485168,0.2920881509780884
mathdial_1049_turn_010,focus,generic,0.3252866864204407,0.2086838185787201,0.11660286784172058
mathdial_1049_turn_010,focus,probing,0.3252866864204407,0.184966042637825,0.14032064378261566
mathdial_1049_turn_010,focus,telling,0.3252866864204407,0.2810634672641754,0.04422321915626526
mathdial_1049_turn_012,telling,generic,0.30615365505218506,0.2332250475883484,0.07292860746383667
mathdial_1049_turn_012,telling,probing,0.30615365505218506,0.17514456808567047,0.1310090869665146
mathdial_1049_turn_012,telling,focus,0.30615365505218506,0.2854767441749573,0.020676910877227783
mathdial_1056_turn_000,generic,probing,0.7976619601249695,0.11433059722185135,0.6833313629031181
mathdial_1056_turn_000,generic,focus,0.7976619601249695,0.06085570901632309,0.7368062511086464
mathdial_1056_turn_000,generic,telling,0.7976619601249695,0.027151726186275482,0.770510233938694
mathdial_1056_turn_002,focus,generic,0.5070861577987671,0.022906329482793808,0.4841798283159733
mathdial_1056_turn_002,focus,probing,0.5070861577987671,0.4266110062599182,0.08047515153884888
mathdial_1056_turn_002,focus,telling,0.5070861577987671,0.043396566063165665,0.4636895917356014
mathdial_1056_turn_004,focus,generic,0.570377767086029,0.02249022200703621,0.5478875450789928
mathdial_1056_turn_004,focus,probing,0.570377767086029,0.33034130930900574,0.24003645777702332
mathdial_1056_turn_004,focus,telling,0.570377767086029,0.07679067552089691,0.49358709156513214
mathdial_1056_turn_006,focus,generic,0.40654656291007996,0.13810034096240997,0.26844622194767
mathdial_1056_turn_006,focus,probing,0.40654656291007996,0.20180875062942505,0.2047378122806549
mathdial_1056_turn_006,focus,telling,0.40654656291007996,0.25354433059692383,0.15300223231315613
mathdial_1056_turn_008,telling,generic,0.4710828363895416,0.1829857975244522,0.2880970388650894
mathdial_1056_turn_008,telling,probing,0.4710828363895416,0.1426786184310913,0.3284042179584503
mathdial_1056_turn_008,telling,focus,0.4710828363895416,0.20325273275375366,0.26783010363578796
mathdial_1056_turn_010,telling,generic,0.44846150279045105,0.2180732786655426,0.23038822412490845
mathdial_1056_turn_010,telling,probing,0.44846150279045105,0.15809358656406403,0.290367916226387
mathdial_1056_turn_010,telling,focus,0.44846150279045105,0.17537160217761993,0.2730899006128311
mathdial_1056_turn_012,telling,generic,0.4115462899208069,0.26990827918052673,0.14163801074028015
mathdial_1056_turn_012,telling,probing,0.4115462899208069,0.14761051535606384,0.26393577456474304
mathdial_1056_turn_012,telling,focus,0.4115462899208069,0.17093493044376373,0.24061135947704315
mathdial_1056_turn_014,telling,generic,0.47545361518859863,0.22119486331939697,0.25425875186920166
mathdial_1056_turn_014,telling,probing,0.47545361518859863,0.1359483152627945,0.33950529992580414
mathdial_1056_turn_014,telling,focus,0.47545361518859863,0.1674031764268875,0.3080504387617111
mathdial_1056_turn_016,telling,generic,0.5333688855171204,0.21702580153942108,0.3163430839776993
mathdial_1056_turn_016,telling,probing,0.5333688855171204,0.10737623274326324,0.4259926527738571
mathdial_1056_turn_016,telling,focus,0.5333688855171204,0.1422290802001953,0.39113980531692505
mathdial_1056_turn_018,telling,generic,0.5685073733329773,0.1754072606563568,0.3931001126766205
mathdial_1056_turn_018,telling,probing,0.5685073733329773,0.1033100038766861,0.4651973694562912
mathdial_1056_turn_018,telling,focus,0.5685073733329773,0.1527753472328186,0.4157320261001587
mathdial_1056_turn_020,telling,generic,0.4983940124511719,0.23994864523410797,0.2584453672170639
mathdial_1056_turn_020,telling,probing,0.4983940124511719,0.11155698448419571,0.38683702796697617
mathdial_1056_turn_020,telling,focus,0.4983940124511719,0.15010035037994385,0.348293662071228
mathdial_1059_turn_000,generic,probing,0.790402352809906,0.12119366228580475,0.6692086905241013
mathdial_1059_turn_000,generic,focus,0.790402352809906,0.06062764301896095,0.729774709790945
mathdial_1059_turn_000,generic,telling,0.790402352809906,0.027776334434747696,0.7626260183751583
mathdial_1059_turn_002,probing,generic,0.5517895817756653,0.016749124974012375,0.5350404568016529
mathdial_1059_turn_002,probing,focus,0.5517895817756653,0.3194081783294678,0.2323814034461975
mathdial_1059_turn_002,probing,telling,0.5517895817756653,0.11205311119556427,0.439736470580101
mathdial_1059_turn_004,probing,generic,0.5327154994010925,0.016232695430517197,0.5164828039705753
mathdial_1059_turn_004,probing,focus,0.5327154994010925,0.3067338764667511,0.22598162293434143
mathdial_1059_turn_004,probing,telling,0.5327154994010925,0.14431791007518768,0.38839758932590485
mathdial_1059_turn_006,probing,generic,0.512747585773468,0.01758604869246483,0.4951615370810032
mathdial_1059_turn_006,probing,focus,0.512747585773468,0.27774402499198914,0.23500356078147888
mathdial_1059_turn_006,probing,telling,0.512747585773468,0.19192229211330414,0.3208252936601639
mathdial_1061_turn_000,generic,probing,0.7962685823440552,0.11372970044612885,0.6825388818979263
mathdial_1061_turn_000,generic,focus,0.7962685823440552,0.06270739436149597,0.7335611879825592
mathdial_1061_turn_000,generic,telling,0.7962685823440552,0.027294326573610306,0.7689742557704449
mathdial_1061_turn_002,probing,generic,0.6815692186355591,0.013404564931988716,0.6681646537035704
mathdial_1061_turn_002,probing,focus,0.6815692186355591,0.2335439771413803,0.44802524149417877
mathdial_1061_turn_002,probing,telling,0.6815692186355591,0.07148221880197525,0.6100869998335838
mathdial_1061_turn_004,probing,generic,0.6656745076179504,0.013449238613247871,0.6522252690047026
mathdial_1061_turn_004,probing,focus,0.6656745076179504,0.21839657425880432,0.4472779333591461
mathdial_1061_turn_004,probing,telling,0.6656745076179504,0.10247964411973953,0.5631948634982109
mathdial_1061_turn_006,probing,generic,0.5065281987190247,0.04106556251645088,0.4654626362025738
mathdial_1061_turn_006,probing,focus,0.5065281987190247,0.3091750144958496,0.19735318422317505
mathdial_1061_turn_006,probing,telling,0.5065281987190247,0.14323122799396515,0.3632969707250595
mathdial_1061_turn_008,probing,generic,0.48032015562057495,0.044856779277324677,0.4354633763432503
mathdial_1061_turn_008,probing,focus,0.48032015562057495,0.30989038944244385,0.1704297661781311
mathdial_1061_turn_008,probing,telling,0.48032015562057495,0.16493268311023712,0.31538747251033783
mathdial_1061_turn_010,probing,generic,0.4707503318786621,0.04379704222083092,0.4269532896578312
mathdial_1061_turn_010,probing,focus,0.4707503318786621,0.30903300642967224,0.16171732544898987
mathdial_1061_turn_010,probing,telling,0.4707503318786621,0.1764196902513504,0.2943306416273117
mathdial_1070_turn_000,generic,probing,0.781792163848877,0.12683214247226715,0.6549600213766098
mathdial_1070_turn_000,generic,focus,0.781792163848877,0.06256905198097229,0.7192231118679047
mathdial_1070_turn_000,generic,telling,0.781792163848877,0.028806738555431366,0.7529854252934456
mathdial_1070_turn_002,focus,generic,0.6429749131202698,0.025897879153490067,0.6170770339667797
mathdial_1070_turn_002,focus,probing,0.6429749131202698,0.28254321217536926,0.3604317009449005
mathdial_1070_turn_002,focus,telling,0.6429749131202698,0.048584047704935074,0.5943908654153347
mathdial_1070_turn_004,focus,generic,0.5943263173103333,0.020242840051651,0.5740834772586823
mathdial_1070_turn_004,focus,probing,0.5943263173103333,0.3263190984725952,0.26800721883773804
mathdial_1070_turn_004,focus,telling,0.5943263173103333,0.059111788868904114,0.5352145284414291
mathdial_1070_turn_006,focus,generic,0.4099380075931549,0.11800434440374374,0.29193366318941116
mathdial_1070_turn_006,focus,probing,0.4099380075931549,0.23834539949893951,0.1715926080942154
mathdial_1070_turn_006,focus,telling,0.4099380075931549,0.23371228575706482,0.1762257218360901
mathdial_1070_turn_008,focus,generic,0.3826432228088379,0.1259206086397171,0.2567226141691208
mathdial_1070_turn_008,focus,probing,0.3826432228088379,0.1917395144701004,0.1909037083387375
mathdial_1070_turn_008,focus,telling,0.3826432228088379,0.2996966540813446,0.08294656872749329
mathdial_1070_turn_010,telling,generic,0.38438576459884644,0.19775786995887756,0.18662789463996887
mathdial_1070_turn_010,telling,probing,0.38438576459884644,0.13598200678825378,0.24840375781059265
mathdial_1070_turn_010,telling,focus,0.38438576459884644,0.2818743884563446,0.10251137614250183
mathdial_1070_turn_012,telling,generic,0.39612647891044617,0.18692369759082794,0.20920278131961823
mathdial_1070_turn_012,telling,probing,0.39612647891044617,0.13214530050754547,0.2639811784029007
mathdial_1070_turn_012,telling,focus,0.39612647891044617,0.2848045527935028,0.11132192611694336
mathdial_1070_turn_014,telling,generic,0.4255872070789337,0.18658074736595154,0.23900645971298218
mathdial_1070_turn_014,telling,probing,0.4255872070789337,0.11643581837415695,0.30915138870477676
mathdial_1070_turn_014,telling,focus,0.4255872070789337,0.271396279335022,0.15419092774391174
mathdial_1070_turn_016,telling,generic,0.42859184741973877,0.18087492883205414,0.24771691858768463
mathdial_1070_turn_016,telling,probing,0.42859184741973877,0.11732830107212067,0.3112635463476181
mathdial_1070_turn_016,telling,focus,0.42859184741973877,0.2732049226760864,0.15538692474365234
mathdial_1070_turn_018,telling,generic,0.44621244072914124,0.1717744618654251,0.2744379788637161
mathdial_1070_turn_018,telling,probing,0.44621244072914124,0.11248117685317993,0.3337312638759613
mathdial_1070_turn_018,telling,focus,0.44621244072914124,0.26953190565109253,0.1766805350780487
mathdial_1070_turn_020,telling,generic,0.5875146985054016,0.15558545291423798,0.43192924559116364
mathdial_1070_turn_020,telling,probing,0.5875146985054016,0.0874008983373642,0.5001138001680374
mathdial_1070_turn_020,telling,focus,0.5875146985054016,0.16949893534183502,0.4180157631635666
mathdial_1070_turn_022,telling,generic,0.5394403338432312,0.19728413224220276,0.34215620160102844
mathdial_1070_turn_022,telling,probing,0.5394403338432312,0.0885828286409378,0.4508575052022934
mathdial_1070_turn_022,telling,focus,0.5394403338432312,0.17469272017478943,0.3647476136684418
mathdial_1070_turn_024,telling,generic,0.5310493111610413,0.18953683972358704,0.3415124714374542
mathdial_1070_turn_024,telling,probing,0.5310493111610413,0.09494248777627945,0.4361068233847618
mathdial_1070_turn_024,telling,focus,0.5310493111610413,0.18447138369083405,0.3465779274702072
mathdial_1073_turn_000,generic,probing,0.7994288802146912,0.11152379959821701,0.6879050806164742
mathdial_1073_turn_000,generic,focus,0.7994288802146912,0.06192750483751297,0.7375013753771782
mathdial_1073_turn_000,generic,telling,0.7994288802146912,0.027119791135191917,0.7723090890794992
mathdial_1073_turn_002,probing,generic,0.43306300044059753,0.14523977041244507,0.28782323002815247
mathdial_1073_turn_002,probing,focus,0.43306300044059753,0.3522743284702301,0.08078867197036743
mathdial_1073_turn_002,probing,telling,0.43306300044059753,0.0694228783249855,0.36364012211561203
mathdial_1073_turn_004,focus,generic,0.5150972008705139,0.0602426752448082,0.4548545256257057
mathdial_1073_turn_004,focus,probing,0.5150972008705139,0.33719655871391296,0.17790064215660095
mathdial_1073_turn_004,focus,telling,0.5150972008705139,0.08746364712715149,0.4276335537433624
mathdial_1073_turn_006,focus,generic,0.5812854170799255,0.06317578256130219,0.5181096345186234
mathdial_1073_turn_006,focus,probing,0.5812854170799255,0.26562198996543884,0.3156634271144867
mathdial_1073_turn_006,focus,telling,0.5812854170799255,0.08991682529449463,0.4913685917854309
mathdial_1084_turn_000,generic,probing,0.7985700368881226,0.11243607848882675,0.6861339583992958
mathdial_1084_turn_000,generic,focus,0.7985700368881226,0.06222381442785263,0.7363462224602699
mathdial_1084_turn_000,generic,telling,0.7985700368881226,0.026770053431391716,0.7717999834567308
mathdial_1084_turn_002,focus,generic,0.4635542631149292,0.0517386794090271,0.4118155837059021
mathdial_1084_turn_002,focus,probing,0.4635542631149292,0.44436052441596985,0.01919373869895935
mathdial_1084_turn_002,focus,telling,0.4635542631149292,0.040346525609493256,0.42320773750543594
mathdial_1084_turn_004,focus,generic,0.4978678226470947,0.0592050775885582,0.43866274505853653
mathdial_1084_turn_004,focus,probing,0.4978678226470947,0.376337468624115,0.12153035402297974
mathdial_1084_turn_004,focus,telling,0.4978678226470947,0.06658954918384552,0.4312782734632492
mathdial_1084_turn_006,focus,generic,0.40987008810043335,0.07187599688768387,0.3379940912127495
mathdial_1084_turn_006,focus,probing,0.40987008810043335,0.40733101963996887,0.0025390684604644775
mathdial_1084_turn_006,focus,telling,0.40987008810043335,0.11092288792133331,0.29894720017910004
mathdial_1084_turn_008,focus,generic,0.33919137716293335,0.21577438712120056,0.12341699004173279
mathdial_1084_turn_008,focus,probing,0.33919137716293335,0.24263310432434082,0.09655827283859253
mathdial_1084_turn_008,focus,telling,0.33919137716293335,0.20240116119384766,0.1367902159690857
mathdial_1084_turn_010,focus,generic,0.33452337980270386,0.21463775634765625,0.11988562345504761
mathdial_1084_turn_010,focus,probing,0.33452337980270386,0.24174867570400238,0.09277470409870148
mathdial_1084_turn_010,focus,telling,0.33452337980270386,0.2090901881456375,0.12543319165706635
mathdial_1084_turn_012,focus,generic,0.3304802179336548,0.21366830170154572,0.11681191623210907
mathdial_1084_turn_012,focus,probing,0.3304802179336548,0.23578551411628723,0.09469470381736755
mathdial_1084_turn_012,focus,telling,0.3304802179336548,0.22006598114967346,0.11041423678398132
mathdial_1084_turn_014,focus,generic,0.3279986083507538,0.21619315445423126,0.11180545389652252
mathdial_1084_turn_014,focus,probing,0.3279986083507538,0.2177271991968155,0.1102714091539383
mathdial_1084_turn_014,focus,telling,0.3279986083507538,0.23808105289936066,0.08991755545139313
mathdial_1094_turn_000,generic,probing,0.7853644490242004,0.12340008467435837,0.6619643643498421
mathdial_1094_turn_000,generic,focus,0.7853644490242004,0.06327031552791595,0.7220941334962845
mathdial_1094_turn_000,generic,telling,0.7853644490242004,0.027965068817138672,0.7573993802070618
mathdial_1094_turn_002,focus,generic,0.4766973853111267,0.03693084418773651,0.4397665411233902
mathdial_1094_turn_002,focus,probing,0.4766973853111267,0.4418871998786926,0.03481018543243408
mathdial_1094_turn_002,focus,telling,0.4766973853111267,0.04448457434773445,0.43221281096339226
mathdial_1094_turn_004,focus,generic,0.47810792922973633,0.028641151264309883,0.44946677796542645
mathdial_1094_turn_004,focus,probing,0.47810792922973633,0.4342690110206604,0.04383891820907593
mathdial_1094_turn_004,focus,telling,0.47810792922973633,0.05898197367787361,0.4191259555518627
mathdial_1094_turn_006,focus,generic,0.5058868527412415,0.07959781587123871,0.42628903687000275
mathdial_1094_turn_006,focus,probing,0.5058868527412415,0.29864826798439026,0.2072385847568512
mathdial_1094_turn_006,focus,telling,0.5058868527412415,0.11586698889732361,0.39001986384391785
mathdial_1094_turn_008,focus,generic,0.42157071828842163,0.16695505380630493,0.2546156644821167
mathdial_1094_turn_008,focus,probing,0.42157071828842163,0.2167627066373825,0.20480801165103912
mathdial_1094_turn_008,focus,telling,0.42157071828842163,0.19471150636672974,0.2268592119216919
mathdial_1094_turn_010,focus,generic,0.36339378356933594,0.19016942381858826,0.17322435975074768
mathdial_1094_turn_010,focus,probing,0.36339378356933594,0.16893339157104492,0.19446039199829102
mathdial_1094_turn_010,focus,telling,0.36339378356933594,0.2775034010410309,0.08589038252830505
mathdial_1096_turn_000,generic,probing,0.7968916893005371,0.1122947707772255,0.6845969185233116
mathdial_1096_turn_000,generic,focus,0.7968916893005371,0.06247611343860626,0.7344155758619308
mathdial_1096_turn_000,generic,telling,0.7968916893005371,0.028337350115180016,0.7685543391853571
mathdial_1096_turn_002,probing,generic,0.5147110223770142,0.043538253754377365,0.4711727686226368
mathdial_1096_turn_002,probing,focus,0.5147110223770142,0.40095803141593933,0.11375299096107483
mathdial_1096_turn_002,probing,telling,0.5147110223770142,0.04079261049628258,0.4739184118807316
mathdial_1096_turn_004,probing,generic,0.49517130851745605,0.058852385729551315,0.43631892278790474
mathdial_1096_turn_004,probing,focus,0.49517130851745605,0.36579272150993347,0.12937858700752258
mathdial_1096_turn_004,probing,telling,0.49517130851745605,0.08018361032009125,0.4149876981973648
mathdial_1096_turn_006,focus,generic,0.48885682225227356,0.07253856211900711,0.41631826013326645
mathdial_1096_turn_006,focus,probing,0.48885682225227356,0.35207104682922363,0.13678577542304993
mathdial_1096_turn_006,focus,telling,0.48885682225227356,0.08653358370065689,0.40232323855161667
mathdial_1096_turn_008,focus,generic,0.3803367018699646,0.2027500420808792,0.1775866597890854
mathdial_1096_turn_008,focus,probing,0.3803367018699646,0.24356359243392944,0.13677310943603516
mathdial_1096_turn_008,focus,telling,0.3803367018699646,0.17334967851638794,0.20698702335357666
mathdial_1096_turn_010,focus,generic,0.3824513256549835,0.1862620860338211,0.19618923962116241
mathdial_1096_turn_010,focus,probing,0.3824513256549835,0.20846274495124817,0.17398858070373535
mathdial_1096_turn_010,focus,telling,0.3824513256549835,0.2228238880634308,0.15962743759155273
mathdial_1096_turn_012,focus,generic,0.35737016797065735,0.20662032067775726,0.15074984729290009
mathdial_1096_turn_012,focus,probing,0.35737016797065735,0.1797068864107132,0.17766328155994415
mathdial_1096_turn_012,focus,telling,0.35737016797065735,0.2563025653362274,0.10106760263442993
mathdial_1096_turn_014,focus,generic,0.3163128197193146,0.24792960286140442,0.06838321685791016
mathdial_1096_turn_014,focus,probing,0.3163128197193146,0.15252487361431122,0.16378794610500336
mathdial_1096_turn_014,focus,telling,0.3163128197193146,0.2832326889038086,0.03308013081550598
mathdial_1096_turn_016,focus,generic,0.36274296045303345,0.20036327838897705,0.1623796820640564
mathdial_1096_turn_016,focus,probing,0.36274296045303345,0.17249707877635956,0.1902458816766739
mathdial_1096_turn_016,focus,telling,0.36274296045303345,0.26439669728279114,0.09834626317024231
mathdial_1096_turn_018,focus,generic,0.31564900279045105,0.2341655045747757,0.08148349821567535
mathdial_1096_turn_018,focus,probing,0.31564900279045105,0.1462816447019577,0.16936735808849335
mathdial_1096_turn_018,focus,telling,0.31564900279045105,0.30390384793281555,0.011745154857635498
mathdial_1105_turn_000,generic,probing,0.7901826500892639,0.12042275071144104,0.6697598993778229
mathdial_1105_turn_000,generic,focus,0.7901826500892639,0.061101704835891724,0.7290809452533722
mathdial_1105_turn_000,generic,telling,0.7901826500892639,0.028292905539274216,0.7618897445499897
mathdial_1105_turn_002,focus,generic,0.5216127634048462,0.028079653158783913,0.4935331102460623
mathdial_1105_turn_002,focus,probing,0.5216127634048462,0.40950754284858704,0.11210522055625916
mathdial_1105_turn_002,focus,telling,0.5216127634048462,0.040800079703330994,0.4808126837015152
mathdial_1105_turn_004,focus,generic,0.49167755246162415,0.019243936985731125,0.472433615475893
mathdial_1105_turn_004,focus,probing,0.49167755246162415,0.43190667033195496,0.05977088212966919
mathdial_1105_turn_004,focus,telling,0.49167755246162415,0.05717184767127037,0.4345057047903538
mathdial_1105_turn_006,focus,generic,0.47450071573257446,0.12004546821117401,0.35445524752140045
mathdial_1105_turn_006,focus,probing,0.47450071573257446,0.21196942031383514,0.2625312954187393
mathdial_1105_turn_006,focus,telling,0.47450071573257446,0.19348442554473877,0.2810162901878357
mathdial_1105_turn_008,focus,generic,0.36552584171295166,0.13573496043682098,0.22979088127613068
mathdial_1105_turn_008,focus,probing,0.36552584171295166,0.1539306342601776,0.21159520745277405
mathdial_1105_turn_008,focus,telling,0.36552584171295166,0.34480857849121094,0.020717263221740723
mathdial_1105_turn_010,telling,generic,0.5759398341178894,0.19236980378627777,0.38357003033161163
mathdial_1105_turn_010,telling,probing,0.5759398341178894,0.08117805421352386,0.49476177990436554
mathdial_1105_turn_010,telling,focus,0.5759398341178894,0.15051233768463135,0.42542749643325806
mathdial_1105_turn_012,telling,generic,0.548546314239502,0.19750545918941498,0.351040855050087
mathdial_1105_turn_012,telling,probing,0.548546314239502,0.08875750005245209,0.45978881418704987
mathdial_1105_turn_012,telling,focus,0.548546314239502,0.16519081592559814,0.3833554983139038
mathdial_1106_turn_000,generic,probing,0.7879478931427002,0.12310012429952621,0.664847768843174
mathdial_1106_turn_000,generic,focus,0.7879478931427002,0.061801839619874954,0.7261460535228252
mathdial_1106_turn_000,generic,telling,0.7879478931427002,0.027150239795446396,0.7607976533472538
mathdial_1106_turn_002,probing,generic,0.5271244049072266,0.03132137283682823,0.49580303207039833
mathdial_1106_turn_002,probing,focus,0.5271244049072266,0.35725677013397217,0.1698676347732544
mathdial_1106_turn_002,probing,telling,0.5271244049072266,0.08429748564958572,0.44282691925764084
mathdial_1106_turn_004,focus,generic,0.302423894405365,0.17304138839244843,0.12938250601291656
mathdial_1106_turn_004,focus,probing,0.302423894405365,0.29813113808631897,0.0042927563190460205
mathdial_1106_turn_004,focus,telling,0.302423894405365,0.22640354931354523,0.07602034509181976
mathdial_1106_turn_006,focus,generic,0.3142486810684204,0.16347366571426392,0.1507750153541565
mathdial_1106_turn_006,focus,probing,0.3142486810684204,0.26634126901626587,0.04790741205215454
mathdial_1106_turn_006,focus,telling,0.3142486810684204,0.25593629479408264,0.05831238627433777
mathdial_1106_turn_008,focus,generic,0.32521599531173706,0.15046511590480804,0.17475087940692902
mathdial_1106_turn_008,focus,probing,0.32521599531173706,0.2541198134422302,0.07109618186950684
mathdial_1106_turn_008,focus,telling,0.32521599531173706,0.27019909024238586,0.055016905069351196
mathdial_1106_turn_010,focus,generic,0.311561644077301,0.1578509509563446,0.15371069312095642
mathdial_1106_turn_010,focus,probing,0.311561644077301,0.22615699470043182,0.0854046493768692
mathdial_1106_turn_010,focus,telling,0.311561644077301,0.30443042516708374,0.007131218910217285
mathdial_1106_turn_012,telling,generic,0.3793465197086334,0.17724484205245972,0.2021016776561737
mathdial_1106_turn_012,telling,probing,0.3793465197086334,0.18075187504291534,0.19859464466571808
mathdial_1106_turn_012,telling,focus,0.3793465197086334,0.26265671849250793,0.11668980121612549
mathdial_1123_turn_000,generic,probing,0.7967476844787598,0.11492876708507538,0.6818189173936844
mathdial_1123_turn_000,generic,focus,0.7967476844787598,0.061167407780885696,0.7355802766978741
mathdial_1123_turn_000,generic,telling,0.7967476844787598,0.027156151831150055,0.7695915326476097
mathdial_1123_turn_002,focus,generic,0.4815218150615692,0.025481613352894783,0.45604020170867443
mathdial_1123_turn_002,focus,probing,0.4815218150615692,0.43255719542503357,0.048964619636535645
mathdial_1123_turn_002,focus,telling,0.4815218150615692,0.060439351946115494,0.4210824631154537
mathdial_1123_turn_004,focus,generic,0.531807541847229,0.03405728563666344,0.49775025621056557
mathdial_1123_turn_004,focus,probing,0.531807541847229,0.36178988218307495,0.17001765966415405
mathdial_1123_turn_004,focus,telling,0.531807541847229,0.07234536856412888,0.45946217328310013
mathdial_1123_turn_006,focus,generic,0.5118957161903381,0.03961966931819916,0.472276046872139
mathdial_1123_turn_006,focus,probing,0.5118957161903381,0.35592707991600037,0.15596863627433777
mathdial_1123_turn_006,focus,telling,0.5118957161903381,0.09255757927894592,0.4193381369113922
mathdial_1123_turn_008,focus,generic,0.5148911476135254,0.051303066313266754,0.46358808130025864
mathdial_1123_turn_008,focus,probing,0.5148911476135254,0.3443838953971863,0.1705072522163391
mathdial_1123_turn_008,focus,telling,0.5148911476135254,0.08942192792892456,0.42546921968460083
mathdial_1123_turn_010,focus,generic,0.5570494532585144,0.06872103363275528,0.4883284196257591
mathdial_1123_turn_010,focus,probing,0.5570494532585144,0.24260932207107544,0.31444013118743896
mathdial_1123_turn_010,focus,telling,0.5570494532585144,0.13162022829055786,0.42542922496795654
mathdial_1123_turn_012,focus,generic,0.3798675239086151,0.13754503428936005,0.24232248961925507
mathdial_1123_turn_012,focus,probing,0.3798675239086151,0.17274706065654755,0.20712046325206757
mathdial_1123_turn_012,focus,telling,0.3798675239086151,0.3098403513431549,0.0700271725654602
mathdial_1123_turn_014,focus,generic,0.38947951793670654,0.14574018120765686,0.24373933672904968
mathdial_1123_turn_014,focus,probing,0.38947951793670654,0.17028512060642242,0.21919439733028412
mathdial_1123_turn_014,focus,telling,0.38947951793670654,0.29449522495269775,0.09498429298400879
mathdial_1123_turn_016,focus,generic,0.38448530435562134,0.1589255928993225,0.22555971145629883
mathdial_1123_turn_016,focus,probing,0.38448530435562134,0.1793406456708908,0.20514465868473053
mathdial_1123_turn_016,focus,telling,0.38448530435562134,0.27724844217300415,0.10723686218261719
mathdial_1123_turn_018,telling,generic,0.3769223988056183,0.206577867269516,0.1703445315361023
mathdial_1123_turn_018,telling,probing,0.3769223988056183,0.15025125443935394,0.22667114436626434
mathdial_1123_turn_018,telling,focus,0.3769223988056183,0.266248494386673,0.11067390441894531
mathdial_1139_turn_000,generic,probing,0.7961143255233765,0.11566198617219925,0.6804523393511772
mathdial_1139_turn_000,generic,focus,0.7961143255233765,0.060736507177352905,0.7353778183460236
mathdial_1139_turn_000,generic,telling,0.7961143255233765,0.027487246319651604,0.7686270792037249
mathdial_1139_turn_002,focus,generic,0.6679678559303284,0.03749103844165802,0.6304768174886703
mathdial_1139_turn_002,focus,probing,0.6679678559303284,0.24982167780399323,0.41814617812633514
mathdial_1139_turn_002,focus,telling,0.6679678559303284,0.04471948742866516,0.6232483685016632
mathdial_1139_turn_004,focus,generic,0.45111945271492004,0.14344091713428497,0.30767853558063507
mathdial_1139_turn_004,focus,probing,0.45111945271492004,0.17910557985305786,0.2720138728618622
mathdial_1139_turn_004,focus,telling,0.45111945271492004,0.22633405029773712,0.22478540241718292
mathdial_1143_turn_000,generic,probing,0.7786768078804016,0.13095740973949432,0.6477193981409073
mathdial_1143_turn_000,generic,focus,0.7786768078804016,0.06212138384580612,0.7165554240345955
mathdial_1143_turn_000,generic,telling,0.7786768078804016,0.028244463726878166,0.7504323441535234
mathdial_1143_turn_002,probing,generic,0.5826824903488159,0.034538634121418,0.5481438562273979
mathdial_1143_turn_002,probing,focus,0.5826824903488159,0.3290736973285675,0.2536087930202484
mathdial_1143_turn_002,probing,telling,0.5826824903488159,0.05370505526661873,0.5289774350821972
mathdial_1143_turn_004,focus,generic,0.47209686040878296,0.055267609655857086,0.4168292507529259
mathdial_1143_turn_004,focus,probing,0.47209686040878296,0.3879595994949341,0.08413726091384888
mathdial_1143_turn_004,focus,telling,0.47209686040878296,0.08467588573694229,0.38742097467184067
mathdial_1143_turn_006,focus,generic,0.3806511163711548,0.12131499499082565,0.25933612138032913
mathdial_1143_turn_006,focus,probing,0.3806511163711548,0.362440824508667,0.018210291862487793
mathdial_1143_turn_006,focus,telling,0.3806511163711548,0.13559311628341675,0.24505800008773804
mathdial_1143_turn_008,focus,generic,0.4401596188545227,0.14282676577568054,0.29733285307884216
mathdial_1143_turn_008,focus,probing,0.4401596188545227,0.2811272442340851,0.15903237462043762
mathdial_1143_turn_008,focus,telling,0.4401596188545227,0.13588635623455048,0.30427326261997223
mathdial_1143_turn_010,focus,generic,0.46037089824676514,0.14470645785331726,0.3156644403934479
mathdial_1143_turn_010,focus,probing,0.46037089824676514,0.2270248532295227,0.23334604501724243
mathdial_1143_turn_010,focus,telling,0.46037089824676514,0.16789770126342773,0.2924731969833374
mathdial_1143_turn_012,focus,generic,0.3348272144794464,0.2508291006088257,0.08399811387062073
mathdial_1143_turn_012,focus,probing,0.3348272144794464,0.18186791241168976,0.15295930206775665
mathdial_1143_turn_012,focus,telling,0.3348272144794464,0.23247574269771576,0.10235147178173065
mathdial_1143_turn_014,focus,generic,0.32730650901794434,0.1917983442544937,0.13550816476345062
mathdial_1143_turn_014,focus,probing,0.32730650901794434,0.22376136481761932,0.10354514420032501
mathdial_1143_turn_014,focus,telling,0.32730650901794434,0.25713372230529785,0.07017278671264648
mathdial_1143_turn_016,focus,generic,0.291793555021286,0.25353163480758667,0.03826192021369934
mathdial_1143_turn_016,focus,probing,0.291793555021286,0.17035682499408722,0.12143673002719879
mathdial_1143_turn_016,focus,telling,0.291793555021286,0.2843180298805237,0.007475525140762329
mathdial_1154_turn_000,generic,probing,0.792370080947876,0.11834254860877991,0.6740275323390961
mathdial_1154_turn_000,generic,focus,0.792370080947876,0.061447981745004654,0.7309220992028713
mathdial_1154_turn_000,generic,telling,0.792370080947876,0.027839407324790955,0.764530673623085
mathdial_1154_turn_002,probing,generic,0.703628420829773,0.024761131033301353,0.6788672897964716
mathdial_1154_turn_002,probing,focus,0.703628420829773,0.1614001989364624,0.5422282218933105
mathdial_1154_turn_002,probing,telling,0.703628420829773,0.11021029204130173,0.5934181287884712
mathdial_1154_turn_004,probing,generic,0.6242095232009888,0.03396989405155182,0.590239629149437
mathdial_1154_turn_004,probing,focus,0.6242095232009888,0.16835878789424896,0.4558507353067398
mathdial_1154_turn_004,probing,telling,0.6242095232009888,0.17346177995204926,0.4507477432489395
mathdial_1154_turn_006,probing,generic,0.5809681415557861,0.06301497668027878,0.5179531648755074
mathdial_1154_turn_006,probing,focus,0.5809681415557861,0.19128762185573578,0.38968051970005035
mathdial_1154_turn_006,probing,telling,0.5809681415557861,0.1647293120622635,0.41623882949352264
mathdial_1154_turn_008,probing,generic,0.5331265330314636,0.07159649580717087,0.46153003722429276
mathdial_1154_turn_008,probing,focus,0.5331265330314636,0.2145291417837143,0.31859739124774933
mathdial_1154_turn_008,probing,telling,0.5331265330314636,0.1807478964328766,0.35237863659858704
mathdial_1154_turn_010,probing,generic,0.5003005862236023,0.07246451079845428,0.427836075425148
mathdial_1154_turn_010,probing,focus,0.5003005862236023,0.242035374045372,0.2582652121782303
mathdial_1154_turn_010,probing,telling,0.5003005862236023,0.1851995438337326,0.3151010423898697
mathdial_1167_turn_000,generic,probing,0.7851025462150574,0.126471146941185,0.6586313992738724
mathdial_1167_turn_000,generic,focus,0.7851025462150574,0.06020214036107063,0.7249004058539867
mathdial_1167_turn_000,generic,telling,0.7851025462150574,0.02822413668036461,0.7568784095346928
mathdial_1167_turn_002,probing,generic,0.4539572596549988,0.02384112775325775,0.43011613190174103
mathdial_1167_turn_002,probing,focus,0.4539572596549988,0.4472987949848175,0.006658464670181274
mathdial_1167_turn_002,probing,telling,0.4539572596549988,0.07490283995866776,0.379054419696331
mathdial_1167_turn_004,focus,generic,0.49327296018600464,0.04532275348901749,0.44795020669698715
mathdial_1167_turn_004,focus,probing,0.49327296018600464,0.33470895886421204,0.1585640013217926
mathdial_1167_turn_004,focus,telling,0.49327296018600464,0.12669523060321808,0.36657772958278656
mathdial_1167_turn_006,focus,generic,0.43177369236946106,0.0607256181538105,0.37104807421565056
mathdial_1167_turn_006,focus,probing,0.43177369236946106,0.260059118270874,0.17171457409858704
mathdial_1167_turn_006,focus,telling,0.43177369236946106,0.24744166433811188,0.18433202803134918
mathdial_1167_turn_008,focus,generic,0.38289591670036316,0.05830331891775131,0.32459259778261185
mathdial_1167_turn_008,focus,probing,0.38289591670036316,0.24564523994922638,0.13725067675113678
mathdial_1167_turn_008,focus,telling,0.38289591670036316,0.31315547227859497,0.06974044442176819
mathdial_1167_turn_010,telling,generic,0.5424360036849976,0.14528866112232208,0.3971473425626755
mathdial_1167_turn_010,telling,probing,0.5424360036849976,0.11894562840461731,0.42349037528038025
mathdial_1167_turn_010,telling,focus,0.5424360036849976,0.19332976639270782,0.34910623729228973
mathdial_1167_turn_012,telling,generic,0.5644060969352722,0.1567716896533966,0.4076344072818756
mathdial_1167_turn_012,telling,probing,0.5644060969352722,0.0952315479516983,0.4691745489835739
mathdial_1167_turn_012,telling,focus,0.5644060969352722,0.18359068036079407,0.38081541657447815
mathdial_1167_turn_014,telling,generic,0.5873017311096191,0.18804293870925903,0.3992587924003601
mathdial_1167_turn_014,telling,probing,0.5873017311096191,0.08460179716348648,0.5026999339461327
mathdial_1167_turn_014,telling,focus,0.5873017311096191,0.14005355536937714,0.447248175740242
mathdial_1168_turn_000,generic,probing,0.7985700368881226,0.11243607848882675,0.6861339583992958
mathdial_1168_turn_000,generic,focus,0.7985700368881226,0.06222381442785263,0.7363462224602699
mathdial_1168_turn_000,generic,telling,0.7985700368881226,0.026770053431391716,0.7717999834567308
mathdial_1168_turn_002,focus,generic,0.5855582356452942,0.02632252871990204,0.5592357069253922
mathdial_1168_turn_002,focus,probing,0.5855582356452942,0.3407723009586334,0.24478593468666077
mathdial_1168_turn_002,focus,telling,0.5855582356452942,0.04734695702791214,0.538211278617382
mathdial_1168_turn_004,focus,generic,0.35620608925819397,0.06003507599234581,0.29617101326584816
mathdial_1168_turn_004,focus,probing,0.35620608925819397,0.34359505772590637,0.012611031532287598
mathdial_1168_turn_004,focus,telling,0.35620608925819397,0.24016380310058594,0.11604228615760803
mathdial_1168_turn_006,telling,generic,0.38076210021972656,0.05665413662791252,0.32410796359181404
mathdial_1168_turn_006,telling,probing,0.38076210021972656,0.19345423579216003,0.18730786442756653
mathdial_1168_turn_006,telling,focus,0.38076210021972656,0.3691295385360718,0.011632561683654785
mathdial_1168_turn_008,telling,generic,0.4866674542427063,0.06754866987466812,0.4191187843680382
mathdial_1168_turn_008,telling,probing,0.4866674542427063,0.14126938581466675,0.34539806842803955
mathdial_1168_turn_008,telling,focus,0.4866674542427063,0.30451446771621704,0.18215298652648926
mathdial_1180_turn_000,generic,probing,0.7906173467636108,0.12047884613275528,0.6701385006308556
mathdial_1180_turn_000,generic,focus,0.7906173467636108,0.06033352017402649,0.7302838265895844
mathdial_1180_turn_000,generic,telling,0.7906173467636108,0.028570229187607765,0.7620471175760031
mathdial_1180_turn_002,generic,probing,0.4120497703552246,0.2967012822628021,0.11534848809242249
mathdial_1180_turn_002,generic,focus,0.4120497703552246,0.19178088009357452,0.22026889026165009
mathdial_1180_turn_002,generic,telling,0.4120497703552246,0.09946804493665695,0.31258172541856766
mathdial_1180_turn_004,generic,probing,0.42050108313560486,0.23866215348243713,0.18183892965316772
mathdial_1180_turn_004,generic,focus,0.42050108313560486,0.19745106995105743,0.22305001318454742
mathdial_1180_turn_004,generic,telling,0.42050108313560486,0.14338569343090057,0.2771153897047043
mathdial_1180_turn_006,generic,probing,0.364473432302475,0.22016991674900055,0.14430351555347443
mathdial_1180_turn_006,generic,focus,0.364473432302475,0.25593483448028564,0.10853859782218933
mathdial_1180_turn_006,generic,telling,0.364473432302475,0.15942184627056122,0.20505158603191376
mathdial_1180_turn_008,generic,probing,0.36709919571876526,0.2204529345035553,0.14664626121520996
mathdial_1180_turn_008,generic,focus,0.36709919571876526,0.23927238583564758,0.12782680988311768
mathdial_1180_turn_008,generic,telling,0.36709919571876526,0.17317558825016022,0.19392360746860504
mathdial_1180_turn_010,generic,probing,0.3620533049106598,0.22017598152160645,0.14187732338905334
mathdial_1180_turn_010,generic,focus,0.3620533049106598,0.22719092667102814,0.13486237823963165
mathdial_1180_turn_010,generic,telling,0.3620533049106598,0.19057980179786682,0.17147350311279297
mathdial_1180_turn_012,generic,probing,0.33835792541503906,0.2229360044002533,0.11542192101478577
mathdial_1180_turn_012,generic,focus,0.33835792541503906,0.24211570620536804,0.09624221920967102
mathdial_1180_turn_012,generic,telling,0.33835792541503906,0.19659042358398438,0.1417675018310547
mathdial_1180_turn_014,generic,probing,0.2927926182746887,0.2145090401172638,0.07828357815742493
mathdial_1180_turn_014,generic,focus,0.2927926182746887,0.26027870178222656,0.03251391649246216
mathdial_1180_turn_014,generic,telling,0.2927926182746887,0.2324196845293045,0.060372933745384216
mathdial_1180_turn_016,generic,probing,0.30455654859542847,0.17964313924312592,0.12491340935230255
mathdial_1180_turn_016,generic,focus,0.30455654859542847,0.24080264568328857,0.06375390291213989
mathdial_1180_turn_016,generic,telling,0.30455654859542847,0.27499765157699585,0.029558897018432617
mathdial_1180_turn_018,generic,probing,0.3404400944709778,0.1405029594898224,0.1999371349811554
mathdial_1180_turn_018,generic,focus,0.3404400944709778,0.21885202825069427,0.12158806622028351
mathdial_1180_turn_018,generic,telling,0.3404400944709778,0.30020493268966675,0.040235161781311035
mathdial_1180_turn_020,telling,generic,0.37038615345954895,0.2686319947242737,0.10175415873527527
mathdial_1180_turn_020,telling,probing,0.37038615345954895,0.13231734931468964,0.23806880414485931
mathdial_1180_turn_020,telling,focus,0.37038615345954895,0.22866445779800415,0.1417216956615448
mathdial_1190_turn_000,generic,probing,0.7825307846069336,0.1268182396888733,0.6557125449180603
mathdial_1190_turn_000,generic,focus,0.7825307846069336,0.06237116828560829,0.7201596163213253
mathdial_1190_turn_000,generic,telling,0.7825307846069336,0.02827981300652027,0.7542509716004133
mathdial_1190_turn_002,focus,generic,0.6498023271560669,0.03755466267466545,0.6122476644814014
mathdial_1190_turn_002,focus,probing,0.6498023271560669,0.26498526334762573,0.38481706380844116
mathdial_1190_turn_002,focus,telling,0.6498023271560669,0.0476578027009964,0.6021445244550705
mathdial_1190_turn_004,focus,generic,0.6708457469940186,0.035957079380750656,0.6348886676132679
mathdial_1190_turn_004,focus,probing,0.6708457469940186,0.20781049132347107,0.4630352556705475
mathdial_1190_turn_004,focus,telling,0.6708457469940186,0.08538669347763062,0.5854590535163879
mathdial_1190_turn_006,focus,generic,0.656008243560791,0.03720327094197273,0.6188049726188183
mathdial_1190_turn_006,focus,probing,0.656008243560791,0.1952137053012848,0.4607945382595062
mathdial_1190_turn_006,focus,telling,0.656008243560791,0.11157471686601639,0.5444335266947746
mathdial_1190_turn_008,focus,generic,0.6031351685523987,0.05034208670258522,0.5527930818498135
mathdial_1190_turn_008,focus,probing,0.6031351685523987,0.1730782389640808,0.43005692958831787
mathdial_1190_turn_008,focus,telling,0.6031351685523987,0.1734444797039032,0.4296906888484955
mathdial_1190_turn_010,focus,generic,0.48663824796676636,0.0871126800775528,0.39952556788921356
mathdial_1190_turn_010,focus,probing,0.48663824796676636,0.14769886434078217,0.3389393836259842
mathdial_1190_turn_010,focus,telling,0.48663824796676636,0.2785502076148987,0.20808804035186768
mathdial_1190_turn_012,telling,generic,0.4515734314918518,0.12207158654928207,0.32950184494256973
mathdial_1190_turn_012,telling,probing,0.4515734314918518,0.13865675032138824,0.31291668117046356
mathdial_1190_turn_012,telling,focus,0.4515734314918518,0.2876981794834137,0.1638752520084381
mathdial_1199_turn_000,generic,probing,0.7924789190292358,0.11949542164802551,0.6729834973812103
mathdial_1199_turn_000,generic,focus,0.7924789190292358,0.06032174080610275,0.7321571782231331
mathdial_1199_turn_000,generic,telling,0.7924789190292358,0.02770390920341015,0.7647750098258257
mathdial_1199_turn_002,focus,generic,0.4817858040332794,0.20973296463489532,0.2720528393983841
mathdial_1199_turn_002,focus,probing,0.4817858040332794,0.11670462787151337,0.36508117616176605
mathdial_1199_turn_002,focus,telling,0.4817858040332794,0.1917765885591507,0.2900092154741287
mathdial_1199_turn_004,generic,probing,0.3262597918510437,0.14895978569984436,0.17730000615119934
mathdial_1199_turn_004,generic,focus,0.3262597918510437,0.2680869996547699,0.058172792196273804
mathdial_1199_turn_004,generic,telling,0.3262597918510437,0.25669336318969727,0.06956642866134644
mathdial_1199_turn_006,generic,probing,0.302304744720459,0.12043444812297821,0.18187029659748077
mathdial_1199_turn_006,generic,focus,0.302304744720459,0.2772775888442993,0.025027155876159668
mathdial_1199_turn_006,generic,telling,0.302304744720459,0.2999832332134247,0.0023215115070343018
mathdial_1199_turn_008,telling,generic,0.32732513546943665,0.28770712018013,0.03961801528930664
mathdial_1199_turn_008,telling,probing,0.32732513546943665,0.09391655027866364,0.233408585190773
mathdial_1199_turn_008,telling,focus,0.32732513546943665,0.2910511791706085,0.036273956298828125
mathdial_1199_turn_010,telling,generic,0.4688163995742798,0.2517244815826416,0.21709191799163818
mathdial_1199_turn_010,telling,probing,0.4688163995742798,0.10270456969738007,0.3661118298768997
mathdial_1199_turn_010,telling,focus,0.4688163995742798,0.17675450444221497,0.2920618951320648
mathdial_1206_turn_000,generic,probing,0.7884055376052856,0.12149223685264587,0.6669133007526398
mathdial_1206_turn_000,generic,focus,0.7884055376052856,0.06266787648200989,0.7257376611232758
mathdial_1206_turn_000,generic,telling,0.7884055376052856,0.02743438631296158,0.7609711512923241
mathdial_1206_turn_002,focus,generic,0.49291837215423584,0.019655104726552963,0.4732632674276829
mathdial_1206_turn_002,focus,probing,0.49291837215423584,0.4175108075141907,0.07540756464004517
mathdial_1206_turn_002,focus,telling,0.49291837215423584,0.0699157640337944,0.42300260812044144
mathdial_1206_turn_004,focus,generic,0.4608820974826813,0.01625112257897854,0.44463097490370274
mathdial_1206_turn_004,focus,probing,0.4608820974826813,0.4098007380962372,0.05108135938644409
mathdial_1206_turn_004,focus,telling,0.4608820974826813,0.11306609213352203,0.34781600534915924
mathdial_1206_turn_006,focus,generic,0.4388200640678406,0.023673152551054955,0.4151469115167856
mathdial_1206_turn_006,focus,probing,0.4388200640678406,0.38232216238975525,0.05649790167808533
mathdial_1206_turn_006,focus,telling,0.4388200640678406,0.15518467128276825,0.2836353927850723
mathdial_1206_turn_008,focus,generic,0.4343944787979126,0.02816225215792656,0.40623222663998604
mathdial_1206_turn_008,focus,probing,0.4343944787979126,0.36034923791885376,0.07404524087905884
mathdial_1206_turn_008,focus,telling,0.4343944787979126,0.17709408700466156,0.25730039179325104
mathdial_1206_turn_010,focus,generic,0.4247809052467346,0.031037529930472374,0.39374337531626225
mathdial_1206_turn_010,focus,probing,0.4247809052467346,0.3408318758010864,0.0839490294456482
mathdial_1206_turn_010,focus,telling,0.4247809052467346,0.20334970951080322,0.2214311957359314
mathdial_1206_turn_012,focus,generic,0.2886609733104706,0.24389417469501495,0.04476679861545563
mathdial_1206_turn_012,focus,probing,0.2886609733104706,0.20521333813667297,0.08344763517379761
mathdial_1206_turn_012,focus,telling,0.2886609733104706,0.2622314691543579,0.02642950415611267
mathdial_1219_turn_000,generic,probing,0.7620514035224915,0.14230972528457642,0.619741678237915
mathdial_1219_turn_000,generic,focus,0.7620514035224915,0.06599108874797821,0.6960603147745132
mathdial_1219_turn_000,generic,telling,0.7620514035224915,0.029647789895534515,0.7324036136269569
mathdial_1219_turn_002,focus,generic,0.6314978003501892,0.023420505225658417,0.6080772951245308
mathdial_1219_turn_002,focus,probing,0.6314978003501892,0.27216997742652893,0.3593278229236603
mathdial_1219_turn_002,focus,telling,0.6314978003501892,0.07291170954704285,0.5585860908031464
mathdial_1219_turn_004,focus,generic,0.6441784501075745,0.02309134416282177,0.6210871059447527
mathdial_1219_turn_004,focus,probing,0.6441784501075745,0.212653249502182,0.43152520060539246
mathdial_1219_turn_004,focus,telling,0.6441784501075745,0.12007688730955124,0.5241015627980232
mathdial_1219_turn_006,focus,generic,0.5746593475341797,0.04678229242563248,0.5278770551085472
mathdial_1219_turn_006,focus,probing,0.5746593475341797,0.16700248420238495,0.40765686333179474
mathdial_1219_turn_006,focus,telling,0.5746593475341797,0.21155594289302826,0.36310340464115143
mathdial_1219_turn_008,telling,generic,0.38606569170951843,0.11165256053209305,0.2744131311774254
mathdial_1219_turn_008,telling,probing,0.38606569170951843,0.14393675327301025,0.24212893843650818
mathdial_1219_turn_008,telling,focus,0.38606569170951843,0.35834506154060364,0.027720630168914795
mathdial_1219_turn_010,focus,generic,0.4151609539985657,0.15486326813697815,0.2602976858615875
mathdial_1219_turn_010,focus,probing,0.4151609539985657,0.17226579785346985,0.24289515614509583
mathdial_1219_turn_010,focus,telling,0.4151609539985657,0.25770989060401917,0.1574510633945465
mathdial_1219_turn_012,focus,generic,0.37868550419807434,0.13866344094276428,0.24002206325531006
mathdial_1219_turn_012,focus,probing,0.37868550419807434,0.1568656861782074,0.22181981801986694
mathdial_1219_turn_012,focus,telling,0.37868550419807434,0.3257853388786316,0.05290016531944275
mathdial_1219_turn_014,focus,generic,0.35131004452705383,0.22351142764091492,0.12779861688613892
mathdial_1219_turn_014,focus,probing,0.35131004452705383,0.16304244101047516,0.18826760351657867
mathdial_1219_turn_014,focus,telling,0.35131004452705383,0.2621360719203949,0.08917397260665894
mathdial_1219_turn_016,telling,generic,0.3206888437271118,0.21534369885921478,0.10534514486789703
mathdial_1219_turn_016,telling,probing,0.3206888437271118,0.15404267609119415,0.16664616763591766
mathdial_1219_turn_016,telling,focus,0.3206888437271118,0.30992478132247925,0.010764062404632568
mathdial_1219_turn_018,focus,generic,0.3267529606819153,0.22617311775684357,0.10057984292507172
mathdial_1219_turn_018,focus,probing,0.3267529606819153,0.16381534934043884,0.16293761134147644
mathdial_1219_turn_018,focus,telling,0.3267529606819153,0.2832585573196411,0.04349440336227417
mathdial_1219_turn_020,telling,generic,0.3892766535282135,0.25554001331329346,0.13373664021492004
mathdial_1219_turn_020,telling,probing,0.3892766535282135,0.1424933820962906,0.2467832714319229
mathdial_1219_turn_020,telling,focus,0.3892766535282135,0.21268998086452484,0.17658667266368866
mathdial_1223_turn_000,generic,probing,0.7957644462585449,0.11438798159360886,0.6813764646649361
mathdial_1223_turn_000,generic,focus,0.7957644462585449,0.062356628477573395,0.7334078177809715
mathdial_1223_turn_000,generic,telling,0.7957644462585449,0.027490943670272827,0.7682735025882721
mathdial_1223_turn_002,probing,generic,0.6903079748153687,0.02459857612848282,0.6657093986868858
mathdial_1223_turn_002,probing,focus,0.6903079748153687,0.20012681186199188,0.49018116295337677
mathdial_1223_turn_002,probing,telling,0.6903079748153687,0.08496663719415665,0.605341337621212
mathdial_1223_turn_004,probing,generic,0.678459107875824,0.01989354006946087,0.6585655678063631
mathdial_1223_turn_004,probing,focus,0.678459107875824,0.20204298198223114,0.47641612589359283
mathdial_1223_turn_004,probing,telling,0.678459107875824,0.09960434585809708,0.5788547620177269
mathdial_1223_turn_006,probing,generic,0.6679506897926331,0.020197490230202675,0.6477531995624304
mathdial_1223_turn_006,probing,focus,0.6679506897926331,0.20154735445976257,0.4664033353328705
mathdial_1223_turn_006,probing,telling,0.6679506897926331,0.11030444502830505,0.557646244764328
mathdial_1223_turn_008,probing,generic,0.5002867579460144,0.12168091535568237,0.37860584259033203
mathdial_1223_turn_008,probing,focus,0.5002867579460144,0.20015916228294373,0.3001275956630707
mathdial_1223_turn_008,probing,telling,0.5002867579460144,0.17787308990955353,0.3224136680364609
mathdial_1233_turn_000,generic,probing,0.7879477143287659,0.12310012429952621,0.6648475900292397
mathdial_1233_turn_000,generic,focus,0.7879477143287659,0.061801835894584656,0.7261458784341812
mathdial_1233_turn_000,generic,telling,0.7879477143287659,0.027150241658091545,0.7607974726706743
mathdial_1233_turn_002,focus,generic,0.48938101530075073,0.2309238463640213,0.25845716893672943
mathdial_1233_turn_002,focus,probing,0.48938101530075073,0.12126030027866364,0.3681207150220871
mathdial_1233_turn_002,focus,telling,0.48938101530075073,0.1584349274635315,0.33094608783721924
mathdial_1233_turn_004,focus,generic,0.538782000541687,0.17656129598617554,0.3622207045555115
mathdial_1233_turn_004,focus,probing,0.538782000541687,0.11548083275556564,0.42330116778612137
mathdial_1233_turn_004,focus,telling,0.538782000541687,0.16917598247528076,0.36960601806640625
mathdial_1233_turn_006,focus,generic,0.52585768699646,0.17884190380573273,0.34701578319072723
mathdial_1233_turn_006,focus,probing,0.52585768699646,0.10947749018669128,0.4163801968097687
mathdial_1233_turn_006,focus,telling,0.52585768699646,0.18582291901111603,0.34003476798534393
mathdial_1233_turn_008,focus,generic,0.3660619258880615,0.26068204641342163,0.10537987947463989
mathdial_1233_turn_008,focus,probing,0.3660619258880615,0.1065845638513565,0.259477362036705
mathdial_1233_turn_008,focus,telling,0.3660619258880615,0.26667147874832153,0.09939044713973999
mathdial_1233_turn_009,focus,generic,0.42008307576179504,0.2414925992488861,0.17859047651290894
mathdial_1233_turn_009,focus,probing,0.42008307576179504,0.11209610849618912,0.3079869672656059
mathdial_1233_turn_009,focus,telling,0.42008307576179504,0.22632819414138794,0.1937548816204071
mathdial_1233_turn_011,focus,generic,0.39167001843452454,0.22853049635887146,0.16313952207565308
mathdial_1233_turn_011,focus,probing,0.39167001843452454,0.11057360470294952,0.281096413731575
mathdial_1233_turn_011,focus,telling,0.39167001843452454,0.2692258358001709,0.12244418263435364
mathdial_1233_turn_013,telling,generic,0.40843093395233154,0.21518085896968842,0.19325007498264313
mathdial_1233_turn_013,telling,probing,0.40843093395233154,0.1429450958967209,0.26548583805561066
mathdial_1233_turn_013,telling,focus,0.40843093395233154,0.23344306647777557,0.17498786747455597
mathdial_1233_turn_015,telling,generic,0.435380756855011,0.2167608141899109,0.2186199426651001
mathdial_1233_turn_015,telling,probing,0.435380756855011,0.12306484580039978,0.3123159110546112
mathdial_1233_turn_015,telling,focus,0.435380756855011,0.22479361295700073,0.21058714389801025
mathdial_1233_turn_016,generic,probing,0.3222311735153198,0.1410033106803894,0.18122786283493042
mathdial_1233_turn_016,generic,focus,0.3222311735153198,0.21783658862113953,0.1043945848941803
mathdial_1233_turn_016,generic,telling,0.3222311735153198,0.31892892718315125,0.003302246332168579
mathdial_1233_turn_018,telling,generic,0.4611043632030487,0.2727856934070587,0.18831866979599
mathdial_1233_turn_018,telling,probing,0.4611043632030487,0.096196249127388,0.3649081140756607
mathdial_1233_turn_018,telling,focus,0.4611043632030487,0.16991373896598816,0.29119062423706055
mathdial_1233_turn_019,telling,generic,0.4097771942615509,0.29535016417503357,0.11442703008651733
mathdial_1233_turn_019,telling,probing,0.4097771942615509,0.10775361210107803,0.30202358216047287
mathdial_1233_turn_019,telling,focus,0.4097771942615509,0.1871190220117569,0.222658172249794
mathdial_1233_turn_021,telling,generic,0.39506328105926514,0.29011020064353943,0.10495308041572571
mathdial_1233_turn_021,telling,probing,0.39506328105926514,0.10875704884529114,0.286306232213974
mathdial_1233_turn_021,telling,focus,0.39506328105926514,0.20606939494609833,0.1889938861131668
mathdial_1233_turn_023,telling,generic,0.39642107486724854,0.31048375368118286,0.08593732118606567
mathdial_1233_turn_023,telling,probing,0.39642107486724854,0.1032327339053154,0.29318834096193314
mathdial_1233_turn_023,telling,focus,0.39642107486724854,0.18986234068870544,0.2065587341785431
mathdial_1237_turn_000,generic,probing,0.7981360554695129,0.11252079904079437,0.6856152564287186
mathdial_1237_turn_000,generic,focus,0.7981360554695129,0.06188033148646355,0.7362557239830494
mathdial_1237_turn_000,generic,telling,0.7981360554695129,0.02746274694800377,0.7706733085215092
mathdial_1237_turn_002,focus,generic,0.4718482196331024,0.21127885580062866,0.26056936383247375
mathdial_1237_turn_002,focus,probing,0.4718482196331024,0.12213902920484543,0.349709190428257
mathdial_1237_turn_002,focus,telling,0.4718482196331024,0.19473397731781006,0.27711424231529236
mathdial_1237_turn_004,focus,generic,0.32941627502441406,0.25251439213752747,0.0769018828868866
mathdial_1237_turn_004,focus,probing,0.32941627502441406,0.10630910098552704,0.22310717403888702
mathdial_1237_turn_004,focus,telling,0.32941627502441406,0.31176021695137024,0.017656058073043823
mathdial_1237_turn_006,telling,generic,0.35768476128578186,0.26576995849609375,0.09191480278968811
mathdial_1237_turn_006,telling,probing,0.35768476128578186,0.09910458326339722,0.25858017802238464
mathdial_1237_turn_006,telling,focus,0.35768476128578186,0.27744075655937195,0.08024400472640991
mathdial_1237_turn_008,telling,generic,0.47801968455314636,0.20715981721878052,0.27085986733436584
mathdial_1237_turn_008,telling,probing,0.47801968455314636,0.11481570452451706,0.3632039800286293
mathdial_1237_turn_008,telling,focus,0.47801968455314636,0.20000477135181427,0.2780149132013321
mathdial_1237_turn_010,telling,generic,0.4280475676059723,0.1994289755821228,0.2286185920238495
mathdial_1237_turn_010,telling,probing,0.4280475676059723,0.13537722826004028,0.292670339345932
mathdial_1237_turn_010,telling,focus,0.4280475676059723,0.2371463030576706,0.1909012645483017
mathdial_1237_turn_012,telling,generic,0.42315196990966797,0.22777920961380005,0.19537276029586792
mathdial_1237_turn_012,telling,probing,0.42315196990966797,0.12806183099746704,0.2950901389122009
mathdial_1237_turn_012,telling,focus,0.42315196990966797,0.22100697457790375,0.20214499533176422
mathdial_1237_turn_014,telling,generic,0.410425066947937,0.1907665729522705,0.2196584939956665
mathdial_1237_turn_014,telling,probing,0.410425066947937,0.14887477457523346,0.26155029237270355
mathdial_1237_turn_014,telling,focus,0.410425066947937,0.2499336302280426,0.1604914367198944
mathdial_1272_turn_000,generic,probing,0.7956120371818542,0.11496364325284958,0.6806483939290047
mathdial_1272_turn_000,generic,focus,0.7956120371818542,0.06161689758300781,0.7339951395988464
mathdial_1272_turn_000,generic,telling,0.7956120371818542,0.02780739963054657,0.7678046375513077
mathdial_1272_turn_002,focus,generic,0.4187735617160797,0.06611834466457367,0.35265521705150604
mathdial_1272_turn_002,focus,probing,0.4187735617160797,0.41266191005706787,0.006111651659011841
mathdial_1272_turn_002,focus,telling,0.4187735617160797,0.10244618356227875,0.31632737815380096
mathdial_1272_turn_004,telling,generic,0.31318116188049316,0.28600502014160156,0.0271761417388916
mathdial_1272_turn_004,telling,probing,0.31318116188049316,0.18126408755779266,0.1319170743227005
mathdial_1272_turn_004,telling,focus,0.31318116188049316,0.2195497304201126,0.09363143146038055
mathdial_1277_turn_000,generic,probing,0.784680187702179,0.12445389479398727,0.6602262929081917
mathdial_1277_turn_000,generic,focus,0.784680187702179,0.06315538287162781,0.7215248048305511
mathdial_1277_turn_000,generic,telling,0.784680187702179,0.027710525318980217,0.7569696623831987
mathdial_1277_turn_002,probing,generic,0.3558834195137024,0.2660398781299591,0.08984354138374329
mathdial_1277_turn_002,probing,focus,0.3558834195137024,0.2026871144771576,0.1531963050365448
mathdial_1277_turn_002,probing,telling,0.3558834195137024,0.17538954317569733,0.18049387633800507
mathdial_1277_turn_004,generic,probing,0.30328577756881714,0.2355049103498459,0.06778086721897125
mathdial_1277_turn_004,generic,focus,0.30328577756881714,0.2233208864927292,0.07996489107608795
mathdial_1277_turn_004,generic,telling,0.30328577756881714,0.2378883808851242,0.06539739668369293
mathdial_1277_turn_006,generic,probing,0.2917431592941284,0.21113239228725433,0.08061076700687408
mathdial_1277_turn_006,generic,focus,0.2917431592941284,0.2316017895936966,0.060141369700431824
mathdial_1277_turn_006,generic,telling,0.2917431592941284,0.2655227482318878,0.0262204110622406
mathdial_1277_turn_008,generic,probing,0.28635674715042114,0.2075604498386383,0.07879629731178284
mathdial_1277_turn_008,generic,focus,0.28635674715042114,0.2271096557378769,0.05924709141254425
mathdial_1277_turn_008,generic,telling,0.28635674715042114,0.27897316217422485,0.007383584976196289
mathdial_1277_turn_010,telling,generic,0.3077247440814972,0.26566022634506226,0.042064517736434937
mathdial_1277_turn_010,telling,probing,0.3077247440814972,0.19309699535369873,0.11462774872779846
mathdial_1277_turn_010,telling,focus,0.3077247440814972,0.23351801931858063,0.07420672476291656
mathdial_1277_turn_012,focus,generic,0.2795575261116028,0.2555736303329468,0.023983895778656006
mathdial_1277_turn_012,focus,probing,0.2795575261116028,0.19202584028244019,0.0875316858291626
mathdial_1277_turn_012,focus,telling,0.2795575261116028,0.27284300327301025,0.006714522838592529
mathdial_1277_turn_014,telling,generic,0.34579455852508545,0.23067669570446014,0.1151178628206253
mathdial_1277_turn_014,telling,probing,0.34579455852508545,0.15426425635814667,0.19153030216693878
mathdial_1277_turn_014,telling,focus,0.34579455852508545,0.26926448941230774,0.07653006911277771
mathdial_1277_turn_016,telling,generic,0.3707714378833771,0.15997931361198425,0.21079212427139282
mathdial_1277_turn_016,telling,probing,0.3707714378833771,0.1466350108385086,0.22413642704486847
mathdial_1277_turn_016,telling,focus,0.3707714378833771,0.32261425256729126,0.048157185316085815
mathdial_1277_turn_018,telling,generic,0.3518141806125641,0.17340412735939026,0.17841005325317383
mathdial_1277_turn_018,telling,probing,0.3518141806125641,0.1798129379749298,0.17200124263763428
mathdial_1277_turn_018,telling,focus,0.3518141806125641,0.29496878385543823,0.056845396757125854
mathdial_1291_turn_000,generic,probing,0.788063108921051,0.11998382210731506,0.668079286813736
mathdial_1291_turn_000,generic,focus,0.788063108921051,0.06372499465942383,0.7243381142616272
mathdial_1291_turn_000,generic,telling,0.788063108921051,0.028228124603629112,0.7598349843174219
mathdial_1291_turn_002,focus,generic,0.5289340019226074,0.02478311024606228,0.5041508916765451
mathdial_1291_turn_002,focus,probing,0.5289340019226074,0.4034445881843567,0.12548941373825073
mathdial_1291_turn_002,focus,telling,0.5289340019226074,0.04283835366368294,0.4860956482589245
mathdial_1291_turn_004,focus,generic,0.4873353838920593,0.021513063460588455,0.46582232043147087
mathdial_1291_turn_004,focus,probing,0.4873353838920593,0.404381662607193,0.08295372128486633
mathdial_1291_turn_004,focus,telling,0.4873353838920593,0.08676990866661072,0.4005654752254486
mathdial_1291_turn_006,focus,generic,0.3993202745914459,0.05224864184856415,0.3470716327428818
mathdial_1291_turn_006,focus,probing,0.3993202745914459,0.3636207580566406,0.0356995165348053
mathdial_1291_turn_006,focus,telling,0.3993202745914459,0.1848103106021881,0.2145099639892578
mathdial_1298_turn_000,generic,probing,0.7897509932518005,0.12029147893190384,0.6694595143198967
mathdial_1298_turn_000,generic,focus,0.7897509932518005,0.062474995851516724,0.7272759974002838
mathdial_1298_turn_000,generic,telling,0.7897509932518005,0.027482490986585617,0.7622685022652149
mathdial_1298_turn_002,probing,generic,0.6908137202262878,0.03358365595340729,0.6572300642728806
mathdial_1298_turn_002,probing,focus,0.6908137202262878,0.16914428770542145,0.5216694325208664
mathdial_1298_turn_002,probing,telling,0.6908137202262878,0.10645832866430283,0.584355391561985
mathdial_1298_turn_004,probing,generic,0.6814905405044556,0.029928214848041534,0.651562325656414
mathdial_1298_turn_004,probing,focus,0.6814905405044556,0.17046591639518738,0.5110246241092682
mathdial_1298_turn_004,probing,telling,0.6814905405044556,0.11811533570289612,0.5633752048015594
mathdial_1298_turn_006,probing,generic,0.6725124716758728,0.029210923239588737,0.6433015484362841
mathdial_1298_turn_006,probing,focus,0.6725124716758728,0.1511608511209488,0.521351620554924
mathdial_1298_turn_006,probing,telling,0.6725124716758728,0.1471157670021057,0.5253967046737671
mathdial_1298_turn_008,probing,generic,0.5864149332046509,0.04990682750940323,0.5365081056952477
mathdial_1298_turn_008,probing,focus,0.5864149332046509,0.11649694293737411,0.46991799026727676
mathdial_1298_turn_008,probing,telling,0.5864149332046509,0.24718132615089417,0.3392336070537567
mathdial_1298_turn_010,probing,generic,0.6591349840164185,0.038515739142894745,0.6206192448735237
mathdial_1298_turn_010,probing,focus,0.6591349840164185,0.11684884130954742,0.542286142706871
mathdial_1298_turn_010,probing,telling,0.6591349840164185,0.18550044298171997,0.4736345410346985
mathdial_1298_turn_012,probing,generic,0.6491657495498657,0.04744596779346466,0.6017197817564011
mathdial_1298_turn_012,probing,focus,0.6491657495498657,0.12120532989501953,0.5279604196548462
mathdial_1298_turn_012,probing,telling,0.6491657495498657,0.18218299746513367,0.46698275208473206
mathdial_1298_turn_014,probing,generic,0.572162926197052,0.06373050063848495,0.508432425558567
mathdial_1298_turn_014,probing,focus,0.572162926197052,0.12290449440479279,0.4492584317922592
mathdial_1298_turn_014,probing,telling,0.572162926197052,0.24120202660560608,0.3309608995914459
mathdial_1298_turn_016,probing,generic,0.5576241612434387,0.05739555507898331,0.5002286061644554
mathdial_1298_turn_016,probing,focus,0.5576241612434387,0.12255579233169556,0.43506836891174316
mathdial_1298_turn_016,probing,telling,0.5576241612434387,0.2624244689941406,0.2951996922492981
mathdial_1302_turn_000,generic,probing,0.7856857180595398,0.12496843189001083,0.660717286169529
mathdial_1302_turn_000,generic,focus,0.7856857180595398,0.06082313880324364,0.7248625792562962
mathdial_1302_turn_000,generic,telling,0.7856857180595398,0.028522662818431854,0.7571630552411079
mathdial_1302_turn_002,focus,generic,0.64775151014328,0.03333105146884918,0.6144204586744308
mathdial_1302_turn_002,focus,probing,0.64775151014328,0.2806875705718994,0.3670639395713806
mathdial_1302_turn_002,focus,telling,0.64775151014328,0.03822982311248779,0.6095216870307922
mathdial_1302_turn_004,focus,generic,0.6696452498435974,0.02563115581870079,0.6440140940248966
mathdial_1302_turn_004,focus,probing,0.6696452498435974,0.25324347615242004,0.41640177369117737
mathdial_1302_turn_004,focus,telling,0.6696452498435974,0.05148010328412056,0.6181651465594769
mathdial_1302_turn_005,focus,generic,0.6529120802879333,0.03042520396411419,0.6224868763238192
mathdial_1302_turn_005,focus,probing,0.6529120802879333,0.24516381323337555,0.4077482670545578
mathdial_1302_turn_005,focus,telling,0.6529120802879333,0.07149885594844818,0.5814132243394852
mathdial_1306_turn_000,generic,probing,0.7961143255233765,0.11566198617219925,0.6804523393511772
mathdial_1306_turn_000,generic,focus,0.7961143255233765,0.060736507177352905,0.7353778183460236
mathdial_1306_turn_000,generic,telling,0.7961143255233765,0.027487246319651604,0.7686270792037249
mathdial_1306_turn_002,focus,generic,0.6414723992347717,0.035549841821193695,0.605922557413578
mathdial_1306_turn_002,focus,probing,0.6414723992347717,0.2869115471839905,0.35456085205078125
mathdial_1306_turn_002,focus,telling,0.6414723992347717,0.03606622293591499,0.6054061762988567
mathdial_1306_turn_004,focus,generic,0.44859471917152405,0.1389722228050232,0.30962249636650085
mathdial_1306_turn_004,focus,probing,0.44859471917152405,0.20466597378253937,0.24392874538898468
mathdial_1306_turn_004,focus,telling,0.44859471917152405,0.2077670842409134,0.24082763493061066
mathdial_1306_turn_006,focus,generic,0.45111411809921265,0.12932920455932617,0.3217849135398865
mathdial_1306_turn_006,focus,probing,0.45111411809921265,0.19139358401298523,0.2597205340862274
mathdial_1306_turn_006,focus,telling,0.45111411809921265,0.22816303372383118,0.22295108437538147
mathdial_1306_turn_008,focus,generic,0.5927082896232605,0.07685857266187668,0.5158497169613838
mathdial_1306_turn_008,focus,probing,0.5927082896232605,0.17523430287837982,0.4174739867448807
mathdial_1306_turn_008,focus,telling,0.5927082896232605,0.1551988422870636,0.4375094473361969
mathdial_1306_turn_009,focus,generic,0.6009547114372253,0.07521731406450272,0.5257373973727226
mathdial_1306_turn_009,focus,probing,0.6009547114372253,0.1684430092573166,0.43251170217990875
mathdial_1306_turn_009,focus,telling,0.6009547114372253,0.15538495779037476,0.4455697536468506
mathdial_1306_turn_011,focus,generic,0.619224488735199,0.06675928086042404,0.5524652078747749
mathdial_1306_turn_011,focus,probing,0.619224488735199,0.15273849666118622,0.46648599207401276
mathdial_1306_turn_011,focus,telling,0.619224488735199,0.16127772629261017,0.4579467624425888
mathdial_1306_turn_013,focus,generic,0.4664183259010315,0.12546809017658234,0.34095023572444916
mathdial_1306_turn_013,focus,probing,0.4664183259010315,0.15937137603759766,0.30704694986343384
mathdial_1306_turn_013,focus,telling,0.4664183259010315,0.2487422227859497,0.2176761031150818
mathdial_1306_turn_015,focus,generic,0.3622630536556244,0.15590448677539825,0.20635856688022614
mathdial_1306_turn_015,focus,probing,0.3622630536556244,0.13776066899299622,0.22450238466262817
mathdial_1306_turn_015,focus,telling,0.3622630536556244,0.34407180547714233,0.018191248178482056
mathdial_1325_turn_000,generic,probing,0.7968916893005371,0.1122947707772255,0.6845969185233116
mathdial_1325_turn_000,generic,focus,0.7968916893005371,0.06247610226273537,0.7344155870378017
mathdial_1325_turn_000,generic,telling,0.7968916893005371,0.028337350115180016,0.7685543391853571
mathdial_1325_turn_002,probing,generic,0.4643920063972473,0.018539097160100937,0.4458529092371464
mathdial_1325_turn_002,probing,focus,0.4643920063972473,0.45951446890830994,0.004877537488937378
mathdial_1325_turn_002,probing,telling,0.4643920063972473,0.05755440145730972,0.4068376049399376
mathdial_1325_turn_004,focus,generic,0.46340033411979675,0.023146826773881912,0.44025350734591484
mathdial_1325_turn_004,focus,probing,0.46340033411979675,0.437229186296463,0.02617114782333374
mathdial_1325_turn_004,focus,telling,0.46340033411979675,0.0762237012386322,0.38717663288116455
mathdial_1325_turn_006,focus,generic,0.4326971173286438,0.06699636578559875,0.36570075154304504
mathdial_1325_turn_006,focus,probing,0.4326971173286438,0.30779749155044556,0.12489962577819824
mathdial_1325_turn_006,focus,telling,0.4326971173286438,0.1925089806318283,0.2401881366968155
mathdial_1325_turn_008,focus,generic,0.39093732833862305,0.08513797074556351,0.30579935759305954
mathdial_1325_turn_008,focus,probing,0.39093732833862305,0.24817921221256256,0.14275811612606049
mathdial_1325_turn_008,focus,telling,0.39093732833862305,0.2757454216480255,0.11519190669059753
mathdial_1325_turn_009,focus,generic,0.35810235142707825,0.12948191165924072,0.22862043976783752
mathdial_1325_turn_009,focus,probing,0.35810235142707825,0.22398652136325836,0.13411583006381989
mathdial_1325_turn_009,focus,telling,0.35810235142707825,0.2884291410446167,0.06967321038246155
mathdial_1325_turn_011,focus,generic,0.3600483536720276,0.13226719200611115,0.22778116166591644
mathdial_1325_turn_011,focus,probing,0.3600483536720276,0.2064087837934494,0.15363956987857819
mathdial_1325_turn_011,focus,telling,0.3600483536720276,0.30127575993537903,0.05877259373664856
mathdial_1325_turn_013,telling,generic,0.36761635541915894,0.1404140144586563,0.22720234096050262
mathdial_1325_turn_013,telling,probing,0.36761635541915894,0.16700750589370728,0.20060884952545166
mathdial_1325_turn_013,telling,focus,0.36761635541915894,0.32496213912963867,0.042654216289520264
mathdial_1325_turn_015,telling,generic,0.437724769115448,0.1784357875585556,0.2592889815568924
mathdial_1325_turn_015,telling,probing,0.437724769115448,0.14175085723400116,0.29597391188144684
mathdial_1325_turn_015,telling,focus,0.437724769115448,0.24208863079547882,0.19563613831996918
mathdial_1325_turn_017,telling,generic,0.38969898223876953,0.1704646795988083,0.21923430263996124
mathdial_1325_turn_017,telling,probing,0.38969898223876953,0.14986661076545715,0.23983237147331238
mathdial_1325_turn_017,telling,focus,0.38969898223876953,0.2899697422981262,0.09972923994064331
mathdial_1325_turn_019,telling,generic,0.3839746415615082,0.16839481890201569,0.2155798226594925
mathdial_1325_turn_019,telling,probing,0.3839746415615082,0.14901049435138702,0.23496414721012115
mathdial_1325_turn_019,telling,focus,0.3839746415615082,0.2986200451850891,0.08535459637641907
mathdial_1325_turn_021,telling,generic,0.35124996304512024,0.19934052228927612,0.15190944075584412
mathdial_1325_turn_021,telling,probing,0.35124996304512024,0.15324850380420685,0.1980014592409134
mathdial_1325_turn_021,telling,focus,0.35124996304512024,0.2961609363555908,0.05508902668952942
mathdial_1325_turn_023,telling,generic,0.3474065661430359,0.1899448186159134,0.1574617475271225
mathdial_1325_turn_023,telling,probing,0.3474065661430359,0.15292413532733917,0.19448243081569672
mathdial_1325_turn_023,telling,focus,0.3474065661430359,0.30972447991371155,0.03768208622932434
mathdial_1325_turn_025,telling,generic,0.3611258268356323,0.16789498925209045,0.19323083758354187
mathdial_1325_turn_025,telling,probing,0.3611258268356323,0.15622960031032562,0.2048962265253067
mathdial_1325_turn_025,telling,focus,0.3611258268356323,0.314749538898468,0.04637628793716431
mathdial_1331_turn_000,generic,probing,0.7865641713142395,0.12284080684185028,0.6637233644723892
mathdial_1331_turn_000,generic,focus,0.7865641713142395,0.06125341355800629,0.7253107577562332
mathdial_1331_turn_000,generic,telling,0.7865641713142395,0.02934151142835617,0.7572226598858833
mathdial_1331_turn_001,generic,probing,0.8324652910232544,0.08663902431726456,0.7458262667059898
mathdial_1331_turn_001,generic,focus,0.8324652910232544,0.05816570296883583,0.7742995880544186
mathdial_1331_turn_001,generic,telling,0.8324652910232544,0.02272995188832283,0.8097353391349316
mathdial_1331_turn_003,focus,generic,0.6681488156318665,0.03829725459218025,0.6298515610396862
mathdial_1331_turn_003,focus,probing,0.6681488156318665,0.2491411566734314,0.41900765895843506
mathdial_1331_turn_003,focus,telling,0.6681488156318665,0.04441270977258682,0.6237361058592796
mathdial_1331_turn_005,focus,generic,0.6412206888198853,0.054396871477365494,0.5868238173425198
mathdial_1331_turn_005,focus,probing,0.6412206888198853,0.19442123174667358,0.44679945707321167
mathdial_1331_turn_005,focus,telling,0.6412206888198853,0.10996120423078537,0.5312594845890999
mathdial_1331_turn_007,focus,generic,0.6214621663093567,0.056237805634737015,0.5652243606746197
mathdial_1331_turn_007,focus,probing,0.6214621663093567,0.1595936119556427,0.461868554353714
mathdial_1331_turn_007,focus,telling,0.6214621663093567,0.16270646452903748,0.4587557017803192
mathdial_1331_turn_009,focus,generic,0.5353646278381348,0.06923195719718933,0.46613267064094543
mathdial_1331_turn_009,focus,probing,0.5353646278381348,0.1348365843296051,0.40052804350852966
mathdial_1331_turn_009,focus,telling,0.5353646278381348,0.2605668604373932,0.2747977674007416
mathdial_1334_turn_000,generic,probing,0.7864038348197937,0.12343935668468475,0.662964478135109
mathdial_1334_turn_000,generic,focus,0.7864038348197937,0.062328651547431946,0.7240751832723618
mathdial_1334_turn_000,generic,telling,0.7864038348197937,0.02782813087105751,0.7585757039487362
mathdial_1334_turn_002,probing,generic,0.684463620185852,0.019878994673490524,0.6645846255123615
mathdial_1334_turn_002,probing,focus,0.684463620185852,0.1958361119031906,0.48862750828266144
mathdial_1334_turn_002,probing,telling,0.684463620185852,0.09982126951217651,0.5846423506736755
mathdial_1334_turn_004,generic,probing,0.4045266807079315,0.13458025455474854,0.269946426153183
mathdial_1334_turn_004,generic,focus,0.4045266807079315,0.11679239571094513,0.2877342849969864
mathdial_1334_turn_004,generic,telling,0.4045266807079315,0.3441007435321808,0.06042593717575073
mathdial_1334_turn_006,telling,generic,0.4522463083267212,0.291774719953537,0.1604715883731842
mathdial_1334_turn_006,telling,probing,0.4522463083267212,0.12609747052192688,0.3261488378047943
mathdial_1334_turn_006,telling,focus,0.4522463083267212,0.12988151609897614,0.32236479222774506
mathdial_1348_turn_000,generic,probing,0.7885891795158386,0.12091778218746185,0.6676713973283768
mathdial_1348_turn_000,generic,focus,0.7885891795158386,0.06291941553354263,0.725669763982296
mathdial_1348_turn_000,generic,telling,0.7885891795158386,0.027573535218834877,0.7610156442970037
mathdial_1348_turn_002,focus,generic,0.6427357792854309,0.025507204234600067,0.6172285750508308
mathdial_1348_turn_002,focus,probing,0.6427357792854309,0.2853703498840332,0.3573654294013977
mathdial_1348_turn_002,focus,telling,0.6427357792854309,0.046386707574129105,0.5963490717113018
mathdial_1348_turn_004,focus,generic,0.673332154750824,0.024251574650406837,0.6490805801004171
mathdial_1348_turn_004,focus,probing,0.673332154750824,0.22721214592456818,0.4461200088262558
mathdial_1348_turn_004,focus,telling,0.673332154750824,0.07520409673452377,0.5981280580163002
mathdial_1348_turn_006,focus,generic,0.6155073046684265,0.0421437993645668,0.5733635053038597
mathdial_1348_turn_006,focus,probing,0.6155073046684265,0.14445747435092926,0.47104983031749725
mathdial_1348_turn_006,focus,telling,0.6155073046684265,0.19789141416549683,0.4176158905029297
mathdial_1348_turn_008,telling,generic,0.5492786765098572,0.11227068305015564,0.43700799345970154
mathdial_1348_turn_008,telling,probing,0.5492786765098572,0.105442114174366,0.4438365623354912
mathdial_1348_turn_008,telling,focus,0.5492786765098572,0.2330084592103958,0.31627021729946136
mathdial_1348_turn_010,telling,generic,0.4340876340866089,0.21953564882278442,0.21455198526382446
mathdial_1348_turn_010,telling,probing,0.4340876340866089,0.1301622986793518,0.3039253354072571
mathdial_1348_turn_010,telling,focus,0.4340876340866089,0.21621441841125488,0.217873215675354
mathdial_1359_turn_000,generic,probing,0.7951992750167847,0.11511879414319992,0.6800804808735847
mathdial_1359_turn_000,generic,focus,0.7951992750167847,0.061903152614831924,0.7332961224019527
mathdial_1359_turn_000,generic,telling,0.7951992750167847,0.02777874656021595,0.7674205284565687
mathdial_1359_turn_002,probing,generic,0.5510449409484863,0.0737306997179985,0.4773142412304878
mathdial_1359_turn_002,probing,focus,0.5510449409484863,0.30931615829467773,0.2417287826538086
mathdial_1359_turn_002,probing,telling,0.5510449409484863,0.06590818613767624,0.4851367548108101
mathdial_1359_turn_004,probing,generic,0.4909968078136444,0.08539624512195587,0.40560056269168854
mathdial_1359_turn_004,probing,focus,0.4909968078136444,0.2943519055843353,0.19664490222930908
mathdial_1359_turn_004,probing,telling,0.4909968078136444,0.12925498187541962,0.3617418259382248
mathdial_1359_turn_006,probing,generic,0.44813793897628784,0.12744484841823578,0.32069309055805206
mathdial_1359_turn_006,probing,focus,0.44813793897628784,0.2770017385482788,0.17113620042800903
mathdial_1359_turn_006,probing,telling,0.44813793897628784,0.14741551876068115,0.3007224202156067
mathdial_1359_turn_008,probing,generic,0.3353566527366638,0.20899146795272827,0.12636518478393555
mathdial_1359_turn_008,probing,focus,0.3353566527366638,0.2769404649734497,0.05841618776321411
mathdial_1359_turn_008,probing,telling,0.3353566527366638,0.17871145904064178,0.15664519369602203
mathdial_1359_turn_010,focus,generic,0.2882438600063324,0.20208333432674408,0.08616052567958832
mathdial_1359_turn_010,focus,probing,0.2882438600063324,0.27568793296813965,0.012555927038192749
mathdial_1359_turn_010,focus,telling,0.2882438600063324,0.23398485779762268,0.05425900220870972
mathdial_1359_turn_012,focus,generic,0.28411540389060974,0.20602025091648102,0.07809515297412872
mathdial_1359_turn_012,focus,probing,0.28411540389060974,0.2420627623796463,0.04205264151096344
mathdial_1359_turn_012,focus,telling,0.28411540389060974,0.26780155301094055,0.01631385087966919
mathdial_1359_turn_014,telling,generic,0.3506512939929962,0.19882012903690338,0.15183116495609283
mathdial_1359_turn_014,telling,probing,0.3506512939929962,0.20680870115756989,0.14384259283542633
mathdial_1359_turn_014,telling,focus,0.3506512939929962,0.24371984601020813,0.10693144798278809
mathdial_1359_turn_016,telling,generic,0.38749510049819946,0.1780855804681778,0.20940952003002167
mathdial_1359_turn_016,telling,probing,0.38749510049819946,0.19897808134555817,0.1885170191526413
mathdial_1359_turn_016,telling,focus,0.38749510049819946,0.23544125258922577,0.1520538479089737
mathdial_1359_turn_018,telling,generic,0.47935253381729126,0.17603915929794312,0.30331337451934814
mathdial_1359_turn_018,telling,probing,0.47935253381729126,0.1436104029417038,0.33574213087558746
mathdial_1359_turn_018,telling,focus,0.47935253381729126,0.20099785923957825,0.278354674577713
mathdial_1360_turn_000,generic,probing,0.7974745631217957,0.11428476870059967,0.683189794421196
mathdial_1360_turn_000,generic,focus,0.7974745631217957,0.060806117951869965,0.7366684451699257
mathdial_1360_turn_000,generic,telling,0.7974745631217957,0.02743447758257389,0.7700400855392218
mathdial_1360_turn_002,probing,generic,0.5235684514045715,0.1300795078277588,0.39348894357681274
mathdial_1360_turn_002,probing,focus,0.5235684514045715,0.2539314031600952,0.2696370482444763
mathdial_1360_turn_002,probing,telling,0.5235684514045715,0.09242065995931625,0.4311477914452553
mathdial_1360_turn_004,probing,generic,0.5242883563041687,0.0793149545788765,0.4449734017252922
mathdial_1360_turn_004,probing,focus,0.5242883563041687,0.28929567337036133,0.23499268293380737
mathdial_1360_turn_004,probing,telling,0.5242883563041687,0.10710110515356064,0.41718725115060806
mathdial_1360_turn_006,probing,generic,0.48038819432258606,0.16892065107822418,0.3114675432443619
mathdial_1360_turn_006,probing,focus,0.48038819432258606,0.2536817193031311,0.22670647501945496
mathdial_1360_turn_006,probing,telling,0.48038819432258606,0.0970093384385109,0.38337885588407516
mathdial_1360_turn_008,probing,generic,0.40761038661003113,0.15920276939868927,0.24840761721134186
mathdial_1360_turn_008,probing,focus,0.40761038661003113,0.3199276924133301,0.08768269419670105
mathdial_1360_turn_008,probing,telling,0.40761038661003113,0.11325918883085251,0.2943511977791786
mathdial_1362_turn_000,generic,probing,0.7944279909133911,0.11550884693861008,0.678919143974781
mathdial_1362_turn_000,generic,focus,0.7944279909133911,0.062741719186306,0.7316862717270851
mathdial_1362_turn_000,generic,telling,0.7944279909133911,0.027321476489305496,0.7671065144240856
mathdial_1362_turn_002,probing,generic,0.5443277359008789,0.11083854734897614,0.43348918855190277
mathdial_1362_turn_002,probing,focus,0.5443277359008789,0.1738586276769638,0.3704691082239151
mathdial_1362_turn_002,probing,telling,0.5443277359008789,0.17097508907318115,0.37335264682769775
mathdial_1362_turn_004,focus,generic,0.44169265031814575,0.1033797487616539,0.33831290155649185
mathdial_1362_turn_004,focus,probing,0.44169265031814575,0.32011687755584717,0.12157577276229858
mathdial_1362_turn_004,focus,telling,0.44169265031814575,0.13481079041957855,0.3068818598985672
mathdial_1362_turn_006,focus,generic,0.43007972836494446,0.12283544987440109,0.30724427849054337
mathdial_1362_turn_006,focus,probing,0.43007972836494446,0.2646656632423401,0.16541406512260437
mathdial_1362_turn_006,focus,telling,0.43007972836494446,0.18241915106773376,0.2476605772972107
mathdial_1362_turn_008,focus,generic,0.38116928935050964,0.18801261484622955,0.1931566745042801
mathdial_1362_turn_008,focus,probing,0.38116928935050964,0.21944667398929596,0.16172261536121368
mathdial_1362_turn_008,focus,telling,0.38116928935050964,0.21137142181396484,0.1697978675365448
mathdial_1377_turn_000,generic,probing,0.7944279909133911,0.11550884693861008,0.678919143974781
mathdial_1377_turn_000,generic,focus,0.7944279909133911,0.062741719186306,0.7316862717270851
mathdial_1377_turn_000,generic,telling,0.7944279909133911,0.027321476489305496,0.7671065144240856
mathdial_1377_turn_002,focus,generic,0.4534871578216553,0.019905170425772667,0.4335819873958826
mathdial_1377_turn_002,focus,probing,0.4534871578216553,0.4371436834335327,0.01634347438812256
mathdial_1377_turn_002,focus,telling,0.4534871578216553,0.08946399390697479,0.3640231639146805
mathdial_1377_turn_004,probing,generic,0.4378836154937744,0.0664835050702095,0.3714001104235649
mathdial_1377_turn_004,probing,focus,0.4378836154937744,0.2615857720375061,0.1762978434562683
mathdial_1377_turn_004,probing,telling,0.4378836154937744,0.23404720425605774,0.20383641123771667
mathdial_1377_turn_006,telling,generic,0.35522106289863586,0.09965711086988449,0.2555639520287514
mathdial_1377_turn_006,telling,probing,0.35522106289863586,0.30240270495414734,0.052818357944488525
mathdial_1377_turn_006,telling,focus,0.35522106289863586,0.2427191138267517,0.11250194907188416
mathdial_1379_turn_000,generic,probing,0.7879478931427002,0.12310012429952621,0.664847768843174
mathdial_1379_turn_000,generic,focus,0.7879478931427002,0.061801839619874954,0.7261460535228252
mathdial_1379_turn_000,generic,telling,0.7879478931427002,0.027150239795446396,0.7607976533472538
mathdial_1379_turn_002,focus,generic,0.4999798536300659,0.021236319094896317,0.4787435345351696
mathdial_1379_turn_002,focus,probing,0.4999798536300659,0.4130089581012726,0.08697089552879333
mathdial_1379_turn_002,focus,telling,0.4999798536300659,0.06577493995428085,0.43420491367578506
mathdial_1379_turn_004,focus,generic,0.4860266447067261,0.026173340156674385,0.4598533045500517
mathdial_1379_turn_004,focus,probing,0.4860266447067261,0.3644038140773773,0.12162283062934875
mathdial_1379_turn_004,focus,telling,0.4860266447067261,0.12339610606431961,0.36263053864240646
mathdial_1379_turn_006,focus,generic,0.40642690658569336,0.06974479556083679,0.33668211102485657
mathdial_1379_turn_006,focus,probing,0.40642690658569336,0.299550324678421,0.10687658190727234
mathdial_1379_turn_006,focus,telling,0.40642690658569336,0.22427800297737122,0.18214890360832214
mathdial_1379_turn_008,focus,generic,0.39617273211479187,0.10055261850357056,0.2956201136112213
mathdial_1379_turn_008,focus,probing,0.39617273211479187,0.24229666590690613,0.15387606620788574
mathdial_1379_turn_008,focus,telling,0.39617273211479187,0.26097798347473145,0.13519474864006042
mathdial_1401_turn_000,generic,probing,0.7868709564208984,0.12301398068666458,0.6638569757342339
mathdial_1401_turn_000,generic,focus,0.7868709564208984,0.06160358339548111,0.7252673730254173
mathdial_1401_turn_000,generic,telling,0.7868709564208984,0.028511542826890945,0.7583594135940075
mathdial_1401_turn_002,probing,generic,0.5035944581031799,0.028834614902734756,0.4747598432004452
mathdial_1401_turn_002,probing,focus,0.5035944581031799,0.39730459451675415,0.10628986358642578
mathdial_1401_turn_002,probing,telling,0.5035944581031799,0.07026626914739609,0.43332818895578384
mathdial_1401_turn_004,probing,generic,0.28147071599960327,0.2140205055475235,0.06745021045207977
mathdial_1401_turn_004,probing,focus,0.28147071599960327,0.23569120466709137,0.0457795113325119
mathdial_1401_turn_004,probing,telling,0.28147071599960327,0.2688175439834595,0.012653172016143799
mathdial_1401_turn_006,telling,generic,0.30182021856307983,0.22951529920101166,0.07230491936206818
mathdial_1401_turn_006,telling,probing,0.30182021856307983,0.23300644755363464,0.06881377100944519
mathdial_1401_turn_006,telling,focus,0.30182021856307983,0.23565804958343506,0.06616216897964478
mathdial_1401_turn_008,telling,generic,0.3298664391040802,0.2401164323091507,0.0897500067949295
mathdial_1401_turn_008,telling,probing,0.3298664391040802,0.191511869430542,0.1383545696735382
mathdial_1401_turn_008,telling,focus,0.3298664391040802,0.23850521445274353,0.09136122465133667
mathdial_1413_turn_000,generic,probing,0.7885891795158386,0.12091778218746185,0.6676713973283768
mathdial_1413_turn_000,generic,focus,0.7885891795158386,0.06291941553354263,0.725669763982296
mathdial_1413_turn_000,generic,telling,0.7885891795158386,0.027573535218834877,0.7610156442970037
mathdial_1413_turn_002,focus,generic,0.6476680040359497,0.029232339933514595,0.6184356641024351
mathdial_1413_turn_002,focus,probing,0.6476680040359497,0.27082112431526184,0.37684687972068787
mathdial_1413_turn_002,focus,telling,0.6476680040359497,0.05227847769856453,0.5953895263373852
mathdial_1413_turn_004,focus,generic,0.6985057592391968,0.02875656634569168,0.6697491928935051
mathdial_1413_turn_004,focus,probing,0.6985057592391968,0.19272835552692413,0.5057774037122726
mathdial_1413_turn_004,focus,telling,0.6985057592391968,0.080009326338768,0.6184964329004288
mathdial_1413_turn_006,focus,generic,0.6950210332870483,0.03064017742872238,0.664380855858326
mathdial_1413_turn_006,focus,probing,0.6950210332870483,0.17911793291568756,0.5159031003713608
mathdial_1413_turn_006,focus,telling,0.6950210332870483,0.09522079676389694,0.5998002365231514
mathdial_1413_turn_008,focus,generic,0.6379892230033875,0.05523993447422981,0.5827492885291576
mathdial_1413_turn_008,focus,probing,0.6379892230033875,0.15231597423553467,0.4856732487678528
mathdial_1413_turn_008,focus,telling,0.6379892230033875,0.15445485711097717,0.4835343658924103
mathdial_1413_turn_010,focus,generic,0.46789851784706116,0.12218492478132248,0.3457135930657387
mathdial_1413_turn_010,focus,probing,0.46789851784706116,0.17241474986076355,0.2954837679862976
mathdial_1413_turn_010,focus,telling,0.46789851784706116,0.237501859664917,0.23039665818214417
mathdial_1413_turn_012,focus,generic,0.3175402581691742,0.19201026856899261,0.12552998960018158
mathdial_1413_turn_012,focus,probing,0.3175402581691742,0.17665472626686096,0.14088553190231323
mathdial_1413_turn_012,focus,telling,0.3175402581691742,0.31379470229148865,0.003745555877685547
mathdial_1413_turn_014,focus,generic,0.332024484872818,0.1908309906721115,0.14119349420070648
mathdial_1413_turn_014,focus,probing,0.332024484872818,0.18363171815872192,0.14839276671409607
mathdial_1413_turn_014,focus,telling,0.332024484872818,0.293512761592865,0.038511723279953
mathdial_1413_turn_016,telling,generic,0.34515708684921265,0.16921353340148926,0.1759435534477234
mathdial_1413_turn_016,telling,probing,0.34515708684921265,0.16506686806678772,0.18009021878242493
mathdial_1413_turn_016,telling,focus,0.34515708684921265,0.3205625116825104,0.02459457516670227
mathdial_1413_turn_018,telling,generic,0.42186132073402405,0.13200218975543976,0.2898591309785843
mathdial_1413_turn_018,telling,probing,0.42186132073402405,0.14721286296844482,0.2746484577655792
mathdial_1413_turn_018,telling,focus,0.42186132073402405,0.2989236116409302,0.12293770909309387
mathdial_1413_turn_020,telling,generic,0.48443537950515747,0.09554467350244522,0.38889070600271225
mathdial_1413_turn_020,telling,probing,0.48443537950515747,0.13072893023490906,0.3537064492702484
mathdial_1413_turn_020,telling,focus,0.48443537950515747,0.28929102420806885,0.19514435529708862
mathdial_1413_turn_022,telling,generic,0.6557061672210693,0.12574750185012817,0.5299586653709412
mathdial_1413_turn_022,telling,probing,0.6557061672210693,0.07504837214946747,0.5806577950716019
mathdial_1413_turn_022,telling,focus,0.6557061672210693,0.14349795877933502,0.5122082084417343
mathdial_1429_turn_000,generic,probing,0.7957644462585449,0.11438798159360886,0.6813764646649361
mathdial_1429_turn_000,generic,focus,0.7957644462585449,0.062356628477573395,0.7334078177809715
mathdial_1429_turn_000,generic,telling,0.7957644462585449,0.027490943670272827,0.7682735025882721
mathdial_1429_turn_002,probing,generic,0.6988416910171509,0.015217266976833344,0.6836244240403175
mathdial_1429_turn_002,probing,focus,0.6988416910171509,0.22060328722000122,0.47823840379714966
mathdial_1429_turn_002,probing,telling,0.6988416910171509,0.06533771008253098,0.6335039809346199
mathdial_1429_turn_004,focus,generic,0.4728242754936218,0.02210821397602558,0.45071606151759624
mathdial_1429_turn_004,focus,probing,0.4728242754936218,0.44197317957878113,0.030851095914840698
mathdial_1429_turn_004,focus,telling,0.4728242754936218,0.0630943551659584,0.4097299203276634
mathdial_1429_turn_006,focus,generic,0.5331284403800964,0.023323003202676773,0.5098054371774197
mathdial_1429_turn_006,focus,probing,0.5331284403800964,0.37696751952171326,0.15616092085838318
mathdial_1429_turn_006,focus,telling,0.5331284403800964,0.06658101081848145,0.466547429561615
mathdial_1448_turn_000,generic,probing,0.7894066572189331,0.12158538401126862,0.6678212732076645
mathdial_1448_turn_000,generic,focus,0.7894066572189331,0.061180099844932556,0.7282265573740005
mathdial_1448_turn_000,generic,telling,0.7894066572189331,0.027827804908156395,0.7615788523107767
mathdial_1448_turn_002,focus,generic,0.4530788064002991,0.02513495460152626,0.4279438517987728
mathdial_1448_turn_002,focus,probing,0.4530788064002991,0.43871766328811646,0.014361143112182617
mathdial_1448_turn_002,focus,telling,0.4530788064002991,0.08306854963302612,0.37001025676727295
mathdial_1448_turn_004,focus,generic,0.4166938364505768,0.04155559837818146,0.3751382380723953
mathdial_1448_turn_004,focus,probing,0.4166938364505768,0.40357649326324463,0.013117343187332153
mathdial_1448_turn_004,focus,telling,0.4166938364505768,0.13817407190799713,0.27851976454257965
mathdial_1448_turn_006,focus,generic,0.35891270637512207,0.10767536610364914,0.25123734027147293
mathdial_1448_turn_006,focus,probing,0.35891270637512207,0.29106754064559937,0.0678451657295227
mathdial_1448_turn_006,focus,telling,0.35891270637512207,0.24234431982040405,0.11656838655471802
mathdial_1449_turn_000,generic,probing,0.7971735596656799,0.11418380588293076,0.6829897537827492
mathdial_1449_turn_000,generic,focus,0.7971735596656799,0.06096160411834717,0.7362119555473328
mathdial_1449_turn_000,generic,telling,0.7971735596656799,0.027681048959493637,0.7694925107061863
mathdial_1449_turn_002,probing,generic,0.6763610243797302,0.021743934601545334,0.6546170897781849
mathdial_1449_turn_002,probing,focus,0.6763610243797302,0.16495291888713837,0.5114081054925919
mathdial_1449_turn_002,probing,telling,0.6763610243797302,0.13694225251674652,0.5394187718629837
mathdial_1449_turn_004,probing,generic,0.6619576215744019,0.022743642330169678,0.6392139792442322
mathdial_1449_turn_004,probing,focus,0.6619576215744019,0.1499025523662567,0.5120550692081451
mathdial_1449_turn_004,probing,telling,0.6619576215744019,0.16539610922336578,0.49656151235103607
mathdial_1449_turn_006,probing,generic,0.5249988436698914,0.05847520753741264,0.4665236361324787
mathdial_1449_turn_006,probing,focus,0.5249988436698914,0.18960772454738617,0.3353911191225052
mathdial_1449_turn_006,probing,telling,0.5249988436698914,0.2269183248281479,0.29808051884174347
mathdial_1458_turn_000,generic,probing,0.791831910610199,0.11948157846927643,0.6723503321409225
mathdial_1458_turn_000,generic,focus,0.791831910610199,0.061808500438928604,0.7300234101712704
mathdial_1458_turn_000,generic,telling,0.791831910610199,0.026877926662564278,0.7649539839476347
mathdial_1458_turn_002,probing,generic,0.41114771366119385,0.19380459189414978,0.21734312176704407
mathdial_1458_turn_002,probing,focus,0.41114771366119385,0.2752850353717804,0.13586267828941345
mathdial_1458_turn_002,probing,telling,0.41114771366119385,0.11976265907287598,0.29138505458831787
mathdial_1458_turn_004,focus,generic,0.2805556654930115,0.20930027961730957,0.0712553858757019
mathdial_1458_turn_004,focus,probing,0.2805556654930115,0.27040931582450867,0.010146349668502808
mathdial_1458_turn_004,focus,telling,0.2805556654930115,0.2397347241640091,0.04082094132900238
mathdial_1458_turn_006,telling,generic,0.2755812406539917,0.1971801519393921,0.07840108871459961
mathdial_1458_turn_006,telling,probing,0.2755812406539917,0.25364527106285095,0.021935969591140747
mathdial_1458_turn_006,telling,focus,0.2755812406539917,0.27359336614608765,0.0019878745079040527
mathdial_1458_turn_008,telling,generic,0.3172188997268677,0.2042357474565506,0.11298315227031708
mathdial_1458_turn_008,telling,probing,0.3172188997268677,0.2353598028421402,0.08185909688472748
mathdial_1458_turn_008,telling,focus,0.3172188997268677,0.24318549036979675,0.07403340935707092
mathdial_1458_turn_010,telling,generic,0.30784040689468384,0.1964755803346634,0.11136482656002045
mathdial_1458_turn_010,telling,probing,0.30784040689468384,0.23669728636741638,0.07114312052726746
mathdial_1458_turn_010,telling,focus,0.30784040689468384,0.2589867413043976,0.048853665590286255
mathdial_1458_turn_012,telling,generic,0.31532710790634155,0.17757123708724976,0.1377558708190918
mathdial_1458_turn_012,telling,probing,0.31532710790634155,0.21727073192596436,0.0980563759803772
mathdial_1458_turn_012,telling,focus,0.31532710790634155,0.28983089327812195,0.025496214628219604
mathdial_1458_turn_014,telling,generic,0.3499913811683655,0.18007643520832062,0.16991494596004486
mathdial_1458_turn_014,telling,probing,0.3499913811683655,0.17845125496387482,0.17154012620449066
mathdial_1458_turn_014,telling,focus,0.3499913811683655,0.29148098826408386,0.058510392904281616
mathdial_1458_turn_016,telling,generic,0.40676063299179077,0.0782184898853302,0.32854214310646057
mathdial_1458_turn_016,telling,probing,0.40676063299179077,0.19319990277290344,0.21356073021888733
mathdial_1458_turn_016,telling,focus,0.40676063299179077,0.32182103395462036,0.08493959903717041
mathdial_1458_turn_018,telling,generic,0.3786543607711792,0.05942702293395996,0.31922733783721924
mathdial_1458_turn_018,telling,probing,0.3786543607711792,0.20655982196331024,0.17209453880786896
mathdial_1458_turn_018,telling,focus,0.3786543607711792,0.355358749628067,0.023295611143112183
mathdial_1458_turn_020,telling,generic,0.4027452766895294,0.07609347254037857,0.32665180414915085
mathdial_1458_turn_020,telling,probing,0.4027452766895294,0.19983385503292084,0.20291142165660858
mathdial_1458_turn_020,telling,focus,0.4027452766895294,0.3213273882865906,0.08141788840293884
mathdial_1458_turn_021,telling,generic,0.4282222390174866,0.11211101710796356,0.316111221909523
mathdial_1458_turn_021,telling,probing,0.4282222390174866,0.1755269467830658,0.2526952922344208
mathdial_1458_turn_021,telling,focus,0.4282222390174866,0.28413987159729004,0.14408236742019653
mathdial_1458_turn_023,telling,generic,0.4190678298473358,0.1404115855693817,0.2786562442779541
mathdial_1458_turn_023,telling,probing,0.4190678298473358,0.16230350732803345,0.25676432251930237
mathdial_1458_turn_023,telling,focus,0.4190678298473358,0.278217077255249,0.1408507525920868
mathdial_1458_turn_025,focus,generic,0.3655484616756439,0.13915568590164185,0.22639277577400208
mathdial_1458_turn_025,focus,probing,0.3655484616756439,0.1891436129808426,0.17640484869480133
mathdial_1458_turn_025,focus,telling,0.3655484616756439,0.3061522841453552,0.059396177530288696
mathdial_1458_turn_027,focus,generic,0.3383695185184479,0.1475268006324768,0.19084271788597107
mathdial_1458_turn_027,focus,probing,0.3383695185184479,0.18921853601932526,0.14915098249912262
mathdial_1458_turn_027,focus,telling,0.3383695185184479,0.32488512992858887,0.013484388589859009
mathdial_1458_turn_029,telling,generic,0.35366299748420715,0.16229888796806335,0.1913641095161438
mathdial_1458_turn_029,telling,probing,0.35366299748420715,0.17133647203445435,0.1823265254497528
mathdial_1458_turn_029,telling,focus,0.35366299748420715,0.31270167231559753,0.04096132516860962
mathdial_1458_turn_031,focus,generic,0.33924078941345215,0.1554960310459137,0.18374475836753845
mathdial_1458_turn_031,focus,probing,0.33924078941345215,0.17128422856330872,0.16795656085014343
mathdial_1458_turn_031,focus,telling,0.33924078941345215,0.3339789807796478,0.005261808633804321
mathdial_1458_turn_033,focus,generic,0.34549227356910706,0.14754140377044678,0.19795086979866028
mathdial_1458_turn_033,focus,probing,0.34549227356910706,0.17791728675365448,0.16757498681545258
mathdial_1458_turn_033,focus,telling,0.34549227356910706,0.3290490210056305,0.016443252563476562
mathdial_1458_turn_035,telling,generic,0.3848739564418793,0.15121082961559296,0.23366312682628632
mathdial_1458_turn_035,telling,probing,0.3848739564418793,0.16788987815380096,0.2169840782880783
mathdial_1458_turn_035,telling,focus,0.3848739564418793,0.2960253059864044,0.08884865045547485
mathdial_1458_turn_037,telling,generic,0.3602851331233978,0.1608048975467682,0.19948023557662964
mathdial_1458_turn_037,telling,probing,0.3602851331233978,0.16751988232135773,0.1927652508020401
mathdial_1458_turn_037,telling,focus,0.3602851331233978,0.31139013171195984,0.04889500141143799
mathdial_1458_turn_039,telling,generic,0.38856953382492065,0.14780785143375397,0.2407616823911667
mathdial_1458_turn_039,telling,probing,0.38856953382492065,0.15942931175231934,0.22914022207260132
mathdial_1458_turn_039,telling,focus,0.38856953382492065,0.30419328808784485,0.0843762457370758
mathdial_1458_turn_041,telling,generic,0.4207884967327118,0.13766488432884216,0.28312361240386963
mathdial_1458_turn_041,telling,probing,0.4207884967327118,0.16112074255943298,0.2596677541732788
mathdial_1458_turn_041,telling,focus,0.4207884967327118,0.2804258465766907,0.14036265015602112
mathdial_1458_turn_043,telling,generic,0.36057478189468384,0.12476278841495514,0.2358119934797287
mathdial_1458_turn_043,telling,probing,0.36057478189468384,0.16950196027755737,0.19107282161712646
mathdial_1458_turn_043,telling,focus,0.36057478189468384,0.34516048431396484,0.015414297580718994
mathdial_1458_turn_045,telling,generic,0.4531863033771515,0.18510696291923523,0.26807934045791626
mathdial_1458_turn_045,telling,probing,0.4531863033771515,0.12598179280757904,0.32720451056957245
mathdial_1458_turn_045,telling,focus,0.4531863033771515,0.23572497069835663,0.21746133267879486
mathdial_1458_turn_047,telling,generic,0.3904055058956146,0.24298132956027985,0.14742417633533478
mathdial_1458_turn_047,telling,probing,0.3904055058956146,0.1355004906654358,0.25490501523017883
mathdial_1458_turn_047,telling,focus,0.3904055058956146,0.23111264407634735,0.15929286181926727
mathdial_1458_turn_049,telling,generic,0.3373022973537445,0.2759939134120941,0.06130838394165039
mathdial_1458_turn_049,telling,probing,0.3373022973537445,0.14308962225914001,0.1942126750946045
mathdial_1458_turn_049,telling,focus,0.3373022973537445,0.24361416697502136,0.09368813037872314
mathdial_1458_turn_051,telling,generic,0.3627946078777313,0.26659950613975525,0.09619510173797607
mathdial_1458_turn_051,telling,probing,0.3627946078777313,0.12847012281417847,0.23432448506355286
mathdial_1458_turn_051,telling,focus,0.3627946078777313,0.24213577806949615,0.12065882980823517
mathdial_1458_turn_053,telling,generic,0.34414586424827576,0.28656578063964844,0.05758008360862732
mathdial_1458_turn_053,telling,probing,0.34414586424827576,0.13134285807609558,0.21280300617218018
mathdial_1458_turn_053,telling,focus,0.34414586424827576,0.23794542253017426,0.1062004417181015
mathdial_1460_turn_000,generic,probing,0.7942718267440796,0.11611683666706085,0.6781549900770187
mathdial_1460_turn_000,generic,focus,0.7942718267440796,0.06191416457295418,0.7323576621711254
mathdial_1460_turn_000,generic,telling,0.7942718267440796,0.027697207406163216,0.7665746193379164
mathdial_1460_turn_001,generic,probing,0.811066210269928,0.10364431887865067,0.7074218913912773
mathdial_1460_turn_001,generic,focus,0.811066210269928,0.058482199907302856,0.7525840103626251
mathdial_1460_turn_001,generic,telling,0.811066210269928,0.026807373389601707,0.7842588368803263
mathdial_1460_turn_003,probing,generic,0.47303009033203125,0.25605571269989014,0.2169743776321411
mathdial_1460_turn_003,probing,focus,0.47303009033203125,0.15945997834205627,0.313570111989975
mathdial_1460_turn_003,probing,telling,0.47303009033203125,0.11145421862602234,0.3615758717060089
mathdial_1460_turn_005,probing,generic,0.47319096326828003,0.18174074590206146,0.29145021736621857
mathdial_1460_turn_005,probing,focus,0.47319096326828003,0.1582142561674118,0.3149767071008682
mathdial_1460_turn_005,probing,telling,0.47319096326828003,0.1868540197610855,0.2863369435071945
mathdial_1460_turn_007,probing,generic,0.4281175434589386,0.11266466230154037,0.3154528811573982
mathdial_1460_turn_007,probing,focus,0.4281175434589386,0.19012337923049927,0.23799416422843933
mathdial_1460_turn_007,probing,telling,0.4281175434589386,0.26909440755844116,0.15902313590049744
mathdial_1460_turn_009,probing,generic,0.3353983461856842,0.2189590483903885,0.11643929779529572
mathdial_1460_turn_009,probing,focus,0.3353983461856842,0.22071798145771027,0.11468036472797394
mathdial_1460_turn_009,probing,telling,0.3353983461856842,0.22492466866970062,0.11047367751598358
mathdial_1460_turn_011,focus,generic,0.3144019544124603,0.14482170343399048,0.16958025097846985
mathdial_1460_turn_011,focus,probing,0.3144019544124603,0.30526313185691833,0.009138822555541992
mathdial_1460_turn_011,focus,telling,0.3144019544124603,0.23551322519779205,0.07888872921466827
mathdial_1460_turn_013,focus,generic,0.3061630427837372,0.15372228622436523,0.15244075655937195
mathdial_1460_turn_013,focus,probing,0.3061630427837372,0.27786964178085327,0.02829340100288391
mathdial_1460_turn_013,focus,telling,0.3061630427837372,0.26224493980407715,0.043918102979660034
mathdial_1460_turn_015,telling,generic,0.3396495282649994,0.19733235239982605,0.14231717586517334
mathdial_1460_turn_015,telling,probing,0.3396495282649994,0.1871599704027176,0.1524895578622818
mathdial_1460_turn_015,telling,focus,0.3396495282649994,0.275858074426651,0.06379145383834839
mathdial_1460_turn_017,telling,generic,0.3969036638736725,0.181968092918396,0.2149355709552765
mathdial_1460_turn_017,telling,probing,0.3969036638736725,0.16692061722278595,0.22998304665088654
mathdial_1460_turn_017,telling,focus,0.3969036638736725,0.25420764088630676,0.14269602298736572
mathdial_1463_turn_000,generic,probing,0.7939839363098145,0.11762780696153641,0.676356129348278
mathdial_1463_turn_000,generic,focus,0.7939839363098145,0.06129225715994835,0.7326916791498661
mathdial_1463_turn_000,generic,telling,0.7939839363098145,0.02709595300257206,0.7668879833072424
mathdial_1463_turn_002,probing,generic,0.6828230619430542,0.02794383466243744,0.6548792272806168
mathdial_1463_turn_002,probing,focus,0.6828230619430542,0.17250250279903412,0.5103205591440201
mathdial_1463_turn_002,probing,telling,0.6828230619430542,0.11673057079315186,0.5660924911499023
mathdial_1463_turn_003,probing,generic,0.6680426001548767,0.03392868861556053,0.6341139115393162
mathdial_1463_turn_003,probing,focus,0.6680426001548767,0.16311302781105042,0.5049295723438263
mathdial_1463_turn_003,probing,telling,0.6680426001548767,0.13491569459438324,0.5331269055604935
mathdial_1463_turn_005,probing,generic,0.6617963910102844,0.028736555948853493,0.6330598350614309
mathdial_1463_turn_005,probing,focus,0.6617963910102844,0.15288683772087097,0.5089095532894135
mathdial_1463_turn_005,probing,telling,0.6617963910102844,0.15658020973205566,0.5052161812782288
mathdial_1463_turn_007,probing,generic,0.630808413028717,0.038393061608076096,0.592415351420641
mathdial_1463_turn_007,probing,focus,0.630808413028717,0.13672558963298798,0.49408282339572906
mathdial_1463_turn_007,probing,telling,0.630808413028717,0.1940729320049286,0.43673548102378845
mathdial_1463_turn_009,probing,generic,0.47100773453712463,0.08186399936676025,0.3891437351703644
mathdial_1463_turn_009,probing,focus,0.47100773453712463,0.13828438520431519,0.33272334933280945
mathdial_1463_turn_009,probing,telling,0.47100773453712463,0.3088439404964447,0.16216379404067993
mathdial_1463_turn_011,telling,generic,0.5272847414016724,0.1250394731760025,0.40224526822566986
mathdial_1463_turn_011,telling,probing,0.5272847414016724,0.1730978637933731,0.35418687760829926
mathdial_1463_turn_011,telling,focus,0.5272847414016724,0.17457790672779083,0.35270683467388153
mathdial_1463_turn_013,telling,generic,0.5276901721954346,0.14357875287532806,0.3841114193201065
mathdial_1463_turn_013,telling,probing,0.5276901721954346,0.15410035848617554,0.37358981370925903
mathdial_1463_turn_013,telling,focus,0.5276901721954346,0.1746307611465454,0.35305941104888916
mathdial_1463_turn_015,telling,generic,0.5312840938568115,0.13807272911071777,0.39321136474609375
mathdial_1463_turn_015,telling,probing,0.5312840938568115,0.15217888355255127,0.37910521030426025
mathdial_1463_turn_015,telling,focus,0.5312840938568115,0.17846433818340302,0.3528197556734085
mathdial_1472_turn_000,generic,probing,0.7997193336486816,0.11160831898450851,0.6881110146641731
mathdial_1472_turn_000,generic,focus,0.7997193336486816,0.06185391545295715,0.7378654181957245
mathdial_1472_turn_000,generic,telling,0.7997193336486816,0.02681843377649784,0.7729008998721838
mathdial_1472_turn_002,probing,generic,0.6771310567855835,0.0667354092001915,0.610395647585392
mathdial_1472_turn_002,probing,focus,0.6771310567855835,0.15366005897521973,0.5234709978103638
mathdial_1472_turn_002,probing,telling,0.6771310567855835,0.10247346758842468,0.5746575891971588
mathdial_1472_turn_004,probing,generic,0.6035688519477844,0.06552327424287796,0.5380455777049065
mathdial_1472_turn_004,probing,focus,0.6035688519477844,0.16372665762901306,0.43984219431877136
mathdial_1472_turn_004,probing,telling,0.6035688519477844,0.16718125343322754,0.4363875985145569
mathdial_1472_turn_006,probing,generic,0.5427336692810059,0.08750740438699722,0.45522626489400864
mathdial_1472_turn_006,probing,focus,0.5427336692810059,0.17006970942020416,0.3726639598608017
mathdial_1472_turn_006,probing,telling,0.5427336692810059,0.19968916475772858,0.3430445045232773
mathdial_1472_turn_008,probing,generic,0.49756190180778503,0.09212810546159744,0.4054337963461876
mathdial_1472_turn_008,probing,focus,0.49756190180778503,0.18427833914756775,0.3132835626602173
mathdial_1472_turn_008,probing,telling,0.49756190180778503,0.2260316163301468,0.27153028547763824
mathdial_1472_turn_010,probing,generic,0.34856900572776794,0.120102159678936,0.22846684604883194
mathdial_1472_turn_010,probing,focus,0.34856900572776794,0.19982926547527313,0.1487397402524948
mathdial_1472_turn_010,probing,telling,0.34856900572776794,0.3314995765686035,0.01706942915916443
mathdial_1472_turn_012,telling,generic,0.460021436214447,0.12428939342498779,0.33573204278945923
mathdial_1472_turn_012,telling,probing,0.460021436214447,0.21745996177196503,0.242561474442482
mathdial_1472_turn_012,telling,focus,0.460021436214447,0.19822919368743896,0.26179224252700806
mathdial_1472_turn_014,telling,generic,0.5423200130462646,0.14713789522647858,0.39518211781978607
mathdial_1472_turn_014,telling,probing,0.5423200130462646,0.1197110190987587,0.42260899394750595
mathdial_1472_turn_014,telling,focus,0.5423200130462646,0.19083109498023987,0.3514889180660248
mathdial_1472_turn_016,telling,generic,0.5085029602050781,0.0946870669722557,0.4138158932328224
mathdial_1472_turn_016,telling,probing,0.5085029602050781,0.19901159405708313,0.309491366147995
mathdial_1472_turn_016,telling,focus,0.5085029602050781,0.19779835641384125,0.3107046037912369
mathdial_1472_turn_018,telling,generic,0.5359054803848267,0.1018715426325798,0.43403393775224686
mathdial_1472_turn_018,telling,probing,0.5359054803848267,0.18476161360740662,0.35114386677742004
mathdial_1472_turn_018,telling,focus,0.5359054803848267,0.17746131122112274,0.3584441691637039
mathdial_1472_turn_020,telling,generic,0.4400894343852997,0.09205351024866104,0.34803592413663864
mathdial_1472_turn_020,telling,probing,0.4400894343852997,0.24090269207954407,0.19918674230575562
mathdial_1472_turn_020,telling,focus,0.4400894343852997,0.2269543707370758,0.21313506364822388
mathdial_1472_turn_022,telling,generic,0.40964844822883606,0.04678107798099518,0.3628673702478409
mathdial_1472_turn_022,telling,probing,0.40964844822883606,0.32460641860961914,0.08504202961921692
mathdial_1472_turn_022,telling,focus,0.40964844822883606,0.21896405518054962,0.19068439304828644
mathdial_1495_turn_000,generic,probing,0.7924788594245911,0.11949542164802551,0.6729834377765656
mathdial_1495_turn_000,generic,focus,0.7924788594245911,0.06032176315784454,0.7321570962667465
mathdial_1495_turn_000,generic,telling,0.7924788594245911,0.027703907340765,0.7647749520838261
mathdial_1495_turn_002,probing,generic,0.47030845284461975,0.1785343438386917,0.29177410900592804
mathdial_1495_turn_002,probing,focus,0.47030845284461975,0.14415723085403442,0.3261512219905853
mathdial_1495_turn_002,probing,telling,0.47030845284461975,0.2070000171661377,0.26330843567848206
mathdial_1495_turn_004,generic,probing,0.36922356486320496,0.2434099167585373,0.12581364810466766
mathdial_1495_turn_004,generic,focus,0.36922356486320496,0.10459139198064804,0.2646321728825569
mathdial_1495_turn_004,generic,telling,0.36922356486320496,0.28277507424354553,0.08644849061965942
mathdial_1495_turn_006,telling,generic,0.39878466725349426,0.28508269786834717,0.1137019693851471
mathdial_1495_turn_006,telling,probing,0.39878466725349426,0.20360688865184784,0.19517777860164642
mathdial_1495_turn_006,telling,focus,0.39878466725349426,0.11252566426992416,0.2862590029835701
mathdial_1495_turn_008,telling,generic,0.4731007516384125,0.23499423265457153,0.23810651898384094
mathdial_1495_turn_008,telling,probing,0.4731007516384125,0.16651268303394318,0.3065880686044693
mathdial_1495_turn_008,telling,focus,0.4731007516384125,0.12539233267307281,0.34770841896533966
mathdial_1540_turn_000,generic,probing,0.7894066572189331,0.12158538401126862,0.6678212732076645
mathdial_1540_turn_000,generic,focus,0.7894066572189331,0.061180099844932556,0.7282265573740005
mathdial_1540_turn_000,generic,telling,0.7894066572189331,0.027827804908156395,0.7615788523107767
mathdial_1540_turn_002,probing,generic,0.5412342548370361,0.13397257030010223,0.4072616845369339
mathdial_1540_turn_002,probing,focus,0.5412342548370361,0.22492079436779022,0.3163134604692459
mathdial_1540_turn_002,probing,telling,0.5412342548370361,0.09987235814332962,0.4413618966937065
mathdial_1540_turn_004,probing,generic,0.5983726382255554,0.089274100959301,0.5090985372662544
mathdial_1540_turn_004,probing,focus,0.5983726382255554,0.21845515072345734,0.3799174875020981
mathdial_1540_turn_004,probing,telling,0.5983726382255554,0.09389808773994446,0.504474550485611
mathdial_1540_turn_006,probing,generic,0.6143216490745544,0.07224984467029572,0.5420718044042587
mathdial_1540_turn_006,probing,focus,0.6143216490745544,0.21446821093559265,0.3998534381389618
mathdial_1540_turn_006,probing,telling,0.6143216490745544,0.09896037727594376,0.5153612717986107
mathdial_1540_turn_008,probing,generic,0.5637768507003784,0.09418603777885437,0.46959081292152405
mathdial_1540_turn_008,probing,focus,0.5637768507003784,0.22490155696868896,0.33887529373168945
mathdial_1540_turn_008,probing,telling,0.5637768507003784,0.11713554710149765,0.44664130359888077
mathdial_1540_turn_010,probing,generic,0.5406076908111572,0.07669232040643692,0.4639153704047203
mathdial_1540_turn_010,probing,focus,0.5406076908111572,0.2145048975944519,0.3261027932167053
mathdial_1540_turn_010,probing,telling,0.5406076908111572,0.1681952029466629,0.3724124878644943
mathdial_1540_turn_012,probing,generic,0.41133204102516174,0.13508659601211548,0.27624544501304626
mathdial_1540_turn_012,probing,focus,0.41133204102516174,0.2024373561143875,0.20889468491077423
mathdial_1540_turn_012,probing,telling,0.41133204102516174,0.2511439323425293,0.16018810868263245
mathdial_1540_turn_014,probing,generic,0.4054965674877167,0.13295415043830872,0.27254241704940796
mathdial_1540_turn_014,probing,focus,0.4054965674877167,0.20571760833263397,0.1997789591550827
mathdial_1540_turn_014,probing,telling,0.4054965674877167,0.2558317184448242,0.14966484904289246
mathdial_1540_turn_016,probing,generic,0.3786487877368927,0.15074223279953003,0.22790655493736267
mathdial_1540_turn_016,probing,focus,0.3786487877368927,0.19954071938991547,0.17910806834697723
mathdial_1540_turn_016,probing,telling,0.3786487877368927,0.271068274974823,0.1075805127620697
mathdial_1540_turn_018,probing,generic,0.28772374987602234,0.19379764795303345,0.09392610192298889
mathdial_1540_turn_018,probing,focus,0.28772374987602234,0.23180733621120453,0.05591641366481781
mathdial_1540_turn_018,probing,telling,0.28772374987602234,0.2866712510585785,0.0010524988174438477
mathdial_1545_turn_000,generic,probing,0.7957967519760132,0.11470282822847366,0.6810939237475395
mathdial_1545_turn_000,generic,focus,0.7957967519760132,0.062055546790361404,0.7337412051856518
mathdial_1545_turn_000,generic,telling,0.7957967519760132,0.027444973587989807,0.7683517783880234
mathdial_1545_turn_002,focus,generic,0.6708363890647888,0.030538951978087425,0.6402974370867014
mathdial_1545_turn_002,focus,probing,0.6708363890647888,0.24536313116550446,0.42547325789928436
mathdial_1545_turn_002,focus,telling,0.6708363890647888,0.05326150730252266,0.6175748817622662
mathdial_1545_turn_004,focus,generic,0.6918513178825378,0.02642878331243992,0.6654225345700979
mathdial_1545_turn_004,focus,probing,0.6918513178825378,0.19746482372283936,0.4943864941596985
mathdial_1545_turn_004,focus,telling,0.6918513178825378,0.08425508439540863,0.6075962334871292
mathdial_1545_turn_005,focus,generic,0.6749323010444641,0.033261194825172424,0.6416711062192917
mathdial_1545_turn_005,focus,probing,0.6749323010444641,0.18649818003177643,0.4884341210126877
mathdial_1545_turn_005,focus,telling,0.6749323010444641,0.10530839115381241,0.5696239098906517
mathdial_1545_turn_007,focus,generic,0.5235052704811096,0.07695455104112625,0.44655071943998337
mathdial_1545_turn_007,focus,probing,0.5235052704811096,0.15361617505550385,0.3698890954256058
mathdial_1545_turn_007,focus,telling,0.5235052704811096,0.24592389166355133,0.2775813788175583
mathdial_1545_turn_009,focus,generic,0.5467253923416138,0.06669345498085022,0.48003193736076355
mathdial_1545_turn_009,focus,probing,0.5467253923416138,0.1311069130897522,0.4156184792518616
mathdial_1545_turn_009,focus,telling,0.5467253923416138,0.2554742395877838,0.29125115275382996
mathdial_1547_turn_000,generic,probing,0.7967948913574219,0.11505496501922607,0.6817399263381958
mathdial_1547_turn_000,generic,focus,0.7967948913574219,0.06086559221148491,0.735929299145937
mathdial_1547_turn_000,generic,telling,0.7967948913574219,0.027284540235996246,0.7695103511214256
mathdial_1547_turn_002,generic,probing,0.3230587840080261,0.2662857472896576,0.05677303671836853
mathdial_1547_turn_002,generic,focus,0.3230587840080261,0.1855887919664383,0.13746999204158783
mathdial_1547_turn_002,generic,telling,0.3230587840080261,0.22506661713123322,0.09799216687679291
mathdial_1547_turn_004,telling,generic,0.38219013810157776,0.25484004616737366,0.1273500919342041
mathdial_1547_turn_004,telling,probing,0.38219013810157776,0.20655426383018494,0.17563587427139282
mathdial_1547_turn_004,telling,focus,0.38219013810157776,0.15641553699970245,0.2257746011018753
mathdial_1547_turn_006,telling,generic,0.4925245940685272,0.21991412341594696,0.27261047065258026
mathdial_1547_turn_006,telling,probing,0.4925245940685272,0.14337052404880524,0.349154070019722
mathdial_1547_turn_006,telling,focus,0.4925245940685272,0.14419066905975342,0.3483339250087738
mathdial_1547_turn_008,telling,generic,0.5003389716148376,0.19289545714855194,0.3074435144662857
mathdial_1547_turn_008,telling,probing,0.5003389716148376,0.14186009764671326,0.3584788739681244
mathdial_1547_turn_008,telling,focus,0.5003389716148376,0.16490548849105835,0.3354334831237793
mathdial_1547_turn_010,telling,generic,0.5231630802154541,0.19740207493305206,0.32576100528240204
mathdial_1547_turn_010,telling,probing,0.5231630802154541,0.09443163871765137,0.42873144149780273
mathdial_1547_turn_010,telling,focus,0.5231630802154541,0.18500317633152008,0.338159903883934
mathdial_1561_turn_000,generic,probing,0.7967948913574219,0.11505496501922607,0.6817399263381958
mathdial_1561_turn_000,generic,focus,0.7967948913574219,0.06086559221148491,0.735929299145937
mathdial_1561_turn_000,generic,telling,0.7967948913574219,0.027284540235996246,0.7695103511214256
mathdial_1561_turn_002,focus,generic,0.602209210395813,0.023571833968162537,0.5786373764276505
mathdial_1561_turn_002,focus,probing,0.602209210395813,0.3261115849018097,0.2760976254940033
mathdial_1561_turn_002,focus,telling,0.602209210395813,0.04810737073421478,0.5541018396615982
mathdial_1561_turn_004,focus,generic,0.5869008898735046,0.020383333787322044,0.5665175560861826
mathdial_1561_turn_004,focus,probing,0.5869008898735046,0.3123020827770233,0.2745988070964813
mathdial_1561_turn_004,focus,telling,0.5869008898735046,0.08041367679834366,0.506487213075161
mathdial_1561_turn_006,focus,generic,0.3173637390136719,0.1723252534866333,0.14503848552703857
mathdial_1561_turn_006,focus,probing,0.3173637390136719,0.19634920358657837,0.1210145354270935
mathdial_1561_turn_006,focus,telling,0.3173637390136719,0.31396186351776123,0.0034018754959106445
mathdial_1561_turn_008,telling,generic,0.3795287013053894,0.15643423795700073,0.22309446334838867
mathdial_1561_turn_008,telling,probing,0.3795287013053894,0.15679726004600525,0.22273144125938416
mathdial_1561_turn_008,telling,focus,0.3795287013053894,0.3072398006916046,0.07228890061378479
mathdial_1561_turn_010,telling,generic,0.37108808755874634,0.16594849526882172,0.20513959228992462
mathdial_1561_turn_010,telling,probing,0.37108808755874634,0.15770773589611053,0.2133803516626358
mathdial_1561_turn_010,telling,focus,0.37108808755874634,0.3052556812763214,0.06583240628242493
mathdial_1571_turn_000,generic,probing,0.7944279909133911,0.11550884693861008,0.678919143974781
mathdial_1571_turn_000,generic,focus,0.7944279909133911,0.062741719186306,0.7316862717270851
mathdial_1571_turn_000,generic,telling,0.7944279909133911,0.027321476489305496,0.7671065144240856
mathdial_1571_turn_002,probing,generic,0.43114688992500305,0.09815935045480728,0.33298753947019577
mathdial_1571_turn_002,probing,focus,0.43114688992500305,0.35974979400634766,0.0713970959186554
mathdial_1571_turn_002,probing,telling,0.43114688992500305,0.11094395816326141,0.32020293176174164
mathdial_1571_turn_004,telling,generic,0.2941221296787262,0.268901526927948,0.025220602750778198
mathdial_1571_turn_004,telling,probing,0.2941221296787262,0.20183320343494415,0.09228892624378204
mathdial_1571_turn_004,telling,focus,0.2941221296787262,0.23514309525489807,0.058979034423828125
mathdial_1571_turn_006,telling,generic,0.3618285655975342,0.23016798496246338,0.1316605806350708
mathdial_1571_turn_006,telling,probing,0.3618285655975342,0.17182192206382751,0.19000664353370667
mathdial_1571_turn_006,telling,focus,0.3618285655975342,0.23618151247501373,0.12564705312252045
mathdial_1571_turn_008,telling,generic,0.40390411019325256,0.21112078428268433,0.19278332591056824
mathdial_1571_turn_008,telling,probing,0.40390411019325256,0.14715445041656494,0.2567496597766876
mathdial_1571_turn_008,telling,focus,0.40390411019325256,0.23782062530517578,0.16608348488807678
mathdial_1571_turn_010,telling,generic,0.4406659007072449,0.19201870262622833,0.24864719808101654
mathdial_1571_turn_010,telling,probing,0.4406659007072449,0.11799293011426926,0.3226729705929756
mathdial_1571_turn_010,telling,focus,0.4406659007072449,0.24932247400283813,0.19134342670440674
mathdial_1571_turn_012,telling,generic,0.4642927944660187,0.18490196764469147,0.2793908268213272
mathdial_1571_turn_012,telling,probing,0.4642927944660187,0.10928363353013992,0.35500916093587875
mathdial_1571_turn_012,telling,focus,0.4642927944660187,0.2415216863155365,0.22277110815048218
mathdial_1571_turn_014,telling,generic,0.4121844470500946,0.20720496773719788,0.20497947931289673
mathdial_1571_turn_014,telling,probing,0.4121844470500946,0.12162436544895172,0.2905600816011429
mathdial_1571_turn_014,telling,focus,0.4121844470500946,0.258986234664917,0.1531982123851776
mathdial_1571_turn_016,telling,generic,0.4962381422519684,0.1808551847934723,0.3153829574584961
mathdial_1571_turn_016,telling,probing,0.4962381422519684,0.09891009330749512,0.39732804894447327
mathdial_1571_turn_016,telling,focus,0.4962381422519684,0.2239965945482254,0.272241547703743
mathdial_1579_turn_000,generic,probing,0.792392909526825,0.11732735484838486,0.6750655546784401
mathdial_1579_turn_000,generic,focus,0.792392909526825,0.062042709439992905,0.730350200086832
mathdial_1579_turn_000,generic,telling,0.792392909526825,0.028237011283636093,0.7641558982431889
mathdial_1579_turn_002,probing,generic,0.39800190925598145,0.13364675641059875,0.2643551528453827
mathdial_1579_turn_002,probing,focus,0.39800190925598145,0.3799659311771393,0.018035978078842163
mathdial_1579_turn_002,probing,telling,0.39800190925598145,0.08838538080453873,0.3096165284514427
mathdial_1579_turn_004,focus,generic,0.46007177233695984,0.057588960975408554,0.4024828113615513
mathdial_1579_turn_004,focus,probing,0.46007177233695984,0.3625539243221283,0.09751784801483154
mathdial_1579_turn_004,focus,telling,0.46007177233695984,0.1197853833436966,0.34028638899326324
mathdial_1587_turn_000,generic,probing,0.7911796569824219,0.12003253400325775,0.6711471229791641
mathdial_1587_turn_000,generic,focus,0.7911796569824219,0.060913749039173126,0.7302659079432487
mathdial_1587_turn_000,generic,telling,0.7911796569824219,0.027874059975147247,0.7633055970072746
mathdial_1587_turn_002,probing,generic,0.4972163736820221,0.02070607990026474,0.47651029378175735
mathdial_1587_turn_002,probing,focus,0.4972163736820221,0.4367501139640808,0.060466259717941284
mathdial_1587_turn_002,probing,telling,0.4972163736820221,0.04532749205827713,0.45188888162374496
mathdial_1587_turn_004,focus,generic,0.5092111229896545,0.024614179506897926,0.4845969434827566
mathdial_1587_turn_004,focus,probing,0.5092111229896545,0.38571521639823914,0.1234959065914154
mathdial_1587_turn_004,focus,telling,0.5092111229896545,0.08045939356088638,0.42875172942876816
mathdial_1587_turn_006,focus,generic,0.50853031873703,0.060013528913259506,0.4485167898237705
mathdial_1587_turn_006,focus,probing,0.50853031873703,0.26124095916748047,0.24728935956954956
mathdial_1587_turn_006,focus,telling,0.50853031873703,0.17021514475345612,0.3383151739835739
mathdial_1587_turn_008,focus,generic,0.3211131989955902,0.21283675730228424,0.10827644169330597
mathdial_1587_turn_008,focus,probing,0.3211131989955902,0.21194851398468018,0.10916468501091003
mathdial_1587_turn_008,focus,telling,0.3211131989955902,0.2541015148162842,0.06701168417930603
mathdial_1587_turn_010,telling,generic,0.31727156043052673,0.19564920663833618,0.12162235379219055
mathdial_1587_turn_010,telling,probing,0.31727156043052673,0.17295022308826447,0.14432133734226227
mathdial_1587_turn_010,telling,focus,0.31727156043052673,0.3141290545463562,0.0031425058841705322
mathdial_1587_turn_012,telling,generic,0.31041234731674194,0.23628221452236176,0.07413013279438019
mathdial_1587_turn_012,telling,probing,0.31041234731674194,0.16757777333259583,0.14283457398414612
mathdial_1587_turn_012,telling,focus,0.31041234731674194,0.28572770953178406,0.024684637784957886
mathdial_1587_turn_014,telling,generic,0.37255141139030457,0.20510950684547424,0.16744190454483032
mathdial_1587_turn_014,telling,probing,0.37255141139030457,0.13468758761882782,0.23786382377147675
mathdial_1587_turn_014,telling,focus,0.37255141139030457,0.28765153884887695,0.08489987254142761
mathdial_1587_turn_016,telling,generic,0.37254077196121216,0.23973597586154938,0.13280479609966278
mathdial_1587_turn_016,telling,probing,0.37254077196121216,0.12079642713069916,0.251744344830513
mathdial_1587_turn_016,telling,focus,0.37254077196121216,0.2669268250465393,0.10561394691467285
mathdial_1587_turn_018,focus,generic,0.32197678089141846,0.22263406217098236,0.0993427187204361
mathdial_1587_turn_018,focus,probing,0.32197678089141846,0.15947970747947693,0.16249707341194153
mathdial_1587_turn_018,focus,telling,0.32197678089141846,0.29590946435928345,0.02606731653213501
mathdial_1587_turn_020,focus,generic,0.3369063138961792,0.2186911702156067,0.11821514368057251
mathdial_1587_turn_020,focus,probing,0.3369063138961792,0.16238264739513397,0.17452366650104523
mathdial_1587_turn_020,focus,telling,0.3369063138961792,0.28201985359191895,0.054886460304260254
mathdial_1587_turn_022,focus,generic,0.3119969666004181,0.22937676310539246,0.08262020349502563
mathdial_1587_turn_022,focus,probing,0.3119969666004181,0.153953418135643,0.15804354846477509
mathdial_1587_turn_022,focus,telling,0.3119969666004181,0.30467286705970764,0.007324099540710449
mathdial_1587_turn_024,focus,generic,0.3285715579986572,0.21622543036937714,0.11234612762928009
mathdial_1587_turn_024,focus,probing,0.3285715579986572,0.16061553359031677,0.16795602440834045
mathdial_1587_turn_024,focus,telling,0.3285715579986572,0.29458746314048767,0.033984094858169556
mathdial_1587_turn_026,telling,generic,0.3254011869430542,0.2258940190076828,0.0995071679353714
mathdial_1587_turn_026,telling,probing,0.3254011869430542,0.15786513686180115,0.16753605008125305
mathdial_1587_turn_026,telling,focus,0.3254011869430542,0.29083967208862305,0.03456151485443115
mathdial_1587_turn_028,telling,generic,0.3293995261192322,0.23820370435714722,0.09119582176208496
mathdial_1587_turn_028,telling,probing,0.3293995261192322,0.14672160148620605,0.18267792463302612
mathdial_1587_turn_028,telling,focus,0.3293995261192322,0.28567519783973694,0.04372432827949524
mathdial_1594_turn_000,generic,probing,0.7945287823677063,0.11740472912788391,0.6771240532398224
mathdial_1594_turn_000,generic,focus,0.7945287823677063,0.060658179223537445,0.7338706031441689
mathdial_1594_turn_000,generic,telling,0.7945287823677063,0.02740827389061451,0.7671205084770918
mathdial_1594_turn_002,probing,generic,0.4594457745552063,0.08830530941486359,0.3711404651403427
mathdial_1594_turn_002,probing,focus,0.4594457745552063,0.3749859035015106,0.08445987105369568
mathdial_1594_turn_002,probing,telling,0.4594457745552063,0.07726302742958069,0.3821827471256256
mathdial_1594_turn_004,focus,generic,0.3452589511871338,0.1318478137254715,0.2134111374616623
mathdial_1594_turn_004,focus,probing,0.3452589511871338,0.3357279896736145,0.009530961513519287
mathdial_1594_turn_004,focus,telling,0.3452589511871338,0.1871652901172638,0.15809366106987
mathdial_1613_turn_000,generic,probing,0.7832793593406677,0.12701769173145294,0.6562616676092148
mathdial_1613_turn_000,generic,focus,0.7832793593406677,0.0614447183907032,0.7218346409499645
mathdial_1613_turn_000,generic,telling,0.7832793593406677,0.028258182108402252,0.7550211772322655
mathdial_1613_turn_002,generic,probing,0.40048861503601074,0.1958753615617752,0.20461325347423553
mathdial_1613_turn_002,generic,focus,0.40048861503601074,0.22306320071220398,0.17742541432380676
mathdial_1613_turn_002,generic,telling,0.40048861503601074,0.1805727630853653,0.21991585195064545
mathdial_1613_turn_004,generic,probing,0.28890931606292725,0.18349075317382812,0.10541856288909912
mathdial_1613_turn_004,generic,focus,0.28890931606292725,0.26626867055892944,0.022640645503997803
mathdial_1613_turn_004,generic,telling,0.28890931606292725,0.26133131980895996,0.027577996253967285
mathdial_1613_turn_006,telling,generic,0.3598005473613739,0.2936301529407501,0.06617039442062378
mathdial_1613_turn_006,telling,probing,0.3598005473613739,0.14562173187732697,0.21417881548404694
mathdial_1613_turn_006,telling,focus,0.3598005473613739,0.200947567820549,0.1588529795408249
mathdial_1613_turn_008,telling,generic,0.3723134994506836,0.2793937921524048,0.09291970729827881
mathdial_1613_turn_008,telling,probing,0.3723134994506836,0.13527750968933105,0.23703598976135254
mathdial_1613_turn_008,telling,focus,0.3723134994506836,0.21301519870758057,0.15929830074310303
mathdial_1613_turn_010,telling,generic,0.3836730718612671,0.2675851583480835,0.1160879135131836
mathdial_1613_turn_010,telling,probing,0.3836730718612671,0.13457515835762024,0.24909791350364685
mathdial_1613_turn_010,telling,focus,0.3836730718612671,0.21416662633419037,0.16950644552707672
mathdial_1613_turn_012,telling,generic,0.40361475944519043,0.2489684522151947,0.15464630722999573
mathdial_1613_turn_012,telling,probing,0.40361475944519043,0.1281474232673645,0.2754673361778259
mathdial_1613_turn_012,telling,focus,0.40361475944519043,0.21926937997341156,0.18434537947177887
mathdial_1613_turn_014,telling,generic,0.413255900144577,0.2421395629644394,0.17111633718013763
mathdial_1613_turn_014,telling,probing,0.413255900144577,0.12480514496564865,0.2884507551789284
mathdial_1613_turn_014,telling,focus,0.413255900144577,0.21979935467243195,0.19345654547214508
mathdial_1613_turn_016,telling,generic,0.42567750811576843,0.24215497076511383,0.1835225373506546
mathdial_1613_turn_016,telling,probing,0.42567750811576843,0.12285228073596954,0.3028252273797989
mathdial_1613_turn_016,telling,focus,0.42567750811576843,0.20931527018547058,0.21636223793029785
mathdial_1613_turn_018,telling,generic,0.49501433968544006,0.2233043909072876,0.27170994877815247
mathdial_1613_turn_018,telling,probing,0.49501433968544006,0.09999626129865646,0.3950180783867836
mathdial_1613_turn_018,telling,focus,0.49501433968544006,0.18168506026268005,0.31332927942276
mathdial_1613_turn_020,telling,generic,0.5957377552986145,0.16050413250923157,0.43523362278938293
mathdial_1613_turn_020,telling,probing,0.5957377552986145,0.0844481810927391,0.5112895742058754
mathdial_1613_turn_020,telling,focus,0.5957377552986145,0.1593099981546402,0.4364277571439743
mathdial_1620_turn_000,generic,probing,0.7936747074127197,0.11787353456020355,0.6758011728525162
mathdial_1620_turn_000,generic,focus,0.7936747074127197,0.06116914749145508,0.7325055599212646
mathdial_1620_turn_000,generic,telling,0.7936747074127197,0.02728262171149254,0.7663920857012272
mathdial_1620_turn_002,focus,generic,0.5268996953964233,0.0249993447214365,0.5019003506749868
mathdial_1620_turn_002,focus,probing,0.5268996953964233,0.40173396468162537,0.12516573071479797
mathdial_1620_turn_002,focus,telling,0.5268996953964233,0.046367015689611435,0.4805326797068119
mathdial_1620_turn_004,focus,generic,0.5790761113166809,0.03875955194234848,0.5403165593743324
mathdial_1620_turn_004,focus,probing,0.5790761113166809,0.3091461658477783,0.2699299454689026
mathdial_1620_turn_004,focus,telling,0.5790761113166809,0.07301807403564453,0.5060580372810364
mathdial_1620_turn_006,focus,generic,0.5033721327781677,0.06957799196243286,0.43379414081573486
mathdial_1620_turn_006,focus,probing,0.5033721327781677,0.25769051909446716,0.24568161368370056
mathdial_1620_turn_006,focus,telling,0.5033721327781677,0.16935937106609344,0.3340127617120743
mathdial_1629_turn_000,generic,probing,0.7988964915275574,0.11199163645505905,0.6869048550724983
mathdial_1629_turn_000,generic,focus,0.7988964915275574,0.06186767667531967,0.7370288148522377
mathdial_1629_turn_000,generic,telling,0.7988964915275574,0.02724410779774189,0.7716523837298155
mathdial_1629_turn_002,focus,generic,0.6129329204559326,0.03280789405107498,0.5801250264048576
mathdial_1629_turn_002,focus,probing,0.6129329204559326,0.31871482729911804,0.2942180931568146
mathdial_1629_turn_002,focus,telling,0.6129329204559326,0.035544320940971375,0.5773885995149612
mathdial_1629_turn_004,focus,generic,0.6526848077774048,0.026879316195845604,0.6258054915815592
mathdial_1629_turn_004,focus,probing,0.6526848077774048,0.26317301392555237,0.3895117938518524
mathdial_1629_turn_004,focus,telling,0.6526848077774048,0.0572628416121006,0.5954219661653042
mathdial_1629_turn_006,focus,generic,0.6570801138877869,0.030128249898552895,0.626951863989234
mathdial_1629_turn_006,focus,probing,0.6570801138877869,0.22462160885334015,0.4324585050344467
mathdial_1629_turn_006,focus,telling,0.6570801138877869,0.08817004412412643,0.5689100697636604
mathdial_1629_turn_008,focus,generic,0.6517717838287354,0.03407878801226616,0.6176929958164692
mathdial_1629_turn_008,focus,probing,0.6517717838287354,0.21115145087242126,0.4406203329563141
mathdial_1629_turn_008,focus,telling,0.6517717838287354,0.10299796611070633,0.548773817718029
mathdial_1629_turn_010,focus,generic,0.48196157813072205,0.10198152810335159,0.37998005002737045
mathdial_1629_turn_010,focus,probing,0.48196157813072205,0.1903049200773239,0.29165665805339813
mathdial_1629_turn_010,focus,telling,0.48196157813072205,0.22575195133686066,0.2562096267938614
mathdial_1629_turn_012,focus,generic,0.45959556102752686,0.11516109108924866,0.3444344699382782
mathdial_1629_turn_012,focus,probing,0.45959556102752686,0.16182908415794373,0.29776647686958313
mathdial_1629_turn_012,focus,telling,0.45959556102752686,0.26341426372528076,0.1961812973022461
mathdial_1629_turn_014,telling,generic,0.4087885618209839,0.1638888418674469,0.244899719953537
mathdial_1629_turn_014,telling,probing,0.4087885618209839,0.14033369719982147,0.2684548646211624
mathdial_1629_turn_014,telling,focus,0.4087885618209839,0.28698891401290894,0.12179964780807495
mathdial_1637_turn_000,generic,probing,0.7917440533638,0.11801587790250778,0.6737281754612923
mathdial_1637_turn_000,generic,focus,0.7917440533638,0.06188834458589554,0.7298557087779045
mathdial_1637_turn_000,generic,telling,0.7917440533638,0.028351806104183197,0.7633922472596169
mathdial_1637_turn_002,focus,generic,0.6748252511024475,0.03697265684604645,0.6378525942564011
mathdial_1637_turn_002,focus,probing,0.6748252511024475,0.2378079742193222,0.4370172768831253
mathdial_1637_turn_002,focus,telling,0.6748252511024475,0.050394169986248016,0.6244310811161995
mathdial_1637_turn_004,focus,generic,0.40266335010528564,0.1330861747264862,0.26957717537879944
mathdial_1637_turn_004,focus,probing,0.40266335010528564,0.18430078029632568,0.21836256980895996
mathdial_1637_turn_004,focus,telling,0.40266335010528564,0.27994978427886963,0.12271356582641602
mathdial_1638_turn_000,generic,probing,0.7897355556488037,0.12135371565818787,0.6683818399906158
mathdial_1638_turn_000,generic,focus,0.7897355556488037,0.06152525544166565,0.7282103002071381
mathdial_1638_turn_000,generic,telling,0.7897355556488037,0.027385497465729713,0.762350058183074
mathdial_1638_turn_002,focus,generic,0.641144335269928,0.031858671456575394,0.6092856638133526
mathdial_1638_turn_002,focus,probing,0.641144335269928,0.28415220975875854,0.35699212551116943
mathdial_1638_turn_002,focus,telling,0.641144335269928,0.042844828218221664,0.5982995070517063
mathdial_1638_turn_004,focus,generic,0.6912352442741394,0.03262554109096527,0.6586097031831741
mathdial_1638_turn_004,focus,probing,0.6912352442741394,0.2174835354089737,0.4737517088651657
mathdial_1638_turn_004,focus,telling,0.6912352442741394,0.058655645698308945,0.6325795985758305
mathdial_1644_turn_000,generic,probing,0.7983831167221069,0.11231037229299545,0.6860727444291115
mathdial_1644_turn_000,generic,focus,0.7983831167221069,0.06226546689867973,0.7361176498234272
mathdial_1644_turn_000,generic,telling,0.7983831167221069,0.027041051536798477,0.7713420651853085
mathdial_1644_turn_002,focus,generic,0.5246982574462891,0.056507885456085205,0.46819037199020386
mathdial_1644_turn_002,focus,probing,0.5246982574462891,0.34268325567245483,0.18201500177383423
mathdial_1644_turn_002,focus,telling,0.5246982574462891,0.07611055672168732,0.44858770072460175
mathdial_1644_turn_004,focus,generic,0.45881387591362,0.1118142157793045,0.3469996601343155
mathdial_1644_turn_004,focus,probing,0.45881387591362,0.29659774899482727,0.16221612691879272
mathdial_1644_turn_004,focus,telling,0.45881387591362,0.13277412950992584,0.32603974640369415
mathdial_1644_turn_006,focus,generic,0.3944440186023712,0.17193996906280518,0.22250404953956604
mathdial_1644_turn_006,focus,probing,0.3944440186023712,0.23048947751522064,0.16395454108715057
mathdial_1644_turn_006,focus,telling,0.3944440186023712,0.20312650501728058,0.19131751358509064
mathdial_1644_turn_008,focus,generic,0.3462117612361908,0.18417343497276306,0.16203832626342773
mathdial_1644_turn_008,focus,probing,0.3462117612361908,0.2156369388103485,0.13057482242584229
mathdial_1644_turn_008,focus,telling,0.3462117612361908,0.25397786498069763,0.09223389625549316
mathdial_1644_turn_010,focus,generic,0.3401261866092682,0.16715075075626373,0.17297543585300446
mathdial_1644_turn_010,focus,probing,0.3401261866092682,0.21315716207027435,0.12696902453899384
mathdial_1644_turn_010,focus,telling,0.3401261866092682,0.27956587076187134,0.06056031584739685
mathdial_1649_turn_000,generic,probing,0.7893271446228027,0.12196353822946548,0.6673636063933372
mathdial_1649_turn_000,generic,focus,0.7893271446228027,0.06102889031171799,0.7282982543110847
mathdial_1649_turn_000,generic,telling,0.7893271446228027,0.027680465951561928,0.7616466786712408
mathdial_1649_turn_002,focus,generic,0.48299840092658997,0.2163827121257782,0.26661568880081177
mathdial_1649_turn_002,focus,probing,0.48299840092658997,0.12169573456048965,0.3613026663661003
mathdial_1649_turn_002,focus,telling,0.48299840092658997,0.17892315983772278,0.3040752410888672
mathdial_1649_turn_004,focus,generic,0.3602563738822937,0.32406091690063477,0.036195456981658936
mathdial_1649_turn_004,focus,probing,0.3602563738822937,0.11931128799915314,0.24094508588314056
mathdial_1649_turn_004,focus,telling,0.3602563738822937,0.19637145102024078,0.16388492286205292
mathdial_1652_turn_000,generic,probing,0.7883878350257874,0.12303142994642258,0.6653564050793648
mathdial_1652_turn_000,generic,focus,0.7883878350257874,0.06120600178837776,0.7271818332374096
mathdial_1652_turn_000,generic,telling,0.7883878350257874,0.02737479843199253,0.7610130365937948
mathdial_1652_turn_002,probing,generic,0.666297197341919,0.030308308079838753,0.6359888892620802
mathdial_1652_turn_002,probing,focus,0.666297197341919,0.1974111646413803,0.46888603270053864
mathdial_1652_turn_002,probing,telling,0.666297197341919,0.10598328709602356,0.5603139102458954
mathdial_1652_turn_004,probing,generic,0.5076553225517273,0.050052426755428314,0.457602895796299
mathdial_1652_turn_004,probing,focus,0.5076553225517273,0.22478029131889343,0.28287503123283386
mathdial_1652_turn_004,probing,telling,0.5076553225517273,0.21751196682453156,0.29014335572719574
mathdial_1652_turn_006,probing,generic,0.45615309476852417,0.04545527324080467,0.4106978215277195
mathdial_1652_turn_006,probing,focus,0.45615309476852417,0.20882536470890045,0.24732773005962372
mathdial_1652_turn_006,probing,telling,0.45615309476852417,0.28956618905067444,0.16658690571784973
mathdial_1652_turn_008,telling,generic,0.4265337586402893,0.08087989687919617,0.34565386176109314
mathdial_1652_turn_008,telling,probing,0.4265337586402893,0.3026580810546875,0.1238756775856018
mathdial_1652_turn_008,telling,focus,0.4265337586402893,0.18992824852466583,0.23660551011562347
mathdial_1652_turn_010,telling,generic,0.442834734916687,0.18268826603889465,0.26014646887779236
mathdial_1652_turn_010,telling,probing,0.442834734916687,0.18160727620124817,0.26122745871543884
mathdial_1652_turn_010,telling,focus,0.442834734916687,0.19286973774433136,0.24996499717235565
mathdial_1652_turn_012,telling,generic,0.4494931697845459,0.2151322215795517,0.2343609482049942
mathdial_1652_turn_012,telling,probing,0.4494931697845459,0.13800542056560516,0.31148774921894073
mathdial_1652_turn_012,telling,focus,0.4494931697845459,0.19736918807029724,0.25212398171424866
mathdial_1652_turn_014,telling,generic,0.5048373341560364,0.17974713444709778,0.3250901997089386
mathdial_1652_turn_014,telling,probing,0.5048373341560364,0.1054428443312645,0.3993944898247719
mathdial_1652_turn_014,telling,focus,0.5048373341560364,0.20997276902198792,0.29486456513404846
mathdial_1652_turn_016,telling,generic,0.3883664011955261,0.1948467344045639,0.19351966679096222
mathdial_1652_turn_016,telling,probing,0.3883664011955261,0.13016417622566223,0.2582022249698639
mathdial_1652_turn_016,telling,focus,0.3883664011955261,0.28662267327308655,0.10174372792243958
mathdial_1656_turn_000,generic,probing,0.7971734404563904,0.11418387293815613,0.6829895675182343
mathdial_1656_turn_000,generic,focus,0.7971734404563904,0.06096162647008896,0.7362118139863014
mathdial_1656_turn_000,generic,telling,0.7971734404563904,0.027681056410074234,0.7694923840463161
mathdial_1656_turn_002,focus,generic,0.4756852090358734,0.02294803224503994,0.4527371767908335
mathdial_1656_turn_002,focus,probing,0.4756852090358734,0.4408537447452545,0.034831464290618896
mathdial_1656_turn_002,focus,telling,0.4756852090358734,0.06051298975944519,0.4151722192764282
mathdial_1656_turn_004,focus,generic,0.38016077876091003,0.05232153832912445,0.3278392404317856
mathdial_1656_turn_004,focus,probing,0.38016077876091003,0.32026466727256775,0.059896111488342285
mathdial_1656_turn_004,focus,telling,0.38016077876091003,0.24725304543972015,0.13290773332118988
mathdial_1656_turn_006,focus,generic,0.3362601399421692,0.09610027819871902,0.24015986174345016
mathdial_1656_turn_006,focus,probing,0.3362601399421692,0.33048123121261597,0.005778908729553223
mathdial_1656_turn_006,focus,telling,0.3362601399421692,0.23715829849243164,0.09910184144973755
mathdial_1656_turn_008,focus,generic,0.2946850061416626,0.19440999627113342,0.10027500987052917
mathdial_1656_turn_008,focus,probing,0.2946850061416626,0.26443374156951904,0.030251264572143555
mathdial_1656_turn_008,focus,telling,0.2946850061416626,0.24647127091884613,0.04821373522281647
mathdial_1656_turn_010,focus,generic,0.31701213121414185,0.17065748572349548,0.14635464549064636
mathdial_1656_turn_010,focus,probing,0.31701213121414185,0.2701556086540222,0.04685652256011963
mathdial_1656_turn_010,focus,telling,0.31701213121414185,0.24217480421066284,0.074837327003479
mathdial_1659_turn_000,generic,probing,0.7936747074127197,0.11787353456020355,0.6758011728525162
mathdial_1659_turn_000,generic,focus,0.7936747074127197,0.06116914749145508,0.7325055599212646
mathdial_1659_turn_000,generic,telling,0.7936747074127197,0.02728262171149254,0.7663920857012272
mathdial_1659_turn_002,focus,generic,0.6275146007537842,0.0328042097389698,0.5947103910148144
mathdial_1659_turn_002,focus,probing,0.6275146007537842,0.2828997075557709,0.3446148931980133
mathdial_1659_turn_002,focus,telling,0.6275146007537842,0.05678144469857216,0.570733156055212
mathdial_1659_turn_004,focus,generic,0.6016355156898499,0.02706354297697544,0.5745719727128744
mathdial_1659_turn_004,focus,probing,0.6016355156898499,0.2947789430618286,0.30685657262802124
mathdial_1659_turn_004,focus,telling,0.6016355156898499,0.07652200758457184,0.525113508105278
mathdial_1659_turn_006,focus,generic,0.5982940793037415,0.030421076342463493,0.567873002961278
mathdial_1659_turn_006,focus,probing,0.5982940793037415,0.26659202575683594,0.3317020535469055
mathdial_1659_turn_006,focus,telling,0.5982940793037415,0.10469280183315277,0.4936012774705887
mathdial_1659_turn_008,focus,generic,0.49632805585861206,0.05919789522886276,0.4371301606297493
mathdial_1659_turn_008,focus,probing,0.49632805585861206,0.2256365865468979,0.2706914693117142
mathdial_1659_turn_008,focus,telling,0.49632805585861206,0.21883748471736908,0.277490571141243
mathdial_1659_turn_010,focus,generic,0.4696809947490692,0.0551721416413784,0.4145088531076908
mathdial_1659_turn_010,focus,probing,0.4696809947490692,0.1940179318189621,0.2756630629301071
mathdial_1659_turn_010,focus,telling,0.4696809947490692,0.2811289131641388,0.18855208158493042
mathdial_1665_turn_000,generic,probing,0.784946084022522,0.12428373843431473,0.6606623455882072
mathdial_1665_turn_000,generic,focus,0.784946084022522,0.06254300475120544,0.7224030792713165
mathdial_1665_turn_000,generic,telling,0.784946084022522,0.02822715789079666,0.7567189261317253
mathdial_1665_turn_002,focus,generic,0.5126825571060181,0.051353178918361664,0.4613293781876564
mathdial_1665_turn_002,focus,probing,0.5126825571060181,0.38778412342071533,0.12489843368530273
mathdial_1665_turn_002,focus,telling,0.5126825571060181,0.048180099576711655,0.4645024575293064
mathdial_1665_turn_004,focus,generic,0.5627840757369995,0.034979358315467834,0.5278047174215317
mathdial_1665_turn_004,focus,probing,0.5627840757369995,0.34941989183425903,0.21336418390274048
mathdial_1665_turn_004,focus,telling,0.5627840757369995,0.05281662568449974,0.5099674500524998
mathdial_1665_turn_006,focus,generic,0.5830574035644531,0.031235121190547943,0.5518222823739052
mathdial_1665_turn_006,focus,probing,0.5830574035644531,0.3178423047065735,0.26521509885787964
mathdial_1665_turn_006,focus,telling,0.5830574035644531,0.06786519289016724,0.5151922106742859
mathdial_1665_turn_008,focus,generic,0.575406551361084,0.03325235843658447,0.5421541929244995
mathdial_1665_turn_008,focus,probing,0.575406551361084,0.3060782253742218,0.2693283259868622
mathdial_1665_turn_008,focus,telling,0.575406551361084,0.08526292443275452,0.49014362692832947
mathdial_1665_turn_010,focus,generic,0.5714079141616821,0.039608512073755264,0.5317994020879269
mathdial_1665_turn_010,focus,probing,0.5714079141616821,0.2605617940425873,0.31084612011909485
mathdial_1665_turn_010,focus,telling,0.5714079141616821,0.12842170894145966,0.4429862052202225
mathdial_1665_turn_012,focus,generic,0.47862982749938965,0.0816478505730629,0.39698197692632675
mathdial_1665_turn_012,focus,probing,0.47862982749938965,0.27334892749786377,0.20528090000152588
mathdial_1665_turn_012,focus,telling,0.47862982749938965,0.16637347638607025,0.3122563511133194
mathdial_1665_turn_014,telling,generic,0.3908247649669647,0.18487413227558136,0.20595063269138336
mathdial_1665_turn_014,telling,probing,0.3908247649669647,0.21430711448192596,0.17651765048503876
mathdial_1665_turn_014,telling,focus,0.3908247649669647,0.20999406278133392,0.1808307021856308
mathdial_1665_turn_016,telling,generic,0.38716810941696167,0.2168850302696228,0.17028307914733887
mathdial_1665_turn_016,telling,probing,0.38716810941696167,0.20099884271621704,0.18616926670074463
mathdial_1665_turn_016,telling,focus,0.38716810941696167,0.1949479728937149,0.19222013652324677
mathdial_1665_turn_018,telling,generic,0.4500148594379425,0.1914830356836319,0.2585318237543106
mathdial_1665_turn_018,telling,probing,0.4500148594379425,0.15814343094825745,0.29187142848968506
mathdial_1665_turn_018,telling,focus,0.4500148594379425,0.20035864412784576,0.24965621531009674
mathdial_1671_turn_000,generic,probing,0.7878406047821045,0.12205763906240463,0.6657829657196999
mathdial_1671_turn_000,generic,focus,0.7878406047821045,0.062026698142290115,0.7258139066398144
mathdial_1671_turn_000,generic,telling,0.7878406047821045,0.02807503566145897,0.7597655691206455
mathdial_1671_turn_002,focus,generic,0.5704796314239502,0.026410792022943497,0.5440688394010067
mathdial_1671_turn_002,focus,probing,0.5704796314239502,0.35851147770881653,0.21196815371513367
mathdial_1671_turn_002,focus,telling,0.5704796314239502,0.04459812492132187,0.5258815065026283
mathdial_1671_turn_004,focus,generic,0.41983696818351746,0.0973970964550972,0.32243987172842026
mathdial_1671_turn_004,focus,probing,0.41983696818351746,0.36326345801353455,0.05657351016998291
mathdial_1671_turn_004,focus,telling,0.41983696818351746,0.1195024773478508,0.30033449083566666
mathdial_1674_turn_000,generic,probing,0.7959978580474854,0.1143290251493454,0.68166883289814
mathdial_1674_turn_000,generic,focus,0.7959978580474854,0.06169316917657852,0.7343046888709068
mathdial_1674_turn_000,generic,telling,0.7959978580474854,0.027980070561170578,0.7680177874863148
mathdial_1674_turn_002,probing,generic,0.47739651799201965,0.034396782517433167,0.4429997354745865
mathdial_1674_turn_002,probing,focus,0.47739651799201965,0.44309815764427185,0.0342983603477478
mathdial_1674_turn_002,probing,telling,0.47739651799201965,0.04510858654975891,0.43228793144226074
mathdial_1674_turn_004,focus,generic,0.3610484004020691,0.09959395229816437,0.2614544481039047
mathdial_1674_turn_004,focus,probing,0.3610484004020691,0.35775241255760193,0.003295987844467163
mathdial_1674_turn_004,focus,telling,0.3610484004020691,0.18160517513751984,0.17944322526454926
mathdial_1674_turn_006,probing,generic,0.3528516888618469,0.10435036569833755,0.24850132316350937
mathdial_1674_turn_006,probing,focus,0.3528516888618469,0.3369975984096527,0.015854090452194214
mathdial_1674_turn_006,probing,telling,0.3528516888618469,0.20580032467842102,0.1470513641834259
mathdial_1674_turn_008,probing,generic,0.339108407497406,0.10190105438232422,0.2372073531150818
mathdial_1674_turn_008,probing,focus,0.339108407497406,0.30955061316490173,0.029557794332504272
mathdial_1674_turn_008,probing,telling,0.339108407497406,0.24943989515304565,0.08966851234436035
mathdial_1674_turn_010,focus,generic,0.3370891511440277,0.1233862042427063,0.2137029469013214
mathdial_1674_turn_010,focus,probing,0.3370891511440277,0.32534387707710266,0.011745274066925049
mathdial_1674_turn_010,focus,telling,0.3370891511440277,0.21418078243732452,0.12290836870670319
mathdial_1674_turn_012,telling,generic,0.319519966840744,0.18243815004825592,0.1370818167924881
mathdial_1674_turn_012,telling,probing,0.319519966840744,0.2270977795124054,0.09242218732833862
mathdial_1674_turn_012,telling,focus,0.319519966840744,0.2709440588951111,0.048575907945632935
mathdial_1679_turn_000,generic,probing,0.7850819230079651,0.12464556843042374,0.6604363545775414
mathdial_1679_turn_000,generic,focus,0.7850819230079651,0.06142440438270569,0.7236575186252594
mathdial_1679_turn_000,generic,telling,0.7850819230079651,0.028848199173808098,0.756233723834157
mathdial_1679_turn_002,probing,generic,0.45165061950683594,0.022996827960014343,0.4286537915468216
mathdial_1679_turn_002,probing,focus,0.45165061950683594,0.45009171962738037,0.0015588998794555664
mathdial_1679_turn_002,probing,telling,0.45165061950683594,0.07526077330112457,0.37638984620571136
mathdial_1679_turn_004,probing,generic,0.45148777961730957,0.020194053649902344,0.4312937259674072
mathdial_1679_turn_004,probing,focus,0.45148777961730957,0.42298567295074463,0.02850210666656494
mathdial_1679_turn_004,probing,telling,0.45148777961730957,0.10533245652914047,0.3461553230881691
mathdial_1679_turn_006,probing,generic,0.4574158489704132,0.020928120240569115,0.4364877287298441
mathdial_1679_turn_006,probing,focus,0.4574158489704132,0.39525145292282104,0.06216439604759216
mathdial_1679_turn_006,probing,telling,0.4574158489704132,0.1264045685529709,0.3310112804174423
mathdial_1679_turn_008,focus,generic,0.31447166204452515,0.09640971571207047,0.21806194633245468
mathdial_1679_turn_008,focus,probing,0.31447166204452515,0.3020687699317932,0.012402892112731934
mathdial_1679_turn_008,focus,telling,0.31447166204452515,0.28704994916915894,0.02742171287536621
mathdial_1684_turn_000,generic,probing,0.7868709564208984,0.1230139434337616,0.6638570129871368
mathdial_1684_turn_000,generic,focus,0.7868709564208984,0.06160358339548111,0.7252673730254173
mathdial_1684_turn_000,generic,telling,0.7868709564208984,0.028511542826890945,0.7583594135940075
mathdial_1684_turn_002,probing,generic,0.5289051532745361,0.045161034911870956,0.4837441183626652
mathdial_1684_turn_002,probing,focus,0.5289051532745361,0.3651329278945923,0.16377222537994385
mathdial_1684_turn_002,probing,telling,0.5289051532745361,0.06080084666609764,0.4681043066084385
mathdial_1684_turn_004,focus,generic,0.6032550930976868,0.07004208862781525,0.5332130044698715
mathdial_1684_turn_004,focus,probing,0.6032550930976868,0.25714111328125,0.34611397981643677
mathdial_1684_turn_004,focus,telling,0.6032550930976868,0.06956171989440918,0.5336933732032776
mathdial_1684_turn_006,focus,generic,0.4731757938861847,0.1410139501094818,0.3321618437767029
mathdial_1684_turn_006,focus,probing,0.4731757938861847,0.23088319599628448,0.2422925978899002
mathdial_1684_turn_006,focus,telling,0.4731757938861847,0.1549270749092102,0.3182487189769745
mathdial_1684_turn_008,focus,generic,0.47257208824157715,0.14188088476657867,0.3306912034749985
mathdial_1684_turn_008,focus,probing,0.47257208824157715,0.2062617689371109,0.26631031930446625
mathdial_1684_turn_008,focus,telling,0.47257208824157715,0.17928533256053925,0.2932867556810379
mathdial_1684_turn_010,focus,generic,0.4288460612297058,0.1519240289926529,0.2769220322370529
mathdial_1684_turn_010,focus,probing,0.4288460612297058,0.18722927570343018,0.24161678552627563
mathdial_1684_turn_010,focus,telling,0.4288460612297058,0.23200060427188873,0.19684545695781708
mathdial_1684_turn_012,telling,generic,0.45597419142723083,0.2029609978199005,0.2530131936073303
mathdial_1684_turn_012,telling,probing,0.45597419142723083,0.10559574514627457,0.35037844628095627
mathdial_1684_turn_012,telling,focus,0.45597419142723083,0.23546916246414185,0.220505028963089
mathdial_1725_turn_000,generic,probing,0.8019675016403198,0.10986017435789108,0.6921073272824287
mathdial_1725_turn_000,generic,focus,0.8019675016403198,0.06107354164123535,0.7408939599990845
mathdial_1725_turn_000,generic,telling,0.8019675016403198,0.0270988829433918,0.774868618696928
mathdial_1725_turn_002,probing,generic,0.7012414932250977,0.0165968406945467,0.684644652530551
mathdial_1725_turn_002,probing,focus,0.7012414932250977,0.20361964404582977,0.4976218491792679
mathdial_1725_turn_002,probing,telling,0.7012414932250977,0.07854194939136505,0.6226995438337326
mathdial_1725_turn_004,probing,generic,0.6903151273727417,0.014783545397222042,0.6755315819755197
mathdial_1725_turn_004,probing,focus,0.6903151273727417,0.20491236448287964,0.48540276288986206
mathdial_1725_turn_004,probing,telling,0.6903151273727417,0.08998899161815643,0.6003261357545853
mathdial_1725_turn_006,probing,generic,0.6745216250419617,0.014804726466536522,0.6597168985754251
mathdial_1725_turn_006,probing,focus,0.6745216250419617,0.21036896109580994,0.46415266394615173
mathdial_1725_turn_006,probing,telling,0.6745216250419617,0.10030469298362732,0.5742169320583344
mathdial_1725_turn_008,probing,generic,0.5572994947433472,0.021996600553393364,0.5353028941899538
mathdial_1725_turn_008,probing,focus,0.5572994947433472,0.20602981746196747,0.3512696772813797
mathdial_1725_turn_008,probing,telling,0.5572994947433472,0.21467407047748566,0.3426254242658615
mathdial_1729_turn_000,generic,probing,0.7853468656539917,0.1260373294353485,0.6593095362186432
mathdial_1729_turn_000,generic,focus,0.7853468656539917,0.058320626616477966,0.7270262390375137
mathdial_1729_turn_000,generic,telling,0.7853468656539917,0.03029519133269787,0.7550516743212938
mathdial_1729_turn_002,focus,generic,0.4306887686252594,0.02522285282611847,0.40546591579914093
mathdial_1729_turn_002,focus,probing,0.4306887686252594,0.42353078722953796,0.0071579813957214355
mathdial_1729_turn_002,focus,telling,0.4306887686252594,0.12055762112140656,0.31013114750385284
mathdial_1729_turn_003,focus,generic,0.41997459530830383,0.057818956673145294,0.36215563863515854
mathdial_1729_turn_003,focus,probing,0.41997459530830383,0.35711658000946045,0.06285801529884338
mathdial_1729_turn_003,focus,telling,0.41997459530830383,0.1650899052619934,0.2548846900463104
mathdial_1729_turn_004,focus,generic,0.3043883740901947,0.16133829951286316,0.14305007457733154
mathdial_1729_turn_004,focus,probing,0.3043883740901947,0.2435556799173355,0.06083269417285919
mathdial_1729_turn_004,focus,telling,0.3043883740901947,0.2907176613807678,0.01367071270942688
mathdial_1729_turn_006,telling,generic,0.49767154455184937,0.07868461310863495,0.4189869314432144
mathdial_1729_turn_006,telling,probing,0.49767154455184937,0.15142858028411865,0.3462429642677307
mathdial_1729_turn_006,telling,focus,0.49767154455184937,0.2722152769565582,0.22545626759529114
mathdial_1729_turn_008,telling,generic,0.5411891341209412,0.1559644341468811,0.38522469997406006
mathdial_1729_turn_008,telling,probing,0.5411891341209412,0.10407009720802307,0.4371190369129181
mathdial_1729_turn_008,telling,focus,0.5411891341209412,0.19877630472183228,0.3424128293991089
mathdial_1729_turn_010,telling,generic,0.5538701415061951,0.14076466858386993,0.41310547292232513
mathdial_1729_turn_010,telling,probing,0.5538701415061951,0.093549944460392,0.46032019704580307
mathdial_1729_turn_010,telling,focus,0.5538701415061951,0.21181517839431763,0.34205496311187744
mathdial_1729_turn_012,telling,generic,0.5859379172325134,0.12963324785232544,0.456304669380188
mathdial_1729_turn_012,telling,probing,0.5859379172325134,0.08470699191093445,0.501230925321579
mathdial_1729_turn_012,telling,focus,0.5859379172325134,0.1997218281030655,0.38621608912944794
mathdial_1729_turn_014,telling,generic,0.6049856543540955,0.12509463727474213,0.47989101707935333
mathdial_1729_turn_014,telling,probing,0.6049856543540955,0.08403179049491882,0.5209538638591766
mathdial_1729_turn_014,telling,focus,0.6049856543540955,0.18588784337043762,0.41909781098365784
mathdial_1729_turn_016,telling,generic,0.5889932513237,0.13874557614326477,0.4502476751804352
mathdial_1729_turn_016,telling,probing,0.5889932513237,0.09287717938423157,0.4961160719394684
mathdial_1729_turn_016,telling,focus,0.5889932513237,0.1793839931488037,0.40960925817489624
mathdial_1729_turn_018,telling,generic,0.6261239647865295,0.13452650606632233,0.4915974587202072
mathdial_1729_turn_018,telling,probing,0.6261239647865295,0.08250460773706436,0.5436193570494652
mathdial_1729_turn_018,telling,focus,0.6261239647865295,0.15684494376182556,0.469279021024704
mathdial_1730_turn_000,generic,probing,0.7744095325469971,0.13313592970371246,0.6412736028432846
mathdial_1730_turn_000,generic,focus,0.7744095325469971,0.06457654386758804,0.709832988679409
mathdial_1730_turn_000,generic,telling,0.7744095325469971,0.02787795662879944,0.7465315759181976
mathdial_1730_turn_002,probing,generic,0.503351628780365,0.01993011124432087,0.4834215175360441
mathdial_1730_turn_002,probing,focus,0.503351628780365,0.42011120915412903,0.08324041962623596
mathdial_1730_turn_002,probing,telling,0.503351628780365,0.05660705268383026,0.44674457609653473
mathdial_1730_turn_004,probing,generic,0.4881991446018219,0.017335571348667145,0.47086357325315475
mathdial_1730_turn_004,probing,focus,0.4881991446018219,0.40349364280700684,0.08470550179481506
mathdial_1730_turn_004,probing,telling,0.4881991446018219,0.09097164124250412,0.3972275033593178
mathdial_1730_turn_006,focus,generic,0.5521548390388489,0.03502752631902695,0.5171273127198219
mathdial_1730_turn_006,focus,probing,0.5521548390388489,0.32276099920272827,0.2293938398361206
mathdial_1730_turn_006,focus,telling,0.5521548390388489,0.09005655348300934,0.46209828555583954
mathdial_1730_turn_008,focus,generic,0.496361643075943,0.072522833943367,0.423838809132576
mathdial_1730_turn_008,focus,probing,0.496361643075943,0.28110215067863464,0.21525949239730835
mathdial_1730_turn_008,focus,telling,0.496361643075943,0.15001332759857178,0.3463483154773712
mathdial_1730_turn_010,focus,generic,0.4376985430717468,0.09531573951244354,0.3423828035593033
mathdial_1730_turn_010,focus,probing,0.4376985430717468,0.25905394554138184,0.178644597530365
mathdial_1730_turn_010,focus,telling,0.4376985430717468,0.2079317569732666,0.22976678609848022
mathdial_1730_turn_012,focus,generic,0.37163877487182617,0.12459350377321243,0.24704527109861374
mathdial_1730_turn_012,focus,probing,0.37163877487182617,0.2258533239364624,0.14578545093536377
mathdial_1730_turn_012,focus,telling,0.37163877487182617,0.277914434671402,0.0937243402004242
mathdial_1730_turn_014,telling,generic,0.3526621162891388,0.16050653159618378,0.19215558469295502
mathdial_1730_turn_014,telling,probing,0.3526621162891388,0.1833665370941162,0.16929557919502258
mathdial_1730_turn_014,telling,focus,0.3526621162891388,0.3034648001194,0.04919731616973877
mathdial_1740_turn_000,generic,probing,0.7983831167221069,0.11231037229299545,0.6860727444291115
mathdial_1740_turn_000,generic,focus,0.7983831167221069,0.06226546689867973,0.7361176498234272
mathdial_1740_turn_000,generic,telling,0.7983831167221069,0.027041051536798477,0.7713420651853085
mathdial_1740_turn_002,focus,generic,0.6072573065757751,0.026077229529619217,0.5811800770461559
mathdial_1740_turn_002,focus,probing,0.6072573065757751,0.3130813539028168,0.2941759526729584
mathdial_1740_turn_002,focus,telling,0.6072573065757751,0.053584109991788864,0.5536731965839863
mathdial_1740_turn_004,focus,generic,0.6277766823768616,0.025910988450050354,0.6018656939268112
mathdial_1740_turn_004,focus,probing,0.6277766823768616,0.2641220986843109,0.36365458369255066
mathdial_1740_turn_004,focus,telling,0.6277766823768616,0.08219026774168015,0.5455864146351814
mathdial_1740_turn_006,telling,generic,0.3514285385608673,0.1140877977013588,0.23734074085950851
mathdial_1740_turn_006,telling,probing,0.3514285385608673,0.20967397093772888,0.14175456762313843
mathdial_1740_turn_006,telling,focus,0.3514285385608673,0.3248097002506256,0.0266188383102417
mathdial_1752_turn_000,generic,probing,0.7967603802680969,0.11380708962678909,0.6829532906413078
mathdial_1752_turn_000,generic,focus,0.7967603802680969,0.06222841888666153,0.7345319613814354
mathdial_1752_turn_000,generic,telling,0.7967603802680969,0.027204126119613647,0.7695562541484833
mathdial_1752_turn_002,probing,generic,0.6838177442550659,0.02317422442138195,0.660643519833684
mathdial_1752_turn_002,probing,focus,0.6838177442550659,0.2011406272649765,0.4826771169900894
mathdial_1752_turn_002,probing,telling,0.6838177442550659,0.09186740219593048,0.5919503420591354
mathdial_1752_turn_004,probing,generic,0.649088978767395,0.02513691782951355,0.6239520609378815
mathdial_1752_turn_004,probing,focus,0.649088978767395,0.21345378458499908,0.43563519418239594
mathdial_1752_turn_004,probing,telling,0.649088978767395,0.11232031136751175,0.5367686673998833
mathdial_1763_turn_000,generic,probing,0.7971735596656799,0.11418380588293076,0.6829897537827492
mathdial_1763_turn_000,generic,focus,0.7971735596656799,0.06096160411834717,0.7362119555473328
mathdial_1763_turn_000,generic,telling,0.7971735596656799,0.027681048959493637,0.7694925107061863
mathdial_1763_turn_002,focus,generic,0.5772548317909241,0.02507023699581623,0.5521845947951078
mathdial_1763_turn_002,focus,probing,0.5772548317909241,0.34324029088020325,0.23401454091072083
mathdial_1763_turn_002,focus,telling,0.5772548317909241,0.05443476885557175,0.5228200629353523
mathdial_1763_turn_004,focus,generic,0.5651928186416626,0.024502631276845932,0.5406901873648167
mathdial_1763_turn_004,focus,probing,0.5651928186416626,0.3367888629436493,0.2284039556980133
mathdial_1763_turn_004,focus,telling,0.5651928186416626,0.07351566106081009,0.4916771575808525
mathdial_1763_turn_006,focus,generic,0.4643903970718384,0.031154224649071693,0.4332361724227667
mathdial_1763_turn_006,focus,probing,0.4643903970718384,0.33740848302841187,0.1269819140434265
mathdial_1763_turn_006,focus,telling,0.4643903970718384,0.16704685986042023,0.29734353721141815
mathdial_1763_turn_008,focus,generic,0.4553797245025635,0.02951497957110405,0.4258647449314594
mathdial_1763_turn_008,focus,probing,0.4553797245025635,0.3462885916233063,0.1090911328792572
mathdial_1763_turn_008,focus,telling,0.4553797245025635,0.16881674528121948,0.286562979221344
mathdial_1763_turn_010,focus,generic,0.4073461592197418,0.037209123373031616,0.3701370358467102
mathdial_1763_turn_010,focus,probing,0.4073461592197418,0.3288871943950653,0.07845896482467651
mathdial_1763_turn_010,focus,telling,0.4073461592197418,0.22655759751796722,0.1807885617017746
mathdial_1833_turn_000,generic,probing,0.7893272042274475,0.1219634935259819,0.6673637107014656
mathdial_1833_turn_000,generic,focus,0.7893272042274475,0.061028845608234406,0.7282983586192131
mathdial_1833_turn_000,generic,telling,0.7893272042274475,0.02768045663833618,0.7616467475891113
mathdial_1833_turn_002,probing,generic,0.6660206317901611,0.02402101643383503,0.6419996153563261
mathdial_1833_turn_002,probing,focus,0.6660206317901611,0.1733182966709137,0.49270233511924744
mathdial_1833_turn_002,probing,telling,0.6660206317901611,0.1366400122642517,0.5293806195259094
mathdial_1833_turn_004,generic,probing,0.3669264614582062,0.25833162665367126,0.10859483480453491
mathdial_1833_turn_004,generic,focus,0.3669264614582062,0.15299123525619507,0.2139352262020111
mathdial_1833_turn_004,generic,telling,0.3669264614582062,0.22175070643424988,0.1451757550239563
mathdial_1840_turn_000,generic,probing,0.7894363403320312,0.12041694670915604,0.6690193936228752
mathdial_1840_turn_000,generic,focus,0.7894363403320312,0.061137184500694275,0.728299155831337
mathdial_1840_turn_000,generic,telling,0.7894363403320312,0.0290096215903759,0.7604267187416553
mathdial_1840_turn_002,focus,generic,0.5896588563919067,0.03323822841048241,0.5564206279814243
mathdial_1840_turn_002,focus,probing,0.5896588563919067,0.32886815071105957,0.26079070568084717
mathdial_1840_turn_002,focus,telling,0.5896588563919067,0.04823474958539009,0.5414241068065166
mathdial_1840_turn_004,telling,generic,0.3361945152282715,0.14522559940814972,0.19096891582012177
mathdial_1840_turn_004,telling,probing,0.3361945152282715,0.251700758934021,0.08449375629425049
mathdial_1840_turn_004,telling,focus,0.3361945152282715,0.2668791115283966,0.06931540369987488
mathdial_1843_turn_000,generic,probing,0.7919505834579468,0.1176203265786171,0.6743302568793297
mathdial_1843_turn_000,generic,focus,0.7919505834579468,0.06209829822182655,0.7298522852361202
mathdial_1843_turn_000,generic,telling,0.7919505834579468,0.028330817818641663,0.7636197656393051
mathdial_1843_turn_002,probing,generic,0.35199788212776184,0.13450121879577637,0.21749666333198547
mathdial_1843_turn_002,probing,focus,0.35199788212776184,0.1626940220594406,0.18930386006832123
mathdial_1843_turn_002,probing,telling,0.35199788212776184,0.35080686211586,0.0011910200119018555
mathdial_1843_turn_004,telling,generic,0.40553098917007446,0.11899587512016296,0.2865351140499115
mathdial_1843_turn_004,telling,probing,0.40553098917007446,0.3150704801082611,0.09046050906181335
mathdial_1843_turn_004,telling,focus,0.40553098917007446,0.16040265560150146,0.245128333568573
mathdial_1843_turn_006,telling,generic,0.5336800217628479,0.22609950602054596,0.30758051574230194
mathdial_1843_turn_006,telling,probing,0.5336800217628479,0.11930708587169647,0.41437293589115143
mathdial_1843_turn_006,telling,focus,0.5336800217628479,0.12091334909200668,0.4127666726708412
mathdial_1843_turn_008,telling,generic,0.5835524797439575,0.2063949853181839,0.3771574944257736
mathdial_1843_turn_008,telling,probing,0.5835524797439575,0.09350895136594772,0.4900435283780098
mathdial_1843_turn_008,telling,focus,0.5835524797439575,0.11654356867074966,0.46700891107320786
mathdial_1843_turn_010,telling,generic,0.5176663398742676,0.15025600790977478,0.3674103319644928
mathdial_1843_turn_010,telling,probing,0.5176663398742676,0.1456458866596222,0.3720204532146454
mathdial_1843_turn_010,telling,focus,0.5176663398742676,0.18643173575401306,0.3312346041202545
mathdial_1843_turn_012,telling,generic,0.5485796332359314,0.13731049001216888,0.4112691432237625
mathdial_1843_turn_012,telling,probing,0.5485796332359314,0.10878642648458481,0.4397932067513466
mathdial_1843_turn_012,telling,focus,0.5485796332359314,0.20532338321208954,0.34325625002384186
mathdial_1843_turn_014,telling,generic,0.5755563974380493,0.15308980643749237,0.42246659100055695
mathdial_1843_turn_014,telling,probing,0.5755563974380493,0.10482485592365265,0.47073154151439667
mathdial_1843_turn_014,telling,focus,0.5755563974380493,0.16652889549732208,0.40902750194072723
mathdial_1851_turn_000,generic,probing,0.796380877494812,0.11417201161384583,0.6822088658809662
mathdial_1851_turn_000,generic,focus,0.796380877494812,0.06172845512628555,0.7346524223685265
mathdial_1851_turn_000,generic,telling,0.796380877494812,0.027718648314476013,0.768662229180336
mathdial_1851_turn_002,probing,generic,0.5267742872238159,0.04730742424726486,0.47946686297655106
mathdial_1851_turn_002,probing,focus,0.5267742872238159,0.37149471044540405,0.15527957677841187
mathdial_1851_turn_002,probing,telling,0.5267742872238159,0.05442352592945099,0.47235076129436493
mathdial_1851_turn_004,probing,generic,0.4845430552959442,0.04764353483915329,0.4368995204567909
mathdial_1851_turn_004,probing,focus,0.4845430552959442,0.38875383138656616,0.09578922390937805
mathdial_1851_turn_004,probing,telling,0.4845430552959442,0.07905963808298111,0.4054834172129631
mathdial_1858_turn_000,generic,probing,0.7893271446228027,0.12196353822946548,0.6673636063933372
mathdial_1858_turn_000,generic,focus,0.7893271446228027,0.06102889031171799,0.7282982543110847
mathdial_1858_turn_000,generic,telling,0.7893271446228027,0.027680465951561928,0.7616466786712408
mathdial_1858_turn_002,probing,generic,0.39388591051101685,0.25634098052978516,0.1375449299812317
mathdial_1858_turn_002,probing,focus,0.39388591051101685,0.22214952111244202,0.17173638939857483
mathdial_1858_turn_002,probing,telling,0.39388591051101685,0.12762361764907837,0.2662622928619385
mathdial_1858_turn_004,probing,generic,0.40009698271751404,0.12160224467515945,0.2784947380423546
mathdial_1858_turn_004,probing,focus,0.40009698271751404,0.325807124376297,0.07428985834121704
mathdial_1858_turn_004,probing,telling,0.40009698271751404,0.1524936705827713,0.24760331213474274
mathdial_1858_turn_006,focus,generic,0.3549160957336426,0.15677927434444427,0.1981368213891983
mathdial_1858_turn_006,focus,probing,0.3549160957336426,0.31141912937164307,0.04349696636199951
mathdial_1858_turn_006,focus,telling,0.3549160957336426,0.17688556015491486,0.17803053557872772
mathdial_1858_turn_008,telling,generic,0.3065696656703949,0.1945728361606598,0.11199682950973511
mathdial_1858_turn_008,telling,probing,0.3065696656703949,0.21478547155857086,0.09178419411182404
mathdial_1858_turn_008,telling,focus,0.3065696656703949,0.28407204151153564,0.022497624158859253
mathdial_1858_turn_010,telling,generic,0.37788334488868713,0.19439463317394257,0.18348871171474457
mathdial_1858_turn_010,telling,probing,0.37788334488868713,0.16631700098514557,0.21156634390354156
mathdial_1858_turn_010,telling,focus,0.37788334488868713,0.26140502095222473,0.1164783239364624
mathdial_1858_turn_012,telling,generic,0.4091494083404541,0.1872207671403885,0.2219286412000656
mathdial_1858_turn_012,telling,probing,0.4091494083404541,0.14997835457324982,0.2591710537672043
mathdial_1858_turn_012,telling,focus,0.4091494083404541,0.2536514103412628,0.15549799799919128
mathdial_1858_turn_014,telling,generic,0.45488613843917847,0.23050464689731598,0.2243814915418625
mathdial_1858_turn_014,telling,probing,0.45488613843917847,0.12849217653274536,0.3263939619064331
mathdial_1858_turn_014,telling,focus,0.45488613843917847,0.1861170381307602,0.2687691003084183
mathdial_1858_turn_016,telling,generic,0.45592406392097473,0.20033738017082214,0.2555866837501526
mathdial_1858_turn_016,telling,probing,0.45592406392097473,0.10768970102071762,0.3482343629002571
mathdial_1858_turn_016,telling,focus,0.45592406392097473,0.2360488772392273,0.21987518668174744
mathdial_1858_turn_018,telling,generic,0.44755348563194275,0.197129026055336,0.25042445957660675
mathdial_1858_turn_018,telling,probing,0.44755348563194275,0.11301174759864807,0.3345417380332947
mathdial_1858_turn_018,telling,focus,0.44755348563194275,0.242305725812912,0.20524775981903076
mathdial_1860_turn_000,generic,probing,0.78521329164505,0.12559089064598083,0.6596224009990692
mathdial_1860_turn_000,generic,focus,0.78521329164505,0.061135184019804,0.724078107625246
mathdial_1860_turn_000,generic,telling,0.78521329164505,0.028060637414455414,0.7571526542305946
mathdial_1860_turn_002,focus,generic,0.49121689796447754,0.20919111371040344,0.2820257842540741
mathdial_1860_turn_002,focus,probing,0.49121689796447754,0.12430297583341599,0.36691392213106155
mathdial_1860_turn_002,focus,telling,0.49121689796447754,0.1752890944480896,0.31592780351638794
mathdial_1860_turn_004,generic,probing,0.32198742032051086,0.1061057448387146,0.21588167548179626
mathdial_1860_turn_004,generic,focus,0.32198742032051086,0.29716652631759644,0.02482089400291443
mathdial_1860_turn_004,generic,telling,0.32198742032051086,0.27474042773246765,0.04724699258804321
mathdial_1869_turn_000,generic,probing,0.800769031047821,0.11314605921506882,0.6876229718327522
mathdial_1869_turn_000,generic,focus,0.800769031047821,0.05945775657892227,0.7413112744688988
mathdial_1869_turn_000,generic,telling,0.800769031047821,0.026627175509929657,0.7741418555378914
mathdial_1869_turn_002,probing,generic,0.5328159332275391,0.018999554216861725,0.5138163790106773
mathdial_1869_turn_002,probing,focus,0.5328159332275391,0.3952474892139435,0.13756844401359558
mathdial_1869_turn_002,probing,telling,0.5328159332275391,0.05293705314397812,0.47987888008356094
mathdial_1869_turn_004,telling,generic,0.285916268825531,0.24609901010990143,0.03981725871562958
mathdial_1869_turn_004,telling,probing,0.285916268825531,0.21799138188362122,0.06792488694190979
mathdial_1869_turn_004,telling,focus,0.285916268825531,0.24999339878559113,0.03592287003993988
mathdial_1869_turn_006,telling,generic,0.30799704790115356,0.25387585163116455,0.054121196269989014
mathdial_1869_turn_006,telling,probing,0.30799704790115356,0.18480218946933746,0.1231948584318161
mathdial_1869_turn_006,telling,focus,0.30799704790115356,0.25332483649253845,0.05467221140861511
mathdial_1869_turn_008,telling,generic,0.44458577036857605,0.2042200118303299,0.24036575853824615
mathdial_1869_turn_008,telling,probing,0.44458577036857605,0.12466242164373398,0.31992334872484207
mathdial_1869_turn_008,telling,focus,0.44458577036857605,0.2265317589044571,0.21805401146411896
mathdial_1869_turn_010,telling,generic,0.5622122287750244,0.1929320991039276,0.3692801296710968
mathdial_1869_turn_010,telling,probing,0.5622122287750244,0.0891614481806755,0.4730507805943489
mathdial_1869_turn_010,telling,focus,0.5622122287750244,0.15569427609443665,0.40651795268058777
mathdial_1880_turn_000,generic,probing,0.7924789190292358,0.11949542164802551,0.6729834973812103
mathdial_1880_turn_000,generic,focus,0.7924789190292358,0.06032174080610275,0.7321571782231331
mathdial_1880_turn_000,generic,telling,0.7924789190292358,0.02770390920341015,0.7647750098258257
mathdial_1880_turn_002,probing,generic,0.472847044467926,0.020616576075553894,0.45223046839237213
mathdial_1880_turn_002,probing,focus,0.472847044467926,0.4511438012123108,0.021703243255615234
mathdial_1880_turn_002,probing,telling,0.472847044467926,0.055392585694789886,0.41745445877313614
mathdial_1880_turn_004,focus,generic,0.5778496861457825,0.02219473384320736,0.5556549523025751
mathdial_1880_turn_004,focus,probing,0.5778496861457825,0.3421584665775299,0.23569121956825256
mathdial_1880_turn_004,focus,telling,0.5778496861457825,0.05779716372489929,0.5200525224208832
mathdial_1880_turn_006,focus,generic,0.5263618230819702,0.09230898320674896,0.43405283987522125
mathdial_1880_turn_006,focus,probing,0.5263618230819702,0.2532140612602234,0.2731477618217468
mathdial_1880_turn_006,focus,telling,0.5263618230819702,0.1281152367591858,0.3982465863227844
mathdial_1880_turn_008,focus,generic,0.4000331461429596,0.13618534803390503,0.26384779810905457
mathdial_1880_turn_008,focus,probing,0.4000331461429596,0.2456667125225067,0.15436643362045288
mathdial_1880_turn_008,focus,telling,0.4000331461429596,0.21811480820178986,0.18191833794116974
mathdial_1880_turn_010,focus,generic,0.4238540232181549,0.12837699055671692,0.295477032661438
mathdial_1880_turn_010,focus,probing,0.4238540232181549,0.2351808249950409,0.188673198223114
mathdial_1880_turn_010,focus,telling,0.4238540232181549,0.2125881314277649,0.21126589179039001
mathdial_1880_turn_012,focus,generic,0.4260697662830353,0.1289776861667633,0.297092080116272
mathdial_1880_turn_012,focus,probing,0.4260697662830353,0.22085994482040405,0.20520982146263123
mathdial_1880_turn_012,focus,telling,0.4260697662830353,0.2240925431251526,0.2019772231578827
mathdial_1880_turn_014,focus,generic,0.4086044132709503,0.1412583887577057,0.26734602451324463
mathdial_1880_turn_014,focus,probing,0.4086044132709503,0.1994301825761795,0.2091742306947708
mathdial_1880_turn_014,focus,telling,0.4086044132709503,0.2507070302963257,0.15789738297462463
mathdial_1899_turn_000,generic,probing,0.7846267223358154,0.12608632445335388,0.6585403978824615
mathdial_1899_turn_000,generic,focus,0.7846267223358154,0.060788121074438095,0.7238386012613773
mathdial_1899_turn_000,generic,telling,0.7846267223358154,0.028498809784650803,0.7561279125511646
mathdial_1899_turn_002,focus,generic,0.49275830388069153,0.042376596480607986,0.45038170740008354
mathdial_1899_turn_002,focus,probing,0.49275830388069153,0.39859384298324585,0.09416446089744568
mathdial_1899_turn_002,focus,telling,0.49275830388069153,0.06627122312784195,0.4264870807528496
mathdial_1899_turn_004,focus,generic,0.47959086298942566,0.057638853788375854,0.4219520092010498
mathdial_1899_turn_004,focus,probing,0.47959086298942566,0.3475264012813568,0.13206446170806885
mathdial_1899_turn_004,focus,telling,0.47959086298942566,0.11524384468793869,0.36434701830148697
mathdial_1899_turn_006,telling,generic,0.3190591633319855,0.17562764883041382,0.14343151450157166
mathdial_1899_turn_006,telling,probing,0.3190591633319855,0.21001087129116058,0.10904829204082489
mathdial_1899_turn_006,telling,focus,0.3190591633319855,0.29530230164527893,0.023756861686706543
mathdial_1899_turn_008,focus,generic,0.35321149230003357,0.13464799523353577,0.2185634970664978
mathdial_1899_turn_008,focus,probing,0.35321149230003357,0.20437733829021454,0.14883415400981903
mathdial_1899_turn_008,focus,telling,0.35321149230003357,0.3077631890773773,0.04544830322265625
mathdial_1913_turn_000,generic,probing,0.7956120371818542,0.11496364325284958,0.6806483939290047
mathdial_1913_turn_000,generic,focus,0.7956120371818542,0.06161689758300781,0.7339951395988464
mathdial_1913_turn_000,generic,telling,0.7956120371818542,0.02780739963054657,0.7678046375513077
mathdial_1913_turn_002,probing,generic,0.4649564325809479,0.10013565421104431,0.36482077836990356
mathdial_1913_turn_002,probing,focus,0.4649564325809479,0.26076188683509827,0.2041945457458496
mathdial_1913_turn_002,probing,telling,0.4649564325809479,0.17414610087871552,0.29081033170223236
mathdial_1913_turn_004,probing,generic,0.3251159191131592,0.18253199756145477,0.1425839215517044
mathdial_1913_turn_004,probing,focus,0.3251159191131592,0.20950555801391602,0.11561036109924316
mathdial_1913_turn_004,probing,telling,0.3251159191131592,0.2828465700149536,0.042269349098205566
mathdial_1913_turn_006,telling,generic,0.31495538353919983,0.17937526106834412,0.1355801224708557
mathdial_1913_turn_006,telling,probing,0.31495538353919983,0.2644122242927551,0.0505431592464447
mathdial_1913_turn_006,telling,focus,0.31495538353919983,0.24125708639621735,0.07369829714298248
mathdial_1913_turn_008,telling,generic,0.32294800877571106,0.1914772391319275,0.13147076964378357
mathdial_1913_turn_008,telling,probing,0.32294800877571106,0.2502356469631195,0.07271236181259155
mathdial_1913_turn_008,telling,focus,0.32294800877571106,0.23533907532691956,0.0876089334487915
mathdial_1913_turn_010,telling,generic,0.3606230914592743,0.18914075195789337,0.17148233950138092
mathdial_1913_turn_010,telling,probing,0.3606230914592743,0.20961791276931763,0.15100517868995667
mathdial_1913_turn_010,telling,focus,0.3606230914592743,0.2406182885169983,0.120004802942276
mathdial_1913_turn_012,telling,generic,0.428440123796463,0.1613861471414566,0.2670539766550064
mathdial_1913_turn_012,telling,probing,0.428440123796463,0.1842772662639618,0.24416285753250122
mathdial_1913_turn_012,telling,focus,0.428440123796463,0.22589647769927979,0.20254364609718323
mathdial_1913_turn_014,telling,generic,0.47203320264816284,0.1560031771659851,0.31603002548217773
mathdial_1913_turn_014,telling,probing,0.47203320264816284,0.15462155640125275,0.3174116462469101
mathdial_1913_turn_014,telling,focus,0.47203320264816284,0.21734197437763214,0.2546912282705307
mathdial_1913_turn_016,telling,generic,0.603310763835907,0.14535684883594513,0.45795391499996185
mathdial_1913_turn_016,telling,probing,0.603310763835907,0.10151711106300354,0.5017936527729034
mathdial_1913_turn_016,telling,focus,0.603310763835907,0.14981521666049957,0.4534955471754074
mathdial_1913_turn_018,telling,generic,0.6059853434562683,0.11030647903680801,0.4956788644194603
mathdial_1913_turn_018,telling,probing,0.6059853434562683,0.10837958753108978,0.49760575592517853
mathdial_1913_turn_018,telling,focus,0.6059853434562683,0.17532861232757568,0.4306567311286926
mathdial_1926_turn_000,generic,probing,0.7967476844787598,0.11492876708507538,0.6818189173936844
mathdial_1926_turn_000,generic,focus,0.7967476844787598,0.061167407780885696,0.7355802766978741
mathdial_1926_turn_000,generic,telling,0.7967476844787598,0.027156151831150055,0.7695915326476097
mathdial_1926_turn_001,generic,probing,0.8273068070411682,0.09162987768650055,0.7356769293546677
mathdial_1926_turn_001,generic,focus,0.8273068070411682,0.05873829871416092,0.7685685083270073
mathdial_1926_turn_001,generic,telling,0.8273068070411682,0.022324994206428528,0.8049818128347397
mathdial_1926_turn_003,focus,generic,0.4879855215549469,0.04242096096277237,0.44556456059217453
mathdial_1926_turn_003,focus,probing,0.4879855215549469,0.4037359952926636,0.08424952626228333
mathdial_1926_turn_003,focus,telling,0.4879855215549469,0.06585755199193954,0.42212796956300735
mathdial_1926_turn_005,focus,generic,0.5830398201942444,0.02773917280137539,0.555300647392869
mathdial_1926_turn_005,focus,probing,0.5830398201942444,0.32476675510406494,0.25827306509017944
mathdial_1926_turn_005,focus,telling,0.5830398201942444,0.06445426493883133,0.518585555255413
mathdial_1926_turn_007,focus,generic,0.5808562636375427,0.03148346766829491,0.5493727959692478
mathdial_1926_turn_007,focus,probing,0.5808562636375427,0.28028878569602966,0.30056747794151306
mathdial_1926_turn_007,focus,telling,0.5808562636375427,0.10737136751413345,0.47348489612340927
mathdial_1926_turn_009,focus,generic,0.6284924149513245,0.032525721937417984,0.5959666930139065
mathdial_1926_turn_009,focus,probing,0.6284924149513245,0.23337297141551971,0.39511944353580475
mathdial_1926_turn_009,focus,telling,0.6284924149513245,0.10560895502567291,0.5228834599256516
mathdial_1926_turn_011,focus,generic,0.6280004978179932,0.0352524109184742,0.592748086899519
mathdial_1926_turn_011,focus,probing,0.6280004978179932,0.22308947145938873,0.40491102635860443
mathdial_1926_turn_011,focus,telling,0.6280004978179932,0.11365758627653122,0.514342911541462
mathdial_1926_turn_013,focus,generic,0.6212044954299927,0.03838929533958435,0.5828152000904083
mathdial_1926_turn_013,focus,probing,0.6212044954299927,0.21013298630714417,0.4110715091228485
mathdial_1926_turn_013,focus,telling,0.6212044954299927,0.1302732527256012,0.4909312427043915
mathdial_1926_turn_015,focus,generic,0.6163367033004761,0.03972052037715912,0.576616182923317
mathdial_1926_turn_015,focus,probing,0.6163367033004761,0.20566976070404053,0.41066694259643555
mathdial_1926_turn_015,focus,telling,0.6163367033004761,0.1382729709148407,0.4780637323856354
mathdial_1926_turn_017,focus,generic,0.5999189615249634,0.046969279646873474,0.5529496818780899
mathdial_1926_turn_017,focus,probing,0.5999189615249634,0.19328491389751434,0.40663404762744904
mathdial_1926_turn_017,focus,telling,0.5999189615249634,0.1598268449306488,0.4400921165943146
mathdial_1926_turn_019,focus,generic,0.5856015682220459,0.053629498928785324,0.5319720692932606
mathdial_1926_turn_019,focus,probing,0.5856015682220459,0.18528610467910767,0.40031546354293823
mathdial_1926_turn_019,focus,telling,0.5856015682220459,0.1754828840494156,0.4101186841726303
mathdial_1926_turn_021,focus,generic,0.5489883422851562,0.06430965662002563,0.4846786856651306
mathdial_1926_turn_021,focus,probing,0.5489883422851562,0.1787269562482834,0.37026138603687286
mathdial_1926_turn_021,focus,telling,0.5489883422851562,0.20797502994537354,0.3410133123397827
mathdial_1930_turn_000,generic,probing,0.7967603802680969,0.11380708962678909,0.6829532906413078
mathdial_1930_turn_000,generic,focus,0.7967603802680969,0.06222841888666153,0.7345319613814354
mathdial_1930_turn_000,generic,telling,0.7967603802680969,0.027204126119613647,0.7695562541484833
mathdial_1930_turn_002,probing,generic,0.5264710783958435,0.09703648090362549,0.429434597492218
mathdial_1930_turn_002,probing,focus,0.5264710783958435,0.18374603986740112,0.3427250385284424
mathdial_1930_turn_002,probing,telling,0.5264710783958435,0.1927463412284851,0.3337247371673584
mathdial_1930_turn_004,probing,generic,0.36878877878189087,0.12832026183605194,0.24046851694583893
mathdial_1930_turn_004,probing,focus,0.36878877878189087,0.1572900116443634,0.21149876713752747
mathdial_1930_turn_004,probing,telling,0.36878877878189087,0.345600962638855,0.02318781614303589
mathdial_1930_turn_006,telling,generic,0.36952757835388184,0.15015307068824768,0.21937450766563416
mathdial_1930_turn_006,telling,probing,0.36952757835388184,0.32641321420669556,0.04311436414718628
mathdial_1930_turn_006,telling,focus,0.36952757835388184,0.15390615165233612,0.21562142670154572
mathdial_1930_turn_008,telling,generic,0.41609352827072144,0.27804023027420044,0.138053297996521
mathdial_1930_turn_008,telling,probing,0.41609352827072144,0.17440542578697205,0.2416881024837494
mathdial_1930_turn_008,telling,focus,0.41609352827072144,0.13146080076694489,0.28463272750377655
mathdial_1930_turn_010,telling,generic,0.4863138198852539,0.23054097592830658,0.2557728439569473
mathdial_1930_turn_010,telling,probing,0.4863138198852539,0.15962904691696167,0.32668477296829224
mathdial_1930_turn_010,telling,focus,0.4863138198852539,0.12351610511541367,0.36279771476984024
mathdial_1943_turn_000,generic,probing,0.7884863615036011,0.12129028886556625,0.6671960726380348
mathdial_1943_turn_000,generic,focus,0.7884863615036011,0.06227008253335953,0.7262162789702415
mathdial_1943_turn_000,generic,telling,0.7884863615036011,0.02795327454805374,0.7605330869555473
mathdial_1943_turn_002,focus,generic,0.6131055355072021,0.03045632131397724,0.5826492141932249
mathdial_1943_turn_002,focus,probing,0.6131055355072021,0.2988617718219757,0.31424376368522644
mathdial_1943_turn_002,focus,telling,0.6131055355072021,0.05757639557123184,0.5555291399359703
mathdial_1943_turn_004,focus,generic,0.43837642669677734,0.0981159657239914,0.34026046097278595
mathdial_1943_turn_004,focus,probing,0.43837642669677734,0.3054635524749756,0.13291287422180176
mathdial_1943_turn_004,focus,telling,0.43837642669677734,0.15804404020309448,0.28033238649368286
mathdial_1943_turn_006,focus,generic,0.33603739738464355,0.24495933949947357,0.09107805788516998
mathdial_1943_turn_006,focus,probing,0.33603739738464355,0.1958780586719513,0.14015933871269226
mathdial_1943_turn_006,focus,telling,0.33603739738464355,0.2231251448392868,0.11291225254535675
mathdial_1943_turn_008,focus,generic,0.34683918952941895,0.19624806940555573,0.15059112012386322
mathdial_1943_turn_008,focus,probing,0.34683918952941895,0.1940927654504776,0.15274642407894135
mathdial_1943_turn_008,focus,telling,0.34683918952941895,0.2628200650215149,0.08401912450790405
mathdial_1943_turn_010,focus,generic,0.36712703108787537,0.1741817146539688,0.19294531643390656
mathdial_1943_turn_010,focus,probing,0.36712703108787537,0.18128322064876556,0.1858438104391098
mathdial_1943_turn_010,focus,telling,0.36712703108787537,0.27740803360939026,0.08971899747848511
mathdial_1947_turn_000,generic,probing,0.7985700368881226,0.11243607848882675,0.6861339583992958
mathdial_1947_turn_000,generic,focus,0.7985700368881226,0.06222381442785263,0.7363462224602699
mathdial_1947_turn_000,generic,telling,0.7985700368881226,0.026770053431391716,0.7717999834567308
mathdial_1947_turn_002,probing,generic,0.3886364996433258,0.188557431101799,0.2000790685415268
mathdial_1947_turn_002,probing,focus,0.3886364996433258,0.25665590167045593,0.13198059797286987
mathdial_1947_turn_002,probing,telling,0.3886364996433258,0.16615015268325806,0.22248634696006775
mathdial_1947_turn_003,generic,probing,0.5197097659111023,0.19343861937522888,0.3262711465358734
mathdial_1947_turn_003,generic,focus,0.5197097659111023,0.12409664690494537,0.3956131190061569
mathdial_1947_turn_003,generic,telling,0.5197097659111023,0.16275504231452942,0.3569547235965729
mathdial_1952_turn_000,generic,probing,0.7857767343521118,0.12453104555606842,0.6612456887960434
mathdial_1952_turn_000,generic,focus,0.7857767343521118,0.06193771958351135,0.7238390147686005
mathdial_1952_turn_000,generic,telling,0.7857767343521118,0.027754465118050575,0.7580222692340612
mathdial_1952_turn_002,probing,generic,0.44201552867889404,0.040399495512247086,0.40161603316664696
mathdial_1952_turn_002,probing,focus,0.44201552867889404,0.42443424463272095,0.017581284046173096
mathdial_1952_turn_002,probing,telling,0.44201552867889404,0.09315066784620285,0.3488648608326912
mathdial_1952_turn_004,probing,generic,0.3477689325809479,0.10095072537660599,0.2468182072043419
mathdial_1952_turn_004,probing,focus,0.3477689325809479,0.29779961705207825,0.04996931552886963
mathdial_1952_turn_004,probing,telling,0.3477689325809479,0.2534807622432709,0.094288170337677
mathdial_1952_turn_006,telling,generic,0.4597926437854767,0.1532972753047943,0.3064953684806824
mathdial_1952_turn_006,telling,probing,0.4597926437854767,0.2179522067308426,0.2418404370546341
mathdial_1952_turn_006,telling,focus,0.4597926437854767,0.16895778477191925,0.29083485901355743
mathdial_1952_turn_008,telling,generic,0.5148587226867676,0.13035441935062408,0.3845043033361435
mathdial_1952_turn_008,telling,probing,0.5148587226867676,0.19949421286582947,0.3153645098209381
mathdial_1952_turn_008,telling,focus,0.5148587226867676,0.15529261529445648,0.3595661073923111
mathdial_1952_turn_010,telling,generic,0.5760348439216614,0.12726306915283203,0.44877177476882935
mathdial_1952_turn_010,telling,probing,0.5760348439216614,0.12952876091003418,0.4465060830116272
mathdial_1952_turn_010,telling,focus,0.5760348439216614,0.16717328131198883,0.40886156260967255
mathdial_1952_turn_012,telling,generic,0.5655185580253601,0.16247843205928802,0.4030401259660721
mathdial_1952_turn_012,telling,probing,0.5655185580253601,0.13137082755565643,0.4341477304697037
mathdial_1952_turn_012,telling,focus,0.5655185580253601,0.14063216745853424,0.42488639056682587
mathdial_1952_turn_014,telling,generic,0.5840412378311157,0.14475509524345398,0.43928614258766174
mathdial_1952_turn_014,telling,probing,0.5840412378311157,0.12344658374786377,0.46059465408325195
mathdial_1952_turn_014,telling,focus,0.5840412378311157,0.14775703847408295,0.4362841993570328
mathdial_1952_turn_016,telling,generic,0.5377631783485413,0.16370151937007904,0.3740616589784622
mathdial_1952_turn_016,telling,probing,0.5377631783485413,0.13536204397678375,0.4024011343717575
mathdial_1952_turn_016,telling,focus,0.5377631783485413,0.16317319869995117,0.3745899796485901
mathdial_1952_turn_018,telling,generic,0.583645761013031,0.15447461605072021,0.4291711449623108
mathdial_1952_turn_018,telling,probing,0.583645761013031,0.1235828623175621,0.4600628986954689
mathdial_1952_turn_018,telling,focus,0.583645761013031,0.13829675316810608,0.4453490078449249
mathdial_1952_turn_020,telling,generic,0.487038791179657,0.17560690641403198,0.311431884765625
mathdial_1952_turn_020,telling,probing,0.487038791179657,0.1483011394739151,0.3387376517057419
mathdial_1952_turn_020,telling,focus,0.487038791179657,0.18905313313007355,0.29798565804958344
mathdial_1969_turn_000,generic,probing,0.7968916893005371,0.1122947707772255,0.6845969185233116
mathdial_1969_turn_000,generic,focus,0.7968916893005371,0.06247611343860626,0.7344155758619308
mathdial_1969_turn_000,generic,telling,0.7968916893005371,0.028337350115180016,0.7685543391853571
mathdial_1969_turn_002,focus,generic,0.44772595167160034,0.03528404235839844,0.4124419093132019
mathdial_1969_turn_002,focus,probing,0.44772595167160034,0.3935539722442627,0.054171979427337646
mathdial_1969_turn_002,focus,telling,0.44772595167160034,0.12343603372573853,0.3242899179458618
mathdial_1969_turn_004,probing,generic,0.3491610288619995,0.10304013639688492,0.2461208924651146
mathdial_1969_turn_004,probing,focus,0.3491610288619995,0.3197879195213318,0.029373109340667725
mathdial_1969_turn_004,probing,telling,0.3491610288619995,0.2280108481645584,0.1211501806974411
mathdial_1969_turn_006,focus,generic,0.2985248267650604,0.13328690826892853,0.1652379184961319
mathdial_1969_turn_006,focus,probing,0.2985248267650604,0.28237149119377136,0.016153335571289062
mathdial_1969_turn_006,focus,telling,0.2985248267650604,0.28581681847572327,0.012708008289337158
mathdial_1969_turn_008,telling,generic,0.4013405442237854,0.22355961799621582,0.17778092622756958
mathdial_1969_turn_008,telling,probing,0.4013405442237854,0.15271790325641632,0.24862264096736908
mathdial_1969_turn_008,telling,focus,0.4013405442237854,0.22238197922706604,0.17895856499671936
mathdial_1978_turn_000,generic,probing,0.8009883165359497,0.11064350605010986,0.6903448104858398
mathdial_1978_turn_000,generic,focus,0.8009883165359497,0.06103650853037834,0.7399518080055714
mathdial_1978_turn_000,generic,telling,0.8009883165359497,0.027331652119755745,0.773656664416194
mathdial_1978_turn_002,probing,generic,0.553949773311615,0.015428788028657436,0.5385209852829576
mathdial_1978_turn_002,probing,focus,0.553949773311615,0.37624219059944153,0.17770758271217346
mathdial_1978_turn_002,probing,telling,0.553949773311615,0.05437919497489929,0.4995705783367157
mathdial_1978_turn_004,focus,generic,0.43960168957710266,0.02448754757642746,0.4151141420006752
mathdial_1978_turn_004,focus,probing,0.43960168957710266,0.43399322032928467,0.005608469247817993
mathdial_1978_turn_004,focus,telling,0.43960168957710266,0.10191749781370163,0.33768419176340103
mathdial_1978_turn_006,focus,generic,0.45269811153411865,0.031052641570568085,0.42164546996355057
mathdial_1978_turn_006,focus,probing,0.45269811153411865,0.3839356005191803,0.06876251101493835
mathdial_1978_turn_006,focus,telling,0.45269811153411865,0.13231372833251953,0.3203843832015991
mathdial_1992_turn_000,generic,probing,0.7959978580474854,0.1143290251493454,0.68166883289814
mathdial_1992_turn_000,generic,focus,0.7959978580474854,0.06169316917657852,0.7343046888709068
mathdial_1992_turn_000,generic,telling,0.7959978580474854,0.027980070561170578,0.7680177874863148
mathdial_1992_turn_002,focus,generic,0.604073703289032,0.03633835166692734,0.5677353516221046
mathdial_1992_turn_002,focus,probing,0.604073703289032,0.3048514425754547,0.29922226071357727
mathdial_1992_turn_002,focus,telling,0.604073703289032,0.05473647266626358,0.5493372306227684
mathdial_1992_turn_004,focus,generic,0.5220011472702026,0.06262119859457016,0.4593799486756325
mathdial_1992_turn_004,focus,probing,0.5220011472702026,0.2554243803024292,0.26657676696777344
mathdial_1992_turn_004,focus,telling,0.5220011472702026,0.159953311085701,0.36204783618450165
mathdial_1992_turn_006,focus,generic,0.5016072392463684,0.06833480298519135,0.43327243626117706
mathdial_1992_turn_006,focus,probing,0.5016072392463684,0.2423507273197174,0.259256511926651
mathdial_1992_turn_006,focus,telling,0.5016072392463684,0.18770712614059448,0.3139001131057739
mathdial_1992_turn_008,focus,generic,0.4342905282974243,0.12827013432979584,0.3060203939676285
mathdial_1992_turn_008,focus,probing,0.4342905282974243,0.18758323788642883,0.24670729041099548
mathdial_1992_turn_008,focus,telling,0.4342905282974243,0.24985608458518982,0.1844344437122345
mathdial_2000_turn_000,generic,probing,0.7911667823791504,0.11969207227230072,0.6714747101068497
mathdial_2000_turn_000,generic,focus,0.7911667823791504,0.06133519858121872,0.7298315837979317
mathdial_2000_turn_000,generic,telling,0.7911667823791504,0.027805877849459648,0.7633609045296907
mathdial_2000_turn_002,probing,generic,0.5574970841407776,0.024405255913734436,0.5330918282270432
mathdial_2000_turn_002,probing,focus,0.5574970841407776,0.37287479639053345,0.18462228775024414
mathdial_2000_turn_002,probing,telling,0.5574970841407776,0.045222826302051544,0.512274257838726
mathdial_2000_turn_004,probing,generic,0.5392341613769531,0.01998857408761978,0.5192455872893333
mathdial_2000_turn_004,probing,focus,0.5392341613769531,0.37423303723335266,0.16500112414360046
mathdial_2000_turn_004,probing,telling,0.5392341613769531,0.06654416024684906,0.47269000113010406
mathdial_2000_turn_006,focus,generic,0.4047276973724365,0.05159818008542061,0.3531295172870159
mathdial_2000_turn_006,focus,probing,0.4047276973724365,0.38963496685028076,0.015092730522155762
mathdial_2000_turn_006,focus,telling,0.4047276973724365,0.154039204120636,0.25068849325180054
mathdial_2000_turn_008,focus,generic,0.36246001720428467,0.09287485480308533,0.26958516240119934
mathdial_2000_turn_008,focus,probing,0.36246001720428467,0.3050420880317688,0.05741792917251587
mathdial_2000_turn_008,focus,telling,0.36246001720428467,0.2396230250597,0.12283699214458466
mathdial_2000_turn_010,focus,generic,0.33260461688041687,0.12366557866334915,0.20893903821706772
mathdial_2000_turn_010,focus,probing,0.33260461688041687,0.2843668758869171,0.048237740993499756
mathdial_2000_turn_010,focus,telling,0.33260461688041687,0.2593628764152527,0.07324174046516418
mathdial_2000_turn_012,focus,generic,0.3198140859603882,0.11431777477264404,0.20549631118774414
mathdial_2000_turn_012,focus,probing,0.3198140859603882,0.2516748607158661,0.0681392252445221
mathdial_2000_turn_012,focus,telling,0.3198140859603882,0.3141932785511017,0.005620807409286499
mathdial_2000_turn_014,telling,generic,0.42096248269081116,0.19311872124671936,0.2278437614440918
mathdial_2000_turn_014,telling,probing,0.42096248269081116,0.15674905478954315,0.264213427901268
mathdial_2000_turn_014,telling,focus,0.42096248269081116,0.22916971147060394,0.19179277122020721
mathdial_2000_turn_015,telling,generic,0.3796949088573456,0.22560836374759674,0.15408654510974884
mathdial_2000_turn_015,telling,probing,0.3796949088573456,0.14680631458759308,0.2328885942697525
mathdial_2000_turn_015,telling,focus,0.3796949088573456,0.2478903979063034,0.13180451095104218
mathdial_2000_turn_016,telling,generic,0.420981764793396,0.2068585306406021,0.21412323415279388
mathdial_2000_turn_016,telling,probing,0.420981764793396,0.1478702425956726,0.2731115221977234
mathdial_2000_turn_016,telling,focus,0.420981764793396,0.22428950667381287,0.19669225811958313
mathdial_2000_turn_018,telling,generic,0.4167778491973877,0.21515794098377228,0.20161990821361542
mathdial_2000_turn_018,telling,probing,0.4167778491973877,0.14471998810768127,0.2720578610897064
mathdial_2000_turn_018,telling,focus,0.4167778491973877,0.22334422171115875,0.19343362748622894
mathdial_2000_turn_020,telling,generic,0.41894811391830444,0.20792870223522186,0.21101941168308258
mathdial_2000_turn_020,telling,probing,0.41894811391830444,0.15124356746673584,0.2677045464515686
mathdial_2000_turn_020,telling,focus,0.41894811391830444,0.22187963128089905,0.1970684826374054
mathdial_2000_turn_022,telling,generic,0.414819598197937,0.18394197523593903,0.23087762296199799
mathdial_2000_turn_022,telling,probing,0.414819598197937,0.1679854691028595,0.24683412909507751
mathdial_2000_turn_022,telling,focus,0.414819598197937,0.23325297236442566,0.18156662583351135
mathdial_2010_turn_000,generic,probing,0.8009883165359497,0.11064350605010986,0.6903448104858398
mathdial_2010_turn_000,generic,focus,0.8009883165359497,0.06103650853037834,0.7399518080055714
mathdial_2010_turn_000,generic,telling,0.8009883165359497,0.027331652119755745,0.773656664416194
mathdial_2010_turn_002,focus,generic,0.4678148627281189,0.03627397492527962,0.4315408878028393
mathdial_2010_turn_002,focus,probing,0.4678148627281189,0.45746365189552307,0.010351210832595825
mathdial_2010_turn_002,focus,telling,0.4678148627281189,0.038447558879852295,0.4293673038482666
mathdial_2010_turn_004,focus,generic,0.4635818898677826,0.04603578895330429,0.4175461009144783
mathdial_2010_turn_004,focus,probing,0.4635818898677826,0.43790242075920105,0.025679469108581543
mathdial_2010_turn_004,focus,telling,0.4635818898677826,0.052479833364486694,0.4111020565032959
mathdial_2010_turn_006,focus,generic,0.5104383230209351,0.06595020741224289,0.44448811560869217
mathdial_2010_turn_006,focus,probing,0.5104383230209351,0.31704044342041016,0.1933978796005249
mathdial_2010_turn_006,focus,telling,0.5104383230209351,0.10657096654176712,0.40386735647916794
mathdial_2028_turn_000,generic,probing,0.7865641713142395,0.12284080684185028,0.6637233644723892
mathdial_2028_turn_000,generic,focus,0.7865641713142395,0.06125341355800629,0.7253107577562332
mathdial_2028_turn_000,generic,telling,0.7865641713142395,0.02934151142835617,0.7572226598858833
mathdial_2028_turn_002,generic,probing,0.41481277346611023,0.33525148034095764,0.07956129312515259
mathdial_2028_turn_002,generic,focus,0.41481277346611023,0.2056858390569687,0.20912693440914154
mathdial_2028_turn_002,generic,telling,0.41481277346611023,0.04424978420138359,0.37056298926472664
mathdial_2028_turn_004,focus,generic,0.5195063352584839,0.0479859784245491,0.4715203568339348
mathdial_2028_turn_004,focus,probing,0.5195063352584839,0.3815307319164276,0.13797560334205627
mathdial_2028_turn_004,focus,telling,0.5195063352584839,0.0509769432246685,0.4685293920338154
mathdial_2028_turn_006,focus,generic,0.5320451259613037,0.041960425674915314,0.4900847002863884
mathdial_2028_turn_006,focus,probing,0.5320451259613037,0.3438428044319153,0.18820232152938843
mathdial_2028_turn_006,focus,telling,0.5320451259613037,0.08215160667896271,0.449893519282341
mathdial_2028_turn_008,focus,generic,0.516884446144104,0.05182555317878723,0.4650588929653168
mathdial_2028_turn_008,focus,probing,0.516884446144104,0.31740865111351013,0.19947579503059387
mathdial_2028_turn_008,focus,telling,0.516884446144104,0.11388129740953445,0.40300314873456955
mathdial_2028_turn_010,focus,generic,0.44662755727767944,0.0803251713514328,0.36630238592624664
mathdial_2028_turn_010,focus,probing,0.44662755727767944,0.2475205957889557,0.19910696148872375
mathdial_2028_turn_010,focus,telling,0.44662755727767944,0.22552667558193207,0.22110088169574738
mathdial_2028_turn_012,focus,generic,0.38064566254615784,0.09491125494241714,0.2857344076037407
mathdial_2028_turn_012,focus,probing,0.38064566254615784,0.22606095671653748,0.15458470582962036
mathdial_2028_turn_012,focus,telling,0.38064566254615784,0.2983821630477905,0.08226349949836731
mathdial_2028_turn_014,telling,generic,0.3794027268886566,0.10770490020513535,0.27169782668352127
mathdial_2028_turn_014,telling,probing,0.3794027268886566,0.19468440115451813,0.1847183257341385
mathdial_2028_turn_014,telling,focus,0.3794027268886566,0.3182079792022705,0.06119474768638611
mathdial_2028_turn_016,telling,generic,0.4671778380870819,0.13705934584140778,0.33011849224567413
mathdial_2028_turn_016,telling,probing,0.4671778380870819,0.1449083536863327,0.3222694844007492
mathdial_2028_turn_016,telling,focus,0.4671778380870819,0.2508544921875,0.2163233458995819
mathdial_2086_turn_000,generic,probing,0.7954174280166626,0.11586768180131912,0.6795497462153435
mathdial_2086_turn_000,generic,focus,0.7954174280166626,0.0612519197165966,0.734165508300066
mathdial_2086_turn_000,generic,telling,0.7954174280166626,0.027463039383292198,0.7679543886333704
mathdial_2086_turn_002,probing,generic,0.29374274611473083,0.25608569383621216,0.03765705227851868
mathdial_2086_turn_002,probing,focus,0.29374274611473083,0.20325948297977448,0.09048326313495636
mathdial_2086_turn_002,probing,telling,0.29374274611473083,0.2469121217727661,0.04683062434196472
mathdial_2086_turn_003,generic,probing,0.3781256079673767,0.2666749954223633,0.11145061254501343
mathdial_2086_turn_003,generic,focus,0.3781256079673767,0.16103783249855042,0.2170877754688263
mathdial_2086_turn_003,generic,telling,0.3781256079673767,0.194161519408226,0.1839640885591507
mathdial_2098_turn_000,generic,probing,0.7917440533638,0.11801587045192719,0.6737281829118729
mathdial_2098_turn_000,generic,focus,0.7917440533638,0.061888325959444046,0.729855727404356
mathdial_2098_turn_000,generic,telling,0.7917440533638,0.028351806104183197,0.7633922472596169
mathdial_2098_turn_002,probing,generic,0.505434513092041,0.026196638122200966,0.47923787496984005
mathdial_2098_turn_002,probing,focus,0.505434513092041,0.42213505506515503,0.08329945802688599
mathdial_2098_turn_002,probing,telling,0.505434513092041,0.046233754605054855,0.45920075848698616
mathdial_2098_turn_004,probing,generic,0.45335862040519714,0.023122984915971756,0.4302356354892254
mathdial_2098_turn_004,probing,focus,0.45335862040519714,0.4273342490196228,0.02602437138557434
mathdial_2098_turn_004,probing,telling,0.45335862040519714,0.096184141933918,0.35717447847127914
mathdial_2098_turn_006,telling,generic,0.4419063627719879,0.15884461998939514,0.2830617427825928
mathdial_2098_turn_006,telling,probing,0.4419063627719879,0.19867388904094696,0.24323247373104095
mathdial_2098_turn_006,telling,focus,0.4419063627719879,0.20057515799999237,0.24133120477199554
mathdial_2115_turn_000,generic,probing,0.7967603802680969,0.1138070672750473,0.6829533129930496
mathdial_2115_turn_000,generic,focus,0.7967603802680969,0.06222841888666153,0.7345319613814354
mathdial_2115_turn_000,generic,telling,0.7967603802680969,0.027204126119613647,0.7695562541484833
mathdial_2115_turn_002,probing,generic,0.4957020878791809,0.028400858864188194,0.4673012290149927
mathdial_2115_turn_002,probing,focus,0.4957020878791809,0.41262519359588623,0.08307689428329468
mathdial_2115_turn_002,probing,telling,0.4957020878791809,0.06327182054519653,0.4324302673339844
mathdial_2115_turn_004,probing,generic,0.516523003578186,0.02180306985974312,0.4947199337184429
mathdial_2115_turn_004,probing,focus,0.516523003578186,0.37846624851226807,0.13805675506591797
mathdial_2115_turn_004,probing,telling,0.516523003578186,0.08320768922567368,0.43331531435251236
mathdial_2115_turn_006,probing,generic,0.4316810667514801,0.03253071382641792,0.3991503529250622
mathdial_2115_turn_006,probing,focus,0.4316810667514801,0.38623112440109253,0.04544994235038757
mathdial_2115_turn_006,probing,telling,0.4316810667514801,0.14955705404281616,0.28212401270866394
mathdial_2115_turn_008,focus,generic,0.3701755106449127,0.05132415518164635,0.3188513554632664
mathdial_2115_turn_008,focus,probing,0.3701755106449127,0.3139810860157013,0.056194424629211426
mathdial_2115_turn_008,focus,telling,0.3701755106449127,0.26451927423477173,0.10565623641014099
mathdial_2115_turn_010,telling,generic,0.33509811758995056,0.06143263354897499,0.27366548404097557
mathdial_2115_turn_010,telling,probing,0.33509811758995056,0.2707202136516571,0.06437790393829346
mathdial_2115_turn_010,telling,focus,0.33509811758995056,0.33274900913238525,0.0023491084575653076
mathdial_2115_turn_012,telling,generic,0.3971761465072632,0.0819740891456604,0.3152020573616028
mathdial_2115_turn_012,telling,probing,0.3971761465072632,0.21718305349349976,0.17999309301376343
mathdial_2115_turn_012,telling,focus,0.3971761465072632,0.30366671085357666,0.09350943565368652
mathdial_2115_turn_014,telling,generic,0.5013253092765808,0.13416580855846405,0.36715950071811676
mathdial_2115_turn_014,telling,probing,0.5013253092765808,0.15714892745018005,0.34417638182640076
mathdial_2115_turn_014,telling,focus,0.5013253092765808,0.2073599100112915,0.2939653992652893
mathdial_2115_turn_016,telling,generic,0.4445563852787018,0.1476907879114151,0.2968655973672867
mathdial_2115_turn_016,telling,probing,0.4445563852787018,0.17160162329673767,0.2729547619819641
mathdial_2115_turn_016,telling,focus,0.4445563852787018,0.23615126311779022,0.20840512216091156
mathdial_2115_turn_018,telling,generic,0.5733903050422668,0.16182006895542145,0.4115702360868454
mathdial_2115_turn_018,telling,probing,0.5733903050422668,0.10928501188755035,0.4641052931547165
mathdial_2115_turn_018,telling,focus,0.5733903050422668,0.15550468862056732,0.4178856164216995
mathdial_2116_turn_000,generic,probing,0.7781607508659363,0.13251979649066925,0.645640954375267
mathdial_2116_turn_000,generic,focus,0.7781607508659363,0.05907415971159935,0.7190865911543369
mathdial_2116_turn_000,generic,telling,0.7781607508659363,0.030245287343859673,0.7479154635220766
mathdial_2116_turn_002,focus,generic,0.43926796317100525,0.026268212124705315,0.41299975104629993
mathdial_2116_turn_002,focus,probing,0.43926796317100525,0.4195699989795685,0.019697964191436768
mathdial_2116_turn_002,focus,telling,0.43926796317100525,0.11489380151033401,0.32437416166067123
mathdial_2116_turn_004,focus,generic,0.42633628845214844,0.024985728785395622,0.4013505596667528
mathdial_2116_turn_004,focus,probing,0.42633628845214844,0.380696564912796,0.04563972353935242
mathdial_2116_turn_004,focus,telling,0.42633628845214844,0.16798146069049835,0.2583548277616501
mathdial_2116_turn_006,focus,generic,0.4157571494579315,0.036864202469587326,0.3788929469883442
mathdial_2116_turn_006,focus,probing,0.4157571494579315,0.3283540606498718,0.08740308880805969
mathdial_2116_turn_006,focus,telling,0.4157571494579315,0.21902459859848022,0.1967325508594513
mathdial_2116_turn_008,focus,generic,0.39594194293022156,0.08763940632343292,0.30830253660678864
mathdial_2116_turn_008,focus,probing,0.39594194293022156,0.22996294498443604,0.16597899794578552
mathdial_2116_turn_008,focus,telling,0.39594194293022156,0.2864556908607483,0.10948625206947327
mathdial_2116_turn_010,focus,generic,0.3878716230392456,0.08332324028015137,0.30454838275909424
mathdial_2116_turn_010,focus,probing,0.3878716230392456,0.21948523819446564,0.16838638484477997
mathdial_2116_turn_010,focus,telling,0.3878716230392456,0.3093199133872986,0.07855170965194702
mathdial_2116_turn_012,telling,generic,0.36298251152038574,0.09585569053888321,0.26712682098150253
mathdial_2116_turn_012,telling,probing,0.36298251152038574,0.1929239183664322,0.17005859315395355
mathdial_2116_turn_012,telling,focus,0.36298251152038574,0.34823790192604065,0.014744609594345093
mathdial_2116_turn_014,telling,generic,0.4552282691001892,0.16672496497631073,0.2885033041238785
mathdial_2116_turn_014,telling,probing,0.4552282691001892,0.15391798317432404,0.3013102859258652
mathdial_2116_turn_014,telling,focus,0.4552282691001892,0.2241288125514984,0.2310994565486908
mathdial_2116_turn_016,telling,generic,0.49637162685394287,0.15533672273159027,0.3410349041223526
mathdial_2116_turn_016,telling,probing,0.49637162685394287,0.1334604173898697,0.3629112094640732
mathdial_2116_turn_016,telling,focus,0.49637162685394287,0.21483124792575836,0.2815403789281845
mathdial_2116_turn_018,telling,generic,0.536758542060852,0.18000951409339905,0.356749027967453
mathdial_2116_turn_018,telling,probing,0.536758542060852,0.10043307393789291,0.43632546812295914
mathdial_2116_turn_018,telling,focus,0.536758542060852,0.1827988624572754,0.35395967960357666
mathdial_2116_turn_020,telling,generic,0.5593608617782593,0.19340087473392487,0.3659599870443344
mathdial_2116_turn_020,telling,probing,0.5593608617782593,0.08738386631011963,0.47197699546813965
mathdial_2116_turn_020,telling,focus,0.5593608617782593,0.15985438227653503,0.39950647950172424
mathdial_2120_turn_000,generic,probing,0.792392909526825,0.11732735484838486,0.6750655546784401
mathdial_2120_turn_000,generic,focus,0.792392909526825,0.062042709439992905,0.730350200086832
mathdial_2120_turn_000,generic,telling,0.792392909526825,0.028237011283636093,0.7641558982431889
mathdial_2120_turn_002,probing,generic,0.4771709442138672,0.040124230086803436,0.43704671412706375
mathdial_2120_turn_002,probing,focus,0.4771709442138672,0.41667187213897705,0.06049907207489014
mathdial_2120_turn_002,probing,telling,0.4771709442138672,0.0660330280661583,0.4111379161477089
mathdial_2120_turn_004,focus,generic,0.3927697539329529,0.0551241859793663,0.3376455679535866
mathdial_2120_turn_004,focus,probing,0.3927697539329529,0.38977164030075073,0.0029981136322021484
mathdial_2120_turn_004,focus,telling,0.3927697539329529,0.16233447194099426,0.23043528199195862
mathdial_2128_turn_000,generic,probing,0.8019675016403198,0.10986011475324631,0.6921073868870735
mathdial_2128_turn_000,generic,focus,0.8019675016403198,0.061073511838912964,0.7408939898014069
mathdial_2128_turn_000,generic,telling,0.8019675016403198,0.027098869904875755,0.7748686317354441
mathdial_2128_turn_002,focus,generic,0.5094447135925293,0.02240612544119358,0.4870385881513357
mathdial_2128_turn_002,focus,probing,0.5094447135925293,0.3930525481700897,0.11639216542243958
mathdial_2128_turn_002,focus,telling,0.5094447135925293,0.07509659975767136,0.43434811383485794
mathdial_2128_turn_004,telling,generic,0.397763729095459,0.19824717938899994,0.19951654970645905
mathdial_2128_turn_004,telling,probing,0.397763729095459,0.18157538771629333,0.21618834137916565
mathdial_2128_turn_004,telling,focus,0.397763729095459,0.22241362929344177,0.1753500998020172
mathdial_2128_turn_006,telling,generic,0.4650361239910126,0.17624415457248688,0.2887919694185257
mathdial_2128_turn_006,telling,probing,0.4650361239910126,0.14758239686489105,0.3174537271261215
mathdial_2128_turn_006,telling,focus,0.4650361239910126,0.2111373394727707,0.2538987845182419
mathdial_2131_turn_000,generic,probing,0.7926049828529358,0.11773533374071121,0.6748696491122246
mathdial_2131_turn_000,generic,focus,0.7926049828529358,0.062018346041440964,0.7305866368114948
mathdial_2131_turn_000,generic,telling,0.7926049828529358,0.027641238644719124,0.7649637442082167
mathdial_2131_turn_001,generic,probing,0.8226571083068848,0.09501438587903976,0.727642722427845
mathdial_2131_turn_001,generic,focus,0.8226571083068848,0.058990709483623505,0.7636663988232613
mathdial_2131_turn_001,generic,telling,0.8226571083068848,0.02333778701722622,0.7993193212896585
mathdial_2131_turn_003,focus,generic,0.4481080174446106,0.0286448672413826,0.419463150203228
mathdial_2131_turn_003,focus,probing,0.4481080174446106,0.39456987380981445,0.05353814363479614
mathdial_2131_turn_003,focus,telling,0.4481080174446106,0.12867724895477295,0.31943076848983765
mathdial_2131_turn_005,telling,generic,0.40255725383758545,0.2715335190296173,0.13102373480796814
mathdial_2131_turn_005,telling,probing,0.40255725383758545,0.13943828642368317,0.2631189674139023
mathdial_2131_turn_005,telling,focus,0.40255725383758545,0.18647092580795288,0.21608632802963257
mathdial_2131_turn_007,telling,generic,0.4068256914615631,0.2049935758113861,0.201832115650177
mathdial_2131_turn_007,telling,probing,0.4068256914615631,0.17838892340660095,0.22843676805496216
mathdial_2131_turn_007,telling,focus,0.4068256914615631,0.20979182422161102,0.1970338672399521
mathdial_2150_turn_000,generic,probing,0.7851025462150574,0.126471146941185,0.6586313992738724
mathdial_2150_turn_000,generic,focus,0.7851025462150574,0.06020214036107063,0.7249004058539867
mathdial_2150_turn_000,generic,telling,0.7851025462150574,0.02822413668036461,0.7568784095346928
mathdial_2150_turn_002,probing,generic,0.6735513210296631,0.033749666064977646,0.6398016549646854
mathdial_2150_turn_002,probing,focus,0.6735513210296631,0.18513137102127075,0.48841995000839233
mathdial_2150_turn_002,probing,telling,0.6735513210296631,0.10756772756576538,0.5659835934638977
mathdial_2150_turn_004,probing,generic,0.5954530239105225,0.06707146018743515,0.5283815637230873
mathdial_2150_turn_004,probing,focus,0.5954530239105225,0.23750947415828705,0.3579435497522354
mathdial_2150_turn_004,probing,telling,0.5954530239105225,0.09996594488620758,0.4954870790243149
mathdial_2150_turn_006,probing,generic,0.5129517316818237,0.11228836327791214,0.4006633684039116
mathdial_2150_turn_006,probing,focus,0.5129517316818237,0.24640581011772156,0.2665459215641022
mathdial_2150_turn_006,probing,telling,0.5129517316818237,0.12835420668125153,0.3845975250005722
mathdial_2158_turn_000,generic,probing,0.7874299883842468,0.12134774774312973,0.6660822406411171
mathdial_2158_turn_000,generic,focus,0.7874299883842468,0.06268798559904099,0.7247420027852058
mathdial_2158_turn_000,generic,telling,0.7874299883842468,0.028534289449453354,0.7588956989347935
mathdial_2158_turn_002,focus,generic,0.5827624797821045,0.024112891405820847,0.5586495883762836
mathdial_2158_turn_002,focus,probing,0.5827624797821045,0.334073007106781,0.2486894726753235
mathdial_2158_turn_002,focus,telling,0.5827624797821045,0.05905156955122948,0.523710910230875
mathdial_2158_turn_004,focus,generic,0.6777106523513794,0.03426193445920944,0.64344871789217
mathdial_2158_turn_004,focus,probing,0.6777106523513794,0.22068090736865997,0.4570297449827194
mathdial_2158_turn_004,focus,telling,0.6777106523513794,0.06734650582075119,0.6103641465306282
mathdial_2159_turn_000,generic,probing,0.7963318228721619,0.11460715532302856,0.6817246675491333
mathdial_2159_turn_000,generic,focus,0.7963318228721619,0.061646003276109695,0.7346858195960522
mathdial_2159_turn_000,generic,telling,0.7963318228721619,0.027414975687861443,0.7689168471843004
mathdial_2159_turn_002,focus,generic,0.637117862701416,0.03563501313328743,0.6014828495681286
mathdial_2159_turn_002,focus,probing,0.637117862701416,0.2732042074203491,0.3639136552810669
mathdial_2159_turn_002,focus,telling,0.637117862701416,0.054042890667915344,0.5830749720335007
mathdial_2159_turn_004,focus,generic,0.6483153700828552,0.03901287913322449,0.6093024909496307
mathdial_2159_turn_004,focus,probing,0.6483153700828552,0.2338131219148636,0.41450224816799164
mathdial_2159_turn_004,focus,telling,0.6483153700828552,0.07885867357254028,0.5694566965103149
mathdial_2159_turn_006,focus,generic,0.5748149156570435,0.058700866997241974,0.5161140486598015
mathdial_2159_turn_006,focus,probing,0.5748149156570435,0.20836585760116577,0.3664490580558777
mathdial_2159_turn_006,focus,telling,0.5748149156570435,0.1581183671951294,0.41669654846191406
mathdial_2175_turn_000,generic,probing,0.7859083414077759,0.12260855734348297,0.6632997840642929
mathdial_2175_turn_000,generic,focus,0.7859083414077759,0.06381737440824509,0.7220909669995308
mathdial_2175_turn_000,generic,telling,0.7859083414077759,0.02766573801636696,0.7582426033914089
mathdial_2175_turn_002,probing,generic,0.6290054321289062,0.013486173935234547,0.6155192581936717
mathdial_2175_turn_002,probing,focus,0.6290054321289062,0.29003116488456726,0.338974267244339
mathdial_2175_turn_002,probing,telling,0.6290054321289062,0.06747721880674362,0.5615282133221626
mathdial_2175_turn_004,probing,generic,0.5853228569030762,0.013032549992203712,0.5722903069108725
mathdial_2175_turn_004,probing,focus,0.5853228569030762,0.30899015069007874,0.27633270621299744
mathdial_2175_turn_004,probing,telling,0.5853228569030762,0.09265448153018951,0.49266837537288666
mathdial_2175_turn_006,probing,generic,0.5752589106559753,0.012878135778009892,0.5623807748779655
mathdial_2175_turn_006,probing,focus,0.5752589106559753,0.31266066431999207,0.2625982463359833
mathdial_2175_turn_006,probing,telling,0.5752589106559753,0.09920230507850647,0.47605660557746887
mathdial_2175_turn_008,probing,generic,0.49035656452178955,0.018781930208206177,0.4715746343135834
mathdial_2175_turn_008,probing,focus,0.49035656452178955,0.3295513689517975,0.16080519556999207
mathdial_2175_turn_008,probing,telling,0.49035656452178955,0.16131022572517395,0.3290463387966156
mathdial_2175_turn_010,probing,generic,0.4296647012233734,0.02330794557929039,0.406356755644083
mathdial_2175_turn_010,probing,focus,0.4296647012233734,0.34494319558143616,0.08472150564193726
mathdial_2175_turn_010,probing,telling,0.4296647012233734,0.20208412408828735,0.22758057713508606
mathdial_2175_turn_012,probing,generic,0.3956311345100403,0.026563530787825584,0.3690676037222147
mathdial_2175_turn_012,probing,focus,0.3956311345100403,0.3492193818092346,0.046411752700805664
mathdial_2175_turn_012,probing,telling,0.3956311345100403,0.22858598828315735,0.16704514622688293
mathdial_2175_turn_014,telling,generic,0.4731774926185608,0.12723755836486816,0.3459399342536926
mathdial_2175_turn_014,telling,probing,0.4731774926185608,0.11645403504371643,0.35672345757484436
mathdial_2175_turn_014,telling,focus,0.4731774926185608,0.2831309735774994,0.1900465190410614
mathdial_2175_turn_016,telling,generic,0.5136125087738037,0.15251851081848145,0.36109399795532227
mathdial_2175_turn_016,telling,probing,0.5136125087738037,0.10848511010408401,0.4051273986697197
mathdial_2175_turn_016,telling,focus,0.5136125087738037,0.2253839075565338,0.2882286012172699
mathdial_2175_turn_018,telling,generic,0.4819285273551941,0.1825847029685974,0.2993438243865967
mathdial_2175_turn_018,telling,probing,0.4819285273551941,0.13454002141952515,0.34738850593566895
mathdial_2175_turn_018,telling,focus,0.4819285273551941,0.20094670355319977,0.2809818238019943
mathdial_2188_turn_000,generic,probing,0.7859083414077759,0.12260855734348297,0.6632997840642929
mathdial_2188_turn_000,generic,focus,0.7859083414077759,0.06381737440824509,0.7220909669995308
mathdial_2188_turn_000,generic,telling,0.7859083414077759,0.02766573801636696,0.7582426033914089
mathdial_2188_turn_002,probing,generic,0.5854895710945129,0.025952178984880447,0.5595373921096325
mathdial_2188_turn_002,probing,focus,0.5854895710945129,0.28452742099761963,0.3009621500968933
mathdial_2188_turn_002,probing,telling,0.5854895710945129,0.10403086245059967,0.48145870864391327
mathdial_2188_turn_004,probing,generic,0.6477410197257996,0.027291325852274895,0.6204496938735247
mathdial_2188_turn_004,probing,focus,0.6477410197257996,0.22694265842437744,0.4207983613014221
mathdial_2188_turn_004,probing,telling,0.6477410197257996,0.09802506864070892,0.5497159510850906
mathdial_2188_turn_006,probing,generic,0.5234678387641907,0.046107757836580276,0.4773600809276104
mathdial_2188_turn_006,probing,focus,0.5234678387641907,0.2780173122882843,0.24545052647590637
mathdial_2188_turn_006,probing,telling,0.5234678387641907,0.15240706503391266,0.371060773730278
mathdial_2188_turn_008,probing,generic,0.38959553837776184,0.08889524638652802,0.3007002919912338
mathdial_2188_turn_008,probing,focus,0.38959553837776184,0.29745006561279297,0.09214547276496887
mathdial_2188_turn_008,probing,telling,0.38959553837776184,0.22405922412872314,0.1655363142490387
mathdial_2188_turn_010,focus,generic,0.30117231607437134,0.118458092212677,0.18271422386169434
mathdial_2188_turn_010,focus,probing,0.30117231607437134,0.2918051779270172,0.009367138147354126
mathdial_2188_turn_010,focus,telling,0.30117231607437134,0.28856441378593445,0.01260790228843689
mathdial_2196_turn_000,generic,probing,0.7957644462585449,0.11438798159360886,0.6813764646649361
mathdial_2196_turn_000,generic,focus,0.7957644462585449,0.062356628477573395,0.7334078177809715
mathdial_2196_turn_000,generic,telling,0.7957644462585449,0.027490943670272827,0.7682735025882721
mathdial_2196_turn_002,focus,generic,0.6696609854698181,0.03645279258489609,0.633208192884922
mathdial_2196_turn_002,focus,probing,0.6696609854698181,0.24180124700069427,0.42785973846912384
mathdial_2196_turn_002,focus,telling,0.6696609854698181,0.05208500474691391,0.6175759807229042
mathdial_2196_turn_004,focus,generic,0.6759210228919983,0.04329214617609978,0.6326288767158985
mathdial_2196_turn_004,focus,probing,0.6759210228919983,0.1976180225610733,0.478303000330925
mathdial_2196_turn_004,focus,telling,0.6759210228919983,0.08316876739263535,0.592752255499363
mathdial_2202_turn_000,generic,probing,0.78521329164505,0.12559089064598083,0.6596224009990692
mathdial_2202_turn_000,generic,focus,0.78521329164505,0.061135184019804,0.724078107625246
mathdial_2202_turn_000,generic,telling,0.78521329164505,0.028060637414455414,0.7571526542305946
mathdial_2202_turn_002,probing,generic,0.5153452754020691,0.01953059621155262,0.49581467919051647
mathdial_2202_turn_002,probing,focus,0.5153452754020691,0.4064898192882538,0.10885545611381531
mathdial_2202_turn_002,probing,telling,0.5153452754020691,0.058634355664253235,0.45671091973781586
mathdial_2202_turn_004,probing,generic,0.43861186504364014,0.022616906091570854,0.4159949589520693
mathdial_2202_turn_004,probing,focus,0.43861186504364014,0.4248568117618561,0.013755053281784058
mathdial_2202_turn_004,probing,telling,0.43861186504364014,0.11391441524028778,0.32469744980335236
mathdial_2206_turn_000,generic,probing,0.7781607508659363,0.13251979649066925,0.645640954375267
mathdial_2206_turn_000,generic,focus,0.7781607508659363,0.05907415971159935,0.7190865911543369
mathdial_2206_turn_000,generic,telling,0.7781607508659363,0.030245287343859673,0.7479154635220766
mathdial_2206_turn_002,probing,generic,0.6607792973518372,0.03883996605873108,0.6219393312931061
mathdial_2206_turn_002,probing,focus,0.6607792973518372,0.18822099268436432,0.47255830466747284
mathdial_2206_turn_002,probing,telling,0.6607792973518372,0.11215970665216446,0.5486195906996727
mathdial_2206_turn_004,telling,generic,0.42517906427383423,0.20506995916366577,0.22010910511016846
mathdial_2206_turn_004,telling,probing,0.42517906427383423,0.24281565845012665,0.18236340582370758
mathdial_2206_turn_004,telling,focus,0.42517906427383423,0.12693533301353455,0.2982437312602997
mathdial_2206_turn_006,telling,generic,0.5029393434524536,0.2265019714832306,0.276437371969223
mathdial_2206_turn_006,telling,probing,0.5029393434524536,0.15073800086975098,0.35220134258270264
mathdial_2206_turn_006,telling,focus,0.5029393434524536,0.119820736348629,0.3831186071038246
mathdial_2206_turn_008,telling,generic,0.5372099876403809,0.19076712429523468,0.3464428633451462
mathdial_2206_turn_008,telling,probing,0.5372099876403809,0.15917439758777618,0.3780355900526047
mathdial_2206_turn_008,telling,focus,0.5372099876403809,0.11284852027893066,0.4243614673614502
mathdial_2206_turn_010,telling,generic,0.5646039843559265,0.17358282208442688,0.39102116227149963
mathdial_2206_turn_010,telling,probing,0.5646039843559265,0.14343170821666718,0.42117227613925934
mathdial_2206_turn_010,telling,focus,0.5646039843559265,0.11838151514530182,0.4462224692106247
mathdial_2206_turn_012,telling,generic,0.5978356599807739,0.1688745617866516,0.4289610981941223
mathdial_2206_turn_012,telling,probing,0.5978356599807739,0.1166563630104065,0.48117929697036743
mathdial_2206_turn_012,telling,focus,0.5978356599807739,0.11663331836462021,0.4812023416161537
mathdial_2206_turn_014,telling,generic,0.5231686234474182,0.17010313272476196,0.35306549072265625
mathdial_2206_turn_014,telling,probing,0.5231686234474182,0.13069523870944977,0.39247338473796844
mathdial_2206_turn_014,telling,focus,0.5231686234474182,0.17603302001953125,0.34713560342788696
mathdial_2238_turn_000,generic,probing,0.7936747074127197,0.11787351220846176,0.675801195204258
mathdial_2238_turn_000,generic,focus,0.7936747074127197,0.06116913631558418,0.7325055710971355
mathdial_2238_turn_000,generic,telling,0.7936747074127197,0.027282606810331345,0.7663921006023884
mathdial_2238_turn_002,focus,generic,0.48903197050094604,0.20626142621040344,0.2827705442905426
mathdial_2238_turn_002,focus,probing,0.48903197050094604,0.1191849336028099,0.36984703689813614
mathdial_2238_turn_002,focus,telling,0.48903197050094604,0.1855216920375824,0.30351027846336365
mathdial_2238_turn_004,focus,generic,0.5487220883369446,0.14386990666389465,0.4048521816730499
mathdial_2238_turn_004,focus,probing,0.5487220883369446,0.11167590320110321,0.43704618513584137
mathdial_2238_turn_004,focus,telling,0.5487220883369446,0.19573204219341278,0.3529900461435318
mathdial_2238_turn_006,focus,generic,0.5275083184242249,0.1288793981075287,0.39862892031669617
mathdial_2238_turn_006,focus,probing,0.5275083184242249,0.10580478608608246,0.4217035323381424
mathdial_2238_turn_006,focus,telling,0.5275083184242249,0.2378075271844864,0.28970079123973846
mathdial_2238_turn_008,focus,generic,0.4157210886478424,0.17402438819408417,0.24169670045375824
mathdial_2238_turn_008,focus,probing,0.4157210886478424,0.0974133312702179,0.3183077573776245
mathdial_2238_turn_008,focus,telling,0.4157210886478424,0.31284114718437195,0.10287994146347046
mathdial_2238_turn_010,telling,generic,0.3834223747253418,0.193068265914917,0.1903541088104248
mathdial_2238_turn_010,telling,probing,0.3834223747253418,0.15245844423770905,0.23096393048763275
mathdial_2238_turn_010,telling,focus,0.3834223747253418,0.27105098962783813,0.11237138509750366
mathdial_2238_turn_012,telling,generic,0.4145224094390869,0.21308892965316772,0.2014334797859192
mathdial_2238_turn_012,telling,probing,0.4145224094390869,0.14403602480888367,0.27048638463020325
mathdial_2238_turn_012,telling,focus,0.4145224094390869,0.2283526062965393,0.1861698031425476
mathdial_2238_turn_014,telling,generic,0.4081677496433258,0.22701379656791687,0.18115395307540894
mathdial_2238_turn_014,telling,probing,0.4081677496433258,0.1392941027879715,0.2688736468553543
mathdial_2238_turn_014,telling,focus,0.4081677496433258,0.22552438080310822,0.1826433688402176
mathdial_2238_turn_016,telling,generic,0.3976568281650543,0.22324083745479584,0.17441599071025848
mathdial_2238_turn_016,telling,probing,0.3976568281650543,0.15208962559700012,0.2455672025680542
mathdial_2238_turn_016,telling,focus,0.3976568281650543,0.2270127683877945,0.17064405977725983
mathdial_2269_turn_000,generic,probing,0.7916492223739624,0.1181250661611557,0.6735241562128067
mathdial_2269_turn_000,generic,focus,0.7916492223739624,0.06270939111709595,0.7289398312568665
mathdial_2269_turn_000,generic,telling,0.7916492223739624,0.027516277506947517,0.7641329448670149
mathdial_2269_turn_002,telling,generic,0.28414714336395264,0.248445525765419,0.03570161759853363
mathdial_2269_turn_002,telling,probing,0.28414714336395264,0.20975574851036072,0.07439139485359192
mathdial_2269_turn_002,telling,focus,0.28414714336395264,0.25765156745910645,0.02649557590484619
mathdial_2269_turn_004,telling,generic,0.46959903836250305,0.2558053135871887,0.21379372477531433
mathdial_2269_turn_004,telling,probing,0.46959903836250305,0.1290069967508316,0.34059204161167145
mathdial_2269_turn_004,telling,focus,0.46959903836250305,0.14558866620063782,0.32401037216186523
mathdial_2269_turn_006,telling,generic,0.5026756525039673,0.20171107351779938,0.3009645789861679
mathdial_2269_turn_006,telling,probing,0.5026756525039673,0.12140113115310669,0.3812745213508606
mathdial_2269_turn_006,telling,focus,0.5026756525039673,0.17421215772628784,0.32846349477767944
mathdial_2269_turn_008,telling,generic,0.5244256854057312,0.1917586326599121,0.3326670527458191
mathdial_2269_turn_008,telling,probing,0.5244256854057312,0.11183930933475494,0.41258637607097626
mathdial_2269_turn_008,telling,focus,0.5244256854057312,0.17197640240192413,0.35244928300380707
mathdial_2269_turn_010,telling,generic,0.5369275212287903,0.18308861553668976,0.3538389056921005
mathdial_2269_turn_010,telling,probing,0.5369275212287903,0.10609432309865952,0.43083319813013077
mathdial_2269_turn_010,telling,focus,0.5369275212287903,0.17388951778411865,0.36303800344467163
mathdial_2269_turn_012,telling,generic,0.4645399749279022,0.22091840207576752,0.2436215728521347
mathdial_2269_turn_012,telling,probing,0.4645399749279022,0.11177650094032288,0.35276347398757935
mathdial_2269_turn_012,telling,focus,0.4645399749279022,0.20276512205600739,0.26177485287189484
mathdial_2269_turn_014,telling,generic,0.5250886678695679,0.20403748750686646,0.3210511803627014
mathdial_2269_turn_014,telling,probing,0.5250886678695679,0.10339505225419998,0.4216936156153679
mathdial_2269_turn_014,telling,focus,0.5250886678695679,0.1674787700176239,0.35760989785194397
mathdial_2341_turn_000,generic,probing,0.7916492223739624,0.1181250661611557,0.6735241562128067
mathdial_2341_turn_000,generic,focus,0.7916492223739624,0.06270939111709595,0.7289398312568665
mathdial_2341_turn_000,generic,telling,0.7916492223739624,0.027516277506947517,0.7641329448670149
mathdial_2341_turn_002,focus,generic,0.6553511023521423,0.0318223275244236,0.6235287748277187
mathdial_2341_turn_002,focus,probing,0.6553511023521423,0.2595391273498535,0.3958119750022888
mathdial_2341_turn_002,focus,telling,0.6553511023521423,0.05328745394945145,0.6020636484026909
mathdial_2341_turn_004,focus,generic,0.6955447196960449,0.030228568241000175,0.6653161514550447
mathdial_2341_turn_004,focus,probing,0.6955447196960449,0.20968057215213776,0.48586414754390717
mathdial_2341_turn_004,focus,telling,0.6955447196960449,0.0645461156964302,0.6309986039996147
mathdial_2341_turn_006,focus,generic,0.5351890921592712,0.09041646867990494,0.4447726234793663
mathdial_2341_turn_006,focus,probing,0.5351890921592712,0.14649829268455505,0.3886907994747162
mathdial_2341_turn_006,focus,telling,0.5351890921592712,0.22789622843265533,0.3072928637266159
mathdial_2341_turn_008,focus,generic,0.5648574829101562,0.07305716723203659,0.49180031567811966
mathdial_2341_turn_008,focus,probing,0.5648574829101562,0.12947805225849152,0.43537943065166473
mathdial_2341_turn_008,focus,telling,0.5648574829101562,0.23260733485221863,0.3322501480579376
mathdial_2341_turn_010,telling,generic,0.4858018159866333,0.13855674862861633,0.34724506735801697
mathdial_2341_turn_010,telling,probing,0.4858018159866333,0.11493388563394547,0.37086793035268784
mathdial_2341_turn_010,telling,focus,0.4858018159866333,0.2607075572013855,0.2250942587852478
mathdial_2425_turn_000,generic,probing,0.7916492223739624,0.1181250661611557,0.6735241562128067
mathdial_2425_turn_000,generic,focus,0.7916492223739624,0.06270939111709595,0.7289398312568665
mathdial_2425_turn_000,generic,telling,0.7916492223739624,0.027516277506947517,0.7641329448670149
mathdial_2425_turn_002,focus,generic,0.6094692945480347,0.03241274878382683,0.5770565457642078
mathdial_2425_turn_002,focus,probing,0.6094692945480347,0.28983134031295776,0.3196379542350769
mathdial_2425_turn_002,focus,telling,0.6094692945480347,0.06828660517930984,0.5411826893687248
mathdial_2425_turn_004,focus,generic,0.4830437898635864,0.12649935483932495,0.3565444350242615
mathdial_2425_turn_004,focus,probing,0.4830437898635864,0.2579084038734436,0.22513538599014282
mathdial_2425_turn_004,focus,telling,0.4830437898635864,0.13254842162132263,0.3504953682422638
mathdial_2425_turn_006,focus,generic,0.4560326337814331,0.1380462497472763,0.3179863840341568
mathdial_2425_turn_006,focus,probing,0.4560326337814331,0.22442489862442017,0.23160773515701294
mathdial_2425_turn_006,focus,telling,0.4560326337814331,0.18149615824222565,0.27453647553920746
mathdial_2425_turn_008,telling,generic,0.4939407706260681,0.16835515201091766,0.32558561861515045
mathdial_2425_turn_008,telling,probing,0.4939407706260681,0.12620492279529572,0.3677358478307724
mathdial_2425_turn_008,telling,focus,0.4939407706260681,0.21149906516075134,0.2824417054653168
mathdial_2425_turn_010,telling,generic,0.38634881377220154,0.19026225805282593,0.1960865557193756
mathdial_2425_turn_010,telling,probing,0.38634881377220154,0.16398653388023376,0.22236227989196777
mathdial_2425_turn_010,telling,focus,0.38634881377220154,0.25940239429473877,0.12694641947746277
mathdial_2435_turn_000,generic,probing,0.7916492223739624,0.1181250661611557,0.6735241562128067
mathdial_2435_turn_000,generic,focus,0.7916492223739624,0.06270939111709595,0.7289398312568665
mathdial_2435_turn_000,generic,telling,0.7916492223739624,0.027516277506947517,0.7641329448670149
mathdial_2435_turn_002,focus,generic,0.5346911549568176,0.0464223213493824,0.4882688336074352
mathdial_2435_turn_002,focus,probing,0.5346911549568176,0.3274271488189697,0.2072640061378479
mathdial_2435_turn_002,focus,telling,0.5346911549568176,0.09145940840244293,0.4432317465543747
mathdial_2435_turn_004,telling,generic,0.3249768614768982,0.2543170750141144,0.07065978646278381
mathdial_2435_turn_004,telling,probing,0.3249768614768982,0.2088683843612671,0.1161084771156311
mathdial_2435_turn_004,telling,focus,0.3249768614768982,0.21183769404888153,0.11313916742801666
mathdial_2449_turn_000,generic,probing,0.7874300479888916,0.12134774774312973,0.6660823002457619
mathdial_2449_turn_000,generic,focus,0.7874300479888916,0.06268799304962158,0.72474205493927
mathdial_2449_turn_000,generic,telling,0.7874300479888916,0.028534291312098503,0.7588957566767931
mathdial_2449_turn_002,generic,probing,0.3352664113044739,0.23439650237560272,0.10086990892887115
mathdial_2449_turn_002,generic,focus,0.3352664113044739,0.15015189349651337,0.1851145178079605
mathdial_2449_turn_002,generic,telling,0.3352664113044739,0.28018516302108765,0.05508124828338623
mathdial_2449_turn_004,telling,generic,0.4612877368927002,0.2774955630302429,0.18379217386245728
mathdial_2449_turn_004,telling,probing,0.4612877368927002,0.14001181721687317,0.321275919675827
mathdial_2449_turn_004,telling,focus,0.4612877368927002,0.12120486795902252,0.3400828689336777
mathdial_2449_turn_006,telling,generic,0.4761216938495636,0.24761740863323212,0.22850428521633148
mathdial_2449_turn_006,telling,probing,0.4761216938495636,0.14443878829479218,0.3316829055547714
mathdial_2449_turn_006,telling,focus,0.4761216938495636,0.1318221390247345,0.3442995548248291
mathdial_2449_turn_008,telling,generic,0.4652499258518219,0.22236105799674988,0.24288886785507202
mathdial_2449_turn_008,telling,probing,0.4652499258518219,0.13358190655708313,0.33166801929473877
mathdial_2449_turn_008,telling,focus,0.4652499258518219,0.1788070797920227,0.2864428460597992
mathdial_2449_turn_010,telling,generic,0.5245028734207153,0.1961776465177536,0.32832522690296173
mathdial_2449_turn_010,telling,probing,0.5245028734207153,0.10090766847133636,0.42359520494937897
mathdial_2449_turn_010,telling,focus,0.5245028734207153,0.17841178178787231,0.346091091632843
mathdial_2449_turn_012,telling,generic,0.5482528209686279,0.18247218430042267,0.36578063666820526
mathdial_2449_turn_012,telling,probing,0.5482528209686279,0.0922330915927887,0.45601972937583923
mathdial_2449_turn_012,telling,focus,0.5482528209686279,0.17704187333583832,0.3712109476327896
mathdial_2456_turn_000,generic,probing,0.7954174280166626,0.11586768180131912,0.6795497462153435
mathdial_2456_turn_000,generic,focus,0.7954174280166626,0.0612519197165966,0.734165508300066
mathdial_2456_turn_000,generic,telling,0.7954174280166626,0.027463039383292198,0.7679543886333704
mathdial_2456_turn_002,focus,generic,0.4629492461681366,0.23403923213481903,0.22891001403331757
mathdial_2456_turn_002,focus,probing,0.4629492461681366,0.1135653406381607,0.3493839055299759
mathdial_2456_turn_002,focus,telling,0.4629492461681366,0.18944622576236725,0.27350302040576935
mathdial_2456_turn_004,generic,probing,0.35850200057029724,0.1301969289779663,0.22830507159233093
mathdial_2456_turn_004,generic,focus,0.35850200057029724,0.26790735125541687,0.09059464931488037
mathdial_2456_turn_004,generic,telling,0.35850200057029724,0.243393674492836,0.11510832607746124
mathdial_2459_turn_000,generic,probing,0.7963583469390869,0.11438500881195068,0.6819733381271362
mathdial_2459_turn_000,generic,focus,0.7963583469390869,0.06212719529867172,0.7342311516404152
mathdial_2459_turn_000,generic,telling,0.7963583469390869,0.02712949551641941,0.7692288514226675
mathdial_2459_turn_002,generic,probing,0.5510232448577881,0.2799620032310486,0.2710612416267395
mathdial_2459_turn_002,generic,focus,0.5510232448577881,0.11156117916107178,0.4394620656967163
mathdial_2459_turn_002,generic,telling,0.5510232448577881,0.05745355412364006,0.493569690734148
mathdial_2459_turn_004,probing,generic,0.4487617313861847,0.1862848550081253,0.2624768763780594
mathdial_2459_turn_004,probing,focus,0.4487617313861847,0.2488488107919693,0.1999129205942154
mathdial_2459_turn_004,probing,telling,0.4487617313861847,0.1161046028137207,0.332657128572464
mathdial_2463_turn_000,generic,probing,0.7865641713142395,0.12284082919359207,0.6637233421206474
mathdial_2463_turn_000,generic,focus,0.7865641713142395,0.061253439635038376,0.7253107316792011
mathdial_2463_turn_000,generic,telling,0.7865641713142395,0.02934151142835617,0.7572226598858833
mathdial_2463_turn_002,probing,generic,0.6447822451591492,0.050569649785757065,0.5942125953733921
mathdial_2463_turn_002,probing,focus,0.6447822451591492,0.14111195504665375,0.5036702901124954
mathdial_2463_turn_002,probing,telling,0.6447822451591492,0.16353625059127808,0.4812459945678711
mathdial_2463_turn_004,probing,generic,0.5974719524383545,0.06402469426393509,0.5334472581744194
mathdial_2463_turn_004,probing,focus,0.5974719524383545,0.13069549202919006,0.46677646040916443
mathdial_2463_turn_004,probing,telling,0.5974719524383545,0.20780780911445618,0.3896641433238983
mathdial_2463_turn_006,focus,generic,0.2875472903251648,0.21145778894424438,0.07608950138092041
mathdial_2463_turn_006,focus,probing,0.2875472903251648,0.24633149802684784,0.041215792298316956
mathdial_2463_turn_006,focus,telling,0.2875472903251648,0.2546633780002594,0.032883912324905396
mathdial_2463_turn_008,telling,generic,0.29133033752441406,0.20283636450767517,0.08849397301673889
mathdial_2463_turn_008,telling,probing,0.29133033752441406,0.21546491980552673,0.07586541771888733
mathdial_2463_turn_008,telling,focus,0.29133033752441406,0.2903684377670288,0.0009618997573852539
mathdial_2464_turn_000,generic,probing,0.7911796569824219,0.12003253400325775,0.6711471229791641
mathdial_2464_turn_000,generic,focus,0.7911796569824219,0.060913749039173126,0.7302659079432487
mathdial_2464_turn_000,generic,telling,0.7911796569824219,0.027874059975147247,0.7633055970072746
mathdial_2464_turn_001,generic,probing,0.8305086493492126,0.0900455191731453,0.7404631301760674
mathdial_2464_turn_001,generic,focus,0.8305086493492126,0.05685679614543915,0.7736518532037735
mathdial_2464_turn_001,generic,telling,0.8305086493492126,0.02258906699717045,0.8079195823520422
mathdial_2464_turn_002,generic,probing,0.8303068280220032,0.08833038061857224,0.7419764474034309
mathdial_2464_turn_002,generic,focus,0.8303068280220032,0.05772443115711212,0.772582396864891
mathdial_2464_turn_002,generic,telling,0.8303068280220032,0.023638376966118813,0.8066684510558844
mathdial_2464_turn_003,generic,probing,0.8304157257080078,0.08717365562915802,0.7432420700788498
mathdial_2464_turn_003,generic,focus,0.8304157257080078,0.05825145170092583,0.772164274007082
mathdial_2464_turn_003,generic,telling,0.8304157257080078,0.02415916882455349,0.8062565568834543
mathdial_2464_turn_005,probing,generic,0.4953199028968811,0.03856475278735161,0.4567551501095295
mathdial_2464_turn_005,probing,focus,0.4953199028968811,0.3928505778312683,0.10246932506561279
mathdial_2464_turn_005,probing,telling,0.4953199028968811,0.07326475530862808,0.422055147588253
mathdial_2464_turn_007,focus,generic,0.6261540651321411,0.051821690052747726,0.5743323750793934
mathdial_2464_turn_007,focus,probing,0.6261540651321411,0.2341431826353073,0.3920108824968338
mathdial_2464_turn_007,focus,telling,0.6261540651321411,0.08788099884986877,0.5382730662822723
mathdial_2464_turn_009,focus,generic,0.6244109272956848,0.05601489916443825,0.5683960281312466
mathdial_2464_turn_009,focus,probing,0.6244109272956848,0.22460293769836426,0.39980798959732056
mathdial_2464_turn_009,focus,telling,0.6244109272956848,0.09497126191854477,0.52943966537714
mathdial_2464_turn_011,focus,generic,0.6223127841949463,0.05692161247134209,0.5653911717236042
mathdial_2464_turn_011,focus,probing,0.6223127841949463,0.21172861754894257,0.4105841666460037
mathdial_2464_turn_011,focus,telling,0.6223127841949463,0.10903709381818771,0.5132756903767586
mathdial_2464_turn_013,focus,generic,0.6113503575325012,0.06422194093465805,0.5471284165978432
mathdial_2464_turn_013,focus,probing,0.6113503575325012,0.20194011926651,0.4094102382659912
mathdial_2464_turn_013,focus,telling,0.6113503575325012,0.12248756736516953,0.4888627901673317
mathdial_2464_turn_015,focus,generic,0.5692375302314758,0.08660076558589935,0.4826367646455765
mathdial_2464_turn_015,focus,probing,0.5692375302314758,0.17480911314487457,0.39442841708660126
mathdial_2464_turn_015,focus,telling,0.5692375302314758,0.16935260593891144,0.3998849242925644
mathdial_2464_turn_016,focus,generic,0.5064374804496765,0.1147419735789299,0.3916955068707466
mathdial_2464_turn_016,focus,probing,0.5064374804496765,0.19107554852962494,0.3153619319200516
mathdial_2464_turn_016,focus,telling,0.5064374804496765,0.18774500489234924,0.31869247555732727
mathdial_2464_turn_018,focus,generic,0.35719946026802063,0.1838655024766922,0.17333395779132843
mathdial_2464_turn_018,focus,probing,0.35719946026802063,0.14165844023227692,0.2155410200357437
mathdial_2464_turn_018,focus,telling,0.35719946026802063,0.31727659702301025,0.039922863245010376
mathdial_2468_turn_000,generic,probing,0.7850817441940308,0.12464559823274612,0.6604361459612846
mathdial_2468_turn_000,generic,focus,0.7850817441940308,0.06142440810799599,0.7236573360860348
mathdial_2468_turn_000,generic,telling,0.7850817441940308,0.028848212212324142,0.7562335319817066
mathdial_2468_turn_002,focus,generic,0.46229103207588196,0.021531738340854645,0.4407592937350273
mathdial_2468_turn_002,focus,probing,0.46229103207588196,0.45752397179603577,0.004767060279846191
mathdial_2468_turn_002,focus,telling,0.46229103207588196,0.05865320935845375,0.4036378227174282
mathdial_2468_turn_004,focus,generic,0.45407742261886597,0.01936059072613716,0.4347168318927288
mathdial_2468_turn_004,focus,probing,0.45407742261886597,0.4536817967891693,0.0003956258296966553
mathdial_2468_turn_004,focus,telling,0.45407742261886597,0.07288026064634323,0.38119716197252274
mathdial_2468_turn_006,probing,generic,0.3834069073200226,0.07043222337961197,0.3129746839404106
mathdial_2468_turn_006,probing,focus,0.3834069073200226,0.37318164110183716,0.010225266218185425
mathdial_2468_turn_006,probing,telling,0.3834069073200226,0.1729792207479477,0.2104276865720749
mathdial_2468_turn_008,focus,generic,0.3641603887081146,0.08780080825090408,0.27635958045721054
mathdial_2468_turn_008,focus,probing,0.3641603887081146,0.33993303775787354,0.02422735095024109
mathdial_2468_turn_008,focus,telling,0.3641603887081146,0.20810574293136597,0.15605464577674866
mathdial_2468_turn_010,focus,generic,0.3626752197742462,0.0974695011973381,0.2652057185769081
mathdial_2468_turn_010,focus,probing,0.3626752197742462,0.3054041862487793,0.05727103352546692
mathdial_2468_turn_010,focus,telling,0.3626752197742462,0.23445111513137817,0.12822410464286804
mathdial_2476_turn_000,generic,probing,0.7957967519760132,0.11470282822847366,0.6810939237475395
mathdial_2476_turn_000,generic,focus,0.7957967519760132,0.062055546790361404,0.7337412051856518
mathdial_2476_turn_000,generic,telling,0.7957967519760132,0.027444973587989807,0.7683517783880234
mathdial_2476_turn_002,focus,generic,0.5520416498184204,0.025066429749131203,0.5269752200692892
mathdial_2476_turn_002,focus,probing,0.5520416498184204,0.37196022272109985,0.18008142709732056
mathdial_2476_turn_002,focus,telling,0.5520416498184204,0.05093167722225189,0.5011099725961685
mathdial_2476_turn_004,focus,generic,0.5381653904914856,0.032165370881557465,0.5060000196099281
mathdial_2476_turn_004,focus,probing,0.5381653904914856,0.3123130798339844,0.22585231065750122
mathdial_2476_turn_004,focus,telling,0.5381653904914856,0.11735617369413376,0.42080921679735184
mathdial_2476_turn_006,focus,generic,0.39199069142341614,0.09907221794128418,0.29291847348213196
mathdial_2476_turn_006,focus,probing,0.39199069142341614,0.18322211503982544,0.2087685763835907
mathdial_2476_turn_006,focus,telling,0.39199069142341614,0.32571494579315186,0.06627574563026428
mathdial_2476_turn_008,focus,generic,0.39453285932540894,0.09256282448768616,0.3019700348377228
mathdial_2476_turn_008,focus,probing,0.39453285932540894,0.1661687195301056,0.22836413979530334
mathdial_2476_turn_008,focus,telling,0.39453285932540894,0.3467356562614441,0.047797203063964844
mathdial_2486_turn_000,generic,probing,0.7756917476654053,0.13406877219676971,0.6416229754686356
mathdial_2486_turn_000,generic,focus,0.7756917476654053,0.06040884181857109,0.7152829058468342
mathdial_2486_turn_000,generic,telling,0.7756917476654053,0.029830580577254295,0.745861167088151
mathdial_2486_turn_002,generic,probing,0.40864408016204834,0.21281298995018005,0.1958310902118683
mathdial_2486_turn_002,generic,focus,0.40864408016204834,0.17792671918869019,0.23071736097335815
mathdial_2486_turn_002,generic,telling,0.40864408016204834,0.20061615109443665,0.2080279290676117
mathdial_2486_turn_004,telling,generic,0.31212878227233887,0.30285581946372986,0.009272962808609009
mathdial_2486_turn_004,telling,probing,0.31212878227233887,0.17805016040802002,0.13407862186431885
mathdial_2486_turn_004,telling,focus,0.31212878227233887,0.20696526765823364,0.10516351461410522
mathdial_2486_turn_006,telling,generic,0.34344539046287537,0.2885725498199463,0.05487284064292908
mathdial_2486_turn_006,telling,probing,0.34344539046287537,0.15641389787197113,0.18703149259090424
mathdial_2486_turn_006,telling,focus,0.34344539046287537,0.2115681916475296,0.13187719881534576
mathdial_2486_turn_008,telling,generic,0.3849963843822479,0.2825916111469269,0.10240477323532104
mathdial_2486_turn_008,telling,probing,0.3849963843822479,0.13248147070407867,0.25251491367816925
mathdial_2486_turn_008,telling,focus,0.3849963843822479,0.19993045926094055,0.18506592512130737
mathdial_2487_turn_000,generic,probing,0.7786768078804016,0.13095740973949432,0.6477193981409073
mathdial_2487_turn_000,generic,focus,0.7786768078804016,0.06212138384580612,0.7165554240345955
mathdial_2487_turn_000,generic,telling,0.7786768078804016,0.028244463726878166,0.7504323441535234
mathdial_2487_turn_002,generic,probing,0.40174657106399536,0.27314725518226624,0.12859931588172913
mathdial_2487_turn_002,generic,focus,0.40174657106399536,0.20795609056949615,0.1937904804944992
mathdial_2487_turn_002,generic,telling,0.40174657106399536,0.11715005338191986,0.2845965176820755
mathdial_2487_turn_004,probing,generic,0.33581969141960144,0.25879624485969543,0.077023446559906
mathdial_2487_turn_004,probing,focus,0.33581969141960144,0.22746047377586365,0.10835921764373779
mathdial_2487_turn_004,probing,telling,0.33581969141960144,0.17792366445064545,0.157896026968956
mathdial_2487_turn_006,generic,probing,0.2680683135986328,0.25282639265060425,0.015241920948028564
mathdial_2487_turn_006,generic,focus,0.2680683135986328,0.2284558117389679,0.03961250185966492
mathdial_2487_turn_006,generic,telling,0.2680683135986328,0.25064942240715027,0.017418891191482544
mathdial_2487_turn_008,telling,generic,0.325931578874588,0.31587859988212585,0.010052978992462158
mathdial_2487_turn_008,telling,probing,0.325931578874588,0.1694520264863968,0.15647955238819122
mathdial_2487_turn_008,telling,focus,0.325931578874588,0.18873773515224457,0.13719384372234344
mathdial_2487_turn_010,generic,probing,0.3042823076248169,0.198268324136734,0.10601398348808289
mathdial_2487_turn_010,generic,focus,0.3042823076248169,0.23446445167064667,0.06981785595417023
mathdial_2487_turn_010,generic,telling,0.3042823076248169,0.26298490166664124,0.04129740595817566
mathdial_2487_turn_012,telling,generic,0.3031920790672302,0.28633826971054077,0.016853809356689453
mathdial_2487_turn_012,telling,probing,0.3031920790672302,0.19117674231529236,0.11201533675193787
mathdial_2487_turn_012,telling,focus,0.3031920790672302,0.21929289400577545,0.08389918506145477
mathdial_2487_turn_014,generic,probing,0.2987827658653259,0.18372611701488495,0.11505664885044098
mathdial_2487_turn_014,generic,focus,0.2987827658653259,0.22663629055023193,0.072146475315094
mathdial_2487_turn_014,generic,telling,0.2987827658653259,0.2908547818660736,0.00792798399925232
mathdial_2492_turn_000,generic,probing,0.7926049828529358,0.11773533374071121,0.6748696491122246
mathdial_2492_turn_000,generic,focus,0.7926049828529358,0.062018346041440964,0.7305866368114948
mathdial_2492_turn_000,generic,telling,0.7926049828529358,0.027641238644719124,0.7649637442082167
mathdial_2492_turn_002,focus,generic,0.6067631244659424,0.022439759224653244,0.5843233652412891
mathdial_2492_turn_002,focus,probing,0.6067631244659424,0.30543166399002075,0.30133146047592163
mathdial_2492_turn_002,focus,telling,0.6067631244659424,0.0653655081987381,0.5413976162672043
mathdial_2492_turn_004,focus,generic,0.4036366641521454,0.048704661428928375,0.354932002723217
mathdial_2492_turn_004,focus,probing,0.4036366641521454,0.2480343133211136,0.1556023508310318
mathdial_2492_turn_004,focus,telling,0.4036366641521454,0.29962432384490967,0.10401234030723572
mathdial_2492_turn_006,focus,generic,0.4086475074291229,0.04728652164340019,0.36136098578572273
mathdial_2492_turn_006,focus,probing,0.4086475074291229,0.22825099527835846,0.18039651215076447
mathdial_2492_turn_006,focus,telling,0.4086475074291229,0.3158150613307953,0.09283244609832764
mathdial_2492_turn_008,focus,generic,0.4080037772655487,0.049047257751226425,0.3589565195143223
mathdial_2492_turn_008,focus,probing,0.4080037772655487,0.20815038681030273,0.19985339045524597
mathdial_2492_turn_008,focus,telling,0.4080037772655487,0.3347986340522766,0.0732051432132721
mathdial_2495_turn_000,generic,probing,0.791831910610199,0.11948160827159882,0.6723503023386002
mathdial_2495_turn_000,generic,focus,0.791831910610199,0.0618085116147995,0.7300233989953995
mathdial_2495_turn_000,generic,telling,0.791831910610199,0.026877939701080322,0.7649539709091187
mathdial_2495_turn_002,focus,generic,0.5038166046142578,0.04911420866847038,0.45470239594578743
mathdial_2495_turn_002,focus,probing,0.5038166046142578,0.2997300624847412,0.2040865421295166
mathdial_2495_turn_002,focus,telling,0.5038166046142578,0.1473390907049179,0.3564775139093399
mathdial_2495_turn_004,focus,generic,0.4634440541267395,0.04766989126801491,0.4157741628587246
mathdial_2495_turn_004,focus,probing,0.4634440541267395,0.29582327604293823,0.16762077808380127
mathdial_2495_turn_004,focus,telling,0.4634440541267395,0.19306281208992004,0.27038124203681946
mathdial_2495_turn_006,focus,generic,0.5154751539230347,0.06491886079311371,0.45055629312992096
mathdial_2495_turn_006,focus,probing,0.5154751539230347,0.2404632270336151,0.27501192688941956
mathdial_2495_turn_006,focus,telling,0.5154751539230347,0.17914271354675293,0.33633244037628174
mathdial_2495_turn_008,focus,generic,0.47511765360832214,0.08436285704374313,0.390754796564579
mathdial_2495_turn_008,focus,probing,0.47511765360832214,0.23444387316703796,0.24067378044128418
mathdial_2495_turn_008,focus,telling,0.47511765360832214,0.20607559382915497,0.2690420597791672
mathdial_2495_turn_010,focus,generic,0.3621702790260315,0.1416930854320526,0.22047719359397888
mathdial_2495_turn_010,focus,probing,0.3621702790260315,0.20535382628440857,0.15681645274162292
mathdial_2495_turn_010,focus,telling,0.3621702790260315,0.2907828092575073,0.07138746976852417
mathdial_2502_turn_000,generic,probing,0.7951993346214294,0.11511876434087753,0.6800805702805519
mathdial_2502_turn_000,generic,focus,0.7951993346214294,0.06190313771367073,0.7332961969077587
mathdial_2502_turn_000,generic,telling,0.7951993346214294,0.027778737246990204,0.7674205973744392
mathdial_2502_turn_002,focus,generic,0.6672909259796143,0.030589135363698006,0.6367017906159163
mathdial_2502_turn_002,focus,probing,0.6672909259796143,0.24853062629699707,0.4187602996826172
mathdial_2502_turn_002,focus,telling,0.6672909259796143,0.05358923226594925,0.613701693713665
mathdial_2502_turn_004,focus,generic,0.6777825355529785,0.029307862743735313,0.6484746728092432
mathdial_2502_turn_004,focus,probing,0.6777825355529785,0.22534549236297607,0.45243704319000244
mathdial_2502_turn_004,focus,telling,0.6777825355529785,0.06756405532360077,0.6102184802293777
mathdial_2502_turn_006,focus,generic,0.40321335196495056,0.19542263448238373,0.20779071748256683
mathdial_2502_turn_006,focus,probing,0.40321335196495056,0.252067506313324,0.1511458456516266
mathdial_2502_turn_006,focus,telling,0.40321335196495056,0.14929646253585815,0.2539168894290924
mathdial_2502_turn_008,focus,generic,0.3998711407184601,0.19118455052375793,0.20868659019470215
mathdial_2502_turn_008,focus,probing,0.3998711407184601,0.2567858397960663,0.1430853009223938
mathdial_2502_turn_008,focus,telling,0.3998711407184601,0.1521584540605545,0.24771268665790558
mathdial_2502_turn_010,focus,generic,0.4303862154483795,0.13374601304531097,0.29664020240306854
mathdial_2502_turn_010,focus,probing,0.4303862154483795,0.24837249517440796,0.18201372027397156
mathdial_2502_turn_010,focus,telling,0.4303862154483795,0.1874951869249344,0.24289102852344513
mathdial_2502_turn_012,focus,generic,0.414402574300766,0.14117936789989471,0.2732232064008713
mathdial_2502_turn_012,focus,probing,0.414402574300766,0.2314358800649643,0.1829666942358017
mathdial_2502_turn_012,focus,telling,0.414402574300766,0.212982177734375,0.201420396566391
mathdial_2502_turn_014,telling,generic,0.35391169786453247,0.16511152684688568,0.1888001710176468
mathdial_2502_turn_014,telling,probing,0.35391169786453247,0.18568210303783417,0.1682295948266983
mathdial_2502_turn_014,telling,focus,0.35391169786453247,0.29529473185539246,0.058616966009140015
mathdial_2502_turn_016,focus,generic,0.4463086724281311,0.11653966456651688,0.3297690078616142
mathdial_2502_turn_016,focus,probing,0.4463086724281311,0.18210721015930176,0.26420146226882935
mathdial_2502_turn_016,focus,telling,0.4463086724281311,0.25504443049430847,0.19126424193382263
mathdial_2502_turn_018,focus,generic,0.3573908805847168,0.17940273880958557,0.17798814177513123
mathdial_2502_turn_018,focus,probing,0.3573908805847168,0.20746329426765442,0.14992758631706238
mathdial_2502_turn_018,focus,telling,0.3573908805847168,0.25574302673339844,0.10164785385131836
mathdial_2502_turn_020,focus,generic,0.45622071623802185,0.1320442259311676,0.32417649030685425
mathdial_2502_turn_020,focus,probing,0.45622071623802185,0.20772980153560638,0.24849091470241547
mathdial_2502_turn_020,focus,telling,0.45622071623802185,0.20400522649288177,0.2522154897451401
mathdial_2522_turn_000,generic,probing,0.7602837085723877,0.14244268834590912,0.6178410202264786
mathdial_2522_turn_000,generic,focus,0.7602837085723877,0.06674151867628098,0.6935421898961067
mathdial_2522_turn_000,generic,telling,0.7602837085723877,0.03053206205368042,0.7297516465187073
mathdial_2522_turn_002,focus,generic,0.6187850832939148,0.11230501532554626,0.5064800679683685
mathdial_2522_turn_002,focus,probing,0.6187850832939148,0.12030759453773499,0.4984774887561798
mathdial_2522_turn_002,focus,telling,0.6187850832939148,0.14860229194164276,0.47018279135227203
mathdial_2522_turn_004,focus,generic,0.6097841858863831,0.10249549150466919,0.5072886943817139
mathdial_2522_turn_004,focus,probing,0.6097841858863831,0.09965977817773819,0.5101244077086449
mathdial_2522_turn_004,focus,telling,0.6097841858863831,0.18806052207946777,0.4217236638069153
mathdial_2522_turn_006,focus,generic,0.445317804813385,0.1697068214416504,0.2756109833717346
mathdial_2522_turn_006,focus,probing,0.445317804813385,0.08576342463493347,0.35955438017845154
mathdial_2522_turn_006,focus,telling,0.445317804813385,0.29921191930770874,0.14610588550567627
mathdial_2522_turn_008,telling,generic,0.589523434638977,0.13848456740379333,0.4510388672351837
mathdial_2522_turn_008,telling,probing,0.589523434638977,0.08087170124053955,0.5086517333984375
mathdial_2522_turn_008,telling,focus,0.589523434638977,0.19112028181552887,0.3984031528234482
mathdial_2532_turn_000,generic,probing,0.781792163848877,0.12683212757110596,0.654960036277771
mathdial_2532_turn_000,generic,focus,0.781792163848877,0.06256905198097229,0.7192231118679047
mathdial_2532_turn_000,generic,telling,0.781792163848877,0.028806738555431366,0.7529854252934456
mathdial_2532_turn_002,probing,generic,0.31881123781204224,0.21270784735679626,0.10610339045524597
mathdial_2532_turn_002,probing,focus,0.31881123781204224,0.1665564924478531,0.15225474536418915
mathdial_2532_turn_002,probing,telling,0.31881123781204224,0.30192434787750244,0.016886889934539795
mathdial_2532_turn_004,telling,generic,0.4550691545009613,0.18191149830818176,0.27315765619277954
mathdial_2532_turn_004,telling,probing,0.4550691545009613,0.22041760385036469,0.23465155065059662
mathdial_2532_turn_004,telling,focus,0.4550691545009613,0.1426018476486206,0.3124673068523407
mathdial_2541_turn_000,generic,probing,0.7868207097053528,0.12263909727334976,0.664181612432003
mathdial_2541_turn_000,generic,focus,0.7868207097053528,0.0629105195403099,0.7239101901650429
mathdial_2541_turn_000,generic,telling,0.7868207097053528,0.027629725635051727,0.7591909840703011
mathdial_2541_turn_002,focus,generic,0.5505931973457336,0.02241010032594204,0.5281830970197916
mathdial_2541_turn_002,focus,probing,0.5505931973457336,0.37235042452812195,0.1782427728176117
mathdial_2541_turn_002,focus,telling,0.5505931973457336,0.0546463318169117,0.49594686552882195
mathdial_2541_turn_004,focus,generic,0.3637131154537201,0.06638751178979874,0.29732560366392136
mathdial_2541_turn_004,focus,probing,0.3637131154537201,0.3363574743270874,0.02735564112663269
mathdial_2541_turn_004,focus,telling,0.3637131154537201,0.2335418313741684,0.1301712840795517
mathdial_2541_turn_006,telling,generic,0.3514224588871002,0.14540337026119232,0.2060190886259079
mathdial_2541_turn_006,telling,probing,0.3514224588871002,0.25096386671066284,0.10045859217643738
mathdial_2541_turn_006,telling,focus,0.3514224588871002,0.2522103190422058,0.09921213984489441
mathdial_2541_turn_008,telling,generic,0.35777896642684937,0.1106906458735466,0.24708832055330276
mathdial_2541_turn_008,telling,probing,0.35777896642684937,0.2247331738471985,0.13304579257965088
mathdial_2541_turn_008,telling,focus,0.35777896642684937,0.30679720640182495,0.050981760025024414
mathdial_2541_turn_010,telling,generic,0.4016556441783905,0.10905478149652481,0.2926008626818657
mathdial_2541_turn_010,telling,probing,0.4016556441783905,0.19112680852413177,0.21052883565425873
mathdial_2541_turn_010,telling,focus,0.4016556441783905,0.2981627285480499,0.10349291563034058
mathdial_2541_turn_012,telling,generic,0.4792436361312866,0.16759297251701355,0.31165066361427307
mathdial_2541_turn_012,telling,probing,0.4792436361312866,0.14882950484752655,0.33041413128376007
mathdial_2541_turn_012,telling,focus,0.4792436361312866,0.2043338567018509,0.27490977942943573
mathdial_2569_turn_000,generic,probing,0.784680187702179,0.12445392459630966,0.6602262631058693
mathdial_2569_turn_000,generic,focus,0.784680187702179,0.06315538287162781,0.7215248048305511
mathdial_2569_turn_000,generic,telling,0.784680187702179,0.027710525318980217,0.7569696623831987
mathdial_2569_turn_002,focus,generic,0.568958044052124,0.03586879000067711,0.5330892540514469
mathdial_2569_turn_002,focus,probing,0.568958044052124,0.35821059346199036,0.21074745059013367
mathdial_2569_turn_002,focus,telling,0.568958044052124,0.036962565034627914,0.5319954790174961
mathdial_2569_turn_004,focus,generic,0.6031898856163025,0.03162544220685959,0.5715644434094429
mathdial_2569_turn_004,focus,probing,0.6031898856163025,0.3262821435928345,0.276907742023468
mathdial_2569_turn_004,focus,telling,0.6031898856163025,0.03890259563922882,0.5642872899770737
mathdial_2569_turn_006,focus,generic,0.622184693813324,0.030709613114595413,0.5914750806987286
mathdial_2569_turn_006,focus,probing,0.622184693813324,0.30437609553337097,0.317808598279953
mathdial_2569_turn_006,focus,telling,0.622184693813324,0.04272961616516113,0.5794550776481628
mathdial_2569_turn_008,focus,generic,0.6425769329071045,0.03314854949712753,0.609428383409977
mathdial_2569_turn_008,focus,probing,0.6425769329071045,0.27695605158805847,0.365620881319046
mathdial_2569_turn_008,focus,telling,0.6425769329071045,0.047318413853645325,0.5952585190534592
mathdial_2569_turn_010,focus,generic,0.6197404265403748,0.04897197335958481,0.57076845318079
mathdial_2569_turn_010,focus,probing,0.6197404265403748,0.2600231170654297,0.35971730947494507
mathdial_2569_turn_010,focus,telling,0.6197404265403748,0.07126457244157791,0.5484758540987968
mathdial_2569_turn_012,generic,probing,0.322412371635437,0.23262669146060944,0.08978568017482758
mathdial_2569_turn_012,generic,focus,0.322412371635437,0.2697031497955322,0.052709221839904785
mathdial_2569_turn_012,generic,telling,0.322412371635437,0.17525774240493774,0.14715462923049927
mathdial_2571_turn_000,generic,probing,0.7945287823677063,0.11740472912788391,0.6771240532398224
mathdial_2571_turn_000,generic,focus,0.7945287823677063,0.06065819039940834,0.733870591968298
mathdial_2571_turn_000,generic,telling,0.7945287823677063,0.02740827389061451,0.7671205084770918
mathdial_2571_turn_002,probing,generic,0.6133748292922974,0.02957156114280224,0.5838032681494951
mathdial_2571_turn_002,probing,focus,0.6133748292922974,0.3048904240131378,0.30848440527915955
mathdial_2571_turn_002,probing,telling,0.6133748292922974,0.05216323956847191,0.5612115897238255
mathdial_2571_turn_004,probing,generic,0.5397663712501526,0.028387341648340225,0.5113790296018124
mathdial_2571_turn_004,probing,focus,0.5397663712501526,0.32026541233062744,0.21950095891952515
mathdial_2571_turn_004,probing,telling,0.5397663712501526,0.11158087849617004,0.42818549275398254
mathdial_2571_turn_006,probing,generic,0.3388136923313141,0.10514074563980103,0.23367294669151306
mathdial_2571_turn_006,probing,focus,0.3388136923313141,0.24534812569618225,0.09346556663513184
mathdial_2571_turn_006,probing,telling,0.3388136923313141,0.31069743633270264,0.02811625599861145
mathdial_2571_turn_008,telling,generic,0.39959144592285156,0.13538356125354767,0.2642078846693039
mathdial_2571_turn_008,telling,probing,0.39959144592285156,0.21437710523605347,0.1852143406867981
mathdial_2571_turn_008,telling,focus,0.39959144592285156,0.2506478726863861,0.14894357323646545
mathdial_2576_turn_000,generic,probing,0.7916492223739624,0.1181250661611557,0.6735241562128067
mathdial_2576_turn_000,generic,focus,0.7916492223739624,0.06270939111709595,0.7289398312568665
mathdial_2576_turn_000,generic,telling,0.7916492223739624,0.027516277506947517,0.7641329448670149
mathdial_2576_turn_002,probing,generic,0.651955246925354,0.025517472997307777,0.6264377739280462
mathdial_2576_turn_002,probing,focus,0.651955246925354,0.26311421394348145,0.38884103298187256
mathdial_2576_turn_002,probing,telling,0.651955246925354,0.059413064271211624,0.5925421826541424
mathdial_2576_turn_004,probing,generic,0.6323833465576172,0.020246433094143867,0.6121369134634733
mathdial_2576_turn_004,probing,focus,0.6323833465576172,0.2620718777179718,0.3703114688396454
mathdial_2576_turn_004,probing,telling,0.6323833465576172,0.08529842644929886,0.5470849201083183
mathdial_2576_turn_006,probing,generic,0.5741156339645386,0.02551870606839657,0.548596927896142
mathdial_2576_turn_006,probing,focus,0.5741156339645386,0.2850458323955536,0.289069801568985
mathdial_2576_turn_006,probing,telling,0.5741156339645386,0.11531980335712433,0.45879583060741425
mathdial_2576_turn_008,focus,generic,0.3311590850353241,0.09179522842168808,0.23936385661363602
mathdial_2576_turn_008,focus,probing,0.3311590850353241,0.2696768641471863,0.06148222088813782
mathdial_2576_turn_008,focus,telling,0.3311590850353241,0.3073688745498657,0.023790210485458374
mathdial_2576_turn_010,telling,generic,0.3968718945980072,0.10680988430976868,0.2900620102882385
mathdial_2576_turn_010,telling,probing,0.3968718945980072,0.1917518973350525,0.2051199972629547
mathdial_2576_turn_010,telling,focus,0.3968718945980072,0.304566353559494,0.09230554103851318
mathdial_2576_turn_012,telling,generic,0.36685386300086975,0.1590929627418518,0.20776090025901794
mathdial_2576_turn_012,telling,probing,0.36685386300086975,0.16772589087486267,0.19912797212600708
mathdial_2576_turn_012,telling,focus,0.36685386300086975,0.30632728338241577,0.06052657961845398
mathdial_2576_turn_014,telling,generic,0.43634796142578125,0.19129037857055664,0.2450575828552246
mathdial_2576_turn_014,telling,probing,0.43634796142578125,0.15436388552188873,0.2819840759038925
mathdial_2576_turn_014,telling,focus,0.43634796142578125,0.21799780428409576,0.21835015714168549
mathdial_2576_turn_016,telling,generic,0.4278804063796997,0.20752586424350739,0.22035454213619232
mathdial_2576_turn_016,telling,probing,0.4278804063796997,0.15417811274528503,0.2737022936344147
mathdial_2576_turn_016,telling,focus,0.4278804063796997,0.21041567623615265,0.21746473014354706
mathdial_2576_turn_018,telling,generic,0.4612766206264496,0.2360125482082367,0.2252640724182129
mathdial_2576_turn_018,telling,probing,0.4612766206264496,0.13283312320709229,0.3284434974193573
mathdial_2576_turn_018,telling,focus,0.4612766206264496,0.16987770795822144,0.29139891266822815
mathdial_2576_turn_020,telling,generic,0.5135122537612915,0.20938357710838318,0.3041286766529083
mathdial_2576_turn_020,telling,probing,0.5135122537612915,0.11325022578239441,0.4002620279788971
mathdial_2576_turn_020,telling,focus,0.5135122537612915,0.16385400295257568,0.3496582508087158
mathdial_2586_turn_000,generic,probing,0.7968754172325134,0.11381473392248154,0.6830606833100319
mathdial_2586_turn_000,generic,focus,0.7968754172325134,0.06153418496251106,0.7353412322700024
mathdial_2586_turn_000,generic,telling,0.7968754172325134,0.027775591239333153,0.7690998259931803
mathdial_2586_turn_001,generic,probing,0.8267809748649597,0.09057445079088211,0.7362065240740776
mathdial_2586_turn_001,generic,focus,0.8267809748649597,0.06042170524597168,0.766359269618988
mathdial_2586_turn_001,generic,telling,0.8267809748649597,0.02222292311489582,0.8045580517500639
mathdial_2586_turn_003,focus,generic,0.524596095085144,0.08393287658691406,0.44066321849823
mathdial_2586_turn_003,focus,probing,0.524596095085144,0.27632415294647217,0.24827194213867188
mathdial_2586_turn_003,focus,telling,0.524596095085144,0.11514683812856674,0.4094492569565773
mathdial_2586_turn_004,generic,probing,0.4001326858997345,0.24177958071231842,0.15835310518741608
mathdial_2586_turn_004,generic,focus,0.4001326858997345,0.15554095804691315,0.24459172785282135
mathdial_2586_turn_004,generic,telling,0.4001326858997345,0.20254676043987274,0.19758592545986176
mathdial_2586_turn_006,generic,probing,0.282170832157135,0.25349900126457214,0.028671830892562866
mathdial_2586_turn_006,generic,focus,0.282170832157135,0.21563778817653656,0.06653304398059845
mathdial_2586_turn_006,generic,telling,0.282170832157135,0.24869242310523987,0.03347840905189514
mathdial_2589_turn_000,generic,probing,0.7786768078804016,0.13095739483833313,0.6477194130420685
mathdial_2589_turn_000,generic,focus,0.7786768078804016,0.06212138384580612,0.7165554240345955
mathdial_2589_turn_000,generic,telling,0.7786768078804016,0.028244463726878166,0.7504323441535234
mathdial_2589_turn_002,probing,generic,0.33587846159935,0.23640458285808563,0.09947387874126434
mathdial_2589_turn_002,probing,focus,0.33587846159935,0.1651410311460495,0.17073743045330048
mathdial_2589_turn_002,probing,telling,0.33587846159935,0.2625759243965149,0.07330253720283508
mathdial_2589_turn_004,probing,generic,0.528478741645813,0.06660697609186172,0.46187176555395126
mathdial_2589_turn_004,probing,focus,0.528478741645813,0.2575630843639374,0.2709156572818756
mathdial_2589_turn_004,probing,telling,0.528478741645813,0.14735114574432373,0.38112759590148926
mathdial_2589_turn_006,probing,generic,0.547195553779602,0.07480401545763016,0.4723915383219719
mathdial_2589_turn_006,probing,focus,0.547195553779602,0.25430455803871155,0.2928909957408905
mathdial_2589_turn_006,probing,telling,0.547195553779602,0.12369591742753983,0.4234996363520622
mathdial_2589_turn_008,probing,generic,0.43567198514938354,0.1432567834854126,0.29241520166397095
mathdial_2589_turn_008,probing,focus,0.43567198514938354,0.2671999931335449,0.16847199201583862
mathdial_2589_turn_008,probing,telling,0.43567198514938354,0.15387117862701416,0.2818008065223694
mathdial_2609_turn_000,generic,probing,0.7893694043159485,0.12250925600528717,0.6668601483106613
mathdial_2609_turn_000,generic,focus,0.7893694043159485,0.060279447585344315,0.7290899567306042
mathdial_2609_turn_000,generic,telling,0.7893694043159485,0.02784189023077488,0.7615275140851736
mathdial_2609_turn_002,probing,generic,0.6793397665023804,0.051620349287986755,0.6277194172143936
mathdial_2609_turn_002,probing,focus,0.6793397665023804,0.15415410697460175,0.5251856595277786
mathdial_2609_turn_002,probing,telling,0.6793397665023804,0.11488580703735352,0.5644539594650269
mathdial_2609_turn_004,probing,generic,0.5010473728179932,0.027567364275455475,0.4734800085425377
mathdial_2609_turn_004,probing,focus,0.5010473728179932,0.3642222285270691,0.13682514429092407
mathdial_2609_turn_004,probing,telling,0.5010473728179932,0.10716300457715988,0.3938843682408333
mathdial_2609_turn_006,telling,generic,0.3721400499343872,0.23559176921844482,0.13654828071594238
mathdial_2609_turn_006,telling,probing,0.3721400499343872,0.22226694226264954,0.14987310767173767
mathdial_2609_turn_006,telling,focus,0.3721400499343872,0.17000123858451843,0.20213881134986877
mathdial_2609_turn_008,telling,generic,0.4567342698574066,0.19752413034439087,0.25921013951301575
mathdial_2609_turn_008,telling,probing,0.4567342698574066,0.17092451453208923,0.2858097553253174
mathdial_2609_turn_008,telling,focus,0.4567342698574066,0.1748170554637909,0.2819172143936157
mathdial_2609_turn_010,telling,generic,0.4424392879009247,0.16915835440158844,0.27328093349933624
mathdial_2609_turn_010,telling,probing,0.4424392879009247,0.1889123171567917,0.253526970744133
mathdial_2609_turn_010,telling,focus,0.4424392879009247,0.19949007034301758,0.2429492175579071
mathdial_2614_turn_000,generic,probing,0.7874712944030762,0.12037473171949387,0.6670965626835823
mathdial_2614_turn_000,generic,focus,0.7874712944030762,0.06357958167791367,0.7238917127251625
mathdial_2614_turn_000,generic,telling,0.7874712944030762,0.028574449941515923,0.7588968444615602
mathdial_2614_turn_002,focus,generic,0.6065655946731567,0.1322697252035141,0.47429586946964264
mathdial_2614_turn_002,focus,probing,0.6065655946731567,0.110747791826725,0.49581780284643173
mathdial_2614_turn_002,focus,telling,0.6065655946731567,0.15041689574718475,0.456148698925972
mathdial_2614_turn_004,focus,generic,0.5938658714294434,0.10904960334300995,0.4848162680864334
mathdial_2614_turn_004,focus,probing,0.5938658714294434,0.13129465281963348,0.4625712186098099
mathdial_2614_turn_004,focus,telling,0.5938658714294434,0.1657899171113968,0.42807595431804657
mathdial_2614_turn_006,focus,generic,0.5318922400474548,0.15094706416130066,0.3809451758861542
mathdial_2614_turn_006,focus,probing,0.5318922400474548,0.13139624893665314,0.4004959911108017
mathdial_2614_turn_006,focus,telling,0.5318922400474548,0.18576444685459137,0.34612779319286346
mathdial_2614_turn_008,focus,generic,0.46953973174095154,0.1724982112646103,0.29704152047634125
mathdial_2614_turn_008,focus,probing,0.46953973174095154,0.11295949667692184,0.3565802350640297
mathdial_2614_turn_008,focus,telling,0.46953973174095154,0.2450025975704193,0.22453713417053223
mathdial_2614_turn_010,telling,generic,0.35521551966667175,0.19450712203979492,0.16070839762687683
mathdial_2614_turn_010,telling,probing,0.35521551966667175,0.13718578219413757,0.21802973747253418
mathdial_2614_turn_010,telling,focus,0.35521551966667175,0.31309160590171814,0.04212391376495361
mathdial_2614_turn_012,telling,generic,0.3837694525718689,0.19912610948085785,0.18464334309101105
mathdial_2614_turn_012,telling,probing,0.3837694525718689,0.1482502520084381,0.2355192005634308
mathdial_2614_turn_012,telling,focus,0.3837694525718689,0.26885414123535156,0.11491531133651733
mathdial_2614_turn_014,telling,generic,0.419953316450119,0.2132221758365631,0.2067311406135559
mathdial_2614_turn_014,telling,probing,0.419953316450119,0.12493409216403961,0.2950192242860794
mathdial_2614_turn_014,telling,focus,0.419953316450119,0.24189040064811707,0.17806291580200195
mathdial_2617_turn_000,generic,probing,0.7893694043159485,0.12250925600528717,0.6668601483106613
mathdial_2617_turn_000,generic,focus,0.7893694043159485,0.060279447585344315,0.7290899567306042
mathdial_2617_turn_000,generic,telling,0.7893694043159485,0.02784189023077488,0.7615275140851736
mathdial_2617_turn_002,focus,generic,0.4846569895744324,0.021446973085403442,0.46321001648902893
mathdial_2617_turn_002,focus,probing,0.4846569895744324,0.42580386996269226,0.05885311961174011
mathdial_2617_turn_002,focus,telling,0.4846569895744324,0.06809218227863312,0.41656480729579926
mathdial_2617_turn_004,focus,generic,0.3562682271003723,0.2201153188943863,0.13615290820598602
mathdial_2617_turn_004,focus,probing,0.3562682271003723,0.2712251842021942,0.0850430428981781
mathdial_2617_turn_004,focus,telling,0.3562682271003723,0.15239128470420837,0.20387694239616394
mathdial_2617_turn_006,focus,generic,0.3639499843120575,0.1890983134508133,0.1748516708612442
mathdial_2617_turn_006,focus,probing,0.3639499843120575,0.2280537635087967,0.1358962208032608
mathdial_2617_turn_006,focus,telling,0.3639499843120575,0.2188979685306549,0.1450520157814026
mathdial_2617_turn_008,focus,generic,0.2902471423149109,0.2594235837459564,0.030823558568954468
mathdial_2617_turn_008,focus,probing,0.2902471423149109,0.20007218420505524,0.09017495810985565
mathdial_2617_turn_008,focus,telling,0.2902471423149109,0.25025707483291626,0.03999006748199463
mathdial_2617_turn_010,telling,generic,0.3676578402519226,0.18683075904846191,0.1808270812034607
mathdial_2617_turn_010,telling,probing,0.3676578402519226,0.17446623742580414,0.19319160282611847
mathdial_2617_turn_010,telling,focus,0.3676578402519226,0.27104508876800537,0.09661275148391724
mathdial_2623_turn_000,generic,probing,0.7599704265594482,0.1390414535999298,0.6209289729595184
mathdial_2623_turn_000,generic,focus,0.7599704265594482,0.0681229829788208,0.6918474435806274
mathdial_2623_turn_000,generic,telling,0.7599704265594482,0.03286516293883324,0.727105263620615
mathdial_2623_turn_002,probing,generic,0.575472354888916,0.02181706763803959,0.5536552872508764
mathdial_2623_turn_002,probing,focus,0.575472354888916,0.345664918422699,0.22980743646621704
mathdial_2623_turn_002,probing,telling,0.575472354888916,0.05704561993479729,0.5184267349541187
mathdial_2623_turn_004,probing,generic,0.5547874569892883,0.028736723586916924,0.5260507334023714
mathdial_2623_turn_004,probing,focus,0.5547874569892883,0.2956559956073761,0.25913146138191223
mathdial_2623_turn_004,probing,telling,0.5547874569892883,0.12081973999738693,0.4339677169919014
mathdial_2628_turn_000,generic,probing,0.7897354364395142,0.12135376036167145,0.6683816760778427
mathdial_2628_turn_000,generic,focus,0.7897354364395142,0.061525262892246246,0.7282101735472679
mathdial_2628_turn_000,generic,telling,0.7897354364395142,0.027385514229536057,0.7623499222099781
mathdial_2628_turn_002,focus,generic,0.47171878814697266,0.024742156267166138,0.4469766318798065
mathdial_2628_turn_002,focus,probing,0.47171878814697266,0.44055405259132385,0.031164735555648804
mathdial_2628_turn_002,focus,telling,0.47171878814697266,0.06298504769802094,0.4087337404489517
mathdial_2628_turn_004,focus,generic,0.4517139494419098,0.020642606541514397,0.4310713429003954
mathdial_2628_turn_004,focus,probing,0.4517139494419098,0.4404028356075287,0.011311113834381104
mathdial_2628_turn_004,focus,telling,0.4517139494419098,0.08724063634872437,0.3644733130931854
mathdial_2628_turn_006,telling,generic,0.38202497363090515,0.23460733890533447,0.14741763472557068
mathdial_2628_turn_006,telling,probing,0.38202497363090515,0.2060597538948059,0.17596521973609924
mathdial_2628_turn_006,telling,focus,0.38202497363090515,0.17730791866779327,0.20471705496311188
mathdial_2643_turn_000,generic,probing,0.7825307846069336,0.1268182396888733,0.6557125449180603
mathdial_2643_turn_000,generic,focus,0.7825307846069336,0.06237116828560829,0.7201596163213253
mathdial_2643_turn_000,generic,telling,0.7825307846069336,0.02827981300652027,0.7542509716004133
mathdial_2643_turn_002,focus,generic,0.524788498878479,0.024089982733130455,0.5006985161453485
mathdial_2643_turn_002,focus,probing,0.524788498878479,0.4083755910396576,0.11641290783882141
mathdial_2643_turn_002,focus,telling,0.524788498878479,0.0427459292113781,0.4820425696671009
mathdial_2643_turn_004,focus,generic,0.3750065863132477,0.1325443834066391,0.24246220290660858
mathdial_2643_turn_004,focus,probing,0.3750065863132477,0.2611599564552307,0.11384662985801697
mathdial_2643_turn_004,focus,telling,0.3750065863132477,0.23128902912139893,0.14371755719184875
mathdial_2643_turn_006,focus,generic,0.3944793939590454,0.11088820546865463,0.2835911884903908
mathdial_2643_turn_006,focus,probing,0.3944793939590454,0.2485135942697525,0.1459657996892929
mathdial_2643_turn_006,focus,telling,0.3944793939590454,0.24611879885196686,0.14836059510707855
mathdial_2643_turn_008,focus,generic,0.3853227198123932,0.11284491419792175,0.27247780561447144
mathdial_2643_turn_008,focus,probing,0.3853227198123932,0.22825324535369873,0.15706947445869446
mathdial_2643_turn_008,focus,telling,0.3853227198123932,0.2735791504383087,0.11174356937408447
mathdial_2643_turn_010,focus,generic,0.38215264678001404,0.12263169884681702,0.259520947933197
mathdial_2643_turn_010,focus,probing,0.38215264678001404,0.15390296280384064,0.2282496839761734
mathdial_2643_turn_010,focus,telling,0.38215264678001404,0.3413127660751343,0.04083988070487976
mathdial_2643_turn_012,telling,generic,0.5717995166778564,0.17792488634586334,0.3938746303319931
mathdial_2643_turn_012,telling,probing,0.5717995166778564,0.10178548842668533,0.4700140282511711
mathdial_2643_turn_012,telling,focus,0.5717995166778564,0.1484900265932083,0.42330949008464813
mathdial_2643_turn_014,telling,generic,0.5857158899307251,0.18642321228981018,0.3992926776409149
mathdial_2643_turn_014,telling,probing,0.5857158899307251,0.08595568686723709,0.499760203063488
mathdial_2643_turn_014,telling,focus,0.5857158899307251,0.14190520346164703,0.44381068646907806
mathdial_2643_turn_016,telling,generic,0.5497093200683594,0.17740756273269653,0.37230175733566284
mathdial_2643_turn_016,telling,probing,0.5497093200683594,0.09915705025196075,0.4505522698163986
mathdial_2643_turn_016,telling,focus,0.5497093200683594,0.17372603714466095,0.3759832829236984
mathdial_2645_turn_000,generic,probing,0.7938975691795349,0.11809512227773666,0.6758024469017982
mathdial_2645_turn_000,generic,focus,0.7938975691795349,0.060565873980522156,0.7333316951990128
mathdial_2645_turn_000,generic,telling,0.7938975691795349,0.02744140289723873,0.7664561662822962
mathdial_2645_turn_002,focus,generic,0.47595685720443726,0.019783757627010345,0.4561730995774269
mathdial_2645_turn_002,focus,probing,0.47595685720443726,0.4455300271511078,0.030426830053329468
mathdial_2645_turn_002,focus,telling,0.47595685720443726,0.058729417622089386,0.41722743958234787
mathdial_2645_turn_004,focus,generic,0.3440660238265991,0.0881771668791771,0.255888856947422
mathdial_2645_turn_004,focus,probing,0.3440660238265991,0.2569405436515808,0.08712548017501831
mathdial_2645_turn_004,focus,telling,0.3440660238265991,0.31081628799438477,0.033249735832214355
mathdial_2645_turn_006,telling,generic,0.33359479904174805,0.08510939031839371,0.24848540872335434
mathdial_2645_turn_006,telling,probing,0.33359479904174805,0.24988038837909698,0.08371441066265106
mathdial_2645_turn_006,telling,focus,0.33359479904174805,0.3314155042171478,0.0021792948246002197
mathdial_2645_turn_008,telling,generic,0.3880648910999298,0.13238467276096344,0.25568021833896637
mathdial_2645_turn_008,telling,probing,0.3880648910999298,0.20017799735069275,0.18788689374923706
mathdial_2645_turn_008,telling,focus,0.3880648910999298,0.2793724536895752,0.10869243741035461
mathdial_2645_turn_010,telling,generic,0.4283182621002197,0.1286366879940033,0.29968157410621643
mathdial_2645_turn_010,telling,probing,0.4283182621002197,0.16999639570713043,0.2583218663930893
mathdial_2645_turn_010,telling,focus,0.4283182621002197,0.2730487287044525,0.1552695333957672
mathdial_2651_turn_000,generic,probing,0.7808623313903809,0.12879253923892975,0.6520697921514511
mathdial_2651_turn_000,generic,focus,0.7808623313903809,0.06136127933859825,0.7195010520517826
mathdial_2651_turn_000,generic,telling,0.7808623313903809,0.028983790427446365,0.7518785409629345
mathdial_2651_turn_002,focus,generic,0.6481622457504272,0.03697836771607399,0.6111838780343533
mathdial_2651_turn_002,focus,probing,0.6481622457504272,0.26982006430625916,0.3783421814441681
mathdial_2651_turn_002,focus,telling,0.6481622457504272,0.0450393371284008,0.6031229086220264
mathdial_2651_turn_004,focus,generic,0.6584476232528687,0.038504719734191895,0.6199429035186768
mathdial_2651_turn_004,focus,probing,0.6584476232528687,0.24070890247821808,0.4177387207746506
mathdial_2651_turn_004,focus,telling,0.6584476232528687,0.062338825315237045,0.5961087979376316
mathdial_2651_turn_006,focus,generic,0.5876274704933167,0.04838525131344795,0.5392422191798687
mathdial_2651_turn_006,focus,probing,0.5876274704933167,0.28163883090019226,0.3059886395931244
mathdial_2651_turn_006,focus,telling,0.5876274704933167,0.08234840631484985,0.5052790641784668
mathdial_2652_turn_000,generic,probing,0.7924789190292358,0.11949542164802551,0.6729834973812103
mathdial_2652_turn_000,generic,focus,0.7924789190292358,0.06032174080610275,0.7321571782231331
mathdial_2652_turn_000,generic,telling,0.7924789190292358,0.02770390920341015,0.7647750098258257
mathdial_2652_turn_002,probing,generic,0.32535111904144287,0.24300171434879303,0.08234940469264984
mathdial_2652_turn_002,probing,focus,0.32535111904144287,0.25288525223731995,0.07246586680412292
mathdial_2652_turn_002,probing,telling,0.32535111904144287,0.17876188457012177,0.1465892344713211
mathdial_2652_turn_004,generic,probing,0.32362261414527893,0.2207283079624176,0.10289430618286133
mathdial_2652_turn_004,generic,focus,0.32362261414527893,0.20824457705020905,0.11537803709506989
mathdial_2652_turn_004,generic,telling,0.32362261414527893,0.24740450084209442,0.07621811330318451
mathdial_2652_turn_006,generic,probing,0.3026176691055298,0.2033419907093048,0.09927567839622498
mathdial_2652_turn_006,generic,focus,0.3026176691055298,0.21894273161888123,0.08367493748664856
mathdial_2652_turn_006,generic,telling,0.3026176691055298,0.27509769797325134,0.027519971132278442
mathdial_2662_turn_000,generic,probing,0.7917440533638,0.11801587045192719,0.6737281829118729
mathdial_2662_turn_000,generic,focus,0.7917440533638,0.061888325959444046,0.729855727404356
mathdial_2662_turn_000,generic,telling,0.7917440533638,0.028351806104183197,0.7633922472596169
mathdial_2662_turn_002,focus,generic,0.6376298069953918,0.028855113312602043,0.6087746936827898
mathdial_2662_turn_002,focus,probing,0.6376298069953918,0.2921379506587982,0.34549185633659363
mathdial_2662_turn_002,focus,telling,0.6376298069953918,0.041377127170562744,0.5962526798248291
mathdial_2662_turn_004,focus,generic,0.6711318492889404,0.023327382281422615,0.6478044670075178
mathdial_2662_turn_004,focus,probing,0.6711318492889404,0.2423454374074936,0.42878641188144684
mathdial_2662_turn_004,focus,telling,0.6711318492889404,0.06319534033536911,0.6079365089535713
mathdial_2662_turn_006,focus,generic,0.6735638380050659,0.026821035891771317,0.6467428021132946
mathdial_2662_turn_006,focus,probing,0.6735638380050659,0.20482371747493744,0.4687401205301285
mathdial_2662_turn_006,focus,telling,0.6735638380050659,0.09479139000177383,0.5787724480032921
mathdial_2662_turn_008,focus,generic,0.6482937932014465,0.03625720366835594,0.6120365895330906
mathdial_2662_turn_008,focus,probing,0.6482937932014465,0.17194895446300507,0.47634483873844147
mathdial_2662_turn_008,focus,telling,0.6482937932014465,0.14350000023841858,0.504793792963028
mathdial_2662_turn_010,telling,generic,0.44160088896751404,0.1008596420288086,0.34074124693870544
mathdial_2662_turn_010,telling,probing,0.44160088896751404,0.1576455980539322,0.28395529091358185
mathdial_2662_turn_010,telling,focus,0.44160088896751404,0.29989394545555115,0.1417069435119629
mathdial_2662_turn_012,telling,generic,0.39603498578071594,0.10225608944892883,0.2937788963317871
mathdial_2662_turn_012,telling,probing,0.39603498578071594,0.15893056988716125,0.2371044158935547
mathdial_2662_turn_012,telling,focus,0.39603498578071594,0.3427783250808716,0.05325666069984436
mathdial_2662_turn_014,telling,generic,0.4732774496078491,0.12491416186094284,0.3483632877469063
mathdial_2662_turn_014,telling,probing,0.4732774496078491,0.13373199105262756,0.33954545855522156
mathdial_2662_turn_014,telling,focus,0.4732774496078491,0.2680763900279999,0.20520105957984924
mathdial_2664_turn_000,generic,probing,0.792725145816803,0.11827597767114639,0.6744491681456566
mathdial_2664_turn_000,generic,focus,0.792725145816803,0.061244167387485504,0.7314809784293175
mathdial_2664_turn_000,generic,telling,0.792725145816803,0.02775474078953266,0.7649704050272703
mathdial_2664_turn_002,focus,generic,0.6048312187194824,0.0293375663459301,0.5754936523735523
mathdial_2664_turn_002,focus,probing,0.6048312187194824,0.3254447877407074,0.279386430978775
mathdial_2664_turn_002,focus,telling,0.6048312187194824,0.040386397391557693,0.5644448213279247
mathdial_2664_turn_004,focus,generic,0.5863954424858093,0.03295033797621727,0.5534451045095921
mathdial_2664_turn_004,focus,probing,0.5863954424858093,0.3109614849090576,0.2754339575767517
mathdial_2664_turn_004,focus,telling,0.5863954424858093,0.0696927160024643,0.516702726483345
mathdial_2664_turn_006,focus,generic,0.5528162121772766,0.05271262675523758,0.500103585422039
mathdial_2664_turn_006,focus,probing,0.5528162121772766,0.2513519525527954,0.3014642596244812
mathdial_2664_turn_006,focus,telling,0.5528162121772766,0.14311926066875458,0.40969695150852203
mathdial_2664_turn_008,focus,generic,0.5064911246299744,0.07907185703516006,0.4274192675948143
mathdial_2664_turn_008,focus,probing,0.5064911246299744,0.18097905814647675,0.3255120664834976
mathdial_2664_turn_008,focus,telling,0.5064911246299744,0.23345792293548584,0.2730332016944885
mathdial_2675_turn_000,generic,probing,0.7885000705718994,0.11896234005689621,0.6695377305150032
mathdial_2675_turn_000,generic,focus,0.7885000705718994,0.06347523629665375,0.7250248342752457
mathdial_2675_turn_000,generic,telling,0.7885000705718994,0.029062287881970406,0.759437782689929
mathdial_2675_turn_002,focus,generic,0.5079099535942078,0.029558956623077393,0.47835099697113037
mathdial_2675_turn_002,focus,probing,0.5079099535942078,0.41125354170799255,0.09665641188621521
mathdial_2675_turn_002,focus,telling,0.5079099535942078,0.05127756670117378,0.456632386893034
mathdial_2675_turn_004,focus,generic,0.49468114972114563,0.02944660373032093,0.4652345459908247
mathdial_2675_turn_004,focus,probing,0.49468114972114563,0.4007014334201813,0.09397971630096436
mathdial_2675_turn_004,focus,telling,0.49468114972114563,0.0751708373427391,0.4195103123784065
mathdial_2675_turn_006,focus,generic,0.40792766213417053,0.05576919764280319,0.35215846449136734
mathdial_2675_turn_006,focus,probing,0.40792766213417053,0.31566983461380005,0.09225782752037048
mathdial_2675_turn_006,focus,telling,0.40792766213417053,0.22063332796096802,0.18729433417320251
mathdial_2675_turn_008,focus,generic,0.39496687054634094,0.06451309472322464,0.3304537758231163
mathdial_2675_turn_008,focus,probing,0.39496687054634094,0.27215561270713806,0.12281125783920288
mathdial_2675_turn_008,focus,telling,0.39496687054634094,0.26836439967155457,0.12660247087478638
mathdial_2675_turn_010,focus,generic,0.35991978645324707,0.09733816236257553,0.26258162409067154
mathdial_2675_turn_010,focus,probing,0.35991978645324707,0.2081628441810608,0.15175694227218628
mathdial_2675_turn_010,focus,telling,0.35991978645324707,0.334579199552536,0.02534058690071106
mathdial_2675_turn_012,telling,generic,0.38438257575035095,0.10065235197544098,0.28373022377491
mathdial_2675_turn_012,telling,probing,0.38438257575035095,0.21390090882778168,0.17048166692256927
mathdial_2675_turn_012,telling,focus,0.38438257575035095,0.3010641038417816,0.08331847190856934
mathdial_2679_turn_000,generic,probing,0.7878405451774597,0.1220577135682106,0.6657828316092491
mathdial_2679_turn_000,generic,focus,0.7878405451774597,0.062026724219322205,0.7258138209581375
mathdial_2679_turn_000,generic,telling,0.7878405451774597,0.028075048699975014,0.7597654964774847
mathdial_2679_turn_002,focus,generic,0.6898115277290344,0.038857463747262955,0.6509540639817715
mathdial_2679_turn_002,focus,probing,0.6898115277290344,0.21728374063968658,0.47252778708934784
mathdial_2679_turn_002,focus,telling,0.6898115277290344,0.054047297686338425,0.635764230042696
mathdial_2679_turn_004,focus,generic,0.7107875943183899,0.03521672263741493,0.675570871680975
mathdial_2679_turn_004,focus,probing,0.7107875943183899,0.18073271214962006,0.5300548821687698
mathdial_2679_turn_004,focus,telling,0.7107875943183899,0.07326290011405945,0.6375246942043304
mathdial_2699_turn_000,generic,probing,0.7967948317527771,0.11505500227212906,0.681739829480648
mathdial_2699_turn_000,generic,focus,0.7967948317527771,0.060865618288517,0.7359292134642601
mathdial_2699_turn_000,generic,telling,0.7967948317527771,0.027284538373351097,0.769510293379426
mathdial_2699_turn_002,focus,generic,0.5439534187316895,0.16988040506839752,0.37407301366329193
mathdial_2699_turn_002,focus,probing,0.5439534187316895,0.1142495647072792,0.42970385402441025
mathdial_2699_turn_002,focus,telling,0.5439534187316895,0.17191661894321442,0.37203679978847504
mathdial_2699_turn_004,focus,generic,0.3162844777107239,0.2762380540370941,0.04004642367362976
mathdial_2699_turn_004,focus,probing,0.3162844777107239,0.12825123965740204,0.18803323805332184
mathdial_2699_turn_004,focus,telling,0.3162844777107239,0.279226154088974,0.03705832362174988
mathdial_2701_turn_000,generic,probing,0.7938975691795349,0.11809512227773666,0.6758024469017982
mathdial_2701_turn_000,generic,focus,0.7938975691795349,0.060565873980522156,0.7333316951990128
mathdial_2701_turn_000,generic,telling,0.7938975691795349,0.02744140289723873,0.7664561662822962
mathdial_2701_turn_002,probing,generic,0.5475204586982727,0.020219847559928894,0.5273006111383438
mathdial_2701_turn_002,probing,focus,0.5475204586982727,0.37039804458618164,0.17712241411209106
mathdial_2701_turn_002,probing,telling,0.5475204586982727,0.06186165660619736,0.48565880209207535
mathdial_2701_turn_004,probing,generic,0.45534348487854004,0.01900399476289749,0.43633949011564255
mathdial_2701_turn_004,probing,focus,0.45534348487854004,0.4141515791416168,0.04119190573692322
mathdial_2701_turn_004,probing,telling,0.45534348487854004,0.11150099337100983,0.3438424915075302
mathdial_2701_turn_006,focus,generic,0.39994698762893677,0.022876495495438576,0.3770704921334982
mathdial_2701_turn_006,focus,probing,0.39994698762893677,0.3968697190284729,0.003077268600463867
mathdial_2701_turn_006,focus,telling,0.39994698762893677,0.1803068071603775,0.21964018046855927
mathdial_2701_turn_008,focus,generic,0.3837490677833557,0.03971749544143677,0.34403157234191895
mathdial_2701_turn_008,focus,probing,0.3837490677833557,0.32412439584732056,0.059624671936035156
mathdial_2701_turn_008,focus,telling,0.3837490677833557,0.2524090111255646,0.13134005665779114
mathdial_2701_turn_010,telling,generic,0.40755027532577515,0.11243540048599243,0.2951148748397827
mathdial_2701_turn_010,telling,probing,0.40755027532577515,0.20495927333831787,0.20259100198745728
mathdial_2701_turn_010,telling,focus,0.40755027532577515,0.2750551104545593,0.13249516487121582
mathdial_2701_turn_012,focus,generic,0.42048847675323486,0.11820540577173233,0.30228307098150253
mathdial_2701_turn_012,focus,probing,0.42048847675323486,0.20666159689426422,0.21382687985897064
mathdial_2701_turn_012,focus,telling,0.42048847675323486,0.2546444833278656,0.16584399342536926
mathdial_2701_turn_014,focus,generic,0.41115471720695496,0.1109202578663826,0.30023445934057236
mathdial_2701_turn_014,focus,probing,0.41115471720695496,0.1998414546251297,0.21131326258182526
mathdial_2701_turn_014,focus,telling,0.41115471720695496,0.27808356285095215,0.1330711543560028
mathdial_2703_turn_000,generic,probing,0.7936287522315979,0.1174364909529686,0.6761922612786293
mathdial_2703_turn_000,generic,focus,0.7936287522315979,0.06197146326303482,0.7316572889685631
mathdial_2703_turn_000,generic,telling,0.7936287522315979,0.02696322090923786,0.76666553132236
mathdial_2703_turn_002,probing,generic,0.6692434549331665,0.037071336060762405,0.6321721188724041
mathdial_2703_turn_002,probing,focus,0.6692434549331665,0.17536258697509766,0.49388086795806885
mathdial_2703_turn_002,probing,telling,0.6692434549331665,0.11832264810800552,0.550920806825161
mathdial_2703_turn_004,probing,generic,0.37823083996772766,0.12399757653474808,0.2542332634329796
mathdial_2703_turn_004,probing,focus,0.37823083996772766,0.1754169464111328,0.20281389355659485
mathdial_2703_turn_004,probing,telling,0.37823083996772766,0.32235461473464966,0.055876225233078
mathdial_2712_turn_000,generic,probing,0.8009882569313049,0.11064355820417404,0.6903446987271309
mathdial_2712_turn_000,generic,focus,0.8009882569313049,0.06103653088212013,0.7399517260491848
mathdial_2712_turn_000,generic,telling,0.8009882569313049,0.02733166329562664,0.7736565936356783
mathdial_2712_turn_002,focus,generic,0.4827735722064972,0.026259372010827065,0.45651420019567013
mathdial_2712_turn_002,focus,probing,0.4827735722064972,0.44070932269096375,0.04206424951553345
mathdial_2712_turn_002,focus,telling,0.4827735722064972,0.050257716327905655,0.43251585587859154
mathdial_2712_turn_004,focus,generic,0.4072873592376709,0.21179607510566711,0.19549128413200378
mathdial_2712_turn_004,focus,probing,0.4072873592376709,0.2847265899181366,0.1225607693195343
mathdial_2712_turn_004,focus,telling,0.4072873592376709,0.0961899682879448,0.3110973909497261
mathdial_2712_turn_006,focus,generic,0.3377922773361206,0.28088152408599854,0.05691075325012207
mathdial_2712_turn_006,focus,probing,0.3377922773361206,0.23001019656658173,0.10778208076953888
mathdial_2712_turn_006,focus,telling,0.3377922773361206,0.15131594240665436,0.18647633492946625
mathdial_2712_turn_008,focus,generic,0.3662116229534149,0.22881832718849182,0.1373932957649231
mathdial_2712_turn_008,focus,probing,0.3662116229534149,0.24562112987041473,0.12059049308300018
mathdial_2712_turn_008,focus,telling,0.3662116229534149,0.15934894979000092,0.206862673163414
mathdial_2712_turn_010,focus,generic,0.3876767158508301,0.2076566070318222,0.18002010881900787
mathdial_2712_turn_010,focus,probing,0.3876767158508301,0.21190409362316132,0.17577262222766876
mathdial_2712_turn_010,focus,telling,0.3876767158508301,0.1927625983953476,0.19491411745548248
mathdial_2712_turn_012,focus,generic,0.3563351631164551,0.2102784365415573,0.14605672657489777
mathdial_2712_turn_012,focus,probing,0.3563351631164551,0.16727828979492188,0.1890568733215332
mathdial_2712_turn_012,focus,telling,0.3563351631164551,0.26610809564590454,0.09022706747055054
mathdial_2712_turn_014,telling,generic,0.3931695818901062,0.21943752467632294,0.17373205721378326
mathdial_2712_turn_014,telling,probing,0.3931695818901062,0.13712242245674133,0.25604715943336487
mathdial_2712_turn_014,telling,focus,0.3931695818901062,0.25027042627334595,0.14289915561676025
mathdial_2712_turn_016,telling,generic,0.3694230616092682,0.21796509623527527,0.15145796537399292
mathdial_2712_turn_016,telling,probing,0.3694230616092682,0.1391264796257019,0.23029658198356628
mathdial_2712_turn_016,telling,focus,0.3694230616092682,0.27348533272743225,0.09593772888183594
mathdial_2712_turn_018,telling,generic,0.41611164808273315,0.1818901002407074,0.23422154784202576
mathdial_2712_turn_018,telling,probing,0.41611164808273315,0.16344895958900452,0.25266268849372864
mathdial_2712_turn_018,telling,focus,0.41611164808273315,0.23854932188987732,0.17756232619285583
mathdial_2712_turn_020,telling,generic,0.4584895372390747,0.18926668167114258,0.26922285556793213
mathdial_2712_turn_020,telling,probing,0.4584895372390747,0.148422509431839,0.3100670278072357
mathdial_2712_turn_020,telling,focus,0.4584895372390747,0.20382128655910492,0.2546682506799698
mathdial_2713_turn_000,generic,probing,0.7868709564208984,0.1230139434337616,0.6638570129871368
mathdial_2713_turn_000,generic,focus,0.7868709564208984,0.06160358339548111,0.7252673730254173
mathdial_2713_turn_000,generic,telling,0.7868709564208984,0.028511542826890945,0.7583594135940075
mathdial_2713_turn_002,focus,generic,0.6085993051528931,0.02677263505756855,0.5818266700953245
mathdial_2713_turn_002,focus,probing,0.6085993051528931,0.3127247393131256,0.29587456583976746
mathdial_2713_turn_002,focus,telling,0.6085993051528931,0.05190335214138031,0.5566959530115128
mathdial_2713_turn_004,focus,generic,0.48256444931030273,0.04918133467435837,0.43338311463594437
mathdial_2713_turn_004,focus,probing,0.48256444931030273,0.357194185256958,0.12537026405334473
mathdial_2713_turn_004,focus,telling,0.48256444931030273,0.11105997860431671,0.371504470705986
mathdial_2737_turn_000,generic,probing,0.7853644490242004,0.12340008467435837,0.6619643643498421
mathdial_2737_turn_000,generic,focus,0.7853644490242004,0.06327031552791595,0.7220941334962845
mathdial_2737_turn_000,generic,telling,0.7853644490242004,0.027965068817138672,0.7573993802070618
mathdial_2737_turn_002,focus,generic,0.5323291420936584,0.02886553294956684,0.5034636091440916
mathdial_2737_turn_002,focus,probing,0.5323291420936584,0.3822871148586273,0.15004202723503113
mathdial_2737_turn_002,focus,telling,0.5323291420936584,0.056518152356147766,0.4758109897375107
mathdial_2737_turn_004,focus,generic,0.6348890662193298,0.024594733491539955,0.6102943327277899
mathdial_2737_turn_004,focus,probing,0.6348890662193298,0.28879719972610474,0.3460918664932251
mathdial_2737_turn_004,focus,telling,0.6348890662193298,0.05171898379921913,0.5831700824201107
mathdial_2737_turn_006,focus,generic,0.62229984998703,0.04416468366980553,0.5781351663172245
mathdial_2737_turn_006,focus,probing,0.62229984998703,0.26363155245780945,0.3586682975292206
mathdial_2737_turn_006,focus,telling,0.62229984998703,0.06990395486354828,0.5523958951234818
mathdial_2737_turn_008,focus,generic,0.6250603199005127,0.053756147623062134,0.5713041722774506
mathdial_2737_turn_008,focus,probing,0.6250603199005127,0.22883138060569763,0.39622893929481506
mathdial_2737_turn_008,focus,telling,0.6250603199005127,0.09235215932130814,0.5327081605792046
mathdial_2737_turn_010,focus,generic,0.6131078004837036,0.05669919773936272,0.5564086027443409
mathdial_2737_turn_010,focus,probing,0.6131078004837036,0.22385568916797638,0.38925211131572723
mathdial_2737_turn_010,focus,telling,0.6131078004837036,0.10633733868598938,0.5067704617977142
mathdial_2737_turn_012,focus,generic,0.6099858283996582,0.06576952338218689,0.5442163050174713
mathdial_2737_turn_012,focus,probing,0.6099858283996582,0.18997406959533691,0.4200117588043213
mathdial_2737_turn_012,focus,telling,0.6099858283996582,0.13427060842514038,0.4757152199745178
mathdial_2737_turn_014,focus,generic,0.4635956883430481,0.1098850816488266,0.3537106066942215
mathdial_2737_turn_014,focus,probing,0.4635956883430481,0.2077246904373169,0.2558709979057312
mathdial_2737_turn_014,focus,telling,0.4635956883430481,0.2187945395708084,0.24480114877223969
mathdial_2737_turn_016,focus,generic,0.45849329233169556,0.11756578832864761,0.34092750400304794
mathdial_2737_turn_016,focus,probing,0.45849329233169556,0.19862912595272064,0.2598641663789749
mathdial_2737_turn_016,focus,telling,0.45849329233169556,0.2253117859363556,0.23318150639533997
mathdial_2737_turn_018,focus,generic,0.44446030259132385,0.11723288893699646,0.3272274136543274
mathdial_2737_turn_018,focus,probing,0.44446030259132385,0.1929900199174881,0.25147028267383575
mathdial_2737_turn_018,focus,telling,0.44446030259132385,0.2453167885541916,0.19914351403713226
mathdial_2737_turn_020,focus,generic,0.33954477310180664,0.13906554877758026,0.20047922432422638
mathdial_2737_turn_020,focus,probing,0.33954477310180664,0.18685100972652435,0.1526937633752823
mathdial_2737_turn_020,focus,telling,0.33954477310180664,0.33453863859176636,0.005006134510040283
mathdial_2737_turn_022,focus,generic,0.3136439323425293,0.18949545919895172,0.12414847314357758
mathdial_2737_turn_022,focus,probing,0.3136439323425293,0.191341370344162,0.12230256199836731
mathdial_2737_turn_022,focus,telling,0.3136439323425293,0.3055191934108734,0.008124738931655884
mathdial_2759_turn_000,generic,probing,0.7825307846069336,0.1268182396888733,0.6557125449180603
mathdial_2759_turn_000,generic,focus,0.7825307846069336,0.06237116828560829,0.7201596163213253
mathdial_2759_turn_000,generic,telling,0.7825307846069336,0.02827981300652027,0.7542509716004133
mathdial_2759_turn_002,probing,generic,0.5016373991966248,0.03567551076412201,0.46596188843250275
mathdial_2759_turn_002,probing,focus,0.5016373991966248,0.4034259021282196,0.09821149706840515
mathdial_2759_turn_002,probing,telling,0.5016373991966248,0.059261247515678406,0.44237615168094635
mathdial_2759_turn_004,probing,generic,0.4714478850364685,0.03281372785568237,0.43863415718078613
mathdial_2759_turn_004,probing,focus,0.4714478850364685,0.42020905017852783,0.051238834857940674
mathdial_2759_turn_004,probing,telling,0.4714478850364685,0.07552933692932129,0.3959185481071472
mathdial_2759_turn_006,probing,generic,0.4025847613811493,0.07664531469345093,0.32593944668769836
mathdial_2759_turn_006,probing,focus,0.4025847613811493,0.36648836731910706,0.036096394062042236
mathdial_2759_turn_006,probing,telling,0.4025847613811493,0.1542816013097763,0.24830316007137299
mathdial_2759_turn_008,probing,generic,0.3532590866088867,0.10625521838665009,0.24700386822223663
mathdial_2759_turn_008,probing,focus,0.3532590866088867,0.31952953338623047,0.03372955322265625
mathdial_2759_turn_008,probing,telling,0.3532590866088867,0.22095613181591034,0.13230295479297638
mathdial_2759_turn_010,focus,generic,0.3169783353805542,0.13959085941314697,0.17738747596740723
mathdial_2759_turn_010,focus,probing,0.3169783353805542,0.26274874806404114,0.05422958731651306
mathdial_2759_turn_010,focus,telling,0.3169783353805542,0.2806820273399353,0.036296308040618896
mathdial_2759_turn_012,telling,generic,0.3374294936656952,0.15051183104515076,0.18691766262054443
mathdial_2759_turn_012,telling,probing,0.3374294936656952,0.21584784984588623,0.12158164381980896
mathdial_2759_turn_012,telling,focus,0.3374294936656952,0.2962108552455902,0.04121863842010498
mathdial_2759_turn_014,telling,generic,0.42212924361228943,0.1696099489927292,0.25251929461956024
mathdial_2759_turn_014,telling,probing,0.42212924361228943,0.1808273047208786,0.24130193889141083
mathdial_2759_turn_014,telling,focus,0.42212924361228943,0.22743357717990875,0.19469566643238068
mathdial_2759_turn_016,telling,generic,0.37952277064323425,0.17629458010196686,0.2032281905412674
mathdial_2759_turn_016,telling,probing,0.37952277064323425,0.19152283668518066,0.1879999339580536
mathdial_2759_turn_016,telling,focus,0.37952277064323425,0.25265979766845703,0.12686297297477722
mathdial_2770_turn_000,generic,probing,0.792725145816803,0.11827597767114639,0.6744491681456566
mathdial_2770_turn_000,generic,focus,0.792725145816803,0.061244167387485504,0.7314809784293175
mathdial_2770_turn_000,generic,telling,0.792725145816803,0.02775474078953266,0.7649704050272703
mathdial_2770_turn_002,focus,generic,0.6328725814819336,0.03000546246767044,0.6028671190142632
mathdial_2770_turn_002,focus,probing,0.6328725814819336,0.2979744076728821,0.3348981738090515
mathdial_2770_turn_002,focus,telling,0.6328725814819336,0.03914755582809448,0.5937250256538391
mathdial_2770_turn_004,focus,generic,0.42214739322662354,0.1384381353855133,0.28370925784111023
mathdial_2770_turn_004,focus,probing,0.42214739322662354,0.2045120894908905,0.21763530373573303
mathdial_2770_turn_004,focus,telling,0.42214739322662354,0.23490238189697266,0.18724501132965088
mathdial_2770_turn_006,focus,generic,0.35969725251197815,0.17892464995384216,0.180772602558136
mathdial_2770_turn_006,focus,probing,0.35969725251197815,0.14798025786876678,0.21171699464321136
mathdial_2770_turn_006,focus,telling,0.35969725251197815,0.3133978545665741,0.04629939794540405
mathdial_2778_turn_000,generic,probing,0.7884863018989563,0.12129032611846924,0.6671959757804871
mathdial_2778_turn_000,generic,focus,0.7884863018989563,0.062270089983940125,0.7262162119150162
mathdial_2778_turn_000,generic,telling,0.7884863018989563,0.027953272685408592,0.7605330292135477
mathdial_2778_turn_001,generic,probing,0.7958294749259949,0.10535707324743271,0.6904724016785622
mathdial_2778_turn_001,generic,focus,0.7958294749259949,0.07487937808036804,0.7209500968456268
mathdial_2778_turn_001,generic,telling,0.7958294749259949,0.02393408678472042,0.7718953881412745
mathdial_2778_turn_003,probing,generic,0.47524991631507874,0.04448314011096954,0.4307667762041092
mathdial_2778_turn_003,probing,focus,0.47524991631507874,0.4324750304222107,0.04277488589286804
mathdial_2778_turn_003,probing,telling,0.47524991631507874,0.047791849821805954,0.4274580664932728
mathdial_2778_turn_005,generic,probing,0.314092755317688,0.18227499723434448,0.1318177580833435
mathdial_2778_turn_005,generic,focus,0.314092755317688,0.2572758197784424,0.056816935539245605
mathdial_2778_turn_005,generic,telling,0.314092755317688,0.24635641276836395,0.06773634254932404
mathdial_2778_turn_007,focus,generic,0.28380337357521057,0.2637292742729187,0.02007409930229187
mathdial_2778_turn_007,focus,probing,0.28380337357521057,0.18554064631462097,0.0982627272605896
mathdial_2778_turn_007,focus,telling,0.28380337357521057,0.26692667603492737,0.016876697540283203
mathdial_2778_turn_009,telling,generic,0.32726985216140747,0.21371516585350037,0.1135546863079071
mathdial_2778_turn_009,telling,probing,0.32726985216140747,0.16714374721050262,0.16012610495090485
mathdial_2778_turn_009,telling,focus,0.32726985216140747,0.29187116026878357,0.0353986918926239
mathdial_2778_turn_011,telling,generic,0.4653654098510742,0.19346420466899872,0.2719012051820755
mathdial_2778_turn_011,telling,probing,0.4653654098510742,0.12960799038410187,0.33575741946697235
mathdial_2778_turn_011,telling,focus,0.4653654098510742,0.211562380194664,0.2538030296564102
mathdial_2778_turn_013,telling,generic,0.4884680211544037,0.2154129594564438,0.2730550616979599
mathdial_2778_turn_013,telling,probing,0.4884680211544037,0.0963997021317482,0.3920683190226555
mathdial_2778_turn_013,telling,focus,0.4884680211544037,0.19971923530101776,0.2887487858533859
mathdial_2778_turn_015,telling,generic,0.5047300457954407,0.17224140465259552,0.33248864114284515
mathdial_2778_turn_015,telling,probing,0.5047300457954407,0.11694824695587158,0.3877817988395691
mathdial_2778_turn_015,telling,focus,0.5047300457954407,0.20608027279376984,0.29864977300167084
mathdial_2778_turn_017,telling,generic,0.5335023403167725,0.17021818459033966,0.3632841557264328
mathdial_2778_turn_017,telling,probing,0.5335023403167725,0.09900550544261932,0.43449683487415314
mathdial_2778_turn_017,telling,focus,0.5335023403167725,0.19727401435375214,0.3362283259630203
mathdial_2779_turn_000,generic,probing,0.796380877494812,0.11417201161384583,0.6822088658809662
mathdial_2779_turn_000,generic,focus,0.796380877494812,0.06172845512628555,0.7346524223685265
mathdial_2779_turn_000,generic,telling,0.796380877494812,0.027718648314476013,0.768662229180336
mathdial_2779_turn_001,generic,probing,0.7522432208061218,0.1320505291223526,0.6201926916837692
mathdial_2779_turn_001,generic,focus,0.7522432208061218,0.08351480960845947,0.6687284111976624
mathdial_2779_turn_001,generic,telling,0.7522432208061218,0.03219138830900192,0.7200518324971199
mathdial_2779_turn_003,probing,generic,0.4148244857788086,0.17732694745063782,0.23749753832817078
mathdial_2779_turn_003,probing,focus,0.4148244857788086,0.3022034466266632,0.11262103915214539
mathdial_2779_turn_003,probing,telling,0.4148244857788086,0.10564512014389038,0.3091793656349182
mathdial_2779_turn_004,probing,generic,0.36806291341781616,0.22435864806175232,0.14370426535606384
mathdial_2779_turn_004,probing,focus,0.36806291341781616,0.23783428966999054,0.13022862374782562
mathdial_2779_turn_004,probing,telling,0.36806291341781616,0.16974413394927979,0.19831877946853638
mathdial_2785_turn_000,generic,probing,0.7961143255233765,0.11566199362277985,0.6804523319005966
mathdial_2785_turn_000,generic,focus,0.7961143255233765,0.0607365183532238,0.7353778071701527
mathdial_2785_turn_000,generic,telling,0.7961143255233765,0.027487246319651604,0.7686270792037249
mathdial_2785_turn_002,probing,generic,0.5133740901947021,0.11398450285196304,0.3993895873427391
mathdial_2785_turn_002,probing,focus,0.5133740901947021,0.30761051177978516,0.205763578414917
mathdial_2785_turn_002,probing,telling,0.5133740901947021,0.06503088027238846,0.4483432099223137
mathdial_2785_turn_004,probing,generic,0.48242509365081787,0.08260789513587952,0.39981719851493835
mathdial_2785_turn_004,probing,focus,0.48242509365081787,0.34242457151412964,0.14000052213668823
mathdial_2785_turn_004,probing,telling,0.48242509365081787,0.09254252165555954,0.38988257199525833
mathdial_2785_turn_006,telling,generic,0.27553850412368774,0.22098040580749512,0.05455809831619263
mathdial_2785_turn_006,telling,probing,0.27553850412368774,0.26123708486557007,0.014301419258117676
mathdial_2785_turn_006,telling,focus,0.27553850412368774,0.24224399030208588,0.03329451382160187
mathdial_2799_turn_000,generic,probing,0.7864038348197937,0.12343935668468475,0.662964478135109
mathdial_2799_turn_000,generic,focus,0.7864038348197937,0.062328651547431946,0.7240751832723618
mathdial_2799_turn_000,generic,telling,0.7864038348197937,0.02782813087105751,0.7585757039487362
mathdial_2799_turn_002,probing,generic,0.5360378623008728,0.047834526747465134,0.48820333555340767
mathdial_2799_turn_002,probing,focus,0.5360378623008728,0.2553934156894684,0.2806444466114044
mathdial_2799_turn_002,probing,telling,0.5360378623008728,0.1607341319322586,0.3753037303686142
mathdial_2799_turn_004,generic,probing,0.32508182525634766,0.18511521816253662,0.13996660709381104
mathdial_2799_turn_004,generic,focus,0.32508182525634766,0.18306903541088104,0.1420127898454666
mathdial_2799_turn_004,generic,telling,0.32508182525634766,0.3067339062690735,0.01834791898727417
mathdial_2799_turn_006,telling,generic,0.3439771831035614,0.3246830999851227,0.01929408311843872
mathdial_2799_turn_006,telling,probing,0.3439771831035614,0.15732543170452118,0.18665175139904022
mathdial_2799_turn_006,telling,focus,0.3439771831035614,0.17401427030563354,0.16996291279792786
mathdial_2820_turn_000,generic,probing,0.788063108921051,0.11998382210731506,0.668079286813736
mathdial_2820_turn_000,generic,focus,0.788063108921051,0.06372499465942383,0.7243381142616272
mathdial_2820_turn_000,generic,telling,0.788063108921051,0.028228124603629112,0.7598349843174219
mathdial_2820_turn_001,generic,probing,0.808696985244751,0.10089591890573502,0.707801066339016
mathdial_2820_turn_001,generic,focus,0.808696985244751,0.06374864280223846,0.7449483424425125
mathdial_2820_turn_001,generic,telling,0.808696985244751,0.02665848657488823,0.7820384986698627
mathdial_2820_turn_003,generic,probing,0.45879846811294556,0.2543482184410095,0.20445024967193604
mathdial_2820_turn_003,generic,focus,0.45879846811294556,0.16053497791290283,0.2982634902000427
mathdial_2820_turn_003,generic,telling,0.45879846811294556,0.12631823122501373,0.3324802368879318
mathdial_2820_turn_005,generic,probing,0.5012084245681763,0.19582410156726837,0.3053843230009079
mathdial_2820_turn_005,generic,focus,0.5012084245681763,0.1148860901594162,0.38632233440876007
mathdial_2820_turn_005,generic,telling,0.5012084245681763,0.18808135390281677,0.3131270706653595
mathdial_2824_turn_000,generic,probing,0.7857767343521118,0.12453104555606842,0.6612456887960434
mathdial_2824_turn_000,generic,focus,0.7857767343521118,0.06193771958351135,0.7238390147686005
mathdial_2824_turn_000,generic,telling,0.7857767343521118,0.027754465118050575,0.7580222692340612
mathdial_2824_turn_002,probing,generic,0.7096837162971497,0.03798637539148331,0.6716973409056664
mathdial_2824_turn_002,probing,focus,0.7096837162971497,0.14213676750659943,0.5675469487905502
mathdial_2824_turn_002,probing,telling,0.7096837162971497,0.11019311845302582,0.5994905978441238
mathdial_2824_turn_004,probing,generic,0.6546478867530823,0.04746807739138603,0.6071798093616962
mathdial_2824_turn_004,probing,focus,0.6546478867530823,0.13205312192440033,0.522594764828682
mathdial_2824_turn_004,probing,telling,0.6546478867530823,0.16583092510700226,0.48881696164608
mathdial_2824_turn_006,probing,generic,0.4842420220375061,0.13523520529270172,0.3490068167448044
mathdial_2824_turn_006,probing,focus,0.4842420220375061,0.14617422223091125,0.33806779980659485
mathdial_2824_turn_006,probing,telling,0.4842420220375061,0.23434850573539734,0.24989351630210876
mathdial_2837_turn_000,generic,probing,0.7956120371818542,0.11496364325284958,0.6806483939290047
mathdial_2837_turn_000,generic,focus,0.7956120371818542,0.061616867780685425,0.7339951694011688
mathdial_2837_turn_000,generic,telling,0.7956120371818542,0.027807390317320824,0.7678046468645334
mathdial_2837_turn_002,focus,generic,0.666451632976532,0.03212699666619301,0.634324636310339
mathdial_2837_turn_002,focus,probing,0.666451632976532,0.24957090616226196,0.41688072681427
mathdial_2837_turn_002,focus,telling,0.666451632976532,0.051850441843271255,0.6146011911332607
mathdial_2837_turn_004,focus,generic,0.6389105319976807,0.030519427731633186,0.6083911042660475
mathdial_2837_turn_004,focus,probing,0.6389105319976807,0.2305014729499817,0.408409059047699
mathdial_2837_turn_004,focus,telling,0.6389105319976807,0.1000685840845108,0.5388419479131699
mathdial_2837_turn_006,focus,generic,0.3823634386062622,0.13491512835025787,0.24744831025600433
mathdial_2837_turn_006,focus,probing,0.3823634386062622,0.15354111790657043,0.22882232069969177
mathdial_2837_turn_006,focus,telling,0.3823634386062622,0.3291803002357483,0.053183138370513916
mathdial_2837_turn_008,telling,generic,0.4000312089920044,0.13881391286849976,0.26121729612350464
mathdial_2837_turn_008,telling,probing,0.4000312089920044,0.1265925019979477,0.2734387069940567
mathdial_2837_turn_008,telling,focus,0.4000312089920044,0.33456242084503174,0.06546878814697266
mathdial_2837_turn_010,telling,generic,0.44659656286239624,0.1211395338177681,0.32545702904462814
mathdial_2837_turn_010,telling,probing,0.44659656286239624,0.11391089856624603,0.3326856642961502
mathdial_2837_turn_010,telling,focus,0.44659656286239624,0.31835299730300903,0.1282435655593872
mathdial_2839_turn_000,generic,probing,0.790402352809906,0.12119366228580475,0.6692086905241013
mathdial_2839_turn_000,generic,focus,0.790402352809906,0.06062764301896095,0.729774709790945
mathdial_2839_turn_000,generic,telling,0.790402352809906,0.027776334434747696,0.7626260183751583
mathdial_2839_turn_002,probing,generic,0.5926974415779114,0.019080230966210365,0.573617210611701
mathdial_2839_turn_002,probing,focus,0.5926974415779114,0.3219081461429596,0.2707892954349518
mathdial_2839_turn_002,probing,telling,0.5926974415779114,0.06631413847208023,0.5263833031058311
mathdial_2839_turn_004,probing,generic,0.5543143153190613,0.01734764128923416,0.5369666740298271
mathdial_2839_turn_004,probing,focus,0.5543143153190613,0.34090545773506165,0.21340885758399963
mathdial_2839_turn_004,probing,telling,0.5543143153190613,0.0874326154589653,0.466881699860096
mathdial_2839_turn_006,telling,generic,0.38344061374664307,0.05771172046661377,0.3257288932800293
mathdial_2839_turn_006,telling,probing,0.38344061374664307,0.308447927236557,0.07499268651008606
mathdial_2839_turn_006,telling,focus,0.38344061374664307,0.25039973855018616,0.1330408751964569
mathdial_2839_turn_008,telling,generic,0.3165877163410187,0.07513982802629471,0.24144788831472397
mathdial_2839_turn_008,telling,probing,0.3165877163410187,0.3044915795326233,0.012096136808395386
mathdial_2839_turn_008,telling,focus,0.3165877163410187,0.3037808835506439,0.012806832790374756
mathdial_2839_turn_010,telling,generic,0.3616543114185333,0.06305263936519623,0.2986016720533371
mathdial_2839_turn_010,telling,probing,0.3616543114185333,0.2966728210449219,0.06498149037361145
mathdial_2839_turn_010,telling,focus,0.3616543114185333,0.278620183467865,0.08303412795066833
mathdial_2839_turn_012,telling,generic,0.3674430847167969,0.06032266095280647,0.3071204237639904
mathdial_2839_turn_012,telling,probing,0.3674430847167969,0.28510215878486633,0.08234092593193054
mathdial_2839_turn_012,telling,focus,0.3674430847167969,0.2871321141719818,0.08031097054481506
mathdial_2839_turn_014,telling,generic,0.39070338010787964,0.05932977423071861,0.331373605877161
mathdial_2839_turn_014,telling,probing,0.39070338010787964,0.2642463445663452,0.12645703554153442
mathdial_2839_turn_014,telling,focus,0.39070338010787964,0.28572046756744385,0.10498291254043579
mathdial_2845_turn_000,generic,probing,0.7846267223358154,0.12608632445335388,0.6585403978824615
mathdial_2845_turn_000,generic,focus,0.7846267223358154,0.060788121074438095,0.7238386012613773
mathdial_2845_turn_000,generic,telling,0.7846267223358154,0.028498809784650803,0.7561279125511646
mathdial_2845_turn_002,focus,generic,0.5015991926193237,0.19938939809799194,0.3022097945213318
mathdial_2845_turn_002,focus,probing,0.5015991926193237,0.12034319341182709,0.38125599920749664
mathdial_2845_turn_002,focus,telling,0.5015991926193237,0.17866820096969604,0.3229309916496277
mathdial_2845_turn_004,focus,generic,0.46540898084640503,0.1915057748556137,0.2739032059907913
mathdial_2845_turn_004,focus,probing,0.46540898084640503,0.12104342132806778,0.34436555951833725
mathdial_2845_turn_004,focus,telling,0.46540898084640503,0.2220418006181717,0.24336718022823334
mathdial_2845_turn_006,focus,generic,0.3248445391654968,0.2779938578605652,0.04685068130493164
mathdial_2845_turn_006,focus,probing,0.3248445391654968,0.11878138035535812,0.2060631588101387
mathdial_2845_turn_006,focus,telling,0.3248445391654968,0.27838021516799927,0.04646432399749756
mathdial_2859_turn_000,generic,probing,0.7832793593406677,0.12701769173145294,0.6562616676092148
mathdial_2859_turn_000,generic,focus,0.7832793593406677,0.0614447183907032,0.7218346409499645
mathdial_2859_turn_000,generic,telling,0.7832793593406677,0.028258182108402252,0.7550211772322655
mathdial_2859_turn_002,focus,generic,0.6760430932044983,0.04872368276119232,0.627319410443306
mathdial_2859_turn_002,focus,probing,0.6760430932044983,0.22891400754451752,0.4471290856599808
mathdial_2859_turn_002,focus,telling,0.6760430932044983,0.04631923884153366,0.6297238543629646
mathdial_2859_turn_004,focus,generic,0.6470412015914917,0.0706409439444542,0.5764002576470375
mathdial_2859_turn_004,focus,probing,0.6470412015914917,0.18098460137844086,0.46605660021305084
mathdial_2859_turn_004,focus,telling,0.6470412015914917,0.10133318603038788,0.5457080155611038
mathdial_2859_turn_006,focus,generic,0.5191992521286011,0.11980865150690079,0.3993906006217003
mathdial_2859_turn_006,focus,probing,0.5191992521286011,0.16749845445156097,0.3517007976770401
mathdial_2859_turn_006,focus,telling,0.5191992521286011,0.19349366426467896,0.3257055878639221
